Price,Close,High,Low,Open,Volume
Ticker,AXP,AXP,AXP,AXP,AXP
Date,,,,,
2021-01-04,110.0724105834961,113.57861607082205,108.9627322006607,113.11236560602298,3472100
2021-01-05,110.65985870361328,111.22868471180553,109.19583285820437,110.27753710801778,2112700
2021-01-06,114.75358581542969,116.3108680963822,112.65545829058735,112.83263578041033,5861500
2021-01-07,113.84587097167969,117.61702588893661,109.81269425173025,116.12914670880157,8696600
2021-01-08,113.95816040039062,114.35118240059019,111.84331651364917,114.2295347736801,2934500
2021-01-11,113.28441619873047,113.61194170593667,111.72168060119874,112.68552342914508,3311000
2021-01-12,113.80842590332031,114.46346248461829,112.96623091353486,114.1640161704016,2671300
2021-01-13,114.53833770751953,115.93263408314364,113.37798401220518,113.78971827478277,3678300
2021-01-14,115.82970428466797,116.50346037855309,114.24824940537455,114.77228588915429,3404700
2021-01-15,114.30438232421875,114.96877860573835,113.89264096803518,114.61318834135642,3948200
2021-01-19,118.60894775390625,119.83480520546436,116.26016106958,117.42987455827729,5818500
2021-01-20,120.65828704833984,121.21974095091977,118.90839311390464,119.02068817803931,4090200
2021-01-21,119.24526977539062,120.61149424594565,118.00069293503856,120.05002607118888,3654900
2021-01-22,118.03812408447266,118.89903147744008,116.8590509179694,117.66381434946288,2954800
2021-01-25,113.36862182617188,116.97133759626404,112.59193043108536,116.26014986465687,6156700
2021-01-26,108.68977355957031,112.56386387628365,108.28739185327572,111.12277607093478,8932500
2021-01-27,106.76206970214844,109.29801443846263,104.89988811341672,107.48261709846845,5816900
2021-01-28,111.3286361694336,112.64806908290606,109.11085714289295,109.88754850139797,5788500
2021-01-29,108.7927017211914,110.7858907079465,108.37160062977189,110.17763833547191,5059300
2021-02-01,109.51325225830078,111.62809620114366,109.48518027745102,110.14021696182677,3359800
2021-02-02,112.9475326538086,114.55705957138807,110.68296903226752,110.69232873928543,4036700
2021-02-03,112.70423126220703,113.20954832324749,111.88074843412737,112.3673532215134,2782500
2021-02-04,116.87776184082031,117.35500689677257,113.04110339925285,113.21889497745948,3915900
2021-02-05,118.16910552978516,119.16102004177131,117.56085323608384,118.48727123361039,3184200
2021-02-08,119.769287109375,120.15294937498575,118.60893346737478,118.72122851893495,3360900
2021-02-09,118.54342651367188,119.46048489420508,118.0942534592679,119.45112518866071,2175000
2021-02-10,119.9938735961914,120.43368697017715,118.69315288639233,119.43241260063331,2929100
2021-02-11,120.06874084472656,120.82671285624689,118.82417119183418,119.26397744066325,3733000
2021-02-12,121.29460906982422,122.08066741013864,119.77866491123486,119.9564636515592,2873300
2021-02-16,122.2864990234375,122.50173654893062,120.01258324727786,120.63019528971381,2730600
2021-02-17,120.30268859863281,122.73569832611997,120.19040067478011,121.72506417525895,3088800
2021-02-18,120.2372055053711,120.55536417765944,117.98199425779154,119.30142748605388,2269700
2021-02-19,123.25038146972656,124.79439761730914,121.17296909885535,121.17296909885535,3419500
2021-02-22,127.21805572509766,127.70466060921846,122.93222313044161,123.063230490159,3923100
2021-02-23,128.14443969726562,129.42644096460967,125.6552862519856,127.70462633367376,4814400
2021-02-24,130.90496826171875,131.89688296163033,128.0227926687572,128.38774268624786,4099500
2021-02-25,128.27540588378906,131.60674616445763,127.61100262886515,131.5880267587452,3607500
2021-02-26,126.57234191894531,129.37030150041758,125.19675782398441,128.29417088839716,3654800
2021-03-01,129.80075073242188,130.79266531839565,129.24863520734777,129.3047791607083,2972100
2021-03-02,130.30604553222656,131.1856721098229,129.21119573204552,129.36092244285447,2929100
2021-03-03,133.43153381347656,134.98491652236146,131.00789125220524,131.00789125220524,4393700
2021-03-04,133.51576232910156,134.8539219122372,130.9611122069514,133.01980497920098,4461700
2021-03-05,137.86709594726562,138.45663604464212,132.95429987906806,135.3685899460296,5048300
2021-03-08,140.61827087402344,141.73184032160933,137.29628194381365,137.82031126532982,4283400
2021-03-09,135.7803192138672,139.50468218852862,134.85390118333038,139.03679689045015,5806100
2021-03-10,137.32435607910156,138.76543673589427,136.09849869444002,136.34179394646966,3049800
2021-03-11,138.2600860595703,138.32559684583958,135.80837201301873,136.62248774752803,3147700
2021-03-12,138.99935913085938,140.96448310927022,138.51276869782868,139.52340266283485,2420100
2021-03-15,137.54896545410156,139.35499638115022,136.65061913539512,138.5315134455635,2586300
2021-03-16,134.09593200683594,137.8015756467458,133.64676610960703,137.7922230809358,4031000
2021-03-17,135.38734436035156,135.51836601077412,132.78590206627115,135.4622077554219,3278500
2021-03-18,133.42218017578125,136.15462874364988,132.94494228753695,136.1452761775487,3173600
2021-03-19,131.6723175048828,132.82331160792134,130.7646186731127,132.7858727792773,5098300
2021-03-22,130.96107482910156,131.93428411702166,129.89429706112423,130.53062840764494,2274100
2021-03-23,127.33968353271484,130.54001773800564,126.450704188811,130.01598841017721,4905400
2021-03-24,129.52940368652344,131.0453479451577,128.7714315572063,129.10830964565065,2638900
2021-03-25,133.14146423339844,133.37540692628517,127.97600557641533,129.08957507915278,2766400
2021-03-26,134.4983673095703,134.73231006909793,131.99050778122609,134.50773415834047,2687500
2021-03-29,133.22567749023438,133.88072844009506,131.2979920243047,132.86072746783728,2220600
2021-03-30,134.27374267578125,135.20014652896347,133.45025989186132,133.72162711180164,2034500
2021-03-31,132.7532501220703,134.46146461381045,132.6687810457988,134.19866238431197,2957300
2021-04-01,135.69100952148438,135.74732223423226,133.47595211630792,133.59795822004634,2629200
2021-04-05,137.08950805664062,138.42229495021803,136.66714833260488,137.88730978554557,2960100
2021-04-06,137.1739501953125,137.53061644947476,135.51266798561468,137.0143927451992,2851200
2021-04-07,138.09378051757812,139.24823409196375,136.77037448357848,138.36596340263065,2399500
2021-04-08,138.00927734375,138.1219170745615,135.79422025971147,137.78402652541516,2295600
2021-04-09,138.703857421875,139.32332591966443,137.6808049256645,139.1074557419426,1783400
2021-04-12,138.5067901611328,138.69450401874744,137.41802973665892,138.21581721193343,1869000
2021-04-13,137.02381896972656,137.59635551373094,135.0058557243643,137.54942347143907,2132100
2021-04-14,138.36599731445312,139.61431526364368,136.75163232163902,136.8548770940277,2141800
2021-04-15,139.4077606201172,139.46407332027857,136.56385468882365,138.4504017524448,2901200
2021-04-16,140.77813720703125,141.20987757509198,139.55797585435857,140.51533498604292,3480000
2021-04-19,139.4171905517578,140.32761771706475,138.72264790886456,140.0272784362145,2259100
2021-04-20,136.18844604492188,138.44104029392778,135.634670999296,138.16885743148387,2526700
2021-04-21,138.1406707763672,138.32839887677295,134.23617548452077,135.15598302560716,2161700
2021-04-22,138.12193298339844,139.77383456857714,136.911152408815,138.50675560456966,3247300
2021-04-23,135.4657745361328,136.0758481557125,132.0399357568756,132.84711823664298,6395300
2021-04-26,141.10662841796875,141.83872234239152,136.62020080044596,137.78404940109968,4821100
2021-04-27,141.12538146972656,141.61344878163828,139.708125883604,141.44449634528092,2692100
2021-04-28,143.17153930664062,144.03504884137902,140.26193867329417,141.42577319797294,2584500
2021-04-29,145.1331329345703,145.5554925339177,142.74912345281115,144.4010391432632,2636000
2021-04-30,143.93179321289062,144.5794038326187,143.11521578514927,144.16643910054017,2712700
2021-05-03,145.29269409179688,146.46592318762592,144.55120528311215,145.09558530217413,2726200
2021-05-04,145.03927612304688,146.17496821694235,143.45306805546107,144.99234409374392,3025100
2021-05-05,146.7850799560547,147.10419492399902,144.84221946613638,145.3584289583088,3001600
2021-05-06,147.24497985839844,147.83627770779373,144.56063055218317,147.22620417887322,2798800
2021-05-07,149.2159881591797,149.4787903711495,145.7995450819258,146.0529666154847,2617800
2021-05-10,148.9344024658203,150.82096420776267,148.7654643333963,149.93869354738206,2987600
2021-05-11,144.94544982910156,148.09909110988525,144.2133558104954,146.85078759938497,3900100
2021-05-12,142.94625854492188,146.32515028318895,142.7303883671527,145.2176287156679,3487400
2021-05-13,144.61691284179688,145.30207462301334,142.48632479584822,143.04948048993893,2269700
2021-05-14,147.49839782714844,148.23988684510212,145.03931353119447,145.8464959498001,1892700
2021-05-17,147.22618103027344,147.7142483696586,146.30637338122236,147.40451415360522,1541400
2021-05-18,145.47109985351562,148.57780975928642,145.3490793836867,147.6955387471573,2417800
2021-05-19,145.22703552246094,145.2739675665014,142.40190405967454,142.7304140463086,3526800
2021-05-20,145.97789001464844,146.65367127762755,144.4761506921065,145.92157729634144,3031100
2021-05-21,147.2355499267578,149.05640372423719,146.74749694806894,147.075992492766,3424100
2021-05-24,148.89686584472656,149.1502873657099,147.310657651563,148.01459518190333,1956900
2021-05-25,148.3055419921875,150.2484162964631,148.05213481291688,149.3004523197986,2484200
2021-05-26,148.84051513671875,149.59138450839043,147.70482324283952,148.44631193896058,3731600
2021-05-27,149.9293212890625,150.44553071488855,149.09398261466023,150.15457214494398,2828400
2021-05-28,150.29539489746094,150.77406737271963,149.10338972771984,150.41740102547843,2436400
2021-06-01,153.70237731933594,154.0308871629558,151.62811649926277,152.52914833732623,3827800
2021-06-02,154.04029846191406,155.51388123065203,153.28944322147365,154.50020947008264,3384600
2021-06-03,154.41575622558594,155.2604756184562,152.8201671936937,153.6273352277069,2454800
2021-06-04,154.86624145507812,155.55140324054625,153.28942841647023,154.86624145507812,3239300
2021-06-07,155.72975158691406,156.4149134393956,155.2135278672448,155.45756871016795,2516400
2021-06-08,156.2835235595703,156.87483571015494,153.5804129889979,154.73486661103036,2486300
2021-06-09,154.01217651367188,155.93627572085788,153.73999357645187,155.11971258754897,2700100
2021-06-10,152.266357421875,155.0633458328679,152.16311269097736,155.03517515931046,3024500
2021-06-11,154.40635681152344,154.4345131690378,152.52918992844866,152.98910097059482,1630100
2021-06-14,153.7493133544922,154.7536042636845,153.0923079717531,154.20922428323118,2125700
2021-06-15,156.05828857421875,156.64958646330467,153.73998609407016,153.86199221505555,3726100
2021-06-16,154.56588745117188,156.41489765581375,154.1810791913813,155.59833478632774,3281300
2021-06-17,152.17254638671875,155.80485992369947,150.67080706843373,155.7767035646258,4194400
2021-06-18,148.45571899414062,149.86359394557962,147.5922240758554,148.9531669979175,6900200
2021-06-21,154.7724151611328,155.06338807958767,149.35679861684235,150.24845008753584,3681400
2021-06-22,154.39697265625,155.09152954314075,152.48226878015285,153.38330084361746,2697600
2021-06-23,155.8236541748047,156.61206096612582,154.66918602860312,154.89445124968742,2327600
2021-06-24,157.87913513183594,158.22640644015905,156.18968198574817,156.7997555255019,2417100
2021-06-25,159.0429229736328,159.94396916187432,158.10433975830108,158.10433975830108,9186000
2021-06-28,154.6597442626953,158.4797849021789,153.17678103332423,158.2639004466221,3433400
2021-06-29,154.16233825683594,156.10521295583342,153.2049790868235,155.40127533822232,2785900
2021-06-30,155.08212280273438,155.95501276488372,153.64609142396333,153.64609142396333,2331800
2021-07-01,157.09596252441406,157.50059959337548,154.9786394711573,155.88202259949793,2685900
2021-07-02,158.56394958496094,159.01564108847725,157.16180622650762,157.81112083975773,2028700
2021-07-06,159.5614776611328,162.36575065332653,157.9052655342768,162.36575065332653,4688100
2021-07-07,160.89773559570312,164.45483735813713,159.39209218522726,159.5991204875079,3998900
2021-07-08,157.62295532226562,160.01317172978185,155.82557966914305,157.10538453746366,4628400
2021-07-09,161.80113220214844,162.1493096362543,159.23211746822474,159.97552683377913,3175200
2021-07-12,163.36325073242188,163.83376699103022,159.8626086196545,160.04140709536836,3154100
2021-07-13,162.4410400390625,164.4360388810764,162.25283639408474,163.7396695997392,2675000
2021-07-14,162.3468780517578,164.25717225594323,160.9259102497299,162.66682555140198,3123100
2021-07-15,162.65745544433594,163.0432678139683,161.01064875080814,161.0482837286937,3448200
2021-07-16,159.9849395751953,163.54204148590566,159.54265312543347,163.4950013453492,4359800
2021-07-19,153.20945739746094,156.56894940194715,151.95788278945702,155.88198552511727,6739800
2021-07-20,158.91213989257812,159.58027922757623,152.9836471441592,153.33182454406537,4243700
2021-07-21,162.33749389648438,163.38204043318314,159.73084449112213,160.671876889625,3384500
2021-07-22,160.82241821289062,162.99621493999467,159.08151703122738,162.09281759219695,3335900
2021-07-23,162.968017578125,169.07532427649284,162.75158410224046,166.12048250856677,6326600
2021-07-26,162.4315948486328,165.0852986145128,162.13987711696308,163.03385497953576,3115900
2021-07-27,162.74215698242188,164.79360086616256,159.9378842540089,160.4084004870521,7922600
2021-07-28,159.9943389892578,163.2220733564455,159.70262123117558,162.79861163151918,7961700
2021-07-29,161.81051635742188,163.5702566883367,160.91653846000258,161.28354051721743,3186900
2021-07-30,160.4742431640625,163.02444711345797,159.80611824632254,162.1586990871245,3441900
2021-08-02,159.28858947753906,163.13740929904887,158.8086536700382,161.04831581432833,2895700
2021-08-03,159.07211303710938,160.2484035552935,155.55266099647213,159.7402523694046,3642000
2021-08-04,158.14991760253906,160.38957951839268,157.45356275133605,158.37577056885735,3544400
2021-08-05,159.62733459472656,160.4742580322786,158.39458441737213,158.71453199520155,2535400
2021-08-06,161.2553253173828,162.65746887287452,159.73085730440323,160.47426664088871,2828700
2021-08-09,160.7095489501953,161.0294965933484,158.83688887582613,160.30491181779905,2560200
2021-08-10,159.49559020996094,161.57526381939314,158.73334188735222,160.66246122227088,3389500
2021-08-11,160.60601806640625,160.66247772002333,158.7239530310809,159.45795724613646,3843400
2021-08-12,158.58279418945312,160.07903235478113,158.0652234646182,159.99434287953972,3372800
2021-08-13,156.28663635253906,158.37572907687058,155.84435005042303,158.17810598823922,4157700
2021-08-16,155.97613525390625,156.1172843838327,153.04011847930616,155.05392743401555,3845400
2021-08-17,154.94100952148438,156.54077640469404,153.71767864705495,155.04452368029186,7631600
2021-08-18,152.569580078125,155.40208229310585,152.50370092104876,154.16933220738002,3563700
2021-08-19,149.65237426757812,151.59089862144427,148.05262213587403,150.71574542361728,4256400
2021-08-20,150.32992553710938,150.55577848180954,148.73957848750604,149.48300212275979,3075000
2021-08-23,150.98867797851562,152.30613223549977,150.66873034029783,151.72268225867077,2006300
2021-08-24,151.6944122314453,152.35313200587248,150.7439747254157,151.12980143579955,2377600
2021-08-25,156.3807830810547,157.36887013550378,151.0357250615475,152.33435458219589,3579900
2021-08-26,155.750244140625,156.681871247014,154.6868874512454,156.18312529807184,3164700
2021-08-27,158.70510864257812,158.93096158800307,155.42091475373644,155.59971320732097,3002300
2021-08-30,154.57395935058594,158.37573785711564,154.52691922312474,158.2439939103951,2582100
2021-08-31,156.1737518310547,156.61602387257489,154.0658339723097,154.42343089844906,3536300
2021-09-01,154.7433624267578,157.4158908631489,154.45164469476632,156.5313181538752,2569000
2021-09-02,152.49429321289062,155.3456200477147,151.63795033932593,155.31739022630168,4350600
2021-09-03,149.90646362304688,151.76970374745343,148.84309242019663,151.2709577260669,4206500
2021-09-07,150.30166625976562,151.18623883772585,149.21948495805552,149.50178313484108,3779000
2021-09-08,149.5582733154297,149.8688157323299,147.55388405582286,149.80295093063197,3056700
2021-09-09,149.9911346435547,152.58837856899248,149.1912514613697,149.4171043779781,3295800
2021-09-10,149.3606719970703,151.93910608595104,149.0501295646893,151.6661986337,2943700
2021-09-13,151.92965698242188,152.25902402022945,150.3299049966699,151.16742314185265,3192500
2021-09-14,150.0758819580078,156.05144498756763,149.41716197939158,153.0871835452667,4281500
2021-09-15,151.826171875,152.73897449924826,149.8217825227672,150.58401650901217,2933100
2021-09-16,153.0401153564453,154.79984148236275,152.63546392721952,153.48240176654477,2765000
2021-09-17,154.2540283203125,154.56457073345234,152.0426108095502,152.0426108095502,6390600
2021-09-20,151.10157775878906,152.57899114444209,148.63606313279112,149.9629222488912,5976900
2021-09-21,153.64236450195312,155.5997136238306,152.15553158170923,152.3625598591492,3480600
2021-09-22,157.61351013183594,158.67686690068,155.17622548411703,155.85376991048494,3562800
2021-09-23,163.1374053955078,163.83377466009122,159.32622065057532,159.4956139782923,4399200
2021-09-24,165.3582000732422,165.62168797356995,163.08090358668724,163.14676838226237,2680400
2021-09-27,166.3463134765625,168.2566082388881,165.9322568929817,167.19323695460253,3703300
2021-09-28,162.9303741455078,166.78861332073913,162.50691237237683,165.1418063682165,3862200
2021-09-29,161.4246826171875,162.77977149540754,160.351906315099,162.69508203027232,2726100
2021-09-30,157.65118408203125,162.19637308300108,157.53826476939165,162.0269797550243,3088200
2021-10-01,163.6831817626953,164.79359312820978,158.54513842115566,158.5639630901179,3956000
2021-10-04,162.47865295410156,166.77916343164708,161.74464885194706,163.6267135977821,3613900
2021-10-05,164.454833984375,165.6781791021139,162.45984968588832,163.20325904045123,2629400
2021-10-06,163.17501831054688,164.58656696153437,159.88140479157607,162.3751493570632,2922200
2021-10-07,164.42022705078125,166.8541274650008,163.8636412709204,165.5617130011559,3578800
2021-10-08,165.2315673828125,166.95793952894735,163.70330965119308,164.00519554098588,2375300
2021-10-11,163.6372833251953,166.77869883945726,163.51464038146742,165.8353270131485,2499200
2021-10-12,165.0051727294922,166.56173051459155,163.2976719945847,163.77878645304713,3069500
2021-10-13,159.16566467285156,164.23156578672754,157.6185357549528,162.99575123821626,5608100
2021-10-14,161.7976531982422,162.61839625462144,160.19392440412346,161.31653887841892,3061900
2021-10-15,165.8542022705078,167.70321742600225,163.34482970044823,163.9297300345305,3043900
2021-10-18,166.80702209472656,167.55227954341004,164.45802094039104,165.63723578589256,2623300
2021-10-19,167.26925659179688,167.920185456552,166.27871329302656,167.66547103236266,1400100
2021-10-20,169.42959594726562,169.58996744001257,166.2315658396354,166.92965182045,2398500
2021-10-21,167.42019653320312,169.60881165056415,166.0428673547835,169.41071163119383,3313800
2021-10-22,176.48602294921875,178.3255953395866,171.88236330996926,174.52380760125524,6026100
2021-10-25,171.98609924316406,176.60862939596282,171.53328483946524,176.15580059755365,3889600
2021-10-26,170.70309448242188,173.10869503072797,167.4673366836783,173.03322357255934,3832200
2021-10-27,167.94845581054688,173.32567140424507,167.8352558174298,169.9012420600713,3309900
2021-10-28,164.72216796875,169.0805415386946,163.22221010308243,168.29754113464296,4865700
2021-10-29,163.93910217285156,166.6654452994893,163.2410020634922,165.6843452488964,3455400
2021-11-01,164.3448028564453,166.09947492946327,163.5240596257894,164.69384580603833,2250400
2021-11-02,163.3636932373047,165.2787368439323,162.79767879288877,165.09006536246034,3252900
2021-11-03,162.83543395996094,163.9863488982751,162.02413350171835,162.92033398130042,3831200
2021-11-04,162.75994873046875,164.16557800880503,161.939219804073,162.38260573768534,3315400
2021-11-05,166.68435668945312,167.72205697687227,165.42024200010283,166.2032278846882,3936000
2021-11-08,169.8540802001953,171.77855216552518,167.72205091123527,167.9862082346237,3392000
2021-11-09,169.67483520507812,170.92952129837767,168.32580618352364,169.58049227682318,3203300
2021-11-10,171.11819458007812,173.08983800707088,169.20315115275636,169.20315115275636,3296700
2021-11-11,171.0333251953125,172.38234007797627,170.50503924420744,171.68425409746428,2119700
2021-11-12,171.5898895263672,172.0521468726835,169.4767315935493,170.47671775464443,2390200
2021-11-15,172.75967407226562,173.51435996037836,171.73138791949742,172.19364526147046,1748300
2021-11-16,170.67483520507812,173.0143933876499,169.56166331960142,173.0143933876499,3299200
2021-11-17,169.43899536132812,171.4483817330894,168.10883778017038,170.92008147784546,3543500
2021-11-18,166.23150634765625,170.1559210365202,165.8824490874592,169.80687817103058,4011500
2021-11-19,163.71270751953125,165.3447508154148,162.1089786158843,163.89195043367985,4456500
2021-11-22,161.22222900390625,165.32590194267874,161.2128004683449,165.08063046568705,4651700
2021-11-23,161.17507934570312,162.2127796989061,158.3260924516474,161.59959378086396,5890300
2021-11-24,161.8920440673828,162.24108704625,158.39212816344076,158.9392855648644,3590600
2021-11-26,147.93951416015625,155.88269985181256,145.7508855390433,155.74118550087363,6804200
2021-11-29,148.92062377929688,152.26959544306308,145.59995210861464,151.64696680580266,6258500
2021-11-30,143.67552185058594,147.04335154674655,143.10949303700247,146.30752272591445,7444900
2021-12-01,141.56240844726562,148.17545577370745,141.4020369250808,147.26038372763531,6145500
2021-12-02,147.89242553710938,148.96786899090245,142.88312275510702,143.09065134224056,6289300
2021-12-03,147.10939025878906,149.36404812351603,144.93020386002198,149.12820519040773,4069300
2021-12-06,151.58094787597656,153.52430554170425,149.09989025657612,150.06213335780123,4141900
2021-12-07,157.4959259033203,159.58078400464134,154.86392480181829,155.18466777287938,5124500
2021-12-08,159.36380004882812,160.88262930633593,157.80724225091365,158.46759966837092,4042400
2021-12-09,158.50535583496094,159.26948479571345,157.1185979451829,158.3449843340992,2245300
2021-12-10,157.57138061523438,160.92035317191207,156.56198033846206,159.7883099626055,2768500
2021-12-13,154.05259704589844,156.97704059472846,152.81678245769422,156.97704059472846,3477600
2021-12-14,153.62811279296875,155.90162803017233,151.93946910655197,152.95831244029074,2964200
2021-12-15,153.0526580810547,153.81678699614625,149.55274209344176,153.49604401358897,5013000
2021-12-16,153.76963806152344,155.82618213963175,152.73192308972548,154.71301007417082,4900100
2021-12-17,150.9488983154297,152.1847273158149,148.06218325902802,151.882841466793,9576800
2021-12-20,147.0622100830078,149.25083928208542,145.07169526967976,148.10935321977678,3839600
2021-12-21,151.7979278564453,151.92999930487076,148.599898703057,148.8168701408899,3722400
2021-12-22,153.2695770263672,153.92993423305597,151.36396246303025,151.43943391446717,2877700
2021-12-23,154.8922119140625,156.9770554471539,154.3261830989485,154.58089750522086,3140500
2021-12-27,155.0808868408203,155.65634420427304,153.32621474854733,155.65634420427304,1687300
2021-12-28,155.0997772216797,156.72237803799214,154.3356482873711,154.3356482873711,2035300
2021-12-29,154.5526123046875,155.59031270549104,154.01488343936248,155.29786973440358,2082200
2021-12-30,154.86392211914062,156.4110513350775,154.71297917253418,155.29786509724457,1632900
2021-12-31,154.3356475830078,155.81673397101784,154.0054616622939,154.8073335299061,1743600
2022-01-03,158.6845703125,158.8637988556019,155.09031181015095,155.19408327968927,3236400
2022-01-04,163.77879333496094,164.19387926701904,159.9958772627272,160.1090772824839,4799500
2022-01-05,162.03355407714844,166.32589914652866,161.78828256264867,164.81651272737838,4491900
2022-01-06,163.51837158203125,164.26551394965247,160.53929760499662,163.17790474772664,2649400
2022-01-07,164.9180450439453,165.84486563697016,162.53477765961455,163.13059811340682,3043000
2022-01-10,164.3127899169922,166.64876769321066,161.24858866744685,166.64876769321066,4269400
2022-01-11,165.86378479003906,166.1853327307805,163.13059843206005,165.06935270648475,2762700
2022-01-12,165.00315856933594,167.2256519895474,164.71943385577984,166.66765476157963,3224300
2022-01-13,163.88717651367188,166.80952226700202,163.4710632938954,165.42873637458405,3808800
2022-01-14,159.2624969482422,159.55568826161416,155.77273095233681,159.55568826161416,6508500
2022-01-18,157.1535186767578,159.7732209272465,155.89568350855694,158.79911047299532,4336300
2022-01-19,152.63287353515625,157.68311821451607,152.42480972312234,157.68311821451607,3592000
2022-01-20,152.1884002685547,155.64035813971654,150.8076286647617,152.3775452844502,4205600
2022-01-21,150.12669372558594,153.09631518429615,149.1241977316742,151.27103044160623,3779100
2022-01-24,150.3063507080078,150.798139219605,144.55626805435023,147.365115129508,5405000
2022-01-25,163.7169647216797,165.0031710134095,150.996771387278,157.1251592804192,13320800
2022-01-26,165.8070526123047,169.49543081312356,163.64130112115677,167.34859815221657,8257300
2022-01-27,162.57260131835938,168.5307625795787,161.37152263930656,167.11215344266162,3649900
2022-01-28,167.45262145996094,167.59449103321234,160.55818735276242,162.44019958601993,4271500
2022-01-31,170.0628662109375,170.35604311665185,165.71245918898032,166.3650216853577,5524300
2022-02-01,173.58103942871094,174.0539092276057,169.28738800431677,170.15746670258216,3471200
2022-02-02,174.16737365722656,174.5645824787482,171.78410629725846,172.6068949682077,2841400
2022-02-03,174.0538787841797,175.71838942089113,172.42722023687122,174.77264998851908,3380900
2022-02-04,175.76571655273438,178.44214701479112,174.1863186665975,174.87671898884372,4075800
2022-02-07,177.67608642578125,178.65966364893404,174.7253836180038,175.55763904823456,3260800
2022-02-08,183.4734344482422,183.97467515077298,177.43016056091759,177.8746592112128,5133900
2022-02-09,185.7432403564453,187.9373630216334,183.75719597589423,183.75719597589423,4614200
2022-02-10,184.9015350341797,187.47394777589898,184.05037520779274,185.70541942753212,4511100
2022-02-11,181.4022674560547,186.49980211699068,180.11606132707527,184.82583938033386,4834900
2022-02-14,181.91299438476562,183.61531390067327,180.560579427047,181.82786686429887,3841300
2022-02-15,187.23751831054688,187.5969039693971,183.64370501456716,184.0882037723532,4134300
2022-02-16,187.6157989501953,188.72231238821348,186.53765654154898,186.78354360638448,4122600
2022-02-17,185.0906982421875,186.67008159791533,183.72883094768574,185.01503734462176,3051700
2022-02-18,184.3056640625,187.01993100972967,183.6625538879897,184.343487281784,2806300
2022-02-22,181.9980926513672,185.50677774807767,181.34553015569293,184.5894093745701,3420600
2022-02-23,178.6974639892578,183.89903090015932,178.31917398625495,183.8044656148279,3562100
2022-02-24,178.13003540039062,178.2718905489162,169.334655420828,170.67760373994673,5886600
2022-02-25,183.19920349121094,183.7098964677295,179.17981064700064,179.36895565938383,5426200
2022-02-28,183.98416137695312,184.54215866575805,178.9622867935886,179.34059126318854,5787800
2022-03-01,168.39833068847656,184.20164010659838,167.17833339002314,184.10706040806082,8562500
2022-03-02,170.52627563476562,172.351560252835,168.43619955955154,170.0344870867229,4058800
2022-03-03,170.12905883789062,173.4958887682019,169.03199767855565,172.22860144492074,3339900
2022-03-04,163.56564331054688,167.2351171810507,161.5512279925608,167.03650553687993,5348600
2022-03-07,150.49551391601562,161.49445322098376,150.44822406029542,160.89864721759056,7760400
2022-03-08,151.3656005859375,157.26700546857978,147.27054707016936,151.81009927816712,7058900
2022-03-09,159.49891662597656,161.46605597160203,157.66419462719816,158.90311071934238,4788200
2022-03-10,160.39744567871094,161.68365214198627,155.88626364070856,156.60502055839368,3840900
2022-03-11,158.78965759277344,162.96037228571714,158.53431831586317,162.43076047026517,3000000
2022-03-14,163.414306640625,165.23013901069942,160.50144195096814,162.03353518045284,4614600
2022-03-15,166.48794555664062,168.6253256814244,163.96282327340367,164.17088708078683,3827300
2022-03-16,170.8100128173828,172.8433469836789,166.73387785398978,169.45759781927936,5239300
2022-03-17,176.8249053955078,177.5247577807385,170.2898423594179,170.4033264750839,6398900
2022-03-18,180.37139892578125,180.63620477307592,174.8104472709205,178.45154931747672,8744100
2022-03-21,178.82986450195312,181.1090999807782,177.38288433542493,180.4187142408074,3166200
2022-03-22,180.94833374023438,183.80447096785394,179.74724057792048,180.16336825184587,3007000
2022-03-23,175.9264678955078,179.33112147696497,175.1320357387454,178.58399361276523,3664600
2022-03-24,178.64071655273438,179.09466742883635,175.62380552632132,176.48443185270236,2424400
2022-03-25,179.95526123046875,180.88208164399308,178.7447161590962,180.07821194939794,1871900
2022-03-28,179.40675354003906,179.64318837982057,176.18177886201835,179.64318837982057,3043700
2022-03-29,180.5794677734375,183.47342777895517,180.0309372370371,181.89404484884705,2764100
2022-03-30,179.46353149414062,181.6765730046485,178.1773251311915,181.00509157577144,2278000
2022-03-31,176.85325622558594,180.74024548242988,176.79651417423358,179.24597559652395,3801600
2022-04-01,177.01405334472656,179.14196713391266,176.17234580090428,177.98816383597574,2647000
2022-04-04,177.47750854492188,178.27192639809485,175.51982051655773,177.43967087714677,2971400
2022-04-05,175.34011840820312,180.48494420981376,174.77268329913332,177.3167251660272,2974700
2022-04-06,173.74179077148438,174.83883750329863,171.8692163773869,174.4794663458241,3143300
2022-04-07,172.98306274414062,173.81768054318727,169.87223300271557,172.1579384475939,4062400
2022-04-08,174.22549438476562,177.08973905626584,172.54677977096222,173.5616004468159,3075600
2022-04-11,168.41165161132812,173.03047172280753,168.1081489939013,171.72164201080668,4816800
2022-04-12,166.486328125,170.0049872268267,165.6991490085902,167.46321807416737,4348900
2022-04-13,170.3274688720703,170.73529873221722,165.0257819927763,165.24391546859314,2980600
2022-04-14,171.81646728515625,173.05890020699238,169.4643657291526,170.0239467964386,2667100
2022-04-18,174.96527099609375,176.30255242801013,171.66475923527724,171.97774091967062,2182700
2022-04-19,177.5165252685547,178.38907364597782,175.18341024174555,175.46792587540352,2713800
2022-04-20,178.739990234375,180.34281460960617,177.9622756217171,178.6166904855874,2256200
2022-04-21,176.1602783203125,182.4957436704876,175.06010301113662,181.09208020776765,3973200
2022-04-22,171.2284698486328,175.9800835519472,171.0198298738488,175.86626282629857,4373700
2022-04-25,174.6048583984375,174.75659523483625,168.80998737173618,170.6973418071942,4408900
2022-04-26,169.4359588623047,174.42467886629288,169.33163163293375,173.79871549006722,3728100
2022-04-27,168.4685821533203,170.1567759400661,166.44843413371177,168.49703371935956,4085800
2022-04-28,172.59420776367188,174.40570120595683,168.44959921938258,171.04828637436415,2703200
2022-04-29,165.69915771484375,172.90717118412468,165.33875197624926,170.80166881871705,3210100
2022-05-02,162.76852416992188,165.86039570836346,158.87050090504763,165.64224776609174,3881800
2022-05-03,163.23324584960938,165.02576652785018,161.54505238425244,164.07734258228783,3152300
2022-05-04,168.64878845214844,168.98072821989828,162.37021076986622,163.337607450111,2930400
2022-05-05,162.1899871826172,167.64342532223873,160.59664176828844,167.52961907030158,2987100
2022-05-06,158.5290985107422,161.22263422490147,156.49947131096735,160.44491943801904,3129800
2022-05-09,152.7152557373047,157.45737633366537,152.10826487984266,156.51843124573665,4485200
2022-05-10,153.48345947265625,156.233883316479,150.2208785585646,154.99145017726661,3014800
2022-05-11,151.16928100585938,156.4330364116395,150.83732686056337,153.38858940230725,2644300
2022-05-12,145.3649444580078,149.0543130849749,142.1497878112257,147.57477402228594,5314800
2022-05-13,150.56231689453125,151.83320163949503,147.8403445208636,147.9162201809543,3625100
2022-05-16,148.36196899414062,150.55284073252227,146.36080811730403,149.29143499410958,2811300
2022-05-17,153.50242614746094,154.36548096616994,150.23035185616345,152.762656604681,2928100
2022-05-18,148.0490264892578,152.5540415329961,147.38511795799968,152.49712392349574,2697700
2022-05-19,146.0573272705078,148.39045717761786,145.3460091182164,145.6495118096604,2768300
2022-05-20,145.33648681640625,146.81602581719477,141.98855153411407,146.38923794724434,2982500
2022-05-23,150.83734130859375,151.33052582342205,147.97311134862463,148.53267801579065,2726600
2022-05-24,147.60325622558594,149.82256528034486,145.0330203918134,149.1776293280689,2817800
2022-05-25,152.23153686523438,153.4170669106761,148.02054630013924,149.03535249370017,4381000
2022-05-26,156.84091186523438,158.1687144837031,154.308620882223,154.308620882223,2463900
2022-05-27,160.85272216796875,160.9285833556031,157.476320446147,158.4626895470215,2157500
2022-05-31,160.11294555664062,161.97184848001103,158.4247375338631,159.27832781124073,4123500
2022-06-01,157.2108154296875,160.63462792041267,155.38984240986184,159.99918534097927,2276400
2022-06-02,160.41641235351562,160.4638364412457,157.37196537156308,157.5711407513094,1707000
2022-06-03,158.22557067871094,159.3731555638923,157.41940452554297,158.29195283044652,1390700
2022-06-06,158.40577697753906,161.47866140663157,157.69445899350077,160.37850058988812,1486000
2022-06-07,159.98965454101562,160.73890316932133,155.96833137849475,156.14853426261703,2083100
2022-06-08,157.40045166015625,159.94222100547307,156.67016113615935,158.14970024424542,2313900
2022-06-09,152.67730712890625,157.97900883130237,152.62988302968134,157.64705460853116,2273800
2022-06-10,146.45562744140625,149.73718073916302,146.3987243187991,149.14914803801972,2733300
2022-06-13,138.74496459960938,143.2405003473258,137.8819096088433,142.13084581193718,4156500
2022-06-14,137.1421356201172,139.79771161893905,135.86175724998222,138.42249951844835,3574800
2022-06-15,138.67857360839844,140.2624401250483,136.04195575771143,139.12433409490626,3327800
2022-06-16,130.4083251953125,135.24529431855137,129.4504219800911,135.23580081476405,4815100
2022-06-17,136.74378967285156,138.05261965640668,130.49367787544162,130.88253525777384,10033600
2022-06-21,137.29385375976562,141.03064665511218,136.72480803982262,141.03064665511218,3518800
2022-06-22,136.9429473876953,138.80186488496824,134.050251153782,134.8943479756319,3419000
2022-06-23,134.34425354003906,137.17056747403,132.2766961706783,137.06624025536857,3915000
2022-06-24,138.61216735839844,138.72598808377862,133.72778935165127,134.32530112653964,8957200
2022-06-27,136.8480987548828,141.09704888591668,136.52563805359435,140.3572792903479,3151500
2022-06-28,134.85641479492188,141.79887115135878,134.53395409878237,138.5457836832767,2649300
2022-06-29,132.2766876220703,134.37269641817133,131.30929115443865,134.34424485781165,4164900
2022-06-30,131.96253967285156,133.15250634722358,127.85002239972128,130.1347526041314,4123500
2022-07-01,133.6570587158203,134.12353090825638,130.86778364368212,131.4389734905034,2625300
2022-07-05,132.9430694580078,132.9430694580078,129.13517614562997,130.62978124319918,4057000
2022-07-06,131.51510620117188,133.75224927704372,131.22952583060086,132.60035518722123,4401300
2022-07-07,134.25682067871094,135.34206988068667,132.46710586192324,133.4476373985345,4258000
2022-07-08,134.95175170898438,136.2369216832148,133.00973225281888,134.9327226985831,3631800
2022-07-11,133.82843017578125,135.47534018724645,133.12396458905707,133.723712514592,2373600
2022-07-12,132.49563598632812,135.0754900025407,130.47745725288044,130.92488586279907,4047400
2022-07-13,132.70509338378906,133.29532680161824,129.81110048145135,130.2680436710916,2753800
2022-07-14,129.92535400390625,130.6488632428894,127.67869570709998,129.18281575145002,4600200
2022-07-15,135.6371612548828,136.23690912436484,132.20053681917727,133.00020548714028,3296600
2022-07-18,135.49436950683594,139.03571155334362,134.72327341260552,137.40783072311,3330300
2022-07-19,140.68263244628906,140.82542265052916,137.46495760176884,137.46495760176884,3372300
2022-07-20,141.77735900878906,141.9392072325561,139.34030998726317,139.81629657821614,2802300
2022-07-21,142.9673309326172,143.1101356309181,139.41647489610386,141.0919570567001,4683000
2022-07-22,145.66143798828125,153.1534781784809,145.29016896043873,151.3732781249113,9298400
2022-07-25,146.4040069580078,147.3464660089032,143.94792796348716,146.84192118570687,4213800
2022-07-26,142.63418579101562,146.1279266592316,141.6917268327269,145.39490302500707,2812700
2022-07-27,144.34771728515625,145.38536470424913,140.1971130828248,144.31915924800396,5029100
2022-07-28,144.83319091796875,145.3186919832508,140.45410872467914,144.4714364815093,3587900
2022-07-29,146.62294006347656,146.96565105198567,144.02404234813224,145.05217531365957,3197900
2022-08-01,145.96607971191406,147.33692369963705,144.5095616064486,145.4996075276036,2295600
2022-08-02,144.31918334960938,145.9375353376668,143.59567421836414,144.71901046247328,2562900
2022-08-03,147.96519470214844,148.54589896343842,145.9470160682693,146.6705250320818,2609300
2022-08-04,149.3360137939453,150.13568222827607,147.80333653991653,148.52684538402735,3693300
2022-08-05,149.94532775878906,150.44987250797945,148.50785312773218,148.96479630085597,2513600
2022-08-08,149.7263641357422,153.0677852937016,149.402696689869,151.36375942493146,3080700
2022-08-09,151.17337036132812,151.30664604882784,149.71685230295228,150.0690777929243,2997900
2022-08-10,154.63856506347656,156.32356208844467,153.87698342034125,154.0007446135647,3225400
2022-08-11,155.16212463378906,156.99942602656944,154.3910141025302,156.4663233328292,1968200
2022-08-12,157.87525939941406,158.02757862407748,155.43820990864225,156.57106053739025,1942600
2022-08-15,157.45639038085938,158.08469629445528,155.89515462723253,156.39018484939544,1852800
2022-08-16,157.4088134765625,158.00854686367828,156.08557098136276,157.07561696352784,1876000
2022-08-17,156.02842712402344,156.58057341321532,154.4100753251979,155.4572518264171,1804100
2022-08-18,156.74244689941406,157.0661289620521,155.49536381178677,156.05702474765545,1397700
2022-08-19,154.4481658935547,156.05698869866632,154.22920155818153,155.6476471190713,1895400
2022-08-22,150.12620544433594,151.54465106962883,149.44078341978812,151.34473025998506,1969300
2022-08-23,149.7739715576172,151.934955167751,149.65021037161262,150.41179197032542,2885200
2022-08-24,151.4875030517578,151.8968445636406,148.78388806892744,149.48835348063005,2029200
2022-08-25,154.4386444091797,154.5338475619033,151.15433900367887,152.31574774229077,1936300
2022-08-26,149.75491333007812,155.73330432557924,149.64068118556517,155.37156435930174,2373700
2022-08-29,147.1179656982422,148.99335449469623,146.99421903149553,148.39362111871682,2693600
2022-08-30,147.232177734375,148.6220504636836,145.55669561559228,148.1651073976329,2104500
2022-08-31,144.69993591308594,148.86005442228023,144.54761670484194,148.08895840373896,3271600
2022-09-01,143.85272216796875,144.10023005894882,140.55888732911728,143.57665623287417,2425200
2022-09-02,142.59608459472656,146.58485533621098,141.77738691609758,146.10886865156533,2028500
2022-09-06,141.4632568359375,144.04309668443562,139.51170840852186,142.7960138212175,2797600
2022-09-07,144.93795776367188,145.36634291098292,141.25382516044996,141.27285417075743,1766400
2022-09-08,146.14695739746094,146.3087911289817,142.32953484619458,143.67182079852458,3399200
2022-09-09,150.83062744140625,150.97341760279548,146.88945920153174,147.03224936292096,3543500
2022-09-12,154.64805603027344,155.60002930780786,151.68741855610304,151.8397377667388,4146300
2022-09-13,147.8890838623047,152.13487738924994,147.40356809767155,150.5450834429756,3519800
2022-09-14,148.79345703125,149.99293838027097,146.12792839635208,148.67921033660818,2840200
2022-09-15,148.631591796875,151.1638296639235,148.41262748534257,148.9171721580749,2371600
2022-09-16,145.7280731201172,146.68004641105657,143.28149478994231,146.68004641105657,6527200
2022-09-19,147.89857482910156,148.01280697861728,143.4623756940814,143.98596392262843,2472500
2022-09-20,146.10887145996094,147.1655625012237,144.82371610229185,146.20407460910434,1725900
2022-09-21,141.56797790527344,147.37500722502998,141.52037632766027,147.24173152329033,2599900
2022-09-22,136.16075134277344,141.7393159291144,135.6276485742703,141.672685346032,3249400
2022-09-23,133.52378845214844,135.14215490864112,131.4580078461348,134.0188187044625,3035600
2022-09-26,130.8487548828125,134.50432964253224,130.13477475665022,133.31436276559512,3808700
2022-09-27,130.8867950439453,133.63799689627814,129.56355293211655,132.74313980140903,2828700
2022-09-28,133.80938720703125,134.39960610389505,129.963420820239,131.84832420367923,5269500
2022-09-29,131.17237854003906,132.2766709189353,129.31603373773123,131.74356826042208,2280700
2022-09-30,128.43072509765625,132.010139579666,128.154644698147,130.80112938648722,3717200
2022-10-03,133.2952880859375,134.009267967483,128.4402190810449,131.3246966404121,2677100
2022-10-04,138.47402954101562,138.55970364369983,136.16072708683313,136.16072708683313,2408800
2022-10-05,137.4364013671875,138.31221519194804,135.25638857335423,136.05604277953188,2073800
2022-10-06,135.54196166992188,138.09324311449967,135.30396834743695,136.17978203106634,2526000
2022-10-07,132.32432556152344,134.50433863438633,131.44851162466355,133.67612628097874,2579600
2022-10-10,130.9058380126953,133.63801115196242,130.0871404264344,133.28577116741207,2893400
2022-10-11,130.7535400390625,132.5242109780575,128.88766595861057,129.82059573585656,2588700
2022-10-12,130.1728515625,131.8007179871957,129.573103655527,130.71546886207798,2397400
2022-10-13,135.26620483398438,136.22181205346655,124.85007739278322,125.51901411154793,5232300
2022-10-14,130.73663330078125,137.4927839584432,130.096378155041,136.61362698602034,3871900
2022-10-17,135.2566680908203,135.90648872009905,133.87104024523592,134.33929313131304,3139300
2022-10-18,139.5091552734375,140.52209697099943,137.1774704549062,139.64293975082464,3963300
2022-10-19,137.5788116455078,140.54120070016714,136.2696340488926,138.97399041677366,2803900
2022-10-20,136.0976104736328,140.78009569976345,135.8395923808646,137.60747198546505,4319300
2022-10-21,133.82327270507812,135.04646376404304,126.34087854217321,134.73111152791307,11755400
2022-10-24,135.34266662597656,137.40676731303395,134.138592095332,135.02731446706537,4299600
2022-10-25,140.49342346191406,140.89477687565434,135.3140323873413,136.15495710028645,3889100
2022-10-26,140.35963439941406,142.86332138574068,139.9678318245026,141.0094405009531,3559100
2022-10-27,140.44561767578125,143.0639871438782,139.91047987649986,141.8503616896006,2101300
2022-10-28,143.76161193847656,144.21074868405492,139.56649509174161,140.05384972609866,3383100
2022-10-31,141.85987854003906,143.62775760058602,141.73565952586247,143.341072539226,3042900
2022-11-01,140.5507354736328,143.94314459551555,140.12071506807843,143.3028893994392,2675500
2022-11-02,137.129638671875,142.41414553222964,137.00540506486695,140.07291071508925,2851600
2022-11-03,133.12567138671875,135.887376331063,132.60964978008195,134.82665147942006,3960500
2022-11-04,138.29550170898438,139.86269723469456,134.74064107579102,136.07848558014916,3322100
2022-11-07,140.45516967773438,140.99030748150196,137.3781127246593,139.70979708228504,2918000
2022-11-08,143.53225708007812,144.6216491492573,140.6081001881453,140.89478538138502,3846000
2022-11-09,139.38490295410156,142.8346464247758,139.19378438077644,142.8346464247758,2425500
2022-11-10,147.8802490234375,148.87407432964767,144.59295714830736,146.0072520545568,4701600
2022-11-11,148.01402282714844,151.82690142791563,147.83245509643413,149.54300042972156,3714600
2022-11-14,147.2877655029297,149.55255025609185,146.2652586394817,146.56149458491848,3666500
2022-11-15,147.05841064453125,150.36481840448178,145.55811472678272,149.99213213102993,2916900
2022-11-16,145.79701232910156,148.9887372021284,145.1089739086226,147.36420771321252,2635300
2022-11-17,143.9527130126953,144.35406641235681,142.59575211438835,143.34112479681875,2769600
2022-11-18,145.73013305664062,146.93419316898056,144.23938779905438,145.49123119917073,2631300
2022-11-21,146.02633666992188,146.6474901105539,145.14717977900833,145.49119896079267,2003500
2022-11-22,147.7178192138672,148.26250794382662,146.4850772888711,147.259131665257,2124600
2022-11-23,147.09661865234375,148.10957459715158,146.0932426936555,147.00106667511182,1404400
2022-11-25,147.306884765625,147.61268615323002,146.37039353355695,146.70486197857332,665800
2022-11-28,144.1724853515625,146.95330641556916,143.69468164632747,145.91169783769567,1782900
2022-11-29,147.5648956298828,147.61267891703028,143.84758335983759,144.25850213161135,2655700
2022-11-30,150.59417724609375,150.59417724609375,144.75541503864906,147.0106492443416,3914700
2022-12-01,150.5081787109375,151.8173562977995,147.88025813027033,150.7184135239039,2670300
2022-12-02,149.7914581298828,150.29792887921573,148.1191452002031,148.32937999216148,2285400
2022-12-05,149.1511993408203,152.37159149615417,148.64472860367317,149.03653112302436,3013100
2022-12-06,147.83245849609375,151.3108687695991,146.51373022949437,148.83584915951886,3285100
2022-12-07,147.89938354492188,150.02083345735423,147.4597976592246,147.6986995450263,2879800
2022-12-08,147.2781982421875,149.4760980355067,146.63794307560252,148.9696273129632,1632400
2022-12-09,147.0679931640625,148.25295175161588,145.8448166910975,147.15400892371275,1761200
2022-12-12,150.32659912109375,150.75661953870213,147.16354093150105,147.41199360844075,2773900
2022-12-13,150.5272674560547,154.37836374633616,149.22764093204387,153.489641366281,3110500
2022-12-14,147.26864624023438,151.57843005012433,147.01062817828563,150.57505401854385,3556200
2022-12-15,143.5513458251953,145.5198947503034,139.967818049466,144.91785741792907,4282200
2022-12-16,139.8053741455078,141.99370881044445,137.7508093601405,141.99370881044445,4510600
2022-12-19,138.5726318359375,140.22584323213042,137.28257052020274,139.55690634832803,2546000
2022-12-20,139.23199462890625,139.996483461703,137.8463668215062,138.55352154359025,1607800
2022-12-21,140.56983947753906,141.21964544160684,139.87223565084193,140.53160701999965,2107100
2022-12-22,138.85931396484375,140.18760771545305,136.3842942091939,139.56646871563467,2901100
2022-12-23,140.49342346191406,140.60809169972163,138.10440463149783,138.78287781374434,1671800
2022-12-27,139.891357421875,141.29610137319244,139.2033189730089,140.75139819225228,1858500
2022-12-28,137.61700439453125,140.3022732021771,137.55011946471228,139.71935215587825,1490200
2022-12-29,140.78009033203125,141.06676088927406,137.9897038692985,138.63952448900986,1758500
2022-12-30,141.1909942626953,141.36299659672954,139.26066321942187,139.52823212663856,2247200
2023-01-03,140.58895874023438,143.77113319353109,139.2606650118083,142.90152694317845,2762200
2023-01-04,143.8571319580078,145.2141073012141,141.96503338383366,141.96503338383366,2620400
2023-01-05,140.4145965576172,142.61053073799144,140.02145062355305,141.1146184332916,2505700
2023-01-06,144.0009765625,144.25029042906303,139.50364061072617,141.67080860206258,3077400
2023-01-09,144.22152709960938,146.18731554829017,143.93386287508173,145.1325125837951,3219400
2023-01-10,145.75579833984375,145.92839686717153,143.14753551478498,144.32700268071954,2198400
2023-01-11,147.59689331054688,147.77909036360427,146.01468192801326,146.04344834355382,3113600
2023-01-12,148.5558624267578,149.35176766356045,146.13938029120877,148.40243173803435,3322400
2023-01-13,149.36131286621094,149.83118874160735,146.04345921660993,146.94484598919175,2391300
2023-01-17,147.43389892578125,149.68736599791583,147.06950476978852,149.15035869310177,3073400
2023-01-18,144.2406768798828,148.40238421304244,144.14479370410353,148.1434864696824,2762400
2023-01-19,140.81739807128906,141.92015014190622,138.27625146862803,140.58725201977066,3852300
2023-01-20,145.37225341796875,145.54485196561777,141.65163976111947,141.88178578994038,3954800
2023-01-23,147.6736297607422,148.69008227382702,145.32427948639372,145.7557904132001,3608700
2023-01-24,148.94898986816406,150.2339386778147,146.38867617778757,146.6379900174063,2348500
2023-01-25,150.32984924316406,150.60792952509166,147.06951340207218,147.18459371869204,2916500
2023-01-26,149.4763946533203,151.72984697520158,147.95170134126067,151.1736718412352,3640300
2023-01-27,165.2314453125,168.32875173682976,158.70120472794883,159.9478032201783,13997300
2023-01-30,165.5670928955078,170.55347283020782,165.42324614918817,167.609582079264,10240700
2023-01-31,167.7438201904297,168.1082143675456,164.83829459909427,165.80681288417526,5170900
2023-02-01,166.47804260253906,167.92600602028497,164.8670499666268,166.25749517789166,3725200
2023-02-02,166.01776123046875,168.0218997576486,164.05197305066233,167.00544728479957,6895500
2023-02-03,171.5123748779297,172.98910474989313,164.17664516468844,164.5122582741581,5305100
2023-02-06,169.23011779785156,170.4479497212167,168.47257779270464,169.4794462448742,3397800
2023-02-07,171.35894775390625,171.67539301127675,167.5712178588802,167.85889669575823,3526300
2023-02-08,171.64662170410156,172.70143919863983,170.572636351083,172.365811459845,2926500
2023-02-09,172.00140380859375,174.60008236021739,171.1479659506716,171.79044032623528,3557900
2023-02-10,171.88633728027344,172.34661458859628,169.23972446747732,171.23427897947874,2586200
2023-02-13,173.88092041015625,173.92886932415374,170.956212239759,171.87678163986678,3102400
2023-02-14,173.58363342285156,174.66720264193566,171.44523213877534,172.9027940557163,2325900
2023-02-15,173.2479705810547,173.3151019640714,171.16711718677485,171.56986158902748,1501200
2023-02-16,170.6302032470703,172.49051012767723,170.38087471753167,172.10693340221624,1899100
2023-02-17,170.01649475097656,170.31375756759414,167.48494689622714,168.81784492141801,2355300
2023-02-21,166.35337829589844,169.24931976214654,166.19996227078911,167.92600595090315,2713300
2023-02-22,167.52328491210938,168.78906606221827,165.82599278153782,166.43011693335842,2468800
2023-02-23,167.9451904296875,169.3452195860399,165.7588547524984,168.04108824947508,2575300
2023-02-24,167.09176635742188,167.75342332571745,165.11639401448122,166.5547736387919,1667400
2023-02-27,166.1807861328125,168.47260361945214,165.96982262927636,168.31917295652525,1909000
2023-02-28,166.84243774414062,168.13697051243403,166.44927716990844,166.8616056024303,2301400
2023-03-01,168.68356323242188,169.92056317285025,165.90268740083584,166.382147237459,2566500
2023-03-02,168.13697814941406,168.60685407400604,165.56708035438916,166.8903796021758,1795000
2023-03-03,171.73292541503906,172.0206042511847,168.03149479091402,168.7794509857206,2875600
2023-03-06,171.70411682128906,173.104145676286,171.12877392226483,171.2246570894606,2730700
2023-03-07,168.11778259277344,171.5507017069518,167.88763663318417,171.3301543073149,2906400
2023-03-08,167.64793395996094,168.98083176605576,166.43970039787433,168.60685366598466,2101400
2023-03-09,165.04925537109375,172.864459766316,164.8958393381799,172.2219853181316,4349400
2023-03-10,158.8929901123047,163.8122528167899,158.06831859152095,163.8122528167899,5104300
2023-03-13,151.15452575683594,155.33541647651302,150.95314617010087,154.85595659871498,6123200
2023-03-14,157.17649841308594,157.5696589188946,154.27097350499335,154.86549891146961,5284000
2023-03-15,153.24496459960938,153.38881134287126,149.52435124627453,151.4230229072602,6100800
2023-03-16,154.1271514892578,155.26826821565976,149.68736345252307,151.566837775577,4737300
2023-03-17,150.09010314941406,152.13259199205658,148.53664341394034,151.72026357843632,7447200
2023-03-20,152.2189178466797,154.08880832793292,151.09698355792773,151.86410760934714,3054300
2023-03-21,157.79983520507812,157.80943376724088,155.05732407421107,156.246389857984,3986800
2023-03-22,156.0641632080078,159.91902405516132,155.82443331060688,157.8669367186874,4367300
2023-03-23,156.0737762451172,159.41082757432397,154.21348418516953,155.98747697762593,3727500
2023-03-24,153.2161865234375,154.1079894415751,151.33671212952166,153.9257923598076,2588700
2023-03-27,156.4189910888672,157.71353865505625,155.18199100078266,157.21489626850024,3984300
2023-03-28,152.6696014404297,155.9107398551767,151.69149931633385,155.54636034380957,4883700
2023-03-29,156.8696746826172,157.44503237179808,154.46279143451656,155.05731698323734,3884800
2023-03-30,155.7381591796875,158.18340745398453,155.16280148033968,157.22448770970757,2644800
2023-03-31,158.1737823486328,158.29844657669398,155.1052426082752,156.94636645248977,3594300
2023-04-03,157.05186462402344,158.45189380026875,155.99704711918432,157.36830987547518,2704400
2023-04-04,155.88197326660156,158.4039365847041,154.2230463977427,158.2313234420744,2063500
2023-04-05,155.03500366210938,155.53549325342343,154.17840410248098,154.5345140707953,2346800
2023-04-06,152.86944580078125,154.7558828974122,152.2919566648239,154.6018985224945,3754500
2023-04-10,155.09275817871094,155.12163116766942,151.87810479462058,152.10908870628842,2372600
2023-04-11,155.75686645507812,156.47872055209075,154.30353882677667,155.60286738970387,2742300
2023-04-12,153.3121795654297,157.09470268397928,152.9079430320096,157.09470268397928,2817600
2023-04-13,156.20924377441406,156.32473574089607,153.01382896424712,153.80306323163555,2729000
2023-04-14,157.09471130371094,158.58654612857723,155.40076554412445,158.07643704511767,2618100
2023-04-17,157.56631469726562,157.5951876855093,154.8521363130874,155.86273496009332,2622300
2023-04-18,158.2303924560547,158.85600807380044,157.15242850519817,158.42289860684252,2444500
2023-04-19,158.759765625,160.2997268174359,157.59518264003194,158.20153005989596,3768600
2023-04-20,157.15245056152344,157.60481364428068,148.23032967087983,153.03307095841606,10832400
2023-04-21,157.6337127685547,158.58656563649868,155.17940545621065,156.90223910455927,3882500
2023-04-24,154.5634002685547,158.1341784352591,154.38052820882012,158.06679833486862,2473500
2023-04-25,150.2611541748047,153.27369684053528,150.1167892202196,152.94645981936895,3421300
2023-04-26,149.87615966796875,151.3583602705292,149.26017809875208,149.92428621118987,2789100
2023-04-27,152.5037078857422,152.74432592112083,150.05903510820548,150.66538257077124,2143500
2023-04-28,155.2852325439453,155.32373964908325,150.9926155489915,151.39685203599447,2380100
2023-05-01,153.34104919433594,155.7761022287504,152.7250530031518,155.7761022287504,1803600
2023-05-02,147.4988555908203,152.40746938380403,146.20914644671097,152.40746938380403,4925600
2023-05-03,146.4978790283203,149.16391606619732,146.14175437876992,147.50846294455854,2655300
2023-05-04,143.22549438476562,145.5739290444251,141.86840497610254,145.36218397274033,3997900
2023-05-05,146.92137145996094,147.56624074024455,145.44879020890107,145.61240871611218,2223200
2023-05-08,147.29673767089844,148.7789530695112,147.21011869837383,147.65286236821095,2271600
2023-05-09,147.6239776611328,147.96083408960268,146.180269488996,146.29576144319608,2322700
2023-05-10,143.10032653808594,148.86553896922922,142.39772610676872,147.84532102305866,4602600
2023-05-11,142.43626403808594,142.92711956573854,140.79043013875184,142.41701048224857,2900300
2023-05-12,142.37847900390625,143.71632921168282,141.5700060310194,143.71632921168282,2320000
2023-05-15,144.37083435058594,144.57295998058748,142.37850978719072,142.6191278444417,2271900
2023-05-16,142.8404998779297,146.69038860114918,142.8019927664479,144.55369918486957,1960200
2023-05-17,146.38241577148438,147.1523965865322,143.69712438451498,144.19761411722044,2446500
2023-05-18,147.72018432617188,148.33616575983922,145.39100407117493,146.5363479914679,2629800
2023-05-19,147.21011352539062,149.1061848502106,146.43051342774416,148.76932840684316,2258600
2023-05-22,149.6740264892578,150.04939000953925,147.5277178828361,147.90308140311754,2483800
2023-05-23,146.83473205566406,149.91463964607695,146.776986083056,148.67305717652974,2928400
2023-05-24,145.06378173828125,146.00700019086077,144.4862926609386,145.81450872713233,2308400
2023-05-25,145.41029357910156,145.8145301180799,143.7644597475418,143.9858389151552,3234300
2023-05-26,151.339111328125,152.31120281738333,146.8058614837834,147.0753524844918,4015400
2023-05-30,152.08023071289062,152.9849569525562,150.78090202316383,151.2525040134265,3268200
2023-05-31,152.60958862304688,153.61056792834947,150.39589964117866,151.7529889584384,5588500
2023-06-01,156.6134490966797,157.83579268066143,152.2919444170325,153.09079796019176,4087200
2023-06-02,162.23431396484375,163.47591134456272,158.3170596925315,158.79829579930248,4820500
2023-06-05,161.14671325683594,161.9263280745342,159.60676654986813,161.9263280745342,2870900
2023-06-06,165.37197875976562,166.17081775376357,161.21409184899002,161.5509629900042,3631500
2023-06-07,165.1121063232422,167.13328910064916,164.2939990912841,167.13328910064916,2789000
2023-06-08,164.7174835205078,165.09284707237487,163.19677575787318,164.24586687896834,2354400
2023-06-09,165.2757110595703,165.7569471121113,164.52498399249907,165.48745609758106,2200900
2023-06-12,167.12368774414062,167.40279824615578,165.4778536673538,165.55485321284527,2609600
2023-06-13,168.5673370361328,169.51055543669088,167.67224517039185,167.86473662350377,2480400
2023-06-14,167.92251586914062,170.3960616384489,166.88304419294934,169.41435062717886,2326100
2023-06-15,167.28726196289062,167.98024300260764,163.20638993584353,164.97733495460577,2797600
2023-06-16,165.747314453125,168.02836846059353,165.11207938977807,167.6626243902742,4616900
2023-06-20,163.0524139404297,164.79448621937033,162.01294223387816,164.58274116695281,2865700
2023-06-21,161.61830139160156,162.75402602293457,160.68470234832327,162.75402602293457,2813600
2023-06-22,161.94557189941406,162.17657052129906,159.02928222160938,161.00235322749828,2755900
2023-06-23,161.76271057128906,162.2728196651332,159.52014857091743,159.77038605724238,4214400
2023-06-26,160.8386688232422,164.10144775419315,160.79054229429448,162.20537706565995,2507100
2023-06-27,161.87820434570312,162.06107641651397,159.9436257925572,160.1072589930852,2433900
2023-06-28,163.4085235595703,163.4951425300392,160.9253436030097,160.9830895833223,2289000
2023-06-29,165.62220764160156,165.84357212171446,163.92826196193192,164.17849943135695,2899200
2023-06-30,167.6626434326172,168.51924304763446,166.8252973724765,167.70115054237039,3371300
2023-07-03,168.8560791015625,169.7126785386778,167.18137264293148,167.75886168001978,1700200
2023-07-05,168.98123168945312,169.9437037783071,167.5086358822406,167.83588755393149,2487800
2023-07-06,165.0891876220703,166.41229150479205,162.47193712217023,165.86180872902943,3157300
2023-07-07,163.98822021484375,165.69764215357637,162.89689226292364,163.3411542236903,2145300
2023-07-10,165.83282470703125,165.94871270689262,163.65016913283634,164.04613944772385,1865600
2023-07-11,168.66250610351562,169.57033459678803,166.42192160246668,166.59575357614764,2281900
2023-07-12,168.36314392089844,171.82061169573998,168.34382434212256,170.9417550679477,2305800
2023-07-13,168.27622985839844,170.07256755569358,167.9478559615115,169.41583449844066,2080400
2023-07-14,167.455322265625,169.64763034756382,166.6151047603999,169.35789559994507,1829500
2023-07-17,169.3868865966797,170.2271041961297,166.92416307052417,167.0207462427354,2144100
2023-07-18,171.94615173339844,172.33246962545124,168.459711966421,169.19370859306093,2685700
2023-07-19,171.05763244628906,172.67047086569178,170.2753590244281,172.1489601632911,2749100
2023-07-20,171.04798889160156,171.15422446899777,168.09272703960605,169.55103838702613,3940700
2023-07-21,164.39378356933594,167.40698882344284,161.6896178286288,166.27703685315277,9102100
2023-07-24,162.04696655273438,163.21555779974784,161.21640158630447,161.85381499376635,4979900
2023-07-25,160.8011474609375,163.16728752431973,160.7238838799611,161.6220601143556,3286700
2023-07-26,162.0083465576172,162.66506482333767,160.37618857722634,160.4824241480364,2352000
2023-07-27,158.00038146972656,162.77128507724362,157.58509164599556,162.76163265772183,3944200
2023-07-28,159.7677459716797,160.87839324677765,159.00479214077694,159.63253840405696,2925900
2023-07-31,163.09971618652344,163.20595178464018,160.8108246155579,160.8108246155579,3345900
2023-08-01,163.84332275390625,163.9978499133283,161.53512672992795,162.20151221047968,2340100
2023-08-02,161.04257202148438,162.00834456734034,160.3665341866891,161.55443029186648,2236200
2023-08-03,160.71421813964844,160.95566128399506,159.38144726716868,160.16372069700853,1708700
2023-08-04,159.7484588623047,162.34638966961126,159.41043253746864,160.83011952334604,2256000
2023-08-07,161.24537658691406,161.60270768182988,160.45343609529513,161.1391410267339,2027200
2023-08-08,160.1927032470703,160.30860598482465,157.9907428045108,159.25590260637813,2102900
2023-08-09,158.21287536621094,160.59832014509678,157.90382105880454,160.26030857495658,2445200
2023-08-10,157.94244384765625,160.8011372155573,157.15051798201765,159.07241075298452,2556000
2023-08-11,159.61325073242188,160.10578948105993,157.0346395133382,157.1022359361609,2102500
2023-08-14,160.39552307128906,160.78182623569532,158.1645906133225,158.7054209380997,1827300
2023-08-15,156.3682403564453,159.168974915034,156.1654216326623,158.76335220398792,2447600
2023-08-16,155.257568359375,157.3822794647246,155.14168038508961,155.75012172312313,1994900
2023-08-17,155.08377075195312,157.04428801266684,154.89061917318486,156.36825011871744,2473000
2023-08-18,154.74574279785156,155.2962402648579,153.49990260194775,153.7799701777175,2139500
2023-08-21,155.37350463867188,156.11713894968906,154.60088359130313,155.37350463867188,2070500
2023-08-22,153.63511657714844,155.74049390318515,153.1812022478614,155.25760757300924,2255500
2023-08-23,153.98281860351562,154.60091261012363,153.26814142166245,153.87658300535534,2042500
2023-08-24,152.3892364501953,155.89499534454526,152.34095961435995,153.56748008034822,2468600
2023-08-25,152.90110778808594,154.17591981271124,151.9449877172279,153.01699577127403,2969200
2023-08-28,153.7413330078125,155.4024629556137,153.32604315260247,153.5385142903342,2509900
2023-08-29,154.75540161132812,155.28656473454603,152.88180047144556,153.4516027498371,2175800
2023-08-30,154.68777465820312,156.3199324893615,154.63948308742857,154.78435779975223,3039900
2023-08-31,152.58242797851562,155.4314543804514,152.34098481332578,155.1610392143605,3653900
2023-09-01,154.15663146972656,154.67815697277464,153.27778952496027,153.6254682814851,2195500
2023-09-05,154.5236053466797,156.31994284829563,153.89585909456656,154.6298409148163,4151000
2023-09-06,152.59205627441406,154.36907415249078,151.49107620467967,153.62543993157368,2949200
2023-09-07,151.41383361816406,152.2347462583875,150.7281432948668,151.8774003600502,2617400
2023-09-08,152.0415802001953,152.38925894133337,151.34623745444028,151.64562461609674,1931300
2023-09-11,152.42788696289062,153.7123662533455,152.01259709351592,152.94939766823472,2611100
2023-09-12,153.07493591308594,154.25317950092833,152.0608718761372,152.25402342209927,2659000
2023-09-13,153.69305419921875,155.199657128986,153.19084831045612,153.88620577596726,2976700
2023-09-14,156.24269104003906,156.41653777213227,154.52361698005757,155.07411443907884,3209900
2023-09-15,158.14527893066406,158.70542886258735,156.28134470137817,156.4841487150355,7273600
2023-09-18,154.1663055419922,158.3384360708795,153.89589035662553,158.1839088973779,2413400
2023-09-19,153.8958740234375,154.39806517923597,153.0266698171325,153.6061392880025,2230700
2023-09-20,151.84841918945312,154.71676494159593,151.51040762711355,154.5236133721847,1969700
2023-09-21,149.41465759277344,151.5007148203667,149.15389491313016,150.49631798756386,2712100
2023-09-22,147.84046936035156,149.73337537808746,147.68594220969388,149.69475095868313,2380600
2023-09-25,147.98532104492188,148.06258461591264,146.55598182289108,147.00024367195817,2434400
2023-09-26,145.94757080078125,147.72460383054295,145.02043722888357,146.55601233869828,2332100
2023-09-27,144.76931762695312,146.31455979664176,143.87115611559315,146.31455979664176,3705400
2023-09-28,145.08802795410156,145.71578904824267,143.91945124471397,144.6437807665155,3489800
2023-09-29,144.0836181640625,146.4980496910787,143.5814122802174,146.26625895933776,3579400
2023-10-02,144.3636932373047,144.7693159865344,143.00196498507682,143.3399765745076,2657600
2023-10-03,140.08531188964844,144.07394251639784,139.37063489461968,143.41722425327927,4184100
2023-10-04,141.6112518310547,141.89131942230034,139.45756815885323,140.9062271691039,3476700
2023-10-05,142.63917541503906,143.07555582998654,140.38938437947374,141.17487208579334,2706200
2023-10-06,144.8016815185547,145.80051320813803,141.71789854519662,142.27065782041922,3204600
2023-10-09,144.31680297851562,144.9277294935952,142.959157262308,143.1337182645216,2279400
2023-10-10,146.36294555664062,147.13874101673252,144.49135325134654,144.9762235642705,2909100
2023-10-11,146.92543029785156,148.1860963574719,145.22838381680478,146.84784925449804,1727000
2023-10-12,146.70237731933594,148.098806346336,145.5677824341657,147.88546220070714,2377200
2023-10-13,146.52784729003906,149.47585294192533,145.8781079038336,148.29276792974883,2951500
2023-10-16,148.16664123535156,148.7678903941723,146.63446430036637,147.75935200993032,2586300
2023-10-17,149.71827697753906,150.04798528823855,146.91572674245361,146.97390882115707,3919400
2023-10-18,146.94483947753906,148.94250339234296,146.55694903086587,148.48672397911233,2632200
2023-10-19,145.0926055908203,151.32804627818123,144.50106314424707,145.85870906604066,4642200
2023-10-20,137.2862091064453,143.46345313005025,137.1601380701856,140.32148768095715,8268100
2023-10-23,140.2147979736328,141.4366806709603,136.64615946026493,137.2183028963101,5313500
2023-10-24,140.0499267578125,142.07668093145034,139.19655034909496,141.4366634219785,3521100
2023-10-25,139.1772003173828,140.4572504472511,138.89596720597822,139.7299448652371,2841400
2023-10-26,139.0026397705078,140.52513989678798,138.66323937595345,139.03173081012477,3378000
2023-10-27,137.03404235839844,139.6038638367642,136.76251617309399,139.4971917784612,3442500
2023-10-30,138.93475341796875,139.50689687631927,137.44134446236217,138.4013930766807,3303300
2023-10-31,141.6112518310547,142.2415774499901,138.74082726852114,138.99295455668116,3737200
2023-11-01,142.01852416992188,142.37733829500732,140.74816620601263,142.05732208472142,2332600
2023-11-02,146.28541564941406,146.34359773388022,143.84166452233566,143.84166452233566,3108400
2023-11-03,148.13760375976562,149.22372355061057,147.7884964693281,147.96305751308222,2667700
2023-11-06,148.36062622070312,148.43820724775006,146.92539941593665,147.98242796201674,2490000
2023-11-07,148.35093688964844,149.13642453543008,147.74001027463473,148.34124480902173,1583300
2023-11-08,148.38003540039062,149.14613892349664,147.81758395725734,148.34125227886128,1804500
2023-11-09,147.75941467285156,149.49525915229543,147.44910528253175,149.0297728712082,2052900
2023-11-10,149.70858764648438,149.80555284708115,147.49757983272414,148.40912374427043,2088100
2023-11-13,149.66978454589844,150.56194426467422,148.85520586315573,149.41765727659322,1753600
2023-11-14,152.16201782226562,153.1414506089763,151.30864126540476,151.8614005707539,2968600
2023-11-15,154.605712890625,154.6154197652497,152.24925069895843,152.7632119538585,3272600
2023-11-16,154.23727416992188,155.25550494933609,153.1899523508447,154.8191097602514,3749100
2023-11-17,157.64105224609375,157.66045120406324,155.07124520523828,155.07124520523828,2975800
2023-11-20,158.89202880859375,159.66780957583163,157.83500013865333,157.98047013031265,3242900
2023-11-21,157.37921142578125,159.15383867942433,156.83615900223185,158.69805936743063,2759700
2023-11-22,158.8338165283203,159.6968851256722,157.92227273551993,158.33925411761356,2527500
2023-11-24,159.44476318359375,160.22055869845934,159.00838283056584,159.58052628891508,950700
2023-11-27,159.0762481689453,159.54173433030942,158.37804852103494,158.8047219733502,2146400
2023-11-28,160.64723205566406,160.95754135455738,158.65926085748472,158.95987807727954,2117800
2023-11-29,162.36367797851562,163.61465176540946,161.36484624324905,161.36484624324905,2720200
2023-11-30,165.60260009765625,165.99049040405527,162.46063534638415,162.91641459478967,4253100
2023-12-01,168.50213623046875,169.06458760385698,165.15653382401533,165.50564106277116,3412000
2023-12-04,168.00759887695312,170.00526262016652,167.43545533827955,167.6294005449571,3631000
2023-12-05,165.5153350830078,167.48392231147844,160.90906677165555,166.89237989434835,6452500
2023-12-06,162.44125366210938,167.16390076833224,162.12123746662724,166.53356045708497,3890700
2023-12-07,163.51768493652344,164.09953532103134,162.66432311553376,163.3625376581153,2797100
2023-12-08,163.33340454101562,164.01223480858425,162.49944181801953,163.24613143703706,2681300
2023-12-11,163.2946319580078,164.38073678085243,162.7806705831211,163.30432403783018,2811400
2023-12-12,165.8644561767578,165.90325409424128,162.6934144862374,163.29464903360153,2946200
2023-12-13,169.2779083251953,169.37488829918502,165.00134894120617,166.02928635547102,3207700
2023-12-14,173.4478302001953,174.4563540640383,170.28648069921292,170.42224381159696,4548100
2023-12-15,175.04788208007812,175.6976065498607,172.1289680059084,172.16775112179127,7139200
2023-12-18,177.22979736328125,177.30737839158436,175.5521501677971,175.89156531698976,2814400
2023-12-19,180.1293487548828,180.1487477135407,177.64681474118925,177.66621369984713,3978300
2023-12-20,175.18365478515625,180.0323583750811,175.07698271429516,179.74144799734083,4020700
2023-12-21,179.19837951660156,179.60568363673684,176.32795529773347,176.32795529773347,3496800
2023-12-22,179.95480346679688,180.7305842523632,179.04324476697948,180.02267762685244,2782600
2023-12-26,180.3330078125,180.54633717771955,179.52812116332777,180.3330078125,1230000
2023-12-27,181.3997039794922,181.46759293520384,180.00327491924367,180.50754425701555,1825400
2023-12-28,182.11732482910156,182.37915898774884,181.34152923126499,181.45789339196585,1486100
2023-12-29,181.6712188720703,182.60217645316828,180.8857312739617,182.06881610967824,1915000
2024-01-02,182.61187744140625,183.0288736565018,180.43966764132722,180.84695697884203,2236600
2024-01-03,180.68211364746094,181.81670861213826,179.9741922068713,181.0312061316044,2720500
2024-01-04,182.06353759765625,183.45475435628467,180.72096748070467,180.96418584421787,2777500
2024-01-05,183.93148803710938,184.3692782062153,181.46039552279848,181.752260583827,2243300
2024-01-08,184.07742309570312,184.19416317906112,181.3241889858156,183.11427287337995,3442100
2024-01-09,181.70361328125,182.8905203056023,181.2852698981388,182.73485696096216,2055500
2024-01-10,179.9524383544922,181.05179031790576,178.6876996536854,180.01080839770464,2757800
2024-01-11,180.01077270507812,180.33182272396238,177.10187575448748,179.99131107957496,3493300
2024-01-12,177.10189819335938,181.35336578978826,177.0143431348079,180.78909733766878,3366300
2024-01-16,176.06092834472656,176.23603845899711,173.96925614050917,176.09983675516258,4142900
2024-01-17,176.09011840820312,176.6738484955717,174.1443712434716,174.58216138656164,2377600
2024-01-18,174.91294860839844,175.30210697889729,172.98666292026942,175.2145519123628,3215200
2024-01-19,178.20126342773438,178.40557342453266,174.54326387378174,176.09012940356268,3388900
2024-01-22,179.9913330078125,181.70359998379962,179.0671060895681,179.26167783369232,3145100
2024-01-23,180.4388885498047,180.97397206037243,179.7967883371234,180.64318371619208,2327600
2024-01-24,180.7793731689453,183.30883553375173,180.6918032658977,182.01491190952055,3052500
2024-01-25,182.9683380126953,183.22127979477432,181.37281111922428,181.38254935556702,3472500
2024-01-26,195.96595764160156,199.21536733666574,187.04470689399548,187.3171103637792,13555400
2024-01-29,195.411376953125,197.39603241367965,193.66993987397947,196.43289712401761,4935500
2024-01-30,198.61215209960938,198.89429377463395,194.9736141055432,195.06116917232708,4284600
2024-01-31,195.29461669921875,199.7503787675724,195.21678504382612,196.90957530278732,3495000
2024-02-01,197.70736694335938,197.9505853344574,194.45797280105904,194.92494795540296,3028300
2024-02-02,200.8108367919922,201.35564361505087,197.4933343613789,197.87275445921426,3393000
2024-02-05,200.35362243652344,201.1124627738817,197.90197643012547,199.91583221802836,3099300
2024-02-06,200.07144165039062,201.46265856034586,198.46620621454548,199.8671465159454,3255300
2024-02-07,203.40841674804688,203.47651018160963,200.02282073202682,201.46266952242357,3272100
2024-02-08,205.4806365966797,205.60710006832517,202.30905920612778,202.60092425085386,4136600
2024-02-09,206.70645141601562,208.4381652065714,204.70233420974586,205.8114095008307,4785100
2024-02-12,206.50213623046875,208.20466495823464,205.86977435524753,206.49241283903558,4041400
2024-02-13,203.98240661621094,205.2471452694364,201.97828936865469,204.51749006698398,3381700
2024-02-14,205.1790313720703,205.5584514731588,203.1554673961802,205.42224976622634,2770800
2024-02-15,206.7648468017578,207.33883872345464,204.93583949072428,205.7336030523026,2644500
2024-02-16,206.7940216064453,208.47708887201185,206.12273640972182,206.7648365844029,2831300
2024-02-20,206.7259521484375,207.95176775102516,204.57589459105589,205.27636489107044,3341700
2024-02-21,205.16934204101562,206.92051773862957,203.42790458150313,205.86008892683495,2599400
2024-02-22,208.18524169921875,209.70292224713765,206.71619295883326,206.71619295883326,3027800
2024-02-23,208.73977661132812,210.45204380694082,208.4479115352692,209.1678434102313,2617000
2024-02-26,211.0746612548828,211.63891487529682,207.46529369335053,207.6306804227647,2684500
2024-02-27,212.06698608398438,212.16427938326981,210.43256553907614,211.53190262766086,2428100
2024-02-28,212.1156005859375,213.25386075967396,210.8800471276611,211.28865220196104,2599200
2024-02-29,213.4679412841797,213.77926798761098,211.74595071240185,213.04961272692748,5186500
2024-03-01,213.70144653320312,214.40191680455308,212.50480116013654,213.3609347906476,2342800
2024-03-04,212.97177124023438,213.62359479503291,211.34707404934124,213.12743458477917,2625300
2024-03-05,211.30813598632812,212.96201808284172,210.2574307515745,211.54163098678646,2672300
2024-03-06,212.5242462158203,213.3414565203668,211.37626243251077,211.7167593036349,2727900
2024-03-07,217.3594207763672,218.594974421108,214.8202200533281,215.0147918069009,2974100
2024-03-08,217.31076049804688,218.79925584459357,216.7951387032234,216.98971044459356,2242800
2024-03-11,214.21702575683594,216.3281595435434,212.36855713591507,215.90009281354335,2808200
2024-03-12,216.6103057861328,217.3788842598818,213.68196153096324,215.23856526257316,2067700
2024-03-13,216.76597595214844,217.42753775461458,215.85147234440416,217.08702603858254,2693100
2024-03-14,214.4894561767578,218.2058258242244,213.15662401808152,218.1961024318167,2417900
2024-03-15,212.5339813232422,215.5888039503815,211.3276126689098,214.98561220077852,5267900
2024-03-18,214.97589111328125,215.71526974135608,213.04960544745884,213.9349091847347,1893000
2024-03-19,215.67636108398438,215.92930288793886,213.41928709839524,215.0537225439725,1817600
2024-03-20,221.72763061523438,221.8735557204945,215.22882710497194,215.48178374725396,2249700
2024-03-21,222.90478515625,225.40507732918746,222.77832168805438,222.8950617648111,3523700
2024-03-22,219.83053588867188,224.28628413008087,219.78188923732924,222.83671189623723,2284700
2024-03-25,219.8986358642578,220.83260112524093,219.1203339542509,219.22735065243776,2119500
2024-03-26,218.3712158203125,220.71582992529548,218.23501410946338,220.47261152414544,2106400
2024-03-27,221.5719451904297,221.81516357153882,219.03274469785535,221.03686178301518,2153100
2024-03-28,221.5135955810547,222.2627124205149,220.20021026400252,222.2627124205149,2295800
2024-04-01,221.43577575683594,222.36974100812938,220.6769354847924,221.27038901496738,1616700
2024-04-02,219.4121856689453,220.81312605269778,218.49768209372505,220.22939594450983,1984500
2024-04-03,220.48233032226562,221.09523054461422,219.13976011592453,219.6845669112885,2070100
2024-04-04,214.29519653320312,224.14190077432193,213.92436929827124,223.614927918963,3035300
2024-04-05,217.09603881835938,217.7401135450638,214.22692587723395,214.69534792143762,1827900
2024-04-08,218.70623779296875,219.42840019944444,217.74987182072505,218.07191661452364,1401200
2024-04-09,214.53915405273438,218.53053127720077,212.71424877067852,217.61320932333234,3503000
2024-04-10,212.40200805664062,214.20740673489948,210.32337683233857,212.26538433818476,3115000
2024-04-11,212.93870544433594,213.8853177592066,209.33767724108682,212.2555869931059,3139000
2024-04-12,212.93870544433594,213.01677825174298,210.90885712434857,211.76764311496083,2441200
2024-04-15,213.1339111328125,217.35950752134693,211.59202135673536,216.53976526019684,3459000
2024-04-16,213.07534790039062,214.0902795952033,211.28947136219145,212.4507802769931,4176700
2024-04-17,212.42152404785156,214.96859214212512,211.2992588841089,214.26595164088633,2256800
2024-04-18,212.255615234375,216.110369406435,211.94332396319544,212.9972846671254,3901500
2024-04-19,225.46913146972656,226.0156411962519,213.56330219432994,213.56330219432994,7573700
2024-04-22,227.3818817138672,229.69473128210225,222.19991932430028,226.43526925537694,5151300
2024-04-23,233.1981658935547,233.64706596317754,228.0357108568248,229.1091934422129,4684500
2024-04-24,233.35427856445312,234.74980581741062,232.23201358641933,232.5247828953003,4429200
2024-04-25,231.38299560546875,232.70043515693135,229.73374289603436,232.38815881461537,3329000
2024-04-26,229.9582061767578,231.20734139980127,228.76762184059663,230.30952638891793,2993300
2024-04-29,233.15914916992188,233.35432378337453,229.95823785851937,230.8853284405708,3696300
2024-04-30,228.3870086669922,233.83246409235733,228.13328321300835,232.14418245632683,3564300
2024-05-01,225.87899780273438,229.47025777601542,225.6545328862547,227.59655497810365,4176000
2024-05-02,226.8939208984375,228.30895527640496,225.3422628196497,227.9478815437084,2734900
2024-05-03,225.2056427001953,227.72343513323767,223.60518722619167,227.63559390991824,3203100
2024-05-06,228.67982482910156,228.91404329752606,225.74240746392752,226.69877348430794,2259600
2024-05-07,229.00184631347656,230.30953245786148,227.78198650172942,229.8215885331626,2084300
2024-05-08,230.5437469482422,231.13903912179927,227.88933085213844,228.7481020190897,2501900
2024-05-09,233.3738250732422,233.608043523193,229.88014470519494,230.27050878844634,3166300
2024-05-10,236.45761108398438,237.66770239597312,234.51558904918866,234.7010101091523,2590800
2024-05-13,232.8956298828125,237.66772088262508,232.35890347699967,237.0919506238536,2768800
2024-05-14,235.70619201660156,236.2526868319116,232.3589038273941,232.40768630736562,2387300
2024-05-15,235.8720703125,237.01385721301892,234.4570360284825,235.80376591205814,2013400
2024-05-16,235.50125122070312,237.4823022649235,235.04258276308894,235.89160038465022,2605900
2024-05-17,236.965087890625,237.32616161939058,236.06725799116148,236.94556596475846,1848700
2024-05-20,236.45761108398438,238.51673488681362,236.2624365069732,237.24807779994237,1983200
2024-05-21,237.21881103515625,237.70675494096557,235.52076088222802,236.49664869384662,1825800
2024-05-22,234.3009033203125,237.5994089196691,233.75440852320722,237.0529141225638,2292700
2024-05-23,229.78253173828125,235.02304408970164,229.45071859261878,235.02304408970164,3272600
2024-05-24,232.43695068359375,234.2813929337375,230.98288738156864,231.14878652182614,1624200
2024-05-28,231.52938842773438,232.71997277551304,230.19242686132174,232.01733234433658,2315400
2024-05-29,230.25099182128906,231.92952018825844,229.01161002792816,229.77280139308084,2711300
2024-05-30,231.5001220703125,231.59771681381014,229.3141278774232,230.67061142318414,2386300
2024-05-31,234.2130889892578,234.39851006724638,230.22171117154065,232.26131324768065,5102500
2024-06-03,231.16830444335938,235.54027757279695,227.89907439075225,234.38872223743095,2677200
2024-06-04,231.52938842773438,234.21307996904636,230.0460347518211,230.69012429554397,2512100
2024-06-05,229.03114318847656,231.96856052931017,228.0650087664581,230.55352599344994,2925100
2024-06-06,227.7234344482422,230.69988046098388,227.0890984148589,229.12870043585724,2709600
2024-06-07,227.05984497070312,228.47487950402012,226.1230008881886,226.80611946728632,2212500
2024-06-10,226.8353729248047,228.27968276500985,225.0397428649964,226.35718252035787,2933500
2024-06-11,219.11607360839844,226.0546360524526,218.80379727408234,226.0546360524526,3168100
2024-06-12,218.6378936767578,222.89276503206617,217.45707779105436,221.94615268554838,3091100
2024-06-13,216.83253479003906,218.35491753084378,215.41750031382276,218.02311921879507,3011300
2024-06-14,219.39910888671875,220.19932916333323,216.00300852001382,216.04205237206324,2373800
2024-06-17,222.76593017578125,222.96110477329125,218.6184066925073,218.79405936300614,2426700
2024-06-18,223.7808380126953,223.7808380126953,221.30208945323844,222.0925562204104,2176500
2024-06-20,224.65914916992188,226.09369061409902,220.98004779501616,223.0489252781036,2968100
2024-06-21,224.82504272460938,225.53743667006586,222.0144810130808,225.53743667006586,5064300
2024-06-24,225.88877868652344,228.26017919136055,224.6591652644821,226.09370681142968,2152600
2024-06-25,225.02999877929688,225.72288577566383,223.02942550395565,225.29349269519625,3206800
2024-06-26,225.11782836914062,226.88419809216302,223.61496745668808,224.49326066786742,3151900
2024-06-27,222.89276123046875,224.77623237420292,221.88759801629834,224.24924463829154,2264200
2024-06-28,225.96682739257812,227.967400399037,223.22458500463748,223.72228243145028,3901100
2024-07-01,228.17234802246094,229.1384824063158,225.9668467242823,226.72803809670094,2792700
2024-07-02,230.2802734375,230.49496997094926,227.35260968050252,227.9186264604262,1871700
2024-07-03,230.0265350341797,231.85144057524838,229.51906917532727,230.7974798949551,1365900
2024-07-05,230.63336181640625,231.68066420597103,228.60724995341755,230.71166717168893,2488300
2024-07-08,229.53713989257812,234.42133082592338,228.8030438670272,231.22066797265927,2638600
2024-07-09,232.7084197998047,234.12766900502018,229.1553905668084,229.98737196394535,1943400
2024-07-10,233.86338806152344,234.37236543854618,230.6235803050376,231.55344712898886,2203000
2024-07-11,233.6872100830078,234.86176061261133,231.93517432550544,233.80466065540207,1868700
2024-07-12,233.56976318359375,235.16518824617896,232.19944176482386,233.90254976742423,2612200
2024-07-15,238.8258819580078,239.47188997726514,235.3511581473944,235.3511581473944,3054400
2024-07-16,244.3365020751953,244.46373521792134,238.63012773465638,238.9629143159713,3074600
2024-07-17,244.65951538085938,245.52084451020372,242.13422341129186,243.53389258098952,2471900
2024-07-18,243.91561889648438,248.34955737715782,242.50615223914326,245.4816962791347,4053300
2024-07-19,237.24021911621094,238.21901363034965,232.61051031097713,236.67251650578422,5750400
2024-07-22,239.5599822998047,240.40174626709228,234.81282243744658,237.85687429104496,2590000
2024-07-23,241.6643829345703,243.7100750176955,239.84382436482412,241.72312315668253,2564000
2024-07-24,235.87973022460938,240.4115393393586,235.56650876485568,239.80469143011237,2838100
2024-07-25,235.08689880371094,239.7655511091456,234.31365757889577,234.91072293041947,3828800
2024-07-26,240.6758270263672,241.16522437401,236.75086567495177,236.79979346153863,2174400
2024-07-29,242.63339233398438,242.7019151247595,239.12930588043886,241.40011651701508,2059300
2024-07-30,247.12606811523438,248.3006187037467,243.94498551476875,244.17011903677624,2498800
2024-07-31,247.6741943359375,250.80633426267678,247.07712899558865,247.7427171310827,2180700
2024-08-01,243.40664672851562,249.59263609394623,241.18479362331303,248.46702821898353,3929700
2024-08-02,227.3544158935547,239.46210071038857,225.17170804636936,239.32507005933704,6902600
2024-08-05,221.1292724609375,225.88621477607992,217.32176209497516,221.834005762086,4890700
2024-08-06,226.21902465820312,228.2353393360702,221.6969979559877,222.147250086248,3148200
2024-08-07,223.94821166992188,231.16192322803244,223.66435286687127,229.05752077262687,2665300
2024-08-08,228.5876922607422,229.52734168091175,226.11134303145448,226.15050318053952,2239200
2024-08-09,232.8063201904297,233.28592002421925,228.1472479635264,228.5681374414793,1956400
2024-08-12,232.0232696533203,233.92213362208483,230.40824955529962,233.14887750191167,1747000
2024-08-13,233.92210388183594,234.19616514813163,231.45553754995584,233.64804261554025,1913200
2024-08-14,238.59100341796875,238.91400747841928,234.43112572114705,234.72476713384958,2132500
2024-08-15,244.20924377441406,245.05100769705732,240.14725230696362,242.51593336016444,2656800
2024-08-16,246.3723907470703,246.411535958844,243.84709893389527,244.10158014847445,2149700
2024-08-19,248.66275024414062,248.72147552557593,246.49960778821918,246.65621849552605,1653400
2024-08-20,247.71334838867188,249.22068555733006,246.91072961786492,248.8291736768326,1659700
2024-08-21,241.07711791992188,244.52247916456778,238.18967677764408,244.34628836663342,3502500
2024-08-22,242.5061492919922,243.64155463385416,240.5485600550801,241.5371521782619,1981300
2024-08-23,245.9711151123047,246.82266173593442,242.741089562533,242.741089562533,1868200
2024-08-26,248.4963836669922,250.72803421261884,246.60730227828375,247.0673369459123,1931000
2024-08-27,249.62200927734375,251.23701454616398,248.32021054386325,248.32021054386325,2518100
2024-08-28,251.63827514648438,253.14562704455537,248.36910509150584,248.81935713430101,2557100
2024-08-29,254.32998657226562,256.0233119922312,251.38380525274965,252.5290080835644,2423500
2024-08-30,253.16522216796875,256.1994914602104,250.6693078383094,254.96620068203268,3442100
2024-09-03,248.91726684570312,252.02005905155818,247.4294947851195,250.34631361649892,2970300
2024-09-04,246.40176391601562,251.13911137445584,245.3446639303257,249.58284644264165,3062600
2024-09-05,246.4996337890625,247.80143242732922,243.1032152590872,247.35119526535465,2711200
2024-09-06,238.8845977783203,248.19294359678577,238.16029936290252,245.96127826094423,3653000
2024-09-09,245.59912109375,247.78182870861954,242.28100824231666,242.98574149706528,3080800
2024-09-10,240.21575927734375,247.14562655882347,235.48817975727928,246.38216799635043,3630900
2024-09-11,248.79000854492188,249.23047807068596,238.3364892057481,239.21739838683513,3149900
2024-09-12,249.7394561767578,251.5502323055753,247.23374419011984,248.7704590038501,2279600
2024-09-13,253.5078125,254.6921456541334,250.3267299107143,250.79656209264485,2199200
2024-09-16,255.553466796875,257.276154772326,253.65460297041818,255.76880279380637,2170200
2024-09-17,259.7720947265625,261.55350816251905,255.80798833322606,255.97436669665674,2765700
2024-09-18,256.620361328125,260.70194795739786,255.46539086781993,258.79328653722064,2577400
2024-09-19,263.0511169433594,264.37249597000175,260.7020152684665,262.15061253491876,2973300
2024-09-20,263.2859191894531,265.7329054040707,261.28919994503997,262.7084340272558,5847200
2024-09-23,261.63177490234375,266.63343065497287,261.3870762614435,265.6056784409282,2534900
2024-09-24,260.5649108886719,262.80635896197816,257.45235112462035,262.0918281265251,2340300
2024-09-25,260.5257873535156,263.0217017841072,259.9189095741728,261.42626171174123,2116300
2024-09-26,262.4637451171875,263.2859289312681,260.692129421888,262.60079068808676,1430600
2024-09-27,265.31207275390625,266.89771529158577,261.7492757965984,262.31696354485774,2231900
2024-09-30,265.4490661621094,265.72312741264557,261.62197628718326,264.3723862955615,2113100
2024-10-01,262.90423583984375,266.0657232844385,260.8683263420292,265.5273982019887,2429500
2024-10-02,265.1750183105469,265.6350529190243,260.60403486586944,262.90420790825664,2009500
2024-10-03,262.8944396972656,265.3512237173917,261.9646027436314,263.92219195604974,1614500
2024-10-04,270.82379150390625,271.6285075658825,264.9651171598759,267.1731598028748,2239600
2024-10-07,268.6844482421875,271.1574451981875,266.4861987772483,269.2340031212986,3287500
2024-10-08,264.0917053222656,267.41850402281824,261.19673398175826,266.1918136373925,3332800
2024-10-09,266.3586730957031,266.52548622722713,263.4146159895389,263.7973278401215,2087000
2024-10-10,265.42633056640625,267.81100922328085,264.8473363625864,265.87774419254686,2052800
2024-10-11,271.01019287109375,271.9424593740943,265.9464125656922,266.3193311462879,1723200
2024-10-14,271.363525390625,272.52154385769813,269.9798150631059,271.01025294027727,1399000
2024-10-15,272.1387634277344,276.1721363538582,271.7364054507786,275.3379810332665,2264600
2024-10-16,276.4272766113281,276.6137359225788,272.51169097204706,273.6795024694628,2243600
2024-10-17,280.45086669921875,281.0200378713113,277.212416000821,278.70406075580183,3571900
2024-10-18,271.6285095214844,273.99357214105447,264.0328224099058,271.63830267943604,7884400
2024-10-21,265.6912841796875,271.2064787339774,264.50385640713034,269.87185412159783,4092700
2024-10-22,267.3203430175781,267.7423172912948,263.57157028952923,265.5735372359549,2595400
2024-10-23,266.17218017578125,268.25264214328917,263.9444914127377,266.92781062292516,2051100
2024-10-24,264.9454650878906,266.1721552793235,263.6991286863606,265.19080312617723,3490600
2024-10-25,262.3645324707031,268.0760098065349,261.3831802115634,266.58433520560624,2993300
2024-10-28,266.40765380859375,266.89832985495366,262.68832099160863,264.2192278603724,2336900
2024-10-29,265.3870544433594,266.73150209561396,264.5528991270837,265.2594738722419,1749000
2024-10-30,268.968994140625,269.9405531703864,265.23004470535494,265.94644258306903,2152900
2024-10-31,265.0436096191406,268.96901872453867,263.63048989381247,268.5961300162615,2315400
2024-11-01,267.6049499511719,269.62653320919935,265.89740660372,267.22220819481515,2508300
2024-11-04,265.15155029296875,267.73251134132227,264.68049046087833,267.2516284038262,1944000
2024-11-05,270.7943420410156,271.02985699730635,266.13291885730035,266.6530343514383,1859600
2024-11-06,289.6559143066406,291.29475568323693,281.4616175781834,282.62942907335895,5380500
2024-11-07,281.471435546875,287.57544721965763,279.3418881685084,286.8688724619291,3876900
2024-11-08,282.2369079589844,284.690288539385,280.61768276561867,281.3340507280599,1814400
2024-11-11,287.5067443847656,288.69417211638796,285.0141015052312,285.0729802391304,2299500
2024-11-12,283.12994384765625,288.0759375656367,282.21726350520726,286.55485357571104,2251400
2024-11-13,282.2761535644531,285.19074076923374,282.07987115035394,282.550930975097,2118100
2024-11-14,282.923828125,285.14169368713686,282.00135465836746,282.9630905986951,2979400
2024-11-15,281.5204772949219,285.13184590147324,280.16620658034265,282.6294099800046,2614400
2024-11-18,280.2153625488281,282.15842106352693,278.32132972445856,281.5892498694478,2074400
2024-11-19,280.2251281738281,281.27518228832355,276.06420414064286,276.63340522729226,2512900
2024-11-20,282.3448181152344,282.95325165523525,279.77368027923535,280.81391116023514,2387400
2024-11-21,287.5361633300781,288.5862172575216,282.1681661819149,284.41547086109557,2410300
2024-11-22,295.681396484375,296.28985998577275,287.0553324834105,287.9287203404397,3788900
2024-11-25,299.5185241699219,300.09751842744333,296.8590678484942,297.39879962882065,3478400
2024-11-26,299.8717956542969,301.2456827295372,296.368361151065,299.9110281789522,2130500
2024-11-27,298.5764465332031,302.0798815404759,297.14368051635495,301.2751654418845,1697000
2024-11-29,298.9983825683594,302.0504034984783,298.9885894112864,301.5204649223128,1326600
2024-12-02,296.62353515625,301.12793830622365,294.3173514219079,300.49985850261845,2166900
2024-12-03,296.476318359375,299.30261767390994,295.5244354130225,298.17406855902817,2128700
2024-12-04,296.95721435546875,297.8698648141621,295.1024441182896,296.3683969810391,1561200
2024-12-05,294.9258117675781,297.7717275081554,294.7197361657922,296.6431783289519,2793600
2024-12-06,298.3212585449219,299.0572727266263,295.0141062802223,296.01510473437634,1797600
2024-12-09,291.18682861328125,299.38112554702843,290.63727377219453,298.3997733381603,2377900
2024-12-10,296.476318359375,299.2928245162376,290.98076963499534,291.88359694750295,2967800
2024-12-11,296.7020568847656,298.4586859234393,293.954282367703,297.7128485765954,2071200
2024-12-12,294.7000427246094,298.7726781619959,294.66081020098244,297.9679622002744,1668100
2024-12-13,296.5057373046875,298.64507769097645,295.6323195620757,296.8197472152376,1662000
2024-12-16,297.9091491699219,298.52740596105184,295.22022328387254,298.03672977107544,1813700
2024-12-17,295.72064208984375,297.3791295564251,294.11124019799837,296.69217109804015,3611500
2024-12-18,282.41351318359375,297.9286878756708,281.08868182585394,296.95715885595695,3541200
2024-12-19,287.61468505859375,291.32419511809854,285.76976810844985,287.5558063234026,3540200
2024-12-20,293.0808410644531,297.0749518767706,286.5548546452782,286.89833391965453,6232400
2024-12-23,293.22802734375,294.170147024972,289.6853602533084,290.95131298536177,1902400
2024-12-24,297.8011169433594,297.95813688217476,292.44294255593223,293.7088952230438,862900
2024-12-26,298.3212585449219,299.20449952176216,295.3968480299856,295.8580847817934,1228900
2024-12-27,295.4360656738281,299.40073691846266,293.13970513641135,295.23981320435627,1676000
2024-12-30,291.78546142578125,294.1112914956082,288.6451520860632,291.80510763849816,2392800
2024-12-31,291.2555236816406,293.2967230512761,290.15641402502985,292.4920070710818,1231300
2025-01-02,292.8648986816406,294.7392847779233,289.12594959354715,294.4056286592615,1930100
2025-01-03,298.12750244140625,298.4717892637085,292.66820432670363,295.7667256896134,1979600
2025-01-06,296.9471435546875,300.1636994091967,295.2650941646145,299.3472752080685,2714000
2025-01-07,297.0848388671875,299.4062909554991,291.9993359346635,299.0324955330578,2058800
2025-01-08,297.9012756347656,299.2292219192196,293.9666377661048,296.9667871333968,2061300
2025-01-10,288.5073547363281,296.39632410624125,288.3696579992665,295.5208526347643,2685500
2025-01-13,292.1665344238281,292.8452618815965,286.4023041522365,287.74006666563724,2202800
2025-01-14,295.4519348144531,295.6290163279152,291.88127626524573,294.7043740533502,2370900
2025-01-15,307.216552734375,308.8297387596259,299.2390583071544,300.0161577439818,3099500
2025-01-16,306.3902587890625,308.8690698164527,305.0623125169625,307.59032452859594,2361000
2025-01-17,307.4526062011719,310.2461955360405,305.69184731789403,307.90508115893584,2183500
2025-01-21,312.75457763671875,314.47598191365233,309.8527698480389,311.76107184798076,2779100
2025-01-22,316.9842834472656,317.54497658373475,312.4889521919786,313.1086624987175,2927400
2025-01-23,320.54510498046875,320.9385627625945,316.7285014541496,318.2630078176731,3935800
2025-01-24,316.0891418457031,319.1680009004619,308.60350741909275,319.09913753055025,6260100
2025-01-27,311.24957275390625,313.62016588882835,306.74439513578756,312.93162220469884,3099100
2025-01-28,311.85943603515625,312.67586026354144,305.64270039691695,311.46597821401997,2431300
2025-01-29,310.09869384765625,314.25958482885085,309.00684608331187,311.45614892034,2155400
2025-01-30,313.7381896972656,316.6301508459412,310.8363823481627,311.8200417859734,2517400
2025-01-31,312.2627258300781,316.3842616098119,310.3544239646637,315.66617935524874,2033400
2025-02-03,311.35772705078125,311.82004819681345,304.13767023107937,307.08864860518173,1997200
2025-02-04,310.6691589355469,312.1741567322897,307.9936039614591,310.0986496480811,1884100
2025-02-05,315.29241943359375,315.4694709621356,309.9511548568806,312.74474459876507,2065700
2025-02-06,314.9186096191406,317.9679603314372,312.0266480424557,317.82041739771006,1730400
2025-02-07,311.59381103515625,316.14815935280785,311.12167368418454,315.5874662296231,1607100
2025-02-10,305.19024658203125,313.2464213577891,301.0096931521727,313.2464213577891,3227000
2025-02-11,304.5115051269531,305.43614753895474,301.3342738585723,303.48849075260716,1856100
2025-02-12,301.39324951171875,302.9277558523872,298.94394708697956,301.8359082718325,2238400
2025-02-13,302.47528076171875,304.5704801924587,300.8817572563402,302.5244517266387,1975200
2025-02-14,305.9574279785156,306.75418969047536,302.39658575590005,302.4064019370398,1725500
2025-02-18,307.7378845214844,308.56415490980174,303.98029797880525,308.2690690635834,2024500
2025-02-19,304.85577392578125,306.90177253435814,301.85559435600857,305.30824890307014,2148200
2025-02-20,298.894775390625,304.89510462806066,293.8092723458044,304.65903594295077,2830300
2025-02-21,290.572998046875,299.95711768657327,289.04833789371054,299.95711768657327,3280200
2025-02-24,290.7008972167969,294.09453457386894,287.64173051370534,292.2550660526013,2450600
2025-02-25,288.54669189453125,293.5338530711451,284.79895137028257,292.13704328682024,2511700
2025-02-26,291.2615966796875,294.4486439928873,288.8713111947876,290.31729192372217,1899400
2025-02-27,289.39263916015625,296.0815118046593,288.2515905290058,291.1632142663759,2031800
2025-02-28,296.04217529296875,296.15039345532205,290.1500640844505,291.4485019192439,3336300
2025-03-03,290.6615295410156,298.5012967812388,288.3204151804085,296.5044692417042,2342500
2025-03-04,278.83795166015625,287.0023132681904,273.04418296242403,286.80559938518155,5901200
2025-03-05,279.536376953125,281.44467897201355,276.04439739280997,278.3756658336922,2569200
2025-03-06,271.1358947753906,277.5493433358341,270.0440172180694,275.22789151331955,2944200
2025-03-07,268.74560546875,269.68994020896474,260.38449966029,269.1882642544073,3817000
2025-03-10,257.0499267578125,264.2011210449606,253.243169014262,263.33549581790777,4284100
2025-03-11,251.21681213378906,255.98755195054812,249.39703596062662,253.25297959947787,4925600
2025-03-12,256.48919677734375,258.5253790051945,250.83315504591624,255.92850369682193,5514900
2025-03-13,252.2397918701172,257.23679881173086,249.37735420618125,255.40717657912273,4194000
2025-03-14,261.2895202636719,262.3026885126179,254.76785191547404,255.89905452058304,4336800
2025-03-17,260.0599060058594,262.0862421945498,257.0007093205278,260.85666780729076,2975800
2025-03-18,258.4270324707031,261.16160475856765,256.20395233073833,260.27631718689616,3251700
2025-03-19,266.2274169921875,267.56520941810635,256.9908706144608,258.73193698741863,2894200
2025-03-20,266.4045104980469,270.063725331664,263.8371734066478,264.63393526390325,2129500
2025-03-21,266.0897521972656,266.1389231667816,260.8271676460627,263.47321421440967,4229700
2025-03-24,273.3196105957031,273.7032522046332,269.74895187446646,270.7326113612756,2651400
2025-03-25,274.7164306640625,275.21810662735635,271.6965887208219,274.34263524191465,2767600
2025-03-26,271.49005126953125,277.5198894576372,270.1129338248444,275.4246896937274,2578600
2025-03-27,267.5750732421875,270.99821945260646,266.11927624815524,270.36866290033737,2312000
2025-03-28,261.1419372558594,268.1849429425609,258.7122970678756,266.207777723423,3261500
2025-03-31,264.6535339355469,265.92246289191365,254.7677695568287,258.20073105407516,3946000
2025-04-01,266.06024169921875,266.4438533078435,260.7878109844504,261.3976750928173,2881400
2025-04-02,270.75225830078125,272.7884405268716,262.214101646823,262.52887986918455,2473700
2025-04-03,243.7705078125,256.7351329944243,243.1409513148564,255.94821739127582,7736200
2025-04-04,230.62464904785156,235.84549123533586,225.63081047497568,234.80921687338483,9097500
2025-04-07,231.21681213378906,238.7766620437874,217.5478934212481,222.34435002850782,6283600
2025-04-08,228.36460876464844,243.77051088488645,224.3873016339008,242.6158102720193,4782100
2025-04-09,258.9296569824219,261.30815010788905,223.30166960481873,223.99252922812306,8640600
2025-04-10,243.66192626953125,252.15935159695042,235.40136837669507,251.68563178706566,4799900
2025-04-11,247.84649658203125,249.46505308749823,239.96095988530723,243.6619288818886,4413500
2025-04-14,252.04092407226562,254.25162654618794,248.86302420672112,253.1660029675431,3067000
2025-04-15,254.4884796142578,257.2222812859228,251.96196894829123,252.65281347327598,3509100
2025-04-16,249.6130828857422,255.5543759282582,246.36610608370836,251.82380042835496,4244900
2025-04-17,248.02413940429688,252.27778408890836,243.86919325138172,249.64269593285795,3907500
2025-04-21,239.33920288085938,246.9878724793999,236.14157516405524,245.59631952007464,4302900
2025-04-22,249.11962890625,249.92891470686655,243.14872911198398,243.88892292798516,2324100
2025-04-23,256.7386779785156,266.6375342932693,255.87017917976968,258.44603891287926,3872900
2025-04-24,263.8248596191406,264.495961546848,254.6267092503238,254.69580124485577,2696300
2025-04-25,261.34759521484375,265.3446292396171,260.54818840988906,263.5089632781833,1940100
2025-04-28,261.4858093261719,264.4959187420423,259.09743740476637,261.4759304375324,1561500
2025-04-29,263.5286865234375,263.9826936810058,258.4065436775429,261.95947948373555,1730800
2025-04-30,262.92669677734375,263.92350068011854,253.84697459478667,257.5479433998679,3522700
2025-05-01,265.0288391113281,269.0949651570115,263.0352314018093,264.495891195871,2473800
2025-05-02,273.2302551269531,274.46391166074056,269.5292855255908,270.91097481971923,3099300
2025-05-05,274.3947448730469,277.90819531410676,270.49637924145134,271.85834050248593,2416300
2025-05-06,271.76959228515625,274.4836366328933,270.032594264663,270.89124450336186,3064000
2025-05-07,272.6282043457031,275.16460930778914,270.30895424832653,273.7138280764176,2329200
2025-05-08,279.9512023925781,281.76714112394757,275.0856684450584,276.07259363288307,3418000
2025-05-09,280.7900695800781,283.2475034388722,279.27019649428144,281.2736532406919,2704600
2025-05-12,295.0116882324219,295.2584195275679,290.8764693162884,293.4523295807016,4089000
2025-05-13,298.3474426269531,299.05802989641796,294.91296259000933,296.07752696762674,3531700
2025-05-14,296.17620849609375,299.6501737703818,295.53471324820646,299.18631780002113,1954400
2025-05-15,295.6333923339844,296.9953537480015,293.1167454557791,294.15300473067236,1955000
2025-05-16,295.8011779785156,297.7059361016334,293.9358751721381,296.43279435054535,2962200
2025-05-19,295.3866882324219,296.95592574058514,291.82390286303786,293.12665130221666,2751300
2025-05-20,292.297607421875,294.3010640831031,290.34348496607834,292.61340055004854,2706600
2025-05-21,282.2605895996094,290.27441690493555,281.3822117694686,289.20855100756717,3447500
2025-05-22,283.4251403808594,285.2706854819025,281.3427428959367,281.89541853736466,2051800
2025-05-23,281.49078369140625,283.3462077343964,277.77993560542603,278.13524430997694,1724200
2025-05-27,289.91912841796875,290.0177968335955,284.3824629185024,286.7313494868479,2604300
2025-05-28,289.52435302734375,291.51796114396154,288.55718563791856,289.623051567925,1676900
2025-05-29,291.5179138183594,292.7318123028881,288.97163043013427,292.38641264477536,2362200
2025-05-30,290.2052917480469,291.8830763390944,287.8169500523429,291.11327602382164,5251700
2025-06-02,291.4685974121094,291.8831192359745,286.5339715585849,288.527579679291,1751200
2025-06-03,293.5016784667969,294.35041962052674,288.8236328763613,291.3403100255633,2202400
2025-06-04,292.0607604980469,294.7451981851201,291.9324554060237,293.916184650393,1842100
2025-06-05,292.09033203125,294.5971301143316,290.2941513139603,292.62327999631265,1696900
2025-06-06,298.5152282714844,299.53175989273694,295.3176006703719,296.36373883909545,2099000
2025-06-09,297.6170959472656,299.81794950561107,295.66297363507084,299.81794950561107,2097800
2025-06-10,295.6037902832031,297.8342506107284,294.1036749983774,297.7553098561853,2045300
2025-06-11,295.1893005371094,299.4232176077611,294.7451721990419,296.2551663824823,2013500
2025-06-12,294.09381103515625,294.6760932499735,290.1559893885383,292.7910927484191,1604500
2025-06-13,284.0271301269531,289.494672478505,282.40855880713207,288.7248722484472,3405600
2025-06-16,290.3730773925781,292.5739310056322,286.2279803067848,287.12608567932534,2307800
2025-06-17,288.9815368652344,290.7382623430129,287.1458706314208,288.27094958666305,2625800
2025-06-18,292.54437255859375,295.32747865183194,288.26109081037913,288.26109081037913,3691500
2025-06-20,294.68597412109375,295.8308108984314,292.7614881680395,293.6891700911349,5687000
2025-06-23,295.7123718261719,295.94922421166615,288.06370231942753,292.9391147112761,3101700
2025-06-24,304.34796142578125,305.1769748799424,298.1994073258819,299.13699820065165,2805900
2025-06-25,304.55517578125,306.70666500790475,303.16360794605765,304.8512713462085,2467200
2025-06-26,307.3482360839844,308.1870983464862,304.1407294235149,305.5322673472586,3255200
2025-06-27,313.04278564453125,315.9344690585256,309.0062654609365,309.97343281631805,4605500
2025-06-30,314.8093566894531,315.94431444943814,313.4375164418136,314.4145625828829,3416600
2025-07-01,318.3129577636719,320.13877525946975,312.1644034231025,312.7861710677018,3836200
2025-07-02,321.3526916503906,322.34949571469576,317.1385319974564,318.7669525118626,3040200
2025-07-03,324.6573181152344,325.65663867994505,320.74910993379973,321.88693314022925,1541800
2025-07-07,319.3144836425781,324.9343636246649,316.8706230236821,324.0537682098425,2160300
2025-07-08,313.6253356933594,321.03605756912197,313.59565439832096,321.03605756912197,2643900
2025-07-09,313.9914245605469,317.5335233855478,313.9518394344306,315.2875581407666,2424200
2025-07-10,321.79791259765625,322.6488267527418,314.1398361749099,314.4861380962284,2844400
2025-07-11,316.0889892578125,320.91734811807294,315.8218575893736,319.56185192054176,2091200
2025-07-14,317.5236511230469,318.36463124307636,314.31792017505705,315.9108969161312,1890900
2025-07-15,307.3623046875,316.06919012887937,307.14463179660044,315.23805349482456,3006500
2025-07-16,308.59906005859375,309.1828122832619,303.3650373057539,309.1333535265244,2921900
2025-07-17,312.0125732421875,313.62532735044874,307.2930360943992,307.62946435535645,3223300
2025-07-18,304.69091796875,308.5595111150931,299.3084881200056,308.5595111150931,5481100
2025-07-21,299.76361083984375,305.8980071132125,299.76361083984375,304.70079103816363,2667200
2025-07-22,300.9212646484375,302.91987587778436,298.5367663421307,299.7735374432479,2296100
2025-07-23,305.39337158203125,306.3135218944583,302.00955307895435,304.7403529167146,2139100
2025-07-24,304.9877014160156,307.2138890175924,303.7509305262508,305.03716017376547,2288100
2025-07-25,308.3121337890625,309.34113564624613,304.25554933796633,306.14533892203724,2149300
2025-07-28,307.45135498046875,310.1821549060294,306.0167187922427,308.3022690970347,1653800
2025-07-29,305.2746276855469,310.30085108137007,304.59192776797124,309.59837370045904,1796400
2025-07-30,300.198974609375,305.4824570447064,298.18055575044406,305.28456159387935,3132400
2025-07-31,296.1423645019531,300.69368819755357,294.9154972306878,298.70495060268695,2718200
2025-08-01,291.1556701660156,291.7889114099035,285.2884358028253,290.9182197968599,3012900
2025-08-04,295.4299621582031,295.9345743944028,292.40234913021493,292.4122529606047,1876000
2025-08-05,293.5006103515625,297.1713381788754,292.10552905776774,296.6766297851015,2181000
2025-08-06,292.4122314453125,294.89564692742056,291.3238669936901,294.06454049016423,3430500
2025-08-07,291.61083984375,295.1331614235208,287.55422470907286,294.5494091038257,2842500
2025-08-08,294.2821960449219,294.974799799137,291.4227975393672,293.85675411899587,1778100
2025-08-11,293.0949401855469,294.29212602087233,291.7691253391874,293.97550540826614,2316700
2025-08-12,300.0010681152344,301.84139911744063,295.3211458409731,295.7366839999644,2170500
2025-08-13,303.6223449707031,304.3446301437409,299.2293317260534,301.4654234770038,2586800
2025-08-14,304.4732360839844,304.6909089830143,299.3084792930049,302.30641092374213,2108300
2025-08-15,302.23712158203125,306.5311864512454,301.02012816684646,306.18488456615034,2728000
2025-08-18,303.8004150390625,303.9884066458121,299.58552002175,301.04983755482584,2115100
2025-08-19,302.8604736328125,305.3043342164768,301.34666721100285,303.4145445980106,2215800
2025-08-20,305.1361389160156,305.7495725085885,300.65408196346954,302.4944129357931,2481700
2025-08-21,304.9085998535156,305.2548715906785,300.8024958254985,303.54319978772355,1848500
2025-08-22,315.7822570800781,318.30525774291436,306.8676024007443,306.9368688207226,2785200
2025-08-25,312.4577941894531,316.56389781318234,312.071937362324,315.68330242180633,1599600
2025-08-26,317.20703125,317.3950228570534,310.79559953350514,311.686068612145,1848600
2025-08-27,319.0473327636719,320.09611215574245,316.12857132143944,316.5342358326523,1970100
2025-08-28,323.52935791015625,324.0735552133291,318.5921782266187,320.56110780245484,2194800
2025-08-29,327.77398681640625,328.54573069030187,323.3512926405343,323.81631973086905,2981300
2025-09-02,327.6750183105469,327.8729137301094,319.29465758084143,323.20286565768913,3225100
2025-09-03,320.28411865234375,328.5556591832108,318.0084719851807,327.24962170024145,3439000
2025-09-04,327.150634765625,327.53652178259,319.4035150783191,321.56043629661957,2485100
2025-09-05,322.7675476074219,328.9414987370489,321.78803464405723,327.19024188248085,2971800
2025-09-08,321.96612548828125,323.9845442208949,320.5710441726957,323.05449001050454,2264400
2025-09-09,320.9074401855469,323.1336279778945,317.4048962710974,319.37385622866026,2056000
2025-09-10,319.92791748046875,321.2141471990523,317.8402324020006,319.5717117433419,1846600
2025-09-11,325.8347473144531,327.19024349720206,319.0077774440231,320.0763343007303,2825900
2025-09-12,321.8671875,326.11179416769477,320.6205126282534,326.11179416769477,2000300
2025-09-15,323.7965393066406,326.77466322896277,322.5498645238154,322.5993232840912,1646300
2025-09-16,323.5788879394531,324.5188158094521,320.27423935671544,324.33082419653124,1987600
2025-09-17,332.44403076171875,333.92815589904785,324.9244573603306,325.41916573944036,3586500
2025-09-18,338.05401611328125,338.84553739295563,331.45459345937593,334.91755189850375,3204000
2025-09-19,337.50982666015625,340.71552717035013,336.12464929122075,338.9049078585634,8632000
2025-09-22,337.3713073730469,341.8533636852304,334.798817989333,335.9168636587833,3328000
2025-09-23,337.8561706542969,345.4944698915627,336.4116305177187,338.32119777838375,2697600
2025-09-24,336.87664794921875,341.3488010817391,334.92749561641705,339.34028615562204,2279100
2025-09-25,336.57977294921875,337.16352519133653,330.46518485930494,333.34439114116196,2223900
2025-09-26,338.06390380859375,339.6964353874479,335.4320516620411,337.836357283389,1728600
2025-09-29,338.6872253417969,341.200352193363,334.91755016174824,340.12189162269357,1658100
2025-09-30,328.6446838378906,339.3303730676026,324.67711285679417,337.984780729691,3327300
2025-10-01,325.0827941894531,332.21648114378445,324.92448387186863,327.49697369205666,2598800
2025-10-02,326.98248291015625,328.46660814635857,322.82692017094763,324.9739679649466,1907600
2025-10-03,326.7450256347656,328.5259941619427,325.2411228249203,328.4864090316657,2404000
2025-10-06,328.4764709472656,330.4652083604507,322.7972282263384,328.48637477745393,2116200
2025-10-07,324.4990234375,331.39525962086464,322.2926131419699,329.1294867339395,1708900
2025-10-08,320.3929748535156,325.66655343171533,320.15549427478214,325.191652663461,2184300
2025-10-09,321.0063781738281,324.83541622946404,320.6204911414414,323.0247968321972,2094800
2025-10-10,313.705810546875,325.45018395280323,313.39831661029325,322.57361117159127,2684700
2025-10-13,320.5104064941406,321.74038229283474,316.4831983747602,316.59232573138286,1693100
2025-10-14,330.1618347167969,333.6137100818939,317.91157003561716,319.0125908962467,2810400
2025-10-15,327.9895324707031,334.19898524258264,327.61259657742943,331.16367051768344,2186000
2025-10-16,320.5104064941406,329.8146563806786,317.4156091483223,328.34659829076753,3268000
2025-10-17,343.82061767578125,345.8838361013786,328.32677299013807,329.69563265746274,7025200
2025-10-20,346.6575622558594,347.3915762271237,339.88270532527594,344.5844450164154,3465400
2025-10-21,352.3511657714844,353.7894673585983,347.95695069827167,349.24643950173754,2658400
2025-10-22,349.15716552734375,354.8408996024201,346.35993324299557,352.41067426800413,2710000
2025-10-23,352.0635070800781,353.30341183011734,347.71887599256263,349.8713639579201,1892600
2025-10-24,354.6722717285156,359.3938387062296,353.9878418843979,355.5054840885042,2397500
2025-10-27,358.74908447265625,359.90961833580184,356.01136517110456,359.07640599861463,2179900
2025-10-28,358.1142578125,359.60214355200924,356.5371025611538,358.3027257611935,1416800
2025-10-29,355.3269348144531,359.07640546174514,353.00583682052104,356.1006341457638,1840500
2025-10-30,355.9815979003906,362.7961091746614,355.0690147371084,355.693931538873,2045100
2025-10-31,357.8166809082031,359.0664843035919,353.1248704675924,354.1167942610407,2155600
2025-11-03,358.699462890625,360.6039698165983,355.9518449910809,358.0844750068441,1822900
2025-11-04,357.57861328125,359.6120753038985,353.96802626597054,356.4180793471332,1887800
2025-11-05,362.8456726074219,364.84937782873357,353.5315249271792,356.78503340979586,2195800
2025-11-06,362.77630615234375,366.27779599295593,359.4831118360484,363.08380011194413,2354600
2025-11-07,365.5635986328125,367.0117988767935,358.0844848500607,361.1991400517432,2752200
2025-11-10,364.908935546875,368.7972599247186,359.83029049028045,366.4960196948389,2876800
2025-11-11,367.1705322265625,370.06693288737836,363.3020353049998,364.9188760074882,2132900
2025-11-12,369.7594299316406,374.1834319454709,367.5177026922074,368.1128327648191,2961500
2025-11-13,361.7843933105469,370.8704193237527,360.4056046418607,368.09301440716746,2273500
2025-11-14,354.2953186035156,359.27479521388256,352.52969553515607,358.87800149604936,2943500
2025-11-17,338.4940185546875,355.33689666125144,336.6589533522561,353.34312000806295,3599000
2025-11-18,337.9087829589844,340.9539964488277,331.4017649133996,334.1295555056257,4216800
2025-11-19,341.85662841796875,342.53112932793596,337.9881014325019,338.95026871655665,2005000
2025-11-20,341.02337646484375,350.27804209435277,337.5715011547158,347.14355938127386,3095700
2025-11-21,350.0400085449219,353.4323710301206,341.519356361309,342.8088754795695,3044100
2025-11-24,353.0554504394531,353.5117572079477,347.35188827329404,350.76410875612873,3330900
2025-11-25,359.7112731933594,360.8519795466558,352.4404545483929,354.1663923304047,2059400
2025-11-26,361.0304870605469,363.76820628639933,359.78065345376893,359.78065345376893,1679900
2025-11-28,362.32000732421875,364.5617648719581,361.0702038798859,362.73662865307176,872300
2025-12-01,357.4000549316406,363.5698220572188,357.2314448407774,360.9213722439846,2229100
2025-12-02,357.78692626953125,360.72301223752567,354.4639754899425,359.1557556838884,2135400
2025-12-03,365.15692138671875,367.21021096304736,357.8861028206216,358.1043272722765,2651800
2025-12-04,368.1524963378906,370.04707434619905,365.1568974895005,366.00993739034465,2027200
2025-12-05,367.3590087890625,371.8524226784983,366.07941852962705,366.4662833664084,1978700
2025-12-08,359.3541564941406,367.0118095143107,357.786930194423,366.92254000398935,2581400
2025-12-09,360.97100830078125,365.09741510833044,359.572392053639,360.09811047807295,2197600
2025-12-10,372.5368347167969,374.9273747450986,360.06834508873965,360.06834508873965,2804400
2025-12-11,381.78155517578125,382.80323545020536,372.56657485701095,373.45930019768355,2975800
2025-12-12,379.4703674316406,384.36054451249834,375.54235764997367,383.36862071007954,2477800
2025-12-15,379.48028564453125,382.6345959821168,376.8020793451555,381.295492832429,2734700
2025-12-16,377.67498779296875,381.67243950610504,375.76058211925584,380.89874015101776,2584400
2025-12-17,372.57647705078125,381.2359825611483,371.52504026404716,378.4685067347652,2973900
2025-12-18,372.48724365234375,377.4667208918581,370.83074772842645,376.9310735219937,2884400
2025-12-19,373.46923828125,374.50081723433834,369.7594226982394,372.5070709878668,7934300
2025-12-22,377.774169921875,379.3314974896125,374.0345979744346,375.2745026740133,2747400
2025-12-23,379.1033630371094,381.4442886965471,377.03024590853914,377.674990330258,1768200
2025-12-24,380.0158996582031,381.6228415876855,377.6650451749479,379.1033467448345,817100
2025-12-26,377.9725646972656,379.57950673548544,377.1988653178767,379.24222599347087,1114900
2025-12-29,372.288818359375,378.30980261299095,371.94163900268313,377.9229378315347,1736800
2025-12-30,370.37445068359375,372.397953486676,369.938001779922,372.0011900118234,1319500
2025-12-31,366.96221923828125,371.34650545043723,366.8828483830382,370.25538322418396,1469300
