Price,Close,High,Low,Open,Volume
Ticker,CL,CL,CL,CL,CL
Date,,,,,
2021-01-04,73.62520599365234,74.69906685983375,72.9267548113647,74.01808062061157,3506000
2021-01-05,73.79108428955078,74.05300515276225,72.78706985606335,73.62520729304613,2559300
2021-01-06,71.8092269897461,74.02680148576148,71.47746639368323,73.4767757620702,9053900
2021-01-07,71.41635131835938,72.07114669110379,70.84012819310126,71.5123885059024,5061000
2021-01-08,71.89653778076172,72.1235353977252,71.43381673685727,71.66954016379823,5569300
2021-01-11,71.71318817138672,72.51640222418862,71.67826495244886,71.89653007511826,4430800
2021-01-12,71.8179702758789,72.24576812539956,71.46001221541584,71.48620296892796,4359800
2021-01-13,72.01878356933594,72.40293245305817,71.80925084227167,71.80925084227167,4069400
2021-01-14,71.53858947753906,72.27195720256402,71.25921034501661,72.26322473128783,3732500
2021-01-15,71.48621368408203,71.97513224631432,71.32033666666713,71.53860185988286,6359600
2021-01-19,70.58696746826172,72.07117489042943,70.49093024314217,72.07117489042943,4004300
2021-01-20,70.01947784423828,70.2377430577938,68.88450273030504,69.40833791065313,6897200
2021-01-21,69.21624755859375,70.22026864251916,68.76225894948291,70.0020034790973,5772000
2021-01-22,68.6456069946289,69.28649455385307,68.39100553339618,69.1635844274786,4816300
2021-01-25,69.01432800292969,69.44451338682946,68.61047954280562,68.663153390357,7750400
2021-01-26,69.13724517822266,69.43573927565049,68.41734016302101,69.24259958219093,5788400
2021-01-27,68.50513458251953,69.34794974988749,68.33832511150624,68.96166365115606,6289700
2021-01-28,69.4884262084961,70.08542115627904,68.50513844211832,68.51391965111364,8037900
2021-01-29,68.47879791259766,70.41024850781571,68.33832536845838,69.27772043666576,7405100
2021-02-01,68.935302734375,69.9712640403047,68.75971879700299,69.04065711565691,6514500
2021-02-02,69.22502899169922,70.01517018291293,68.97042756908044,69.22502899169922,5018800
2021-02-03,69.2513656616211,69.716675865593,68.9440903934121,69.35672005276354,3863600
2021-02-04,69.29527282714844,69.60254813006918,68.87386191307196,69.15480028975654,3869600
2021-02-05,70.12052154541016,70.29610549227353,69.45329049075258,69.49718982651753,3579200
2021-02-08,69.97128295898438,70.34879455469301,69.59377136327575,70.23466563435308,3828700
2021-02-09,69.09335327148438,69.93617519773991,68.7948591419314,69.91861277947207,3682200
2021-02-10,69.45330047607422,69.76935698434639,68.71583305740609,69.35672728198554,4882700
2021-02-11,68.83875274658203,69.62011284181467,68.78607219427346,69.57621349790743,3106000
2021-02-12,68.85628509521484,68.91774013696723,68.2856273086014,68.76849313529674,2732400
2021-02-16,68.6456069946289,68.67194392198066,67.6623192855335,68.52269686825443,5147600
2021-02-17,68.86508178710938,69.28648596872108,68.3558789277381,68.39099705922219,3145000
2021-02-18,69.11090087890625,69.2338109880407,68.55779868970264,68.77728198431396,2565600
2021-02-19,67.77644348144531,69.13724268334119,67.69743270489477,69.0231137734018,4540200
2021-02-22,67.83789825439453,67.98715199519265,67.49550482792063,67.79400561141783,2573400
2021-02-23,68.03103637695312,68.86507686941897,67.60085101866548,68.3032002019948,4131400
2021-02-24,67.28479766845703,68.16273083918126,67.2760164612822,67.67986491604353,4083400
2021-02-25,67.3287124633789,67.75011673113623,66.96875656565696,67.24969497686186,4178100
2021-02-26,66.02057647705078,67.30236489223142,65.97668383423712,67.30236489223142,5421200
2021-03-01,66.37175750732422,67.03898870453389,66.13471845860613,66.23129165944303,3872400
2021-03-02,66.21370697021484,66.766809061346,66.07324116958135,66.40685330692112,4977000
2021-03-03,65.50259399414062,66.08202640018548,65.12508246516501,65.93277936963892,5705600
2021-03-04,65.35334777832031,66.67024754259212,65.20409404781459,65.77475195195208,6337500
2021-03-05,66.77559661865234,66.93362486155878,65.46747803454274,65.50259616608847,10241200
2021-03-08,67.11799621582031,67.82912672350363,66.17860787919604,66.51222681058552,4676200
2021-03-09,65.79230499267578,67.8993389568329,65.7132875350662,67.36380595791293,7085400
2021-03-10,66.54732513427734,67.01262855995869,65.08995311608555,66.09957742171154,7028500
2021-03-11,66.08202362060547,66.60000764931846,65.9415578030872,66.34540623833725,4842600
2021-03-12,66.29273986816406,66.94240858089123,66.18738546957358,66.60879636583651,3141700
2021-03-15,66.44198608398438,66.82827884258568,65.76598045453099,66.7580425777311,4860300
2021-03-16,66.60001373291016,67.0653172617211,66.28395724200105,66.59123252535746,4268600
2021-03-17,66.54732513427734,67.09163931612464,66.1961505890904,66.85460034952942,3914900
2021-03-18,66.78437805175781,66.90728816353389,65.55527023589836,66.42442892387038,3366700
2021-03-19,65.82744598388672,67.16190173792064,65.7133103608161,66.81072705588015,11878800
2021-03-22,66.52101135253906,66.66148391285557,65.70453301547522,65.82744985480235,8160500
2021-03-23,68.25931549072266,68.7597372141776,66.56490391865597,66.89851616825938,6060800
2021-03-24,68.27685546875,68.70704751812357,67.51305794478515,67.51305794478515,4255400
2021-03-25,68.3822250366211,68.95288302821308,68.01349465365996,68.74218090910666,4769500
2021-03-26,69.54985046386719,69.5849685861908,68.0573604065504,68.29440605771048,4170300
2021-03-29,70.14686584472656,70.20832090240158,69.4532977949092,69.4532977949092,3811800
2021-03-30,69.64644622802734,70.00639537698855,69.36550785636283,69.76935634699937,4841700
2021-03-31,69.20748138427734,70.07663344739848,69.01433499289503,70.01517838633131,4493200
2021-04-01,68.9616470336914,69.4093880878371,68.11005086302924,68.94408462092221,4881300
2021-04-05,69.82201385498047,70.15563269818358,69.01431706276854,69.11967143926914,4026900
2021-04-06,70.11174774169922,70.35756797250325,69.54108980699048,69.57620793969092,3814800
2021-04-07,69.90104675292969,70.52437854753191,69.76057421989869,70.43658656343705,5027800
2021-04-08,69.91860961914062,70.10297481401943,69.5235423012717,69.97128347536322,3773000
2021-04-09,70.04150390625,70.38389729044975,69.50596416212254,69.94493072628615,3509000
2021-04-12,70.3751220703125,70.63849798728904,69.90103738203696,70.05906561146215,3510400
2021-04-13,69.99761962890625,70.08541161260483,69.46207982081623,69.79569203811042,4442500
2021-04-14,69.70790100097656,70.06785014845818,69.35672636331464,70.05029443071967,4129600
2021-04-15,70.63849639892578,70.9018790080781,69.85713647603139,70.03272041673426,4010400
2021-04-16,70.84921264648438,71.07747717355923,70.49804469479916,71.00724090398245,8134800
2021-04-19,70.55948638916016,70.74385153829802,69.98004732207137,70.65605956700828,4021200
2021-04-20,71.8043441772461,72.289922189224,70.47119883534019,70.56831578489835,4307300
2021-04-21,71.64542388916016,72.44001402606757,71.34524239930063,72.15749383692412,3755200
2021-04-22,71.55714416503906,72.06920742401981,71.26579329877904,71.45119655845,4036400
2021-04-23,70.44471740722656,71.18633044102583,70.17102784510729,70.99210326727831,3908400
2021-04-26,69.99443817138672,70.53299330084151,69.72074864966163,70.40939114678424,3920000
2021-04-27,69.3587646484375,69.86200390393147,69.22633858315915,69.71191653940795,4148900
2021-04-28,69.54418182373047,69.98562009202733,69.37643986213078,69.80021682764026,3353300
2021-04-29,70.47120666503906,70.83318928739438,69.76490272356281,69.80904924583518,4828400
2021-04-30,71.24812316894531,71.65425224264493,70.2857911209585,70.2857911209585,7252300
2021-05-03,71.57479095458984,71.73370897929956,70.7978621314604,71.37172641464478,3709100
2021-05-04,71.59246063232422,72.39588157568409,71.38057213325256,71.6895775976933,4129500
2021-05-05,71.79551696777344,71.9985815272587,71.09804372197718,71.46885023671042,3093300
2021-05-06,72.66957092285156,72.74903331961947,71.83967149769398,72.06921456432592,3850100
2021-05-07,72.5547866821289,72.8726227419062,72.27226648852829,72.59010254830558,2263700
2021-05-10,73.57891845703125,74.09981905345306,72.78433505852992,72.96973830056774,4206000
2021-05-11,72.78435516357422,73.83497382533167,72.56363599506344,73.78200338034972,5119300
2021-05-12,72.44001770019531,73.13748419016481,72.33407009796316,72.8461400716991,4075100
2021-05-13,73.50830841064453,73.94974671550051,71.91029716671241,72.18399349607661,4300200
2021-05-14,73.77316284179688,74.17046133336598,73.5965902249752,73.71136175232793,4146500
2021-05-17,73.76433563232422,74.40000106598684,73.61424150533283,73.97622411021176,3522100
2021-05-18,73.37586975097656,74.05568172276583,73.06686430925417,73.42001627228552,3024200
2021-05-19,73.46414184570312,73.50828835847167,72.78433000542753,73.10216603708712,4078400
2021-05-20,74.24107360839844,74.76197418958596,73.42882893299364,73.50829131200737,3966900
2021-05-21,74.36468505859375,74.74432219494754,74.1792750797915,74.41765548921575,3497900
2021-05-24,74.51476287841797,74.96503168839006,74.24989728765514,74.55007873957379,3196200
2021-05-25,74.6825180053711,74.7619803909761,74.07333781619315,74.57657713898169,3472800
2021-05-26,74.5412826538086,74.93857448835826,74.33821804195804,74.93857448835826,2601700
2021-05-27,73.88792419433594,74.75313924888054,73.88792419433594,74.48828038426592,4686300
2021-05-28,73.9673843383789,74.68251207295293,73.91441390939193,74.1263023611523,3971700
2021-06-01,72.81967163085938,75.05334855661796,72.50183548675469,75.00037137539084,5587000
2021-06-02,73.17279815673828,73.52595008585853,72.84613817934762,73.07568120783489,3749600
2021-06-03,74.11747741699219,74.12630806777399,73.04037377506545,73.21694637582381,3967000
2021-06-04,74.13513946533203,74.62071749021531,73.89675904251274,74.51477662301832,3660200
2021-06-07,74.07331848144531,74.24106038804855,73.60539514819573,74.24106038804855,3211600
2021-06-08,73.21693420410156,74.36467612566697,73.16396377984255,74.21458203058005,3233100
2021-06-09,72.89027404785156,74.05567063632084,72.86378883335651,73.67603351166277,6530200
2021-06-10,73.80846405029297,73.87026512748514,72.88144789241035,72.88144789241035,4075900
2021-06-11,73.8349609375,74.06451071871153,73.37586811089022,73.89676202446311,2560000
2021-06-14,73.64073181152344,73.86145093566422,73.15514704408845,73.86145093566422,2345200
2021-06-15,73.51712799072266,74.04685931395606,73.41118711472684,73.88794126414875,3220700
2021-06-16,72.3517074584961,74.07332022235022,72.31639833529488,74.07332022235022,3615200
2021-06-17,72.7754898071289,72.96972366052647,71.92792941251241,72.228104105355,3253100
2021-06-18,71.53064727783203,72.59010306320896,71.51299271252483,72.32523743291154,7471300
2021-06-21,71.90147399902344,72.03390010320784,71.62777766680956,71.75137985459104,4226700
2021-06-22,71.76902770996094,72.122179638507,71.53947794603408,71.91911509045386,3159900
2021-06-23,70.85083770751953,71.81316984007628,70.84200705666852,71.76019940659624,3673800
2021-06-24,71.1245346069336,71.38940027331367,70.81552915336597,70.8684995923165,3449800
2021-06-25,71.91912078857422,71.96326730906998,70.9214727420152,71.1686770908395,9475300
2021-06-28,72.1486587524414,72.66072866873449,71.9720794351961,72.04271116209422,2735300
2021-06-29,71.73371887207031,72.46650801683562,71.57480082544427,72.2722741003134,3056700
2021-06-30,71.8219985961914,72.10451879365347,71.35407515062734,72.01623249491148,4687700
2021-07-01,72.16631317138672,72.2899153253042,71.73370563267554,71.95442472692993,3596100
2021-07-02,72.1310043334961,72.50181756717757,72.03388738370009,72.32523823308809,2752200
2021-07-06,72.369384765625,72.4841562809474,71.91028523270965,72.10451913234209,3221000
2021-07-07,72.97858428955078,73.35821476793383,72.31642682775221,72.48416880438764,3220200
2021-07-08,72.69602966308594,73.27873124108406,72.44000146939624,72.90792482007332,3514800
2021-07-09,72.7754898071289,73.11981100694776,72.63422637345387,72.98737822183023,2801600
2021-07-12,73.21693420410156,73.38468286200421,72.81964255053529,72.84612776266479,4482600
2021-07-13,72.9609146118164,73.5612709110464,72.70487961434048,73.08451678496847,2733700
2021-07-14,73.4818344116211,73.61426053464973,72.64309746282139,72.95210297624654,2959200
2021-07-15,73.8349609375,73.95856311142622,72.96974572001646,73.57010202300665,4200800
2021-07-16,74.50593566894531,74.60305260765456,73.86143969657893,73.86143969657893,6527500
2021-07-19,74.13513946533203,75.00918529877237,73.4376662344287,74.49711532127681,4960200
2021-07-20,73.39839935302734,75.25354968953339,73.38064289474335,74.40142253872584,4884100
2021-07-21,72.94572448730469,73.65583402716621,72.83920602469352,73.4783032561476,3579600
2021-07-22,72.6439208984375,73.21201255711561,72.15572654672096,72.46639691092349,3659900
2021-07-23,73.9220962524414,74.08187050892208,72.36873805914216,72.53739054434516,3107500
2021-07-26,74.6410903930664,74.82749936911067,73.62918884476716,73.80671959049847,5947500
2021-07-27,74.51683807373047,75.06717334415109,74.06414981326733,74.36594198690942,4136700
2021-07-28,73.83333587646484,74.79198143605733,73.79782973291277,74.57007311793524,3110700
2021-07-29,74.13513946533203,74.41031042761912,73.70020099037599,74.09964008836481,3974400
2021-07-30,70.56684112548828,71.95154678427362,70.31830490694773,71.47222403190084,9513700
2021-08-02,70.60236358642578,70.85089986241437,69.81237037827397,70.5579792062397,5339300
2021-08-03,70.49583435058594,70.90414485182045,70.20291373923143,70.42482206199614,3635700
2021-08-04,69.45730590820312,70.5402196205962,69.0756233173122,70.3538174397571,4194400
2021-08-05,70.03427124023438,70.46033144716097,69.59045457429133,69.91887457294206,4135100
2021-08-06,69.79460906982422,70.34494419422268,69.50169520609928,70.096407935496,2877400
2021-08-09,69.53720092773438,70.06090818251025,69.26203672647421,69.91888358050127,2563700
2021-08-10,69.88338470458984,69.91888408324158,69.22653107373401,69.72361041223381,2740600
2021-08-11,70.2118148803711,70.4248450435535,69.75024839812473,69.75024839812473,4239100
2021-08-12,69.93663024902344,70.69111721825922,69.9277520196146,70.65561107272869,3595500
2021-08-13,70.51358795166016,70.63785606560482,69.83898478160029,69.89224060983248,3521600
2021-08-16,70.81537628173828,71.14380300679963,70.557961838653,70.557961838653,6098900
2021-08-17,71.03729248046875,71.6497616294136,70.58459759767887,70.6023540561987,3356600
2021-08-18,69.37743377685547,70.91303585461957,69.34192762616478,70.86865147322975,3654100
2021-08-19,70.09642028808594,70.37158451272282,69.40406722473745,69.40406722473745,3527800
2021-08-20,69.94552612304688,70.50473281898381,69.73248919612244,70.22956858683958,3026100
2021-08-23,69.57271575927734,70.10530131115938,69.52833814469157,69.88339292191074,3163400
2021-08-24,68.94246673583984,69.49280173957429,68.9335952800484,69.23538730744545,2923000
2021-08-25,68.92472839355469,69.0845026614388,68.33888715394468,68.7915820416338,3636600
2021-08-26,68.62293243408203,69.04899942374946,68.39215263794618,68.94248098330634,2317300
2021-08-27,68.73831939697266,69.06673935744203,68.53416077464772,68.62292274309608,2294200
2021-08-30,68.92472839355469,69.18214286804047,68.74719766695858,68.90697193484269,1960800
2021-08-31,69.1910171508789,69.48393778264605,68.80933453824127,68.92473120826745,3786900
2021-09-01,69.52832794189453,69.65259607986977,69.08451122852425,69.09338268687561,2658000
2021-09-02,69.69695281982422,69.73245895891554,69.31527028972197,69.5283071242699,2549700
2021-09-03,69.155517578125,69.63483362787368,69.03124267873623,69.59045602361807,3030200
2021-09-07,68.25900268554688,69.19101359494573,68.19686862492028,69.1466359928437,3246400
2021-09-08,69.04012298583984,69.11113528131159,67.99271532999981,68.00159355996009,3863900
2021-09-09,68.61405944824219,69.43068049046933,68.55192538572719,69.29753413590721,3956900
2021-09-10,68.3832778930664,68.76496052564038,68.16136954324679,68.76496052564038,3360100
2021-09-13,68.68505859375,69.39516790410846,68.48978496690049,68.64955245102165,3371400
2021-09-14,68.61405944824219,68.8714671557294,68.42765048859228,68.6850649681844,2950600
2021-09-15,68.5341567993164,69.09336326299798,68.41876692423715,68.77382154953973,3662100
2021-09-16,67.87731170654297,68.5696645171602,67.33585491421844,68.46314609548683,4170600
2021-09-17,67.66429138183594,68.30338168762074,67.61102877727524,67.69091929806386,7334200
2021-09-20,67.61102294921875,68.55191879816451,67.18496278208852,68.36550985642775,4942500
2021-09-21,67.80631256103516,68.44540967067512,67.69092266094663,67.7086723486121,4247500
2021-09-22,67.84181213378906,68.38326897853233,67.6820378718631,68.13473274267074,2811500
2021-09-23,68.05487060546875,68.26790755827903,67.73532194836068,68.108133229725,2393100
2021-09-24,68.01933288574219,68.30337525225309,67.90394300225796,67.99270497202308,2214000
2021-09-27,67.46900939941406,68.04597240200098,67.38911888048126,67.90394782261141,2899700
2021-09-28,67.30036926269531,67.60216816326475,66.93644306236544,67.12284527796454,4949500
2021-09-29,68.41876983642578,68.66730605308523,67.18496020936357,67.3003500893543,4094300
2021-09-30,67.08734130859375,68.60519377535915,67.08734130859375,68.45429770621955,4178800
2021-10-01,67.08734130859375,67.4778954421253,66.6346463290688,67.3269993729857,3473400
2021-10-04,66.6257553100586,67.39799874195592,66.22632302203523,67.0251943701868,3943600
2021-10-05,66.05767059326172,66.64351183989804,66.01329299015903,66.5724995484079,4915400
2021-10-06,66.66127014160156,66.74116067287872,65.69375294040586,65.74700877985347,4052700
2021-10-07,67.0962142944336,67.82408027954156,67.03408021913246,67.04295845049157,3642200
2021-10-08,67.0962142944336,67.36250705835633,66.84767799322907,67.05183668185067,3327900
2021-10-11,67.28262329101562,67.6021718988736,67.07846460239836,67.37138528828588,3742400
2021-10-12,67.16720581054688,67.63765034536624,66.9275478148838,67.1494561254291,2788900
2021-10-13,67.52226257324219,67.65540891815365,66.64350753219355,67.23822019774644,3684000
2021-10-14,67.99271392822266,68.17911612091412,67.46013526737492,67.64653746006638,3739000
2021-10-15,67.68204498291016,68.33889178557124,67.4601366387039,68.04597791801895,4076000
2021-10-18,66.8210220336914,67.46899720889483,66.7233818460292,67.39798493203078,4331000
2021-10-19,66.37721252441406,66.4837309510444,65.94227413352252,66.30620023999384,5206800
2021-10-20,67.06483459472656,67.5381272870187,66.54688882036379,66.59154190243443,5317600
2021-10-21,66.87731170654297,67.5113460298254,66.82373345229799,67.35953643406157,4370500
2021-10-22,67.42205047607422,67.59172404157182,66.60048540343148,66.8058732650397,7665400
2021-10-25,67.10054779052734,67.2880784495383,66.26111900086619,66.99338449404837,6205900
2021-10-26,68.01142883300781,68.03821795781246,67.18093189854395,67.36846258528044,5400200
2021-10-27,67.77924346923828,68.4132777227554,67.52027058037572,68.14537285479997,4583100
2021-10-28,68.65438842773438,68.68118436570548,67.60063969996915,67.77924522092324,4849900
2021-10-29,68.03820037841797,69.16338420811712,67.57383295810531,68.78832293155074,6683300
2021-11-01,67.82388305664062,68.40433900462298,67.57384217150438,67.85960415638911,4008000
2021-11-02,68.10964965820312,68.41327562009434,67.4845474029912,67.68101005837312,4132200
2021-11-03,69.00265502929688,69.0205189864821,67.8328179184915,68.15430101679127,3916000
2021-11-04,69.02052307128906,69.23484287847175,68.64546170544342,68.66331885058204,3407000
2021-11-05,69.51168823242188,69.60991958509233,68.83300755792372,69.25272209876923,3560300
2021-11-08,69.42237091064453,69.60990158640688,68.77047953486638,69.5206022379158,3335900
2021-11-09,69.69921875,69.81530724005259,69.19913005592466,69.53847717210161,3854900
2021-11-10,70.08321380615234,70.12786008195434,69.28843106486116,69.60098906099913,3263500
2021-11-11,69.64561462402344,70.03853988761092,69.51166221024563,70.00281878972999,2788500
2021-11-12,69.68135833740234,70.06535174787125,69.3509499976976,69.5831269896239,3057200
2021-11-15,69.92244720458984,69.9670934644164,69.54737910605317,69.87779413166093,3263900
2021-11-16,69.5473861694336,70.35109387206366,69.51166507008303,70.10105298971276,3140500
2021-11-17,69.27951049804688,69.45810923932424,68.91337422139144,69.44917725832879,3144600
2021-11-18,68.2168197631836,69.25271139003274,68.02035708822226,69.19912632488601,3416600
2021-11-19,68.94014739990234,69.35093667338133,68.28825601327985,68.28825601327985,3978200
2021-11-22,69.26162719726562,69.93138250970883,69.02945026105307,69.12768158525968,3601000
2021-11-23,69.5920639038086,69.81531574402187,68.97588664462619,69.37774404487337,2941800
2021-11-24,69.44023132324219,69.79743551207463,69.09195911273395,69.7170613333633,2350400
2021-11-26,68.81513977050781,70.19037181834358,68.72584040389094,69.45810611111726,2439900
2021-11-29,69.39558410644531,69.72599920131796,68.70797160567162,68.83299206035775,3923000
2021-11-30,66.9933853149414,69.11874643598108,66.98446014995268,68.88656269731644,8702400
2021-12-01,67.32379913330078,68.34182659771425,67.26128891401585,67.42203045119182,3716700
2021-12-02,67.40418243408203,68.10965208447924,67.30595110289177,67.61850224163177,4665300
2021-12-03,68.55614471435547,68.5650766920662,67.36845057673298,67.88638946120852,5206200
2021-12-06,70.17249298095703,70.61899648913858,68.90442465286611,69.02051311227629,6525000
2021-12-07,69.48487854003906,70.38681759624204,69.35985809420143,69.87780383444498,3952500
2021-12-08,69.44023132324219,69.627761989431,68.55614942293367,69.10981625627912,4311200
2021-12-09,69.65455627441406,69.92246113917253,69.03837917333182,69.35986228580049,2928500
2021-12-10,70.96726989746094,71.08335835886187,69.82422198701096,70.10105198663786,4294500
2021-12-13,72.4585952758789,72.55682660155698,70.79760153109036,70.79760153109036,5950900
2021-12-14,73.34268188476562,73.53021258686763,72.39609639422082,72.51218488225412,7682500
2021-12-15,73.90525817871094,74.31604056419181,73.06582945314865,73.16406076414435,6124500
2021-12-16,74.96796417236328,75.06619552573495,73.66417426128193,73.86063696802528,5237600
2021-12-17,73.65522766113281,75.25370435410119,73.44090105444705,74.63753409591398,10299800
2021-12-20,73.69095611572266,73.98565014674092,73.0658537588094,73.30696272130317,5162300
2021-12-21,73.30696105957031,73.88741712817745,73.02119901530128,73.50342374246237,4630800
2021-12-22,73.63737487792969,73.71774907090885,73.12836103274302,73.38733394529125,3373000
2021-12-23,73.93206787109375,74.12853054775614,73.41412205318458,73.646305835886,3936400
2021-12-27,74.9322280883789,75.05724853575744,74.02135704250291,74.1195883673151,3189600
2021-12-28,75.42337799072266,75.61090866201766,74.86078597683763,74.92329620060264,2201000
2021-12-29,75.82524108886719,75.98597583679694,75.23585309404237,75.5394722576038,2628900
2021-12-30,75.53947448730469,76.06635226911848,75.45017513145099,75.99491005919388,2772000
2021-12-31,76.20922088623047,76.2628059439051,75.53946557667587,75.53946557667587,2940200
2022-01-03,75.53947448730469,75.7270119916328,74.55716794670582,75.50376019544652,5327000
2022-01-04,75.7895278930664,76.16458930357872,75.17335070929285,75.39660252218418,4405100
2022-01-05,76.10206604003906,76.45033826347796,75.6466305120407,75.6466305120407,4445900
2022-01-06,75.60197448730469,76.45032839632026,75.15547099559068,75.88773644947754,4154800
2022-01-07,75.40553283691406,75.84310447284729,75.11083881526119,75.70915202545011,2818200
2022-01-10,74.75362396240234,75.46803237183894,74.37856261334471,75.27156971858871,4138000
2022-01-11,74.27139282226562,74.61966501784971,73.6105695297603,74.49464457908121,3562400
2022-01-12,74.00350189208984,74.4053523676173,73.71773988851166,74.13744750852993,5112700
2022-01-13,73.70881652832031,73.9767146056288,73.19980268701936,73.94992547920839,6698400
2022-01-14,74.52143859863281,74.67325498120563,73.26230215023432,73.77131591671089,4431900
2022-01-18,74.22674560546875,74.27139186839672,73.20871815251245,73.9231196772855,6746200
2022-01-19,75.0661849975586,75.94133507400878,74.56610313278959,74.68219161908114,5614600
2022-01-20,74.37854766845703,75.59303763260958,74.33389459692557,74.92328243825055,6377000
2022-01-21,75.123779296875,76.04857196647336,74.61200049670342,75.06991000741897,5690900
2022-01-24,75.123779296875,76.09346760776212,73.83984204730588,75.58168880759054,7339800
2022-01-25,73.39091491699219,74.80953227669515,73.16645040501817,74.69281319650943,7643300
2022-01-26,73.07665252685547,73.37294727218111,71.4605055979084,71.76578084009263,7455000
2022-01-27,74.25286102294922,75.06991516982266,73.26521849769631,73.58844795688651,6242100
2022-01-28,74.56710052490234,74.67483908766002,72.30449480542187,73.58843186247688,5987300
2022-01-31,74.02839660644531,74.43243685606375,73.22032980743562,73.83984723000214,6372200
2022-02-01,73.55253601074219,74.47732878416261,73.19339139045199,74.29775989907444,5174700
2022-02-02,74.34266662597656,74.54917018959537,73.46276251762393,73.67824658186983,6814700
2022-02-03,74.27979278564453,74.76463006078073,73.96553701642036,74.32468157402465,4292100
2022-02-04,72.83424377441406,73.97452042581844,72.55590313500595,73.8129057110409,5173100
2022-02-07,72.83424377441406,73.38193770504277,72.16085027119315,73.14849270589455,3502800
2022-02-08,72.65467071533203,73.2023646659512,72.58284042833961,72.99586115348946,4014100
2022-02-09,72.60980224609375,73.04975088936021,72.10699694653124,72.81630581635316,3757200
2022-02-10,71.5772476196289,72.46612520559077,71.31686795301108,72.16983039356563,3728300
2022-02-11,71.40664672851562,72.03515144812918,71.28094715461552,71.88251037972505,5658400
2022-02-14,71.16424560546875,71.77478947911321,70.04192281201308,71.43359896582928,5624200
2022-02-15,70.5536880493164,71.77477555979931,70.21249760219969,71.52337639883754,4422000
2022-02-16,70.33820343017578,70.94874723964622,69.47626043741411,70.60756361233868,3825700
2022-02-17,71.06548309326172,71.24505200633827,69.92519925986933,70.16762482764909,3840700
2022-02-18,71.42463684082031,71.51442130876167,70.87694268122749,71.2091458976221,3351800
2022-02-22,70.79611206054688,71.64908139267027,70.52675873207151,71.25402162410306,4752300
2022-02-23,70.60755920410156,71.39767185227555,70.51777476569076,71.12831853704316,3703600
2022-02-24,67.86011505126953,70.4100286999254,67.7523696160719,70.15862953457776,7890900
2022-02-25,70.15863037109375,70.3471797473526,68.21027996630538,68.26414925948974,5249900
2022-02-28,69.09017944335938,69.43136991228853,68.36291655978101,69.25179417861166,4801100
2022-03-01,68.27313232421875,69.29669003387026,67.99479849882114,69.13507529812982,3966500
2022-03-02,68.86570739746094,69.16200218810316,68.0306991648139,68.21027487889089,3952800
2022-03-03,69.49421691894531,69.96110010754961,68.97345758734215,68.97345758734215,3884400
2022-03-04,69.45829772949219,69.59297780397736,68.5873743446163,68.86570814180268,3670900
2022-03-07,68.8477554321289,69.35055374724641,68.11151210637259,69.05426579733118,4298600
2022-03-08,67.22264099121094,69.18894564754673,67.14183019705251,68.92856596654683,5263700
2022-03-09,67.8241958618164,68.81183831683725,67.73441142956234,68.3988244483781,7013200
2022-03-10,66.2978286743164,67.68053075881707,65.84889969298942,67.47402726346972,6384200
2022-03-11,66.23499298095703,67.500976265663,66.17214318420585,66.630052760601,4278900
2022-03-14,66.40558624267578,67.58177819686355,66.25295200513203,66.71983521706406,4080800
2022-03-15,67.779296875,68.00376136961198,66.9083735398875,67.15977952794762,4319400
2022-03-16,67.47402954101562,68.14742303573611,66.8365511880271,67.81521311230004,4519900
2022-03-17,67.45608520507812,67.72544540953677,66.98920194747963,67.48302670561563,4187800
2022-03-18,64.82536315917969,67.69851368029461,64.82536315917969,67.68953317972793,14746300
2022-03-21,66.57617950439453,66.62106829933938,65.41794173304388,66.08235480920537,10092700
2022-03-22,66.89041137695312,67.06100656444694,65.9656188660145,66.78266596641303,4958700
2022-03-23,66.10928344726562,67.25854746523446,66.02847951364126,67.06999125321816,3875900
2022-03-24,66.12724304199219,66.45047246986421,65.69626818812519,66.13622354002,3539500
2022-03-25,67.14183044433594,67.39322962688549,66.24397230659383,66.36069824857324,4401000
2022-03-28,67.68950653076172,67.71644117174289,67.19568194573313,67.19568194573313,3646200
2022-03-29,68.4167709350586,68.94651067124181,68.01273761009307,68.36290165175981,4651500
2022-03-30,68.5604476928711,68.5784018415095,67.68952420645847,67.83318479602151,4191400
2022-03-31,68.08457946777344,68.57839729892993,67.68053922397614,68.41678257143371,7711400
2022-04-01,68.61431884765625,68.63227984689516,67.43812685173012,68.12050097041217,6464700
2022-04-04,68.76693725585938,68.80285239595301,67.23160097994767,68.07558964686655,4791900
2022-04-05,69.53911590576172,69.86234541067844,68.48862343983963,68.48862343983963,4398500
2022-04-06,70.76017761230469,70.82302739015027,68.88365792369216,69.296671728122,9991400
2022-04-07,72.20573425292969,72.38530995189784,70.58061356541468,70.81405854901703,8557200
2022-04-08,72.05311584472656,72.33144967651396,71.66703656993407,72.21473058417725,6428000
2022-04-11,72.22370910644531,72.57387322398344,71.79273419633711,72.16085931227472,9495700
2022-04-12,72.72650146484375,72.92403133027256,71.90944735786337,71.99923864223155,6488300
2022-04-13,72.717529296875,73.04973927680068,72.57387555563284,72.72650979636327,4481200
2022-04-14,72.67263793945312,73.14850164385659,72.60978814547745,73.04973670330715,7663700
2022-04-18,71.83763122558594,72.88812359842946,71.57725154468974,72.60080926952917,5230900
2022-04-19,72.37632751464844,72.61874613911772,71.64906479112827,71.69395357708287,4644600
2022-04-20,73.63166809082031,73.87551532828643,72.44857834620653,72.46663778699202,8789900
2022-04-21,74.14647674560547,74.525787160291,73.59557057129544,73.69491475946866,4661100
2022-04-22,73.24334716796875,75.31150173303274,73.16206932402314,74.95928396202463,6136800
2022-04-25,73.88453674316406,74.20063550355103,72.30407050237324,73.58651120294658,5778300
2022-04-26,72.7195053100586,74.390289391988,72.64726066258069,73.99291282457311,4716400
2022-04-27,72.873046875,73.78519676734378,72.43051134157649,72.50276288461947,4415500
2022-04-28,73.35173034667969,73.63169657401707,72.48473215757663,73.0356383335102,5400200
2022-04-29,69.585693359375,70.39849928832483,68.79997315239714,70.20884411221734,14943400
2022-05-02,67.89684295654297,69.87468614934713,67.02081182748748,69.60374627160039,7133000
2022-05-03,67.27367401123047,68.14970499234849,66.76792700781641,67.61686538379243,6073200
2022-05-04,69.54051208496094,70.03723278453924,67.10208130043375,67.25561064747222,8806000
2022-05-05,68.71868896484375,69.42313134057243,68.2400344370591,69.07993987515096,5056300
2022-05-06,69.39602661132812,69.59471494154751,68.42968446095091,68.70062434584779,5379600
2022-05-09,70.14562225341797,70.84103142173129,68.69159241816753,68.95349914088277,5666800
2022-05-10,69.24251556396484,70.43463897072287,68.98060877660953,70.13661328675036,6030700
2022-05-11,69.31475067138672,70.49784062779129,69.08896972457438,69.36893589372963,5555500
2022-05-12,70.03723907470703,70.33526463093446,69.28764482085221,69.91982859501509,5244700
2022-05-13,70.80490112304688,70.84102689873082,69.5224670925591,70.3081803202516,5068600
2022-05-16,71.10293579101562,71.56352394200206,70.09143471162477,70.57008919615228,3981100
2022-05-17,71.13904571533203,71.24742303206277,69.94692279244005,70.90423853117856,4017100
2022-05-18,68.37551879882812,70.86814302591435,68.19489675075513,70.69654725704238,4590300
2022-05-19,67.84266662597656,68.05941442240025,66.7589138632817,67.43625675610791,5477100
2022-05-20,67.85169219970703,68.30325412357374,66.71376111257041,68.07747316164038,6937200
2022-05-23,69.10704040527344,69.34185455741918,68.06845339329446,68.25810859261989,3754700
2022-05-24,70.5520248413086,70.71458738042422,68.96252522443203,69.2153987541037,3539700
2022-05-25,69.98306274414062,70.38043942904703,69.42313038663207,69.82050018125055,3733900
2022-05-26,70.5881576538086,71.08487159653673,70.06434420995338,70.79587226376965,4139100
2022-05-27,71.22035217285156,71.41000736732737,70.57010185448384,70.79588283223437,2742300
2022-05-31,71.1751708984375,71.62673271231473,70.29011360179854,70.91326421955432,5916500
2022-06-01,70.62427520751953,71.4009621915907,70.37140165741032,71.35581013780688,3963400
2022-06-02,71.59061431884766,71.61771381831393,69.77534060097649,70.90424525201998,3588900
2022-06-03,71.28357696533203,71.85254259979716,71.13004754035894,71.36485481727452,3150100
2022-06-06,71.14808654785156,71.96089928520412,70.97649083377512,71.52739686185366,2715500
2022-06-07,71.08486938476562,71.13002832828472,70.08240147317069,70.4346191837,6609400
2022-06-08,70.32624816894531,70.98552464109665,70.24496344933274,70.96746519800904,3131300
2022-06-09,69.40505981445312,71.2654994517884,69.28765620575655,70.5249313513888,6327300
2022-06-10,69.20636749267578,69.76630667399307,67.86974825897106,68.79996457884504,4294600
2022-06-13,68.80899810791016,69.3869967347674,68.1226221546595,68.1226221546595,4490600
2022-06-14,67.07500457763672,68.67353763329746,66.52410537419857,68.51097506645549,3960400
2022-06-15,66.97565460205078,68.15874440357857,65.98221305389654,67.17433602139485,6023400
2022-06-16,66.7589340209961,67.53562132384558,65.64809519990716,66.31640512667637,5342900
2022-06-17,66.86727905273438,67.21949674176129,65.93706275144343,66.52409452991729,11016400
2022-06-21,69.0528564453125,69.16123379990306,67.19242331171917,67.6439852870798,4456700
2022-06-22,70.36236572265625,70.57911346581443,68.96252133204358,69.11605069635202,4653700
2022-06-23,71.23839569091797,71.50933555975372,70.55202663303167,70.57911924185782,3932400
2022-06-24,72.59307861328125,72.71951537672774,71.5002997919012,71.68995493707094,5193400
2022-06-27,72.14153289794922,72.55696905501657,71.67191151309129,71.85253353258548,4564600
2022-06-28,71.23839569091797,72.58405497843859,71.13905153169733,72.24989672557943,3193800
2022-06-29,71.95185852050781,72.24085780879415,71.32870789624806,71.54545563989117,2156900
2022-06-30,72.37632751464844,72.76467095307903,71.3558002882083,71.71705112005084,3565600
2022-07-01,74.02906036376953,74.0742124204357,72.56599730008492,72.74662619761334,4252900
2022-07-05,73.15302276611328,73.92067656523109,72.33117685732891,73.45105525327381,3068500
2022-07-06,73.17107391357422,74.02904550143701,73.10785553470319,73.51426530483394,4797900
2022-07-07,71.76221466064453,72.92724516252117,70.73265410369078,72.87305994066708,5148000
2022-07-08,70.75975036621094,71.87059570355922,70.65137991691022,71.60868896726917,3668500
2022-07-11,71.07583618164062,71.33774289528513,70.52493014436895,70.89521418823142,5459600
2022-07-12,70.72361755371094,71.64480762289338,70.3984924575627,70.9945574305969,3074500
2022-07-13,70.83198547363281,71.51836135102592,70.36236422507103,70.36236422507103,3343300
2022-07-14,70.75070190429688,70.86811238604234,69.62179736619957,69.86564460498901,5753200
2022-07-15,70.57913208007812,71.3377528263507,70.41656950726424,71.12100502602829,4830600
2022-07-18,69.64888763427734,70.59716318645796,69.51341772959853,70.45266700767664,3526600
2022-07-19,70.01918029785156,70.37139799435356,69.7843662034212,69.9830545225325,3712500
2022-07-20,68.70166778564453,70.12821978388125,68.32004399989482,70.08278540982488,5405900
2022-07-21,69.20142364501953,69.30136679768738,68.40182296517489,68.58355354346355,4054400
2022-07-22,70.39173889160156,70.43716634301911,69.11056413936882,69.20143290683124,2537700
2022-07-25,70.73699951171875,71.00959188348047,70.22816781222966,70.41897969953807,2427800
2022-07-26,71.35487365722656,71.42756588485919,70.1009639259696,70.25542971045462,2572400
2022-07-27,71.56385803222656,71.79101603150023,70.64613777411354,71.03684981015675,2421400
2022-07-28,71.95457458496094,72.41797194130271,71.33670451085946,71.80919012879004,5078100
2022-07-29,71.54568481445312,71.92731553941523,70.2281711307426,71.41847688356987,5749800
2022-08-01,73.69005584716797,74.23523367575088,71.56386023600093,71.74558386809117,6899200
2022-08-02,72.92681884765625,74.10803649213814,72.79052263767018,74.07169037398764,20428800
2022-08-03,73.98990631103516,74.28975654400458,72.20898836818421,72.69056223381325,3587300
2022-08-04,73.49925231933594,74.07168806465481,73.10854022679078,73.73549861379215,2787900
2022-08-05,73.0812759399414,73.32660354282497,72.40889016508237,73.32660354282497,2408200
2022-08-08,73.42656707763672,73.61737901091384,73.09037759475909,73.36296309987769,5039700
2022-08-09,72.74507904052734,73.44472959473477,72.69965159782952,73.44472959473477,3254200
2022-08-10,72.9994888305664,73.39928911399895,72.59969547944563,73.14487327265525,3480300
2022-08-11,72.23625183105469,73.25392227701157,72.09995562981656,72.96316028278285,4932800
2022-08-12,72.95406341552734,73.14487530182859,72.31801686221124,72.39979734623289,3277500
2022-08-15,73.8172836303711,73.90814547085489,72.99043186996033,73.14489769201418,4257600
2022-08-16,74.67138671875,74.85311036695278,73.99900090162433,73.99900090162433,2905800
2022-08-17,74.66230010986328,74.74408060598434,74.25341842619692,74.5532686914525,2128500
2022-08-18,75.28015899658203,75.39828559197979,74.27157693294241,74.43513096845996,2634300
2022-08-19,75.66178894042969,76.15245108700574,75.03483753006513,75.40737307160784,4663000
2022-08-22,74.47148132324219,75.48006344434965,74.4169656190674,75.40737121724173,4144100
2022-08-23,73.56285858154297,74.01717465993613,73.28118483127943,73.97174721148474,2567700
2022-08-24,73.59918975830078,73.77183205138225,73.10852766136803,73.77183205138225,2390900
2022-08-25,73.5265121459961,73.64463876254885,73.10854218755625,73.39021593660387,2660000
2022-08-26,71.97273254394531,73.78090809838972,71.84552463151071,73.48106483754319,3407600
2022-08-29,72.31802368164062,72.56335822452813,71.27310233893029,71.75467623057507,2273600
2022-08-30,71.78193664550781,72.66331090083158,71.6002129965456,72.46341072758541,3095500
2022-08-31,71.06411743164062,72.29985767217866,71.00051346039145,72.00909567042342,4054100
2022-09-01,72.50883483886719,72.50883483886719,70.66430609474949,70.99141416241389,5924100
2022-09-02,71.02774810791016,73.07216971448871,70.79150882463587,72.81775391261753,3111700
2022-09-06,70.6643295288086,71.88190039162785,70.473517581445,70.58255595093027,4137000
2022-09-07,71.37305450439453,71.47300459036671,70.79153051272698,70.95507763634022,4264500
2022-09-08,70.72792053222656,71.14589740572818,69.82837667906632,70.83695888170259,5775200
2022-09-09,70.90055847167969,71.6183786303401,70.1554804604127,70.52802293220243,6405300
2022-09-12,70.78242492675781,71.43664099034368,70.53709043675757,71.00049463718274,6390600
2022-09-13,68.5381088256836,70.71882690996031,68.44724701640367,70.47349239936165,3988500
2022-09-14,69.11054229736328,70.30085483825555,68.5744527867941,68.87430298710133,8077500
2022-09-15,68.35639190673828,69.30136313464025,67.72034531481644,69.25593569170378,4982400
2022-09-16,68.77436828613281,68.86523011286587,68.22918346110846,68.4563414940976,5304400
2022-09-19,69.06513214111328,69.12873611476148,68.54721208931704,68.58355820744647,3646200
2022-09-20,68.29279327392578,68.94700257533616,67.96568515706414,68.78344851690534,2738600
2022-09-21,68.0565414428711,69.34679728085311,68.04745318138887,68.67441150972778,2884500
2022-09-22,68.4745101928711,68.81070653890379,67.88389798813787,68.01110591748814,3452100
2022-09-23,68.62896728515625,68.99242143684731,67.95658161053016,68.33820535026567,4471900
2022-09-26,68.14739990234375,68.8561317521582,67.94749975346029,68.62897375248373,3797200
2022-09-27,65.94851684570312,68.72892874222619,65.9030824695941,68.47451287356559,5260600
2022-09-28,66.24836730957031,66.7026833429132,65.60323244178839,66.4664370645274,6450900
2022-09-29,65.21250915527344,66.51185306435983,64.73093535196018,66.25743723863293,4617200
2022-09-30,63.83140563964844,65.68501597337485,63.74963207737115,65.42151182995997,7510600
2022-10-03,64.61283111572266,64.84907740982747,63.67694113393546,64.3584152292927,3840300
2022-10-04,65.276123046875,65.80313129884188,64.71277561339737,64.76729131797589,4066900
2022-10-05,64.61283111572266,65.51237498054658,64.15851505215116,65.51237498054658,3467800
2022-10-06,63.204444885253906,64.56739299703354,63.140840917330024,64.48561943783679,3383000
2022-10-07,62.686519622802734,63.286220069201335,62.45936162322363,63.18626999480157,4316300
2022-10-10,62.22312545776367,63.05906527495121,61.64159457155457,62.713780661360275,4756700
2022-10-11,62.74104690551758,63.26804823503254,62.38668095450213,62.41393880730139,3974400
2022-10-12,62.795555114746094,63.43159471184186,62.75920900458181,62.90459344523895,2819400
2022-10-13,64.52195739746094,64.75819671571162,62.44118937793127,63.2226134178354,4459900
2022-10-14,64.8127212524414,65.54871094307168,64.41292096009316,64.80363299153024,4964800
2022-10-17,65.54872131347656,66.06664135036196,64.75820886462495,65.00354342185715,4118000
2022-10-18,66.25745391845703,68.05654860406672,65.81222611135213,66.27563044333408,10417100
2022-10-19,65.19435119628906,66.60273368146841,65.03079714596058,66.21202161303438,5301800
2022-10-20,64.25228881835938,65.65166139428992,64.19741365162398,65.17606033386457,3436100
2022-10-21,65.36813354492188,65.64251636984098,64.25229191405889,64.4626583600505,5947100
2022-10-24,65.87117767333984,66.392512759727,65.13948310154589,65.889474049998,3500900
2022-10-25,66.54798126220703,66.72175491281797,65.66079570469691,65.85286572570104,3983300
2022-10-26,67.16079711914062,67.37116357328117,66.31934525862412,66.77665696255998,3624800
2022-10-27,66.97785949707031,67.90162389787127,66.82236825095643,67.39858532850882,5128900
2022-10-28,68.2674789428711,68.30406471029859,65.20349244553962,65.52360918800322,5613100
2022-10-31,67.53577423095703,68.68820142520539,67.28882903548589,68.24003800778375,6690600
2022-11-01,67.44432830810547,68.18517801535495,67.26140641729141,67.45347649605303,3716000
2022-11-02,66.55714416503906,68.04798482712127,66.54800295488344,67.3345796656939,3991800
2022-11-03,66.20958709716797,66.54800026587311,65.91690788948502,66.04495460671988,3001600
2022-11-04,66.94129180908203,67.38945534085241,66.13641871591703,66.76751112250813,3947400
2022-11-07,67.22481536865234,67.69127522505659,66.86811282493801,67.2156671814226,3052500
2022-11-08,67.50835418701172,68.36810245757266,67.0876282400202,67.56323633872233,3291500
2022-11-09,67.18820190429688,67.57234187334429,67.15161614848006,67.47173278935291,3368700
2022-11-10,68.5693130493164,68.69735975892304,67.49005722690163,68.39553238141211,3828200
2022-11-11,68.20346069335938,68.94430334959316,67.35286072663749,68.47785048056856,3160000
2022-11-14,68.20346069335938,69.61198144352369,68.1851712972891,68.50528806368504,3243300
2022-11-15,68.88943481445312,69.43820746367257,68.2126154463499,69.03577790919049,3495900
2022-11-16,69.52052307128906,70.03270991641382,69.19125810570246,69.22784387721457,2799000
2022-11-17,68.86198425292969,69.74002172183546,68.63332844400564,69.37417103195267,4618500
2022-11-18,69.93209075927734,70.13330898472312,69.25527152843182,69.57538826072218,4060900
2022-11-21,70.35282897949219,70.6912421434532,69.82234574237145,70.15161071865172,4228200
2022-11-22,69.84980010986328,70.78271302159038,69.59369966501355,70.62722869930647,4288800
2022-11-23,70.36199188232422,70.43516344302759,69.95041406490989,70.00528924642538,3861400
2022-11-25,70.21562194824219,70.63635477261269,70.1150198132213,70.54488686764954,1388800
2022-11-28,69.85893249511719,70.3985639274891,69.7400339656901,70.00527558797152,2511800
2022-11-29,69.48393249511719,69.85892441564727,69.18210513452975,69.47478430836613,2499800
2022-11-30,70.86502075195312,70.86502075195312,69.23698531538473,69.3833284019168,5816100
2022-12-01,71.11195373535156,71.75218718356103,71.04793039053062,71.13024312900559,3507100
2022-12-02,71.49609375,71.56926528060302,70.672931475769,70.85586030227658,2797000
2022-12-05,70.53575134277344,71.09367211349857,70.38940826545839,70.86501628871031,3160000
2022-12-06,70.6180648803711,71.03879076532625,70.14246382981982,70.62721306731115,3020100
2022-12-07,70.92904663085938,71.04794515937927,70.42600097553931,70.66380501060176,4032600
2022-12-08,71.46866607666016,71.49610365993405,70.48087121066666,70.77355039562524,2672300
2022-12-09,71.139404296875,71.66988752392423,71.06623275286354,71.31318496939656,2516700
2022-12-12,71.89854431152344,71.99000525372999,70.99306912104018,71.33147530500668,4774600
2022-12-13,72.0265884399414,72.66682199042084,71.35891032756514,72.48390011257595,3760500
2022-12-14,72.56621551513672,73.02352720447745,71.86195858388193,72.20037174608221,3692000
2022-12-15,71.23086547851562,72.12719945062766,70.62721768343816,71.80708266702426,4021200
2022-12-16,71.12112426757812,71.45038928097615,70.65466433559367,70.8558826191173,9426200
2022-12-19,71.32233428955078,72.1820755222598,70.81014045135917,70.97477293898815,3440300
2022-12-20,71.05709075927734,71.40464512246277,70.54489693487167,71.24916082667106,2831900
2022-12-21,72.24608612060547,72.24608612060547,71.34061108757075,71.35890048162277,3025200
2022-12-22,72.51134490966797,72.53878249627188,71.54184630020697,72.24610327579178,2548400
2022-12-23,72.66681671142578,72.78572220360698,72.20036386340082,72.44730907835392,1488500
2022-12-27,73.11498260498047,73.38022417674239,72.49303853485425,72.76742131466142,3078600
2022-12-28,72.09061431884766,73.57230670214499,72.08146613122844,73.32535448258415,1918700
2022-12-29,72.59365844726562,72.85890005848748,72.21865952097949,72.52048690388943,1954200
2022-12-30,72.06316375732422,72.66681144906248,71.53268061929693,72.55706112948535,2238600
2023-01-03,72.37413787841797,72.41072364710399,71.08452267783967,72.06316931161962,2920200
2023-01-04,72.84060668945312,73.2887701995868,72.42902895251729,72.4381701622997,3976800
2023-01-05,71.83451080322266,72.99607925895175,71.74304987394048,72.73083767941829,2295600
2023-01-06,73.1515884399414,73.59060379928277,72.41073868176495,72.62110515088254,2274500
2023-01-09,72.00830078125,73.53572012998752,71.85280950550457,73.13328361538937,2826000
2023-01-10,71.62415313720703,72.2278079046672,71.35891152526445,72.2278079046672,3397200
2023-01-11,70.54489135742188,71.99914600702944,70.14246185766171,71.74305260408518,9122200
2023-01-12,70.27965545654297,70.97477116224448,69.83149196511417,70.75526351024173,6059000
2023-01-13,71.20342254638672,71.34061743706239,70.03270583826205,70.14246314640698,3800100
2023-01-17,71.55099487304688,72.2278142656661,71.41379996126678,71.48697151128592,5615100
2023-01-18,69.8040542602539,71.64244915990919,69.79490607284639,71.33147359025541,3996300
2023-01-19,68.77967834472656,69.99612916720199,68.77053713470946,69.30101341464133,4436400
2023-01-20,69.43315124511719,69.52518741894053,68.13541802190515,68.79808970848917,11899800
2023-01-23,69.48836517333984,69.64482735668383,68.97295702966115,69.52518104387536,2463400
2023-01-24,69.8933334350586,69.93934800726196,68.56799016999665,69.38712398745594,4219100
2023-01-25,69.73686218261719,69.93934595571876,68.68763446919013,69.4699594147024,3142700
2023-01-26,69.5159683227539,69.7736723686508,69.13861797609307,69.59880577859711,3744000
2023-01-27,65.88969421386719,67.22424321675105,65.29145561530522,67.04936958349846,13482900
2023-01-30,67.07697296142578,67.85929785949499,66.31306653001757,66.45111725611567,9191600
2023-01-31,68.5955810546875,68.60478677530678,67.42670732470641,67.53714788450806,5890100
2023-02-01,69.01898193359375,69.30430321747954,68.2090537262933,68.50357371275804,3722200
2023-02-02,67.85931396484375,68.29188471246295,67.47275077429809,68.27348028525145,5024700
2023-02-03,68.37471771240234,68.47595961021214,67.38991590617877,68.07099201897293,3861200
2023-02-06,67.96974182128906,68.48515697135822,67.44512797029499,68.2918719013891,4186900
2023-02-07,67.60159301757812,67.69363620600605,66.92051695904982,67.58318859303819,3755100
2023-02-08,67.51876831054688,67.8132882815736,67.01255881882436,67.29788008775432,3230100
2023-02-09,67.03096008300781,67.87770399332744,67.01254863779147,67.65681580409384,3740400
2023-02-10,67.69364166259766,67.85930958444877,66.93893380125591,67.1230061491305,3524300
2023-02-13,67.89610290527344,68.14460824215953,67.61078872476041,67.98814608006583,3664300
2023-02-14,67.35309600830078,68.024973378906,67.0953919281485,68.024973378906,2382500
2023-02-15,66.91130828857422,67.17821807505788,66.53395791589668,67.06777748886401,4399200
2023-02-16,66.97574615478516,67.15982553419335,66.02776017204155,66.56157983945981,4701800
2023-02-17,68.58639526367188,68.99136282570514,67.15061139378587,67.15061139378587,5019100
2023-02-21,68.34709930419922,68.77967699313547,68.01576350083992,68.01576350083992,4098100
2023-02-22,68.48514556884766,69.06497961648759,68.28266183166636,68.56797599483568,3645600
2023-02-23,67.79486846923828,68.81647890101279,67.11378548551073,68.48515015297494,3008600
2023-02-24,67.30706787109375,67.51875735744862,66.9573276565823,67.44512562115919,3115000
2023-02-27,67.73965454101562,68.23665829411375,67.38991428005463,67.57398662331624,3434600
2023-02-28,67.46353912353516,67.78566920223888,67.06777730629655,67.45433340074102,3614300
2023-03-01,66.77325439453125,67.50955068129798,66.10137709872171,67.50955068129798,2880800
2023-03-02,67.89610290527344,68.06177078922805,66.76404488317391,66.81005944866175,2916000
2023-03-03,68.06178283691406,68.19063487814162,67.41752263077629,68.10780443245659,2532600
2023-03-06,67.454345703125,68.14462757848824,67.38991967563418,67.83169614359684,3001600
2023-03-07,65.80685424804688,67.5279591178059,65.39268804406031,67.41751151985223,6423000
2023-03-08,66.23025512695312,66.30388689111082,65.56758329335696,65.74245697775359,2942800
2023-03-09,65.65959167480469,66.75484088150047,65.27303560958566,66.57076857098909,4893200
2023-03-10,65.63198852539062,66.06456622529534,65.5215479360766,66.0185516537176,3694600
2023-03-13,65.80685424804688,67.30706392189853,65.66879650608188,65.66879650608188,5949900
2023-03-14,66.48793029785156,66.56156202991356,65.69640673295619,65.99092663929574,5098000
2023-03-15,67.12300872802734,67.2426550565517,65.85289262631036,65.85289262631036,5993500
2023-03-16,67.14141082763672,67.60159872096366,66.83769215469253,67.47274667258492,4256400
2023-03-17,66.45111083984375,67.23343566237459,66.1105763858042,67.23343566237459,9106100
2023-03-20,67.26107025146484,67.46355406633022,66.6260086542799,66.67203025653498,4557500
2023-03-21,66.61680603027344,67.42674132743518,66.23945555747748,67.20584605262147,4561200
2023-03-22,66.3866958618164,67.44512930762566,66.37749716070908,66.91130972321275,3180800
2023-03-23,66.110595703125,66.92052388296007,66.06457410414943,66.35909408062675,3494500
2023-03-24,67.5739974975586,67.68444513443505,66.35910157956117,66.49715937017902,5013500
2023-03-27,68.245849609375,68.54036950955864,67.83167639161441,67.9421239873989,4203900
2023-03-28,68.56798553466797,68.83489531427763,68.3286859008957,68.52196394366638,4241900
2023-03-29,68.54037475585938,69.16623046939318,68.46674301970037,69.02817271957227,2873200
2023-03-30,69.25827026367188,69.39632802073878,68.54037835321503,68.59559864727811,4181600
2023-03-31,69.16622924804688,69.81969509562411,69.08339179085355,69.5896011906219,5153600
2023-04-03,69.3594970703125,69.7184429474975,68.9085150490635,69.24904948429108,3188700
2023-04-04,68.77967834472656,69.85651621585066,68.75206117564632,69.53438612900703,3002600
2023-04-05,69.3594970703125,70.03136724169664,69.32268120830537,69.33188692928407,4949500
2023-04-06,69.65403747558594,70.01298345857333,69.03738740449577,69.5712000061759,3261800
2023-04-10,69.15703582763672,69.3319094735564,68.67844350973807,69.18464597764299,2735100
2023-04-11,69.96696472167969,70.14183836942954,69.30430004886404,69.56200414749958,7115700
2023-04-12,69.99457550048828,70.50077792745374,69.59881366461596,69.9669583308056,4438400
2023-04-13,70.42713928222656,70.52838116207786,69.7920848799605,69.99456863966311,3315000
2023-04-14,69.57120513916016,70.18786227765723,69.35031690761912,70.0682089265602,3756800
2023-04-17,69.67243957519531,70.06820141782998,69.41473549569544,69.73686559507027,4727500
2023-04-18,69.5251693725586,69.93933555821509,69.1846278937043,69.69083725120282,3499300
2023-04-19,69.57120513916016,69.85652641939053,69.14783310291055,69.67244704151445,3629700
2023-04-20,70.72901153564453,70.82163585692693,69.68234327826619,69.79348963709198,7763200
2023-04-21,71.1365737915039,71.78495116889671,71.07173605376462,71.48854907254808,11708600
2023-04-24,72.13693237304688,72.19251262908948,71.11805052486287,71.11805052486287,5350900
2023-04-25,71.97020721435547,72.76678925505624,71.79422308916632,72.28513844910849,6437500
2023-04-26,71.0254135131836,71.92388426872012,70.96057578169038,71.4700201482676,4592000
2023-04-27,72.18323516845703,72.22028631026579,71.118037808499,71.31255100290795,5652600
2023-04-28,73.91533660888672,75.4807066667813,73.23916565913918,73.23916565913918,9633400
2023-05-01,74.7397232055664,75.05464737728525,73.52632102207784,73.95239864270086,6111100
2023-05-02,74.88790893554688,75.0824221403872,74.34142046482165,74.84160030588953,5963300
2023-05-03,75.2676773071289,75.79564373547414,74.67487314431261,74.84159975677865,6380000
2023-05-04,74.83234405517578,75.73081495824574,74.52667738503744,75.517772624481,7441500
2023-05-05,74.64708709716797,75.0268560569197,74.41552272662192,74.65635165068926,5359300
2023-05-08,74.7952880859375,74.99906585289413,74.25805707610337,74.55445917346299,6564700
2023-05-09,74.69339752197266,75.21209941398614,74.61003774652046,75.04537279629848,3363500
2023-05-10,75.1194839477539,75.33252628812603,74.42479080323069,74.61004654850734,5094400
2023-05-11,75.61039733886719,75.64744848695864,74.94349787357288,75.36957547644865,3243300
2023-05-12,75.93457794189453,75.9994156714003,75.31398016887364,75.46218473161967,3483800
2023-05-15,75.10094451904297,76.03645931565674,74.86011563933273,75.85121068005347,4477100
2023-05-16,74.81380462646484,75.29546241601186,74.4710939224848,75.16578694962219,7159500
2023-05-17,74.57298278808594,75.0916846535724,74.23026501737073,74.78601802564663,3083000
2023-05-18,73.8134536743164,74.3414201039726,73.18359836641227,74.20248008210874,4043700
2023-05-19,74.03575897216797,74.13764785798914,73.51705705655738,73.98018578600501,3763300
2023-05-22,72.62786102294922,73.78568301043316,72.45186981948059,73.71158070720588,6066200
2023-05-23,71.35887908935547,72.54448756600281,71.35887908935547,72.51670097151639,5299300
2023-05-24,70.84017181396484,71.72011355144278,70.83090726090558,71.54412237723383,7584200
2023-05-25,70.62713623046875,70.9791115456734,69.96949423620569,70.62713623046875,6149900
2023-05-26,70.59008026123047,71.06247354508294,70.5252425216259,70.58081570792021,5750000
2023-05-30,69.42298889160156,70.28440855116457,69.16363795182484,69.91391124678817,4341300
2023-05-31,68.89503479003906,69.67309481540727,68.82093955597229,69.59899251455613,19133300
2023-06-01,69.37669372558594,69.71940450532084,69.13586477757815,69.3859582800282,4704100
2023-06-02,70.4418716430664,70.50670937245486,69.09879429604474,69.23773430667215,4755200
2023-06-05,70.62713623046875,71.33109392766215,70.22884521233377,70.22884521233377,4681300
2023-06-06,69.99727630615234,70.88648262401459,69.73792534679048,70.72902055108541,5154500
2023-06-07,69.6545639038086,69.86760624654497,68.94134871023483,69.67309301193394,3879600
2023-06-08,70.14547729492188,70.17326388674502,69.53414400767966,69.71939266435612,3218800
2023-06-09,70.24736022949219,70.45113799515565,69.77497402739968,69.89538494948108,3186700
2023-06-12,70.13621520996094,70.6641816735282,69.63603533919455,70.57155734193076,3374700
2023-06-13,69.69161224365234,69.94170572577269,69.5063635705723,69.73792794531431,4121200
2023-06-14,69.85833740234375,70.22884180747123,69.46004640351886,69.6823532866656,2979000
2023-06-15,71.1365737915039,71.15509583080795,69.93243630002195,70.25662498871836,3947600
2023-06-16,72.04431915283203,72.28514812142276,71.40519911059648,71.40519911059648,7368900
2023-06-20,71.89610290527344,72.73899347595611,71.88683835244875,72.1925049946144,5232000
2023-06-21,71.89610290527344,72.1925049946144,71.52559852690142,71.90536039131489,3618100
2023-06-22,72.24808502197266,72.41481165469472,71.73864057010415,72.27587161629569,3939100
2023-06-23,71.42371368408203,72.55374892195016,71.3588759442101,72.55374892195016,10964600
2023-06-26,70.98837280273438,71.23846628008867,70.03432872766405,70.99763735624698,4236600
2023-06-27,70.14547729492188,70.9698458306637,70.04358841371484,70.77533262111842,7488500
2023-06-28,70.31220245361328,70.33998904485983,69.14511615377631,69.7749714669029,5100300
2023-06-29,70.91426849365234,71.08099511822421,69.59898460357626,69.88612215325642,4419100
2023-06-30,71.35887908935547,71.70159691051732,70.92353693097753,71.06247697019363,4781800
2023-07-03,71.45149993896484,71.72938000383348,70.877217769402,70.99763576201076,2092200
2023-07-05,71.20140838623047,71.72937481788264,71.00689518159894,71.5996993481283,4796400
2023-07-06,71.23846435546875,71.40518391348907,70.65491763526335,70.84017336659187,3287700
2023-07-07,70.01580810546875,71.09027030605995,69.96023491122597,71.05321915430322,4420200
2023-07-10,70.293701171875,70.86798352982062,70.00656352629515,70.20107680879626,3724900
2023-07-11,69.83055114746094,70.36778218416322,69.14512258805887,70.36778218416322,5199900
2023-07-12,69.61752319335938,70.14548973195919,69.47858314282584,69.89539622764192,5291500
2023-07-13,70.2658920288086,70.42335410220826,69.4970966349862,69.83054988852884,4346200
2023-07-14,70.8031234741211,70.9791075885201,69.9694903353395,70.22884129700851,2978000
2023-07-17,70.00655364990234,70.74755551677899,69.85834903645606,70.66419572180415,5938900
2023-07-18,70.24736022949219,71.28477109705918,70.08064067589487,70.2288381902425,3916200
2023-07-19,70.78459167480469,70.91426715070666,70.07137655734378,70.4418809456852,5717700
2023-07-20,71.77263641357422,71.93109377423248,70.30922060492433,70.78459979835051,4345900
2023-07-21,71.94974517822266,72.30394526485435,71.5023281795993,72.0056696362561,11117900
2023-07-24,72.22004699707031,72.3412190071964,71.56756427501627,71.88448607977413,3494500
2023-07-25,72.55560302734375,72.63017370268484,71.93108962212689,72.54628702651436,4787400
2023-07-26,72.66746520996094,73.04031150687074,71.95905795697749,72.47172250415991,4116700
2023-07-27,71.87516021728516,73.06826249470288,71.85651399400959,72.63949180822154,5637200
2023-07-28,70.48632049560547,70.59816939775811,68.74326828539907,70.09482800371802,10891400
2023-07-31,71.08287811279297,71.31590616197205,70.29990016959637,70.52361221705351,8106100
2023-08-01,71.43708038330078,71.86585115359591,70.95238515514818,70.95238515514818,4721400
2023-08-02,72.27598571777344,72.56493824360426,71.3159112248303,71.43708325888305,4275700
2023-08-03,71.38115692138672,72.11752644307597,71.04559594665612,72.0709179865765,4935300
2023-08-04,71.08287811279297,71.921780512128,71.03626965837647,71.25997459438192,4574900
2023-08-07,71.67941284179688,71.94972616996486,71.26928129403164,71.26928129403164,2469400
2023-08-08,71.14811706542969,71.89380246562253,71.00829883056514,71.79126956748526,3796200
2023-08-09,71.29724884033203,71.781951089608,71.1108292745801,71.1947159457333,3314900
2023-08-10,71.10151672363281,71.9497422301282,70.95238247117032,71.45572390720304,2552400
2023-08-11,71.67941284179688,71.69805195239981,71.08286174220203,71.26928129403164,2742300
2023-08-14,70.57953643798828,71.92178027245134,70.449041299799,71.86584870504761,4249000
2023-08-15,69.57286834716797,70.44905627102591,69.37712559828648,70.34652333902325,4476300
2023-08-16,69.36778259277344,69.88044710578627,69.17203990001886,69.69402041403109,3639900
2023-08-17,68.9762954711914,69.77791244693483,68.92968702156291,69.38642707127902,2873100
2023-08-18,69.48896789550781,69.60081680904938,68.5382094616938,68.62210325830175,3681500
2023-08-21,68.78986358642578,69.3304831035434,68.51955027214213,69.25591955351146,3157300
2023-08-22,68.51956176757812,68.78055201510014,68.16535462184035,68.5941253301195,3096500
2023-08-23,68.51956176757812,69.13475204938703,68.16535462184035,68.84579957698064,2615300
2023-08-24,68.34246063232422,69.26524964367674,68.32382151888677,68.55684954983599,3692900
2023-08-25,68.81784057617188,69.07883083592112,68.27721383157629,68.4916027514853,2663300
2023-08-28,68.64073944091797,68.98562350299105,68.21196869727254,68.92037593572874,2871100
2023-08-29,68.48229217529297,68.66871179168233,67.53153364193074,68.51957752086135,3566500
2023-08-30,68.83647918701172,69.00425965440374,68.47295602623753,68.62209738011984,2415500
2023-08-31,68.48229217529297,69.07884348148191,68.43568371546938,68.97631055903202,5205300
2023-09-01,68.29585266113281,68.94833541924305,68.04418551497895,68.92968919422354,2412800
2023-09-05,67.83912658691406,68.65938989611325,67.7925252425426,68.04419241421385,2976200
2023-09-06,67.41034698486328,67.89504214924365,67.37306164738003,67.78319324824486,2869100
2023-09-07,68.56616973876953,69.14408185094416,67.70862823924712,67.71795135226085,5704300
2023-09-08,68.23059844970703,68.78987136259109,68.12806555644165,68.5754824644588,3804500
2023-09-11,68.9296875,69.09746796379576,68.22128741859657,68.23060341942616,3286600
2023-09-12,67.5967788696289,68.9669850479748,67.56881663928752,68.9669850479748,3639400
2023-09-13,67.88573455810547,68.24925775428652,67.55017359063805,67.97894435763489,3111800
2023-09-14,68.47294616699219,68.48226927813022,67.64336706196148,67.94164261532701,3409500
2023-09-15,68.20264434814453,68.78055644160081,67.96961631050993,68.31450036633161,5597100
2023-09-18,68.83647918701172,69.0788303313449,67.90436705960072,68.41703157425724,4042700
2023-09-19,68.24925231933594,68.68734616483417,67.6713402299519,68.65938393834728,3016000
2023-09-20,68.75260162353516,68.92969811543404,68.0721565512804,68.48228821737654,4212100
2023-09-21,68.24925231933594,68.9576595399597,68.23060609404381,68.83648040991474,3315200
2023-09-22,67.53152465820312,68.67802576969073,67.42899174939319,68.34246481566761,4242600
2023-09-25,67.31713104248047,67.73657860578031,66.98157014726046,67.34509326517374,3296400
2023-09-26,67.11206817626953,67.50355353388295,67.0281815045455,67.09342906414774,3789400
2023-09-27,66.22657012939453,67.31713962212875,66.01218120900472,67.04682624922475,3572800
2023-09-28,66.46891021728516,66.67397601292753,66.0587857374512,66.4502711047044,3364000
2023-09-29,66.28248596191406,66.91632241663278,65.91896284494527,66.91632241663278,3226300
2023-10-02,65.95626068115234,66.16132650117494,65.48088147214101,66.09607893220881,2634400
2023-10-03,65.6859359741211,66.3104493282544,65.58340308177677,66.03081287432434,3174300
2023-10-04,65.76983642578125,66.11472050970687,65.24785585460899,65.75119731029021,2777200
2023-10-05,64.56741333007812,65.4995255930941,64.46488752368239,65.35971444280347,3565300
2023-10-06,64.7165298461914,64.84702494397058,63.029409573868236,64.3250445528539,6481000
2023-10-09,64.60469818115234,64.82841024281522,63.79376506984384,64.50216526408656,3983500
2023-10-10,64.77247619628906,65.30377987739254,64.5674103699944,64.86568599602703,4737800
2023-10-11,64.194580078125,65.28514982042616,63.896304410706236,64.88434122563348,3310200
2023-10-12,64.96820831298828,65.3969861224635,63.88696201176361,64.1759144772593,7153500
2023-10-13,66.13336944580078,66.20794014174231,65.06144591531638,65.12669349640198,3898000
2023-10-16,67.25189208984375,67.35442499380393,66.24520927538987,66.7578737951908,6437400
2023-10-17,67.18665313720703,67.38239585764515,66.38503602791636,67.16800690966885,10084500
2023-10-18,68.10943603515625,68.44499698555671,67.38238967977242,67.531523929144,6058300
2023-10-19,68.22128295898438,68.71530120579718,67.63404781836115,68.27720740611018,8005100
2023-10-20,68.74671936035156,69.06573339599053,68.40895032026124,68.66227888992864,6560000
2023-10-23,67.51759338378906,68.6153624448739,67.43315291373574,68.49339049088624,4517600
2023-10-24,68.34325408935547,68.41831704572935,67.63955497974483,67.65832429803704,4163300
2023-10-25,68.87808990478516,68.92499889572072,68.09932763958139,68.33389406945727,5355300
2023-10-26,68.56844329833984,69.37535218736467,68.39017056566766,68.76547819099973,6871000
2023-10-27,67.35808563232422,69.94770059076895,67.05784093847542,68.78424613850646,12666500
2023-10-30,69.31905364990234,69.61929832827428,67.89289321723507,68.27757835590016,6534000
2023-10-31,70.48250579833984,70.6326245535478,69.40349905909225,69.6380654303027,7591100
2023-11-01,70.30423736572266,70.65139819337149,69.80695777368378,70.5106569303572,4757700
2023-11-02,70.1822509765625,70.41681731383925,69.63805535606527,70.09780337277668,5624700
2023-11-03,70.20101928710938,70.69829882038019,69.9664529292724,70.25731292230316,4362500
2023-11-06,70.56695556640625,70.78275980608757,70.10720742252684,70.23856403506382,4288100
2023-11-07,70.5857162475586,70.89533842012727,70.1447303201334,70.44497499181048,3275000
2023-11-08,70.59510040283203,71.00793954970185,70.24794671878087,70.54819141875939,3113100
2023-11-09,70.50128936767578,70.8953592729623,70.18228244198662,70.79214946561586,2631900
2023-11-10,70.77336883544922,70.93287225668004,70.06028503211431,70.66077439542859,3667800
2023-11-13,71.26126861572266,71.55213581600123,71.0454715389723,71.12053450410214,2805500
2023-11-14,71.92744445800781,72.1057100546091,71.03608784140759,71.12053546792269,2919900
2023-11-15,70.8108901977539,72.293351233416,70.7170650903417,71.82421853795815,4810900
2023-11-16,71.28942108154297,71.7303998859137,70.89534410218461,70.904728762226,4432800
2023-11-17,70.91410827636719,71.45830398490716,70.8390453182794,71.30817806873158,3231700
2023-11-20,70.8108901977539,71.07360336186682,70.52940771712045,70.63261748279292,3150200
2023-11-21,71.8429946899414,71.86175685171968,70.73584102666925,70.9797920801762,3669500
2023-11-22,72.50914764404297,72.71556717362125,72.11507790124631,72.15260937556934,3217300
2023-11-24,72.53730773925781,72.69681832393076,72.26520986940172,72.69681832393076,1150400
2023-11-27,72.34965515136719,72.67804665319227,72.25583003061686,72.60298369323286,3706600
2023-11-28,73.062744140625,73.18471609041895,72.32151346480397,72.52793304014634,3471200
2023-11-29,73.0721206665039,73.2410087569466,72.68743550173893,73.03458918436127,4010200
2023-11-30,73.90717315673828,74.14173954085163,72.68743225438764,73.0721174019666,7148500
2023-12-01,73.84149169921875,74.11358955216735,73.51310020717652,73.99161761466529,3488400
2023-12-04,74.10420989990234,74.30124478940748,73.65383932503528,73.65383932503528,4154400
2023-12-05,72.88447570800781,74.15113289913002,72.75311909016692,74.12298607507823,4075300
2023-12-06,72.68743896484375,73.04397732458816,72.36842493063149,72.85632706333291,3595400
2023-12-07,72.82817077636719,73.16594692945337,72.4059470058106,72.82817077636719,3107200
2023-12-08,72.40595245361328,72.77187545392232,71.95558898787827,72.77187545392232,4317800
2023-12-11,72.84693908691406,73.07212082185029,72.49040074339852,72.57484120960024,3958200
2023-12-12,73.73828887939453,73.74767353959483,72.74372965011315,73.01582752873507,3798500
2023-12-13,74.48889923095703,74.53581537042376,73.22224220773171,73.57878052912616,4000100
2023-12-14,71.56150817871094,73.91655664214584,71.49582987853854,73.4568085409391,8434000
2023-12-15,72.22767639160156,72.25582320932969,70.83904039703772,71.17681652656954,10225600
2023-12-18,73.24100494384766,73.46619382497957,72.584221936541,72.74372535854434,4212400
2023-12-19,73.30668640136719,73.7101408827717,73.02521102542804,73.19409911435082,3370700
2023-12-20,72.5748291015625,73.49433236661052,72.56544444297302,72.94075204418439,5326800
2023-12-21,73.10026550292969,73.15655913990282,72.20890901993653,72.84692981975581,5267000
2023-12-22,73.65383911132812,73.86025865927671,73.16594421850209,73.31606297075724,4042400
2023-12-26,74.16051483154297,74.45137488057566,73.46620028301405,73.62570371903851,3572700
2023-12-27,74.21681213378906,74.34816875326842,73.6820009949377,73.83212693628491,3268700
2023-12-28,74.34815979003906,74.58272617631616,74.04791510194029,74.53581719409955,2317100
2023-12-29,74.78915405273438,74.85483236185473,74.21681143394325,74.2355807556341,2463300
2024-01-02,75.73680114746094,75.74618580790793,74.4889061687563,74.71408791069446,6099500
2024-01-03,74.95803833007812,76.28099626420523,74.89236002431001,75.96198223733265,4959600
2024-01-04,75.38026428222656,75.61483071152162,74.83607560664554,74.9580475728552,4441900
2024-01-05,75.04248809814453,75.54914523801556,74.61087960975289,75.46470476750328,2825100
2024-01-08,75.43656158447266,75.47409307042223,74.8454496287657,75.17384834122468,3703300
2024-01-09,75.83061981201172,75.86815129220153,75.0424802032195,75.34272488634005,3714500
2024-01-10,75.57730102539062,76.1871679716116,75.25828698179306,75.87754574727131,4491000
2024-01-11,75.586669921875,75.66173288339853,74.97680304509086,75.54913844111324,5186500
2024-01-12,75.91507720947266,76.23408409457545,75.67112613601834,76.08395815448085,5562200
2024-01-16,75.46469116210938,76.13085877906587,75.07062138730086,75.99950218746304,4252000
2024-01-17,75.96198272705078,76.17778696647925,74.85482902382319,75.15507373189854,5357800
2024-01-18,75.84001159667969,75.8775430803955,75.10816556021771,75.4647039179201,4027100
2024-01-19,75.8683090209961,76.06652096400808,75.54739650407016,75.7267342053879,5147500
2024-01-22,75.90608215332031,76.02878995660038,75.21706055511353,75.82113724442995,6237700
2024-01-23,76.84052276611328,77.2275060368253,76.27419454374449,76.55735865492888,7078300
2024-01-24,75.58516693115234,76.47240048704333,75.556851962508,76.33082564382163,5880900
2024-01-25,76.66117095947266,76.86882364277889,75.53796264585864,75.73617460687973,7526400
2024-01-26,78.18080139160156,78.92646000938117,76.5290278867022,76.94432604257312,8668700
2024-01-29,79.24738311767578,79.28513880981988,78.43565373948229,78.62443220020283,6426000
2024-01-30,79.50221252441406,79.8419992671269,78.82262463666805,79.28511914871069,5659900
2024-01-31,79.47390747070312,80.18181047264345,79.20019131364184,79.6532452022331,6330600
2024-02-01,81.28614807128906,81.30502231696236,79.02085692890512,79.29458029872121,6904600
2024-02-02,79.8703384399414,81.24838874972522,79.37952166041408,80.32339232748478,6441000
2024-02-05,79.37008666992188,80.33283885251932,79.0397333528197,79.67213221831497,6627300
2024-02-06,79.03972625732422,79.49278733807978,78.69993224704794,79.34176457744073,6564400
2024-02-07,79.15298461914062,79.55884924225157,78.90757626068357,79.37007081222276,5530400
2024-02-08,79.53054809570312,79.56830378826857,78.8037636158518,79.08692770951164,4819100
2024-02-09,78.77544403076172,79.53997695721758,78.50172067657294,79.53054343550052,4533000
2024-02-12,78.86983489990234,79.0680468865635,78.0392312603944,78.63386722037784,4746500
2024-02-13,78.78487396240234,79.52109182054333,78.12416027346406,79.09635296428065,4469900
2024-02-14,79.01140594482422,79.10579156325758,78.18080242098503,78.58666706129351,6611200
2024-02-15,78.87928009033203,79.96473291784628,78.53004531244028,79.70988377687695,5268900
2024-02-16,78.79431915283203,79.51165560848582,78.61498143833806,79.03972031868994,4805600
2024-02-20,79.86090850830078,80.35171815298797,79.00198262864484,79.2379503272981,5404600
2024-02-21,80.52159881591797,80.79532215485375,80.1534898569398,80.21956051108559,3369000
2024-02-22,81.1728744506836,81.1728744506836,79.70987208884041,80.14405891711033,4114700
2024-02-23,81.40885162353516,81.95629838302165,80.83308989393079,81.17288393766984,3161500
2024-02-26,81.31446075439453,81.81471106403691,81.26726433979506,81.50323201046878,2831700
2024-02-27,81.55986022949219,81.65424584720806,80.86139081584047,80.99353212087489,2638800
2024-02-28,81.93742370605469,81.98462012759255,81.24840203904444,81.5976296342382,2936800
2024-02-29,81.66368865966797,82.08843478945755,81.09736768777705,82.0034826830349,7900500
2024-03-01,81.63536071777344,81.70143136730807,80.93689853681282,81.52210086209159,2402000
2024-03-04,81.95628356933594,82.35270748165668,81.12567285647992,81.29556984764038,3968300
2024-03-05,81.86190795898438,82.3715917936079,81.37109116845242,82.30552113347805,3719400
2024-03-06,82.2866439819336,82.45654098786144,81.72975655094055,81.88077931228159,3522700
2024-03-07,83.19276428222656,83.211645729186,82.14506721200227,82.50374269261079,3215800
2024-03-08,83.12669372558594,83.53255842178346,82.6264433979578,82.93792246272471,2929400
2024-03-11,83.18331909179688,83.64582090235966,82.50373826215434,83.08893346555445,3423400
2024-03-12,83.77796173095703,84.18382640247907,83.0700587365229,83.20220005272434,4251800
2024-03-13,84.19325256347656,84.34427531230997,83.56086100534893,83.92896995417911,3193100
2024-03-14,83.39097595214844,84.0516897711441,83.1455675507408,83.87235203151981,4895500
2024-03-15,83.4853515625,83.79683058830473,82.55092168624701,82.55092168624701,6631000
2024-03-18,83.31546783447266,83.98562240319505,83.1455708116291,83.29659358800663,3430700
2024-03-19,83.78740692138672,83.7968476456192,83.15501521990083,83.53256497641092,3265000
2024-03-20,83.39097595214844,83.83459633890617,83.28714959775144,83.41929092131815,3366600
2024-03-21,83.78740692138672,84.10832673482723,82.98511818952943,83.3909829175743,3416200
2024-03-22,84.19325256347656,84.29707890300928,83.84402505883108,83.98560708557214,3563000
2024-03-25,83.66468811035156,84.40090601474776,83.36264981108232,84.23100902133625,3178500
2024-03-26,83.91011047363281,84.16495240567279,83.61750564657976,83.74965417563867,3287700
2024-03-27,84.90116119384766,85.20319951062365,84.31596600574751,84.5708079100554,4078600
2024-03-28,84.99555206298828,85.29759037281421,84.85397003000334,85.1371268948119,3459700
2024-04-01,84.06111145019531,84.77845510646506,83.78738811818238,84.77845510646506,3070200
2024-04-02,84.06111145019531,84.24044916455301,83.69300250052713,83.78738811818238,3307300
2024-04-03,83.1550064086914,84.10831782260371,82.87184952218449,84.00449147053594,4429200
2024-04-04,82.49430847167969,83.6552655105238,82.38104138448111,83.5514391475491,3155400
2024-04-05,82.94734191894531,83.17387603735791,82.25832044529936,82.80576709638852,3479600
2024-04-08,82.79633331298828,83.0606159387895,82.60755486515778,82.74913690074028,3086900
2024-04-09,82.73026275634766,83.37209507742274,82.31495737178099,83.31545794242453,3176300
2024-04-10,81.7014389038086,82.66419097287698,81.52210838204988,82.42822331689217,4750300
2024-04-11,81.1728744506836,82.09787083967916,81.10680379440973,82.09787083967916,3908300
2024-04-12,81.03128814697266,81.40883782057566,80.87083187606873,80.91802828570451,5907600
2024-04-15,81.33333587646484,82.01292392751829,81.26726521601032,81.61649996479107,4716200
2024-04-16,81.33333587646484,81.86190836126302,81.2861466625184,81.70144487059181,3220400
2024-04-17,81.88077545166016,81.95628682877037,81.09736111675463,81.64480779906171,3886200
2024-04-18,81.843017578125,82.40933848900983,81.55042000108608,82.11674091197091,4880800
2024-04-19,82.71642303466797,82.8398425138631,81.55822827764578,81.7385988932794,6005100
2024-04-22,83.85564422607422,84.23538366849088,82.82085442656197,82.9727531006996,3954100
2024-04-23,84.09295654296875,84.77648589623013,83.91257872948995,84.65306644788132,4014800
2024-04-24,84.36827850341797,84.66257308596002,82.94426124400594,83.76069838550293,4066500
2024-04-25,84.76701354980469,84.96637512508096,84.3398039659892,84.49170263834867,6363600
2024-04-26,86.3998794555664,87.57706507736738,84.6720720657083,86.39038397875807,7541500
2024-04-29,85.90621948242188,86.62772364711878,85.40306783544938,86.3903874179486,4472100
2024-04-30,87.26377868652344,87.42516557607377,86.19102159119139,86.34291300402506,5286700
2024-05-01,87.24479675292969,87.85237690249208,86.2289980113557,86.86505734872152,5219900
2024-05-02,88.2036361694336,88.5264099516337,86.73214871006421,87.18783019586748,9506000
2024-05-03,88.17515563964844,88.33654978447554,86.6846843698484,88.22262578393766,5432700
2024-05-06,88.4599609375,88.57388493664438,87.76693595116072,88.49793560388146,3181900
2024-05-07,89.31436920166016,89.43778143019969,88.43147816214586,88.83969675553261,4008300
2024-05-08,88.73526763916016,89.61815867271665,88.70678845145297,89.49473920208322,7252100
2024-05-09,89.31436920166016,89.54220994778188,88.77324290279184,89.00108364891356,4639600
2024-05-10,90.2826919555664,90.43459060509072,89.29537246243714,89.54220414645103,3007600
2024-05-13,89.67512512207031,90.74788233221207,89.47576354724364,90.21625146600763,3229300
2024-05-14,89.7795639038086,89.92196711435922,89.00110122811712,89.62767245736859,3971500
2024-05-15,89.74156951904297,89.95992202631487,89.43777944996461,89.51372877796584,2536100
2024-05-16,89.74156951904297,90.00738492412071,89.34284641142635,89.85549351104483,3240600
2024-05-17,89.3618392944336,89.75107420819768,89.00109081378888,89.75107420819768,4135200
2024-05-20,89.6086654663086,89.75106865137941,89.05804368026241,89.3618337617143,3900100
2024-05-21,90.34915161132812,90.40611723002442,89.64663841943874,90.02637782473158,4998200
2024-05-22,89.95993041992188,90.26372051734502,89.72259417996857,90.06435894493552,3849900
2024-05-23,88.98210144042969,90.19726176416603,88.90615210946444,89.73207754419911,3948900
2024-05-24,88.57388305664062,89.36183382781857,88.48843824836419,89.08652293459183,2554800
2024-05-28,87.28277587890625,88.84918923157274,87.08341431116555,88.16566696057338,4276900
2024-05-29,86.66569519042969,87.2542916250187,86.60873681521763,87.07391377961164,3115000
2024-05-30,86.32394409179688,86.84608675682396,86.17204540999707,86.64671792622977,3148000
2024-05-31,88.25109100341797,88.3270403250873,86.17202359100733,86.32392223434599,6648000
2024-06-03,87.78591918945312,88.53590248797774,87.13086892707406,87.76692823646819,3197900
2024-06-04,89.05804443359375,89.25740599720852,87.7954211973668,88.00427099525353,3599100
2024-06-05,88.91564178466797,89.20044089281369,88.44096936149873,88.92513001822437,2636800
2024-06-06,89.21943664550781,89.77954665837504,88.83020176096474,89.05804250832372,4217400
2024-06-07,89.13397979736328,89.77953453011175,89.03904676903204,89.32384585402573,2596200
2024-06-10,89.14348602294922,89.24791453958441,88.40299817257356,88.9251335128229,2542900
2024-06-11,89.20044708251953,89.21943803680287,88.2321184589486,89.00108552010572,3553600
2024-06-12,88.5074234008789,89.18145737407391,88.15616319952669,89.13398723448461,3812900
2024-06-13,89.95993041992188,90.09283813486155,88.64982973990618,88.91565241271277,4051700
2024-06-14,89.82701110839844,89.92194414353855,89.07702781781686,89.71308712047453,2722800
2024-06-17,91.08964538574219,91.21306486516326,89.32386319290292,89.74157729015481,3445400
2024-06-18,92.09595489501953,92.16240875127389,90.83332438325955,90.87129905010877,3722000
2024-06-20,92.03898620605469,92.47569123880386,91.37444766565702,91.88709478664674,4381700
2024-06-21,92.34278106689453,92.7225204994577,91.83962939699241,92.07696563697849,6378200
2024-06-24,93.97565460205078,94.04210845885461,92.36177108371383,93.03580512927466,4444000
2024-06-25,93.70034790039062,94.0611036331598,93.33959941054894,93.98515429542655,6376800
2024-06-26,93.25415802001953,93.50098249315647,92.91239325713909,93.10225935077169,3443900
2024-06-27,93.19718933105469,93.53895408268981,92.80796167903672,93.2446594743645,3616400
2024-06-28,92.12442016601562,93.48198351833074,91.87758849025124,93.22565636655686,11036200
2024-07-01,90.70040893554688,92.75099007003539,90.58648494471498,92.50416562095603,4205200
2024-07-02,91.25104522705078,91.3744574712463,90.20675991875156,90.66244871173011,4205800
2024-07-03,91.03268432617188,91.34596988988731,90.68142409628543,90.88079290441489,2114700
2024-07-05,92.13392639160156,92.28581781084486,91.0326828196485,91.13711133915876,2844900
2024-07-08,92.63707733154297,92.97884207590401,92.20037954550982,92.30480806422717,2857300
2024-07-09,92.12442016601562,92.6940255968422,91.60227762938443,92.58959708951596,3390800
2024-07-10,92.45670318603516,92.67505570926211,91.94405604895749,92.23835790573531,2740600
2024-07-11,92.80795288085938,93.0073144265926,92.29530580200554,92.41871802281385,3719900
2024-07-12,93.10225677490234,93.64338309400378,92.92187892089285,93.0358029196768,2564800
2024-07-15,92.32379150390625,93.32060654584922,92.28581683876371,93.1212377431192,3093600
2024-07-16,92.46619415283203,92.98832949893774,92.11493393448957,92.4566986758696,2859800
2024-07-17,94.35538482666016,94.58322556448704,92.78896436288163,92.9978213904423,4117500
2024-07-18,93.51996612548828,94.57373952136938,93.39654665565658,94.19400012091127,3286400
2024-07-19,93.58676147460938,94.53140556318274,93.17646034040045,94.49323716931718,4229200
2024-07-22,93.46270751953125,93.64400556100574,92.85202780915823,93.63446164306593,3265100
2024-07-23,92.12684631347656,93.68216999768738,91.94554827965635,93.65354552495285,4202100
2024-07-24,92.174560546875,92.63257399599769,91.04861840098673,91.04861840098673,4880300
2024-07-25,92.06961059570312,93.8062327005491,91.9551126792617,92.64212201754333,4633900
2024-07-26,94.83674621582031,96.00085675874546,93.81576533110146,94.46461347241006,7137400
2024-07-29,96.25848388671875,96.77374628601804,95.199334612583,96.18215437857857,5398100
2024-07-30,95.88634490966797,96.1344358146518,93.93026398310208,94.41689459534273,5236100
2024-07-31,94.64591217041016,96.14398707278433,93.93980779307635,95.88635223028022,6410200
2024-08-01,96.30619812011719,96.49703281408918,94.20698736691757,94.98942126000583,4921300
2024-08-02,98.10006713867188,98.61532953849817,96.06764929480993,97.32717717887083,5088900
2024-08-05,96.3443603515625,99.37867838281863,95.37108454688756,98.27181684493364,5930000
2024-08-06,97.95693969726562,98.85387143144945,96.51611383592714,96.64969956824976,5267200
2024-08-07,97.73747253417969,99.26417180639709,97.55617449314637,98.03326847070657,4075800
2024-08-08,98.00464630126953,98.38632294826755,96.62107664576284,96.9550409819324,3215400
2024-08-09,97.39398193359375,98.02374959241394,96.68788475724075,97.77565864076863,3646700
2024-08-12,96.64016723632812,97.26039094211322,95.98177513389254,97.18405414881225,3660100
2024-08-13,95.98177337646484,96.93596143562387,95.29476408896717,96.84054408568339,4655900
2024-08-14,97.49893951416016,97.72794261783316,95.1802621598235,95.59056333050455,3149400
2024-08-15,96.79283142089844,98.2431939533485,96.52565995017422,97.785187797786,3303400
2024-08-16,97.31763458251953,97.4035152902624,96.59245692539503,97.00275806713408,3172700
2024-08-19,97.18405151367188,97.62297714343505,96.92642394311328,97.37489349174963,2976500
2024-08-20,98.33861541748047,98.37678381202322,97.06000695974458,97.32717844166689,2691700
2024-08-21,98.7298355102539,98.90158964490297,97.9474016257141,98.38632724095575,3029300
2024-08-22,99.18783569335938,99.28326031341761,98.73937346651718,99.09241835317756,2803500
2024-08-23,99.43592071533203,99.55996252223774,98.38631547571363,99.5218014123252,3212500
2024-08-26,100.27560424804688,100.4091972533065,99.28325522516201,99.30233578026993,2430100
2024-08-27,101.06759643554688,101.18210162221959,99.82715633937255,100.48554114307875,3139400
2024-08-28,100.94355010986328,101.83094524735515,100.40920715563222,101.53514929481678,3217000
2024-08-29,100.96263122558594,101.23934662266602,100.45691274397905,100.95309458697672,2580800
2024-08-30,101.62101745605469,101.8118521355709,100.82903970429727,101.00079382781242,5033800
2024-09-03,102.8423843383789,103.00459455572447,101.4778951691961,101.62102482915621,4230000
2024-09-04,103.78702545166016,103.98741133774857,102.8710058461738,103.20497746973668,4447000
2024-09-05,103.55802154541016,104.29275037554426,103.18588881114154,104.00649106616379,4489800
2024-09-06,102.9187240600586,104.04466625468079,102.84238726858794,103.59619670463711,3937400
2024-09-09,102.20307159423828,102.88054416308066,101.62101636412875,102.44161858100854,4561500
2024-09-10,101.9454345703125,102.82329299537592,101.70688758869359,102.09810813288914,4201100
2024-09-11,101.26795959472656,101.55421887777509,100.02751968789359,101.49696993311576,4991500
2024-09-12,101.46834564208984,101.56377026337344,100.42828424496255,101.04850788392336,2963100
2024-09-13,100.88629913330078,101.39201760195458,100.29469996022613,100.81950626536305,3802300
2024-09-16,100.60004425048828,101.06759434662007,100.323328848323,100.36149724309169,4088700
2024-09-17,99.7698974609375,100.54279471070198,99.46455758444934,100.07523733742566,4031900
2024-09-18,98.45311737060547,99.95119222783717,97.57526616455763,99.45501767481608,4253500
2024-09-19,97.33672332763672,98.37678478972461,97.2222181428705,98.37678478972461,4897900
2024-09-20,98.33861541748047,98.33861541748047,97.20313661931064,97.5943499235892,10926700
2024-09-23,98.57716369628906,99.38822935101024,97.78519315890114,97.97602785420202,3780800
2024-09-24,99.03516387939453,99.36912819133563,98.00463919122541,98.74890459494443,2882600
2024-09-25,98.99700927734375,99.70310638948646,98.71074995302472,99.36914203103228,3258900
2024-09-26,98.33861541748047,99.26417896548054,97.57526936625628,97.937858194597,3603200
2024-09-27,98.91112518310547,99.12104041444516,97.95693724476122,98.07143513824174,4461700
2024-09-30,99.05425262451172,99.38822424394259,98.71074436671975,99.33096801439285,4655500
2024-10-01,97.64205932617188,99.06379740109394,97.3844244906573,99.01608508936852,4076600
2024-10-02,97.3844223022461,97.67068160641247,96.93595278966114,97.3844223022461,4272800
2024-10-03,95.39018249511719,97.08863609444606,95.19934051324599,96.99321874344908,4695000
2024-10-04,94.50277709960938,95.27566702310908,93.9302657755401,94.7031556990398,6029900
2024-10-07,94.0542984008789,95.33291393692032,93.82529534960125,95.01803019149119,4829600
2024-10-08,95.97222137451172,96.07718262660758,93.36728518685005,93.94934039215401,5095000
2024-10-09,96.37298583984375,96.65924514537805,95.68596933046263,95.97222863599694,3542200
2024-10-10,94.69361114501953,96.58290650962326,94.39781520687694,96.58290650962326,4406600
2024-10-11,95.51422119140625,95.52376511015616,94.36919845723459,95.0657516485613,4858700
2024-10-14,96.11536407470703,96.22031806118598,95.34246681518822,95.42834752396897,3180600
2024-10-15,96.8978042602539,97.90924131453558,96.3252855775732,96.3252855775732,3844800
2024-10-16,96.55429077148438,96.75466938769856,96.04857227153282,96.25848752670215,4188300
2024-10-17,95.92451477050781,97.22221098277947,95.48558918104482,97.16496203455104,3377400
2024-10-18,96.33688354492188,96.41360191195287,94.70665848497715,95.63684856549601,4502600
2024-10-21,95.28202819824219,96.36564765781061,95.11900716132999,95.89576048001301,2456300
2024-10-22,95.57928466796875,95.8477915760128,94.62991886702314,94.67786966471579,4018700
2024-10-23,94.91761016845703,95.67518010405756,94.72581429163158,95.24365218466338,3949600
2024-10-24,95.64642333984375,95.87657841799415,94.77377577971944,94.93679680621024,5259700
2024-10-25,91.68592834472656,93.77645601438321,91.24480876697987,92.5777591238981,7978900
2024-10-28,91.81060028076172,92.64489604211387,91.31194553865654,91.31194553865654,4570900
2024-10-29,90.83245086669922,91.59961243721148,90.55435232814918,91.12013371204205,5415000
2024-10-30,90.7749252319336,91.26398831492246,90.16118566871833,90.67902362388197,4551200
2024-10-31,89.86390686035156,91.38865309682205,89.80637175129178,90.66943496851421,4989700
2024-11-01,89.49951171875,90.7557437936098,89.25977232637122,90.06529317295642,4859700
2024-11-04,89.76801300048828,90.3529776662645,89.30771017702341,89.45155526662276,4113700
2024-11-05,90.39132690429688,90.49681280398516,89.28852442699663,89.566622951969,3302600
2024-11-06,86.51715087890625,90.77492471983264,86.34453822815881,90.77492471983264,8777500
2024-11-07,87.04457092285156,87.82133148957247,86.60345134134185,87.09252172538609,4533900
2024-11-08,88.77069854736328,89.07756466530795,87.3130863161925,87.39938898236504,4568000
2024-11-11,88.18573760986328,89.34607539622476,88.13779412093206,88.63644884015775,3539000
2024-11-12,87.74461364746094,89.47074012113023,87.67748691327743,89.47074012113023,4927100
2024-11-13,87.33226013183594,88.1377882445904,87.1692391110605,88.1377882445904,3456100
2024-11-14,87.69666290283203,87.86927555031349,87.0637547395769,87.2747265660837,4705400
2024-11-15,89.72006225585938,90.27625936732413,87.49528112626555,87.61035866127159,7328900
2024-11-18,90.73656463623047,91.22562771158864,89.12551568405766,89.13509999170088,4487700
2024-11-19,89.76801300048828,90.5543578651975,89.16387240368924,90.52559031053067,4918100
2024-11-20,90.05570220947266,90.5639485131516,89.04879390939034,89.57622346015062,4302400
2024-11-21,90.38174438476562,91.02424415393142,89.47073768617324,90.28585009800828,3642800
2024-11-22,91.02423858642578,91.51330893011882,90.61188659395216,91.09136531467662,3538900
2024-11-25,91.427001953125,91.82017802881533,91.03383319369956,91.6187978374611,6159200
2024-11-26,92.61611938476562,92.73118960518731,91.29275331979393,91.6475702373798,4380600
2024-11-27,92.78874206542969,93.9394882916749,92.72161532416982,92.97093903955444,3427500
2024-11-29,92.66405487060547,92.85585074852418,91.92566086034626,92.5393930371568,2447100
2024-12-02,93.1243667602539,93.61343715140141,92.31883862681887,92.79831739406711,4325300
2024-12-03,90.72696685791016,93.19148726413499,89.86390367131558,93.19148726413499,6203500
2024-12-04,90.91876983642578,90.98589657734158,89.86391791506351,90.2666783605583,3971800
2024-12-05,91.19686126708984,91.37906554224607,90.28585452383972,90.39134043932327,4407100
2024-12-06,90.3625717163086,92.14622599993325,90.33379684460392,91.29275437932908,4104800
2024-12-09,89.12551879882812,90.62149026517523,88.99126532447727,90.18996228565683,4933600
2024-12-10,90.0365219116211,90.14200782522843,88.51178295064001,88.90495173350484,4324900
2024-12-11,88.95289611816406,90.84204348666566,88.80905103578172,90.28584640346182,3629400
2024-12-12,89.72006225585938,90.17077345596822,88.7515204388863,89.22140757003024,3519600
2024-12-13,89.60498809814453,90.08446683186102,89.13509367139166,89.62416402833665,3019600
2024-12-16,89.10633087158203,90.40092205842699,88.99126065176085,89.77760552435495,6601500
2024-12-17,89.65293884277344,90.04611494807155,88.62685456216786,88.70357292167952,5633400
2024-12-18,88.94330596923828,90.26666465330796,88.87617923851587,89.04879187698278,4849200
2024-12-19,89.10633087158203,89.77760552435495,88.32957762272812,88.85700718445932,6641100
2024-12-20,88.25286102294922,89.32689609901684,87.7062555191169,88.64603712520923,9929700
2024-12-23,88.13778686523438,88.41587810043318,87.34185038858934,88.1953219737217,2975100
2024-12-24,88.59809112548828,88.70357704565464,87.93640804740213,88.06107721647099,1531600
2024-12-26,88.57890319824219,88.74192421050954,88.14736795156034,88.31998058698012,1919500
2024-12-27,88.04188537597656,88.92413183275242,87.88845598105797,88.92413183275242,2544100
2024-12-30,87.06375122070312,87.84050444484284,86.71852593969325,87.77337771332786,2832100
2024-12-31,87.1788330078125,87.76379037312559,86.55550914688696,87.29390322958835,2911900
2025-01-02,86.83360290527344,87.50487021604118,86.47878600314479,87.32266595329067,3206100
2025-01-03,86.45002746582031,87.0541681085217,86.06644296983254,86.84319626991513,3101700
2025-01-06,83.94713592529297,86.17191691331215,83.77452329190076,85.98012835010512,6077400
2025-01-07,83.80329895019531,84.96363669723432,83.51560876129471,84.3307285244246,4758800
2025-01-08,83.87042999267578,83.99509184559327,83.29505690159122,83.53479629923194,5063900
2025-01-10,82.8155746459961,83.51560956074832,82.34568749480817,82.82516627005538,6711100
2025-01-13,83.52518463134766,83.89917741661938,82.78679068296259,83.11283267370654,8184400
2025-01-14,84.07180786132812,84.17729377864597,83.43889967368662,83.63068825993784,4606600
2025-01-15,84.25401306152344,85.01159042315635,83.96632286273324,84.82938614283817,5125300
2025-01-16,84.92527770996094,84.99240444535437,83.79370751599623,84.00467934616573,3334100
2025-01-17,85.04994201660156,85.8938219728279,84.57046327223695,84.78143509035978,5149900
2025-01-21,85.08850860595703,86.24577877225816,84.7220340790244,85.37782246866018,5048100
2025-01-22,84.43273162841797,86.49653503050747,84.29771700269212,86.26507507976724,5323200
2025-01-23,84.77992248535156,85.11745908266565,83.81552800288502,84.56775452196956,6586200
2025-01-24,84.7509765625,85.54177967002515,84.35557868761008,84.587031281637,5482900
2025-01-27,87.96240234375,88.15528561647517,85.79251519036738,86.3422196415812,5164800
2025-01-28,86.66047668457031,88.6278420370717,86.42902410125984,87.5187870655189,4790700
2025-01-29,86.38081359863281,87.38378474447022,86.36152894636975,86.90158750268758,3225900
2025-01-30,87.65380859375,87.7695385733986,86.74727548086646,87.32591802136393,5415300
2025-01-31,83.61299133300781,84.27842582186364,82.29177571718668,82.38821368540245,11099000
2025-02-03,83.93124389648438,84.16269649353379,82.64859757187502,83.96982055561683,6877800
2025-02-04,83.42011260986328,84.03732441512012,83.08257605351112,83.84444848513176,4073100
2025-02-05,83.53584289550781,83.68049616466854,82.74503980720033,83.54548154162178,4126400
2025-02-06,82.62931060791016,84.09518682517866,82.31105869728604,84.08554817897443,4540500
2025-02-07,83.67085266113281,83.73835996873713,82.38820645890615,82.55215172626738,3988300
2025-02-10,82.89933013916016,83.60334119004051,82.5810782658412,83.43938857309949,4162700
2025-02-11,84.2591323852539,84.28806303692738,82.62930366869911,82.93790954945707,3464500
2025-02-12,83.64192962646484,84.24949545023625,83.38153901788755,83.67086028125225,3411900
2025-02-13,84.6256103515625,84.94386227600849,83.62263927187378,83.69979259132957,3712700
2025-02-14,82.97648620605469,84.34592434208858,82.83182558993965,84.1626870711599,4137100
2025-02-18,83.31403350830078,83.57442412251683,82.2821317713141,82.6871756625996,3827600
2025-02-19,84.30735778808594,84.50987973181319,83.36225538402547,83.93124455577171,4307000
2025-02-20,84.7413330078125,85.12708485626561,83.32367215573815,83.54547873282421,3252800
2025-02-21,86.28437042236328,86.60262234862113,84.38451222698501,84.82813277976312,4747300
2025-02-24,86.90158081054688,88.44461039387609,85.87932509116854,85.92754039698623,5409500
2025-02-25,89.00396728515625,89.29328121399841,87.31627694813277,87.42236092936535,5818200
2025-02-26,86.95942687988281,88.72427010544759,86.79548162489438,88.42531024543997,3930200
2025-02-27,86.98836517333984,87.82739088489184,86.40973004987924,86.75691259550456,3673800
2025-02-28,87.92383575439453,88.66642356334218,86.85335738089522,87.79846713107985,5332900
2025-03-03,89.50544738769531,89.50544738769531,87.6923884535155,87.75024976657839,4732300
2025-03-04,87.8177490234375,91.82963313644366,87.779172365688,89.9490596993176,6107500
2025-03-05,88.48319244384766,88.92681301622245,87.12339271217513,87.1812613835255,3446600
2025-03-06,89.96835327148438,90.15159055954445,88.14564846816093,88.53140769461857,4703900
2025-03-07,93.29551696777344,94.83854661514829,89.53437714384705,89.53437714384705,10097300
2025-03-10,94.0284423828125,96.61301934979856,93.72948251022743,93.87413576615927,9791400
2025-03-11,90.74950408935547,93.28586586127894,90.58555882072585,92.79402269764536,6640500
2025-03-12,87.58628845214844,89.891190198962,87.01729935712706,89.30290909795156,9118300
2025-03-13,87.2969741821289,88.3481678599824,87.0655215960239,87.72131005477564,4396400
2025-03-14,86.62190246582031,87.1330303073171,86.00469065445681,86.53511050379036,4569400
2025-03-17,87.480224609375,88.11672851398392,86.5544067680998,86.97874270450573,5642900
2025-03-18,86.30364990234375,87.58629617719957,86.19756593328079,87.32591293533736,3621600
2025-03-19,87.2198257446289,87.31626370628443,86.01433282957264,86.1975627493947,8242100
2025-03-20,87.0655288696289,87.53808008508003,85.96611979660223,87.32591948877744,5571900
2025-03-21,87.08480834960938,88.1070639544988,86.78584111294306,86.90157107788595,8950600
2025-03-24,87.66345977783203,88.12636500828654,86.87265659787177,86.87265659787177,4611200
2025-03-25,86.40009307861328,87.74060809964634,85.86968055905275,87.73096209521925,5173000
2025-03-26,88.75321197509766,88.98466456185461,86.4193793844569,86.6315473213779,4700500
2025-03-27,89.87191772460938,89.95870969008344,88.65677870375426,89.56331180668138,2956500
2025-03-28,89.51508331298828,90.55663097731596,88.93644817427679,90.55663097731596,2825800
2025-03-31,90.36376190185547,90.97133514712378,89.74655000914356,89.93943332420737,6224600
2025-04-01,90.55663299560547,91.25099812063299,89.86226787057795,90.88452355034337,4916200
2025-04-02,90.2190933227539,90.88452041314812,89.30291428640015,90.64342182848843,4849100
2025-04-03,92.58185577392578,93.77770268417044,91.42458551984964,91.86820602917032,5483400
2025-04-04,88.3963851928711,94.2502583077169,88.06848730438708,93.49802457216344,7434400
2025-04-07,86.01433563232422,87.9624090091248,84.91492664658858,86.55439412138873,7820200
2025-04-08,85.44534301757812,87.39342384071507,84.59667858791916,87.08481792468041,5677700
2025-04-09,87.01730346679688,88.46389495902876,84.36521906437174,84.60631764641039,7407600
2025-04-10,88.53141021728516,89.40900530868137,86.33258477114556,86.93051195707986,6465500
2025-04-11,90.65306854248047,91.16419636872547,88.02991474358652,88.18422137069555,5664200
2025-04-14,91.59818267822266,91.91642723600425,90.16122973517527,90.69164959438676,3658600
2025-04-15,90.90380859375,92.17680877285765,90.85558593575,91.59817366558046,3874800
2025-04-16,90.1612319946289,91.61746962462055,89.89120273507983,91.53067765879928,4120300
2025-04-17,92.61478424072266,93.12877086472713,90.46185299392097,90.56853030066503,7029800
2025-04-21,91.83895874023438,93.32274121086003,91.31527951401159,92.90573190190608,7691400
2025-04-22,92.91542053222656,93.08029017681666,90.95645129783723,91.54802279016577,5233600
2025-04-23,91.05343627929688,92.1299020424415,89.90908562112955,92.1299020424415,8497400
2025-04-24,89.8993911743164,90.63643250751566,89.09447234083336,90.26791554036558,11292300
2025-04-25,91.07283782958984,92.91542998446108,89.06536861445764,92.60509797321868,9599000
2025-04-28,88.21195220947266,91.07283243637931,88.05678991248934,90.81098542430361,7172700
2025-04-29,89.54057312011719,89.82181267028194,87.11610189341998,87.95012058731574,5941100
2025-04-30,89.40479278564453,90.90796032968666,88.59986665751785,90.33578873909661,5916200
2025-05-01,87.95011138916016,89.14294696456048,87.69796433626242,88.4059131159336,4115600
2025-05-02,87.7464599609375,88.822918305841,87.03851115508,88.3186315802907,4715700
2025-05-05,87.99859619140625,88.29923562271831,87.47490957439946,88.19255830820407,4084300
2025-05-06,88.25074768066406,88.80352679325733,87.26156673140716,87.68826861201867,3605600
2025-05-07,88.13436889648438,88.658055530858,87.37793511313308,87.95011412803885,4401100
2025-05-08,88.08587646484375,89.1041497798105,87.77554449282087,87.97919915581421,3550700
2025-05-09,87.09669494628906,88.21195310028128,86.99971758483288,87.9210210159127,3846300
2025-05-12,86.44694519042969,86.84456202180651,84.98256250250131,86.3014754375138,6071500
2025-05-13,85.2249984741211,86.2917715900021,84.31340244632008,86.2917715900021,5458100
2025-05-14,84.92437744140625,85.23470946103731,84.42978324174771,85.0310547668012,3699300
2025-05-15,86.92212677001953,86.97061914686844,85.31228196342643,85.31228196342643,4002900
2025-05-16,88.47379302978516,88.59986284969236,86.8930333089369,87.28095012259466,4650300
2025-05-19,88.96839141845703,89.07506874117247,87.84344065013802,88.7356442593046,3769900
2025-05-20,89.21083068847656,89.37570033565511,88.67745152070496,88.9392911268622,3941800
2025-05-21,88.90049743652344,89.16234443784579,88.28953343160133,88.57077294466333,4569200
2025-05-22,88.15377044677734,89.20114373499219,87.73676112270469,88.3186327054134,5098600
2025-05-23,89.79270935058594,89.93817909837853,87.96950972176192,89.15265281875679,6723700
2025-05-27,89.6375503540039,90.7722011106485,89.27872594939109,89.81211257801839,6055200
2025-05-28,88.98778533935547,90.59763023020562,88.88110802382282,89.3660022220991,5288800
2025-05-29,89.51148223876953,89.53087475341192,88.30893916176562,88.57078620228225,4718600
2025-05-30,90.13213348388672,90.65582009160353,89.48236965276334,89.94787132592208,6317300
2025-06-02,89.15264129638672,89.8896824974192,88.44469256137302,89.43388079939777,3152500
2025-06-03,87.8822250366211,88.94899076728419,87.69796287807904,88.93929081186143,4775900
2025-06-04,87.47490692138672,88.53198007890492,87.24215978718651,87.95980110032767,3948400
2025-06-05,87.42642974853516,87.63008443400551,86.7281808846947,87.50401459982824,5123500
2025-06-06,87.51370239257812,87.96950412048659,87.28095525026892,87.5524948161127,4716500
2025-06-09,88.12467193603516,88.60956612153329,86.9997138742084,87.04820625231744,5893000
2025-06-10,89.16233825683594,89.45327030615042,88.11496512194974,88.42529708055703,4533200
2025-06-11,89.32721710205078,89.83150385397498,88.7453454963232,89.08476998308939,5353800
2025-06-12,90.32609558105469,90.35518805071156,89.17204495867412,89.3950995575413,4701700
2025-06-13,87.53309631347656,90.2388066289377,87.36822667501289,90.06424443442738,5332000
2025-06-16,87.38762664794922,88.65804698736453,87.30034185118221,87.95979820881946,5710500
2025-06-17,85.95233917236328,87.55249143663283,85.85536181671924,87.55249143663283,5145900
2025-06-18,85.52564239501953,86.24328374798219,84.99225580902798,86.06872153792118,5107000
2025-06-20,85.12803649902344,86.00084766112916,85.1086439838208,85.37048363300283,9573100
2025-06-23,85.99113464355469,86.02992706696743,84.74980668993969,85.21530837199442,5095600
2025-06-24,85.51594543457031,86.0687245526426,84.75951163077652,85.72930007644008,4556400
2025-06-25,85.14743041992188,85.60322478464606,84.43948158301613,84.74011364034244,3571100
2025-06-26,85.13772583007812,85.68080497476276,84.78860140880988,85.21531067900406,5813600
2025-06-27,86.02992248535156,86.21418463702447,85.08922661466033,85.21530383376195,6946200
2025-06-30,88.15377044677734,88.49319492011588,85.8262767170439,85.86506914241096,7782700
2025-07-01,89.25932312011719,89.62784003982823,88.07618011617892,88.34771967795528,6022800
2025-07-02,89.60844421386719,89.63753668028187,88.59986345107032,89.05566515529465,5342200
2025-07-03,89.97697448730469,90.30670641975246,89.13326324034219,89.99637440039518,3300900
2025-07-07,90.5103530883789,91.34437170374382,89.8605966365406,89.918781572855,5794100
2025-07-08,89.35630798339844,90.28730401578561,89.3466080271208,89.87029468263209,6099800
2025-07-09,88.81322479248047,89.73452082687074,88.32833058513856,89.36600389289431,6034200
2025-07-10,87.8822250366211,88.8908058325438,87.87252508119832,88.56107393825268,4531900
2025-07-11,86.87364959716797,87.54279858463528,86.40814789384855,87.33914390158883,4372700
2025-07-14,86.16570281982422,86.82515926573774,85.08923704195216,86.82515926573774,3648400
2025-07-15,85.48684692382812,86.98032191247678,85.40926207792214,86.16569582826018,3788200
2025-07-16,85.01165771484375,85.845668961479,84.53645605475916,85.41896708157462,4198000
2025-07-17,84.60433959960938,85.66141282371835,84.32310007023906,85.01165635874133,3788100
2025-07-18,84.72140502929688,85.3750650362856,84.38970340947148,84.58482113369064,4973700
2025-07-21,84.52629089355469,85.08238461877816,84.45799894285231,84.52629089355469,3523500
2025-07-22,86.5360336303711,86.56530798979595,84.58482649152833,84.7897097911796,5047500
2025-07-23,86.62384033203125,86.70189040262585,86.02872156946015,86.69213228298543,3520300
2025-07-24,86.2921371459961,86.98482226574185,86.08726127914386,86.69213820265871,2503800
2025-07-25,85.78482055664062,86.6433490021404,85.35555261225853,86.2335972970108,3186100
2025-07-28,84.36044311523438,85.73604029843492,84.262884245469,85.6579976685814,4823700
2025-07-29,84.74092102050781,85.87261721555339,84.35067812994367,84.7604298155672,4382400
2025-07-30,83.70679473876953,85.31653477957026,83.48240262800871,84.95556619883399,4638800
2025-07-31,81.80435943603516,83.56044887326277,81.49216658533521,83.44337376302605,9561000
2025-08-01,81.47266387939453,84.12630703035963,80.68241985193205,81.97021638775155,9606700
2025-08-04,81.3263168334961,81.95070254312539,80.38973826905215,81.35558375062485,5536400
2025-08-05,81.03363800048828,81.83363270773616,80.8677871638886,80.98486228321704,6373300
2025-08-06,82.54581451416016,82.83849854779025,80.56534055728714,81.13119238589776,5537000
2025-08-07,82.64337921142578,82.91654702568928,82.06777666612267,82.51655342430765,4000400
2025-08-08,82.62387084960938,83.06288949009182,82.26289483985255,82.3994787477033,4133900
2025-08-11,82.38971710205078,82.94581082972262,82.10679862165557,82.6726430257104,3515600
2025-08-12,82.89703369140625,82.92630060658041,82.12630600434161,82.48728199243952,5333800
2025-08-13,84.23360443115234,84.88726444710916,83.03361626853918,83.09215009795518,3534400
2025-08-14,82.5848388671875,83.68726815734361,82.39947181786607,83.56044238022395,3497200
2025-08-15,82.99458312988281,83.23848398631756,82.50678141701333,82.93604930618278,4150400
2025-08-18,82.20436096191406,83.24825651036488,82.19460284185432,83.17020643641638,3906600
2025-08-19,83.75556945800781,83.97020344576498,82.37021410118513,82.40923913925597,4548200
2025-08-20,83.95069122314453,85.80433207465826,83.37508123916587,84.08727512918735,5944100
2025-08-21,84.1750717163086,84.19458795521513,83.21898442128801,83.50190289605432,4925100
2025-08-22,83.84336853027344,85.19945682178364,83.23849167089818,84.45799606565657,4087400
2025-08-25,82.00923156738281,83.90190482552411,81.95069773655844,83.72629588978663,4481900
2025-08-26,82.08728790283203,82.77020745878974,81.8043619601453,81.9507039916405,6163100
2025-08-27,82.38971710205078,82.3994752216982,81.72630638805067,82.09704050200817,4196700
2025-08-28,81.38484954833984,82.61411215369289,81.18973180798875,82.223869229726,5321500
2025-08-29,82.01898956298828,82.24338165291654,81.18972804008399,81.58972162221998,3934700
2025-09-02,82.3311767578125,82.52629447573928,81.54094032396607,82.12630092101023,5288500
2025-09-03,81.76533508300781,82.6824048460357,80.63363878098157,82.45801274368843,5048000
2025-09-04,81.62875366210938,82.04826351933384,80.99460981608193,82.04826351933384,6202400
2025-09-05,83.05313110351562,83.6677661301364,81.09217324283757,81.43363301136871,6165400
2025-09-08,82.13606262207031,83.0043491582614,81.92142865703177,82.84824902250097,3975800
2025-09-09,82.22386932373047,82.62387036815163,81.75558376904658,82.01899346314818,3585200
2025-09-10,81.17021179199219,82.03849834971224,80.28241643845045,81.66777168298532,4406000
2025-09-11,82.00923156738281,82.24338177720902,81.2189950781963,81.3458208594039,3362300
2025-09-12,81.24826049804688,82.47752302558186,81.23850237866766,81.70679534643571,3169100
2025-09-15,80.1263198852539,81.69704225508954,79.60925117529521,81.17997354513086,6605800
2025-09-16,79.49217987060547,80.56534227806362,79.42388792040171,80.34095018838593,6555300
2025-09-17,80.2141342163086,80.94583696222247,79.52145651003528,79.79462434425402,3951900
2025-09-18,79.54095458984375,80.11656454289545,79.03364402940844,79.3263206223758,3719200
2025-09-19,79.18974304199219,79.95071266499285,79.05315913239026,79.7360861236647,14727600
2025-09-22,77.42389678955078,79.40437076589163,77.35560484013435,79.31657002089803,5864000
2025-09-23,78.19462585449219,78.26291780511606,76.83853751834364,77.5604820596909,5400400
2025-09-24,79.15071105957031,79.39461194006812,77.82388967420115,77.88243094694027,6406300
2025-09-25,77.7555923461914,79.52143966025223,77.3555988003443,79.2775387966277,6060000
2025-09-26,77.6482925415039,78.00926857906761,77.24829890720413,77.85317586232743,4263400
2025-09-29,78.43852996826172,78.60438079184752,77.11170849304597,77.66780224050663,4714000
2025-09-30,77.98975372314453,78.52633123413985,77.65804463052976,78.32145537249458,6643900
2025-10-01,77.08244323730469,78.43853165846082,76.93610120729014,78.29218962844627,7014300
2025-10-02,76.3995132446289,77.3751168153922,76.27268746000492,76.682439173342,5667200
2025-10-03,76.09707641601562,76.9458541786925,76.00927566984095,76.41902737185144,6725800
2025-10-06,75.56049346923828,76.50683012243495,75.43366768479737,76.09707840968935,7520900
2025-10-07,77.18000030517578,77.53121819169368,75.20927689268485,75.65806109244134,7362700
2025-10-08,76.09707641601562,77.49218978137316,75.9312255999539,77.01414612902758,5928500
2025-10-09,75.91171264648438,76.59463962265819,75.75561994321858,76.09707970967314,6468300
2025-10-10,76.05805206298828,76.84828855870275,75.91171004145409,76.13610213357511,5100900
2025-10-13,75.10196685791016,75.9995203650606,74.80928280662584,75.56049428813414,5758000
2025-10-14,76.48731994628906,76.55561189718138,75.03367273828731,75.24829926733143,5515100
2025-10-15,75.73609924316406,76.38975926418549,75.58000654909057,75.76537360136305,5321200
2025-10-16,76.17513275146484,76.62390952533167,75.70683973688882,75.82391485134907,7215300
2025-10-17,77.70728302001953,77.86442225870327,76.3617422279162,76.61710192059194,5949700
2025-10-20,77.34388732910156,77.93317259107052,77.28496105085526,77.81532003457791,4087500
2025-10-21,77.2162094116211,77.63853187984255,76.82335008182952,77.41263532993264,4447200
2025-10-22,78.4340591430664,78.99388119958637,77.09834204449811,77.23584167289475,6773600
2025-10-23,77.03941345214844,78.38494655994343,76.54834122462208,78.32602029045388,6198600
2025-10-24,76.60726928710938,78.08048600416917,76.48940925220423,77.79566320635749,4247500
2025-10-27,76.44031524658203,76.66620430613283,75.99834568513162,76.47960192936664,8337400
2025-10-28,75.76262664794922,76.40102207594256,75.39923048292707,76.08673613352295,6814500
2025-10-29,74.3778076171875,75.39923132153586,74.03405104148226,75.33048150502842,8658100
2025-10-30,75.14388275146484,75.39923494323341,74.48584019823625,74.59387669981847,8657900
2025-10-31,75.67423248291016,75.78226897131125,73.28762118188413,74.20101581544144,17696500
2025-11-03,73.64119720458984,75.42869987781359,73.21887477389133,75.20280334797437,10824100
2025-11-04,75.18316650390625,75.22244569097994,73.66083949050198,74.44655810900123,8928100
2025-11-05,75.53673553466797,75.76262456883767,74.65280400425503,75.38941236407119,7515000
2025-11-06,75.89030456542969,76.24387719581975,75.08494635024523,75.23226952843578,6823200
2025-11-07,77.35370635986328,77.57959540873998,75.7135192770772,76.45995122837596,8565900
2025-11-10,77.06887817382812,77.57959000397796,76.64655574973266,76.99030481744579,6801100
2025-11-11,78.051025390625,78.24745129531257,76.52869840320855,77.38316682425216,8253200
2025-11-12,77.15727233886719,78.31620319090149,77.12780920169847,78.0117407826006,5936600
2025-11-13,77.38316345214844,77.93316195584086,77.0787010651998,77.22601674071197,6161100
2025-11-14,76.65637969970703,78.25727250536943,76.47959339349167,77.46173787398418,6950900
2025-11-17,77.40280151367188,77.96262354904918,76.60726690896925,76.8822661553767,6463200
2025-11-18,77.91352844238281,78.22781439660902,77.13763335375629,77.80549194313302,5844000
2025-11-19,77.06887817382812,77.9429861573705,76.93137854674288,77.83494966563671,3832000
2025-11-20,77.45191192626953,77.79566098513521,76.2438709557787,76.68584045417815,5984600
2025-11-21,79.48495483398438,79.89745372639868,77.68762859724905,77.97245140196404,7633100
2025-11-24,77.76620483398438,79.65192054895788,77.69745501603748,79.46531818205523,7111300
2025-11-25,78.394775390625,78.64031152095058,77.79566663317713,78.35548871059274,6097700
2025-11-26,78.61085510253906,78.86621479798852,77.8938862437201,78.060856521419,4049300
2025-11-28,78.95459747314453,79.00370769648003,78.48317229906304,78.57156170926531,2568000
2025-12-01,78.51263427734375,79.24924265749947,78.18852479171494,78.86620689927193,6578100
2025-12-02,77.41262817382812,78.0412000461214,76.4697703653882,78.0412000461214,9270100
2025-12-03,76.80369567871094,78.24744926960868,76.72512981477064,77.58941426345608,5536800
2025-12-04,76.21440887451172,77.09834039035955,76.16530614723371,76.81351759674372,5760200
2025-12-05,76.67601776123047,76.81351738630036,75.86083606033927,76.08673258333556,5649600
2025-12-08,74.75102233886719,76.16531288941728,74.66262543287367,75.90995320819724,6394700
2025-12-09,75.6054916381836,77.11798766884382,75.23227190920106,75.57602100707838,6254300
2025-12-10,76.3715591430664,76.89209453410089,75.40905422693568,75.83137666567141,9298400
2025-12-11,75.87067413330078,77.09835494451924,75.69388779675856,76.45013587947477,7265500
2025-12-12,76.94119262695312,77.0786997436863,75.7724458266449,76.28315764372203,5253700
2025-12-15,78.0117416381836,78.1492412752577,76.85281077343888,77.08852336654188,4667100
2025-12-16,77.5403060913086,78.57156082439597,77.53049004128647,78.52245060161354,5358200
2025-12-17,78.30638122558594,78.69923301571808,77.57958892887278,77.58941247157637,5053700
2025-12-18,76.34209442138672,78.14923668429417,76.1161978919394,77.99209746251289,9910900
2025-12-19,76.9608383178711,77.29476382814747,76.41083983357242,76.65637594165824,11417700
2025-12-22,77.62870788574219,77.65817102400119,76.38138008287589,76.50906367288948,5237900
2025-12-23,78.50281524658203,78.62067529172208,77.42245772555424,77.50103108898094,5919300
2025-12-24,78.81710052490234,78.96442370676012,78.27691802247993,78.34566784159112,1879800
2025-12-26,78.30638122558594,78.91530599619131,78.12959492275944,78.73851969336481,2935000
2025-12-29,78.26709747314453,78.66977282103011,78.02156134855133,78.26709747314453,3255700
2025-12-30,78.09031677246094,78.46352901110774,77.82513354267978,78.1590665925582,2521200
2025-12-31,77.60905456542969,78.25727352774375,77.57959142953683,77.88406131782124,2635300
