Price,Close,High,Low,Open,Volume
Ticker,COP,COP,COP,COP,COP
Date,,,,,
2021-01-04,32.33757019042969,33.22017406424502,32.018853164039854,33.09758915372719,8597600
2021-01-05,34.19267654418945,35.034416863811074,32.688983192629905,32.88511846347001,12393600
2021-01-06,35.55743408203125,35.91701483150907,34.258047095199686,34.756554503365685,11035300
2021-01-07,36.529937744140625,36.766933610117,35.6309888751674,35.998740543498975,9648200
2021-01-08,36.529937744140625,37.167371890939215,36.11315148087675,36.7751044838736,9448700
2021-01-11,37.069297790527344,37.35532507202751,35.39398846146157,36.0395933421996,10839600
2021-01-12,38.752784729003906,38.95709085629928,37.363505557366636,37.60867228662827,13013700
2021-01-13,38.43406677246094,38.79364754328796,38.0826599923149,38.69557835990021,11839900
2021-01-14,39.12053298950195,39.46376887467766,38.22158735433518,38.75278136876506,12857900
2021-01-15,36.873165130615234,38.63836976140363,36.391002595853124,38.63836976140363,30004600
2021-01-19,37.59231948852539,37.714904386016826,36.660684243473476,36.897680049309756,14498800
2021-01-20,37.069297790527344,37.99276219824206,37.02026320621436,37.89469302961609,21178000
2021-01-21,35.295921325683594,37.34715635102814,34.895483108520345,37.11016052272775,16897000
2021-01-22,34.88730239868164,35.124298181332406,34.119112719616524,34.37245336149801,9535400
2021-01-25,34.79740905761719,34.8382696454459,33.70232846950733,34.42965753223272,10739700
2021-01-26,34.061912536621094,35.71270616456012,34.00470707920183,35.197853930323106,7616300
2021-01-27,33.22018051147461,34.39698278748667,32.860599700150416,33.48986300250338,8841600
2021-01-28,33.59610366821289,34.02923170686343,32.999530086733934,33.59610366821289,10283300
2021-01-29,32.713497161865234,33.88212849714843,32.672636558578844,33.18748888888715,11660400
2021-02-01,33.26921081542969,33.489861818908295,32.44381538831128,33.04038893810266,9229400
2021-02-02,33.48169708251953,34.56860431652588,33.42449160270156,33.955685789220574,8834000
2021-02-03,35.31227111816406,35.65550704111697,33.51437653248696,33.71051179095494,11133600
2021-02-04,35.96604919433594,35.97422318518877,34.80559189036086,35.63916126189669,11372300
2021-02-05,36.30111312866211,36.70972540494582,36.03143064739628,36.685209665957366,9543400
2021-02-08,38.22976303100586,38.597514697954615,36.85682555270665,36.979410480844315,12181600
2021-02-09,38.311492919921875,38.769136734180016,37.477923392925675,37.772124769214294,8990300
2021-02-10,38.61386489868164,39.226783389136905,37.927396064673154,38.56483029715794,10853200
2021-02-11,38.30046463012695,38.36644454811285,37.28604698681116,38.34994956861638,8939100
2021-02-12,38.89426040649414,38.94374533111413,37.896338022368404,38.02829467526028,8805400
2021-02-16,40.288055419921875,40.60145367110026,39.43858460725138,39.58703624485719,11066700
2021-02-17,40.708675384521484,40.80764210867427,39.801470450485354,40.56846964138421,9055700
2021-02-18,39.33137512207031,40.51898841270955,39.281893332357335,40.41177262483895,8382200
2021-02-19,39.93342208862305,40.057132837763504,39.182917970872026,39.29838280491414,8502500
2021-02-22,41.9622688293457,42.62205228736617,40.255077755300874,40.55197795183832,12331000
2021-02-23,42.968421936035156,43.29831511919062,40.956082327851576,42.88595021329357,10796500
2021-02-24,45.087989807128906,45.269431422802,42.440607132003635,42.88596210896735,12286600
2021-02-25,43.73542404174805,45.78075374379948,42.90244825652224,45.33540200459977,12864500
2021-02-26,42.89421844482422,43.59524103724526,41.9457805554492,43.3808094127979,13234100
2021-03-01,43.3890380859375,44.50242212946615,43.02615493698112,44.098306263158,7182500
2021-03-02,43.11688232421875,43.949861365379405,43.08389551606903,43.30656984198425,7741100
2021-03-03,44.255008697509766,45.16221037805215,43.33955795570887,43.43027875298212,8007500
2021-03-04,45.87147521972656,47.00135742482615,44.27150037901563,44.50242373954643,15181000
2021-03-05,48.114749908447266,49.06319069808175,47.1003323526122,47.834341573380186,18699600
2021-03-08,48.47761535644531,49.434301773325366,47.57865977235242,48.46936944294476,11283400
2021-03-09,47.751869201660156,49.153907712477796,47.380740065110345,48.35392173602081,10193200
2021-03-10,49.00544357299805,49.29410089281723,47.32299715942586,47.718867088860165,12002400
2021-03-11,49.343589782714844,50.4239839022092,48.98895568584569,49.07967332910275,9328100
2021-03-12,48.815773010253906,49.87142966730202,48.64258044600619,49.68174212368372,6758400
2021-03-15,47.9662971496582,48.30443632716645,46.984869572523365,47.74361966991931,9825200
2021-03-16,46.66321563720703,47.33949385112933,46.160129933805024,47.07558055526184,9399900
2021-03-17,46.86940002441406,47.116818356206664,45.789002762069494,46.44878602888135,9461700
2021-03-18,44.02409362792969,46.663230577689724,43.801416123352574,46.52302482469125,12297200
2021-03-19,43.380794525146484,44.63438443862939,43.17461203568078,43.949860209572705,26925500
2021-03-22,43.083900451660156,43.718939840099914,42.91895380763485,43.595232216652605,11003000
2021-03-23,42.64678955078125,43.52925044059919,41.673607853321116,42.16019870205118,11853800
2021-03-24,43.88386917114258,44.49417056943257,43.44676341110289,43.512740155026655,9671100
2021-03-25,44.180782318115234,44.370469825427115,42.53132244991278,42.93544150190419,9275200
2021-03-26,45.39312744140625,45.459104187248705,44.560148609222615,45.07972924689497,8723100
2021-03-29,44.40345764160156,44.964274221497085,43.80965111086633,44.94777924607723,7901000
2021-03-30,44.065330505371094,44.66738311464831,43.74368626236916,43.875642955551896,7910200
2021-03-31,43.685935974121094,44.27973925627038,43.42202270514489,43.9663442156701,9293100
2021-04-01,44.551910400390625,44.56840537622741,43.323061442357265,43.80965221821008,10165000
2021-04-05,43.05915451049805,44.46119620371739,42.844726084991755,44.46119620371739,10460000
2021-04-06,43.36429214477539,44.25499864660439,43.22408645007886,43.3972789440325,6253600
2021-04-07,43.19935607910156,43.84264443956365,43.00141950490817,43.53749523602332,12408400
2021-04-08,42.259159088134766,42.737500767314515,42.09421248817479,42.57255416735453,10040800
2021-04-09,42.250919342041016,42.877715930847906,41.99525189843617,42.36638104363823,6665300
2021-04-12,41.94576644897461,43.083894679565226,41.91277649537021,42.679775613149204,8564000
2021-04-13,41.8880500793457,42.33340516863035,41.55815672148384,41.63238256969795,6980000
2021-04-14,43.45502471923828,44.17254211995735,42.37463037923963,42.37463037923963,8342200
2021-04-15,42.803489685058594,43.553993884228746,42.69627390057847,43.46327307782982,6763700
2021-04-16,42.13544464111328,43.13336692115487,42.094208781278276,43.08388514779064,7665500
2021-04-19,41.97050857543945,42.66328189102986,41.71484429272439,42.30040182899497,6587700
2021-04-20,40.12311935424805,41.76433043951905,39.93342866868424,41.64886873254668,11928600
2021-04-21,41.26947784423828,41.34370364829999,39.46331766076798,39.61176926889141,7718900
2021-04-22,40.791133880615234,41.302468605854166,40.56845646402945,41.26947865982048,6582700
2021-04-23,41.00557327270508,41.236496647178875,40.54372337766247,40.76640083708863,5670100
2021-04-26,41.442684173583984,41.995251785772645,40.90660839349747,40.93959834989258,6642400
2021-04-27,42.30864715576172,42.6302913431495,41.450927225330844,41.59937887275523,8309600
2021-04-28,43.74367904663086,43.99934332782046,42.61379670490671,42.638540743737636,8897100
2021-04-29,43.81790542602539,44.94778463596782,43.586978888550874,44.53541963930756,9446900
2021-04-30,42.17668914794922,43.718933273846986,42.03648656654718,43.03440905118133,9448200
2021-05-03,43.49625778198242,43.652955335690145,42.52307621536713,42.81997634669307,9325100
2021-05-04,43.35605239868164,43.73542741343374,42.58905330802041,42.66327912795843,12834300
2021-05-05,45.723026275634766,45.91271378237271,43.892127966814364,44.82407052434058,12715300
2021-05-06,45.937461853027344,45.953956830639136,44.279752783137596,45.77251522300466,9648200
2021-05-07,47.092079162597656,47.29001573603972,45.211695872326,45.41787836103456,9645500
2021-05-10,47.009613037109375,48.939481487634524,46.97662307991516,48.007535646518434,8801700
2021-05-11,45.953956604003906,46.77868660395461,45.483860755719626,46.011687452312835,9741400
2021-05-12,45.92920684814453,47.5951616182256,45.7395193492965,46.27559504098064,7925100
2021-05-13,45.08142852783203,46.0704926203484,44.524558218016395,45.388952124568185,7581500
2021-05-14,46.9764518737793,47.08450192456475,45.73804084098654,45.74635409058775,6419900
2021-05-17,48.455894470214844,48.480831049073124,46.6024360842576,46.6024360842576,11441900
2021-05-18,47.6164436340332,48.73849155202504,47.342163422191135,48.43096784800694,10322000
2021-05-19,46.1951904296875,46.98477820381293,45.56351640569495,46.49440093673062,9406200
2021-05-20,46.03726577758789,46.26167601357103,45.40559498675045,46.253365932494546,8798800
2021-05-21,46.253360748291016,46.90165479919536,46.18686742482586,46.594131104609474,6032300
2021-05-24,46.62737274169922,46.76035621276546,45.929208725957444,46.6439960719045,6372800
2021-05-25,45.61336898803711,46.86009005491783,45.521942269173756,46.54425316354687,8090600
2021-05-26,46.06218719482422,46.178550493624556,45.43882664741308,45.771286874262636,6716000
2021-05-27,46.15361785888672,46.810225119195415,45.81284752401116,46.31984798651342,7484100
2021-05-28,46.32815933227539,46.50269953234933,45.97907576155168,46.378026149110326,5745400
2021-06-01,48.430965423583984,48.60550563843179,47.41696445443296,47.44190103553701,9943600
2021-06-02,49.02939224243164,49.37847266929048,47.99045787119545,48.75511204654877,6103300
2021-06-03,49.428348541259766,49.86885575248895,48.67200435583674,48.804987844353654,8280800
2021-06-04,49.744178771972656,49.9769022380941,48.95459114906534,49.71924536047174,6504800
2021-06-07,49.7109260559082,50.30935001492163,49.52807261729473,49.7109260559082,5405100
2021-06-08,50.259490966796875,50.38416119100704,48.73017942088882,49.395096795071424,7345200
2021-06-09,49.60289001464844,50.60026778873028,49.51977652121517,50.39248088457058,7026300
2021-06-10,50.0101432800293,50.932717507283506,49.270422516360924,50.708307303039824,9396000
2021-06-11,49.84391784667969,50.64181870586499,49.70262111941653,50.28442501820521,8117000
2021-06-14,50.12651062011719,50.75818137236619,49.74418033184865,50.40910091810193,7744300
2021-06-15,50.841285705566406,51.16543585975576,50.25948505322188,50.45064857764591,7835700
2021-06-16,50.80805969238281,51.3483037940119,50.33430575792763,50.774813023507434,9745800
2021-06-17,49.04600143432617,51.17373969220866,48.663674432147594,50.61687251563231,13667200
2021-06-18,47.815914154052734,49.21224219291193,47.77435741360804,48.10681767831777,18583800
2021-06-21,50.24286651611328,50.30935666676129,48.381094739328205,48.39771806963422,8234300
2021-06-22,50.52545928955078,50.79973632672781,49.56963835841678,49.99352537574885,6745100
2021-06-23,50.50051498413086,51.82203948624854,50.49220490512573,50.78310522894143,8184000
2021-06-24,51.02414321899414,51.12388002869424,50.13481567027621,50.67506279975578,6424400
2021-06-25,50.95764923095703,51.32335295269446,50.716615719309836,51.281796215997716,8099200
2021-06-28,49.52808380126953,50.84129531259039,49.345230321365776,50.799738568224,7647300
2021-06-29,49.07925796508789,50.03507883347212,48.90471775556326,49.95196218328705,6437000
2021-06-30,50.616878509521484,50.65843524588358,49.71092770629439,50.26779494881319,9309600
2021-07-01,52.262550354003906,52.836040929067806,51.822040067969304,52.10463031595204,11637200
2021-07-02,52.154502868652344,52.50358327832704,51.19037194642938,51.913469345452626,7635000
2021-07-06,50.1015625,52.270857645199605,50.04338243768684,52.179430927114474,11699400
2021-07-07,49.04600143432617,50.51713255548326,48.73016773891363,49.86883866739129,8239600
2021-07-08,49.212242126464844,49.569635800843635,48.19824434456378,48.41434129693009,10551500
2021-07-09,49.976898193359375,50.25117520940039,49.32029093198172,49.66106126741205,6973700
2021-07-12,49.70261764526367,50.23455151420568,48.81329011364327,48.9628969106052,6063100
2021-07-13,49.42002487182617,49.86053516077037,48.87146770101005,49.444961450437674,6510400
2021-07-14,47.93227767944336,50.37585350524615,47.658000636684115,49.777426254751376,8489600
2021-07-15,47.4419059753418,48.38941372097441,47.200872413220814,47.37541264624231,8723300
2021-07-16,46.12868881225586,48.12344419128662,45.97077191989163,47.95721404793801,8805300
2021-07-19,44.63262176513672,45.131309001163494,43.90121107113148,44.408211557751834,13342100
2021-07-20,45.27260208129883,45.92089607005653,44.28353459831367,44.46638804973799,9358200
2021-07-21,47.392024993896484,47.72448205060702,46.220107290047245,46.31984409000284,9378000
2021-07-22,47.10112380981445,47.54994418746544,46.69386334054201,47.39202731558492,6765500
2021-07-23,46.347381591796875,47.134632674697514,45.844881444382516,46.90013303187988,10623800
2021-07-26,47.628761291503906,48.0307620660175,46.54000879451064,46.65725862105817,8756300
2021-07-27,47.17649841308594,47.41937161248937,46.34736986533232,47.03412138395696,7363600
2021-07-28,47.50313186645508,47.86325811398283,46.74100489502101,47.30212990709304,6167200
2021-07-29,47.80462646484375,48.4411267225406,47.620374960986915,48.08937414197913,6306400
2021-07-30,46.950374603271484,47.65387658087929,46.6656237267441,47.53662358893019,8660100
2021-08-02,46.38087463378906,48.37412765131375,46.339000161034214,47.34400028642053,8469500
2021-08-03,47.43613052368164,47.54500671898152,45.65224970144489,46.13800257676912,9888200
2021-08-04,46.00400924682617,47.318887820955766,45.9872588146618,46.33901150047706,7629600
2021-08-05,46.85824966430664,47.419374615995,46.10449639133394,46.447872172395414,6573100
2021-08-06,47.31888198852539,47.880007020186476,46.983879776166205,47.39425732656531,5038900
2021-08-09,46.43950271606445,47.04250219364275,46.25525118953952,46.623751047771684,5410600
2021-08-10,47.3021240234375,47.5533740452751,46.699121415173366,46.774496741206384,6781800
2021-08-11,47.89674758911133,48.03912461823708,46.858246695280755,47.2183728812364,6071800
2021-08-12,47.7711296081543,48.223381594657276,47.34400166707341,47.8548785561063,4729200
2021-08-13,46.87499237060547,47.930243584125144,46.77448982088597,47.695744024413415,7399800
2021-08-16,45.90349578857422,46.54837285269666,45.72761790212825,46.24687155572333,7464600
2021-08-17,45.66062545776367,46.43112603482407,45.43449945497828,45.56849969424173,6497900
2021-08-18,44.83149719238281,46.11287788659488,44.772872286843054,45.54337606579346,6647700
2021-08-19,43.91862487792969,44.37087694245787,43.05599842489189,44.111250047306186,11306400
2021-08-20,44.19498825073242,44.379239743621895,43.206735471298686,43.44123504783648,7068200
2021-08-23,45.886741638183594,46.1714924850178,45.24186462638797,45.35074079586438,8022200
2021-08-24,46.406009674072266,46.64050933291654,45.761132417432286,46.21338449790473,6245500
2021-08-25,46.9168815612793,47.22675653313199,46.10450326756013,46.43950548213778,6125200
2021-08-26,46.1714973449707,46.975498693077675,46.02912030915866,46.69074781627095,5209000
2021-08-27,47.51988220214844,47.838130777851504,46.49812836747607,46.724254373255256,6549100
2021-08-30,47.067623138427734,47.85487403721694,47.05087271145555,47.720873816256706,4838600
2021-08-31,46.50649642944336,47.17650074941445,46.31387130563775,46.69074793691715,10500500
2021-09-01,45.769508361816406,46.83313361984648,45.57687999448813,46.53163543340774,9319800
2021-09-02,47.40262985229492,47.720881627223484,46.23850214312993,46.28037662000579,6696600
2021-09-03,47.10112380981445,47.69574958834472,46.84987060102273,47.184872749533525,7954200
2021-09-07,46.88336944580078,47.30212051608641,46.33061816081644,46.807994125356686,6632600
2021-09-08,46.29712677001953,47.411006378131205,46.22175143417124,47.16812994097362,5228900
2021-09-09,46.548377990722656,47.35237940818596,45.920251284301145,46.188251756788915,6285800
2021-09-10,46.67399978637695,47.51987884393794,46.447873796578,47.41100265740862,5055200
2021-09-13,48.231754302978516,48.642131807775165,47.37750163172596,47.37750163172596,8456500
2021-09-14,47.687381744384766,48.81801181209391,47.411007635489995,48.75938690430356,7880700
2021-09-15,49.680633544921875,49.797883349531084,48.62538210862139,48.650506153946914,10766000
2021-09-16,49.605255126953125,49.96538133002193,49.211628068990166,49.647129598162145,8773100
2021-09-17,49.34562683105469,50.174755393612735,49.228377037217996,49.4712534357753,13741300
2021-09-20,47.79625701904297,48.583508047604035,47.151379850988754,48.148009653807904,10001800
2021-09-21,49.68901443481445,50.107765596969365,48.34063518150478,48.96876192473715,13923100
2021-09-22,52.14288330078125,52.67051055840581,50.42600450433951,50.42600450433951,15753000
2021-09-23,53.35726547241211,53.70064444836885,52.13451300248354,52.13451300248354,11886800
2021-09-24,54.454383850097656,55.015515114451226,53.21488431757175,53.424259843031365,11128300
2021-09-27,55.869781494140625,56.070780270814055,55.10765767153445,55.86140468146876,13508700
2021-09-28,56.78266525268555,57.48616420137311,56.25503465153364,56.573289652770974,14995200
2021-09-29,56.9836540222168,57.35215705797003,55.7860255456539,56.640275031694905,10563700
2021-09-30,56.757511138916016,57.69551573554528,56.71563987018003,57.13439089534127,15845900
2021-10-01,58.70890808105469,58.90153641535534,57.209778245074816,57.268403148621054,13482300
2021-10-04,59.873043060302734,60.8110480215219,59.15279050590224,59.33704205093065,12423500
2021-10-05,60.07405090332031,61.020426329857656,59.21979486375887,60.38392270680118,11270100
2021-10-06,60.14104080200195,60.39229405906786,58.44928889195018,58.96016582891798,10613500
2021-10-07,59.88978958129883,60.40903690335952,59.13603625452572,60.308540719546635,11521300
2021-10-08,62.74568557739258,62.896436282523744,60.45930733747967,60.45930733747967,12310500
2021-10-11,61.95004653930664,63.248171278613015,61.76579500981703,62.921545890748895,9585200
2021-10-12,61.48106384277344,62.4860643237105,61.15443197734981,62.09243711195836,7635600
2021-10-13,61.3303108215332,61.77418612372152,59.84792781990532,60.67705350492948,8517500
2021-10-14,61.84954071044922,62.48604421804627,61.003661637556384,62.21804375005307,8152600
2021-10-15,62.09243392944336,62.754061661509816,62.08405711546769,62.50280835933479,6945100
2021-10-18,62.393924713134766,63.440802644563206,62.08404654516306,62.620047534883554,9917700
2021-10-19,63.08067321777344,63.524548416101965,62.29341900812782,62.67866930082118,6589400
2021-10-20,63.66692352294922,63.73392524202808,62.42742366816837,62.578174341278,5506000
2021-10-21,62.469303131103516,63.35706005106658,62.06730554325754,63.35706005106658,5836300
2021-10-22,63.415672302246094,63.717173627742916,62.804292839534426,62.913172222963105,7170200
2021-10-25,64.08565521240234,65.30841385037156,63.8176548071457,64.11915606176363,7471200
2021-10-26,64.5128173828125,65.0153176113513,64.04381802146123,64.22806959617411,5898200
2021-10-27,62.70977783203125,64.58863064010069,62.55812152273406,63.66183851216157,9025600
2021-10-28,63.31639862060547,63.47647562671222,62.44859007816332,62.65922346916466,5195900
2021-10-29,62.76033401489258,63.442790688403456,62.32221931571975,62.7097840494555,8079300
2021-11-01,62.844581604003906,63.53546536500187,62.70135242683088,63.14789423097125,11944600
2021-11-02,61.53022766113281,63.40065327801753,61.344869241006045,62.80245519453101,10891900
2021-11-03,61.285888671875,62.086299401771576,60.873049031919585,61.21006373776968,9311800
2021-11-04,61.766136169433594,63.00466159012554,61.39542575642562,62.34748641049828,8573500
2021-11-05,63.569156646728516,63.87246925266613,62.28008128550423,62.819302267610844,6987600
2021-11-08,63.97358322143555,65.00147534983297,63.57759135937865,63.75452266259136,6957700
2021-11-09,63.821929931640625,64.02413622662733,62.95412121979957,63.87247989838175,6049800
2021-11-10,61.50495147705078,63.16474366183265,61.44597438344021,62.768751849866895,7484700
2021-11-11,60.78037643432617,62.06103117016772,60.65399510239132,61.757718544732704,7784500
2021-11-12,60.965728759765625,61.117385057298215,60.24114938577892,60.316974320534754,5329600
2021-11-15,61.26902770996094,61.833523525275176,60.44334217882917,60.8561881584048,6181400
2021-11-16,61.20164489746094,62.18740774256188,61.142667798045196,61.5049575310338,7451100
2021-11-17,60.63713836669922,62.288503291917316,60.434932122065746,60.76351968010288,7628600
2021-11-18,61.26902770996094,61.68186726151708,60.33381515478923,60.76350897344043,6548800
2021-11-19,58.648765563964844,60.072649432941915,58.48026141185857,59.752482544710084,8817100
2021-11-22,60.56973648071289,61.36172007579693,58.64876101248603,58.67403599053835,7445600
2021-11-23,62.16211700439453,62.95410050553154,61.37013350325752,61.429117015744,9107200
2021-11-24,63.04680252075195,63.60287145728623,61.67346838417717,61.698749796402645,7215800
2021-11-26,60.22428512573242,60.342239277434324,58.42125788967661,59.42387460716192,10258700
2021-11-29,60.788795471191406,62.9372521157407,60.620284908389834,61.90936660874425,9191600
2021-11-30,59.08687973022461,60.86462616081451,58.985779811001,59.55870292267957,15723700
2021-12-01,58.303321838378906,60.814074764115304,58.26119901570491,60.670845596585615,10070500
2021-12-02,60.038944244384766,60.367531823791275,57.494489252853135,58.294900004449815,8410900
2021-12-03,59.912567138671875,61.45440522931866,59.12901060309904,60.8056507324137,6995700
2021-12-06,61.344871520996094,61.93464891859422,60.35068158083724,61.083688152758064,6200100
2021-12-07,62.8277473449707,63.998868852546046,62.43175541702366,62.48231181779802,8136600
2021-12-08,62.44015884399414,63.501752864801816,62.00203781977867,62.869852733276865,6313200
2021-12-09,61.12582015991211,62.31378928874082,61.049988787251436,62.31378928874082,6511600
2021-12-10,61.91780090332031,62.0526093831444,60.31698555953088,61.83354881744131,6065000
2021-12-13,59.83673095703125,61.61447729339501,59.41546417453787,61.395423194673555,5719100
2021-12-14,59.55027389526367,60.44335743615249,59.002625780785756,59.44916755123016,6669300
2021-12-15,59.575557708740234,60.0052516995757,57.85678817342044,59.49130562356243,6805600
2021-12-16,60.409664154052734,61.555510508550505,60.089503659833845,60.43494556477337,7068200
2021-12-17,57.806236267089844,59.904143329284125,57.713557048099325,59.735639164586004,22913100
2021-12-20,57.79780197143555,57.83150408580509,55.657765919127236,56.49187878672614,11485000
2021-12-21,59.55027389526367,59.68507592595392,58.387579864973276,58.497106916660414,6324800
2021-12-22,59.88727951049805,60.34224834745694,58.85938766714871,59.3986085639844,3775100
2021-12-23,59.97996520996094,60.78036950762948,59.85358389242885,60.06421727897539,3902700
2021-12-27,61.68190002441406,61.71560214848588,59.364932025665446,59.979984540936066,3967800
2021-12-28,61.6060676574707,62.28009077377977,61.412282074368285,61.85040320659021,3383700
2021-12-29,61.437557220458984,62.16213673273063,61.03314463520448,61.724022027367894,3947300
2021-12-30,60.89833450317383,62.09473080846949,60.8309302647854,61.572364031014125,3340200
2021-12-31,60.982810974121094,61.3967961081976,60.560375322165655,60.67020627116573,3453900
2022-01-03,62.32614517211914,62.486672761722275,60.847620581980635,60.85607109876387,5769900
2022-01-04,65.02976989746094,65.37616391127767,62.75706316738486,62.99362619064681,9189300
2022-01-05,63.91454315185547,66.12810280284697,63.8047057093588,65.88309569079895,9034500
2022-01-06,66.31394958496094,66.56741356497189,64.97060725013051,65.74788733490749,8679000
2022-01-07,68.13043975830078,68.37545327584458,66.2210282930045,66.63501998429828,10838800
2022-01-10,68.4599380493164,68.5697754719689,66.92227214490477,68.13888919309267,9125400
2022-01-11,70.62281036376953,70.77488750188142,68.12199132826389,68.94996829039717,8510600
2022-01-12,71.3071517944336,71.42543328197277,70.20881632916115,70.96920192466841,7740100
2022-01-13,70.64815521240234,71.695794038822,70.28486021953438,70.91851382715122,6814000
2022-01-14,73.28414916992188,73.3939865858717,70.85937218739018,71.15507591137481,7946600
2022-01-18,73.93468475341797,75.28647746170677,72.5068502809269,74.34866986030039,10782900
2022-01-19,73.74038696289062,74.72044104307705,72.42238942346863,74.25575911784067,7370100
2022-01-20,72.34632110595703,74.74575875105403,72.15200433273215,72.70117192141522,7707700
2022-01-21,69.88777160644531,71.9070139785246,69.40619510862427,71.73804225663785,10625600
2022-01-24,70.1412353515625,70.50453038680865,66.5589816768074,68.18113355452384,9505400
2022-01-25,73.59675598144531,73.72348799406848,68.70494928271165,70.2257205424737,8514800
2022-01-26,73.55448913574219,75.35406902783288,72.9630818376903,74.9569785080597,9416400
2022-01-27,75.75117492675781,75.81875974178773,74.18815763656106,75.15131054370454,9624600
2022-01-28,75.37943267822266,75.80186840814244,74.09522444958623,74.33179387286177,11561400
2022-01-31,74.87250518798828,75.55684895382514,73.43621995199376,75.00768125905833,7539800
2022-02-01,77.33951568603516,77.63521933699268,73.68967211142304,73.84174919560921,9424900
2022-02-02,77.90557861328125,78.24352840863092,75.17664803556985,76.41860338125639,8803400
2022-02-03,76.77346801757812,78.53079566687117,75.59064674407851,78.38716907292282,13258500
2022-02-04,77.61833190917969,80.20363613301184,77.51694502841612,77.72816286228101,12035300
2022-02-07,78.5223617553711,79.61224679833371,75.76807877344676,76.39328189837401,8420600
2022-02-08,77.16210174560547,78.69976734084742,76.0384213059672,77.68591785592042,7481500
2022-02-09,78.53079986572266,79.45171311174867,77.09452095772996,77.33108393590685,6973200
2022-02-10,77.6521224975586,79.69670944969991,77.12829998305402,77.93092512131872,7149900
2022-02-11,79.40982055664062,79.55417610010029,77.56722890362904,77.98329652372942,9580800
2022-02-14,77.7370376586914,78.73050776997563,76.59921203995548,78.54370009538617,7274400
2022-02-15,76.14918518066406,76.35297244325281,74.49340152535497,75.30006402855062,8379300
2022-02-16,76.59921264648438,78.03422935966643,76.11521388497916,76.2255972943471,6854400
2022-02-17,77.4058837890625,77.99177295194144,76.55676267586057,76.55676267586057,6842800
2022-02-18,76.10673522949219,76.9643495050564,75.31705220864772,76.08975565495275,6574800
2022-02-22,74.57831573486328,78.84090126178499,73.38105174638724,78.73901086499933,9267500
2022-02-23,74.91796875,75.97937028433577,74.17073792372787,74.72266801723865,7355000
2022-02-24,74.49340057373047,76.6331829992781,72.42154291599118,76.42090271396154,11509300
2022-02-25,77.4992904663086,77.71157077012352,74.56982486497496,75.04533067247054,10563000
2022-02-28,80.54763793945312,80.72595261492103,76.29353889297956,76.98981802121261,15096000
2022-03-01,82.3307876586914,83.60446941048728,80.49668930481117,81.38826264410004,14453500
2022-03-02,83.24784851074219,84.88665278991996,82.5260967405748,83.52806007931999,16168000
2022-03-03,82.71290588378906,83.37521943677118,81.20146458392693,82.53458471649589,8704900
2022-03-04,85.1413803100586,85.2008185352321,82.73837222523215,82.88272127518485,10977300
2022-03-07,85.9905014038086,88.11330441196135,84.16489599942176,86.17730910505095,13788800
2022-03-08,83.89315795898438,88.68219991312765,81.39674012904275,86.19427510716164,17231400
2022-03-09,81.6939468383789,83.82524278508599,78.76448139856733,80.97219514085957,12656200
2022-03-10,84.67435455322266,84.76775838964424,81.8892384664545,82.60249705918697,9481000
2022-03-11,83.5620346069336,85.81220098683232,83.3497542708464,83.91866401677244,7666500
2022-03-14,81.9826431274414,82.83176421015636,79.99569642518293,82.68740870260221,10532200
2022-03-15,80.70895385742188,81.36277417872977,78.390850670772,78.84937678939328,8863600
2022-03-16,80.51367950439453,81.31185558058431,79.90231114631565,80.83634325858894,9314200
2022-03-17,83.91864776611328,84.12243503537515,81.94868688783404,82.06756333476017,8868300
2022-03-18,84.57247161865234,85.03949087766414,83.61296697901444,84.1564040377114,16146900
2022-03-21,87.25569915771484,88.28313506566556,85.65086055589387,85.90559303719257,8107400
2022-03-22,86.41504669189453,87.34908503258606,85.18382375666228,87.17925693506055,6377500
2022-03-23,88.62277221679688,89.17469575339302,87.6208090520046,87.64628164867459,7681500
2022-03-24,88.76712799072266,89.87947465164518,88.09632148826175,89.13225035337149,6192500
2022-03-25,91.28053283691406,91.29751241118431,88.15576643043545,88.45295756727154,7833800
2022-03-28,87.88404846191406,89.27660677918337,87.46798086765556,89.2086755251017,6091100
2022-03-29,85.4980239868164,85.71030430738887,83.07802314966528,84.90363520224474,10977600
2022-03-30,86.1026840209961,87.51644042999234,85.67685471674028,86.3070802676998,6069200
2022-03-31,85.16586303710938,87.25242408246268,84.65486915841467,85.16586303710938,9777900
2022-04-01,85.65984344482422,86.57963650591068,84.55268440859336,85.29362990185318,6934100
2022-04-04,85.6343002319336,86.79255679133429,84.84225723907343,86.36672736501467,4946500
2022-04-05,83.505126953125,86.5796149682772,83.37737686570208,85.88976709524913,5708100
2022-04-06,83.07078552246094,85.31064543339689,82.45759025467805,84.95295035973682,5680000
2022-04-07,85.13179779052734,85.33619404698709,82.53424280916683,84.08426129073626,6285300
2022-04-08,87.763427734375,87.98485430823516,85.61724426706002,85.75351277187237,6175200
2022-04-11,83.44551849365234,86.86918345313798,83.28370126875956,86.78401888653543,7002200
2022-04-12,85.16586303710938,86.76697892305674,84.66338756405749,85.20844856768382,7412100
2022-04-13,85.36172485351562,86.63921246193459,84.24604792376924,86.08563319875877,7365100
2022-04-14,86.33263397216797,87.19280447340145,85.02959086594609,85.3276765718169,6337800
2022-04-18,88.1211166381836,88.66617762395936,86.61367727311664,87.47385428096005,4867000
2022-04-19,86.49444580078125,88.21479982068871,86.03454937459726,87.57605586726199,5331700
2022-04-20,87.4397964477539,88.12112600118564,86.34115595410631,86.95435125266685,6059200
2022-04-21,84.03314971923828,88.36809522842965,83.72655211358219,87.8230342622942,6290600
2022-04-22,81.76775360107422,84.69745511049022,81.56335083478642,83.35183930278345,6483900
2022-04-25,78.06304168701172,79.56195636153556,75.62729721885995,79.20426125722695,11913400
2022-04-26,77.7734603881836,80.30288738186658,77.75643007573704,78.78693616619321,5970100
2022-04-27,79.2553482055664,79.99629353577387,75.60173198718816,78.11412878648318,6765800
2022-04-28,83.07929992675781,83.85430588235951,77.67126256021042,79.23831777991555,9520600
2022-04-29,81.35041809082031,84.15237537100577,80.8394242838796,83.24961942882256,8777700
2022-05-02,81.69107818603516,81.8017979446792,78.84654203936924,80.28584042299597,6980500
2022-05-03,84.25457763671875,84.76557144914982,81.87844958639349,82.3383459668731,5748000
2022-05-04,88.4532699584961,88.73431887894228,84.40789127725449,86.01752564324258,7989800
2022-05-05,87.60161590576172,90.7782992726207,85.61724954126032,89.07498184337803,10593000
2022-05-06,91.71513366699219,91.7321639831789,87.55052286296572,88.7172912021562,9213100
2022-05-09,82.78121185302734,89.84998070673626,82.16802312991786,89.56893181428649,9750900
2022-05-10,83.46253204345703,86.46036707013857,81.73366634789332,84.21198917571776,7845900
2022-05-11,84.3482666015625,87.62715083731439,84.1438703615594,84.9188762911258,6651600
2022-05-12,84.82518768310547,84.87629161293523,81.30784031845752,83.84577908106738,7244400
2022-05-13,87.6441879272461,88.41067545411316,85.76201674020952,85.87273651452892,6549900
2022-05-16,90.25340270996094,91.61361673641598,87.8067222660103,88.18313665025299,7990600
2022-05-17,91.55374908447266,92.64877234408554,90.43306891681415,91.60508248100759,6577500
2022-05-18,89.38082885742188,92.47767182869046,87.90939767630849,92.15259077602234,8957000
2022-05-19,89.49203491210938,91.28854705879628,87.11379433892427,87.11379433892427,6784100
2022-05-20,89.84278869628906,92.00716537160794,87.42177765840438,89.93689231377314,6717700
2022-05-23,93.26471710205078,93.6154681269534,90.48439844570323,90.71538241986221,8646900
2022-05-24,93.65824127197266,94.08598258728219,90.93780624553148,92.34934736460133,6859100
2022-05-25,95.12965393066406,95.41196472964124,93.71811298940554,94.06030077709629,6707000
2022-05-26,96.79785919189453,98.03830637290957,95.9680400110604,96.35300457708178,6159000
2022-05-27,98.03829956054688,98.03829956054688,95.70283583891404,95.94236991017752,6788700
2022-05-31,96.12202453613281,100.9383891782806,95.23232185744922,99.43274451602917,17278500
2022-06-01,99.0220947265625,100.34809515004088,97.6789875256851,97.83297462952896,7246600
2022-06-02,98.34625244140625,99.19317815993543,96.7636113627608,97.74741739331743,5042700
2022-06-03,101.04961395263672,101.30625483404954,98.4831659776202,98.76547029449284,5387100
2022-06-06,100.41654205322266,101.63988239349196,99.7663799971515,101.10948737547675,5608400
2022-06-07,104.97626495361328,104.97626495361328,100.20267066603444,100.2454474050857,8559000
2022-06-08,104.2491226196289,106.14829526293798,103.94114832466987,104.98483826571828,7010900
2022-06-09,101.42601013183594,104.18066501679537,101.31479974879113,103.18830864205034,6643000
2022-06-10,99.94602966308594,102.3499335828217,98.63714238256341,100.09146013274088,7298800
2022-06-13,95.6087417602539,97.54212782909347,92.70865613017995,96.19902034415308,9516900
2022-06-14,95.37775421142578,99.37286295422302,94.13730703960192,97.54212416703237,7737700
2022-06-15,93.52992248535156,95.86538653461258,92.04137793057141,95.37776167061628,7681400
2022-06-16,87.6185302734375,90.86081025674429,86.51495688649553,89.83423370121501,11848400
2022-06-17,80.19293975830078,87.55008905714053,79.39734065282025,86.82293012836712,24455100
2022-06-21,84.93231201171875,85.63380748700725,82.10922333025667,82.1434368908728,10454900
2022-06-22,79.6112060546875,81.31362107212283,78.24243524497156,79.4315554978011,11284200
2022-06-23,75.18836212158203,80.58645501857349,74.64941045524294,80.201490475019,13554900
2022-06-24,77.77192687988281,78.74717652902349,75.59044362285987,76.99343457519606,12282400
2022-06-27,79.51341247558594,80.85831895745312,78.4098922127514,78.95303258232116,8986100
2022-06-28,82.09114074707031,83.68606285559808,80.6514006401942,81.88423360402128,8903000
2022-06-29,78.84957122802734,84.01367321734404,78.69438921374682,83.53088765178681,7990100
2022-06-30,77.42706298828125,79.06509374010349,75.72006757485109,76.34941204332706,12748900
2022-07-01,78.43576049804688,79.58237626872278,76.13389275129195,79.25477270245257,6005000
2022-07-05,72.96990966796875,77.03049816287154,71.60775711930762,77.03049816287154,13483600
2022-07-06,71.84916687011719,73.87515664809516,69.349021027225,72.16815403414094,12130900
2022-07-07,74.44412231445312,75.18554665445127,73.86650301484917,74.30618642053622,8072400
2022-07-08,74.53897857666016,75.74594925500614,72.99578124485892,75.46144775517138,5615500
2022-07-11,73.75443267822266,74.6596555178324,72.58194793385823,73.78891172000456,4685700
2022-07-12,71.94398498535156,72.45263972610593,70.35768571935628,71.1766979264251,5573100
2022-07-13,71.6508560180664,73.44406875563979,71.00426545593307,71.00426545593307,5535300
2022-07-14,70.35768127441406,70.49561718656616,67.50406343952965,68.82310725350993,8890200
2022-07-15,71.46119689941406,72.3664264250403,70.53872785082947,72.30607822849589,5899000
2022-07-18,73.3405990600586,74.47859798711622,72.9785099872353,73.05609768392964,7057600
2022-07-19,76.28044891357422,76.47873300805045,73.17680886781173,73.63373840271419,6674800
2022-07-20,78.2029800415039,78.64266350841271,75.19418017335377,75.65110316285549,7720500
2022-07-21,76.66841125488281,76.78048460305386,74.89244432061611,75.30625866575572,8016700
2022-07-22,75.97871398925781,77.75468754959374,75.47006580579763,76.90980615749677,6243500
2022-07-25,79.35823059082031,79.43581831377386,75.68559375609607,77.12533406444665,5815100
2022-07-26,78.53057861328125,81.1945352410553,77.56500755023579,80.55656770619176,7127000
2022-07-27,80.4100112915039,80.74624448474636,78.70301563868075,79.34960629633261,6237800
2022-07-28,81.09107971191406,82.12562861033587,79.83238414300826,81.22902219602084,4656100
2022-07-29,83.99642944335938,84.41886679184132,82.2463252793316,82.91877844802605,7394800
2022-08-01,81.98767852783203,82.81531362339068,80.76346869340938,82.1687230883487,5598900
2022-08-02,81.6514663696289,82.63428362995066,80.97901314703616,81.98769298092529,4653000
2022-08-03,78.7288818359375,82.48772955827754,77.96159474640787,82.20322807722661,6783300
2022-08-04,77.4874267578125,80.1772464251218,76.97015551572322,79.95309314181418,7810500
2022-08-05,80.04793548583984,80.53934420472048,75.86664984940471,76.05631752642203,5848000
2022-08-08,80.72036743164062,81.63421994433774,80.0479142659029,80.19447322203351,4788100
2022-08-09,82.34117889404297,83.86713017630454,81.7807989262208,82.16013427258558,7477700
2022-08-10,82.7463607788086,83.03085565597524,80.31518028305173,82.23770606501003,5625500
2022-08-11,86.52244567871094,87.35008087333777,84.07401913932918,84.59129689124832,6481600
2022-08-12,88.58291625976562,88.76396084676776,85.65170408993588,85.99655374123232,6683800
2022-08-15,87.26660919189453,87.86414988259173,84.47810138506742,85.20553648066408,6585900
2022-08-16,86.68637084960938,88.3750703756054,85.67315509823473,87.6476288517971,6924400
2022-08-17,87.77753448486328,88.92931310450953,86.40059459507417,86.68637544482795,5346500
2022-08-18,90.82584381103516,91.02502620538999,88.52229317666996,88.89467248234656,5966500
2022-08-19,91.05101776123047,91.5273192442535,89.6567606276971,90.57471627820742,7067100
2022-08-22,91.13762664794922,91.5359849306369,88.79943471698745,89.77801006747849,6701700
2022-08-23,93.9174575805664,95.84863555726368,92.43660215412122,92.86094582782776,8253000
2022-08-24,95.71007537841797,95.9179196105903,93.3892009754721,93.62302408490622,6286100
2022-08-25,97.06104278564453,97.11300054355463,95.82266556815154,96.51545989943078,5241000
2022-08-26,97.09567260742188,98.94024548386058,96.55008978237592,97.52867149356568,6508800
2022-08-29,98.22148132324219,99.99677968077602,96.89650557865221,97.06970251776004,6479700
2022-08-30,95.69277954101562,96.56743937593198,94.30718405459001,96.27299661860629,7746900
2022-08-31,94.78346252441406,96.87052052496628,92.70507295941644,93.39786727873589,6775700
2022-09-01,93.12073516845703,94.34179514331422,91.57926026090784,93.33723460169794,6717300
2022-09-02,95.48493957519531,96.99177421753211,94.39378026527679,94.94801844652804,6096400
2022-09-06,94.07334899902344,96.71464522281646,93.59705412077591,96.12576638966128,7270900
2022-09-07,92.45394134521484,93.10343979614622,90.72194547606453,91.63990117246144,6890900
2022-09-08,93.80488586425781,94.558306364393,92.3153685207478,92.9562050730582,7147200
2022-09-09,96.96578216552734,97.35547856262211,95.1471879673528,95.3030678475986,6085000
2022-09-12,99.06148529052734,99.94480672397258,97.70186904343576,97.81444637603464,6208600
2022-09-13,97.27753448486328,99.0614878390725,96.8358737567781,97.77115296670947,6977400
2022-09-14,101.93660736083984,102.52548617022808,98.25611645392318,98.45529886892422,9457900
2022-09-15,100.07471466064453,101.51227433813577,99.269336353782,99.71099713032973,9997500
2022-09-16,97.97032165527344,100.14397782615691,96.29894575778013,100.08335824881937,14608000
2022-09-19,97.74518585205078,98.27344510231897,94.77481277555903,95.08657254971861,6600600
2022-09-20,97.05237579345703,97.71919121030433,95.73606200913133,97.4680576557404,5655400
2022-09-21,96.20369720458984,99.49449165070628,96.1777183264269,98.87097214663882,5818000
2022-09-22,95.31172943115234,98.59386235698899,95.19915207953129,98.03096238480406,4971600
2022-09-23,87.11071014404297,91.16357986171124,86.25337422502808,91.00770000306868,10157300
2022-09-26,85.90696716308594,88.95528269484949,85.83769237007519,86.67770456927343,8719000
2022-09-27,85.52595520019531,88.8340669427774,85.31811094531331,87.78621026747948,8779000
2022-09-28,90.48039245605469,90.86691278207468,86.49222678044535,86.81725584569351,9207500
2022-09-29,91.06018829345703,91.43791560040445,87.74842592813391,89.2417891997563,5929800
2022-09-30,89.90061950683594,91.29735926443098,88.72349907275344,89.97968353562771,7172000
2022-10-03,96.60320281982422,97.36745046759181,93.58133094695843,93.93271248832232,7701900
2022-10-04,101.56645965576172,101.76849953837004,98.14050101343415,98.79933895611076,7582900
2022-10-05,101.83878326416016,103.00712422730314,99.93254697821942,102.1198872017088,10073000
2022-10-06,103.34971618652344,103.97341531887575,100.74071678786403,100.83734689166965,6388900
2022-10-07,104.10517120361328,106.60875380196097,103.05981295821468,103.78014210409094,9373500
2022-10-10,102.60302734375,105.80058682276673,101.41711373472498,104.19302070114932,5883200
2022-10-11,101.53131103515625,103.75378974176532,99.44938092436487,100.23998771973157,7602400
2022-10-12,102.16380310058594,103.07738578779463,100.1345777437995,100.81098843007695,6221600
2022-10-13,107.8210220336914,108.40958901432376,100.52109987743123,100.5825911497903,7999100
2022-10-14,103.62200927734375,108.03183407668732,102.81383651083397,106.37155664042464,7646000
2022-10-17,103.9734115600586,106.67904096471048,103.67473487671714,105.22080977966766,6667000
2022-10-18,103.5605239868164,105.44919381246088,101.63671533859656,105.04510740591174,6826200
2022-10-19,106.38916015625,106.81959910383549,103.73623540522871,104.02612573203076,5500400
2022-10-20,107.00405883789062,109.72726089147282,106.97770639384429,107.61019185913962,6456100
2022-10-21,109.3582992553711,109.59548464001801,106.79322544169733,107.75951963703523,5886200
2022-10-24,109.9292984008789,111.0361479413535,109.10355276093246,109.39344304330247,5734900
2022-10-25,108.87516021728516,110.23675450985944,107.94399810335881,109.21775538588452,7000800
2022-10-26,111.18550109863281,112.59980051227427,109.43738614088686,109.5603686985948,8139100
2022-10-27,111.24696350097656,113.71540709972363,110.8955819835709,112.17811882536328,8948500
2022-10-28,111.7125473022461,113.31133362940413,108.93664723648851,112.88088806345603,7293200
2022-10-31,110.76383972167969,114.18980531398718,110.3070483306,110.31583471371113,7121000
2022-11-01,112.24840545654297,113.60122675258557,111.46658503629172,113.09172384665573,5875600
2022-11-02,111.13277435302734,114.02287729502899,110.50028892228535,111.63349086869053,7680400
2022-11-03,117.55426788330078,119.57469357710538,112.69642364438542,113.86476457231771,13209100
2022-11-04,116.23655700683594,121.65659407000967,113.89108277147396,120.34769822010018,10663700
2022-11-07,118.53813934326172,119.83824262327045,116.49134760824938,116.61433016981651,6882400
2022-11-08,118.09891510009766,118.83681047641002,116.15753314136555,117.97593253737892,5039800
2022-11-09,110.03472137451172,116.45619966278225,109.70969224762668,116.35956956295281,7069500
2022-11-10,113.7242202758789,113.99653781651074,110.30704128494834,112.52952692684494,7543900
2022-11-11,117.6772232055664,118.45904353685515,114.69048375936225,115.25269148743405,8662000
2022-11-14,117.306884765625,119.6436699381201,116.64552894827901,116.73371510605256,6163400
2022-11-15,118.24159240722656,118.90294818862247,116.31925806118835,117.80068855296263,8300600
2022-11-16,113.96483612060547,117.72133221478056,113.83255688762267,116.91007071602849,7365600
2022-11-17,115.6843490600586,115.84306798029516,112.01602596544227,112.50983610215657,5735800
2022-11-18,113.39164733886719,113.92955056660915,111.54867250073987,113.23292841362408,5727200
2022-11-21,110.65803527832031,112.0865660308418,107.41298299904268,110.26122454422676,6573200
2022-11-22,114.61736297607422,115.11999983194819,111.51340278085608,112.87138746865745,5604200
2022-11-23,111.76029968261719,113.94718561489182,110.93140506638517,112.50983483962145,7482600
2022-11-25,111.822021484375,112.66855598729761,111.54866327662677,111.89256770819976,2547800
2022-11-28,109.20306396484375,110.27887045128877,106.91036525623542,108.19780371008734,5648600
2022-11-29,109.56461334228516,111.83967896032857,109.27361516907186,110.94905124579358,4909700
2022-11-30,108.91207122802734,111.70740003053258,107.96853725538499,111.68094687588092,8484500
2022-12-01,108.5152359008789,110.55221593403265,108.36533023070339,109.93494660702997,5285100
2022-12-02,107.7392807006836,109.22953808294515,106.99855862673554,107.68637438385153,4879700
2022-12-05,105.26138305664062,109.95259955034334,104.6793867703243,109.57342198649867,5478700
2022-12-06,101.94579315185547,105.58765668867636,101.00225914108468,104.441310665608,6498400
2022-12-07,101.30206298828125,103.70058093375127,100.60543411973234,102.54541503570185,6099100
2022-12-08,99.29154205322266,103.95630542341391,98.65663945595267,103.86812600216165,7720400
2022-12-09,97.01649475097656,100.48199980107556,96.76077639994628,99.12402165965322,6385700
2022-12-12,98.56847381591797,99.02701763479413,97.06058330040739,97.79248538168233,5636500
2022-12-13,100.00581359863281,101.92814790901784,99.97054048362683,100.92288767815315,6285200
2022-12-14,99.5296401977539,101.98106459325824,98.79773817243166,101.18743629638226,5927000
2022-12-15,99.2474594116211,99.5737239552007,97.41329777940182,98.44501117465309,6400900
2022-12-16,97.38685607910156,98.07466509016675,96.12587064959553,97.39566931323138,17422600
2022-12-19,97.38685607910156,99.43264991637784,96.68140714445748,98.9035665792246,4991400
2022-12-20,99.33564758300781,100.35854110757627,96.99885562469908,97.39566643391817,5538700
2022-12-21,102.5365982055664,102.88050267010549,100.12926695379291,101.3549791176955,5433000
2022-12-22,99.55609130859375,102.9775027843928,96.85775515462743,102.33378692678846,5295400
2022-12-23,103.85954284667969,103.90390424416535,100.84269026274895,100.84269026274895,5001500
2022-12-27,105.11952209472656,105.64303127373941,103.8684128722608,104.63149932646716,3849400
2022-12-28,102.31562805175781,104.94206263481776,101.80986204707452,104.88882624578763,3856400
2022-12-29,103.27392578125,103.8151849795516,101.70339134609509,101.80099590773193,2921600
2022-12-30,104.7024917602539,104.88882589086118,102.93674824386194,102.98998463271192,4220500
2023-01-03,100.37242126464844,104.6847446094549,99.3076461403418,103.42476037387709,5424400
2023-01-04,100.56761932373047,101.4283103124297,98.01217131955315,98.68652819260076,4837600
2023-01-05,103.61109924316406,104.52503346685197,100.73621913815896,100.73621913815896,5177700
2023-01-06,104.90657806396484,106.64570342235444,104.29433250083837,105.14614858843944,4442300
2023-01-09,104.13461303710938,107.06273623946873,103.6909584167296,106.76104757740171,5403200
2023-01-10,104.77346801757812,105.2526157799013,103.53123383040302,104.9065657464954,4042700
2023-01-11,104.91543579101562,106.07781542286097,103.73531972379895,105.75838357574962,4569900
2023-01-12,106.61905670166016,107.45312258969864,104.56936823117856,105.04851592156527,5072500
2023-01-13,107.78145599365234,108.1186310725639,105.15502141838073,106.99175130042953,4360200
2023-01-17,106.6900405883789,108.7308541554538,106.08667015051918,107.41763375435995,5228500
2023-01-18,105.19051361083984,109.76902579083698,105.02192268815458,107.54187769233279,5138700
2023-01-19,106.15766906738281,106.70780319249397,103.1585664954377,104.30319614259416,5049100
2023-01-20,108.07425689697266,108.17186144478951,105.81161586250053,106.61907043632515,5101400
2023-01-23,106.59246826171875,109.28988945969289,106.45050228794801,108.65990064251302,3963200
2023-01-24,105.42120361328125,107.3644129225417,104.38305347667578,107.3644129225417,4216900
2023-01-25,106.80541229248047,106.81428051046596,103.49574595286629,104.8799461573944,3984700
2023-01-26,110.60310363769531,110.67409000514843,107.18696424719737,108.50905318525673,5807400
2023-01-27,109.68029022216797,112.14700870307556,109.60042887434628,110.63858577823667,4857500
2023-01-30,106.94737243652344,108.78410213492182,106.76991331160475,108.33157256585797,5246300
2023-01-31,108.13638305664062,108.33158540934114,105.67853259036772,106.67232140877555,5200100
2023-02-01,104.43629455566406,107.33779955355448,102.21802146170661,107.10709725628587,7282300
2023-02-02,98.75751495361328,102.38660626919592,97.39105799697649,100.70071746453331,11531300
2023-02-03,95.927001953125,99.72468439640558,95.6164450747506,98.76638879773695,13504200
2023-02-06,95.37687683105469,97.5596569440622,94.70252662255774,96.33517252056028,11516300
2023-02-07,99.39640045166016,99.5117550113811,95.30591016290768,96.19321960256399,7370600
2023-02-08,98.30497741699219,100.26592974387505,97.46202969807464,99.58270470567403,6713200
2023-02-09,97.5418930053711,99.14792036560227,97.47090665020593,98.14526348501215,5768300
2023-02-10,102.09378814697266,102.3688585855134,99.22778339710231,99.36088112289536,10779200
2023-02-13,100.0973892211914,101.69274513110807,99.92805447752335,101.55905479680065,6018200
2023-02-14,101.20254516601562,102.00467348402705,98.52876597325191,98.92983013225762,7308100
2023-02-15,99.50914001464844,99.97259203484433,98.02073805005674,99.66065252127292,7203700
2023-02-16,96.576904296875,99.56262301418334,96.33626036337252,98.82287581085653,6531900
2023-02-17,92.79796600341797,95.070674246514,91.95126517578552,94.59830767519581,11294500
2023-02-21,93.85856628417969,94.58049133773434,92.254302742467,92.69993263734929,7200600
2023-02-22,92.76229858398438,94.01006335413126,91.76408540791269,94.01006335413126,7929500
2023-02-23,93.96550750732422,94.83003047727833,92.75339380921127,94.47352524846187,6095800
2023-02-24,93.80506896972656,94.07244955843221,92.1205889402851,92.8425070101112,5617900
2023-02-27,94.34876251220703,94.63396537482629,92.19191543866309,93.73379107727662,7429300
2023-02-28,92.11168670654297,95.64107422867708,92.07603550331676,95.06176087562342,8771800
2023-03-01,94.69635009765625,95.97085183449089,92.00474859736859,92.4503784801811,6064700
2023-03-02,96.55017852783203,97.11166976997573,94.27746325291034,94.53592941827667,5458600
2023-03-03,96.82644653320312,97.21860294986968,94.31309462590771,94.7141587431193,7075100
2023-03-06,97.64641571044922,97.68206691630374,95.45391754868835,95.88172521917029,6200900
2023-03-07,95.94409942626953,97.07599615145536,95.0706620070131,96.78187884499205,4973200
2023-03-08,95.56978607177734,96.7284196679733,94.25963315011593,95.36479333719012,4576800
2023-03-09,94.30418395996094,97.37011941542151,93.90311982644224,96.18474241667987,5191600
2023-03-10,92.88707733154297,95.65889525335552,92.33449392727321,94.23288124207845,5313100
2023-03-13,89.73202514648438,92.31667958685222,88.7427263544823,90.9084876559231,8789700
2023-03-14,90.33806610107422,93.06531807475994,88.78727642974023,90.0617778239355,7090800
2023-03-15,84.88357543945312,87.97624781449733,83.41299551359579,86.82652193790967,10661200
2023-03-16,85.91744995117188,86.00657457523307,81.57701208168486,82.00481979686073,10111500
2023-03-17,84.12599182128906,86.40761418668126,83.33277133332783,85.87285979476384,17056000
2023-03-20,85.70352935791016,86.35414508049405,84.41119881344326,84.52706011752456,7932900
2023-03-21,88.86750030517578,89.20617652966835,87.34344709530178,87.42365720119281,6770200
2023-03-22,87.67323303222656,90.09745408863236,87.60193061298061,89.12598412555484,5635500
2023-03-23,85.93524169921875,88.91205204619762,85.11528456882526,87.7979776408465,5866400
2023-03-24,85.05290222167969,85.47179531337724,83.11887055978815,84.27750393706268,8385900
2023-03-27,86.87999725341797,87.78907914197333,85.20442469052941,85.83721825212838,6049700
2023-03-28,87.82160949707031,88.50316377683113,86.47644035753092,86.63786092795101,3792000
2023-03-29,89.45375061035156,89.94698204721247,88.48522715717975,89.35510432297939,7596300
2023-03-30,89.00536346435547,90.4491789757124,88.66458972474919,90.2249841055251,5461100
2023-03-31,88.96949005126953,89.5882700725633,88.72736260574139,89.50755636279769,7708800
2023-04-03,97.22881317138672,97.87449538272405,94.17079921843161,94.27840835906564,12394300
2023-04-04,95.3276596069336,97.54269913227516,94.26048985708363,97.1481208212299,5425500
2023-04-05,96.62799835205078,96.74457723269154,94.98689010225587,95.87470679981483,5806800
2023-04-06,95.29180145263672,96.61903141860824,94.95999054020118,95.86573984471391,5087800
2023-04-10,95.0137939453125,96.86116453611496,94.70889217163636,95.99128724715561,4374700
2023-04-11,95.73121643066406,96.13476448916815,94.60127228821368,95.14830835802542,4812200
2023-04-12,96.43070220947266,97.82967609330032,96.32309304418429,97.2826468720198,8108200
2023-04-13,97.78485107421875,98.55608209862154,96.06303583727156,96.79839485566893,7160100
2023-04-14,97.30056762695312,98.66366934272662,96.95979390848076,98.17941447401265,5052100
2023-04-17,94.7088851928711,96.5741882274306,94.62817147868448,95.77605500587207,6278800
2023-04-18,94.11699676513672,94.78958132565523,93.35473563159253,94.15286876272378,7745300
2023-04-19,94.39500427246094,94.88822885150498,92.81667056737514,93.13054199801844,4717500
2023-04-20,93.06776428222656,93.17538027243164,91.5791140480838,92.77182544057543,5351600
2023-04-21,91.7046890258789,93.44443689631554,91.13971346694885,93.35476029959378,5279000
2023-04-24,92.9511947631836,93.2202245029004,91.2652449566666,91.42666553725049,5215800
2023-04-25,91.55221557617188,91.83919158345728,90.10840688035361,91.11279553831415,5355800
2023-04-26,90.09944152832031,91.58809200776328,89.36408257878911,90.87067248049755,4295000
2023-04-27,90.78099060058594,91.40873350556986,89.50755852751432,90.08149685260948,4196700
2023-04-28,92.2696304321289,93.02292867377241,89.96490768493476,90.18910253132285,6638200
2023-05-01,91.94678497314453,92.37724206835394,90.69129252415745,91.09484733376941,3644900
2023-05-02,88.45834350585938,90.92448752599653,87.4180826769639,90.46712799198853,8100100
2023-05-03,86.17153930664062,87.50774569455437,85.82179584722284,86.83516106615329,9085100
2023-05-04,87.31046295166016,88.3507237364126,85.92045182617674,86.2701953250223,6840000
2023-05-05,90.009765625,91.11280063671632,88.72737059869387,90.68235028547068,5566700
2023-05-08,90.48504638671875,92.14408697358407,90.21600981938529,91.55220926220412,5058900
2023-05-09,91.05001831054688,92.02751148865296,89.63310510875571,89.68691652932843,4896100
2023-05-10,90.09944152832031,91.70467772683409,89.2744059931165,91.46254341944464,5285900
2023-05-11,89.57929992675781,89.78556221348128,88.37761873158202,88.67355075425925,5671700
2023-05-12,89.16678619384766,90.52988802701354,88.52110385744318,90.2518885706834,5004400
2023-05-15,90.40170288085938,90.54592377705606,88.75213382819003,89.53635687220302,5838100
2023-05-16,88.40057373046875,90.64506481265323,87.81466052569479,90.02310154720314,4822200
2023-05-17,90.78030395507812,91.45635626949827,88.84228594497509,89.72566399510104,5013700
2023-05-18,90.80734252929688,90.90649741627766,89.46425389268394,90.32058405061657,5503400
2023-05-19,92.48394012451172,93.37632710811727,91.78986288774264,92.24056435704061,6068200
2023-05-22,93.50253295898438,94.57519781515212,92.32169039364835,92.60112999038286,5561900
2023-05-23,94.09745788574219,95.16111369253062,93.73689531312323,94.16055582016358,5415700
2023-05-24,93.7278823852539,95.26026465949923,93.26816495211679,95.0889958971786,5141900
2023-05-25,91.66368103027344,92.30367638919171,90.5910091687779,91.88903179935,4951900
2023-05-26,91.80789947509766,92.70930252714017,90.9335374142709,92.54704970268612,5709500
2023-05-30,91.22198486328125,91.57353149857803,90.16734495739092,90.77128334344852,6721800
2023-05-31,89.50932312011719,91.03268955567341,89.4462251834629,89.62650303757249,22757300
2023-06-01,89.71664428710938,91.02368283329665,88.68002940624622,89.75270123429655,5857800
2023-06-02,92.25859832763672,92.78141373318944,90.57297907054541,91.36621125757901,4958500
2023-06-05,92.00621795654297,93.97127707110182,91.01467588086506,93.97127707110182,5153900
2023-06-06,91.88903045654297,92.61014878075419,90.45579601003736,91.08678228052673,3622400
2023-06-07,94.47604370117188,95.07998892165149,92.23155221683803,92.23155221683803,4827700
2023-06-08,94.2326889038086,95.16113307532925,92.47494858320228,94.5121216878537,5231300
2023-06-09,93.64674377441406,95.0529300533303,93.41237710220864,94.50307375151651,4085100
2023-06-12,92.6822509765625,93.88111854970938,91.4293014271457,92.13239462728937,6049600
2023-06-13,93.21408081054688,95.07096865597924,93.04281205220398,93.61069342548394,4904300
2023-06-14,92.54704284667969,94.60224055273935,91.97916144173973,94.1335140263513,4915300
2023-06-15,93.8811264038086,94.92675033640316,92.69127468621654,92.74535666701095,4614600
2023-06-16,94.57521057128906,95.08000097825918,93.94423115902617,94.52112858656933,9928200
2023-06-20,91.97013092041016,94.42194775236823,91.05971212387618,93.86307551423846,8590000
2023-06-21,93.4754867553711,94.1335139601017,91.7628265862994,91.7628265862994,6477500
2023-06-22,91.4292984008789,92.73632988330348,91.13183378692291,92.51999510822571,4967700
2023-06-23,90.55493927001953,90.96958380056208,89.80677317316378,90.16733572755342,7149000
2023-06-26,91.86984252929688,92.37766593938349,90.6819116999415,90.8270060795322,4361000
2023-06-27,91.3982925415039,92.150954010654,90.98115661026513,91.59779383872251,3816900
2023-06-28,92.95801544189453,93.14844659720025,90.64562427886283,91.42548915400796,5463000
2023-06-29,93.45677185058594,93.68347661980896,92.32324800447081,92.95802550938359,4260300
2023-06-30,93.95552062988281,94.67190849668337,92.98522454061725,94.08247474111529,7000000
2023-07-03,94.51774597167969,95.20692341985648,93.97364904519931,94.26383084403159,2234000
2023-07-05,94.32730102539062,95.2159866112263,93.52930286634908,95.2159866112263,4154900
2023-07-06,90.99019622802734,93.9736309481777,90.09244754178685,93.22097659265164,6004500
2023-07-07,93.61091613769531,94.86232370292895,90.79070886406795,91.18064125967017,7393100
2023-07-10,94.6265640258789,94.72631467226631,93.17565496726233,93.26633548621085,6405900
2023-07-11,97.42861938476562,97.58277692871498,95.07995496742,95.21597917851362,5648500
2023-07-12,99.12437438964844,99.36014924711289,98.3445095613639,98.516807370874,6229200
2023-07-13,100.24883270263672,101.34608274733235,99.36921725793977,99.65032890454135,6054900
2023-07-14,97.11124420166016,99.95866225048606,96.53088059028265,99.81356788840169,4738200
2023-07-17,96.52182006835938,97.62814039536904,96.24977159111825,96.74852482656692,4081400
2023-07-18,98.61656951904297,99.29668379158808,96.48554618209761,96.53088298251252,4396800
2023-07-19,99.27854919433594,100.37579937655666,98.6347016029072,98.6347016029072,5408200
2023-07-20,101.2826156616211,101.36422605021708,99.9314503791509,100.20349884476393,6702300
2023-07-21,102.37078857421875,102.65190022893486,101.42769605569575,101.71787783689672,4957000
2023-07-24,104.0302734375,104.91895215453852,102.83327267277896,102.83327267277896,3999600
2023-07-25,105.35420989990234,105.66252497524438,103.28666411461573,103.71287006339435,3664700
2023-07-26,105.94366455078125,106.2247762245336,104.42927849379042,104.5743659349762,4006300
2023-07-27,104.99149322509766,106.9048816956656,104.583427479366,106.40612852334532,4568500
2023-07-28,105.12753295898438,105.46305849882586,103.98493901646503,104.95523512521709,3138800
2023-07-31,106.75074768066406,107.2313607062595,105.88020215757936,106.29733812165239,4126100
2023-08-01,106.4424057006836,106.8504783786592,105.36329585636835,106.33359185467373,3308200
2023-08-02,104.8191909790039,106.58749194542789,104.2025607825751,105.81669728141287,4577800
2023-08-03,104.27510833740234,106.3607946740743,102.47961070428357,104.20256807999353,7285300
2023-08-04,103.1143798828125,105.81670334313225,102.99649591235617,105.07311209595369,6928700
2023-08-07,103.81262969970703,103.92144353881498,102.69723941949692,103.8216929073133,3635100
2023-08-08,104.8191909790039,105.00055890602327,100.92894407352499,102.15314817736989,4281300
2023-08-09,105.59000396728516,107.7663639787749,105.46304986389758,105.85298230101078,4818800
2023-08-10,105.03684997558594,106.63284648814768,104.42928288551482,105.45398589944732,3589300
2023-08-11,106.83234405517578,107.04998559623499,104.71039091844771,105.17287054509868,3771600
2023-08-14,106.72352600097656,106.80513638680048,105.46304819551179,106.25197626572837,4252400
2023-08-15,105.20256042480469,106.42298327216726,104.71074605466715,106.10421662909432,4214900
2023-08-16,104.41018676757812,106.47762894581184,104.33732383869955,105.4211373228465,3767200
2023-08-17,106.31369018554688,107.36106525031293,105.84919770250137,106.10421100343889,4044700
2023-08-18,106.8237075805664,107.49767223904136,105.33005241930262,105.50309317368698,4267600
2023-08-21,106.75083923339844,108.48129532943624,106.1406279256737,107.59785155180381,3271600
2023-08-22,105.78543853759766,107.23355268023465,105.72168521588264,107.09693643410509,3194300
2023-08-23,105.47577667236328,105.95848139613688,103.69978628327341,104.7471682595584,3136700
2023-08-24,104.55589294433594,105.99489730156554,104.50124228366846,104.91109097001939,3538500
2023-08-25,106.12242126464844,106.67798892349177,104.51947856074453,105.3664909792605,3710300
2023-08-28,107.0331802368164,107.83465848666204,106.03133937310011,106.08599003923824,2821600
2023-08-29,107.16069793701172,107.56143012871931,106.1770692918739,107.34284830155235,3213700
2023-08-30,108.10789489746094,108.3264836868196,107.47947123668122,107.71626533559929,2847500
2023-08-31,108.408447265625,108.89115200649276,107.56143483115792,108.53595391609605,4395700
2023-09-01,111.24092102050781,111.56879722538396,109.26456113731994,109.29188299629449,6398300
2023-09-05,111.86935424804688,113.83660457578448,111.62344361421033,111.81470358019934,5785700
2023-09-06,112.08793640136719,112.42492221781359,111.04055443814443,111.54147836143082,4664000
2023-09-07,110.84928894042969,112.64349842337576,110.75821376308326,112.01506788708139,3503900
2023-09-08,111.7691879272461,112.94407672548358,111.52327725278666,111.80561939563239,4368400
2023-09-11,109.69261169433594,112.84385985393689,109.12793451771988,112.42490850945019,4294500
2023-09-12,112.09703826904297,112.42491446009838,110.38479439384466,110.43033545594311,4486600
2023-09-13,111.39575958251953,112.66172345235731,110.63071966776494,112.46136081891545,3879700
2023-09-14,113.39032745361328,113.74552551384578,112.42491805386247,112.47956177125495,4686200
2023-09-15,112.54331970214844,114.74737107609721,112.19723123016514,112.98049030497191,12441000
2023-09-18,113.37212371826172,114.51058090677475,112.99870642510565,114.00965696439252,4945300
2023-09-19,112.1698989868164,114.78379191321471,111.27734560677942,114.61074421894655,4190700
2023-09-20,110.35747528076172,112.7618961092422,110.25729050052581,111.68719233374027,3444600
2023-09-21,108.44486999511719,111.25913957918942,108.15342525343051,111.14073559286653,4470700
2023-09-22,108.52684783935547,110.3665915585627,108.41755345014462,109.21902479191759,3641100
2023-09-25,110.26640319824219,110.44855355909854,108.28093369110813,108.64524136141169,3291300
2023-09-26,109.41940307617188,110.60340140015387,108.69078765393809,109.10974603830708,5204500
2023-09-27,112.66883087158203,113.42856227712613,110.57271523319905,111.41482361879461,5364100
2023-09-28,112.33016204833984,113.7855445818709,111.8358792114423,112.45830867455764,3964600
2023-09-29,109.6573715209961,112.22946616545684,109.51091425410381,112.110474873707,5308900
2023-10-02,107.18597412109375,110.12420540444478,106.14249037498658,110.06013208612129,4769500
2023-10-03,107.64363098144531,107.7077042928079,106.24316647347224,106.87475124509429,4162600
2023-10-04,103.73515319824219,105.8404242971502,102.21569028977717,105.55667203638748,7287600
2023-10-05,103.81753540039062,104.87932982112618,102.69167464349036,102.98458224516429,4070100
2023-10-06,105.5658187866211,106.71913838836382,103.5795391557081,104.69624443912242,4209700
2023-10-09,111.50636291503906,111.5521325624708,108.69627835603644,108.88849830500784,6532800
2023-10-10,110.19742584228516,111.89079797197908,110.01436122741401,110.98461625647236,5705500
2023-10-11,109.87705993652344,110.01436189023772,108.03723051707391,109.38277709323248,7300700
2023-10-12,110.8564682006836,111.42397967301805,110.2614977348191,110.82900920715355,3859500
2023-10-13,114.28897857666016,115.30500320709758,112.98004638505401,113.5567061820048,5589100
2023-10-16,114.70088195800781,115.44230970729313,113.66655361946833,114.94802686892538,3769500
2023-10-17,114.83818054199219,115.72605855986191,114.36220836908086,114.60019096380293,4213800
2023-10-18,115.87252807617188,116.46749862863103,114.82904426935293,115.52470246838834,4781900
2023-10-19,115.68028259277344,116.56816056211117,114.29812881005059,115.04870483857385,4491300
2023-10-20,113.55671691894531,115.94574727764723,113.37365229470602,115.50638938608583,5289400
2023-10-23,111.0669937133789,112.73291383978479,110.42626057512084,112.6413745484901,5969400
2023-10-24,109.794677734375,111.66196617786534,109.7489150713802,111.27752628806464,4664400
2023-10-25,110.21574401855469,110.69171623979588,108.7145847435604,109.41024289780636,5010600
2023-10-26,108.29352569580078,109.071567786175,107.32327064366787,108.67797256972092,6066500
2023-10-27,107.82670593261719,108.32098178797389,106.58184700153443,107.73516664198993,5312500
2023-10-30,108.1379165649414,108.46743845563591,106.6459197145788,107.8083946742469,5830500
2023-10-31,108.7420425415039,108.91595182938029,106.62760924208827,107.9182378133853,4505000
2023-11-01,106.79237365722656,109.62991716096248,106.62761270625002,109.36447555766411,8350900
2023-11-02,111.6894302368164,112.81529794624721,107.43311829458422,107.8907868460903,9068700
2023-11-03,109.61161804199219,111.57043888297959,109.24548180423977,111.21345797162465,5935600
2023-11-06,108.43997955322266,110.35303060253389,108.18368630101516,110.06012303094427,4610800
2023-11-07,105.49259948730469,106.63677084833837,104.65049104161618,106.56354220519994,5491000
2023-11-08,104.76031494140625,105.83126451926236,104.32095710018008,105.44681767885575,5884300
2023-11-09,104.48572540283203,106.24317085857194,104.39419309474573,105.858730974529,4306200
2023-11-10,105.82212829589844,106.37132918830031,104.89763582054988,105.48345103690764,4602300
2023-11-13,106.12568664550781,106.63166316437136,105.78530180384703,105.78530180384703,3225700
2023-11-14,106.29129028320312,107.45962662366722,106.10729561078577,106.71446750174442,5421700
2023-11-15,105.82211303710938,107.330834263171,105.68411878695075,105.79451559081348,4733300
2023-11-16,103.02545928955078,104.65377884123595,101.17636016296494,104.42379075914205,6733200
2023-11-17,105.41734313964844,106.28210064976857,103.24626191239085,103.77063450458118,5799100
2023-11-20,106.15330505371094,107.24805063691085,105.41734033886264,105.78532269628678,4046400
2023-11-21,105.95089721679688,106.37407440264079,105.38972579197204,105.96009870437655,3720200
2023-11-22,105.6565170288086,105.91410254196376,102.26189791804404,103.05305041472968,4559000
2023-11-24,106.24528503417969,107.2388351640636,105.66571763442013,105.69331507935932,2159200
2023-11-27,105.61051940917969,105.91409831260214,104.28578594450516,105.776111092264,5289500
2023-11-28,105.77610778808594,106.69605999455547,105.31613168485117,106.03369328290887,3469100
2023-11-29,104.84696960449219,106.30969046019565,104.24899917809266,106.12570279915552,6065300
2023-11-30,106.31888580322266,107.35842936350079,104.5433776039667,105.95090348373374,10242700
2023-12-01,106.006103515625,107.67121488392883,105.65651715989883,105.822108849801,4675800
2023-12-04,105.36212921142578,106.64086226701728,104.76415885006001,104.94815350976873,4824800
2023-12-05,104.08341217041016,105.70253033157606,103.99141833574066,105.54614011076995,5821400
2023-12-06,101.6731185913086,103.33823692028894,100.95555696628747,103.33823692028894,7489500
2023-12-07,101.97673034667969,102.95188474189422,101.79274265933829,102.40910913248042,5816800
2023-12-08,103.09905242919922,103.20944923026283,102.16989865494756,102.79546649028349,5713900
2023-12-11,103.1818618774414,103.61423359853887,102.61148887750655,103.14506294015402,7250100
2023-12-12,102.16990661621094,102.55629194070195,100.91877084804833,101.90311959019455,6888800
2023-12-13,102.89667510986328,103.2738589649322,101.99512568329827,102.57469317180436,8570100
2023-12-14,105.74851989746094,107.036454592079,103.72462753354644,103.90861519620069,11490400
2023-12-15,105.37134552001953,106.47528555883139,104.52499102235181,105.19655232338047,30860400
2023-12-18,105.70252227783203,107.88280476996448,105.47253419934184,106.55807821056274,7000500
2023-12-19,107.16524505615234,107.30323930951656,105.10455380026573,105.74851762439303,6379200
2023-12-20,107.34923553466797,109.41912819813146,107.06404555055572,107.51482722849221,7767200
2023-12-21,107.47803497314453,107.52402837953879,106.05210602001304,107.17444901248875,4149300
2023-12-22,108.2416000366211,109.1339479465364,107.90121513043839,108.55438047580549,4299400
2023-12-26,109.49272918701172,109.86991303180423,108.90396022526505,109.19834470613839,2893600
2023-12-27,109.0051498413086,110.06309642672662,108.62797303494384,109.02355281840694,3441400
2023-12-28,107.1744384765625,108.73835451381338,107.11924358684362,108.24158646898593,3711400
2023-12-29,106.77886962890625,108.14040220335153,106.53968005123083,107.82761475274837,3643600
2024-01-02,108.17718505859375,109.29033349200324,107.49642233774173,107.79080678611116,4688400
2024-01-03,110.32987213134766,110.55986019073772,108.0115955809144,108.5083636127598,4881900
2024-01-04,107.15603637695312,111.53500383770782,106.96284023665427,110.95543647284632,5891500
2024-01-05,107.20204162597656,108.34278052583451,106.71446802437112,108.09439649020351,3984600
2024-01-08,105.33453369140625,105.84051024150023,103.47623321581143,105.75771088844905,6769600
2024-01-09,103.73383331298828,105.33454850406426,103.26465562953025,105.33454850406426,5935600
2024-01-10,102.2802963256836,103.70622518882753,101.95831442652563,103.70622518882753,4445200
2024-01-11,102.11470794677734,103.25544686311476,102.05951305332401,102.67587942581703,4212600
2024-01-12,102.75867462158203,104.29500037929245,102.16071120940931,103.95461548328629,5549800
2024-01-16,99.9436264038086,102.7954773895465,99.66763788122634,102.57469078268852,6677500
2024-01-17,98.95927429199219,99.85162919703498,98.0485234281157,98.36130385904481,4864100
2024-01-18,98.3705062866211,98.747683105087,97.30335817841605,98.747683105087,6150900
2024-01-19,99.2352523803711,99.28124578196336,97.44134126998327,97.56093955521635,5702200
2024-01-22,99.41004943847656,99.71363540073004,98.43490218616118,98.8948783646012,5740200
2024-01-23,99.34564208984375,100.66117409573911,99.03286169199107,99.1892518909174,3969500
2024-01-24,100.89117431640625,101.2131562408395,99.74123385865927,100.20121004175806,5332000
2024-01-25,103.0806655883789,103.10826303641585,100.51399764074931,101.01077276145307,5958700
2024-01-26,103.24624633789062,103.44862994157606,101.59953093254738,103.07145316063443,4156000
2024-01-29,102.66667938232422,103.12665555072054,101.64553172699003,103.07146065649037,4705700
2024-01-30,104.92056274414062,105.17814826545067,101.89391883138936,102.3078945593978,6206500
2024-01-31,102.9150619506836,104.96655156197221,102.84146408533078,104.84696029478296,5501400
2024-02-01,102.46427917480469,104.15699496611226,101.93071220349782,103.34743249339525,5255200
2024-02-02,101.77432250976562,102.98865928992568,100.90957210273051,102.72187929389133,4610200
2024-02-05,101.16716003417969,101.98591705594404,100.54159216172923,101.42474556659822,4520400
2024-02-06,102.59307861328125,103.44863454308145,101.37874184375958,102.00430969585736,4777100
2024-02-07,103.32904052734375,103.92701091723748,102.5286795114541,102.77707055924145,6100700
2024-02-08,104.78257751464844,106.0613107617069,103.57743512381374,104.05581429200635,7715500
2024-02-09,102.26188659667969,105.15053584928245,102.13308683568263,104.86534590385205,5974000
2024-02-12,102.20670318603516,103.16345445827993,101.68233063495362,102.36309339876419,5802000
2024-02-13,100.98316955566406,102.97027006329103,100.12761356243796,102.20670790422994,6321100
2024-02-14,101.30514526367188,102.15149965726737,100.75316829346038,101.37873611017851,7248400
2024-02-15,102.8431625366211,103.49172019358694,100.84188679155793,101.02719402836838,9421900
2024-02-16,102.44476318359375,103.58437974291247,102.287257330222,103.28789522590452,6967800
2024-02-20,101.4904556274414,103.4268686164807,101.32368264193217,102.42623777217379,6458300
2024-02-21,104.57574462890625,105.31695234537271,101.63868687421085,101.91664418585331,6925500
2024-02-22,103.9735107421875,104.61280833150576,103.1303787291012,103.82526495444775,5104900
2024-02-23,103.3156967163086,104.01058301397511,102.00930708369603,102.92655501736613,5206200
2024-02-26,104.1588134765625,104.25146356181038,102.48182360670607,103.02846405779248,5751200
2024-02-27,103.40834045410156,105.00194739648379,102.89875437296243,104.72399006699906,5060000
2024-02-28,103.80673217773438,104.9926701408238,102.9821344668754,103.67702065481821,4578900
2024-02-29,104.27000427246094,104.84444614654241,103.63070662781776,104.24220995204146,6624000
2024-03-01,105.84507751464844,107.0402827794523,105.27990276767726,105.43741569869708,5094300
2024-03-04,103.43612670898438,105.98404277853679,103.38053807492076,105.65976396525244,5877200
2024-03-05,103.0469970703125,104.510892433276,102.7041839834165,103.03772994127523,6247000
2024-03-06,103.76041412353516,104.60354617671425,103.28789655732896,104.04763858375202,4888700
2024-03-07,104.4552993774414,105.09459699101194,103.48246286629981,103.5195243146407,5097300
2024-03-08,104.6961898803711,104.89075717260697,103.63996339752029,103.96424221791341,5227600
2024-03-11,106.7808609008789,106.88277812320396,104.37192315330735,105.0390151289808,5899300
2024-03-12,106.56775665283203,107.22558855088083,105.95626040297164,106.62335236190935,5653000
2024-03-13,108.91183471679688,109.89393829744024,107.63323956747075,108.21694850737983,7685400
2024-03-14,110.97796630859375,111.17253361164059,110.01438985392234,110.41279158932736,7800800
2024-03-15,111.21885681152344,111.92301016141678,110.37572480367444,110.37572480367444,17549000
2024-03-18,111.42269134521484,112.17316620267685,110.4035263004366,112.01566035558575,4827900
2024-03-19,113.05335235595703,113.18307095365928,111.4597525618429,111.5153411974666,4457800
2024-03-20,112.95144653320312,113.36837545382197,112.13610881288406,112.31214892408903,3597000
2024-03-21,114.43387603759766,114.50799186949934,112.73835179614791,113.09969210088326,4925600
2024-03-22,113.98914337158203,114.9341926636799,113.69265884379125,114.47093514721001,4976100
2024-03-25,116.95398712158203,117.34312171031387,114.10031933338551,114.62843258059249,7054400
2024-03-26,116.73162841796875,117.5747605010346,115.99968068493595,117.20415306967323,5203400
2024-03-27,117.51915740966797,117.6859303898673,116.11085774145577,116.41660938327925,3847800
2024-03-28,117.92682647705078,119.1868874255405,117.39871321692996,118.59391839904515,4657800
2024-04-01,119.22393035888672,119.4648332805057,117.43576339069095,118.5939070138733,3036000
2024-04-02,121.06771087646484,121.22521672674264,119.17762653563447,120.00222430326339,4969700
2024-04-03,121.95716857910156,122.29997458993817,120.92873640909542,121.2900766776113,3707300
2024-04-04,122.06835174560547,122.69837516216488,121.41979407047168,122.42043197103396,3908400
2024-04-05,123.70826721191406,124.0047446135706,121.54948590651372,122.26290630228853,3595500
2024-04-08,122.68911743164062,124.1715471208113,122.46674873701585,123.92138410654557,4481900
2024-04-09,122.53160858154297,123.41179500283349,121.38272489362355,123.03192046035647,3756000
2024-04-10,123.05972290039062,123.85651218834288,122.07760517425943,122.74469707172776,4402400
2024-04-11,123.1523666381836,123.40252963558088,121.04917372302098,122.80028642980936,4328800
2024-04-12,121.55877685546875,125.24630295137634,120.80830189534039,124.41244502623334,4955300
2024-04-15,120.67857360839844,122.8651494807376,120.4747391860832,122.42042625818452,4219300
2024-04-16,120.01148223876953,121.18816020236083,119.05717295619044,120.44694540314987,3878600
2024-04-17,118.89967346191406,120.57666337551959,118.1769928818796,119.631614102591,3869700
2024-04-18,118.41787719726562,119.72426671058064,117.89903107105455,119.27026928139763,3588200
2024-04-19,119.87251281738281,120.91946513286578,118.41787751058821,118.72362915094944,3984800
2024-04-22,119.82617950439453,120.817543143807,117.61180935187947,119.15908761315605,4194900
2024-04-23,120.29869842529297,120.62298431470616,118.34375837249846,119.17762324617155,3773600
2024-04-24,119.77985382080078,120.15972835032714,118.86259891383392,119.8632367748442,3846600
2024-04-25,120.54886627197266,121.03991808712948,118.87187639709785,120.16899173194665,3666400
2024-04-26,120.6693115234375,121.16036331327616,119.39071637536907,119.94663099735432,4823100
2024-04-29,120.6507797241211,120.85461414716877,119.3351301719474,120.21531656010981,3609400
2024-04-30,116.38882446289062,120.30798627966568,116.21278433936854,120.2709177602411,6296800
2024-05-01,115.202880859375,116.49074331493874,114.35048868815574,115.88850710334395,5423500
2024-05-02,113.26646423339844,115.99968078821814,112.71982374993402,115.55495752518756,7685900
2024-05-03,113.2479248046875,113.6648537023171,111.99712397430255,113.50734785821241,5020700
2024-05-06,114.47091674804688,116.0181949078592,113.97985792176883,114.03545362155833,4848600
2024-05-07,114.46165466308594,115.75877697161268,114.02619151741108,114.57283899881608,5902000
2024-05-08,114.01692199707031,114.86005395398728,113.6833760656249,113.80382752732604,4200200
2024-05-09,114.32268524169922,115.10096151715705,113.63706612120548,113.95207782808828,5430500
2024-05-10,113.67000579833984,115.60009250365559,113.3529829800986,114.7236256038493,4515900
2024-05-13,113.37163543701172,114.27607353290087,113.0732647664448,113.63271599826095,6421200
2024-05-14,112.85880279541016,113.91242255927529,112.29003265274639,113.31568128069644,6144700
2024-05-15,112.54176330566406,113.66998445424205,110.63965520825002,112.51379217389564,6138600
2024-05-16,111.73059844970703,113.18515455534327,111.5161411992443,112.21544811367984,5002900
2024-05-17,113.48351287841797,113.74458629321789,111.94503641124186,112.72826376935863,4450300
2024-05-20,112.71894073486328,113.85648102758556,112.3459756548977,113.52081316698826,2814700
2024-05-21,112.27140045166016,113.50218036883005,112.15950878147453,112.53247390170861,2756700
2024-05-22,110.20143127441406,111.62801602645526,109.45550116605894,111.44152994250811,4468100
2024-05-23,109.69792938232422,111.35761640195406,109.27834102925092,110.7981723782397,3757200
2024-05-24,109.3249740600586,110.57439892044637,108.96133505658948,110.38791993384793,2851100
2024-05-28,110.91939544677734,111.17114990962118,109.77253613649883,109.86577563196347,3830700
2024-05-29,107.46016693115234,109.70727665640146,106.11749532390911,109.65132726362094,14290900
2024-05-30,105.90303039550781,108.5137716839513,105.29696303996514,107.87973319278186,9914300
2024-05-31,108.60700988769531,108.66295215462212,106.08017508784745,106.16409560195422,13830200
2024-06-03,106.17342376708984,108.56038871901129,105.32492809556723,108.40188088379827,7129500
2024-06-04,104.68157958984375,105.3622414478168,103.77714862550489,105.17576245003345,7683600
2024-06-05,104.64427185058594,104.84939586810083,103.77713114092712,104.48575690408744,5119100
2024-06-06,104.61630249023438,104.80278858615759,104.00091615798071,104.21536627614594,5355200
2024-06-07,104.42982482910156,105.16642891145291,103.63727847412416,104.40185369278853,4375700
2024-06-10,105.6419677734375,106.2946513838159,104.4018618000007,104.7841458821601,5307300
2024-06-11,105.94964599609375,105.96829816221955,105.03588904000684,105.53939081964775,4181900
2024-06-12,104.60699462890625,107.19909117089674,104.01957225651641,106.76085769108779,8650100
2024-06-13,103.39484405517578,104.58832655950133,102.64891393311389,104.42981872052115,5939300
2024-06-14,101.99623107910156,103.66524422500717,101.74448375164533,103.66524422500717,5690400
2024-06-17,102.13610076904297,102.47176863747889,101.14774933071351,101.53935947264964,5754200
2024-06-18,102.01488494873047,103.68389100879587,101.6419198790292,102.63027126707807,5690200
2024-06-20,103.80511474609375,104.28996438512462,101.87502804608916,102.19204374974059,5442400
2024-06-21,103.8144302368164,104.67225205207288,103.24566720601541,104.27131583730952,27096700
2024-06-24,107.38555145263672,108.15012660953236,104.34590299023414,104.66291866112704,8802700
2024-06-25,107.21772003173828,107.28298838395497,105.97762133962095,106.95664662287147,4956400
2024-06-26,105.9310073852539,107.41353456513909,105.13846100592247,107.41353456513909,5366500
2024-06-27,106.26667785644531,106.6023457381563,105.46480537388211,106.29464899430161,3846500
2024-06-28,106.64895629882812,107.75852546665953,105.95897551783956,107.60001761803142,7191800
2024-07-01,106.63031005859375,107.65595869215012,105.9683004213554,107.26434855976414,3925100
2024-07-02,106.40652465820312,107.79581216798293,105.66992064597986,107.58135495380488,3836700
2024-07-03,107.01258850097656,107.84243913857854,106.01491105575977,106.3412599293668,2326200
2024-07-05,104.9426498413086,106.96597593482443,104.56035868555793,106.78881592472368,4188300
2024-07-08,104.64427185058594,105.02655586574919,103.795776192077,104.40184350333816,4199600
2024-07-09,103.67457580566406,105.02656622951297,103.18040009368781,103.41350238150433,3460400
2024-07-10,104.92399597167969,105.01723545990215,103.01256156510988,103.3016061127146,3867700
2024-07-11,106.28531646728516,106.64895546480817,104.39252704076348,104.92399996896768,5839100
2024-07-12,105.49276733398438,106.85408379639365,105.22236783536843,106.6676048177633,4505900
2024-07-15,106.82611846923828,107.41353368620771,105.3808814082641,106.3039716097099,5118100
2024-07-16,107.40421295166016,107.61866307384973,105.50209741985145,106.03357035420115,4633700
2024-07-17,108.23405456542969,109.46483434439531,107.72122669347851,107.92635784225898,6484000
2024-07-18,108.72822570800781,110.39723885046826,107.55338825029771,108.43918116342935,5957100
2024-07-19,106.6209945678711,109.3902511331943,106.50911001248376,109.24106935477188,7559100
2024-07-22,104.72819519042969,105.98694611714511,104.52306403973053,105.92167776135149,5172800
2024-07-23,103.33890533447266,104.4764456085075,102.63027240555114,104.28995951472969,5714300
2024-07-24,103.59065246582031,104.82143222747239,103.04053449611781,104.16874868482245,4808000
2024-07-25,103.52538299560547,104.4671181944636,102.9845840011153,103.49741186032442,5492100
2024-07-26,103.36688232421875,104.00092085153746,102.49974150176402,103.63728184022266,5198800
2024-07-29,101.74449157714844,103.76781777642861,101.0545036668555,103.72119447226484,4629500
2024-07-30,102.48109436035156,102.81675511388896,101.576656335455,101.79110645892936,9794200
2024-07-31,103.68389892578125,104.80279422032044,103.5906594296657,104.0661901076878,7554600
2024-08-01,101.0638198852539,105.06385570291106,100.62558647827478,104.84939848389607,9704600
2024-08-02,98.62090301513672,100.77477277820236,96.95189706002476,100.43910494795101,7445100
2024-08-05,97.50202178955078,98.1920025493102,95.35747795936061,96.97054887354254,8475000
2024-08-06,98.64889526367188,99.25495554691162,97.07312145432637,97.50202882858541,8424900
2024-08-07,99.70250701904297,101.11044677548755,99.24562854422422,100.00087765149642,7735400
2024-08-08,100.95193481445312,101.29692875841026,99.69318389374908,99.9915545350546,5392900
2024-08-09,101.26895904541016,101.725837540204,99.85169314400453,100.95193623310206,5776200
2024-08-12,103.33509826660156,103.52293333806526,101.69157900846467,101.85123344532731,5906900
2024-08-13,101.74791717529297,102.7246379671719,101.29712737299482,102.35836856586414,5866800
2024-08-14,102.67768096923828,103.1566442217029,101.64461327966679,101.9075751826296,6388000
2024-08-15,104.46207427978516,104.59355523096026,103.00638310797936,103.00638310797936,6307000
2024-08-16,104.41511535644531,104.60294324243492,103.17543267946004,103.60744254937579,3819100
2024-08-19,104.9410400390625,105.88958735107266,104.35876928856437,104.45268323233749,4335600
2024-08-20,103.1660385131836,105.00677901243947,102.22688475855257,104.78138411757689,6783300
2024-08-21,102.9500503540039,104.42452165110451,102.27385841759528,104.06763859290248,4011900
2024-08-22,103.27875518798828,103.79528553217526,102.75283129858319,102.93126566667387,3644500
2024-08-23,104.62174224853516,104.70626265730658,103.56049379279136,104.08642483078997,4024200
2024-08-26,106.65029907226562,108.03085625080634,106.0680283247053,106.14315518023997,6253900
2024-08-27,105.58906555175781,106.74422791706615,105.24157605467398,106.74422791706615,3521700
2024-08-28,105.32610321044922,105.37305660272956,103.90797892436163,105.22279571618738,4506400
2024-08-29,107.41102600097656,108.13417129662133,105.250969328231,106.10560275189535,5270200
2024-08-30,106.86631774902344,107.1011062121775,105.57028801187612,106.23708638741262,5559500
2024-09-03,103.1660385131836,105.10070012004219,102.5649806834337,105.091306576247,6369900
2024-09-04,101.95453643798828,104.4245155710669,101.84184256526531,103.61684271240223,6251500
2024-09-05,100.9120864868164,102.73404739618826,100.7618255845416,102.57439294840384,5582400
2024-09-06,99.56908416748047,102.01088981503649,99.28734232249899,101.17504349412731,5229900
2024-09-09,99.17463684082031,100.17953108975334,99.11828990738424,99.59726033711482,6477000
2024-09-10,97.67198944091797,99.30611495031525,96.95823058875472,99.12768061115527,5611500
2024-09-11,96.32901000976562,97.70956731428734,95.13628777415772,97.48417239676601,6803100
2024-09-12,96.63892364501953,97.37146243372618,95.93455832277475,96.4698756810738,6775900
2024-09-13,97.20243835449219,98.01950490852965,96.77982192336928,97.03339034900776,5441600
2024-09-16,99.12767791748047,99.25915886494107,98.09460309432684,98.57357349731859,9325300
2024-09-17,101.70096588134766,101.89818731956454,98.89289802505746,99.09011946327435,8661300
2024-09-18,102.01087951660156,103.24116859538687,100.96841831550856,100.9778046937712,7424100
2024-09-19,103.82345581054688,104.57477455400712,102.71525403615622,103.77649525431659,7990700
2024-09-20,103.18482971191406,104.94104271733428,103.05334875424116,104.39633896347857,33515100
2024-09-23,103.01578521728516,104.1897274969418,100.94964250598444,103.4008345591215,8197600
2024-09-24,102.28324890136719,104.68748045648589,102.16115431556257,104.56538587068128,7787400
2024-09-25,99.29673767089844,102.198719568428,99.25917065785006,101.89819062921613,6561400
2024-09-26,96.0848159790039,97.8786030454917,95.95333502980499,96.73283434660883,9524000
2024-09-27,98.34819793701172,98.46089181973771,96.35718908180328,96.38536255248478,5489500
2024-09-30,98.87411499023438,99.15586400790967,97.54991180358088,98.04766219165543,6584000
2024-10-01,102.71524810791016,103.00638347724522,97.76590383816716,98.17913378058427,8067600
2024-10-02,103.64501190185547,104.84712759577421,101.98270569606571,104.50903166121272,7559900
2024-10-03,105.57966613769531,105.66419370371389,103.29752216763939,103.96432049104835,7397400
2024-10-04,107.57068634033203,107.65520675029912,105.23219518396137,106.65970592975086,7585100
2024-10-07,107.73973083496094,109.01698064437096,107.47676890334863,107.94634582842069,4899800
2024-10-08,104.05824279785156,106.04924424693553,103.4571849454668,105.88019627812889,5579800
2024-10-09,104.2178955078125,104.73442578470808,102.88429886759891,103.22239479964949,4217200
2024-10-10,105.05374908447266,105.96472945543064,104.02068129381392,104.84713409330587,3946400
2024-10-11,103.76709747314453,104.90347266880431,103.56048249844737,104.01127945825705,6820300
2024-10-14,102.80916595458984,103.71075272805503,102.27384858393317,103.0251673125668,5174000
2024-10-15,98.8083724975586,100.61154611149865,98.72385209308094,99.55030487484305,6395700
2024-10-16,98.76142120361328,99.55030698952925,98.64872016340736,99.21221103408664,4602900
2024-10-17,99.69116973876953,99.77569013507245,98.55479458681523,98.91167042427362,5093400
2024-10-18,99.2403793334961,99.681782761508,98.32939901018213,99.48456132530211,4326600
2024-10-21,98.60176849365234,100.33920182035446,98.32002661550314,100.16076744707938,4387000
2024-10-22,98.61115264892578,99.3718649622186,98.38575773483441,99.34369149360407,4710800
2024-10-23,98.15097045898438,98.66750077521753,97.35269112286025,98.22609732113678,4541300
2024-10-24,98.01948547363281,98.7708042205692,97.15545852515231,98.6111497929274,3504600
2024-10-25,98.19791412353516,99.01498046813053,97.90677875295296,98.66749100004812,3823100
2024-10-28,96.9770278930664,97.06154829970342,95.32411512213791,95.60586414127836,4438900
2024-10-29,96.0942153930664,97.44659914193025,95.9439545127342,96.69527324474483,3809400
2024-10-30,96.71405792236328,97.13667425076187,96.14117355220321,96.60135689104217,6413100
2024-10-31,102.87489318847656,103.91735432846798,99.55028835893286,100.46126855921128,11969400
2024-11-01,101.27833557128906,103.31630462636298,100.18892096212537,102.84672775780506,7428000
2024-11-04,102.23628234863281,103.37265757689062,102.10480139099471,102.36776330627092,5441700
2024-11-05,102.56498718261719,103.32569947921614,101.97332285917078,102.54620725901134,6003100
2024-11-06,106.7160415649414,107.8805974124095,104.61233910156552,105.18522348123983,7733600
2024-11-07,105.56089782714844,107.05414906105496,105.05375387077203,106.97902219598754,5442000
2024-11-08,105.53251647949219,105.92026376552303,104.55842949394493,105.06911734578672,5314000
2024-11-11,105.9675521850586,106.62955094562955,104.92725811095373,105.46631630606018,3820200
2024-11-12,104.63409423828125,106.70521610288971,104.47332413228084,106.35529832931903,5175700
2024-11-13,105.75003051757812,106.35528856775935,103.55596828185995,104.4260258270898,5961600
2024-11-14,106.7903060913086,106.88487629882913,105.30553146597877,106.47821791277093,4389900
2024-11-15,106.222900390625,107.87790463019641,105.80678273008265,106.56335898284222,4124000
2024-11-18,107.584716796875,108.24671549607622,106.62954106067494,107.23479907572882,5089000
2024-11-19,106.95109558105469,107.944100978397,106.15669703537735,106.50661480349464,5100000
2024-11-20,107.27263641357422,107.80223541149272,106.52551941851335,106.7714077597949,4092700
2024-11-21,105.82569122314453,109.11678102027238,105.447403132088,108.06703499483199,12535500
2024-11-22,105.68383026123047,106.6106357057907,105.09748337057032,106.08102950236554,7516200
2024-11-25,100.34054565429688,105.88244638222768,99.81094658358552,105.82570568615037,23447400
2024-11-26,100.9836196899414,101.52267787558985,99.20567503899893,100.832308782428,12073700
2024-11-27,101.56050872802734,103.07365389908011,101.29570922499877,101.53213838345218,6237600
2024-11-29,102.45893859863281,102.6291678845765,101.53214032035255,101.90096923735629,3918700
2024-12-02,100.37837219238281,102.83723422399885,99.81094360281696,102.4589460925396,5939700
2024-12-03,100.29325103759766,101.82530735341382,99.97170363294491,101.22004929020949,5862600
2024-12-04,97.8911361694336,100.34999810951486,97.24804853446658,100.18922800458452,7291000
2024-12-05,98.77063751220703,100.12301244980917,98.36397911236179,99.37589551915187,7074700
2024-12-06,97.61686706542969,98.91249416921968,96.84137975428156,98.7800944245294,5365600
2024-12-09,97.56013488769531,99.34753881214368,97.29532815997524,98.5625922464189,6526500
2024-12-10,96.80355072021484,98.4869250958121,96.55766238657014,98.00460761469037,5860800
2024-12-11,96.64278411865234,97.14401277494977,96.16992580663663,96.80355421307884,8195500
2024-12-12,95.4322738647461,97.04944852548923,95.39444433162836,96.82247132678285,5908600
2024-12-13,95.53629302978516,96.70898687348067,95.12018260918734,95.56467059015712,6887800
2024-12-16,94.1650161743164,95.98079059620576,94.03261640700653,95.64033199019575,7441800
2024-12-17,92.9261245727539,93.87184126878978,91.49809034147091,93.40843489275524,8737800
2024-12-18,90.64693450927734,93.16254412421925,90.55236429249085,92.68022663878959,8466500
2024-12-19,90.0133056640625,91.72505038953553,89.93764660491856,91.72505038953553,9951200
2024-12-20,89.9565658569336,91.14816358149983,89.11487865765082,89.61610730270179,29542200
2024-12-23,91.14816284179688,91.62102113936527,89.44587729969764,90.24973496251492,7892300
2024-12-24,91.83854675292969,91.91420581847862,90.64694172389359,91.26165900479887,2677400
2024-12-26,91.6304931640625,91.87638153351844,91.01577584804566,91.85746315842782,4325600
2024-12-27,91.65885162353516,92.66131613118644,91.23328203738971,91.73451068359282,5889700
2024-12-30,91.81961822509766,92.3019356955783,90.92119037060444,91.9709363394621,5238800
2024-12-31,93.78671264648438,93.90966042113497,91.8290795907082,92.01822723815337,5556400
2025-01-02,94.6473388671875,95.78219613858921,94.11773255398634,94.57167979169498,5080600
2025-01-03,95.60250091552734,95.89567800863362,94.84593185954216,95.1580201125685,5758200
2025-01-06,94.56220245361328,96.60495380835596,94.23120308092216,96.03752528156473,5935500
2025-01-07,96.15100860595703,96.92649595850827,94.48655252234407,95.04452187400805,5074700
2025-01-08,96.10372924804688,96.88866858949439,95.2809531592577,95.5173823234246,5119900
2025-01-10,96.38743591308594,98.77064582945485,95.69706682292599,97.8816699002265,7013200
2025-01-13,98.57205200195312,99.39482088970973,96.48201180519735,96.48201180519735,7342100
2025-01-14,99.18675994873047,99.25295982581702,97.55067417991476,97.76818496952254,4808100
2025-01-15,99.75419616699219,100.12302508604664,98.77064997776516,99.31916015530416,4566900
2025-01-16,99.87712860107422,100.40672757704915,99.38535193888757,99.479929369093,5273500
2025-01-17,100.10411071777344,100.38782861235778,99.46102307659525,100.05682921217323,8559300
2025-01-21,98.61933135986328,99.99062483501879,98.39236138355133,99.30024850404457,7144700
2025-01-22,97.46554565429688,99.29077889040256,97.33314591408151,98.61932100352618,4839100
2025-01-23,98.3450698852539,99.75419285250887,98.00461132278582,98.45855847782502,5734200
2025-01-24,96.30233764648438,99.06382880367231,96.20776741525803,98.83685880567982,5962100
2025-01-27,97.11565399169922,98.0802818883365,95.89567853563852,96.89813596756987,6831000
2025-01-28,95.87674713134766,97.72089884628313,95.27148907938542,97.30478122984219,4742100
2025-01-29,96.0469741821289,96.36852157335268,94.90265797869758,95.65923413372826,4130600
2025-01-30,95.95240020751953,96.71842830342551,95.46063077668666,96.46308800987174,4046900
2025-01-31,93.46517944335938,95.83892307016109,93.20983190406484,95.82947109851725,6264900
2025-02-03,93.1341781616211,93.56920695149819,91.77234388705253,93.38951848048,5948600
2025-02-04,95.12018585205078,95.32824467706561,92.23574707842819,92.39651718312304,5310900
2025-02-05,94.77027130126953,95.40389976970985,94.00424306972961,95.07290036196088,6961100
2025-02-06,94.51493072509766,95.611958361631,93.24766657615423,93.52192528909904,8543400
2025-02-07,93.02069091796875,94.99723526689334,92.93557266694931,94.62840634804861,12121700
2025-02-10,94.07988739013672,94.20282794652881,92.50999442342544,94.20282794652881,10338500
2025-02-11,96.1888427734375,97.03998922951722,93.81509188349453,94.12718011993138,8063700
2025-02-12,93.05852508544922,96.18884506576104,92.99232520480125,95.51738707197566,7585800
2025-02-13,91.63994598388672,92.6896920558466,91.17654683981067,92.51000358120169,9329100
2025-02-14,91.7734146118164,93.87087178608515,91.75434271954731,92.3931201822399,7960800
2025-02-18,92.90794372558594,93.0795543848735,90.84862308793065,91.7543415668511,11777700
2025-02-19,94.92915344238281,95.61559621197522,93.58487574676185,93.76601511321758,7515100
2025-02-20,97.24588012695312,97.33168182387838,94.57638246885172,95.10075041827034,6309200
2025-02-21,93.37511444091797,96.83592106240955,93.23210433987539,96.34016095576398,8562200
2025-02-24,94.21409606933594,94.71939212340911,93.32744216965037,93.48951689005196,6277700
2025-02-25,92.5551986694336,95.1102868029439,92.36451610795015,94.65265592917963,5822000
2025-02-26,91.64948272705078,92.86029348287914,90.79143656636224,92.76495582878006,6292400
2025-02-27,92.8316879272461,94.3761767525552,91.82108848145276,92.66960592280802,6306300
2025-02-28,94.52871704101562,94.56685355303857,91.61133569852633,92.60286318973492,9002600
2025-03-03,88.3125991821289,95.11028116477853,87.29247117850291,95.10074521882065,12640200
2025-03-04,86.41536712646484,87.81685318139436,84.34651022337685,86.81578963535993,14000500
2025-03-05,84.73738861083984,85.23315599918914,82.76386955160187,84.68972342559596,12081100
2025-03-06,84.4704360961914,85.46196354978039,83.82212996399075,84.6611186490714,8679000
2025-03-07,86.40583038330078,86.82532478330698,85.22362748867933,85.22362748867933,8603700
2025-03-10,88.57003021240234,89.64735948292211,86.42490034475222,87.18760882230548,12086700
2025-03-11,90.9630355834961,91.65900691554947,88.5700222214889,88.5700222214889,14544100
2025-03-12,93.1939697265625,93.23210623920383,90.5816804378977,90.74375516127633,10147300
2025-03-13,91.70668029785156,94.73846389211303,91.65900783953903,92.47892466070253,11354700
2025-03-14,94.33804321289062,94.9958853770337,91.735289672127,92.4217324044856,7625800
2025-03-17,94.72893524169922,95.83486507652879,94.40477850255844,94.62406164437101,8031100
2025-03-18,95.84439849853516,96.22575636297249,94.12829901926158,95.77766141779334,7861500
2025-03-19,96.60710906982422,97.8751208100193,95.59650969194895,95.81579281627728,8784600
2025-03-20,97.54142761230469,97.84651243112486,96.13994172548219,96.43549787175499,11577800
2025-03-21,97.16960906982422,98.16113658365461,96.6166405435695,97.63677589741671,55090400
2025-03-24,97.4270248413086,98.13253211729999,96.83591982565345,97.27447879579923,6768300
2025-03-25,97.770263671875,98.53297221456782,96.6929270355482,97.79886424207888,6556500
2025-03-26,98.38994598388672,99.9821144446459,97.82744879849568,98.81897628810644,7168400
2025-03-27,98.02765655517578,99.00011211742743,97.46515938972922,98.10392957639432,4712000
2025-03-28,97.59862518310547,98.44714246856965,96.87404609116251,97.66536225250844,3745400
2025-03-31,100.1251220703125,100.5446164481953,97.25542032720341,97.4556315692485,7905800
2025-04-01,100.47787475585938,100.78295957837261,99.17172649527049,100.02025115898748,6809500
2025-04-02,101.15478515625,101.2501228029149,99.38147728785735,99.53402334155814,6527500
2025-04-03,90.81049346923828,96.7119861335941,90.68655525682325,95.65372153330873,13870900
2025-04-04,82.26811981201172,88.33168785773553,81.56261242678384,87.80731983735181,15158400
2025-04-07,81.67700958251953,85.25222602329069,77.9111178410925,80.09438422044566,12870200
2025-04-08,78.80729675292969,84.1653490554755,77.48207668536044,83.08801993698036,11509800
2025-04-09,87.24481201171875,88.16006649430037,76.1568700817663,77.32954420639041,17841900
2025-04-10,79.40794372558594,84.51812048338876,77.03400197904216,84.37511036699046,15621900
2025-04-11,82.36345672607422,82.92596125867091,78.6166294039804,79.41748171209503,9233400
2025-04-14,82.420654296875,84.48951842690224,81.60073740268095,84.47044653236011,6537200
2025-04-15,81.72468566894531,83.62193190765814,81.48633789565687,82.56366721235375,5739600
2025-04-16,82.33485412597656,84.24163628308801,82.00116870324139,82.35391874707713,6093300
2025-04-17,84.83273315429688,86.26281963362638,83.60285790921797,83.7172601723349,7804400
2025-04-21,83.46937561035156,83.76492445963324,82.30623755682397,83.19289137846425,6213500
2025-04-22,85.57638549804688,86.25329229294508,83.72680447262573,84.7469326387113,5556800
2025-04-23,85.73844909667969,87.3973473260234,84.92806823758508,86.5488299557743,7699600
2025-04-24,87.52129364013672,87.91218015405431,85.9386611442177,86.52023021572569,6520300
2025-04-25,87.44502258300781,87.72150684238282,86.38675800442606,86.42489451680152,4736600
2025-04-28,88.59862518310547,88.98951170747621,87.34968531112135,87.34968531112135,4667600
2025-04-29,87.5975570678711,88.29353565548853,86.17700660200022,86.7585756580955,4828800
2025-04-30,84.96621704101562,86.5202419079581,83.96515348132218,86.5011772865206,8415300
2025-05-01,86.42489624023438,87.120867602026,84.13675636865065,84.30836704086434,8027600
2025-05-02,87.14948272705078,88.1314743825486,85.51917756784552,87.4831681526379,6895400
2025-05-05,83.52658081054688,85.62403796840695,83.46937968177843,85.62403796840695,9275000
2025-05-06,83.545654296875,85.39523524386628,83.49798910910705,84.39417174138626,8902400
2025-05-07,83.62191772460938,84.20348677469742,82.83060150579509,84.08907724435704,9200900
2025-05-08,84.68019104003906,87.9598585126506,84.55625282463784,85.19502306937666,15884200
2025-05-09,84.46090698242188,86.82531991282939,84.18442998752313,86.65370923825306,7569300
2025-05-12,87.96937561035156,89.82849223951554,87.79776495648713,89.03717604259644,8799600
2025-05-13,89.78083038330078,90.64841970075462,87.98845788874708,88.40795226411343,8293600
2025-05-14,88.25540161132812,89.44714032125412,88.0647263272583,88.67489596483675,7605200
2025-05-15,88.62722778320312,88.7416373234428,86.50116989543808,86.67278056889951,6696200
2025-05-16,88.1219253540039,89.25646290638355,87.24480743014863,89.20879044960625,6696200
2025-05-19,86.92967224121094,88.36231266473824,86.53545166250078,88.21808544482718,7190100
2025-05-20,86.23738098144531,86.94889258771424,85.78547248297026,86.68928947992038,5313200
2025-05-21,83.795166015625,86.1123893561016,83.68939987397448,86.1123893561016,8639100
2025-05-22,82.81441497802734,83.237479484424,81.59330697415557,83.05479120471631,6587200
2025-05-23,81.9106216430664,82.42021817127561,81.50678392678778,81.7663944112313,6789600
2025-05-27,82.25675201416016,82.4875111498679,81.30485682492697,82.35290104273,7227100
2025-05-28,81.3240966796875,83.27595070443608,81.03564223824534,83.18941143772297,6793000
2025-05-29,82.30482482910156,82.31444193289876,81.09332650018402,81.53562524644504,6999800
2025-05-30,82.06444549560547,82.73750335776303,81.28562883846229,81.67984205090123,20170600
2025-06-02,83.3817138671875,84.18937453727015,82.55481898932142,83.69901227430607,8634400
2025-06-03,84.52590942382812,85.18934289616857,82.0932955729095,83.32402815459409,5642900
2025-06-04,82.641357421875,85.4489577874674,82.49713753065232,84.56436755232656,7268000
2025-06-05,82.06444549560547,83.49708580803568,81.94906959718459,83.49708580803568,5110200
2025-06-06,83.86246490478516,84.41052244587571,83.39132952208995,83.4105563938384,6042100
2025-06-09,84.6509017944336,85.3912574229711,83.67016257816712,84.42014264648309,6212600
2025-06-10,87.6700210571289,88.16039063239604,85.650862142565,85.89123837848216,9687600
2025-06-11,89.75648498535156,90.20839348239167,87.63155994105065,88.28538359588944,8738500
2025-06-12,91.04491424560547,91.11221930472651,88.583456364105,89.13151394143377,7862300
2025-06-13,93.22752380371094,94.46786613245166,91.78526630550556,92.81407636079736,16849700
2025-06-16,91.34297180175781,93.18905957655147,90.39108393908306,92.41986000490448,10330400
2025-06-17,91.82373046875,93.02561175760798,91.17952385849041,92.2371779255452,9468100
2025-06-18,90.18917846679688,92.4487139133177,89.7180357009667,91.84296102459362,9116000
2025-06-20,91.04491424560547,91.5160496594527,90.08340920919,90.71799871865956,16026400
2025-06-23,88.17961883544922,92.60254017598952,87.64117840628624,92.54485222592226,9749700
2025-06-24,85.94892120361328,88.12192430075129,85.61239596053221,86.76619888986737,11016200
2025-06-25,85.57394409179688,86.55467595367985,85.38164602811814,85.87200829120918,8380800
2025-06-26,87.39118957519531,87.41042378334458,85.7758608686058,85.84316592572615,6545000
2025-06-27,86.69890594482422,87.4488786871618,86.34315378205962,87.40080783755364,7555700
2025-06-30,86.28544616699219,86.71812776586538,85.67008362858151,86.06430415184153,6518900
2025-07-01,88.44883728027344,88.77575277408167,85.76623762031102,86.40083440115612,11895200
2025-07-02,90.8045425415039,90.84300362517399,88.37193585105881,89.5353561231977,9436000
2025-07-03,90.07378387451172,91.12182074730563,89.94879087205115,90.3333869829146,4331500
2025-07-07,88.98729705810547,90.11225622811382,87.72772042961006,89.75649671177975,6287100
2025-07-08,92.1025619506836,93.18905992586171,88.95843659099259,88.98728790207939,12934700
2025-07-09,90.89106750488281,92.10256587258937,90.76607449432065,91.55450830981515,5351500
2025-07-10,91.69873046875,91.86218455101232,89.61225913513435,90.47761506431819,4065100
2025-07-11,91.92949676513672,92.48717144468213,91.016069918334,91.05452366422567,4903400
2025-07-14,90.544921875,91.97756957166685,90.19877949660943,91.30451168670704,5504200
2025-07-15,88.98729705810547,90.91991696482704,88.91037489202759,90.64107961457086,4152400
2025-07-16,87.98731994628906,89.41996026645437,87.59309939602109,88.85267586762068,3773700
2025-07-17,89.23727416992188,89.39111848669208,87.2758031453065,87.59310154686946,4899400
2025-07-18,88.11231231689453,90.14108833180507,87.42002758479418,89.77571909461902,7968000
2025-07-21,87.4969482421875,88.60268037392666,87.40079921675375,88.20845983323774,4436500
2025-07-22,89.4007339477539,89.70841523994015,87.64117811945417,87.73732714781849,5545500
2025-07-23,91.38143157958984,91.61219071422828,89.56418780594834,89.93917415062353,6921500
2025-07-24,91.9391098022461,92.10256389000915,90.66992350863126,90.76607254050947,5047900
2025-07-25,91.2948989868164,92.31409929933082,91.09298381229875,92.01602775396567,4501800
2025-07-28,93.28520965576172,93.5736640831882,92.00641361127967,92.00641361127967,4632400
2025-07-29,94.2178726196289,94.2947947799715,92.92945944454476,93.56404892811877,5157700
2025-07-30,92.94868469238281,93.69865740336398,92.1794851095025,93.64096945196569,6607600
2025-07-31,91.66988372802734,93.21790737415712,91.43912458064122,91.59296890269933,5648100
2025-08-01,89.189208984375,91.81411361851181,88.82383237670231,91.28529025137168,6349200
2025-08-04,89.27574157714844,90.25648082682316,88.5546127964999,88.69884001976986,9384500
2025-08-05,89.61226654052734,89.91033809036205,88.42000234829234,89.56419569008393,7716200
2025-08-06,89.5257339477539,92.01602845480683,89.01613745546594,90.94875728444094,7078500
2025-08-07,89.03536224365234,91.47758584343337,87.67002689332075,88.49692178677815,10307300
2025-08-08,90.29493713378906,91.27566899589971,88.17000465043103,89.9584045187218,8765300
2025-08-11,89.9295654296875,91.82373153666921,89.29497591635479,90.9679926359061,6491400
2025-08-12,90.9487533569336,93.05445162953997,89.92956041637021,90.75645529348043,7524800
2025-08-13,92.18910217285156,92.18910217285156,90.63146867622987,90.76607879727864,7263300
2025-08-14,91.96795654296875,92.09294955459787,90.66030913015211,91.91987835773386,10057700
2025-08-15,91.66027069091797,92.71792469239614,91.0833691751754,91.77564659264603,6564700
2025-08-18,91.12708282470703,91.7087435762595,90.48725082064692,91.57302298077117,4849500
2025-08-19,90.8944091796875,91.66995429066682,90.34183042208069,90.6811318703977,5412100
2025-08-20,91.98988342285156,92.29040654920662,91.07861020588082,91.12708501810101,6133300
2025-08-21,91.88323974609375,92.4552114350093,90.94288465151934,91.86385425999276,5342100
2025-08-22,93.8221206665039,94.42317432673423,92.27102279712344,92.31949761025515,6338400
2025-08-25,95.17932891845703,95.21810728761757,93.25984032420719,93.83181202405315,6850800
2025-08-26,94.0838623046875,95.00482448148027,93.43433390394412,94.60735176764899,7052100
2025-08-27,94.90788269042969,95.61556755042918,93.81241415941815,94.13233014084014,5759500
2025-08-28,95.44107055664062,95.64465883715732,93.87058733598404,95.07268715593965,4241000
2025-08-29,95.94518280029297,96.28448427715652,95.06299156423026,95.28596533257915,4594300
2025-09-02,95.96456146240234,96.60439339860534,94.80124008267303,96.07120011843618,5192300
2025-09-03,91.75720977783203,95.27626328132044,91.45667929069116,94.6461277778395,9793500
2025-09-04,92.84298706054688,93.23076337664914,91.10770117427629,91.66028002095115,5612700
2025-09-05,90.10916900634766,91.97049372561699,89.31423093736403,91.25310499793068,8510300
2025-09-08,88.6065444946289,90.3806160040554,87.7437461444916,90.18672416366545,9750600
2025-09-09,89.05248260498047,90.79747214765973,88.6550098883968,89.48872629254166,5838300
2025-09-10,91.43729400634766,91.44699044691335,88.8876774576332,89.05247996616465,4353800
2025-09-11,91.25310516357422,91.2821944873583,89.84742442559883,89.99284145964882,4721000
2025-09-12,89.60506439208984,92.1643775428362,89.5953679509124,91.8638544322934,5170400
2025-09-15,89.50811767578125,90.20611348116772,88.88767860348597,89.86680462294801,4932100
2025-09-16,91.65058135986328,92.19346375153027,89.81834589176931,90.23520412714728,7860400
2025-09-17,90.95258331298828,92.29040377314031,90.29336582619938,91.14646776360127,7072700
2025-09-18,90.62297821044922,91.51485851665377,90.07039939071187,90.73930592225643,4416600
2025-09-19,89.11064910888672,90.96227736738705,88.57746318558384,90.92349899903851,15284100
2025-09-22,89.19790649414062,89.99284459223848,88.29632972710861,88.7034915196475,5798800
2025-09-23,90.61328125,92.61031918423963,89.76986836314055,89.76986836314055,8241900
2025-09-24,92.70726013183594,93.69609004021743,91.12708044212674,91.60210251391605,7935600
2025-09-25,93.85120391845703,94.10325963710149,92.29040958521173,92.29040958521173,8076300
2025-09-26,95.47016143798828,96.60440098169049,93.89967079548079,94.0935552419159,6812900
2025-09-29,92.9205322265625,94.41346605001822,91.76690726005995,94.22927065866845,8700500
2025-09-30,91.69904327392578,92.16437629330609,90.69083529166706,91.71843615601773,7318300
2025-10-01,92.5424575805664,93.00779060721193,90.96227789140268,91.38882515325874,4794600
2025-10-02,90.5260238647461,93.2016720399446,90.28366461617203,92.09651445814426,5428600
2025-10-03,91.2822036743164,91.81538965787122,90.62298613033249,90.79748510951113,4321600
2025-10-06,92.00927734375,92.50368493212511,91.4566911045931,91.88324578904349,3454100
2025-10-07,92.31949615478516,92.3679635709347,89.79895383603439,91.56332902142917,4071900
2025-10-08,90.88471984863281,92.3000969981961,90.43877971078828,92.28071151229739,5289400
2025-10-09,89.13973236083984,92.11590376080771,89.01370820899734,91.42760435388158,6940000
2025-10-10,84.96145629882812,88.21876514191945,84.96145629882812,88.1412084084608,7892400
2025-10-13,86.06661987304688,86.26051172023108,84.90329837481251,85.65945808828663,5887300
2025-10-14,85.47526550292969,86.17326138338905,84.09866662547815,84.24408366661017,6003900
2025-10-15,85.05839538574219,86.27019156560148,83.94354142102827,86.21202771575764,6036100
2025-10-16,84.25377655029297,85.72731759419867,82.98380900067004,84.94207595995174,7816600
2025-10-17,83.83692169189453,84.81604781460483,83.49761279789492,84.27316541815414,5774600
2025-10-20,84.39917755126953,84.58337293648796,83.56546119194606,84.05017966149613,4636400
2025-10-21,83.76905822753906,85.0002400147522,83.6042483095134,84.58338179144992,5895500
2025-10-22,84.73848724365234,85.07778869648439,83.87568155471236,84.60275926630257,8307800
2025-10-23,87.3268814086914,88.20906517885062,86.42530475783332,86.9681870779313,7866300
2025-10-24,85.33953094482422,87.8309835351453,85.24258873199871,87.7243448821722,7886600
2025-10-27,85.9793701171875,86.65797306044009,85.61097932266408,85.98905916193586,5716000
2025-10-28,84.13743591308594,85.65945166735936,84.04049369486935,85.60128781567285,5234800
2025-10-29,85.38802337646484,85.70793940142613,84.08897378853943,84.19561246352653,5476300
2025-10-30,85.44618225097656,86.52225798398744,84.62216222561072,85.24260135503096,6114200
2025-10-31,86.14417266845703,86.87125042062415,84.85481967952185,85.22321047419896,5635800
2025-11-03,85.86302947998047,86.11508515532128,84.71909359493141,85.98905361954243,5310100
2025-11-04,85.22321319580078,85.37831927518339,84.35071838609367,84.69971630997651,5740400
2025-11-05,85.01962280273438,85.99875625359354,84.88390221305696,84.93237702203493,6384600
2025-11-06,83.04198455810547,85.65946173878925,82.95473137409974,84.3410267066205,13101800
2025-11-07,84.17622375488281,84.70940971320044,82.9741164457876,83.46853142942808,7567400
2025-11-10,85.53343200683594,85.84365155912052,83.75936047523147,84.66093720471756,6071400
2025-11-11,87.91824340820312,88.596846345945,86.08600808008276,86.39622762251008,6561600
2025-11-12,86.34774780273438,87.50138012615692,86.22172366338732,86.59980347764537,6941500
2025-11-13,86.68705749511719,87.88916473825405,85.9308977946967,86.8033926014194,8207700
2025-11-14,88.57746124267578,89.01370493364728,85.95997690819479,87.48199270045662,7628400
2025-11-17,86.8064956665039,88.76335983404513,86.19986508722215,88.57745534937851,8610800
2025-11-18,87.74579620361328,88.40134395772805,86.19987160284074,86.49340423609704,6876800
2025-11-19,86.08245849609375,86.59123989796835,85.16272994345552,86.10202385334705,5092900
2025-11-20,85.58345794677734,88.63616135571209,85.55410617782137,86.58145541550341,4911200
2025-11-21,85.4856185913086,86.58145780845643,84.67351812514025,85.5149703610758,7046600
2025-11-24,85.67151641845703,86.22922244375667,84.45826264610861,85.22143852653495,7143900
2025-11-25,84.75179290771484,85.10402906804411,83.8516296841819,84.79093108828972,6926400
2025-11-26,85.21165466308594,85.7497953460663,84.53654153743659,84.58545866735156,5066000
2025-11-28,86.77714538574219,87.46204487018316,85.00617820766848,85.21164805300077,3304700
2025-12-01,88.31328582763672,89.21344159244981,86.86520299589176,87.20765274719624,8525400
2025-12-02,87.36420440673828,88.450264651111,86.66951850116698,88.1371666730388,5135000
2025-12-03,89.82984924316406,89.85920101196241,88.02953775164919,88.0784548780316,5647600
2025-12-04,91.11160278320312,91.1898716804502,89.66351994388329,89.66351994388329,7312400
2025-12-05,91.66930389404297,93.0195374760693,90.09402764925673,90.2799246682208,9873600
2025-12-08,90.87677001953125,92.20743826186686,90.27014689997891,90.53432028029293,7974900
2025-12-09,91.41490936279297,91.61059279249089,90.19186926507008,90.63216071431259,6177200
2025-12-10,94.71222686767578,95.30907102444866,91.5421016027314,91.708440727045,10640100
2025-12-11,94.6241683959961,95.6026005053103,93.84142718745147,94.08603521478003,8225500
2025-12-12,93.47940063476562,95.55367930543221,93.18586802854641,95.33842305618403,5731300
2025-12-15,92.3248519897461,93.53810568304424,91.29749531620568,93.47940214678857,8942100
2025-12-16,88.8122787475586,91.3953463683798,88.80249980121195,91.31707000853942,9060400
2025-12-17,92.91191101074219,93.06846372934609,89.8298484130392,89.94726295199213,9661000
2025-12-18,90.24079895019531,92.45205019704454,90.17230899944946,92.2172285751794,7336900
2025-12-19,89.95704650878906,91.3855564289231,89.6243757247336,90.45604148760587,14612600
2025-12-22,91.29749298095703,92.49118128658537,90.57345534789421,91.10180955521385,4850700
2025-12-23,90.73001861572266,91.75736791766055,90.4462723899936,91.33664178500644,5671100
2025-12-24,89.820068359375,91.15073659172458,89.71244023287288,90.74957585388131,3079200
2025-12-26,89.565673828125,90.4854023754551,88.79271158630313,89.92769638639936,4575600
2025-12-29,90.63217163085938,90.73002082233852,89.72222938995822,90.01576203470513,5256400
2025-12-30,92.07046508789062,92.2759349464342,91.10181933622947,91.33664096530141,4553600
2025-12-31,91.59103393554688,92.54989325989769,91.40512943874941,92.412913356419,3551700
