Price,Close,High,Low,Open,Volume
Ticker,CSCO,CSCO,CSCO,CSCO,CSCO
Date,,,,,
2021-01-04,37.68981170654297,38.041331664925586,37.166817879794976,37.98989179383038,24392500
2021-01-05,37.70695877075195,37.78412184665726,37.1925404451112,37.44974960793157,17763700
2021-01-06,38.06705093383789,38.47001072163809,37.62979245120167,37.83556172607607,21823100
2021-01-07,38.547176361083984,38.675782575279456,37.86985640475936,37.895579609953586,18218800
2021-01-08,38.63290786743164,38.93298461826096,37.93844032475213,38.13563408538158,20936300
2021-01-11,38.89012145996094,39.39596752007546,38.598616895308645,38.710075388714664,25058200
2021-01-12,39.2587890625,39.37881977656847,38.54717372824882,38.83867829266868,20145000
2021-01-13,38.89012145996094,39.413115232183436,38.7357953215808,38.830106102878844,19367300
2021-01-14,38.71007537841797,39.09588745367402,38.45286296745838,38.470010679561796,22333500
2021-01-15,38.950138092041016,39.138759660811466,38.47858744070666,38.54717502079206,30271700
2021-01-19,38.74436950683594,39.121612651155885,38.38427734608526,38.864403497678,28868800
2021-01-20,38.87297821044922,39.01015665246939,38.701504340276,38.86440598870698,16499400
2021-01-21,38.67577362060547,38.78723209572923,38.341401465825314,38.75293667713867,17488400
2021-01-22,38.384273529052734,38.487156526094566,37.92129513647722,38.36712581778051,14643400
2021-01-25,38.60718536376953,38.72721606626773,38.33282853789042,38.61576085428589,16581300
2021-01-26,38.804378509521484,38.881541569982176,38.38427105747318,38.487154047890336,13087800
2021-01-27,39.18162536621094,39.833222062406435,38.650059382162645,38.787237806129674,29634500
2021-01-28,38.87297821044922,39.67032892675145,38.83868278229617,39.361676614558064,21166000
2021-01-29,38.22138214111328,38.898698871507946,38.135643569132114,38.45286810898218,22608100
2021-02-01,38.92441940307617,39.12161319919134,38.28996709639061,38.51288082703631,16776900
2021-02-02,39.2930793762207,39.38738687458623,38.95013172012179,39.02729477921448,16520900
2021-02-03,39.24164581298828,39.57601806037307,39.044452007366274,39.224498098943926,13173600
2021-02-04,40.51055145263672,40.57056682277101,39.241649916009344,39.32738522460337,22285700
2021-02-05,41.22216033935547,41.4450740683496,40.724886471503545,40.78490183202473,25488600
2021-02-08,41.9594841003418,42.302431753308596,41.633687427673664,41.633687427673664,25215400
2021-02-09,41.58224868774414,41.86518102189521,41.50508562121126,41.813737887342775,24795000
2021-02-10,40.50196838378906,40.64771902348609,39.293082541029584,39.56743937976992,44540900
2021-02-11,40.793479919433594,41.07640902695084,40.46767989116616,40.59628284164052,18589900
2021-02-12,40.54483413696289,40.88777853410921,40.21903417967124,40.66486483949367,15239800
2021-02-16,39.8760871887207,40.5191116236989,39.781779685554014,40.5191116236989,18539000
2021-02-17,39.653175354003906,39.781781555280546,39.32737537587024,39.71319070910859,13296300
2021-02-18,39.7303352355957,39.78177836610063,39.17304610219514,39.77320287572083,16867500
2021-02-19,39.16447448730469,39.96182503419414,39.078739205730244,39.90180968297376,25117700
2021-02-22,38.950138092041016,39.16447959451952,38.42714430269878,38.83010737394773,21435800
2021-02-23,39.018733978271484,39.25022324269774,38.667213970200294,38.804392430164846,19714900
2021-02-24,39.21592330932617,39.26736317749887,38.61576643944073,38.78724029806398,17823600
2021-02-25,39.02729797363281,39.64460249690128,38.78723655706908,39.08731332777374,21916700
2021-02-26,38.47001647949219,39.25021950957077,38.375705684000465,39.078748903868174,22144900
2021-03-01,39.37023162841797,39.627443956551836,38.77007825101391,38.77007825101391,17394100
2021-03-02,39.02729797363281,39.507424077351786,38.941559417294684,39.37881787814035,14833000
2021-03-03,38.69293212890625,39.03587659875258,38.58147362267497,38.95014129893901,16851100
2021-03-04,38.2042350769043,38.98443810695442,37.85271510227935,38.70150572048957,24653500
2021-03-05,39.653175354003906,40.07328611032823,38.812957111946815,38.96728324524215,33197600
2021-03-08,40.73345947265625,41.496518002134636,39.610312043748166,39.64460747058601,34824500
2021-03-09,41.059261322021484,41.47079665069789,40.913510657332615,40.99924595766818,26512700
2021-03-10,41.402198791503906,41.830881727997614,41.316460241850415,41.55652491028894,19841500
2021-03-11,41.83946228027344,42.07952699652244,41.350763896990394,41.59082534264749,21976600
2021-03-12,41.856605529785156,42.002359442384275,41.55652875471573,41.84803330932241,15196500
2021-03-15,42.36245346069336,42.38817339381957,41.925198244589296,41.925198244589296,15523600
2021-03-16,42.58536148071289,42.6453801009623,42.1738262528036,42.1738262528036,17282300
2021-03-17,42.371028900146484,42.533930543898094,41.916625937243474,42.533930543898094,18326900
2021-03-18,41.83946228027344,42.49963452642237,41.59940083461633,41.59940083461633,18416900
2021-03-19,41.9937858581543,42.19955513511073,41.42792443476374,41.7622966480502,65366800
2021-03-22,43.125518798828125,43.19410966406511,41.959500254539144,41.959500254539144,28813900
2021-03-23,42.87687301635742,43.451309947721626,42.78256550190496,42.88544850804788,28328200
2021-03-24,42.568233489990234,43.25412580153945,42.542510279774774,42.81686720439446,26444700
2021-03-25,43.30555725097656,44.06861577404356,43.11693894613707,43.365575882734454,34537700
2021-03-26,45.07173156738281,45.13174692734536,43.348427300216265,43.382719455486416,31997000
2021-03-29,45.02885818481445,45.38895029872312,44.823088926444214,44.92597519092504,25032800
2021-03-30,44.385841369628906,44.83167211381179,43.87999526282449,44.67734596118726,22465100
2021-03-31,44.33439636230469,44.62590094159218,44.19721792914539,44.437282640118035,22212400
2021-04-01,44.565887451171875,44.6430505274732,44.02574591706263,44.36869364964449,17896200
2021-04-05,45.25669479370117,45.6970847660371,44.58315602635005,44.58315602635005,19860900
2021-04-06,44.928558349609375,45.092627847506144,44.71268020525178,44.885383379545665,15126100
2021-04-07,44.70405197143555,45.02355074165184,44.53998574760328,44.91129317058794,15783600
2021-04-08,44.824928283691406,44.90264453098734,44.42771337264034,44.850832601443926,15111300
2021-04-09,44.98037338256836,45.03218532663038,44.62633333324276,44.75586154637818,13135800
2021-04-12,44.531349182128906,45.04082180124621,44.44499923070136,44.963105527345625,16441700
2021-04-13,44.609066009521484,44.7990398578666,44.33274220867743,44.59179536021379,13353200
2021-04-14,44.35863494873047,44.62632500201731,44.160027474629395,44.47952616826689,15376600
2021-04-15,44.59178924560547,44.85084236161941,44.3586404529812,44.69540983320323,17869800
2021-04-16,45.59346389770508,45.92159960282911,45.127166310534996,45.29123581011656,28327900
2021-04-19,45.636634826660156,45.731621729787165,45.32577309011559,45.360311087039115,20245600
2021-04-20,44.7213134765625,45.58482598256739,44.55724399223674,45.41212282255865,21257500
2021-04-21,44.84220886230469,44.96310009731946,44.45362753972926,44.7644925977896,14015500
2021-04-22,44.47090148925781,44.98037408468273,44.36728089355561,44.7385915966978,15564800
2021-04-23,44.824928283691406,45.014902064645554,44.19456463075253,44.470888333574,14016800
2021-04-26,44.59178924560547,44.704046803692506,44.470898011068236,44.60042621609475,13778200
2021-04-27,44.35863494873047,44.61768803259975,44.34136430393403,44.53997507207378,13601000
2021-04-28,44.13412857055664,44.704046742624406,43.970059071875305,44.52270989106627,14984000
2021-04-29,44.43635177612305,44.55724299721787,44.021866177781334,44.194569333933394,13916600
2021-04-30,43.96142578125,44.23774954625101,43.529669486681044,44.22911586973684,19930200
2021-05-03,44.185935974121094,44.3845467610464,43.87507422049838,44.22047726698106,13465900
2021-05-04,43.788726806640625,44.23775379136628,43.434686742881475,44.1341331930571,18164800
2021-05-05,44.151390075683594,44.25501064168459,43.76280883563186,44.0304988663427,16205300
2021-05-06,45.282596588134766,45.51574537012762,43.99596474318476,44.09958532605749,27106800
2021-05-07,46.137481689453125,46.353359854463086,45.09263216137434,45.317144003607375,24146000
2021-05-10,45.90433120727539,46.75057318806773,45.90433120727539,46.603777622336075,23845600
2021-05-11,45.61936950683594,45.86115196626221,44.997639417980984,45.852514996117584,20220900
2021-05-12,44.5572509765625,45.273968050030206,44.444996704894,45.058089889690194,22123300
2021-05-13,45.325775146484375,45.60209889864185,44.79903196454701,44.99763945553276,15864000
2021-05-14,45.679813385009766,45.9561371264312,45.42075699514319,45.70571770638089,14789400
2021-05-17,45.714359283447266,45.89569944650454,45.489847440002194,45.558926740277826,15731000
2021-05-18,45.70571517944336,46.05975515944315,45.541648996432265,45.59345763631017,20177200
2021-05-19,45.308502197265625,45.47256838738275,44.78175904210172,44.7990296874886,29187900
2021-05-20,45.636634826660156,45.740258699547155,43.261975424640134,43.52966548854,48830800
2021-05-21,45.27396774291992,45.70572406067118,45.10990152802859,45.567562170752346,24468400
2021-05-24,46.10293960571289,46.43107533325927,45.58483333614646,45.7316289047092,21128900
2021-05-25,46.03384780883789,46.266996555054895,45.887048986091585,46.08565644530494,20657200
2021-05-26,45.68844223022461,46.29290158594008,45.61072598028921,46.0683865109985,18671200
2021-05-27,45.69708251953125,46.06839317918604,45.403491415099886,45.705719489684505,56216100
2021-05-28,45.679813385009766,45.9561371264312,45.62800144822869,45.921595835243814,14863500
2021-06-01,45.43803405761719,46.04249356260452,45.27396784236548,45.7316284860945,15741700
2021-06-02,45.731632232666016,45.757539853857196,45.24806722429145,45.46394540132711,14529300
2021-06-03,46.051124572753906,46.249732058363136,45.438028176090164,45.59346069422589,17593100
2021-06-04,46.690128326416016,46.77647827306872,46.14611443919391,46.14611443919391,11676700
2021-06-07,46.560604095458984,47.00963110335188,46.448349814015465,46.90601049969647,14899800
2021-06-08,46.741939544677734,46.96645137891047,46.53469506427582,46.60377765575622,15329700
2021-06-09,46.64694595336914,46.992348979227124,46.577863371774264,46.7851078225201,14860900
2021-06-10,47.519100189208984,47.56227845704387,46.862832023014626,47.000993915583926,22183500
2021-06-11,47.29457092285156,47.79540636361229,47.09596348133971,47.65724452195021,17134000
2021-06-14,46.77647018432617,47.08733520898299,46.22382271562016,46.966443986958396,15131400
2021-06-15,46.448341369628906,46.90600197210645,46.39652943020091,46.828285709983945,12542600
2021-06-16,46.17201232910156,46.56059030119728,45.87841796069324,46.50014469246956,15477900
2021-06-17,45.8784294128418,46.24110315573852,45.77480551998035,46.12021190810628,18288400
2021-06-18,44.963096618652344,45.6280016538309,44.79903042583121,45.60209733234305,35758300
2021-06-21,45.921607971191406,46.12021550694771,45.15308215638321,45.222161462975116,17682200
2021-06-22,45.99068069458008,46.07703393300879,45.60210265078817,46.02522198995157,16451200
2021-06-23,45.55891799926758,46.01658186369805,45.412122455571655,45.999311218432865,14749800
2021-06-24,45.57619857788086,45.80934739871757,45.4294030021908,45.714360476076,13974300
2021-06-25,45.8179817199707,45.93887296214372,45.46394167044716,45.56756226458985,16682700
2021-06-28,45.731632232666016,46.016593007492084,45.69709093377081,45.90433543310246,14008700
2021-06-29,45.68844223022461,45.930224654895405,45.56755101788921,45.671171586456914,10926100
2021-06-30,45.76616287231445,45.826608484283085,45.43802719731416,45.72298790577097,15826400
2021-07-01,46.1461067199707,46.284268587927194,45.76616240660005,45.80933737270419,15074800
2021-07-02,46.55479431152344,46.62435522174317,45.94612059132735,46.250455792922935,15066000
2021-07-06,46.06785583496094,46.39827928860986,45.51135527113434,46.27654520489841,19394500
2021-07-07,46.31132888793945,46.34611100609916,45.79830425460248,46.146118802188866,14411600
2021-07-08,46.31132888793945,46.7113166127654,46.00699364655538,46.22437690954553,15691800
2021-07-09,46.72870635986328,46.89391644097533,46.337415834066036,46.398282880633914,14673400
2021-07-12,46.285240173339844,46.98956308196136,46.198288202055494,46.98956308196136,14000600
2021-07-13,46.363502502441406,46.58958295560637,46.25915946398356,46.38089356168528,9927400
2021-07-14,47.03303909301758,47.12868825168509,46.38088935701734,46.520014501350516,17113700
2021-07-15,46.65044403076172,46.84173902393779,46.2939356544275,46.81565409691491,14952400
2021-07-16,46.69392013549805,47.311287734671765,46.65044415134587,46.85043633204983,14144900
2021-07-19,46.13741683959961,46.69391736453481,45.850469390614705,46.667829121987694,19925300
2021-07-20,46.589576721191406,46.8939119247209,46.25045608682362,46.32871418444619,17250200
2021-07-21,46.85044479370117,46.867835853904026,46.45045704304657,46.798271613092595,14068600
2021-07-22,47.424320220947266,47.43301408955935,46.76347342827814,46.87651362226183,15729800
2021-07-23,48.0243034362793,48.11995258952,47.39823866379825,47.72866210671935,13042500
2021-07-26,48.23298645019531,48.38950262271226,47.9373451595527,47.9373451595527,10097400
2021-07-27,48.067779541015625,48.18081975122272,47.64171026078142,48.15473482463835,14738700
2021-07-28,47.62431716918945,48.276466841973125,47.31128479553253,48.224293674028715,18835700
2021-07-29,47.885169982910156,48.12863810014166,47.73735100230655,47.824302953602285,10680200
2021-07-30,48.14603805541992,48.25038439667235,47.83300566567249,47.893876023238874,13438800
2021-08-02,48.21560287475586,48.64167216391592,48.05038949091402,48.34603082741497,12468800
2021-08-03,48.911224365234375,49.05904336226483,48.05908254322285,48.29385681821654,17357400
2021-08-04,48.42428970336914,49.01557238586536,48.2329947063298,49.01557238586536,11662400
2021-08-05,48.48516082763672,48.67645915778656,48.25908369682761,48.27647475565989,10785200
2021-08-06,48.33734130859375,48.65037373036206,47.95474796921319,48.232998273672735,18386100
2021-08-09,48.23298645019531,48.754704813915474,48.17211941832811,48.53732160953133,8707200
2021-08-10,48.35472869873047,48.40689855373038,48.04169630071092,48.25907954189061,10441900
2021-08-11,48.57210922241211,48.70253716961977,48.346028806711104,48.59819414845268,12604500
2021-08-12,49.032958984375,49.08513215173497,48.39820037468335,48.563410429149485,11209700
2021-08-13,49.1025276184082,49.232955573017385,48.919923174747304,49.032963389012615,10841700
2021-08-16,48.937313079833984,49.067744348377104,48.63297787590664,48.954704136773394,14407400
2021-08-17,48.702537536621094,48.71123472337005,48.37211741426793,48.58080345817468,11987500
2021-08-18,47.954742431640625,48.815578175093236,47.85039609176373,48.511242976297844,17111700
2021-08-19,49.79815673828125,49.989455065217136,47.46780796599146,47.61562698807446,39881600
2021-08-20,50.62420654296875,50.728549562297125,49.43294408070105,49.78075856780202,21876500
2021-08-23,50.902462005615234,51.04158715126652,50.2068362773588,50.302482119927404,16225400
2021-08-24,51.580692291259766,51.67634144270252,50.806808527048105,50.85898169610911,17658300
2021-08-25,51.606773376464844,52.40674532417169,51.45025719793535,51.77198674102631,18069600
2021-08-26,51.47635269165039,51.85025213559437,51.29375156330707,51.667647690245985,13729400
2021-08-27,51.31983184814453,51.606775978580515,51.18070671765941,51.53721507184033,14795200
2021-08-30,51.41548538208008,51.49374348196472,51.128537910168035,51.28505410993733,11798600
2021-08-31,51.31983184814453,51.45895697862965,50.93723856856164,51.39808994135521,19873900
2021-09-01,51.337223052978516,51.424175015907124,51.006799623241214,51.31983199699184,11629700
2021-09-02,51.763301849365234,51.92851525316676,51.35462356792101,51.60678563366136,12855700
2021-09-03,51.66764831542969,51.87633769106511,51.54591422839448,51.58939353119713,9732200
2021-09-07,51.19810104370117,51.624170331836005,51.08506083139796,51.51113343653777,15503600
2021-09-08,51.024192810058594,51.24157604346307,50.85898274679296,50.91115259992689,13124500
2021-09-09,50.95463180541992,51.250273154225646,50.6502965862104,50.82420384733232,14958800
2021-09-10,50.33726501464844,51.25897119198141,50.2763979697968,51.08506392797451,13622100
2021-09-13,50.51986312866211,50.893762562970004,50.198136865538444,50.57203629984634,13553200
2021-09-14,50.31986618041992,50.84158789181692,50.13726507408307,50.64159573006637,12810300
2021-09-15,50.05031967163086,51.82416443517743,49.615553180339084,50.24161467223578,37524600
2021-09-16,49.85032272338867,51.14592488619615,49.67641548007763,50.70246456690752,24029600
2021-09-17,49.43294906616211,49.95467084943076,49.10252891879759,49.90249767600236,40262700
2021-09-20,48.59819793701172,49.04166161630132,48.07647947349993,49.02427055858358,21897000
2021-09-21,48.050384521484375,49.015566529564374,48.02429959705128,48.65905818862537,18700600
2021-09-22,48.276466369628906,48.80688196235739,48.146035109546425,48.4851524053552,17940600
2021-09-23,49.2938232421875,49.47642768817089,48.346032165150675,48.43298745300111,16262500
2021-09-24,49.32859420776367,49.39815842232068,48.8851339494779,49.085126090822804,13156400
2021-09-27,48.88514709472656,49.27643429731197,48.737324757545565,49.09383316050475,13859500
2021-09-28,48.276466369628906,48.685147888682934,48.18081722116905,48.50254346116651,17803200
2021-09-29,48.24168014526367,48.676446552467205,48.11994608196739,48.36341420855995,14051700
2021-09-30,47.328678131103516,48.60689261276634,47.31128707428441,48.519937328670785,18538000
2021-10-01,47.946041107177734,48.18081537613292,46.98955629321628,47.47649256926738,18338000
2021-10-04,47.47331619262695,47.86724996888136,47.228203327140804,47.7096764583796,17084100
2021-10-05,47.87600326538086,48.17364175183674,47.38577752727404,47.38577752727404,14135000
2021-10-06,47.219451904296875,47.604633117658416,46.37906199418331,47.578368637121166,26339200
2021-10-07,48.16489791870117,48.50630614542761,47.57837343889415,47.70093323514094,14725500
2021-10-08,48.21742630004883,48.41001359775492,47.928540344369914,48.32247422056244,9255500
2021-10-11,48.086116790771484,48.480050690688174,48.05985564391483,48.36624682195371,8117600
2021-10-12,47.517093658447266,48.199913429010486,47.333258979201084,48.13863520259509,14241900
2021-10-13,47.81473159790039,47.92853544815535,47.34201433417372,47.552110153738276,13737100
2021-10-14,48.716407775878906,48.89148652911069,48.12988326643032,48.226178584355694,14455900
2021-10-15,48.366241455078125,48.926501455274305,48.11237259892266,48.926501455274305,15202200
2021-10-18,48.31371307373047,48.57633785583829,47.77096164690576,48.182404022089386,10989600
2021-10-19,48.795188903808594,48.83020264675511,48.173647379875845,48.401255075798474,13258400
2021-10-20,49.1978759765625,49.22413711896927,48.847711827212464,48.847711827212464,11613600
2021-10-21,48.75141525268555,49.12784053466341,48.611350264466765,49.057809710260386,12619900
2021-10-22,48.24367904663086,48.900234279514976,48.09485812401591,48.628856914401005,15026600
2021-10-25,48.26995086669922,48.51506380592666,47.981068236811645,48.243689720185806,10218900
2021-10-26,48.856468200683594,49.32918546525961,48.49755144715416,48.63761644025314,15250000
2021-10-27,49.18037033081055,49.65309095844224,48.96151855943435,49.13660064441791,16279000
2021-10-28,49.2328987121582,49.626829251140926,48.92650421144439,49.22414277074207,11209200
2021-10-29,48.99653244018555,49.53053126172868,48.900237132771174,49.30292356431056,13550400
2021-11-01,49.11033630371094,49.24164870268331,48.58509338664753,48.90899307418953,14341400
2021-11-02,50.440956115722656,50.65980789050033,49.26791046933781,49.34669724183429,22097900
2021-11-03,50.46720886230469,50.712321724437444,50.00324093688046,50.4059306467715,13219400
2021-11-04,50.00325393676758,50.50223572978483,49.51302808505275,50.423448955128784,18070400
2021-11-05,49.95948028564453,50.59852703409217,49.83692383243716,50.23085767447006,15637700
2021-11-08,49.89821243286133,50.353424596136364,49.53929559981554,49.985751820662315,15045300
2021-11-09,50.283390045166016,50.44971955594567,49.81067267933252,49.95949030538424,14459800
2021-11-10,50.572269439697266,51.325120092984015,50.502235267571464,50.68607329969513,17876300
2021-11-11,49.688106536865234,50.57226959591244,49.626828305772435,50.39718750447024,17440700
2021-11-12,49.74062728881836,50.029513212283334,49.294171171860356,49.8719396793775,16663600
2021-11-15,50.13457107543945,50.5109964410756,49.74939310708749,49.83693249189956,19041800
2021-11-16,49.89821243286133,50.84365385029722,49.83693419351792,50.10831163876272,21136900
2021-11-17,49.688106536865234,50.02076217666411,49.259158919215636,49.556797472843435,31496300
2021-11-18,46.948089599609375,47.210711094683454,44.71580188235945,46.16022177497364,70834000
2021-11-19,46.61542510986328,47.00060300717399,46.203982730422325,46.878046555275716,30030800
2021-11-22,47.797218322753906,48.611347056617944,46.659189951147866,46.702959630938,39949300
2021-11-23,48.410011291503906,48.65512754690925,47.68342514506394,47.805981603060104,25653100
2021-11-24,48.6201057434082,48.803940412561495,48.278697546577035,48.278697546577035,19328700
2021-11-26,47.85850143432617,48.313713497381805,47.67466675676896,47.67466675676896,16730300
2021-11-29,48.81269836425781,49.18912368392965,47.99857283455859,48.26994689798731,25724500
2021-11-30,48.007328033447266,48.6726359952488,47.40329830472957,48.65513079100763,45141300
2021-12-01,48.173648834228516,49.35545035393721,48.08610946510026,48.61135235869554,24120500
2021-12-02,49.15410614013672,49.55679257305005,48.21742088385826,48.27869910889235,22384700
2021-12-03,49.22413635253906,49.74062662811145,48.73390721896454,49.28541457680928,26235400
2021-12-06,49.863182067871094,50.0470167369626,49.43423450665759,49.635577716531046,23172800
2021-12-07,50.84364318847656,50.96619964146351,49.906954570477254,49.98574133874213,24254800
2021-12-08,49.91571044921875,50.88741281014395,49.574302233631606,50.84364312547611,23631300
2021-12-09,50.379676818847656,50.62479307220774,49.83692536393068,50.0732856764138,16480200
2021-12-10,51.86787414550781,51.946660923356006,50.69482841944216,50.69482841944216,19901500
2021-12-13,51.3076057434082,52.09547005418116,51.246327519439625,51.73655331118829,18496300
2021-12-14,50.572269439697266,51.23757737782676,50.222105257894505,51.071251228147666,19114200
2021-12-15,52.46315002441406,52.55068940241027,50.68607460366805,50.703579807736716,27953900
2021-12-16,52.795799255371094,53.189729747892116,52.410618024407874,52.56819155718141,24599300
2021-12-17,52.92710876464844,53.22474729141841,52.34058765156772,52.760782629464245,62171000
2021-12-20,52.839569091796875,52.8833387756021,51.911636433827276,52.235536101281276,21342100
2021-12-21,53.42610549926758,53.609943566949305,52.52443706493198,52.90961506788586,20761100
2021-12-22,53.86379623413086,53.92507446220279,53.06717592978285,53.373570409555455,17095500
2021-12-23,54.520355224609375,55.06311005194444,54.091407599117524,54.091407599117524,17771400
2021-12-27,55.518314361572266,55.56208738627549,54.5203508435365,54.634154696821625,14779700
2021-12-28,55.61460876464844,55.88598615207729,55.351987317782424,55.518313454934564,12865000
2021-12-29,55.99103927612305,56.27992523216211,55.632122486125326,55.719665202840126,15069900
2021-12-30,55.693397521972656,56.14860960452624,55.56208846355584,56.06107023224836,9076700
2021-12-31,55.474544525146484,55.86847837051182,55.43077483997543,55.632118063292616,10359100
2022-01-03,55.290706634521484,55.45703276428253,54.712938141325594,55.06310228119517,17184300
2022-01-04,53.93464279174805,55.30832633171682,53.81136414567864,54.98251464242919,29682500
2022-01-05,53.08049011230469,54.27805979399632,53.05407422079681,53.88180462592321,30317900
2022-01-06,53.6440544128418,53.82897574062457,52.754684640259875,52.83393567814073,19616600
2022-01-07,53.82897186279297,54.15478016879146,53.42390916553193,53.60002294359009,20152400
2022-01-10,54.43655776977539,54.50700462062293,53.29182331622871,53.60001989095987,24715300
2022-01-11,54.920860290527344,54.973695421138046,54.10193424105782,54.24282456359611,22804200
2022-01-12,54.70073699951172,55.317133623648736,54.52462319845952,54.947297664621345,13405400
2022-01-13,54.15477752685547,54.72714643784878,53.899412729083636,54.665507122399134,14871600
2022-01-14,54.031494140625,54.1547727606745,53.66165492138604,54.12835687326117,18831900
2022-01-18,52.59617614746094,53.02765471418965,52.38484231162337,52.81631751926134,26545800
2022-01-19,51.86531448364258,52.3848483149944,50.87907860640754,51.07280411070212,24333900
2022-01-20,51.143253326416016,52.25276454055954,51.09041817942202,51.94456791415614,17726500
2022-01-21,49.91045379638672,51.372192420948885,49.84881447889422,51.134439328153185,25914000
2022-01-24,50.10417175292969,50.19222694779845,48.31662173709858,49.4525518899936,34180100
2022-01-25,49.408531188964844,49.919257436853115,48.492742254506965,49.39091947571479,25156400
2022-01-26,48.72169494628906,49.70792745114382,48.307828050542305,49.40853502085509,28632700
2022-01-27,48.09648132324219,49.77836110692753,47.90275921895731,48.8801839936744,25967400
2022-01-28,48.96824645996094,49.012274061764906,47.06622517384958,47.99081824809567,30976600
2022-01-31,49.02108383178711,49.18839344045916,48.316632045273714,48.80974997537863,29925300
2022-02-01,48.75691223144531,48.87138669036459,48.202158368640674,48.82735908588514,22438500
2022-02-02,49.46135711669922,49.59344327089903,48.580791712941654,48.63362684643966,23316700
2022-02-03,48.607215881347656,49.443753771445756,48.483937249792504,49.197193149244676,19260500
2022-02-04,48.563194274902344,48.977057823498114,47.89396253655357,48.334245337381006,19675900
2022-02-07,48.5807991027832,48.8978032338113,48.16693558424402,48.7216928135432,14450200
2022-02-08,48.730499267578125,48.86258544804114,48.17574201236104,48.483941980411025,15219900
2022-02-09,49.56703567504883,49.64628670900739,48.853776369421794,49.15316879114402,19136700
2022-02-10,48.316627502441406,49.338083336619135,48.20215640727091,48.642439152331846,19730600
2022-02-11,47.462486267089844,48.510358101581595,47.348011800754925,48.31663259841344,20132500
2022-02-14,46.82847595214844,47.24234283321039,46.40580489363646,47.03100562440891,21868400
2022-02-15,47.78828430175781,47.81470018865025,47.23352716338386,47.303974007217555,17678000
2022-02-16,47.770687103271484,47.937993369567636,47.01340009745163,47.6650201645103,20388700
2022-02-17,49.109134674072266,50.245064890502626,48.783326403926154,48.87138160372006,32884700
2022-02-18,50.377159118652344,50.79983021991238,48.76572575504166,48.83616925903934,35626200
2022-02-22,49.575843811035156,50.31551906734546,49.08272921288913,50.1306010930407,25188300
2022-02-23,47.93798065185547,50.18342517869212,47.87634134067311,49.848809375780334,22033700
2022-02-24,48.193355560302734,48.28141413699152,46.85489542645428,47.612182390521674,27739300
2022-02-25,49.34688949584961,49.50539154837665,47.982013696058445,48.413488893089315,18963700
2022-02-28,49.109134674072266,49.31166432087069,48.21095752799411,48.79213058026932,23868700
2022-03-01,48.09648132324219,49.17957636475878,47.77947724102456,48.89779570480765,17799600
2022-03-02,49.443756103515625,49.64628577335031,48.175739584076304,48.228574725416586,18660000
2022-03-03,49.37330627441406,50.19223244086063,49.17077661677867,49.96328689369171,16794600
2022-03-04,49.76076126098633,50.10418467133655,48.651250067757964,49.02108601247034,16729000
2022-03-07,48.95064163208008,49.69912104528943,48.88900230906713,49.584649936317476,21350900
2022-03-08,47.902774810791016,49.18839991016135,47.612186521144714,49.0475095343275,23642400
2022-03-09,49.24122619628906,49.531814453446366,48.65124886316287,48.99466890591885,19150900
2022-03-10,48.17573547363281,48.571990602148375,47.52411891482113,47.902762331059265,18550900
2022-03-11,48.15812301635742,49.49658289692055,48.078871991880305,48.68646429923504,20330300
2022-03-14,47.81470489501953,48.783328938531454,47.550535922822,48.19334832016926,17977500
2022-03-15,48.95944595336914,49.07392042176738,47.92037827797878,47.92037827797878,18829100
2022-03-16,49.14435958862305,49.31166581694361,48.07887282788376,49.25002650339968,21821800
2022-03-17,49.46135711669922,49.575831559733025,48.73929375434525,48.862575732507274,18830500
2022-03-18,49.28525161743164,49.68150340119949,48.906608187487926,49.33808339708561,51807200
2022-03-21,49.31166458129883,49.795974900904184,48.88899357369285,49.36449971690854,29174600
2022-03-22,49.46135711669922,49.945670776038234,49.39091363112564,49.62866669323104,29287900
2022-03-23,47.97322082519531,49.390932195571075,47.94680492806265,49.2236259152447,19742100
2022-03-24,47.990821838378906,48.15812808138675,47.2687583656847,48.14051636752946,20551500
2022-03-25,48.40468215942383,48.58960009124007,47.902760139299446,48.0876780711157,18090600
2022-03-28,48.55438232421875,48.571994037741895,47.92037407374919,48.254989912507114,17164600
2022-03-29,49.02108383178711,49.584648620088906,48.466329939396545,49.02108383178711,20036500
2022-03-30,49.35569763183594,50.139400421593734,48.95063829136868,49.09152864279603,16125400
2022-03-31,49.100337982177734,50.08657390494512,49.06511790993635,49.34689864241523,27587700
2022-04-01,49.01227569580078,49.478974336845496,48.33423985632421,49.46136262371861,17465100
2022-04-04,49.19719314575195,49.417334518967884,48.422297930577216,48.83616142804145,19629200
2022-04-05,48.691829681396484,49.285850503709064,48.47018077705926,48.940078754078016,16063600
2022-04-06,48.2042121887207,48.549984005925204,47.7343175019653,48.48792257114976,19644100
2022-04-07,48.43472671508789,48.62977548004465,47.645657039609226,48.25740688886817,15739000
2022-04-08,48.12441635131836,48.68297262223922,47.885035092352275,48.62091119014739,18148200
2022-04-11,46.883174896240234,47.83183188977451,46.80338115930307,47.805231722732984,20992100
2022-04-12,45.943389892578125,46.94524400213408,45.6419472128044,45.836999353273946,25254200
2022-04-13,46.235965728759766,46.42215000850385,45.579883442207255,45.96111985240367,17004600
2022-04-14,45.36709976196289,46.43988311555349,45.322770653952006,46.17390508539405,18024800
2022-04-18,45.313899993896484,45.712868675671174,45.03905415043088,45.109983419232464,13990700
2022-04-19,45.95225524902344,46.04977793186951,45.14544994164371,45.2163792187253,15490900
2022-04-20,47.007301330566406,47.583586468436856,46.23596406924449,46.298025493598324,19526200
2022-04-21,46.794525146484375,47.72545344026523,46.750196032993514,47.29102001102786,17147300
2022-04-22,45.535552978515625,46.95410466111044,45.47349155378298,46.91864002352207,17693000
2022-04-25,46.049781799316406,46.08524644083567,44.80854978499161,45.61535177803576,18677000
2022-04-26,45.127723693847656,46.049780676199624,45.101123522309784,45.99658709731245,19238300
2022-04-27,43.71803665161133,45.313908288745566,43.664839690272274,45.13658846637636,33668600
2022-04-28,44.888343811035156,45.02133114440162,43.62937608618078,43.91308645587583,20170700
2022-04-29,43.425453186035156,44.89720178416364,43.32792712642101,44.78194340624747,20281400
2022-05-02,44.205657958984375,44.2499870633697,43.38112376546059,43.74462783277046,22499200
2022-05-03,44.25885772705078,44.64896201727627,43.91308592951044,44.12587039527837,15828200
2022-05-04,45.73059844970703,45.801524332470606,44.03719776322614,44.35637269089597,23942300
2022-05-05,43.984012603759766,45.40256435110754,43.58504386791378,45.34937077439084,24846500
2022-05-06,43.73576354980469,44.1879258277986,43.31019467604186,43.5761760676671,21743900
2022-05-09,43.407718658447266,43.81555181235484,43.150605129294945,43.443183293246285,22421200
2022-05-10,43.93082046508789,44.54257372120537,43.57618418038693,44.07267565538718,21741100
2022-05-11,43.132877349853516,44.01060510104122,43.07081592833898,43.52297819681541,23872100
2022-05-12,42.81370544433594,43.24813542590665,42.08669727011656,43.11514810550695,25951000
2022-05-13,43.93968200683594,44.001743432298476,43.02648617971255,43.18607366864308,18954500
2022-05-16,43.443199157714844,44.02835231720843,43.33680859656009,44.02835231720843,20254500
2022-05-17,44.86173629760742,44.96813020540378,43.895346952067044,44.04606996373164,18780600
2022-05-18,42.875770568847656,44.746488123185266,42.742779854881775,44.746488123185266,40672700
2022-05-19,36.988773345947266,38.94814901321702,36.36815568523855,38.17681170830024,97674600
2022-05-20,38.070411682128906,38.12360863265841,36.81144762510652,37.11289024725315,46148700
2022-05-23,38.43391799926758,38.8506190145362,38.07041393768021,38.42505353136761,27366600
2022-05-24,38.806297302246094,39.063410887536946,37.680320267232744,38.47825781396487,30053900
2022-05-25,39.01021957397461,39.38258822832061,38.292075677899525,38.78857059912248,25504600
2022-05-26,39.887943267822266,40.366702390274305,39.05454111944287,39.05454111944287,28294700
2022-05-27,40.446495056152344,40.4642273760778,39.8524775580735,40.003197204298566,23882100
2022-05-31,39.941139221191406,40.437634075652454,39.66629669387263,40.13619137510369,64821200
2022-06-01,40.1007194519043,40.60607868429767,39.69288627876121,40.38442977949026,20666000
2022-06-02,40.59722137451172,40.60608584414573,39.808151675400055,40.05639741028611,20546800
2022-06-03,40.11845016479492,40.55288348895484,40.00319179192086,40.38442816350189,17947000
2022-06-06,40.18938446044922,40.86319570023763,40.01206464510674,40.42876232175327,12641900
2022-06-07,40.40217208862305,40.47310137910631,39.648566978759334,39.737225209768695,14667200
2022-06-08,39.825870513916016,40.45535592530223,39.79040926227928,40.29576845560923,16263800
2022-06-09,39.240726470947266,40.136190073882155,39.22299753216138,39.74608916079921,18417700
2022-06-10,38.55804443359375,39.00134223705975,38.38072463578859,38.832886907202614,20262400
2022-06-13,38.33639907836914,38.86835513890217,38.02608855797975,38.1768115837904,29050800
2022-06-14,38.043819427490234,38.74423080676659,37.742376769453195,38.682169381473145,22499100
2022-06-15,38.832889556884766,39.391445774350125,38.21227191326704,38.45165314932362,22525100
2022-06-16,38.40732192993164,38.4871156708951,37.955159652534604,37.955159652534604,27049000
2022-06-17,38.46938705444336,39.01021097500463,38.33639972810328,38.44279026559418,59678600
2022-06-21,39.13433074951172,39.25845359715536,38.74422988804685,38.84175594893656,23277900
2022-06-22,38.62897491455078,39.11660187989955,38.274335276791184,38.540316696158,19942300
2022-06-23,38.061553955078125,38.531448597308106,37.875369668393894,38.48711948839675,33801700
2022-06-24,39.09886932373047,39.205263243672505,38.33639985671119,38.513716292426146,30543800
2022-06-27,38.806297302246094,39.26732750901416,38.68217443544209,39.26732750901416,22755300
2022-06-28,38.17681121826172,39.42691099242984,38.114749791196886,38.93041619381705,20091300
2022-06-29,38.0172233581543,38.35412727836941,37.84876801595266,38.24773674472748,13450800
2022-06-30,37.804439544677734,38.24773738808548,37.40547080919193,37.56505830338625,24947900
2022-07-01,37.76898193359375,37.85764354803003,36.855789288516085,37.6980560241395,24338500
2022-07-05,37.536380767822266,37.545328432317746,36.51656541752204,37.14276884337446,24442600
2022-07-06,38.189430236816406,38.40412987727955,37.581118570128346,37.67952242981833,17250400
2022-07-07,38.66355895996094,38.788798999367465,38.278891174620824,38.35940311603004,22316700
2022-07-08,38.81563186645508,39.01243957590668,38.41307219372899,38.493584128274215,11817000
2022-07-11,38.690391540527344,39.07505929011803,38.52936767267381,38.77090347445411,15245200
2022-07-12,38.34151077270508,39.20925019695846,38.16259497014813,38.985606296896044,17385300
2022-07-13,38.19837188720703,38.511471925510456,37.393252627948975,37.43798071734454,16854200
2022-07-14,37.86738204956055,37.9926220718899,36.990695068185765,37.38431046697477,17336200
2022-07-15,38.52936935424805,38.58304511672012,38.01946155463573,38.01946155463573,19897800
2022-07-18,38.10892105102539,38.753016606406355,37.938952907259974,38.735124684030744,16743800
2022-07-19,39.38815689086914,39.44183264763444,38.15364519807859,38.305721390111714,22861400
2022-07-20,39.47761154174805,39.647579631418054,39.05716003107561,39.43288345631217,15599200
2022-07-21,39.88018035888672,39.97858080458919,39.42394490933767,39.62075262581255,15364600
2022-07-22,39.7728271484375,40.184331072232226,39.58496710660097,40.05909104434121,14854600
2022-07-25,39.66547393798828,39.95173779706663,39.45972200255912,39.95173779706663,12954700
2022-07-26,39.2092399597168,39.84438765105327,39.13767229236577,39.69230806419943,19513000
2022-07-27,39.93385696411133,40.0680446782858,39.20925286266811,39.531297234123244,22349000
2022-07-28,40.8105354309082,41.034179317287084,39.99647182099048,40.14855143824626,17576200
2022-07-29,40.58687973022461,40.694231221462985,40.103811669787476,40.35429165760924,23701700
2022-08-01,40.506378173828125,40.64056586591526,40.041198497136754,40.309573881311024,14153400
2022-08-02,40.184326171875,40.88209731901717,40.166437666530435,40.72107347064085,15005400
2022-08-03,40.89104080200195,40.98944464221684,40.06803307026719,40.166436910482076,14943800
2022-08-04,40.5958366394043,41.08785247576343,40.2648412515058,41.0610163031091,15249300
2022-08-05,40.26483917236328,40.31851492743497,39.84439103483913,40.17538299311163,19533900
2022-08-08,40.2737922668457,40.72108004846878,40.13066031322772,40.69424387358258,15465600
2022-08-09,40.184326171875,40.41691769176719,40.00541381815412,40.39008152121594,12826200
2022-08-10,41.16836166381836,41.20414549999683,40.64056202405654,40.89104205223691,18935400
2022-08-11,41.06101989746094,41.535143856042275,40.944724118220904,41.248879947555245,15849000
2022-08-12,41.696163177490234,41.696163177490234,41.123635423042,41.230983523867394,16967600
2022-08-15,41.67827606201172,41.70511223717728,41.177312512866244,41.49936026499298,15456100
2022-08-16,41.839298248291016,42.05399446601447,41.5440866832527,41.66038245849823,21153700
2022-08-17,41.74089813232422,42.134510175099244,41.35623034419935,41.47252612986238,27975600
2022-08-18,44.16518783569336,44.72877130970529,43.932599726398045,44.54985554195958,39999900
2022-08-19,43.56583023071289,44.24570615130505,43.42269827834954,43.843146468865974,23130400
2022-08-22,42.680198669433594,43.38691417290789,42.510230543454355,43.36007799842035,20534100
2022-08-23,42.41182327270508,42.97540677931792,42.393931353642095,42.57284713173732,13764600
2022-08-24,42.107669830322266,42.411825646346294,41.928754042213754,42.1255617503866,14946500
2022-08-25,42.28657913208008,42.42971105810488,41.90191144103825,42.26868721476019,23039300
2022-08-26,41.05206298828125,42.2865779485264,41.043118736138794,42.11660985754614,20309800
2022-08-29,40.89104080200195,41.150468487562215,40.69423653410653,40.89998846704022,13425700
2022-08-30,40.47060012817383,41.03418027801856,40.2201166490412,40.92683216555314,14279100
2022-08-31,40.005409240722656,40.99838838791482,39.88911349408316,40.95365689206839,23006100
2022-09-01,40.515323638916016,40.5600517296702,39.7191520208739,39.87122821194506,16236400
2022-09-02,39.88911819458008,41.07890173105668,39.61179858530957,40.89104171148686,14720900
2022-09-06,39.78177261352539,40.06803649358951,39.34342912762648,39.951740725896386,14366100
2022-09-07,40.2737922668457,40.40797655381166,39.67442486495261,40.03225645526505,18297400
2022-09-08,40.58687973022461,40.676339306256594,39.915948266387254,40.04118826029814,14231500
2022-09-09,40.94471740722656,41.052065502180696,40.61372545713958,40.8463135649626,15499300
2022-09-12,41.508304595947266,41.80351273664922,41.12363685765782,41.2488768817456,17923000
2022-09-13,39.4597282409668,41.06996355598714,39.379216304589036,40.899995429205156,23028600
2022-09-14,39.32554244995117,39.602862113708966,38.96771425844621,39.39711013577322,27551500
2022-09-15,38.726173400878906,39.24502540546658,38.54725762212864,39.19135306061575,18148600
2022-09-16,38.7351188659668,38.98560232906716,38.27888685778875,38.56515074773081,32696100
2022-09-19,38.7351188659668,38.860358891249604,38.25204727198904,38.377290709806594,13667500
2022-09-20,38.091026306152344,38.48463829638057,37.80475900753626,38.47569063038975,16813900
2022-09-21,37.20539474487305,38.350450279424,37.187502825578854,37.858434442705054,21415900
2022-09-22,36.81178665161133,37.169614837738884,36.802838984750494,36.981754784081794,16691000
2022-09-23,36.37343978881836,36.901239471702894,35.8903681985441,36.901239471702894,19067700
2022-09-26,36.30187225341797,36.84756039416838,36.11400882132024,36.373436512641625,22694800
2022-09-27,36.248199462890625,37.08909919958503,35.988771750361025,36.8028353142195,15027900
2022-09-28,36.98175048828125,37.18750243922483,36.31081887812559,36.54340700146431,23217700
2022-09-29,36.29292678833008,36.76705069859917,35.91720672642656,36.722322607306076,19496400
2022-09-30,35.78302001953125,36.713379359047394,35.747236180503386,36.37343971335213,27989900
2022-10-03,36.9370231628418,37.151719371524955,36.20347152686072,36.38238389658511,22203600
2022-10-04,37.75864028930664,37.957276038143476,37.370399567979376,37.52389176778021,22889400
2022-10-05,37.912139892578125,38.14688845994618,37.379437643770515,37.55098454129976,14289700
2022-10-06,37.4877815246582,38.002425642989294,37.35234741173631,37.60515752624167,18198800
2022-10-07,36.35918045043945,37.24400736358763,36.1876335352341,37.24400736358763,19055400
2022-10-10,36.01607894897461,36.84673486732699,35.754241495258874,36.68421530600223,16628400
2022-10-11,35.73619079589844,36.21471875502768,35.45629519937458,35.94385393748722,19386400
2022-10-12,35.456295013427734,35.98899731096458,35.43823689978867,35.84453584608508,17279900
2022-10-13,36.6661491394043,36.83769599679139,34.85134891803317,35.239589624327216,26328300
2022-10-14,36.29597091674805,36.98216187325611,36.043160821838924,36.87381665785637,19571000
2022-10-17,37.289154052734375,37.49681721304777,36.97314564448211,37.054405441494595,27845200
2022-10-18,37.731563568115234,38.11980437916103,37.253032193900175,37.848936133886056,18223300
2022-10-19,37.81282043457031,38.13785954842848,37.44263776472796,37.587099210416866,19071700
2022-10-20,37.659332275390625,38.480957482210755,37.43361102687704,37.52390159282223,16830500
2022-10-21,38.64347839355469,38.79697063885512,37.74962414728834,37.785736930682816,25035000
2022-10-24,39.311622619628906,39.483169568512125,38.73377663998677,38.932409042842686,18785300
2022-10-25,40.051963806152344,40.08808001893121,39.00461774518655,39.13102104568096,19165200
2022-10-26,40.070030212402344,40.837480949644394,39.979739661752944,40.56661618616087,20051000
2022-10-27,40.10614776611328,40.711082472714516,40.05197687350282,40.422159564682886,18102500
2022-10-28,41.207672119140625,41.270873795550166,40.3138178703582,40.34993065385434,17978300
2022-10-31,41.01805877685547,41.207663767657195,40.683992348647806,40.90971355985911,17793700
2022-11-01,41.04513931274414,41.343092929151645,40.68398748452431,41.15348796101883,12088700
2022-11-02,40.241580963134766,41.7223116938934,40.22352285126787,41.05417877598166,15308800
2022-11-03,39.59150314331055,39.86237138002627,39.17617689855441,39.7540227076469,17895600
2022-11-04,40.196434020996094,40.70205077799759,39.573444713091696,40.17837591064971,19648700
2022-11-07,40.22352600097656,40.61176682593437,40.097122652242945,40.47633614267674,21383000
2022-11-08,40.27769470214844,40.94582757884324,39.88945393154235,40.349923700927555,17503100
2022-11-09,39.645668029785156,40.37700589498122,39.62760992202616,40.18739748562765,19311700
2022-11-10,41.22572326660156,41.361157375583545,40.313811058051265,41.26183948822776,27190100
2022-11-11,40.440216064453125,40.918743966006076,39.65470371059541,40.79234062931153,25961800
2022-11-14,40.39508056640625,41.02709737596509,40.34090622091551,40.47634036252571,21091300
2022-11-15,40.53953170776367,40.8465126988119,40.1332328307539,40.6659350374484,19318000
2022-11-16,40.07906723022461,40.61176955296731,39.99780743712036,40.575653323980276,24939600
2022-11-17,42.06541061401367,42.30015918921068,40.7742848398481,41.704255250690636,38887800
2022-11-18,43.14887237548828,43.37459361188121,42.30918910056796,42.35433265900001,30843200
2022-11-21,42.99538040161133,43.60031510977359,42.94120950886108,42.986353067563876,17049500
2022-11-22,43.681575775146484,43.717688556298256,43.12178461438376,43.3384785224585,16367800
2022-11-23,43.853118896484375,44.23233234184497,43.62739767365123,43.699630118189454,12065600
2022-11-25,43.69962692260742,44.28649999251836,43.654479925956196,44.015635233772365,8492600
2022-11-28,43.41070556640625,43.76283010946672,43.26624068286104,43.60031055971075,14976600
2022-11-29,43.59127426147461,43.70865024237306,43.194006214737044,43.56418882135649,13779300
2022-11-30,44.891441345214844,44.99075924196258,43.302361885716685,43.49196690083538,29919700
2022-12-01,45.117156982421875,45.559568629423836,44.86434688275982,45.03589720828628,18559500
2022-12-02,44.87337875366211,44.99978208445764,44.169126212578895,44.44902176236359,12325100
2022-12-05,44.539306640625,44.81919871051258,44.394841773286885,44.737938944750894,13795900
2022-12-06,43.871177673339844,44.63862846492516,43.5732240014472,44.63862846492516,15443800
2022-12-07,43.5009880065918,43.8350544033627,43.392642799791076,43.6996237559198,15171700
2022-12-08,44.23233413696289,44.42193914522183,43.898264233764586,43.93438045749943,16015800
2022-12-09,43.75381088256836,44.394858473482714,43.7357527673581,44.33165679236346,14303200
2022-12-12,44.5122184753418,44.53027658405094,43.67253536364309,44.06077609030947,15425300
2022-12-13,44.81920623779297,45.78529281286055,44.449023563647756,45.44219902800675,22705900
2022-12-14,44.5122184753418,45.198412829360905,44.07883419901861,44.909489978478774,19050400
2022-12-15,43.473915100097656,44.28650955173363,43.1037323795869,44.205249762146735,19372500
2022-12-16,43.166927337646484,43.33847422486287,42.50782178878459,42.805772008079636,66125400
2022-12-19,42.796749114990234,43.302362495763205,42.56199709314606,43.03149769260157,17986300
2022-12-20,42.76966094970703,42.94121130186657,42.245989447269814,42.805777175870396,15086200
2022-12-21,43.031497955322266,43.30236276013762,42.81480404493026,43.05858340253394,15599400
2022-12-22,42.72450637817383,42.877998577693724,42.15568801751163,42.877998577693724,23118500
2022-12-23,42.86897659301758,42.87800737119951,42.444619568517425,42.66131346985847,9554400
2022-12-27,42.91412353515625,43.076643112919086,42.634231385634806,43.0405268858089,12066200
2022-12-28,42.498802185058594,43.13082245585594,42.41754238675274,43.058589993258124,9847400
2022-12-29,42.88703536987305,43.10372927457272,42.67034146517337,42.67034146517337,11396500
2022-12-30,43.013427734375,43.04051317396227,42.39043851424471,42.67936135061515,13199800
2023-01-03,43.284297943115234,43.383615826485574,42.71548297437439,43.212068946993746,17718900
2023-01-04,43.275203704833984,44.121595992905185,42.92936513712431,43.939575511386835,18339800
2023-01-05,42.66543197631836,43.2205927901727,42.55621762255101,43.2205927901727,17372100
2023-01-06,43.975982666015625,44.22170980851193,43.029478888641435,43.19329698363897,20823000
2023-01-09,44.21260452270508,44.7859643079234,43.88496837586509,43.921369691929364,13938000
2023-01-10,44.421932220458984,44.78596972741494,44.22170933499436,44.41282928652764,12474400
2023-01-11,44.78596878051758,44.80417117624334,44.32181984064268,44.440133676984125,12530900
2023-01-12,44.594852447509766,44.986195307952585,44.4583362043777,44.78597241049283,14241700
2023-01-13,44.485633850097656,44.61304713673934,44.06698573030854,44.194402488701904,12649300
2023-01-17,43.7575569152832,44.540239055459374,43.639243085822706,44.52203666079224,19290800
2023-01-18,42.683631896972656,43.930466187064276,42.674528965476824,43.857656622102155,19882200
2023-01-19,42.28319549560547,42.82015400369654,42.21948884818381,42.729145499309,19118600
2023-01-20,42.57442092895508,42.61992864654424,41.56421070130071,41.91915215103849,21847200
2023-01-23,43.229698181152344,43.56643380542028,42.60173118371994,42.683640224406936,15180500
2023-01-24,43.51183319091797,43.70295314221177,42.82925896050978,43.22060179701731,14872700
2023-01-25,43.66653823852539,43.75755019788948,42.98396416617542,43.66653823852539,14638700
2023-01-26,43.99418258666992,44.112496420121936,43.530033658130336,43.82126503912614,12952700
2023-01-27,44.148895263671875,44.34911812878772,43.657444505640186,43.775754860707075,13414800
2023-01-30,43.88496780395508,44.139794371842314,43.793955835601345,43.81215822927209,19261900
2023-01-31,44.294517517089844,44.31271991405085,43.73025709830746,43.793963751794884,16821600
2023-02-01,44.20349884033203,44.50383311350453,43.23879285372662,44.03968077710184,19639400
2023-02-02,44.886077880859375,45.10450314642823,44.01238376208761,44.16709891006202,17883800
2023-02-03,44.25811004638672,44.8678746369843,44.1488956797932,44.8678746369843,17980000
2023-02-06,43.29341125488281,43.93958074304469,43.24790699702325,43.748460776983116,13991600
2023-02-07,43.53913879394531,43.821270749944084,42.74735359066149,42.99308075135351,16675200
2023-02-08,42.73823547363281,43.26609440280706,42.56531796498149,43.12047874506091,18905500
2023-02-09,42.5289192199707,43.147786721183444,42.255890256906646,42.98396864899468,18598400
2023-02-10,43.01128005981445,43.06588725326028,42.44701961455051,42.50162680799634,17397300
2023-02-13,43.55732727050781,43.67564108156502,43.12957974174417,43.18418691725164,19422100
2023-02-14,43.411712646484375,43.68474158705319,42.93846086268114,43.48451874381877,19134400
2023-02-15,44.09428405761719,44.15799069082506,43.07497445454013,43.229689571830356,27071200
2023-02-16,46.405941009521484,47.0885151340844,45.32292117662735,45.49584217677093,48125300
2023-02-17,46.20572280883789,46.81548742175079,46.05100418637744,46.715379456337416,25321400
2023-02-21,45.22281265258789,46.196618188403555,45.15910600794588,46.15111393819522,25100500
2023-02-22,44.876976013183594,45.368426758797774,44.494732686870755,45.368426758797774,20301900
2023-02-23,44.78596878051758,45.213716400692945,44.18530360857548,45.086303102364624,14066200
2023-02-24,44.1215934753418,44.50383681189485,43.83946157149911,44.42192777347289,17251600
2023-02-27,44.34912109375,44.904282004685264,44.18530300620347,44.549343972251755,14776400
2023-02-28,44.066986083984375,44.531138456763365,44.03058476733151,44.42192756330137,16622400
2023-03-01,43.99418258666992,44.221707320057384,43.70295120567412,44.08519109132414,13449300
2023-03-02,44.16709899902344,44.25811097309036,43.79395858472859,43.97597906111062,18281800
2023-03-03,44.849674224853516,44.922483805800624,44.43102954966337,44.58574817330002,15969900
2023-03-06,44.977088928222656,45.33203043882698,44.8132743094656,45.01349371983623,13878400
2023-03-07,44.512939453125,45.28652217101173,44.25811285838621,45.11360462054641,17506600
2023-03-08,44.69496154785156,44.84057724605701,44.35822589670498,44.61305250062649,12055500
2023-03-09,44.421932220458984,45.22281681881333,44.33092023990594,44.86787877403664,12497700
2023-03-10,44.19440841674805,44.74956588704584,43.95778073402899,44.49473927958114,16338200
2023-03-13,44.057884216308594,44.48563177731936,43.79395472241891,44.16709510380548,20280800
2023-03-14,44.64034652709961,44.83146644650931,44.14889232997338,44.303610935032296,17679600
2023-03-15,44.649452209472656,44.694956459027374,44.021481761661775,44.021481761661775,17354900
2023-03-16,45.614158630371094,45.768877257957044,44.14889875805192,44.30361738563787,21425100
2023-03-17,45.677860260009766,46.00549640312785,45.268318552863775,45.7415669020881,47642700
2023-03-20,46.36043167114258,46.45144363428956,45.514039508508375,45.70516289524134,22699700
2023-03-21,46.11471176147461,46.7153803965555,45.805281453829714,46.606166023767,23334000
2023-03-22,45.013492584228516,46.187521046007596,44.977087793533364,46.17842158420977,21399400
2023-03-23,45.259220123291016,45.73247199135407,44.96798873859867,45.104504969064685,17775400
2023-03-24,45.96908950805664,46.00549429378986,45.0498912346773,45.41393214850659,19438800
2023-03-27,45.99639892578125,46.36953933336844,45.94179174232272,46.14201460991889,15857200
2023-03-28,45.85987854003906,46.05099845716718,45.75066765478749,45.796171900996356,11124300
2023-03-29,46.56975173950195,46.66076369827273,46.08740050914616,46.16930953616424,18463400
2023-03-30,46.8063850402832,47.03390975719232,46.5333560743426,46.942901259129336,11754600
2023-03-31,47.5799674987793,47.64367414151892,46.769980065302626,46.81548431415212,20588800
2023-04-03,47.60727310180664,47.83479781912635,47.316041741377546,47.37974838448693,16884600
2023-04-04,47.51557922363281,47.79065906924315,47.157975074556376,47.70813476577705,13599900
2023-04-05,47.51557922363281,47.946539863714676,47.38720886220332,47.74481301127976,13797900
2023-04-06,47.011253356933594,47.27716532088666,46.516107664985626,46.690324039043276,14749000
2023-04-10,47.0662841796875,47.13046936206742,46.653662651652205,46.86455732201911,10177700
2023-04-11,46.415252685546875,47.03876881863597,46.32356057684602,46.87372022471064,15957900
2023-04-12,45.9476203918457,46.71784604880225,45.89260302426668,46.598643501296,16100700
2023-04-13,46.58030319213867,46.60781362414234,45.92928009927315,46.039311333798196,15451700
2023-04-14,46.34189224243164,46.62613983237094,46.03013422604432,46.323553124076014,12360100
2023-04-17,46.103492736816406,46.470268152305614,45.89259809715047,46.36023692679069,12042300
2023-04-18,46.131011962890625,46.47944482643247,45.9109459720687,46.19519714816572,15203600
2023-04-19,44.04956817626953,45.17739806094814,44.003722115493375,45.14071981319512,30466700
2023-04-20,42.710838317871094,43.691958587714886,42.509111478072626,43.65528034450975,39769400
2023-04-21,43.12346267700195,43.205986987480074,42.399086504838785,42.70167331137169,20861000
2023-04-24,43.45355224609375,43.5085696093079,43.09594812977602,43.14179418353963,17359900
2023-04-25,43.17847442626953,43.49023250326833,42.921733715033994,43.43521513750506,20281600
2023-04-26,42.67416763305664,42.958415323667545,42.57330419529261,42.87589101075428,22390500
2023-04-27,42.6925048828125,42.912567375695566,42.151512965882105,42.89422825165027,22845400
2023-04-28,43.3251838684082,43.33435168044633,42.738345958732275,42.811698948526846,19665000
2023-05-01,43.40770721435547,43.572755810054254,43.21515168531681,43.27933686166303,13122300
2023-05-02,42.50911331176758,43.16930772661937,42.23403347152264,43.01342693518828,20175100
2023-05-03,42.142337799072266,42.68332966650385,42.050645685065525,42.564127120031145,20765700
2023-05-04,41.9039306640625,42.11482529666069,41.77556032229225,41.968115834947625,17748900
2023-05-05,42.40824890136719,42.50911232327187,42.10565863565316,42.28904635749531,14317400
2023-05-08,42.49077224731445,42.65582084348379,42.26153847461591,42.582464357261955,12000000
2023-05-09,42.60997772216797,42.65582378029818,42.10566058924558,42.16067795769985,15221900
2023-05-10,42.83004379272461,43.03177066281354,42.3165623020696,42.82087597946162,15625100
2023-05-11,42.518280029296875,42.95840846192242,42.362402739709225,42.940072837830805,12521900
2023-05-12,42.83004379272461,42.921739414506085,42.43576136364005,42.43576136364005,14097500
2023-05-15,43.18764877319336,43.33435827293136,42.692506397721615,42.91256889841342,13204400
2023-05-16,43.02259826660156,43.39854505967799,42.91256702106932,43.31602075107126,16496300
2023-05-17,43.673622131347656,43.79282118229393,43.105119820463855,43.23349367951601,29326000
2023-05-18,44.19626998901367,44.2421160418227,41.90393237026638,41.95894623450536,41475700
2023-05-19,45.04902648925781,45.241582038076395,44.379664225866925,44.4071711620324,28564100
2023-05-22,44.764774322509766,45.14071759896194,44.718928263982434,45.030686358930346,18667500
2023-05-23,44.8473014831543,45.250751720851156,44.56305030565384,44.57222161664142,17645900
2023-05-24,44.38882827758789,44.92982012926158,44.16876231341985,44.883974073593606,15452900
2023-05-25,44.957332611083984,45.14072035421679,43.75614971433312,43.80199577565875,21717000
2023-05-26,45.718379974365234,45.92927460607744,45.03067871963129,45.03067871963129,19825600
2023-05-30,46.00263214111328,46.29605459017955,45.60835326737601,45.83758704164386,19074800
2023-05-31,45.544166564941406,45.87426377383527,45.48915269534574,45.76423253681397,51990300
2023-06-01,45.60835266113281,45.929278541710005,45.16822074229871,45.62668828474028,17817000
2023-06-02,45.8651008605957,46.07599554484241,45.59918880304669,45.727559176255085,19155400
2023-06-05,46.0393180847168,46.37858664581456,45.88344077110193,46.04848939600614,13964100
2023-06-06,45.67253875732422,45.764230868527775,45.058190419204955,45.65419963551754,16029600
2023-06-07,45.6450309753418,45.97512819136409,45.52583192342377,45.57167798168687,15950600
2023-06-08,45.55333709716797,45.84675605610062,45.45247367419176,45.77339956745251,13289100
2023-06-09,45.535003662109375,45.819254844377575,45.26909160429368,45.415801102083314,12173400
2023-06-12,46.28688430786133,46.31439124207851,45.544165603528526,45.77339938288471,15495000
2023-06-13,46.58030319213867,46.70867354872287,46.25937730067817,46.47943976972826,24035500
2023-06-14,46.727012634277344,46.96541772303022,46.42442586511239,46.5803031557486,16630700
2023-06-15,47.61643981933594,47.74481017313457,46.60781261277827,46.681165601593285,22496900
2023-06-16,47.74481201171875,48.056570096304995,47.61644165297676,47.864014558192004,37134400
2023-06-20,47.26800537109375,47.753983369743224,47.19465237938039,47.625609513042455,20138000
2023-06-21,46.626155853271484,47.130473036763355,46.59864891520116,47.112133912106344,16939600
2023-06-22,46.87372589111328,46.89206501463636,46.24104186980301,46.44276873072665,14993800
2023-06-23,46.149349212646484,46.50695337260698,45.929283230762266,46.43359687936887,16544600
2023-06-26,46.0393180847168,46.58031002238496,46.01181114650956,46.13101370845824,13032100
2023-06-27,46.63532638549805,46.80037500682373,46.07599533520883,46.131012708260826,12981000
2023-06-28,46.644493103027344,46.78203478351118,46.25021068332594,46.56196879430309,11387600
2023-06-29,46.956241607666016,47.011258968170104,46.59863750896321,46.63531574929927,14246000
2023-06-30,47.44222640991211,47.9190296119309,47.24049955671414,47.57059677182717,18188300
2023-07-03,47.51557922363281,47.524750533923495,47.0662829586296,47.09378989384163,7338300
2023-07-05,47.5894889831543,47.64492355481518,47.05363555451704,47.09059193562429,14950500
2023-07-06,47.219932556152344,47.29384178902092,46.794944775183865,47.18297617754093,13931100
2023-07-07,47.109066009521484,47.71883214708844,46.87809393431652,47.11830334181385,15580400
2023-07-10,47.48786544799805,47.58025287879757,47.13678686712162,47.18298058252138,19046500
2023-07-11,48.15305709838867,48.18077614388573,47.61720371828575,47.644919239428646,14998300
2023-07-12,46.87810134887695,47.977527331977825,46.68408209650819,47.63568959342624,26332500
2023-07-13,47.60796356201172,47.691113651017766,46.79494438545732,46.83189723940673,17864800
2023-07-14,46.545494079589844,47.090588323873554,46.249850102116056,46.58244693350841,19566600
2023-07-17,46.94276428222656,47.07210807617058,46.32375730846783,46.37919187345272,16140700
2023-07-18,47.34004211425781,47.46014506605242,46.979722685810565,47.09982916195965,16430800
2023-07-19,48.43946838378906,48.44870571693764,47.76503028459938,48.236211810975504,21745000
2023-07-20,48.3840217590332,48.84596583718722,47.96827138382386,48.097618686164026,22784400
2023-07-21,48.624244689941406,48.96608239151579,48.531853740627824,48.73511030476336,51284800
2023-07-24,49.06770706176758,49.25248542243907,48.66119396341946,48.67967215192202,18390200
2023-07-25,49.520416259765625,49.66823826108848,49.06771292261948,49.14162216110365,16136600
2023-07-26,49.169334411621094,49.56660664606934,48.929121489959634,49.46497837339365,13563700
2023-07-27,48.96607971191406,49.788339731858976,48.83673591430756,49.52041128004313,15795500
2023-07-28,48.12534713745117,48.43022847831026,47.82970312992224,48.09763161310614,27491300
2023-07-31,48.07914733886719,48.20849113525153,47.80198155742159,47.89436897645208,14193500
2023-08-01,48.65196228027344,48.76282789980719,48.328602754818945,48.568812184534494,15286200
2023-08-02,48.57804489135742,49.06770452613214,48.33783197759155,48.39326654023458,17693700
2023-08-03,49.10466384887695,49.215529456464125,48.26392564893648,48.49489772061632,15186400
2023-08-04,48.624244689941406,49.261726380610554,48.541094597736354,48.85521677669384,12266700
2023-08-07,48.97531509399414,49.030749658341335,48.6704338009696,48.93836224211669,11327900
2023-08-08,49.021514892578125,49.08618679219154,48.37479237208973,48.65195815962641,12224800
2023-08-09,48.956844329833984,49.3818321172857,48.65195948817017,48.873694238866975,18765500
2023-08-10,49.30792236328125,50.01931684615465,49.123143980501034,49.3448787447082,16329500
2023-08-11,49.695953369140625,49.84377535874328,49.141618264865,49.28944025446766,14344500
2023-08-14,49.77910614013672,50.01007823160534,49.631284142570976,49.705193379176634,20707300
2023-08-15,49.28944396972656,49.640522543128725,49.13238463584016,49.53889425680011,20173400
2023-08-16,48.92913055419922,49.44650934532387,48.8459804542748,49.141624470816126,26470200
2023-08-17,50.56440734863281,51.58992394809365,50.231806989418025,50.29647888989265,45278000
2023-08-18,50.8508186340332,51.23885007226741,50.46278367144443,50.4720245291288,28839800
2023-08-21,51.22036361694336,51.54372662098576,50.952438701353266,50.99863240925818,18283200
2023-08-22,51.23884582519531,51.57144618717304,51.07254564420645,51.257324014677884,15661300
2023-08-23,51.719268798828125,51.922525361219314,51.18341539482543,51.37743110018739,18250000
2023-08-24,51.03559875488281,52.18121844187356,51.007879705241876,52.033396433089116,17586400
2023-08-25,51.46057891845703,51.617638237472775,51.04482847936512,51.04482847936512,15731800
2023-08-28,51.92252731323242,51.99643655047325,51.44210493592647,51.6361206485824,15189900
2023-08-29,52.255126953125,52.476858186067965,51.83937648591393,52.0611077188569,17859100
2023-08-30,52.4860954284668,52.57848284843768,52.23664516532041,52.31979525303587,12145400
2023-08-31,52.98499298095703,53.151293158115934,52.56000520570838,52.75402090427569,22619700
2023-09-01,53.43769454956055,53.76105401538963,53.021944147527535,53.021944147527535,14080400
2023-09-05,52.9018440246582,53.41922275626559,52.87412850265658,53.41922275626559,13885000
2023-09-06,52.8094596862793,53.09586635299038,52.72630959106346,52.75402511468391,11380400
2023-09-07,52.46761703491211,52.74478281809763,52.347510569935196,52.63391720969425,14762000
2023-09-08,52.356754302978516,52.726311075308445,52.25512953872463,52.43990440053502,13992000
2023-09-11,52.51381301879883,52.633919488976886,52.144256275645255,52.40294740559448,15842300
2023-09-12,52.09805679321289,52.53228538966799,52.0518630865239,52.33826970696189,13916100
2023-09-13,51.99643325805664,52.22740533688504,51.8116584144773,52.0333896365142,13092200
2023-09-14,52.0795783996582,52.17196933702463,51.81165349218032,52.12577210616447,15760300
2023-09-15,51.77470397949219,52.09806349224824,51.312759804495336,52.02415425691301,44029200
2023-09-18,51.839378356933594,51.996437692240676,51.580690734378614,51.74698740291072,11825000
2023-09-19,51.58992385864258,51.93176154975207,51.23884531070745,51.90404602798364,10748500
2023-09-20,51.27579879760742,51.78393663937957,51.220364232842556,51.69154922245883,12219900
2023-09-21,49.28019332885742,49.98234676169625,48.82748659137653,49.34486521644704,37436100
2023-09-22,49.49269104003906,49.73290394785149,49.150853389763945,49.33563173630724,17869500
2023-09-25,49.409549713134766,49.59432809241125,49.11390571603416,49.39107152277167,14224400
2023-09-26,48.698158264160156,49.243252578439275,48.578055305882565,49.13238695373894,15618400
2023-09-27,49.15085983276367,49.307919157083795,48.531852819353425,48.86445318185991,15845500
2023-09-28,49.77910614013672,50.065509277970975,49.28944290966223,49.30792109990225,17204400
2023-09-29,49.66822814941406,50.0747412135581,49.42801876780023,50.0377848396625,13951200
2023-10-02,50.25028610229492,50.25952695930642,49.714432699320426,49.74214822164629,13934000
2023-10-03,49.92458724975586,50.147919848986774,49.645416176005725,50.12000416153482,15700600
2023-10-04,49.73848342895508,50.11070567863225,49.52445483668383,49.93390037627122,17009000
2023-10-05,49.38486099243164,49.75708672949372,48.92888819182869,49.69194775797901,14929400
2023-10-06,49.73848342895508,50.01765100366504,49.07778600718624,49.31042624441259,15665500
2023-10-09,50.17583465576172,50.21305793824942,49.55236064822689,49.64541530463855,10163600
2023-10-10,50.12931442260742,50.33403895545787,49.92459343956507,50.2130650451546,13105600
2023-10-11,49.93389892578125,50.371263695000785,49.64542376206927,50.18515080066429,12658000
2023-10-12,50.11069869995117,50.45500875895771,49.794307879393266,50.26889588513403,11846100
2023-10-13,50.036258697509766,50.36195358398486,49.72917190471209,50.13862096177566,14413800
2023-10-16,50.399169921875,50.799311327119995,50.287503626167045,50.31541931264215,11736600
2023-10-17,50.1944580078125,50.231681298984725,49.477925626885124,50.054875990629306,17105900
2023-10-18,50.036258697509766,50.42709256127987,49.87806150278756,50.05487034099521,13087300
2023-10-19,49.61751174926758,50.185154521668366,49.505845424309406,50.026957307319854,16325600
2023-10-20,49.25458908081055,49.868759137305,49.133615168980505,49.68264624598374,23888700
2023-10-23,48.575279235839844,49.180141685300214,48.53805594823389,49.152225994499794,17760000
2023-10-24,49.32902526855469,49.36624855161999,48.444995369503495,48.6311046852147,14824200
2023-10-25,48.761390686035156,49.66403231010712,48.6962517095498,49.422088047419784,14384700
2023-10-26,47.80291748046875,48.510145826947365,47.747086092457835,48.26819797953839,17594500
2023-10-27,47.97972106933594,48.528752139895545,47.830831467987984,48.05416409510586,13333900
2023-10-30,47.98902893066406,48.05416791456819,47.54236009111787,47.78430438136058,13322400
2023-10-31,48.510135650634766,48.54735538489803,48.09138257935517,48.15652155157558,13509300
2023-11-01,48.565975189208984,48.649725817540514,48.203056983041805,48.42639317519534,14300700
2023-11-02,49.08708953857422,49.133616875568556,48.55667008726054,48.686948050768,17459700
2023-11-03,49.32902526855469,49.738474282657705,48.975414728857274,49.56166546300135,17644900
2023-11-06,49.589595794677734,49.59889984262179,49.20806593241943,49.291816563149716,15429600
2023-11-07,49.440696716308594,49.72916829487266,49.29180712904101,49.63611363400833,15153100
2023-11-08,49.31972885131836,49.78500931217985,49.105700265299056,49.68264704282101,13633800
2023-11-09,48.389163970947266,48.91958336895186,48.156523759548485,48.50083027847247,21039400
2023-11-10,48.93819808959961,48.97542137771831,48.32402803487353,48.62180724020689,17369000
2023-11-13,48.60319519042969,48.98472501594122,48.472917232909865,48.83583541451741,14931600
2023-11-14,49.47792434692383,49.6640372481619,48.82653451730309,48.82653451730309,18331000
2023-11-15,49.580284118652344,49.719869674990555,49.35695148828099,49.5709800714736,32188200
2023-11-16,44.70414352416992,44.72275516691298,42.991911439694725,44.117889202090986,79057800
2023-11-17,44.44358444213867,45.00192307961204,44.415668752697776,44.71344793942707,32593700
2023-11-20,44.918182373046875,45.01123705825509,44.24817728015988,44.25748487856592,27421000
2023-11-21,44.480804443359375,44.99261216089422,44.35052650251134,44.918169144612904,21510500
2023-11-22,44.74136734008789,44.992615645578226,44.620393435727706,44.74136734008789,17308400
2023-11-24,45.00192642211914,45.03914971067703,44.713451260507746,44.750674549065636,8209500
2023-11-27,44.60179138183594,45.011236965641814,44.58317973487085,44.97401722152033,17651600
2023-11-28,44.527339935302734,44.843730799568355,44.49012019524254,44.62039815997397,16360900
2023-11-29,44.71344757080078,45.07636572977215,44.69483592805765,44.769282499030176,16700500
2023-11-30,45.020538330078125,45.132204646597636,44.61108925315958,44.84372948329668,37165000
2023-12-01,45.104286193847656,45.39275778968154,44.68553309527333,44.92747735788962,18744700
2023-12-04,44.71344757080078,44.8344214737272,44.462195718480324,44.722755167076286,17812900
2023-12-05,44.60179138183594,44.62970707737923,44.285400483046814,44.434290108958834,20985000
2023-12-06,44.38775634765625,44.8623408523072,44.34122901187607,44.732062892199416,19535500
2023-12-07,44.90886306762695,45.0019212783851,44.4808059475628,44.58316820449288,20478500
2023-12-08,45.020538330078125,45.21595527143932,44.86234112768463,44.92748010813836,16039900
2023-12-11,45.96039962768555,46.00692696003582,45.45789591876356,45.54164653691723,25618900
2023-12-12,45.904571533203125,46.14651580862012,45.69984699644463,46.13721176140754,18712200
2023-12-13,46.23957061767578,46.24887821472425,45.42067956781954,45.82082104550737,18689200
2023-12-14,46.006927490234375,46.537346894717665,45.755675632877875,46.52804284806355,28418700
2023-12-15,46.407066345214844,46.46290127143819,45.997620869000244,46.05345579522359,58860100
2023-12-18,46.751380920410156,46.80721230222544,45.96970962672326,46.45359816822686,20453100
2023-12-19,46.6955451965332,46.95610110673878,46.37915435565155,46.872350485628694,17035800
2023-12-20,46.3419303894043,46.835130061961756,46.33262634266532,46.63970958236337,17812200
2023-12-21,46.248878479003906,46.50943440091904,45.951099268298556,46.46290706483537,18772300
2023-12-22,46.611793518066406,46.890961065497955,46.379153303572124,46.379153303572124,12903800
2023-12-26,46.788597106933594,46.90026696170423,46.57456854333494,46.63040347072027,9721200
2023-12-27,46.937496185302734,47.0491660626476,46.788606565318126,46.80721821154227,10414300
2023-12-28,46.97471237182617,47.114297922487694,46.91887744159996,47.06777058886986,8549900
2023-12-29,47.011940002441406,47.07707898548668,46.732772425131905,46.94680101939613,12492900
2024-01-02,47.00262451171875,47.3283229220582,46.76068026529631,46.98401641952358,20242900
2024-01-03,47.36836624145508,47.52779440400805,46.83381951409079,47.049513493779024,20303900
2024-01-04,46.965118408203125,47.368369912836904,46.88071609852858,47.30272406947117,18134100
2024-01-05,46.974491119384766,47.23707447197915,46.76817358381497,47.05889342235151,13989300
2024-01-08,47.32147979736328,47.35899272939553,46.59937195417791,46.65564135222629,18070300
2024-01-09,46.805694580078125,46.9276098336924,46.35555007915291,46.85258396148962,20489200
2024-01-10,47.11516571044922,47.19018799689955,46.72128707993717,46.89009169623803,15174200
2024-01-11,47.302730560302734,47.35899996695038,46.9276119149437,47.31211058345933,16458300
2024-01-12,47.20894241333008,47.65908684477968,47.171429483018464,47.35899055714661,18785700
2024-01-16,47.44339370727539,47.44339370727539,46.95573633682205,47.1245409488032,17015900
2024-01-17,47.17143249511719,47.29334773769979,46.80569034479955,47.11516667348688,17370600
2024-01-18,47.59344482421875,47.640334202155586,47.15267680126605,47.17143326792683,18487500
2024-01-19,48.08110046386719,48.193635682279385,47.57468661486713,47.59344308084085,23015300
2024-01-22,48.36244583129883,48.55938338040745,48.212397663773615,48.343689363179365,20298700
2024-01-23,48.54062271118164,48.59689211067001,48.109234714061344,48.19363702457881,15044300
2024-01-24,48.11861038208008,48.76569231921023,48.02482805808522,48.76569231921023,19458500
2024-01-25,49.07517623901367,49.29087025153407,48.53124940771232,48.53124940771232,18936600
2024-01-26,48.8969841003418,49.34712852419388,48.756315980192326,49.159567453231375,13160300
2024-01-29,49.03765869140625,49.13143744370601,48.6062707069392,48.615647151197145,13492400
2024-01-30,48.99077224731445,49.15957329607061,48.7656982199224,49.04703807108974,14322100
2024-01-31,47.05889892578125,48.70942867107567,46.95574014593217,48.625026358238266,29311800
2024-02-01,47.05889892578125,47.32148230908415,46.72128967443164,47.1057883045953,20635700
2024-02-02,47.05889892578125,47.24646001846774,46.53372858174515,47.021385991757896,20533100
2024-02-05,46.430572509765625,47.030768756852375,46.196122024591745,46.83382763045913,19602000
2024-02-06,46.87133026123047,47.462146355648464,46.69314921954936,47.18080655078313,19265800
2024-02-07,46.674400329589844,47.21832356360323,46.383680456842676,47.17143418475505,16794400
2024-02-08,46.84320068359375,46.880713614223474,46.46807853215643,46.796311309021576,19599000
2024-02-09,47.01201248168945,47.13392415873025,46.54311150941727,46.82445137729448,24076900
2024-02-12,46.88071823120117,47.07765577025738,46.449326641334316,46.918227588094986,19046300
2024-02-13,46.5524787902832,46.833818602774706,46.08357791032075,46.53372232579313,23633700
2024-02-14,47.152671813964844,47.2089412079956,46.46807695169155,46.48683341636847,31176400
2024-02-15,46.0085563659668,46.59936890842353,45.19266624602773,45.258312084078476,42766500
2024-02-16,45.427120208740234,46.02731639623064,45.38023083184743,45.71784006936386,24912300
2024-02-20,45.277076721191406,45.455261380144904,44.87382159899102,44.98636040804498,26402500
2024-02-21,45.46463394165039,45.50214687479712,44.920710720743585,45.43650103050545,15981300
2024-02-22,45.54903030395508,45.67094553204511,45.15515528964384,45.26769049695709,22020300
2024-02-23,45.82099914550781,46.08358251977382,45.48338990577713,45.59592512654397,13141900
2024-02-26,45.389610290527344,45.85851120849795,45.35209735850647,45.811618254756816,13018700
2024-02-27,45.30521011352539,45.43650180434481,45.03324670972501,45.15516195581316,12515400
2024-02-28,45.07075500488281,45.464630036803925,45.02386205376182,45.20204668218985,14635100
2024-02-29,45.361473083496094,45.464631856202644,45.13640264980001,45.192668469509016,22962500
2024-03-01,45.389610290527344,45.40836317910768,44.69563535786159,45.11764689952116,18508100
2024-03-04,46.0742073059082,46.393060087788996,45.23018418403838,45.36147587467807,25214500
2024-03-05,45.9053955078125,46.01793071399897,45.54902984788736,45.98979780680978,18101300
2024-03-06,46.11171340942383,46.33678741852215,45.924155908843574,45.933532352900585,20903600
2024-03-07,45.85851287841797,46.40243610280698,45.792867033706024,46.36492316942009,21224700
2024-03-08,46.42119598388672,46.68377938204812,45.81162329252005,45.830379760593075,19316200
2024-03-11,47.09641647338867,47.17143877135431,46.49622377994104,46.62751548445388,17715100
2024-03-12,46.95574188232422,47.40588637495965,46.78693725040713,47.39650992982222,17590400
2024-03-13,46.99325180053711,47.03076473353915,46.73066842438319,46.91822593453303,16669900
2024-03-14,46.69315719604492,47.218323967525436,46.51497254649518,47.143301676212644,17239400
2024-03-15,45.88664245605469,46.852577167295,45.858509546773504,46.693152578128334,57049200
2024-03-18,46.20549392700195,46.57123604720719,45.93353055341298,46.15860455369382,17406700
2024-03-19,46.083580017089844,46.51496798779359,45.92415542778062,46.06482355174229,19601100
2024-03-20,46.46807861328125,46.49621510001764,45.89601894118412,45.989801267922154,18554100
2024-03-21,46.77756118774414,47.068277495976936,46.477464856866796,46.61813299966092,26102900
2024-03-22,46.683773040771484,46.98386933431544,46.62750722162574,46.936979959217325,15022900
2024-03-25,46.58999252319336,46.665014805018394,46.22425040290038,46.47745731174088,16191200
2024-03-26,46.46807861328125,46.71190908537017,46.40243277327961,46.46807861328125,13842900
2024-03-27,46.674400329589844,46.79631557653934,46.3367910779945,46.674400329589844,17231000
2024-03-28,46.805694580078125,47.07765800066747,46.71191581725514,46.786938112027435,18139700
2024-04-01,46.92760467529297,47.07765282577437,46.76817650310205,46.85257881133722,15138100
2024-04-02,46.28989791870117,46.97449281077927,46.092960397164326,46.852577573786455,16414400
2024-04-03,46.0818977355957,46.535719833600254,46.0062589159329,46.13862324368537,22210000
2024-04-04,45.48625946044922,46.84772589832497,45.4200772895797,46.412813459280216,17374000
2024-04-05,45.90226364135742,46.01571827976349,45.27825772013713,45.3444398930955,18661300
2024-04-08,45.609169006347656,46.00626201636581,45.53353018158743,45.561892937543675,15375700
2024-04-09,47.28263854980469,47.46227896296431,45.87389964164397,46.17644774030901,26686600
2024-04-10,46.526268005371094,47.055728977975235,46.148084687789115,47.01790956421969,20026400
2024-04-11,46.82881164550781,46.885540760742344,46.32771708423727,46.63026515217316,15703900
2024-04-12,45.84553527832031,46.54517637947526,45.798259209150686,46.52626667313895,16418100
2024-04-15,45.609169006347656,47.074636972829104,45.57134959396754,47.00845480449274,20310800
2024-04-16,45.306617736816406,45.86444145132744,45.23098251800795,45.826625645252065,14233400
2024-04-17,45.183712005615234,45.64698720828918,45.10807317688438,45.38225852104692,14407600
2024-04-18,45.48625946044922,45.769897850841105,45.26880324092684,45.769897850841105,13080900
2024-04-19,45.68480682373047,45.78880841036421,45.41062147836113,45.75098899583232,20964400
2024-04-22,45.51461410522461,45.94007341830989,45.38224978707745,45.84552850724968,20135700
2024-04-23,45.68480682373047,45.817171167934184,45.43898784258898,45.51462306499487,16261700
2024-04-24,45.713165283203125,45.74153164476388,45.306615631855166,45.42952691419834,14828500
2024-04-25,45.476802825927734,46.261539433275885,45.2404368993758,46.1197184346816,18790900
2024-04-26,45.2498893737793,45.646982362488004,45.01352346907435,45.041886223508556,14658900
2024-04-29,45.174251556396484,45.675349738027414,44.985161713758835,45.37280166181811,11599500
2024-04-30,44.41788101196289,45.089159325287625,44.408427962569355,45.01352411016672,18535400
2024-05-01,44.285518646240234,44.975706695645435,44.13424460262619,44.15315430891015,18266400
2024-05-02,44.23824691772461,44.55024805994161,44.058606508375725,44.46515618358102,15441700
2024-05-03,44.55024337768555,44.814975635571514,44.28551472645695,44.53133367307531,17935300
2024-05-06,44.54079818725586,44.852799351729224,44.408433838287884,44.64479977763298,14163000
2024-05-07,44.70152282714844,44.87170658261486,44.44624719394879,44.635340656317915,14308200
2024-05-08,45.38225555419922,45.51461988916708,44.673157811164856,44.85279460767015,15130200
2024-05-09,45.183712005615234,45.4673504000402,45.0513476619941,45.38225852104692,12449300
2024-05-10,45.43898391723633,45.47679972184353,45.09861642916857,45.382254800339176,12096900
2024-05-13,46.02517318725586,46.15753752814093,45.59971380108401,45.67535262825135,15149100
2024-05-14,46.28044128417969,46.497897466895736,45.71316099275515,46.308804036420895,17379700
2024-05-15,46.96117401123047,47.01790312409349,46.07243954965367,46.507351928298235,37342100
2024-05-16,45.703712463378906,47.37718353756857,45.54298176925232,47.34882078252287,47829400
2024-05-17,45.54298400878906,45.91171787580307,45.486258495908245,45.62807588476803,22020300
2024-05-20,44.55970001220703,45.44843448852292,44.44624178459935,45.38225232574713,22040700
2024-05-21,44.380062103271484,44.57861220935788,44.06806097654871,44.550245847541206,25172200
2024-05-22,44.84333801269531,45.23097793730751,44.474607792534606,44.53133329923173,19940600
2024-05-23,44.05860900878906,44.616432761775485,43.97351712759934,44.578616953091796,18837500
2024-05-24,43.8884162902832,44.24769344939673,43.85060048931643,44.08696637698057,11941100
2024-05-28,43.75605392456055,44.33278729328522,43.4724155680267,43.633146254278884,18178800
2024-05-29,43.56696701049805,43.80333292455676,43.34950719570532,43.39678326384316,16001100
2024-05-30,43.60478210449219,43.92623988663536,43.49132747745859,43.585872398876994,19894200
2024-05-31,43.96405792236328,44.03024008661704,43.50077916592953,43.623690445253985,39269100
2024-06-03,44.10587692260742,44.21933154098761,43.75605280539446,44.17205908388397,23295000
2024-06-04,44.83388900756836,45.00407277001448,43.9735171448276,44.10588509857522,23330300
2024-06-05,43.51023864746094,45.03243573746849,43.15096144199549,44.92843415641342,28746400
2024-06-06,43.70878601074219,43.86006005706568,43.28332662837682,43.43460067470031,15456100
2024-06-07,43.34005355834961,43.76551291921729,43.29278109751044,43.44405513619033,15734600
2024-06-10,43.349510192871094,43.358966849815545,42.801143109802986,43.30223772812248,13400400
2024-06-11,43.27387237548828,43.42514641760673,42.88623241714365,43.19823355110023,17450700
2024-06-12,43.13205337524414,43.56696942224775,42.91459715507125,43.48187754420985,16803100
2024-06-13,43.037498474121094,43.06586122467539,42.65931163566461,42.94294996117848,16149000
2024-06-14,43.188777923583984,43.217140677707796,42.51749962716587,42.848410447468474,15274200
2024-06-17,43.19822692871094,43.21713663190905,42.49858594366633,42.92404524898108,16382000
2024-06-18,43.46295928955078,43.48186899280229,43.01859027978318,43.01859027978318,17627000
2024-06-20,44.172061920166016,44.313879300583004,43.3589626218082,43.4062350819472,25613200
2024-06-21,44.71097183227539,45.23097605980571,44.484058994933825,44.53133145077163,64967000
2024-06-24,44.70152282714844,45.17425467974233,44.455703850729044,44.90007294629781,19136200
2024-06-25,44.79607009887695,45.212072819035804,44.427339841313334,44.692068517172814,17615800
2024-06-26,44.30442810058594,44.82443239713611,44.247698982056626,44.49352155569264,13981300
2024-06-27,44.86225128173828,44.91897679294261,44.21933570593325,44.22878875558142,16541900
2024-06-28,44.91897201538086,45.249886424393274,44.75824494185328,44.95679142326638,23921100
2024-07-01,44.928428649902344,45.23097669953208,44.76769796979185,44.890609242034316,17776000
2024-07-02,44.70152282714844,45.183711336522585,44.39897473002097,44.8149810685646,19794200
2024-07-03,44.52188491821289,44.92843458990111,44.47461245545658,44.5786140375151,8118300
2024-07-05,44.48373794555664,44.58862687315983,44.159526215771834,44.27395281523823,14692600
2024-07-08,43.921142578125,44.60770592554602,43.81624999569157,44.19767326924622,19320900
2024-07-09,43.6732063293457,43.95927464369165,43.530173990950715,43.86391975142833,17343400
2024-07-10,44.12138748168945,44.14045918988206,43.701820814121355,43.92114000200171,18737300
2024-07-11,44.588626861572266,44.7316628390351,44.0355619329984,44.0355619329984,19741200
2024-07-12,45.17984390258789,45.637553989178514,44.4837429185507,44.607703566182295,20936100
2024-07-15,45.198917388916016,45.28473826087504,44.6172429942556,45.2084514246641,15925900
2024-07-16,45.217987060546875,45.74244998416489,45.02727723838399,45.24659644391666,17037300
2024-07-17,46.26690673828125,46.47669189624801,45.151235424388396,45.25612800337178,26638700
2024-07-18,45.80919647216797,46.381333180332156,45.75198134632896,45.91408905076125,18462500
2024-07-19,45.12262725830078,45.866405669271316,44.9509855269143,45.85687163421931,18289200
2024-07-22,44.64584732055664,45.179844244397216,44.59816986821791,45.12262911905687,19899400
2024-07-23,44.20720672607422,44.60770167073978,44.18813501858211,44.57909592827974,16372000
2024-07-24,44.6744499206543,44.8556293193707,44.092779222964296,44.37884755442217,25318200
2024-07-25,45.04634475708008,45.95222724074218,44.874703023057364,45.17030540244154,20631200
2024-07-26,45.65663146972656,45.78059213303017,45.04635127711631,45.12263448241415,16104900
2024-07-29,45.761512756347656,45.97129424726637,45.23704993516091,45.59940507410194,11475700
2024-07-30,45.90454864501953,46.29550955442134,45.66615775788291,45.952226094935604,20166000
2024-07-31,46.20014953613281,46.505289546857114,45.999902086136714,46.16200612540331,19953600
2024-08-01,45.18937683105469,46.45761812043211,45.00820106295348,46.36225958125543,18837500
2024-08-02,44.49327850341797,45.53266299798416,44.19767247076934,45.46591383537908,24000200
2024-08-05,42.662437438964844,44.51234952968084,42.61475634850119,44.38838524207702,29669600
2024-08-06,43.062931060791016,43.61599968236391,42.56707756345005,42.67197013909707,20524000
2024-08-07,43.02478790283203,44.06417235516649,42.996182159322586,43.31085625059567,18301100
2024-08-08,43.701820373535156,44.12138703687333,43.177357497416985,43.177357497416985,18369100
2024-08-09,43.35853958129883,43.921142270592505,43.13922038209032,43.577858780507334,21217600
2024-08-12,42.7768669128418,43.61600396281405,42.4335834088733,43.41575282712794,20289500
2024-08-13,43.263179779052734,43.28225148767658,42.80546968474988,42.89129055477895,20976900
2024-08-14,43.329925537109375,43.61599750644106,42.94850230726079,43.043857205333886,30675600
2024-08-15,46.276432037353516,47.94516803781509,45.92361458720013,46.48621715571512,45976400
2024-08-16,47.16325378417969,47.42071638723401,46.247833620579684,46.38133193974347,27424900
2024-08-19,47.65910720825195,47.66864488106679,47.01068368398542,47.03929306487355,16436600
2024-08-20,47.90703582763672,48.0309964739131,47.29675208129812,47.65910725997121,18697300
2024-08-21,48.10728073120117,48.20263562901059,47.70678215777801,47.95471071217239,21177600
2024-08-22,47.887962341308594,48.564991584501314,47.849818926537,48.36474411328481,19143100
2024-08-23,48.383811950683594,48.41241769069613,47.98331340272827,48.16448915206761,16474100
2024-08-26,48.431495666503906,48.65081485595702,48.36474650612932,48.431495666503906,12016800
2024-08-27,48.35520935058594,48.479173637275046,48.059606962208825,48.31706593351906,10243900
2024-08-28,47.5351448059082,48.22171177349439,47.115578124359146,48.1072851580822,14571400
2024-08-29,48.050071716308594,48.46010437659823,47.56375585558839,47.64957672954568,16324100
2024-08-30,48.19309616088867,48.33612849147712,47.744920189088845,48.20263019457226,15615800
2024-09-03,47.73539352416992,48.15496018457465,47.582823498790354,47.97378441617277,14918600
2024-09-04,47.392112731933594,47.716324508854434,47.2776861158311,47.506539348036085,16411700
2024-09-05,46.84858322143555,47.34443675677235,46.667403799596016,47.201400754010265,16312000
2024-09-06,46.24783706665039,46.9439380952705,45.96176869890409,46.600654598952275,21040500
2024-09-09,46.43854904174805,46.86765339844634,46.018978720729024,46.219229845559255,18677600
2024-09-10,46.52436828613281,46.69601002280983,46.19061884812465,46.52436828613281,11754700
2024-09-11,46.82950973510742,46.924864641626456,45.628017542651136,46.48622625154848,15106600
2024-09-12,47.30628967285156,47.33489541616522,46.59111698955925,46.81043617592879,13229500
2024-09-13,47.487464904785156,47.73539346921424,47.36350062257062,47.430253418806394,10168900
2024-09-16,48.66035079956055,48.69849421771508,47.468396263905575,47.563754809291915,16668200
2024-09-17,48.259857177734375,49.03224141050699,48.22171375850799,48.650818130913144,13230300
2024-09-18,48.22170639038086,48.76523729985866,47.935638065006664,48.05006466764512,12697700
2024-09-19,49.051307678222656,49.318307945628874,48.774777013402165,49.0227019357548,16274000
2024-09-20,49.556697845458984,49.89998129845737,49.03223499362468,49.06084437307867,44096600
2024-09-23,49.766483306884766,50.00487420847705,49.480414952485326,49.642522657097444,18343400
2024-09-24,50.08116149902344,50.12883895226472,49.59484201831541,49.78555546883706,26479300
2024-09-25,50.20512390136719,50.281407096176096,49.93812362564506,50.1288370690019,22422200
2024-09-26,50.39583206176758,50.81540235096513,50.31001119693683,50.53886804900424,18374000
2024-09-27,50.55794143676758,50.74865488023608,50.405371409504056,50.57701314487007,13868300
2024-09-30,50.74864959716797,50.8344704559168,50.20511870427738,50.55793617355324,17807500
2024-10-01,50.29094314575195,50.72958150502522,49.880910528914164,50.64376064016252,16621800
2024-10-02,50.55998611450195,50.77137453885981,50.089171107067365,50.348601355500314,11071300
2024-10-03,50.37742614746094,50.598421472380224,50.117995896810584,50.14682025843076,11029100
2024-10-04,50.68489456176758,50.83863058823169,50.35820504736185,50.732936382783365,11724100
2024-10-07,50.454288482666016,50.780977995733195,50.31976991823059,50.52155143023971,10941700
2024-10-08,50.66567611694336,50.704111039152416,50.15642622641905,50.57919937465093,12365000
2024-10-09,51.46318054199219,51.57848163493637,50.48311208857756,50.588806284341246,10586100
2024-10-10,51.4439582824707,51.70338846640658,51.32865353492899,51.597694280504335,9377500
2024-10-11,52.12617111206055,52.203040957863955,51.42475026320641,51.42475026320641,12704500
2024-10-14,52.1453857421875,52.27990429968356,51.68417768847712,52.183820663002315,11428600
2024-10-15,51.962825775146484,52.472075651203795,51.809086090677745,52.28951160857508,20066300
2024-10-16,54.172786712646484,54.20161107308816,52.68346822234351,52.84681115198781,32382300
2024-10-17,54.19200134277344,54.36495482709754,53.66353032658539,54.17278388169788,18383400
2024-10-18,54.537906646728516,54.6436008538434,54.00943927651014,54.20161022895938,17679800
2024-10-21,54.37456130981445,54.82616247825235,54.29769146609911,54.470644949102734,14083600
2024-10-22,54.3841667175293,54.67242495820795,53.673139009423295,53.80765756688358,14956300
2024-10-23,54.076698303222656,54.374563461372055,53.798054272118556,53.961397198443166,18723000
2024-10-24,53.769222259521484,54.33612450856838,53.625096805574096,54.172781594356856,14699600
2024-10-25,53.55783462524414,54.41299140120408,53.49057168528648,54.04786700668161,14680500
2024-10-28,53.115840911865234,53.788437329801496,53.04858163660717,53.71157115751611,12912300
2024-10-29,53.500186920166016,53.91335316615281,53.10623813508046,53.20232177423074,18810100
2024-10-30,53.4137077331543,53.84609142024492,53.20231933827539,53.394490273132966,13284300
2024-10-31,52.62581253051758,53.33684025602856,52.56816014789944,53.25997407789358,22023400
2024-11-01,53.32723617553711,53.6251013367665,52.395209433429095,52.596990950574714,19235600
2024-11-04,53.644317626953125,53.721183807470005,52.962110573577334,53.279193189768954,13269900
2024-11-05,53.961395263671875,54.067089466495126,53.32723371208831,53.71157560138085,10183600
2024-11-06,55.60445022583008,55.81583863350237,54.73007590139821,54.95107120698473,20506000
2024-11-07,55.80622482299805,56.01760953913067,55.28736443135752,55.53718406509806,17880200
2024-11-08,55.78701400756836,55.9215325698597,55.40267211643088,55.8158383665291,17517700
2024-11-11,56.3347053527832,57.0553437332175,56.0752750959841,56.690219260831014,17827000
2024-11-12,56.41156768798828,56.728650313094725,56.142530550581185,56.45960951033153,16609400
2024-11-13,56.863162994384766,56.95924662912311,55.57562249597011,55.87348762822812,36350600
2024-11-14,55.65249252319336,56.680606545913804,55.26815429227874,56.680606545913804,33747700
2024-11-15,55.21049880981445,55.82544287705192,54.989503514735716,55.20089191235701,28173700
2024-11-18,55.06637191772461,55.71975088843995,54.989502078649544,55.29697410423845,23769300
2024-11-19,54.778114318847656,54.8069423415114,54.14395280058101,54.46103539239219,17476200
2024-11-20,55.24893569946289,55.24893569946289,54.393778846397716,54.61477414935286,15345000
2024-11-21,55.30658721923828,55.66210107797848,54.86459295486967,55.04715699842056,16162400
2024-11-22,56.25783157348633,56.40196070565752,55.21050372039646,55.335415390587755,14952100
2024-11-25,56.44039535522461,56.65178010526363,55.97918360066148,56.35391860941353,52408200
2024-11-26,57.257110595703125,57.30515241209423,56.63255598655185,56.69020836543456,14209700
2024-11-27,56.9688606262207,57.52615233894013,56.62295365574027,57.27633267434644,12703300
2024-11-29,56.891990661621094,57.257115092509444,56.728647739991736,56.757472099019054,11618400
2024-12-02,57.10337448120117,57.3628046876727,56.824726815136685,56.93042101022016,15977400
2024-12-03,57.15142059326172,57.19946241317734,56.85355544521539,57.103378773346094,11746000
2024-12-04,57.28593444824219,57.4973228369292,56.94963807110886,57.30515190770061,16872100
2024-12-05,57.67027282714844,57.87205064125412,57.36280082507634,57.44927755474383,19121700
2024-12-06,57.54536437988281,57.72792841119385,57.430063289034926,57.65105857372487,14622700
2024-12-09,56.64216995239258,57.53576171931009,56.55569321155037,57.48771990003239,16517500
2024-12-10,56.42117691040039,56.555695475906106,55.854274623372035,56.209788498687985,14480200
2024-12-11,56.2962646484375,56.65177851999881,56.02722752026743,56.574912339959916,26842900
2024-12-12,56.54608154296875,57.40124203695867,56.3346968092084,56.39234552507223,17704600
2024-12-13,56.3250846862793,56.63255671355622,56.094482498499445,56.3250846862793,14129700
2024-12-16,56.06565856933594,56.20018079827722,55.58523303347066,56.180963336999895,26883200
2024-12-17,56.22900390625,56.75747125087062,55.89270383941442,56.09448534565812,24912500
2024-12-18,55.27776336669922,56.41156797344663,55.22972154411286,56.41156797344663,24195100
2024-12-19,55.37384796142578,55.86388039234285,55.09520027259258,55.14324209282273,21947800
2024-12-20,56.22900390625,56.47882356658408,55.02794009331409,55.31619467534754,69544600
2024-12-23,56.670997619628906,56.70943254343744,55.84466508452586,55.854275648156026,18671200
2024-12-24,57.506935119628906,57.506935119628906,56.49804222838832,56.49804222838832,9922300
2024-12-26,57.6318473815918,57.70871722742007,57.07455566076077,57.28594040607654,8524500
2024-12-27,57.276329040527344,57.67027780627964,56.82472789490066,57.23789412061109,13021400
2024-12-30,56.872772216796875,57.06494315948564,56.12330957220217,56.77668857813043,12948100
2024-12-31,56.88238525390625,57.05533874331295,56.469218992029816,56.90160271554655,14173000
2025-01-02,56.78629684448242,57.343592225175826,56.277046949636066,56.94964343257929,16144300
2025-01-03,56.941078186035156,57.24096936915319,56.45737892001764,56.92172977255455,18859000
2025-01-06,56.8540153503418,57.63760953363573,56.679883309609814,56.98945056194829,18543300
2025-01-07,57.00879669189453,57.318363931827164,56.73792627953663,57.04749351946926,16863800
2025-01-08,57.26999282836914,57.30868965465049,56.37031191415637,56.970097960187395,14400300
2025-01-10,56.82499694824219,57.134564213516725,56.63151648486238,56.873366141503915,17274500
2025-01-13,56.84434127807617,57.008800962422136,56.27357594475701,56.999124909637324,19340700
2025-01-14,57.39575958251953,57.405431944583206,56.83466663417562,57.047495502903686,16715500
2025-01-15,58.024566650390625,58.37283073123338,57.64728179292189,57.908479853553956,19185100
2025-01-16,57.86978530883789,58.47924747437049,57.83108847825391,58.21804940342795,18445700
2025-01-17,58.266414642333984,58.96294278424533,58.23739386653189,58.779134696611706,23876400
2025-01-21,59.04033279418945,59.33055531375899,58.31478387593086,58.49859196370259,18623800
2025-01-22,59.62077331542969,59.74653246914274,59.0016388375628,59.050008026708795,19436600
2025-01-23,60.201210021972656,60.288276037203396,59.37892274838542,59.78522835924052,14212000
2025-01-24,60.201210021972656,60.25925526223732,59.84327359950518,60.036754043388214,17232900
2025-01-27,57.153907775878906,59.45631365456653,56.844336846557525,59.388596051683514,33730300
2025-01-28,57.49249267578125,57.618255513036495,56.99911737826658,57.095859441667685,25473300
2025-01-29,57.608585357666016,58.5663115865304,57.56988852834502,57.99554627021042,17925300
2025-01-30,58.498592376708984,59.08870609151213,58.28576351161076,58.498592376708984,17079000
2025-01-31,58.624351501464844,59.195116801830345,58.48891629295992,58.556633897212386,16554200
2025-02-03,59.05000686645508,59.262832032582224,57.608581440098106,58.227715905799826,20375700
2025-02-04,59.34022903442383,59.58207867938148,58.75011531027391,58.856529744508514,12742700
2025-02-05,60.530128479003906,60.66556368890855,59.30153184720325,59.446643109434056,18997400
2025-02-06,60.239906311035156,60.85904077366763,60.04642586887939,60.77197475921416,15521800
2025-02-07,60.239906311035156,61.187956418232694,60.18186107128868,60.69458479655135,23861000
2025-02-10,60.762306213378906,61.091221878598525,60.34632452823843,61.06219741173642,15816200
2025-02-11,60.39468765258789,60.75262405838219,60.152838031582924,60.49142602485694,17702500
2025-02-12,60.491432189941406,60.52045665684608,59.20479399403793,59.436967587278936,30116300
2025-02-13,61.75872802734375,64.33200820805254,60.675242606606595,63.945047284051405,43257700
2025-02-14,62.755149841308594,62.948626609049356,61.37176585769916,61.710357581911076,23693300
2025-02-18,62.48426818847656,64.09015330843356,62.329488259941684,63.17112764722019,22047500
2025-02-19,62.726112365722656,62.842202837521484,62.19404764313981,62.41654515492361,14164100
2025-02-20,62.56166458129883,63.103412806545165,62.17470367202729,62.84221105600406,14836600
2025-02-21,61.894161224365234,62.84221139787199,61.79742284168745,62.57134097410799,18905800
2025-02-24,61.178287506103516,62.4746017442032,61.09122148674112,62.329490481821644,17287500
2025-02-25,62.17469787597656,62.53263797530129,61.25567226021235,62.49394114991499,22100100
2025-02-26,61.990901947021484,62.66807799168049,61.85546304775701,61.96188117091686,13452300
2025-02-27,61.729705810546875,63.1614552914399,61.67166056620006,62.65840388776641,24695600
2025-02-28,62.019920349121094,62.0682932278874,60.78165141162015,61.845788318493454,26711800
2025-03-03,61.410457611083984,62.76481332497985,61.129911154584434,62.29079011673267,21810700
2025-03-04,61.1976318359375,61.82644238176381,60.56882498044386,61.66198639643449,24588300
2025-03-05,61.87480926513672,62.087638123234804,60.75262711483027,61.16860877911333,14931500
2025-03-06,61.34273910522461,61.932849093883945,60.713928600321026,61.72002393203379,23155100
2025-03-07,61.855464935302734,62.077966169670795,60.16251739132886,60.84937319953689,21154800
2025-03-10,60.03675842285156,61.61361548324283,59.669145921691054,61.410462662996025,27417600
2025-03-11,58.69206619262695,60.34632045959077,58.55663099084415,60.249578393794145,25787400
2025-03-12,58.488914489746094,59.185442615249045,58.28576168325191,58.97261375682702,18935300
2025-03-13,57.72467041015625,58.51794062592331,57.299016371492044,58.440546969621096,16463300
2025-03-14,58.52761459350586,58.64370139081138,57.96652164091914,58.3534825523812,16250700
2025-03-17,58.90489959716797,59.21446685096482,58.37283111035044,58.43087635431213,15335800
2025-03-18,58.33413314819336,58.81783243414908,57.724671014596,58.69206958650744,16669000
2025-03-19,59.12739562988281,59.57240174711826,58.52760958969472,58.653372428717724,15488800
2025-03-20,58.643699645996094,59.030660545944976,58.37282923023145,58.50826443811377,16528600
2025-03-21,58.33413314819336,58.43087521958412,57.49249742392356,58.20837030055172,65935200
2025-03-24,58.9822883605957,59.37892160225045,58.89522234704552,59.0500059610978,28335600
2025-03-25,59.00163650512695,59.21446166702248,58.72109005270507,58.85652525309289,20877600
2025-03-26,59.78523254394531,59.82392937349703,59.02098676679636,59.040335181572225,30621200
2025-03-27,59.39827346801758,59.95936271769757,59.33055586357918,59.87229669908639,25720200
2025-03-28,58.87588119506836,59.76588616304878,58.53728946046744,59.64979936077588,24931700
2025-03-31,59.69816589355469,59.8819739868221,58.276092480675416,58.65337733899712,29335700
2025-04-01,59.78523254394531,60.01740983092285,59.069359648902406,59.3789269046506,17381400
2025-04-02,59.8045768737793,59.852946062248705,59.10804875075571,59.20479081802706,18610700
2025-04-03,55.811763763427734,58.35352822149402,55.76306792595986,57.827648097566644,40006300
2025-04-04,53.114173889160156,55.96757585271042,53.01678593777675,55.178750163872024,42924400
2025-04-07,52.987579345703125,54.652874556577565,50.74770813801006,51.98450744353391,46816200
2025-04-08,51.799468994140625,54.40940688277467,51.34175858450918,53.308950796985336,37377000
2025-04-09,56.61032485961914,56.90248130131153,51.29306127494649,51.69234632705663,53380800
2025-04-10,55.11058807373047,56.42529402189877,53.562154724902626,56.3084321790545,31964600
2025-04-11,55.83124542236328,56.28895586514184,54.80869220058463,55.188495984687066,23036900
2025-04-14,55.909149169921875,56.68823429097258,55.60725206021496,56.3766002425523,15657700
2025-04-15,55.70464324951172,56.39608110231773,55.568303809800234,56.35712591526556,18543600
2025-04-16,54.302284240722656,55.58777936142653,53.97117259288412,55.091110032183245,20551300
2025-04-17,54.302284240722656,54.93529300466928,54.234114523370984,54.73078385261427,15910400
2025-04-21,52.9486198425293,53.883525664755915,52.42273972905458,53.71796799359164,15578800
2025-04-22,53.601112365722656,53.83483606211553,53.16287579127206,53.776406995502896,19961800
2025-04-23,54.175682067871094,55.49038792301828,54.049079580014386,54.68208830432717,30231500
2025-04-24,54.81843185424805,55.09111072709426,53.71797199387851,53.854311430301614,22782300
2025-04-25,55.227447509765625,55.29561722470154,54.604179421796836,54.740518851668654,16493500
2025-04-28,55.35404968261719,55.831241399394166,54.94502768038395,55.052152578944344,23140600
2025-04-29,55.840980529785156,55.987060618096145,55.14954270371788,55.2079717670655,13466000
2025-04-30,56.22077941894531,56.39607402370668,54.98398024756037,55.60724830228052,19921200
2025-05-01,56.6005859375,56.9414382257081,56.17209005757731,56.26947430279629,16420800
2025-05-02,57.77895736694336,57.86660096056688,57.20438139170679,57.516015441160086,18753200
2025-05-05,57.76921463012695,58.09058932170836,57.340718756322524,57.45758059191086,14758500
2025-05-06,57.67182922363281,57.95424501103023,57.04856115976573,57.09725328069834,13766500
2025-05-07,58.01268005371094,58.33405475138074,57.52575139540215,57.65235388675428,14078300
2025-05-08,58.14902114868164,58.70411953785068,57.8763422810115,58.39248548480739,16196700
2025-05-09,58.207454681396484,59.239744817342775,57.88607997035784,59.07418713484593,17480700
2025-05-12,60.057777404785156,60.2330720145146,59.52215663726554,59.99934834485585,23700000
2025-05-13,60.1649055480957,60.61288274989654,59.99935158273416,60.06752129964432,18591200
2025-05-14,59.68771743774414,60.25255276483945,59.2592178292881,60.01882908292792,34509200
2025-05-15,62.580074310302734,64.03111965635195,61.27510162027654,61.42118170624137,60718000
2025-05-16,61.95680236816406,62.35608372534055,61.33353427061744,62.23922188579328,30289900
2025-05-19,62.248958587646484,62.45346773481872,61.52830624571453,61.771770577577925,16249000
2025-05-20,61.76203155517578,62.18079051423873,61.4211829675529,62.0736693259651,14995200
2025-05-21,61.547786712646484,62.23922455583908,61.32379996266738,61.343277555922654,15595900
2025-05-22,61.7036018371582,62.05419107497834,61.30432047518992,61.75229396130635,15641100
2025-05-23,61.460140228271484,61.567265135132814,60.89530116117396,61.07059578786139,15645400
2025-05-27,62.08340072631836,62.31712810481629,61.68411939573616,62.09313766439423,17429400
2025-05-28,61.684120178222656,62.31712889533275,61.59647287454543,62.21974093848544,13814500
2025-05-29,61.40170669555664,62.07367066128404,60.85634894362839,62.063930007159,13982800
2025-05-30,61.3919677734375,61.52830720701579,60.671311705275336,61.27510221753816,25829000
2025-06-02,62.18079376220703,62.21001201050874,61.0705969159925,61.09007450986992,15816000
2025-06-03,62.67746353149414,62.77484778655149,62.054195383196195,62.13210204424784,15156900
2025-06-04,62.70667266845703,63.19360133178093,62.66771748379811,62.969618307419324,14770900
2025-06-05,62.930660247802734,63.21307975122141,62.59954490829961,62.79432082269598,17025200
2025-06-06,64.3330078125,64.4303994818391,63.52471193855039,63.61235552502613,20943800
2025-06-09,64.17720031738281,64.62517380306507,63.875299489032464,64.38170946758937,13689800
2025-06-10,63.44680404663086,64.3524916252007,63.11568870384995,64.2843219119725,17214900
2025-06-11,62.511905670166016,63.44680783451442,62.20026790041224,63.40785264892383,20442600
2025-06-12,63.39811325073242,63.50523815574283,62.43399653558082,62.63850569152558,15160800
2025-06-13,62.414512634277344,63.02804750656302,62.258699325244415,62.90144129866063,14635000
2025-06-16,63.79739761352539,63.89478186335311,63.15464819076682,63.48576355611148,16957700
2025-06-17,63.622100830078125,64.42066353943872,63.32020000694571,63.92399422326879,18845200
2025-06-18,64.11875915527344,64.60568779076588,63.670785702213344,63.972686508578775,22664200
2025-06-20,64.58622741699219,64.9076021667901,64.00191441823237,64.75178140448462,50421700
2025-06-23,65.61849975585938,65.72562464926581,64.47908854047232,64.61542796300027,34030000
2025-06-24,66.11518096923828,66.26126107114293,65.59903771512549,66.00805605650439,23162700
2025-06-25,66.40734100341797,66.73844896560959,66.00805588789471,66.07622561128373,19395700
2025-06-26,67.1474609375,67.35197751821276,66.63131773365804,66.92347790901178,23154000
2025-06-27,66.85530090332031,67.4103992320204,66.55340010705108,67.06955068456264,26224600
2025-06-30,67.56622314453125,67.95576758710264,66.95269566269234,67.03060603719507,32561200
2025-07-01,67.29354095458984,67.73178121716077,66.8455674681414,67.5662198219983,21939500
2025-07-02,66.79686737060547,67.13772336307795,66.39758974876662,66.88451838950854,16655200
2025-07-03,67.96273803710938,68.06070790638601,66.79687641123826,66.79687641123826,17973500
2025-07-07,67.53166198730469,67.89415872756186,67.21815391924673,67.6786205292804,23985200
2025-07-08,67.19855499267578,67.52186228784707,66.9634258119248,67.40430143478252,21182600
2025-07-09,67.86475372314453,67.91374239006241,66.92422962036616,67.1495670237188,23765900
2025-07-10,67.3651123046875,67.98232921000496,67.16916509096788,67.85496912705365,15005300
2025-07-11,66.57154083251953,67.11038634043022,66.31682066025458,66.90464736685217,14699400
2025-07-14,66.44418334960938,66.64992233124809,65.83675816004097,66.45398257957952,16451400
2025-07-15,65.8171615600586,66.50295810701773,65.78777134727774,66.3070183720642,13944600
2025-07-16,66.00331115722656,66.18945166760534,65.62122343247283,65.78777295872509,15156100
2025-07-17,66.91444396972656,67.08099349304396,66.14046930448346,66.17965874666787,20400000
2025-07-18,66.66952514648438,67.44349244837159,66.58134702023746,67.38471201395556,16145100
2025-07-21,66.95362854003906,67.2279546459941,66.41479050695571,66.5225596084968,14674200
2025-07-22,66.77728271484375,67.20835161707599,66.69890383275731,66.95362398760585,14527200
2025-07-23,67.22795104980469,67.4336900122989,66.6793063418651,66.96342418758235,13042300
2025-07-24,66.90464782714844,67.19855744515824,66.54215107618529,66.97322748547961,13534000
2025-07-25,67.2965316772461,67.4238917583592,66.68910653541518,66.99281536901972,11590000
2025-07-28,66.54215240478516,66.58134184956003,66.00331435703083,66.37560287045868,20558400
2025-07-29,66.58134460449219,67.32592913677881,66.45398450967082,66.84587149901233,15261800
2025-07-30,66.89485168457031,67.18876879076602,65.98371762491062,66.46377525538261,15518200
2025-07-31,66.69890594482422,67.74719923340514,66.5029587334033,66.92423589468098,18529200
2025-08-01,65.74858093261719,66.2384377373754,65.17054601619924,66.1404678713481,21650000
2025-08-04,67.1005859375,67.12018439632975,66.23844061454078,66.39519091206883,17052200
2025-08-05,66.15026092529297,67.47288030382144,66.07188951570444,67.2965315516591,15434500
2025-08-06,67.80597686767578,67.9431361727121,66.39518690202044,66.5813348765504,23107800
2025-08-07,68.48198699951172,68.71711618731997,67.80598217561311,68.3840171274768,22579600
2025-08-08,70.33364868164062,70.55897865089422,68.79549844403329,68.8150894295509,31662400
2025-08-11,69.23635864257812,71.07822500296814,68.91305135915371,70.83329660182024,28911400
2025-08-12,69.93196105957031,70.04952939417282,69.12859612634232,69.35393356567488,21912100
2025-08-13,68.97183990478516,70.56877040437693,68.82488136779435,70.40222088394414,38096400
2025-08-14,67.89415740966797,69.17757987045802,66.1110789057081,66.62052670343014,39317300
2025-08-15,64.85704040527344,67.257343323854,64.5239413532983,67.06139610979044,40877300
2025-08-18,65.59182739257812,65.74858516801719,64.4161739752737,64.73948128115016,20903400
2025-08-19,65.40568542480469,66.15026241773613,65.13136679850132,65.40568542480469,18746600
2025-08-20,65.74858093261719,65.8269598152877,65.19014447417769,65.46446308890283,14946400
2025-08-21,65.66040802001953,65.85635524221112,65.1215699768927,65.73878690889616,12456600
2025-08-22,65.95431518554688,66.65971012998392,65.6506063801558,65.96411441383658,16830600
2025-08-25,65.77796936035156,66.13066684817822,65.74857914880292,65.91512866399289,11724500
2025-08-26,67.00260925292969,67.3553067297753,65.74857710175472,65.8073575230219,28307900
2025-08-27,67.05160522460938,67.3553140670691,66.7674873664991,66.93403689464655,13876700
2025-08-28,68.0215072631836,68.168465780211,66.9634149101311,66.97321413783179,15256000
2025-08-29,67.68841552734375,68.05091228497011,67.4336953486442,67.70801398701128,14953000
2025-09-02,66.42459869384766,66.93404658150433,66.01311321673764,66.72830758026087,18928800
2025-09-03,66.2972183227539,66.74788568726916,65.96411928252937,66.66951427903035,14320100
2025-09-04,66.61073303222656,67.02221847102977,66.04250476129127,66.7185021382676,14388500
2025-09-05,65.5428466796875,66.71850010570881,65.13136872804226,66.34621159821391,21050800
2025-09-08,65.52324676513672,65.65061432445223,65.00399972226523,65.36649646663874,14038000
2025-09-09,65.97390747070312,66.0718848062934,65.28811096929881,65.38608083026782,11649400
2025-09-10,66.74789428710938,66.93404228923102,65.75838879333858,66.21884797157098,14689500
2025-09-11,66.31681823730469,67.17896354384035,66.14046948430627,66.92423590626002,17560800
2025-09-12,65.18035125732422,65.97391696235088,64.78846428244626,65.52324955735905,18529200
2025-09-15,65.66040802001953,65.83675678268084,65.00400164357775,65.16075942133102,16203100
2025-09-16,65.57222747802734,66.0130955808215,65.19993902399275,65.66039810873772,18019300
2025-09-17,66.3462142944336,66.50296460278287,65.03339402322378,65.64081922030563,18652100
2025-09-18,67.28673553466797,67.36511442262001,66.1110821138759,66.5225600636909,20279000
2025-09-19,66.8262710571289,67.5218668921402,65.81716713486432,67.5218668921402,47822500
2025-09-22,66.37560272216797,66.620531145497,65.93473455002463,66.48337182640252,20396700
2025-09-23,66.16985321044922,66.83605871484087,65.70938665194925,66.20904264889826,22240000
2025-09-24,65.95431518554688,66.48336139387466,65.5330380645426,66.3266036397237,17433100
2025-09-25,66.47357177734375,66.85565951505835,65.7485857461189,65.95432472222505,22351700
2025-09-26,65.85635375976562,66.53235858052062,65.49385701283778,66.49316913696447,15077400
2025-09-29,66.3462142944336,66.57154426417739,66.0718956488555,66.3462142944336,14358300
2025-09-30,67.03201293945312,67.3749112568156,66.31682608818609,66.33641707433993,20498900
2025-10-01,67.35531616210938,67.42389582139863,66.31682204297998,66.52256102084775,15530700
2025-10-02,66.92423248291016,68.08029481018151,66.87525128851834,67.77658599123934,15708300
2025-10-03,66.94395446777344,67.59447355340285,66.67783780895184,66.97352214989179,11113200
2025-10-06,67.91973114013672,67.95914970198835,66.8355326953125,67.45648408094021,21952700
2025-10-07,67.99858093261719,68.22527903908917,67.45648918891271,67.9295871645182,16493200
2025-10-08,69.31932067871094,69.7431416408947,68.00843171198488,68.806789156195,34246300
2025-10-09,68.95463562011719,69.60515466849144,68.0379999281618,69.29960442466901,21209500
2025-10-10,66.96366882324219,69.79242059900807,66.91438434167407,69.39817482548754,20961500
2025-10-13,66.49055480957031,67.900005075793,66.1652953204985,67.56489470748033,14127900
2025-10-14,67.67332458496094,68.1661393313597,65.8499040074805,66.14559586322227,15402000
2025-10-15,68.52095794677734,69.28975525559441,67.83102032063451,68.3139766589345,16260500
2025-10-16,68.09712982177734,69.0630499167287,67.58460585612818,68.7772164959753,13950600
2025-10-17,69.1221923828125,69.75299464530661,67.95914930138471,68.06756914522802,16286900
2025-10-20,69.63471984863281,69.95012096143492,69.11233746053142,69.11233746053142,12183500
2025-10-21,69.70372009277344,70.21624412885718,69.36860214937698,69.56573256306795,15763300
2025-10-22,69.64457702636719,69.95011973410193,68.84621209878571,69.84169989850143,14967200
2025-10-23,69.26018524169922,70.21624710935268,69.2207666770442,69.58544479827844,14614100
2025-10-24,69.61500549316406,69.92055573674232,69.05319700626978,69.62486389321651,13075600
2025-10-27,70.36408233642578,70.43307609370616,69.41787901382816,69.52629884951956,15986800
2025-10-28,71.576416015625,71.6355513784921,70.00926122184123,70.17681642980213,19896800
2025-10-29,70.3049545288086,71.77354038849285,69.90084282151442,71.63555285911346,18020600
2025-10-30,71.86225128173828,72.05937417610497,70.31480572995852,70.34438093189429,18101800
2025-10-31,72.05936431884766,72.42404989527144,71.38913604202487,71.67496946358588,24008000
2025-11-03,73.38011169433594,73.76450658951667,72.56204494188442,73.53781602043888,21733400
2025-11-04,71.28072357177734,72.926722995841,70.9456131586293,72.83801995227458,22345000
2025-11-05,71.06388854980469,71.53699403916062,70.3148079915564,71.18216680208283,16113500
2025-11-06,70.01911163330078,71.1920129947155,69.67414285634214,70.67948150915808,16469900
2025-11-07,70.04869079589844,70.56121484572922,69.52630834517959,70.36409194650736,16913700
2025-11-10,71.05402374267578,71.45813542837428,70.12753716917643,70.72877173780944,22201200
2025-11-11,70.67948150634766,71.21172227067211,70.07824698663421,70.70904918440645,21412900
2025-11-12,72.89715576171875,73.14356313281154,70.68934782225914,70.87661983061163,57591600
2025-11-13,76.26800537109375,78.35754254610198,75.54850007198539,76.82981386591706,57638500
2025-11-14,76.87909698486328,77.53946691063287,74.75013376656884,75.47950497270078,38819600
2025-11-17,76.66226196289062,78.24912607305102,76.35671922159791,76.77068181039895,28720100
2025-11-18,76.2581558227539,77.07622257880011,75.35137098318977,76.43556943052123,26025500
2025-11-19,77.26348876953125,77.79572955275918,76.05116880753064,76.18915632320949,24759700
2025-11-20,74.35588836669922,78.90949162851118,74.23761012518563,77.98300505580055,27381900
2025-11-21,75.00640106201172,75.83433372596963,74.38545720386035,74.5530124087932,24428800
2025-11-24,75.1443862915039,75.7751885306121,74.5924362122232,75.39079365114792,26691500
2025-11-25,75.22323608398438,75.95259974004522,74.9866871317022,75.39079127852777,18818800
2025-11-26,74.9768295288086,75.49921191720398,74.25731674495364,75.36122440026013,15972600
2025-11-28,75.83433532714844,75.85404460824536,74.72056919138859,75.0458287276595,7320900
2025-12-01,74.947265625,75.71605540663191,74.83884578197437,75.56820948252822,15529600
2025-12-02,75.76533508300781,75.89346419856871,74.67128584168177,75.06553910770337,14619100
2025-12-03,76.63269805908203,76.70169182728387,74.56287749327039,75.489364163444,16088400
2025-12-04,76.6425552368164,76.74111668699481,76.06102989717749,76.57356146971586,12572600
2025-12-05,76.84953308105469,77.06637277354668,76.28772456857831,76.84953308105469,12579400
2025-12-08,77.72673797607422,78.23926197444146,76.99737429848227,77.08607733829828,17454500
2025-12-09,78.36740112304688,78.73207921364133,77.38177165483513,77.65774670277345,15737500
2025-12-10,79.09676361083984,79.65857209831351,77.6676039117551,77.69717159218698,21302700
2025-12-11,78.13084411621094,79.21504253982948,77.69717226651954,79.08690589717128,18652300
2025-12-12,76.68196868896484,78.41667098166475,76.60311653390883,78.31810954772243,16672300
2025-12-15,77.12550354003906,77.57889217924559,76.42570754127969,77.0860774601399,17646000
2025-12-16,76.43556213378906,77.48032687992946,76.26799942262531,76.98751218537184,17737200
2025-12-17,74.9078369140625,77.07621865893567,74.82898475467472,76.78053434086522,26094400
2025-12-18,75.84418487548828,76.69182682313395,75.16410565312594,75.23309941538753,19249400
2025-12-19,77.29306030273438,78.03228239634069,75.68648699307549,75.86390059633123,84881900
2025-12-22,76.98751831054688,78.01257385915144,76.83967238646578,77.88443721572833,18016100
2025-12-23,76.89881134033203,76.99738030749454,76.47499034870505,76.49470715004013,16712600
2025-12-24,76.89881134033203,77.16493552006054,76.73125612776603,76.89881134033203,9104400
2025-12-26,77.03679656982422,77.15506728373191,76.8100985019087,76.9776536931149,10158000
2025-12-29,76.67211151123047,77.1747846080272,76.40598736361522,76.90866046041195,17941800
2025-12-30,76.2975845336914,76.69183032475466,76.06102803534573,76.69183032475466,13952200
2025-12-31,75.92303466796875,76.70168282904636,75.7751887478074,76.22857738848123,13570500
