Price,Close,High,Low,Open,Volume
Ticker,DIS,DIS,DIS,DIS,DIS
Date,,,,,
2021-01-04,172.27198791503906,177.03254693355032,169.41177934026547,176.71258929175139,13426600
2021-01-05,173.00888061523438,174.85104499939192,170.8370534596528,170.8370534596528,7771800
2021-01-06,173.6681671142578,176.08238496759864,171.88417425913659,172.89252833854343,7517800
2021-01-07,173.14459228515625,174.47288909087862,172.17502911733325,174.03658862423023,7300800
2021-01-08,173.25123596191406,174.54075668447038,171.22485259547946,173.3675788019056,7894500
2021-01-11,173.63906860351562,175.74301895603054,171.95203811686548,172.3398574761422,6461300
2021-01-12,170.6334228515625,172.89250674993033,169.53781176584795,171.90354820171328,8349800
2021-01-13,170.75946044921875,172.32045774179542,168.45191016906708,169.09181061636568,6839500
2021-01-14,168.15133666992188,172.9216005760855,168.12225095781747,171.62237465986166,8951200
2021-01-15,166.22190856933594,168.88820722808626,164.99055922814694,167.68594359780758,12232500
2021-01-19,167.01693725585938,168.4228156113957,166.2219031927604,166.86181840080823,7834700
2021-01-20,168.35496520996094,172.4659187909377,167.73444531041363,169.8868769482349,9809200
2021-01-21,166.06678771972656,169.67356409430872,165.81470660761343,167.96713814710154,8416400
2021-01-22,167.5211181640625,169.91594030367446,166.65820756114204,168.70398637854126,9517200
2021-01-25,166.658203125,167.84107130799293,163.6331709425835,166.658203125,7833700
2021-01-26,164.39913940429688,168.0737923418494,163.90466748148518,167.7344392925883,7523200
2021-01-27,158.06787109375,161.2771225893641,155.63427303742134,159.98760189035335,18239200
2021-01-28,166.6485137939453,167.61807691391127,160.8989967994804,161.11230186942163,14449100
2021-01-29,163.0514373779297,164.64152039328698,160.74387228704342,163.66226691242548,12848800
2021-02-01,165.76620483398438,166.50306746598636,162.91568694526165,165.64015689645237,8140400
2021-02-02,171.57391357421875,174.28867874924765,167.54052703651777,168.4810045415673,12215200
2021-02-03,171.06004333496094,172.9991699056831,170.4104377090924,171.61270150891033,5508600
2021-02-04,174.74436950683594,175.85937605141322,171.11821264637877,172.18472327824725,9035400
2021-02-05,175.6460723876953,176.7707692473006,173.87176996116983,176.17933510512543,6640500
2021-02-08,184.2169952392578,184.8375150524999,177.72092520811375,178.25418789004664,16085700
2021-02-09,182.4815216064453,183.4898609643123,180.37755615257123,182.44273078824136,11270800
2021-02-10,183.8582763671875,184.89570130950105,180.1545378012632,184.19761461429397,11464600
2021-02-11,185.09930419921875,185.42895211900625,182.34574840859457,183.42194930066088,17507900
2021-02-12,181.9579315185547,187.94984003624094,180.88171573012545,187.12570536430147,27233800
2021-02-16,180.6781005859375,182.70448403747267,179.2334461531496,181.59918262805715,11630700
2021-02-17,180.76536560058594,181.91914817712282,176.61563628295835,179.7182355679565,11391800
2021-02-18,177.4300537109375,180.72656245230408,177.27492005868606,179.16556521312748,12380900
2021-02-19,178.06027221679688,179.15588334517687,177.22644728962524,178.6614114489923,8834500
2021-02-22,185.92343139648438,188.11465366729846,176.00480413678432,176.20841891555452,18799600
2021-02-23,191.09120178222656,192.88489956594958,182.91779135367955,187.6977306844283,23191400
2021-02-24,191.49842834472656,194.49438997091485,189.38478760336815,191.56630487215995,16205900
2021-02-25,185.16717529296875,191.9347370626117,184.5854462511577,191.71172687527516,12712000
2021-02-26,183.28622436523438,185.77800893874561,179.80549596052563,184.28488809137093,15844000
2021-03-01,189.04542541503906,190.90698495241625,185.56469713620922,187.34868984356734,10709900
2021-03-02,188.03707885742188,191.93472684583153,187.600778400698,190.13133880292793,8371400
2021-03-03,186.40818786621094,190.8197027309622,186.3597215488856,188.70606236965685,8750300
2021-03-04,182.3069610595703,186.62151419271495,178.51596552694983,184.12003944718887,12542600
2021-03-05,184.2073211669922,184.76966960891787,177.7597168888136,183.3928768199229,10266400
2021-03-08,195.76449584960938,196.8407115196456,187.89163314486288,191.30449951744717,25093200
2021-03-09,188.58973693847656,195.56089887002528,188.45399867920466,194.09686373113826,23331000
2021-03-10,189.1230010986328,192.74917290138845,188.75456233738424,191.30451836407877,13662100
2021-03-11,190.76156616210938,192.99156455769236,189.4526498793391,191.37239573331692,11933900
2021-03-12,191.15907287597656,192.37102680505276,189.23932720038104,190.54824336152714,13249100
2021-03-15,190.77125549316406,192.4970768561595,188.88061015666466,192.4970768561595,10311400
2021-03-16,188.32797241210938,190.60643719000473,187.00936579048965,190.13136066234873,9680700
2021-03-17,189.2975311279297,190.21861324133707,185.94283582884535,187.55231434789624,14418700
2021-03-18,186.42759704589844,189.1423767628442,185.9040394663594,189.01632882202438,9644500
2021-03-19,185.3223114013672,188.0952627742465,183.98430943712822,185.10900631157952,28354600
2021-03-22,186.98995971679688,190.35434521105725,186.1561347713591,187.37777907982638,8838500
2021-03-23,182.98565673828125,186.4857804465678,182.24879403972207,185.75860805394063,10701200
2021-03-24,179.09771728515625,184.70179145385563,179.02015045305447,184.2751812744761,13549100
2021-03-25,181.22105407714844,181.9967075652655,175.50062254734996,176.31506684677075,9609200
2021-03-26,180.2611846923828,183.2280456567782,177.01315691524016,183.08261709748825,10196100
2021-03-29,179.2237548828125,180.28057516972055,177.57548568600146,179.60188392098874,7544700
2021-03-30,179.88307189941406,180.6490351658526,177.9730310782139,178.23481730295276,5929700
2021-03-31,178.90379333496094,181.2113435299356,178.80683110397607,180.1739186713223,8478000
2021-04-01,183.21835327148438,183.34440121767844,179.9412250253179,180.7556545368182,7749400
2021-04-05,182.7626495361328,185.83616287502477,182.36512510320642,185.6422532083941,7405300
2021-04-06,183.95523071289062,185.4580567046292,182.15184248167657,182.76267206148876,7926200
2021-04-07,181.85128784179688,184.53698229067282,181.25985364462986,184.02311493183151,6238700
2021-04-08,181.61859130859375,182.32636832393126,179.98002708312353,181.50223366085166,7763000
2021-04-09,182.17123413085938,182.4911917710955,180.48418878989466,182.44271065087293,6089300
2021-04-12,180.8138427734375,182.1324492900795,179.83457449319687,182.0354870543305,6662500
2021-04-13,179.84426879882812,180.7653508057184,178.98135821215166,179.94121623439813,6826500
2021-04-14,181.7543182373047,184.6048215279539,180.05758269092877,180.30966378899222,9089900
2021-04-15,180.2708740234375,183.15047783668805,180.04787863561202,182.36513403204881,7262500
2021-04-16,181.56039428710938,183.70313540703523,180.53265969174907,181.86097129773205,9453500
2021-04-19,181.72520446777344,184.536946330305,179.9993833358287,181.80277129098383,7625800
2021-04-20,177.2264404296875,182.35543774187383,176.28597779162777,181.58947457393185,10765800
2021-04-21,177.53671264648438,177.79849884479927,173.41606917407697,175.77210057583127,8400200
2021-04-22,177.19735717773438,179.25284112993143,175.74301244280576,178.6129258959165,7378300
2021-04-23,177.44944763183594,178.30265312336374,176.4217130843952,176.79984211212076,6075500
2021-04-26,178.66140747070312,179.95092824763597,177.68213921161683,178.36084525847812,6178300
2021-04-27,179.02015686035156,180.15454408101493,178.54506554460937,179.35950991364754,4870000
2021-04-28,177.80821228027344,179.16559497707075,177.25556889456374,179.16559497707075,5199300
2021-04-29,179.6891326904297,179.90243775786837,177.18765809494272,179.17526542642537,5958300
2021-04-30,180.35813903808594,180.64901093830122,177.95361180437504,178.68078415773357,7866300
2021-05-03,179.86366271972656,183.4607486775203,179.61158161535892,181.97731817485317,7542800
2021-05-04,178.6420135498047,179.98001545468495,176.76105863841067,179.24313797925066,7069300
2021-05-05,175.98541259765625,179.37888382641881,175.83998403416777,179.37888382641881,5901700
2021-05-06,176.2568817138672,177.42036935037856,174.33715078459917,177.21675457568114,6944900
2021-05-07,179.21405029296875,179.48552679323416,175.98540320656986,176.46049447921416,6888400
2021-05-10,178.69049072265625,181.27922254651543,178.42870453088005,180.04787320897807,8260300
2021-05-11,176.1405487060547,176.70289714994846,172.99915854186352,176.26659665906763,10865600
2021-05-12,172.4368133544922,176.90650009911116,172.17502715973566,175.20005947475426,8988100
2021-05-13,172.91189575195312,175.24854659047256,170.4492117589001,172.94098146410397,12332200
2021-05-14,168.41310119628906,169.58627901281733,163.64285269847798,167.666533494862,33149400
2021-05-17,164.90330505371094,167.72473741750468,163.43926999897513,167.44355581451447,17771600
2021-05-18,164.51547241210938,166.04738400374077,164.29247702430808,165.07782082886217,10401000
2021-05-19,164.11795043945312,164.24398358256562,162.01400028316067,162.60543436723248,9251000
2021-05-20,166.14434814453125,166.66790575545215,163.8367830276588,164.05979321237785,7400700
2021-05-21,167.15269470214844,167.85078141032795,166.29948912109856,166.97818042228397,8105700
2021-05-24,169.0045623779297,169.7802159121906,166.5224829037832,167.2011741983763,7346700
2021-05-25,170.80795288085938,172.04899263481354,170.06138504947165,170.25530953144516,8089700
2021-05-26,171.09881591796875,172.48528416699168,170.8370297163974,171.24424447753057,8086200
2021-05-27,173.590576171875,174.12383885189723,171.40905913080522,171.8065835644908,13567800
2021-05-28,173.21246337890625,174.65711790304016,172.65982003643452,174.0462883400908,7124800
2021-06-01,173.3966827392578,175.50063315163914,173.29973529386015,174.69589390359934,7475600
2021-06-02,171.61268615722656,173.64877479209034,171.54480963202963,173.59058857290995,7851700
2021-06-03,170.8758087158203,171.58358564735912,170.0807598602175,170.90489442572198,5583900
2021-06-04,171.78720092773438,172.1168636599338,170.2649943945597,170.57524692594927,6343400
2021-06-07,171.60299682617188,172.65012686196306,171.03094329201716,172.5531646238052,5178100
2021-06-08,170.9630889892578,171.72903744428842,169.85778748028997,170.6140456288279,5356200
2021-06-09,170.681884765625,171.9326294725573,170.5267659104739,170.9436709498786,5082400
2021-06-10,171.19577026367188,172.20410941700064,170.2068117211514,171.06972232162101,5253000
2021-06-11,171.98110961914062,173.0573252657255,171.4284515437564,172.04897134394486,5476300
2021-06-14,172.7567596435547,173.4257606022672,171.515719961499,172.24289234368914,10170000
2021-06-15,170.50738525390625,173.26094119626813,170.27468475951326,172.75676418893022,7895000
2021-06-16,169.3439178466797,170.8952101430487,168.26770206614654,170.6528193347697,8336000
2021-06-17,169.33419799804688,170.89519525918524,168.54885421471903,169.276026576224,8906000
2021-06-18,167.17208862304688,168.56826202699446,166.88121669816437,167.87017532502065,12357500
2021-06-21,168.67491149902344,168.95607831819078,166.09586983008552,166.89091875731796,9196900
2021-06-22,168.21920776367188,169.38268059336713,167.10421605070553,169.06272297618798,8097100
2021-06-23,169.99351501464844,170.10985786266227,167.67625959409187,168.3355554586505,9174200
2021-06-24,172.51437377929688,172.8149507997872,170.4298188085272,170.76917184765733,7549400
2021-06-25,172.92160034179688,173.63906763188018,172.0877754090935,173.38698652919686,7431800
2021-06-28,171.19577026367188,173.22215367009292,169.66385873133137,173.0670200174702,9881400
2021-06-29,168.63613891601562,171.6321007789079,168.51010574624877,171.2636619879848,13498300
2021-06-30,170.42013549804688,170.62373549439423,168.0640891226433,168.5973518655833,7481900
2021-07-01,171.86476135253906,172.1944240724496,169.2857345765931,170.0129069505572,5887100
2021-07-02,171.71932983398438,172.93128376968966,169.30511226809,172.44650219540753,11099300
2021-07-06,168.40342712402344,171.6126788069312,166.97816809953574,171.3799783232574,11557900
2021-07-07,167.55990600585938,169.01425069025268,166.75516683850532,167.5986820212585,6757300
2021-07-08,167.54051208496094,168.46159410102996,164.6415129957566,165.0002466202228,6960100
2021-07-09,171.65142822265625,172.1168291178801,168.63608667958812,169.38265433728031,7873300
2021-07-12,178.76805114746094,179.35948523696874,171.97140427069178,172.30106697215768,21835500
2021-07-13,178.06027221679688,180.01879398422054,176.3053652268375,178.48688238340006,12534600
2021-07-14,177.8372802734375,180.61992192175197,176.53806913677977,179.56310158496444,8787300
2021-07-15,178.54505920410156,179.77640862322488,177.4785485497158,177.86636791597235,7867000
2021-07-16,173.85235595703125,179.65033911469607,173.4742269422783,179.3110009085304,8348800
2021-07-19,167.68594360351562,171.10850033477016,166.91999522558496,170.36194736223354,14651800
2021-07-20,171.3702850341797,172.10714769477875,167.6083753159246,168.4131144976317,8372400
2021-07-21,171.5060272216797,172.48528068982847,169.98382074963217,171.12789818008164,6302200
2021-07-22,169.7996063232422,171.34120824582467,168.6070329467295,171.32181283958963,5713700
2021-07-23,170.77886962890625,171.12791298938427,168.73309058723038,170.31348341305593,5126300
2021-07-26,173.29971313476562,173.3384891490944,170.00318973118434,170.27466621456225,5641000
2021-07-27,174.03659057617188,174.0947619997961,171.19577756388148,172.8246366028002,6684100
2021-07-28,173.64877319335938,174.8607271804868,172.14594729044936,174.22081192463708,5926900
2021-07-29,172.92160034179688,175.89815163320867,172.84403351150354,174.33715431016023,6209100
2021-07-30,170.6625213623047,173.74572528679974,169.80930099833145,172.1265564919764,6813400
2021-08-02,170.20681762695312,173.37729333852585,169.97411713994487,171.8259863471907,5847200
2021-08-03,167.72474670410156,170.7691746222256,165.71774373800278,170.66252207628276,9931300
2021-08-04,167.3272247314453,167.9768303230278,166.1249609950826,167.24965789738698,5665800
2021-08-05,171.33152770996094,171.72903739710603,167.23996962829725,167.23996962829725,8864200
2021-08-06,171.73870849609375,173.3675673255871,171.2539269690743,172.0295655768189,5505200
2021-08-09,171.34120178222656,171.91324049251972,169.73172339571673,171.6126782818355,5339000
2021-08-10,171.68055725097656,172.00050007736482,170.23590280475497,170.88550835196122,5185000
2021-08-11,172.66952514648438,173.05735934444945,171.13761335183662,171.96174807744575,5359900
2021-08-12,173.83299255371094,174.2499124538021,171.0794364114603,172.66951958600686,11081300
2021-08-13,175.56851196289062,181.87067297580862,175.3746022752115,180.6199281207105,32504600
2021-08-16,173.63906860351562,175.09341339234385,171.13759379140788,175.01584656161643,8746700
2021-08-17,170.47828674316406,173.01853740688608,169.59598074514972,171.7581023803455,8534500
2021-08-18,169.4214630126953,171.40905555089356,169.18876254053853,170.5461449755557,7063500
2021-08-19,167.97682189941406,169.36329015348144,167.30782093427547,168.703994288589,8478600
2021-08-20,169.78988647460938,169.8771583979064,167.3950644180265,167.7344174230421,6239600
2021-08-23,172.25259399414062,172.88280412834018,170.55585846967753,171.69024558785256,7395900
2021-08-24,173.03793334960938,174.59893058388587,172.34953701637914,172.5046706681436,5886900
2021-08-25,172.88279724121094,173.15427373076145,171.49632908346075,172.73736869122285,4842100
2021-08-26,171.18605041503906,173.49361521732092,170.97274535965042,172.91187146728677,4563000
2021-08-27,174.6571044921875,175.0449238327627,170.91459015763476,170.91459015763476,8697000
2021-08-30,174.50196838378906,175.8690559507813,173.42575271531678,175.00614535493304,6421300
2021-08-31,175.7818145751953,177.41067368192992,173.09612031596674,173.79420701724177,8620000
2021-09-01,177.8954315185547,178.60322322582599,176.24717722528092,176.42170627445694,7302800
2021-09-02,176.32476806640625,179.66006791570308,176.0242058348174,178.55476643488828,6492600
2021-09-03,175.4909210205078,176.28596986343993,173.67784275852392,176.28596986343993,6847400
2021-09-07,178.72927856445312,179.90245655796474,174.5698589034511,175.51033640061416,10702900
2021-09-08,179.51461791992188,181.75432130621766,178.32205934389643,178.72927410657925,8634000
2021-09-09,180.25149536132812,181.8706641057394,178.9522842434451,179.51461787198062,7190700
2021-09-10,178.51597595214844,181.405285009722,178.40932340580363,180.68780289846052,5572200
2021-09-13,179.34979248046875,180.1448413875285,177.91484311979798,179.48553073358138,6818200
2021-09-14,176.84832763671875,179.49524591258225,176.60593682866713,179.33042193843045,6185900
2021-09-15,178.79713439941406,179.03952517384167,175.58788291309017,176.5186552020512,5933400
2021-09-16,177.75970458984375,179.020139645272,176.57683636183444,178.37053410929303,5678200
2021-09-17,177.88575744628906,180.2417888674711,177.1682753686193,177.34280443372168,10035100
2021-09-20,173.17367553710938,175.37458803922948,171.17637780685857,174.2692866353839,8056600
2021-09-21,165.9601287841797,176.68349525500986,163.88526415776553,174.83164081333098,23216000
2021-09-22,168.36463928222656,170.00320341372353,166.43521803395734,167.67625771338558,14214500
2021-09-23,170.88552856445312,171.79692041722808,169.06274485890324,169.61540303129888,8052900
2021-09-24,170.6431121826172,171.32180341992617,169.75111587153117,169.9644209453082,5712800
2021-09-27,172.83433532714844,173.9881179330951,170.60435174301307,171.2539573290585,7755000
2021-09-28,169.2081756591797,172.5822514897035,168.56826038952642,172.33986068704945,9133100
2021-09-29,167.42417907714844,169.6347969529995,167.33692193312262,168.94640051884124,6240800
2021-09-30,164.02101135253906,168.39373623409207,163.95314961888243,167.8314025745569,13978000
2021-10-01,170.65280151367188,171.92294164367746,166.73577297045347,167.0363351742343,12165000
2021-10-04,168.180419921875,170.60432764429453,167.41445679674956,170.21649353209222,7200600
2021-10-05,169.29542541503906,170.87581811362298,168.3258622467024,168.53916732728527,6798200
2021-10-06,170.13893127441406,170.36194144279816,166.3285553338318,167.73441889168217,6005200
2021-10-07,172.30108642578125,174.162646033831,171.93264766779325,172.29138132518537,7780000
2021-10-08,171.36061096191406,173.16399916533757,171.03094821929622,172.51437878081353,4132200
2021-10-11,168.23861694335938,171.14730665291916,168.19982612905648,170.6625250346592,8046300
2021-10-12,167.8604736328125,169.17908011439292,167.29812522801325,168.3355501100142,5188400
2021-10-13,167.69566345214844,168.41313077687465,165.73714157716432,168.34526904356636,8914700
2021-10-14,169.1015167236328,170.66251402550702,168.70399227165666,168.7718687951277,7450200
2021-10-15,171.089111328125,173.4451425624851,168.80094181777469,170.34254359786408,13943900
2021-10-18,165.93104553222656,168.06408161433149,164.63183439427797,167.11391382031718,20494800
2021-10-19,165.96981811523438,166.35765226400025,165.00025493485975,166.2219140105222,9669500
2021-10-20,165.3590087890625,165.81470468231635,164.7094032122531,165.76622356283733,9737600
2021-10-21,166.1249542236328,167.24965108009323,164.92270533063606,165.0196527734866,7509000
2021-10-22,164.26339721679688,165.6013991804169,163.46836307788737,165.37840378460038,7854300
2021-10-25,166.77456665039062,167.31753448900636,163.88527235382816,164.72878763369832,9798700
2021-10-26,166.80364990234375,167.85077995553735,165.51414383844823,167.6859559834181,5850200
2021-10-27,164.3894500732422,166.80365306910824,164.27309242443786,166.5418816466106,7054700
2021-10-28,164.51547241210938,165.1650927583148,163.46835720227725,164.32156273600566,7884500
2021-10-29,163.92405700683594,165.27174926044336,163.03204584553174,163.87557588805805,7598800
2021-11-01,165.00994873046875,166.03768326415968,163.9434233873787,164.059781021217,8182900
2021-11-02,164.6609344482422,165.64989314125157,163.83679973834077,164.85484414634792,6777200
2021-11-03,164.90330505371094,165.00995759374862,163.24534553028124,164.53486631642437,6829300
2021-11-04,165.0972137451172,165.23295199577888,163.53621646532804,164.85482295505278,7505500
2021-11-05,170.2843780517578,171.60298450649344,167.08481674893585,168.2192038410132,16859200
2021-11-08,171.48663330078125,173.79419838169008,170.74008031113655,173.2512453730903,10584600
2021-11-09,169.78021240234375,171.72902910675063,167.93804824162245,171.56420513821115,7293300
2021-11-10,169.14027404785156,171.48661489423262,168.57792569377304,169.37297450985733,11045800
2021-11-11,157.17588806152344,158.9695858663752,153.51094041627914,157.93214616010656,62366500
2021-11-12,154.77139282226562,158.6302505766715,154.09268668331418,158.5429934311589,25638400
2021-11-15,153.60789489746094,155.82820297134006,152.8613418648773,155.21737340435274,21285300
2021-11-16,153.99571228027344,155.36279983149873,153.7242357899483,154.21870765567783,15516200
2021-11-17,152.5413818359375,154.0538980787334,151.97903339796147,153.89876441425162,14695500
2021-11-18,150.8446502685547,152.51230022063652,149.03157174858936,152.3086854312387,14487700
2021-11-19,149.31272888183594,150.48590683256873,148.12017031955114,150.30168746230524,16776500
2021-11-22,149.4678497314453,151.07732801392928,147.92624796665632,148.56614836331298,12790400
2021-11-23,146.43310546875,149.55509965647266,145.61867606178532,149.15757525746918,17382900
2021-11-24,146.73370361328125,146.80158014434537,144.27101938541185,146.1034933974422,14123700
2021-11-26,143.60198974609375,144.31947175813536,141.4107824902739,142.33186446622497,12027700
2021-11-29,143.31114196777344,144.75579653979554,139.85949915638437,144.2807052201574,21231300
2021-11-30,140.4897003173828,142.79726544384587,138.75418871675032,142.25431242452754,26011100
2021-12-01,137.8234100341797,143.8540946311719,137.71675748493277,142.23492577941317,16469000
2021-12-02,142.71969604492188,143.15599651371096,138.4245382916847,138.49240002069814,18177700
2021-12-03,141.76953125,143.8056198728429,139.92736710122614,143.31113317607122,14975600
2021-12-06,145.793212890625,146.15196133292196,142.2058320281774,142.79726616887208,14333900
2021-12-07,146.21983337402344,148.110478778623,145.16301296765258,147.21848235169298,14661100
2021-12-08,148.6728057861328,148.983073086902,145.97742148672702,146.31677449764842,12886300
2021-12-09,148.28501892089844,149.59392054740397,147.0827550587261,147.63541326133867,11862300
2021-12-10,148.06201171875,149.95265711399995,146.8403525446183,148.90552701947047,10247900
2021-12-13,145.85140991210938,147.85841317917996,144.7461082676592,147.48997436624228,10195800
2021-12-14,144.56185913085938,147.00514740646702,143.9995107769743,144.71697797778486,10872000
2021-12-15,145.82229614257812,146.32647313786705,142.8651402833588,144.23221312146072,12231500
2021-12-16,144.22251892089844,147.431770588276,144.057694960312,146.74338903490673,11145600
2021-12-17,144.23223876953125,145.27936896394016,142.10890745809496,143.98984793178,13785000
2021-12-20,142.01193237304688,143.2335767589548,140.66424002870198,142.50640431140837,11201900
2021-12-21,146.4525146484375,146.820938579945,142.9039100201096,143.06873397790284,10781400
2021-12-22,147.2572479248047,147.56750042281658,145.30841663120356,145.84167929349138,7820400
2021-12-23,148.95401000976562,149.49696307425225,147.3057406141094,147.68388449226413,6572400
2021-12-27,148.1492462158203,149.33211439395984,146.79184898475646,148.22681303996902,7762000
2021-12-28,150.47622680664062,151.7366621024665,147.77115160839088,147.9747516241327,12198700
2021-12-29,150.15625,151.1742943320942,149.4872490162135,149.85568777119403,8737000
2021-12-30,151.18399047851562,152.28930678615575,150.77677568881927,150.97070017431756,7228400
2021-12-31,150.17562866210938,151.80450237071298,150.03020011418,151.12579636208545,6410200
2022-01-03,151.98870849609375,152.76436194653004,150.63132605359948,151.08702190094235,10222800
2022-01-04,150.9900665283203,155.44037266947606,150.81555226108583,153.76301775335946,16582000
2022-01-05,150.46653747558594,154.5290102473786,150.37928032541612,151.7560584963137,12272100
2022-01-06,152.12445068359375,152.9679806751996,149.00245619057205,151.4845502551789,11095300
2022-01-07,153.02613830566406,154.45139717596174,151.53300292041976,152.12443697404234,9554600
2022-01-10,151.83360290527344,153.45277167253752,149.94294283143472,153.17159005994105,8672900
2022-01-11,153.08432006835938,153.404277672537,151.2033652528443,151.85297076640768,8042600
2022-01-12,152.9970703125,154.15085284531884,151.5718112771779,153.6757615687582,6995600
2022-01-13,150.7089080810547,153.70485485629678,150.44712187132308,152.9001156147963,9680600
2022-01-14,147.3154296875,147.9747255385429,143.90256320357724,147.71295413587814,16832000
2022-01-18,147.63540649414062,148.46923151635102,145.2696696965036,146.5107095256965,10419500
2022-01-19,145.54112243652344,148.20742105135963,145.395693884367,146.24889938095026,10413200
2022-01-20,143.1269073486328,148.0135139053713,142.67121148496665,146.3167783942959,11760400
2022-01-21,133.1986083984375,137.55193806567314,132.47143593702987,136.93141815704644,34491800
2022-01-24,133.27615356445312,133.48944384097052,125.32572411038241,130.71650750829335,31419500
2022-01-25,132.3550567626953,133.55732036271007,128.35077111978885,131.17218856758575,14694400
2022-01-26,129.5336456298828,133.99362734215788,128.2344197363619,133.51855085651417,14569900
2022-01-27,131.29824829101562,133.71246601297702,129.9408657130216,130.9589100436974,11913900
2022-01-28,134.41055297851562,134.46872440420924,129.49486038635692,131.09464856473426,10011700
2022-01-31,138.61843872070312,138.7929529788337,134.25540473513135,134.63353375543988,10185500
2022-02-01,140.09219360351562,140.286103286733,137.92036668614364,138.6669345006091,8573300
2022-02-02,138.2790985107422,140.18913919360756,137.07684961408074,139.80131983230265,9529900
2022-02-03,135.76792907714844,137.71674571664343,135.01167099051693,135.7388433656903,9820600
2022-02-04,137.69735717773438,138.83174424237268,135.28313970518064,135.77761156586124,8061100
2022-02-07,138.17242431640625,139.70433570393152,137.29982349302153,139.02564453081476,10937500
2022-02-08,138.1433563232422,138.54088077360026,136.4563258757829,137.47435536882492,9231700
2022-02-09,142.74879455566406,142.86515220697126,138.88993692522385,139.9758430416827,22877400
2022-02-10,147.5287628173828,152.70622755330498,146.51071834148826,151.27127793840023,42500300
2022-02-11,144.92059326171875,149.98171367085146,144.03828731734066,148.8667072636959,17975200
2022-02-14,146.25860595703125,149.05093774713626,144.66852299517996,144.8236418542595,14694700
2022-02-15,150.01080322265625,150.13685115918483,147.86806227346398,148.86671107763684,12726000
2022-02-16,151.59121704101562,151.95964100852436,149.070346723396,150.26290535476213,10656400
2022-02-17,148.294677734375,150.63132842768698,147.9650298209107,149.98172290608642,8110300
2022-02-18,146.75308227539062,149.002461140899,145.4829568874305,148.2559081505523,10785500
2022-02-22,143.58261108398438,146.20042877143212,143.11722488928174,145.61869972664394,12227200
2022-02-23,141.43017578125,145.1823953333924,141.07144214024322,144.9496948451296,9300700
2022-02-24,144.8527374267578,145.01757619123387,135.73884918494164,135.73884918494164,12475500
2022-02-25,144.97879028320312,145.70596271415386,142.73910156297262,145.00787599689227,10149500
2022-02-28,143.94134521484375,144.93028893094677,142.00221900299778,143.33051572391742,10834700
2022-03-01,141.2653350830078,143.64076162449723,139.40377578049686,143.359594846217,8944000
2022-03-02,142.85545349121094,143.95106475762677,141.47867537648796,141.85680447282482,7851000
2022-03-03,141.13934326171875,144.1255853458885,140.0534222549308,142.82637401397065,8048400
2022-03-04,136.4369354248047,139.86918266183275,135.30254824999813,139.62679186052296,12913000
2022-03-07,129.43667602539062,136.60174686303677,129.3785046055104,136.0103127703224,14549700
2022-03-08,127.73995208740234,131.366123795208,125.35482009678311,128.97130149852154,16552000
2022-03-09,129.5821075439453,131.3758052679302,129.30094074329594,131.3661149625145,14673100
2022-03-10,129.57241821289062,130.1153712074409,127.61389651595466,128.33137856981583,8447200
2022-03-11,127.73995208740234,132.01572936636342,127.56543781202943,130.96859933104474,7058400
2022-03-14,125.10273742675781,129.0197810056059,124.47252726997118,126.99338269147793,9971500
2022-03-15,130.11537170410156,130.46441502969614,125.56811816584647,125.7911283421705,9834800
2022-03-16,133.93545532226562,134.74988483204922,130.83285614616634,131.52123771002158,10638700
2022-03-17,135.22496032714844,135.22496032714844,132.40352828931617,133.25674851104478,6816000
2022-03-18,136.02972412109375,136.44662920867978,134.09059766119037,135.30255169863,11308800
2022-03-21,134.40084838867188,135.06015906921272,132.7138178597045,134.67232490584735,9090300
2022-03-22,135.84548950195312,137.8621825693551,134.67231161579306,134.82744526582994,8511600
2022-03-23,133.45065307617188,135.5061219381417,133.353690856723,134.83713588363162,8761300
2022-03-24,134.73052978515625,135.03109205691436,133.22770363200308,134.36209097752365,5858800
2022-03-25,134.905029296875,136.10729304646094,133.9160706447053,135.0407675593798,5949400
2022-03-28,134.49781799316406,135.3801241194794,132.13208124735038,134.65295166700528,8456100
2022-03-29,138.04641723632812,140.0631105273449,136.66963922689914,136.66963922689914,11280700
2022-03-30,136.66964721679688,138.90933603892867,135.81642679146603,137.00898549006317,7922400
2022-03-31,132.98529052734375,136.5920667732527,132.93680940903138,135.87458468756623,12306500
2022-04-01,132.8301544189453,133.8966798247246,131.40489537411295,133.15980234641896,10341000
2022-04-04,134.36207580566406,135.02137170870498,132.72351156014753,132.80107839480428,8174600
2022-04-05,131.49217224121094,134.96321068938468,131.01709568454777,133.54765653222708,8694100
2022-04-06,128.53500366210938,129.85359544370286,126.82856292007413,129.6790811647369,11679700
2022-04-07,127.85630798339844,129.15553405263543,126.06262475015322,128.96160955662023,9858700
2022-04-08,127.85630798339844,129.06826211168382,126.65405895653096,127.98235594693593,6702000
2022-04-11,126.67342376708984,128.39924504690885,126.08198963449838,126.08198963449838,9915300
2022-04-12,126.8576431274414,129.15551792795378,126.18864216505276,127.79812059712401,7885600
2022-04-13,128.32171630859375,128.84527401222908,126.77040901853766,127.06128098471852,7694500
2022-04-14,126.49889373779297,129.52392575357337,126.38255090468087,128.76766774962826,7283500
2022-04-18,123.8810806274414,126.2565147872128,122.95999859227646,126.11108623221398,10571000
2022-04-19,127.88536834716797,129.1361130444558,123.9004707687309,124.19133526355037,12767200
2022-04-20,120.77848052978516,123.47386488605633,120.33248237128947,122.21343723739803,36465700
2022-04-21,117.95706176757812,122.60126295869337,117.58862301955386,121.71896429842604,18688600
2022-04-22,114.67022705078125,118.18004821132281,114.55388421047154,116.35727220706795,19472800
2022-04-25,116.29910278320312,116.66754153308821,113.19650350468761,114.07880956659119,16491000
2022-04-26,112.24633026123047,115.52345866549622,112.12028970613575,115.52345866549622,16116000
2022-04-27,111.703369140625,113.34193322413432,109.93876451114562,111.91667421625104,15553000
2022-04-28,111.78093719482422,112.4693261482424,109.26007446748923,111.71306806975988,23192100
2022-04-29,108.23233795166016,112.45963411881621,107.9705591409715,111.693678298918,16907000
2022-05-02,110.04541778564453,110.20055144065826,107.63120760763677,108.30989885537234,14300700
2022-05-03,110.0938949584961,111.33493456543191,109.26007008561494,110.57867651727912,11149500
2022-05-04,112.65354919433594,112.89593999136503,108.42625310237426,109.91938129973504,11488300
2022-05-05,109.18251037597656,111.76154459023664,108.08690664471442,111.2476772879882,12720200
2022-05-06,106.93312072753906,108.67832995966168,105.00369212977347,108.36807004747234,12525200
2022-05-09,103.72386932373047,107.36942145167137,103.2390877474126,104.81947302322412,17941600
2022-05-10,104.4025650024414,107.33064259290683,102.90943679635396,106.49681765447903,15657700
2022-05-11,102.00773620605469,106.71981361824025,101.60052146603363,104.61586339761845,26933300
2022-05-12,101.1351318359375,101.8041327899404,96.44244964655233,99.76805161357758,36298800
2022-05-13,104.06322479248047,104.4122681522245,102.10470289645221,102.15318401754242,16782600
2022-05-16,101.9786605834961,104.34439722613827,101.65870294303768,104.18926355906254,11993600
2022-05-17,105.33333587646484,105.4787718226739,103.06456174544974,104.45103729124102,11847600
2022-05-18,101.12545013427734,104.38318325250779,100.71822794661311,104.11169932833812,11794000
2022-05-19,100.00074768066406,102.09500773963386,99.82622600908324,100.28192189583206,11285000
2022-05-20,99.30265808105469,101.61022315950078,97.00479810269746,101.30965354676388,15650400
2022-05-23,102.60887145996094,102.80278113396177,98.4688326057061,100.60187600561474,14402400
2022-05-24,98.49791717529297,100.67943426982357,97.08235585939248,100.55339372290209,13970200
2022-05-25,100.1170883178711,100.65034358744317,98.08100727631157,98.3427860599663,11026600
2022-05-26,102.39556884765625,102.89973845051522,100.79578810847016,101.04787660848969,11297800
2022-05-27,105.99264526367188,106.04112638095931,103.28756313642768,103.63660646879337,13671300
2022-05-31,107.07856750488281,107.85421366518213,104.62557367033503,106.65195730855083,20274600
2022-06-01,105.86660766601562,109.41520511441774,104.97460390444807,108.6007755809806,11829700
2022-06-02,107.49546813964844,107.57302756909637,104.62556212904244,106.09929484906941,8829900
2022-06-03,105.36243438720703,106.50651929404286,104.63526196499393,105.84721600201577,6767600
2022-06-06,104.54800415039062,106.83617394929813,104.37348247429834,106.40956376392137,7575900
2022-06-07,104.50921630859375,104.63525685930891,102.77369732460161,103.53965312628618,7279100
2022-06-08,104.0728988647461,106.0314204552669,103.70446755234545,104.16016338966007,7019500
2022-06-09,100.15587615966797,103.80142827062973,100.10739504339006,103.2875609856749,8261200
2022-06-10,96.37458038330078,99.01179338393722,96.35518497751909,98.34279243088726,15369700
2022-06-13,92.79690551757812,94.63907732581967,91.9436924493272,94.63907732581967,15239700
2022-06-14,91.35224151611328,93.33984154269349,90.26632812109212,93.33984154269349,12443700
2022-06-15,92.96171569824219,94.33850104551563,91.22619670600615,91.7303737056218,11751600
2022-06-16,91.41043090820312,92.4769491073936,90.56691553293982,91.14865206002723,15298500
2022-06-17,91.46858215332031,93.0489747897568,90.625066964233,91.1486319422077,15403800
2022-06-21,90.4505386352539,92.54479099554679,90.43114323165929,92.01153575156059,16649800
2022-06-22,90.6541519165039,91.73036757381111,89.20950493578273,89.36463118878562,11403500
2022-06-23,91.4298095703125,91.76915519919045,89.26768045401025,91.10015424713112,11348800
2022-06-24,94.80388641357422,95.56984221227823,92.49632871164643,92.54480243226516,11681200
2022-06-27,93.66950988769531,95.24020507794874,92.88416599115904,95.23050737385373,10793700
2022-06-28,93.00050354003906,97.34415007891879,92.86476527918474,96.70423479445088,16812400
2022-06-29,92.73872375488281,93.27197908919871,91.65281028219061,93.02958828346048,8653200
2022-06-30,91.52677154541016,92.5351182049851,89.72338332309852,91.54615955549522,10983500
2022-07-01,93.21379852294922,93.37862247936631,91.11954601325418,91.37162710053457,10543400
2022-07-05,94.22215270996094,94.27063382916133,89.50037723100014,91.39102992211178,10660600
2022-07-06,93.15563201904297,95.20141091862595,92.49632876139755,94.56149566980245,8640200
2022-07-07,94.46453857421875,94.56149341037175,93.01019384038423,93.95067128514599,7813100
2022-07-08,92.94231414794922,94.16396565668052,92.44783492345672,93.63070302270047,7717300
2022-07-11,90.7898941040039,92.43814852427359,90.58628672718329,92.10850059909161,7643700
2022-07-12,90.75111389160156,92.35089464841165,90.46993967640148,90.73172588239267,8665300
2022-07-13,90.1112060546875,90.41176827918822,88.23994878530074,89.31616452763707,12006400
2022-07-14,89.044677734375,89.23859480614337,87.48368784042421,88.6956417995518,11146400
2022-07-15,92.30241394042969,92.41876418774142,89.87850593362029,90.08212071571086,14946700
2022-07-18,92.78719329833984,94.30940719392414,92.40906425019458,93.42710854731186,10430400
2022-07-19,96.57817840576172,96.81087147234248,93.73735830267664,93.73735830267664,13683400
2022-07-20,100.204345703125,101.0866516817937,96.90782965745102,97.19870154863793,15112700
2022-07-21,101.00909423828125,101.07696336623708,98.51731711593125,99.58383515402865,8611300
2022-07-22,99.59353637695312,101.38722687675963,99.00210221364465,100.13648941978828,7803500
2022-07-25,99.56444549560547,100.24313676392165,98.71122516151652,99.65170263131182,6726700
2022-07-26,96.74301147460938,99.24448621704067,96.52970639464053,99.03118113707181,6346600
2022-07-27,100.34979248046875,100.49522844176056,97.74166507209125,97.89679873671724,9684800
2022-07-28,101.7071762084961,101.77504533330513,99.58383053675945,100.10739552693478,7970300
2022-07-29,102.87064361572266,103.10333668893125,100.22374049037893,101.93986392570886,10320000
2022-08-01,102.98699951171875,103.40391196427242,100.69882987405394,101.67809073185299,7769700
2022-08-02,101.52294921875,103.12272978017974,101.43569209219638,102.5215980075975,9093000
2022-08-03,105.7017822265625,106.36108553223966,102.51192564459772,102.51192564459772,11243000
2022-08-04,104.82917785644531,106.11869131530693,104.38317966355763,105.60482399300548,7322400
2022-08-05,103.384521484375,104.42195381380594,102.1628771767925,103.55904315648395,10100000
2022-08-08,105.7890396118164,107.8445162251494,104.61586904668495,104.91643126666655,13025900
2022-08-09,104.8388671875,105.89569493246181,103.7723491364123,105.89569493246181,8776500
2022-08-10,109.00799560546875,109.24068871236281,106.56469949012993,109.05647672644606,26398700
2022-08-11,114.10789489746094,119.51805190895797,113.75885155514756,118.49031728835756,50375000
2022-08-12,117.86978912353516,117.90857253629976,115.30044535602266,115.37801218155185,21964800
2022-08-15,120.4779281616211,122.12618268185484,117.30745227997878,117.3171499834193,24628300
2022-08-16,121.15660858154297,122.63034869061845,119.69256617503737,120.93361320269345,14607300
2022-08-17,119.07205200195312,120.69122813758175,118.83935890950771,119.69257184659426,9140900
2022-08-18,118.93631744384766,119.38231563371777,118.00553764796479,119.26597278247007,7343900
2022-08-19,116.48331451416016,117.69526843360762,115.84340669122533,117.55953018640388,8702500
2022-08-22,112.41114807128906,114.61205305138017,112.16875729652584,114.11757379965297,11575800
2022-08-23,111.36402893066406,112.828071423185,111.1313358355735,112.44994236972026,7180700
2022-08-24,112.86685943603516,113.59403186034615,110.62716333907464,111.17981408566378,7840500
2022-08-25,113.8848876953125,114.18544990731185,112.57597891093938,113.45827753852902,6920900
2022-08-26,110.59807586669922,114.76720065864859,110.42355419175297,113.89459228391729,7807400
2022-08-29,110.07450866699219,110.98590044005749,108.988602619609,109.11464317234308,6882700
2022-08-30,109.00799560546875,111.25738203125928,108.0578203734489,110.80168612392224,8060000
2022-08-31,108.66863250732422,110.28780108641268,108.4456297426763,109.43458823330016,7353000
2022-09-01,109.10493469238281,109.16310611140959,106.68102693720793,108.38746006806129,7718700
2022-09-02,107.81541442871094,110.42354155095762,107.46637111877534,109.60911209256088,8465100
2022-09-06,106.73921966552734,108.37778400224404,105.21700558727166,108.36808629807706,9537300
2022-09-07,109.26008605957031,109.52186488482651,106.5259179641826,106.5259179641826,8193900
2022-09-08,108.91104125976562,109.5509491559517,107.00100048052234,107.6893894979079,8443300
2022-09-09,111.67428588867188,112.01363151773975,109.74485725724603,109.82241668876159,9563100
2022-09-12,112.84745788574219,113.91397590390278,111.76154446156812,112.60506709083387,7923400
2022-09-13,108.35838317871094,110.3556809644538,107.7863370553929,109.6091205698503,10504600
2022-09-14,109.07586669921875,109.30855981029984,106.53560829621637,108.44564910107603,8610400
2022-09-15,107.39849853515625,110.92771493264645,107.34032711776868,108.96919337923369,9739800
2022-09-16,104.95521545410156,106.24473627380313,103.70447804971208,105.88599523005138,15978800
2022-09-19,105.84720611572266,105.89568723154748,103.78203929251218,104.25712315944065,7979500
2022-09-20,104.2958984375,105.11033525731608,103.60750955012473,104.98428732487527,6957400
2022-09-21,101.30966186523438,104.75161435970216,101.30966186523438,104.12139676811475,9776400
2022-09-22,99.05056762695312,101.47447532263409,98.91482199059008,101.03816749910398,10953400
2022-09-23,96.4715347290039,98.10040113890845,95.0365779928485,97.5574481346669,11976900
2022-09-26,95.133544921875,97.59623636536196,95.07536609913514,95.93827676511053,9760500
2022-09-27,92.93262481689453,96.6072699785581,92.52541007636518,96.5006174421557,13360200
2022-09-28,96.37458038330078,96.83027625583163,92.54480143120745,92.87445675487697,12895500
2022-09-29,94.48393249511719,95.59893167359982,93.30107158454273,95.53106254432767,9435100
2022-09-30,91.45890808105469,94.51303396272827,91.41042695706743,93.56285867171702,12094900
2022-10-03,94.17366790771484,94.80388544677149,91.62371943715756,92.81628538935276,9468400
2022-10-04,98.35249328613281,98.43005272020572,95.24019630460965,95.67649678534293,10229000
2022-10-05,97.73197174072266,98.1391865019905,95.6958831400234,96.99510165091893,7562800
2022-10-06,96.99510192871094,98.37187987628147,96.83027796256096,97.37323097913973,6728200
2022-10-07,94.20276641845703,95.79284951444721,93.51437001972315,95.51167529175402,7051000
2022-10-10,92.26363372802734,94.76510105549436,91.54615166465493,94.61966510226048,9532300
2022-10-11,90.26632690429688,92.16666977208232,89.83002644992838,91.92427898694876,8900900
2022-10-12,90.56690216064453,91.20681002680325,89.39372417785654,90.32451136038226,6156200
2022-10-13,93.6985855102539,94.01854313629804,87.94907553323024,88.78290046324703,11025400
2022-10-14,91.57524871826172,95.10445846110629,91.45890585900844,94.50333396248226,8202100
2022-10-17,94.36758422851562,94.98810405973562,93.33015194220908,93.44649478732542,7083800
2022-10-18,95.48258972167969,97.31506362647795,94.66815276555802,96.83028201362804,8533500
2022-10-19,95.97704315185547,98.7693894381505,95.50195933399291,97.38291399660233,11731000
2022-10-20,95.5892333984375,97.68349348433122,95.12384719969239,95.2401974479688,8212400
2022-10-21,98.93421936035156,99.18630783692144,94.91053102613654,95.3565291633421,10193400
2022-10-24,98.62397003173828,100.04922912137086,97.0726703889063,99.01179679174132,8221500
2022-10-25,101.18360900878906,101.54235003047722,98.92452513676564,99.05057307807265,7687500
2022-10-26,101.44538879394531,104.16016854799453,100.37887081813302,100.37887081813302,9203700
2022-10-27,101.26117706298828,103.61721579731874,101.13512912015226,102.58947383524068,8673500
2022-10-28,102.72521209716797,102.86095034548651,100.37887106517051,100.9121337529789,7250900
2022-10-31,103.29727172851562,103.64631509767611,101.62962171967791,102.44405871344594,8814800
2022-11-01,102.77369689941406,105.52725277512931,102.42465356345298,104.42195134364587,7955800
2022-11-02,98.7209243774414,102.85126566598028,98.69183866509356,102.24043611795472,9583200
2022-11-03,96.22914123535156,97.6350048234949,95.560140304502,97.15022325555861,8978400
2022-11-04,96.54910278320312,98.08101437568288,95.12384373179349,98.07131667271834,11035800
2022-11-07,97.37323760986328,98.46884142068883,95.97706416109543,97.80953811401295,11355200
2022-11-08,96.8593521118164,98.86634736957316,95.06566191287483,97.67378153946069,27130300
2022-11-09,84.10960388183594,88.32720213595601,83.65390801443168,87.7939468378373,62029800
2022-11-10,87.70669555664062,87.74547897644662,84.94344162079645,87.01830649874127,36968100
2022-11-11,92.11820220947266,92.6708529406227,88.32720652599166,88.79260011930864,22373300
2022-11-14,91.41043090820312,93.67921298017968,91.34256176999594,92.93264506271946,20598000
2022-11-15,92.60297393798828,94.22214254291356,90.84805969338561,93.07805778673114,15801900
2022-11-16,91.09046936035156,92.32181889761499,90.86747394307709,92.32181889761499,11137700
2022-11-17,88.66654205322266,89.46158349500544,88.08480567582686,89.31615494854101,12306400
2022-11-18,89.00590515136719,90.32451170154894,88.14299449094857,90.03363978126347,10011700
2022-11-21,94.60997772216797,97.81922950944681,93.3883260332795,97.07266910895835,70273500
2022-11-22,93.28167724609375,94.69723867082462,91.79824669131348,94.04763308361161,25753700
2022-11-23,95.87041473388672,96.31641295628329,92.86477003684328,93.07807514259399,15503200
2022-11-25,95.86071014404297,96.77209446393745,95.09475437714568,95.80253132566438,6664300
2022-11-28,92.77749633789062,96.112788405306,92.52540785814858,95.22079211967046,13660000
2022-11-29,91.80794525146484,93.49498321213517,91.06137741677466,93.0780707244613,13205300
2022-11-30,94.89115142822266,94.95902055517766,91.01289869438234,92.06002131066239,15368100
2022-12-01,95.5892333984375,95.83162420112815,93.64041667077447,94.89115410031985,13855700
2022-12-02,96.40367126464844,96.65575977306982,94.05733004747044,94.49363053761714,12608100
2022-12-05,93.01020050048828,96.14189297301957,92.75811199069551,95.24988918387142,10764500
2022-12-06,89.4809799194336,93.07805815418916,89.18041772374146,92.81627937038947,11492400
2022-12-07,89.34524536132812,89.9657651828409,88.48233475337506,89.83972463687665,10353400
2022-12-08,89.73307037353516,90.5862832624133,88.87985008747738,89.68458925830747,9351200
2022-12-09,90.53779602050781,92.02123371824348,89.10284683189826,89.55854265435505,10111900
2022-12-12,91.77885437011719,91.77885437011719,89.79124688789935,90.87716031485846,14140700
2022-12-13,91.817626953125,94.42575418255907,90.7220232612992,93.5531458718581,22882100
2022-12-14,91.28437042236328,92.5641934616292,89.80094001289366,91.6624994523387,11505400
2022-12-15,87.73576354980469,90.2857192574029,87.37702993412913,89.65550175792436,15957700
2022-12-16,87.33824920654297,88.30781234410092,86.10689987942375,87.44490174344872,26383900
2022-12-19,83.16912841796875,86.7371212171619,82.81039477547287,86.71773320831619,19225300
2022-12-20,84.37138366699219,85.16642516926444,83.14973940066794,83.45999931869662,14918400
2022-12-21,84.27442932128906,85.4185141626664,83.84782655474801,84.53621552072877,11004800
2022-12-22,84.03204345703125,84.09022228097503,82.11231240203608,83.41152358095398,15487400
2022-12-23,85.33126068115234,85.38943210699405,83.15943375211162,83.4406079723137,11171600
2022-12-27,83.74118041992188,85.26339442388867,83.34365593746621,84.75921739234394,11561400
2022-12-28,81.6081314086914,84.05143477439508,81.51117656974317,83.4600006404768,12399500
2022-12-29,84.5265121459961,85.55424667452971,82.38377856257779,82.65525504957311,13045100
2022-12-30,84.23565673828125,84.46835725596772,82.63588321297708,83.12066486238584,23231000
2023-01-03,86.26203155517578,87.23159467051384,85.15673019546476,86.27172925753943,14997100
2023-01-04,89.18042755126953,89.9269879702253,86.64016927122815,87.2606891355286,14957200
2023-01-05,89.12223815917969,89.66519852393662,87.75515803804926,88.87015707976406,11622600
2023-01-06,91.06136322021484,91.80793093851435,88.54050067720183,89.8397190583818,9828100
2023-01-09,91.88549041748047,92.78718438346559,90.60566743968023,91.5558425188434,11675800
2023-01-10,92.65145874023438,92.72902557299368,90.96442081221132,91.41041900480683,6914600
2023-01-11,93.39802551269531,93.61133060180028,92.15698579119031,93.00050104714875,8757300
2023-01-12,96.7720947265625,97.56713620621684,94.60027536214714,95.50196937907535,19764300
2023-01-13,96.37458038330078,96.5684900580382,95.02688817148994,96.35518497751909,12230200
2023-01-17,96.86906433105469,97.91618698107077,95.9867582550336,97.26658140254683,14914200
2023-01-18,96.0255355834961,98.05191902309912,95.7152756703499,97.22779182229013,11384500
2023-01-19,96.06431579589844,96.42304941644325,94.16397296656031,95.13353608747852,10973600
2023-01-20,100.33040618896484,100.43705133874599,96.27763159596728,97.28597084458124,14549900
2023-01-23,102.47312927246094,102.72521035954294,99.78743526791662,100.14617628793586,11479100
2023-01-24,102.77369689941406,105.13943342155478,98.89544418622863,101.5132618087568,8606700
2023-01-25,104.82917785644531,104.86796127285037,101.00909640812088,101.76535453506868,10008000
2023-01-26,106.361083984375,106.41926280859258,104.29591695557221,104.87765341748478,9204400
2023-01-27,106.2059555053711,107.21430213707525,105.8375241464943,105.9344789886008,10249700
2023-01-30,104.3153076171875,105.65330965049651,104.20866246396871,104.96492062339695,8548500
2023-01-31,105.18790435791016,105.41090713777479,104.17955779151058,104.30560573554791,8251700
2023-02-01,106.06051635742188,106.5937790687581,103.64630609474895,105.19760571339059,9975500
2023-02-02,109.76424407958984,110.07450399383886,106.35138502285065,107.30155277397209,13093200
2023-02-03,107.34034729003906,109.69638630033161,107.0106993333204,108.0772174365369,12472500
2023-02-06,106.52590942382812,107.06886243841862,105.22669091396939,106.81677393999588,11956500
2023-02-07,108.23233795166016,108.70742924825767,105.5466511275646,105.97326130502188,10844000
2023-02-08,108.37776947021484,109.88059533580835,106.93312242464128,108.78498422445492,27719900
2023-02-09,107.00099182128906,114.58297549980205,106.46772911997206,114.44723724804498,46137200
2023-02-10,104.77099609375,106.39986255116065,103.94686886051046,105.64360444543073,15566000
2023-02-13,104.3831787109375,104.99400087008695,103.30696295635495,104.80978149313924,12341500
2023-02-14,104.3831787109375,105.13943683098357,102.5991785584876,103.56874176822465,10768100
2023-02-15,105.91508483886719,105.9441705521263,103.45239335479766,103.83052242152681,8156000
2023-02-16,102.60887145996094,104.73220975983567,102.48282351439849,104.27652128621574,9479900
2023-02-17,102.01744079589844,102.57978922561402,100.71822226507899,101.83322142132742,9492200
2023-02-21,98.98270416259766,100.57279462604754,98.73062305497506,100.39827295305794,10648200
2023-02-22,98.5851821899414,99.43839510589811,98.01313608025394,98.24583656411656,9885100
2023-02-23,98.6336669921875,98.94392691841745,96.57819035767658,98.36218308420369,10974800
2023-02-24,97.24718475341797,97.37322529714606,95.94796631461445,96.50061700200634,8523000
2023-02-27,97.39261627197266,98.38157483565233,97.01448723208921,97.66410016987089,6641200
2023-02-28,96.57817840576172,97.68347971849441,96.53939499513505,97.39260783738403,8233700
2023-03-01,95.54076385498047,96.5975842502885,95.11415365648811,96.17098144897673,7898300
2023-03-02,95.90919494628906,96.2679360118923,94.4548500708097,94.76511001502473,7776600
2023-03-03,98.06161499023438,98.10039840333869,95.87040023150834,96.63635599666434,7434300
2023-03-06,97.59623718261719,99.5741396400091,97.4314058135176,98.51731928186518,6773300
2023-03-07,96.044921875,97.86770530468402,95.8800979172204,97.34414032363732,6951300
2023-03-08,96.27762603759766,96.58788595706989,95.3080628645994,95.98675412682618,5668700
2023-03-09,93.21379852294922,97.00479390362008,93.00049345126611,96.42305010914626,8275600
2023-03-10,90.7220230102539,92.98110690915627,90.00454835552061,92.69023500733427,13978800
2023-03-13,89.78154754638672,91.15832546454808,87.70668296629005,89.09315858730604,11915300
2023-03-14,90.51842498779297,91.42981680360815,89.52946633718916,91.13894487174102,10323600
2023-03-15,90.26632690429688,90.5184153920461,88.62777022687631,88.84106790416287,9543800
2023-03-16,91.42011260986328,91.68189141221507,89.093159511663,89.84941760421259,9931700
2023-03-17,90.36328887939453,91.40072122585651,90.08212205594005,91.18742353171524,12943200
2023-03-20,91.35224151611328,92.03093276476412,90.16937328516768,90.58628573710457,6657200
2023-03-21,93.60163116455078,93.90219338607793,92.27332693248228,92.27332693248228,7285800
2023-03-22,92.01155090332031,94.9493262714508,91.93398407052695,94.48393267187097,8811100
2023-03-23,92.91325378417969,94.06702909314009,91.8758213382379,92.37999100474096,9527000
2023-03-24,91.21649169921875,92.10848791209719,90.18874985664424,91.92426856917575,9534600
2023-03-27,92.70964050292969,93.09745988466211,91.50737674858141,91.89520352749439,7487900
2023-03-28,91.93399047851562,93.07807545183162,91.71098766798605,92.60299151292352,5426100
2023-03-29,93.92159271240234,93.9603761292472,92.44785246101968,93.15563687337247,5889100
2023-03-30,95.11414337158203,95.90918485732415,94.69723092191362,95.72497288922399,7669500
2023-03-31,97.08235168457031,97.15022080648328,95.50196647592291,95.88009549760652,8920000
2023-04-03,96.72362518310547,97.37323074022983,96.24853389758462,97.15992565647436,7313200
2023-04-04,96.5394058227539,97.36353304875975,95.75406201172459,97.24719020101024,6794200
2023-04-05,96.86906433105469,97.13084314426364,95.62801720261069,96.66544954644961,7747200
2023-04-06,96.92723846435547,97.26658411954257,95.55046043635033,96.41337112976063,7042500
2023-04-10,97.74166107177734,97.74166107177734,95.8897992584731,96.27762600698507,8016600
2023-04-11,97.363525390625,98.80817974544567,97.23748484975009,98.08100741548688,7504600
2023-04-12,94.95901489257812,99.10874388678165,94.72631441645447,98.16826647135915,9289200
2023-04-13,97.770751953125,97.99375474939436,95.51167526316347,95.51167526316347,8745000
2023-04-14,96.8593521118164,97.79013177077238,95.91887475095633,97.4410884740165,7337300
2023-04-17,97.24718475341797,97.50896354337007,96.13218567613829,96.53940041481029,6705300
2023-04-18,97.85802459716797,98.07132970765919,96.56850362714817,97.54776463568466,8180100
2023-04-19,95.7443618774414,96.79149186367735,95.3662328374973,96.74301074689278,11523300
2023-04-20,95.0850601196289,95.57953940927422,94.42575686582848,94.77480020002753,7762700
2023-04-21,96.5394058227539,96.68484177962084,94.7457154138753,95.17232558143694,9468000
2023-04-24,96.64605712890625,97.67379172251293,95.6667962555154,97.10175300257863,8540600
2023-04-25,95.02688598632812,96.67514037523401,95.02688598632812,96.35518276181283,6511400
2023-04-26,93.66950988769531,95.48259590005804,93.52407391499356,94.86206859005183,8634500
2023-04-27,96.88845825195312,97.024196518518,93.76646332659962,94.17367812629423,8166500
2023-04-28,99.3802261352539,99.43839755906474,96.06432182879597,96.3454960391817,11329700
2023-05-01,99.09904479980469,99.48687152407952,98.5173084119822,99.29296186053186,6909500
2023-05-02,97.53805541992188,98.60457344932576,96.58788763628536,98.24583980327486,6955900
2023-05-03,97.7901382446289,99.45778801793485,97.57683317169261,97.98404791247299,7772100
2023-05-04,94.48393249511719,96.51032346426601,93.66950294385147,96.51032346426601,13260700
2023-05-05,97.46047973632812,97.78043733523911,95.12383650756775,95.58922265400244,9300100
2023-05-08,99.8359146118164,100.74730630223686,98.59487501466994,98.60456531979989,10810100
2023-05-09,99.0699691772461,99.84562270477241,98.98270464173876,99.77775357590238,6829900
2023-05-10,98.06161499023438,100.10739379911413,96.99509701999452,99.8650030150969,19525200
2023-05-11,89.50037384033203,92.21515367474082,89.08346138141596,91.91459145918968,57127200
2023-05-12,89.19010925292969,90.05301983713623,88.46293691361993,89.52945486517166,21837500
2023-05-15,90.03364562988281,90.04334333377035,87.93938542101603,88.75382241241334,16792000
2023-05-16,88.21086883544922,89.60703490270858,88.01695174473218,89.23860352611719,17013300
2023-05-17,89.94637298583984,90.21785688996765,88.08481345490078,88.24963742023623,12461600
2023-05-18,90.90625,91.37163620533731,89.64581484928243,90.02394391506164,15014800
2023-05-19,88.5696029663086,90.16938383639037,88.54051725184577,90.16938383639037,16429000
2023-05-22,89.0252914428711,89.14164168817624,87.15403419799888,88.55020755294025,14150600
2023-05-23,87.08616638183594,89.22890016749616,87.0764686786195,88.3272060950527,14778700
2023-05-24,86.3589859008789,86.76620063170427,85.71907809489326,86.7177269145181,15350800
2023-05-25,85.45730590820312,86.83408397438154,85.11796024360713,86.83408397438154,13605800
2023-05-26,85.60272979736328,86.52381181373455,85.41851043521716,85.79663946485839,12892700
2023-05-30,85.14703369140625,86.2620327691727,84.36168992402744,86.2620327691727,14800700
2023-05-31,85.28278350830078,85.4863909053498,84.49743963437164,84.91435213228553,11440600
2023-06-01,85.89360046386719,86.34929635208722,84.45865106817453,85.70938848567839,11993200
2023-06-02,88.00724792480469,88.55989864987541,86.87286076237217,86.90194647466323,14350200
2023-06-05,88.2302474975586,88.96711756984747,86.71773133612658,88.42415717054942,18506700
2023-06-06,89.35494995117188,89.69429559890794,88.2496410744053,88.32720790736792,12109100
2023-06-07,89.70398712158203,90.24694756250292,89.06407923391367,89.95607563353886,11082400
2023-06-08,89.71368408203125,89.85912004530864,88.52112545695347,89.70398637856466,9030200
2023-06-09,89.13194274902344,90.09180821864416,88.76351140643668,89.95606996626063,9625400
2023-06-12,90.30512237548828,90.39238691632174,88.97681803261113,89.44221165696787,12341600
2023-06-13,90.99349975585938,91.56554585842721,90.59598271260627,91.2552859476517,12964400
2023-06-14,89.6361083984375,91.64310378139976,89.1222411231504,91.39102269360056,15877400
2023-06-15,90.1112060546875,90.67354708807915,88.82168522508736,89.2579857056323,13354600
2023-06-16,88.5405044555664,90.14028509444054,88.09450630483911,90.05302056648324,22683400
2023-06-20,87.01829528808594,88.0169441785954,87.00859758508855,87.5418602922441,14939200
2023-06-21,85.94208526611328,86.94073422283545,85.42821793088193,86.82439136787318,17873000
2023-06-22,85.79664611816406,86.47534480138758,85.43791246576127,85.7481723961211,10915300
2023-06-23,85.41851043701172,85.70938233544015,84.94342657361295,85.34094361114019,13538000
2023-06-26,86.00025177001953,86.76620757578513,85.09855770978206,85.36034391282072,13132700
2023-06-27,86.34929656982422,86.93104040989213,85.79664583950387,86.19417030373826,10032700
2023-06-28,86.12629699707031,86.67894770057967,85.83542509114756,86.66924999780096,12118300
2023-06-29,86.24264526367188,86.40747663255345,84.68164789125332,85.12765348095603,13402600
2023-06-30,86.56259155273438,86.87285144586613,85.91298605729902,86.46563672310182,12837500
2023-07-03,87.7454605102539,88.18176094618451,86.20385873259832,86.40746609584457,7979500
2023-07-05,87.05707550048828,87.63881190687142,86.53351051558953,87.36733541037127,11028800
2023-07-06,86.03902435302734,86.12628887544714,85.1082446978979,85.971155234336,12084600
2023-07-07,85.94208526611328,86.99891304749707,85.39913221714136,85.62212762060604,9705100
2023-07-10,85.41851043701172,85.98085882881088,85.18581735657676,85.56394638622594,13642600
2023-07-11,86.76622009277344,86.86317494607157,85.46700878477988,85.51548251283837,13735500
2023-07-12,87.40612030029297,87.9490733024653,86.84377189251171,87.36733688625496,14912100
2023-07-13,87.71638488769531,88.04603282880748,86.36869261610327,87.79395171990298,15325500
2023-07-14,85.92269134521484,87.7357697506695,85.72877427165018,87.65821031842363,17770000
2023-07-17,82.95581817626953,85.79663841362546,82.70373709105047,85.72876929111577,34503400
2023-07-18,83.33394622802734,84.64286234242378,82.71342643027738,82.90734349031142,21885100
2023-07-19,84.3907699584961,85.21489708326763,83.56664283372456,83.57633313839331,17177000
2023-07-20,83.58604431152344,84.52652181850588,83.41152263603,84.19686647716034,15277500
2023-07-21,84.5265121459961,85.22459876808665,83.26607714531262,83.6732992729851,19901000
2023-07-24,83.96417236328125,85.28277891840551,83.91569864117213,84.8270830269343,13911900
2023-07-25,83.02369689941406,83.68300019311081,82.56800839397137,83.12065914036569,15335400
2023-07-26,83.24669647216797,83.64421353538228,82.84917201177352,83.06247709811394,14983700
2023-07-27,82.76192474365234,84.23565772027571,82.59710075625532,83.96418117699096,16691400
2023-07-28,83.50846862792969,83.94477646901126,82.84916541229535,83.24668984102438,13638300
2023-07-31,86.1844711303711,86.64016701196704,84.23564705261875,84.35199729808369,20837800
2023-08-01,86.32020568847656,86.99890432885583,85.76755499124846,86.40747021813351,13717500
2023-08-02,83.67330169677734,85.64151368168685,83.6345182836289,85.57364455797203,15162700
2023-08-03,82.88794708251953,83.82842447005838,82.84916367098212,83.20790467981861,14145400
2023-08-04,83.67330169677734,84.4586454707888,82.84916711243775,83.3242583756212,11533900
2023-08-07,84.18717956542969,84.5750063485171,83.37274258122802,84.02235558670124,10818400
2023-08-08,85.4476089477539,85.64152604148218,83.47939667879176,83.86722346906754,16767900
2023-08-09,84.82707214355469,86.83406743144353,84.390771714649,86.48502412944727,32517900
2023-08-10,88.96710968017578,89.71366999188274,85.07915968490335,87.23159089124958,56716800
2023-08-11,86.31050109863281,88.5695848234436,86.15537485421403,88.54049911493878,21998900
2023-08-14,86.10690307617188,86.58199435718258,85.31186156974536,86.28142474329867,13676400
2023-08-15,84.41017150878906,85.54456609727588,84.24534753682426,85.31186559866404,13677900
2023-08-16,83.72177124023438,84.41016014563557,83.45999246101168,83.9059905942077,12182700
2023-08-17,83.30487060546875,84.31321724820516,83.18852775254018,84.27443383150218,14206000
2023-08-18,83.3436508178711,84.08052091253667,82.77161208715104,82.77161208715104,12364400
2023-08-21,83.26608276367188,83.62482380122424,82.8103942852848,83.19821363734358,11215000
2023-08-22,83.1788330078125,83.46969754766062,82.77161821371678,83.10126617164742,9835300
2023-08-23,83.21761322021484,83.70239483180107,83.03339384071437,83.1982178133304,7576000
2023-08-24,79.95987701416016,83.33395275400594,79.95017931110415,82.90734998288225,27531000
2023-08-25,80.82279205322266,81.10396627970174,79.95018366021527,80.54161782674359,16050900
2023-08-28,81.59844207763672,82.11230938766329,80.98761253032352,81.27848444782315,12166400
2023-08-29,81.83113861083984,81.97657457569905,81.18153301793993,81.23970444501143,11210700
2023-08-30,81.71478271484375,82.10260946195127,81.27848224758525,81.83113295812998,11816600
2023-08-31,81.13304138183594,82.03473537048043,81.09425796975474,81.88929942447078,10448000
2023-09-01,79.15514373779297,79.72718990615988,78.07892793036663,79.61083965229356,27701900
2023-09-05,78.7188491821289,79.8823222200299,78.70915147761174,78.9418446057557,12741700
2023-09-06,78.51522064208984,79.59142884409346,78.07891282240053,78.33100129174241,15518500
2023-09-07,78.11771392822266,78.38919046569582,77.32267232683088,78.36010475056382,14768000
2023-09-08,79.09696197509766,79.18421910621142,77.72987441021164,78.08861543154292,16220900
2023-09-11,80.00835418701172,81.29787505343481,78.69944531082018,79.44601313756212,26579100
2023-09-12,81.13304138183594,82.0929067900125,80.05682573741575,80.50282388058041,16594600
2023-09-13,80.93914031982422,81.49179105564625,80.5900969711808,80.8130923678706,9772700
2023-09-14,81.90869903564453,82.16078013134916,80.51252571773642,81.44330546394855,22371900
2023-09-15,82.9752197265625,83.56665386531348,82.03474224700173,82.62617638575273,21631200
2023-09-18,82.43225860595703,83.30486695053824,82.3934825881357,82.64556368987466,11894200
2023-09-19,79.44600677490234,82.2092602693771,79.2230039959329,81.36573766698805,21478900
2023-09-20,80.04713439941406,80.66765424769014,79.15513804216472,79.53326709354607,12715200
2023-09-21,80.21196746826172,81.12335185387711,79.42661623954581,79.56235449691789,14378000
2023-09-22,78.7770004272461,80.81308142039137,78.7285193142653,80.38647869431341,11495300
2023-09-25,78.54431915283203,79.28118187996711,78.10801126202745,79.07757448979712,11034400
2023-09-26,77.61353302001953,78.28252656260676,77.36144453012214,78.04983347810598,14867900
2023-09-27,77.46810150146484,78.1080093697564,76.80879822666675,77.68140658995544,14662500
2023-09-28,77.69109344482422,78.45704922984221,77.22570726986385,77.8365293984418,12229800
2023-09-29,78.58309173583984,78.8545682186397,77.9625719473889,78.20496272091441,11261400
2023-10-02,79.18421173095703,79.28116655555733,78.3309989184238,78.45703945068631,9128100
2023-10-03,77.11905670166016,79.3975287093111,77.04148987145739,78.77700886204906,12586200
2023-10-04,76.90574645996094,77.36144231036859,76.33370776923105,77.18692065270565,12010500
2023-10-05,78.35041046142578,78.47645842873284,76.47915293550449,76.69245805201074,15466600
2023-10-06,80.41556549072266,80.9876041662996,78.04013146894648,78.5830918323927,15391100
2023-10-09,82.12199401855469,82.296515677558,80.59978020281778,81.7341746849292,13604400
2023-10-10,82.40316772460938,82.69403962028255,81.37543318167543,82.20925805894699,9450600
2023-10-11,82.2674331665039,83.11095578401982,81.6953944491349,82.7716101553111,9499200
2023-10-12,81.78265380859375,82.48074049074816,80.96822427753368,82.24804739575673,9554900
2023-10-13,81.78265380859375,82.00565659762978,80.8421763283124,81.38513674619922,10808000
2023-10-16,83.10125732421875,83.31456240237274,81.74386742456772,81.74386742456772,10275100
2023-10-17,83.57634735107422,83.66361188818685,82.71343666934689,82.75222008615468,9985700
2023-10-18,82.10260772705078,83.6345192773059,82.02504089983235,83.08186857843916,10047000
2023-10-19,80.71613311767578,82.67464744727346,80.6385662895068,82.66495714163725,14316800
2023-10-20,80.1343994140625,80.90035522451123,80.09561599866483,80.37679021241286,10437000
2023-10-23,80.57069396972656,81.47238796919643,78.44735576233977,79.58174283991102,10772500
2023-10-24,80.04713439941406,81.63721743526901,79.25209288148659,80.87126902660016,11499500
2023-10-25,78.13709259033203,80.03744291963348,78.06922346408412,79.63022076496604,9372500
2023-10-26,77.35174560546875,78.1564847815801,77.00270228564166,77.64261750438456,11651000
2023-10-27,76.91545104980469,78.56370554418632,76.8184962084611,77.32266582175588,10300600
2023-10-30,78.224365234375,78.46675605285073,77.10936598995049,77.29358537908989,10291200
2023-10-31,79.10665130615234,79.18421813097346,77.88500710252772,78.2340504170432,8672200
2023-11-01,78.60249328613281,79.0969726205336,77.7395825754773,79.04849149860348,9093000
2023-11-02,80.75492095947266,80.76461866282047,79.32966185173649,79.35874756459962,11518500
2023-11-03,82.4807357788086,83.31456066850514,81.59843717056393,81.60812747596574,11331800
2023-11-06,81.46269226074219,83.18852087401127,81.04577981213343,82.49043422544037,14160900
2023-11-07,82.01534271240234,82.10260724180227,81.39482289268186,81.59843766222178,10540200
2023-11-08,81.92809295654297,82.33530773792675,81.39483022103059,81.57904960187676,26942600
2023-11-09,87.59033203125,88.43385464061785,84.93373105293195,85.16642413934451,51062700
2023-11-10,85.58333587646484,87.41581703281636,84.29382251061867,87.38672392472587,25175700
2023-11-13,86.71772766113281,87.16372580785472,84.74951571468499,85.72876913812286,12834400
2023-11-14,88.29811096191406,88.75380680112507,87.25098104166484,87.28976445321253,13152000
2023-11-15,91.0710678100586,91.6915876399713,89.91728528388657,90.1596760736081,20593100
2023-11-16,91.63341522216797,91.73037005756744,90.7801949174212,91.03228340720364,12923900
2023-11-17,91.28437042236328,92.47692893315352,91.06136764708513,91.86610682254239,12189300
2023-11-20,92.13758850097656,92.68054151873987,91.01289905029827,91.11955159267036,14105300
2023-11-21,91.57524871826172,92.0697280616305,91.10016478288901,91.84673264994119,7654800
2023-11-22,92.17637634277344,92.79689622063971,91.87581410738895,92.02125007189709,7328200
2023-11-24,93.13623809814453,93.57254597398499,92.01154863903922,92.01154863903922,5440500
2023-11-27,92.2733154296875,92.82596608270079,91.6430979558915,92.82596608270079,11049500
2023-11-28,89.68458557128906,92.24423152987367,89.63610445805448,92.10849328943202,18660300
2023-11-29,89.68458557128906,90.40206018464917,88.65685106589383,89.78154040057892,13857000
2023-11-30,89.86881256103516,91.00319969419085,89.39372128194196,90.70263747870001,13396700
2023-12-01,89.76216125488281,90.01424235648594,88.97681004659296,89.91728751762473,11898200
2023-12-04,89.20951080322266,89.59733755700717,88.82168404943815,89.10285826100241,12602800
2023-12-05,88.0266342163086,88.9864996084243,87.19280936346324,88.82167565772168,12357000
2023-12-06,88.71502685546875,89.7330711061247,87.86181395962488,88.33689782458048,10462000
2023-12-07,89.53916931152344,90.5475160315901,88.86047796012325,89.00591393461784,10264700
2023-12-08,90.28815460205078,90.98851639630033,89.54888299464426,89.54888299464426,9498200
2023-12-11,89.68506622314453,90.54106729477184,89.46134406763339,90.20061569641473,10811000
2023-12-12,88.58589172363281,89.68506614632665,88.38162076479351,89.60725393911757,13218400
2023-12-13,90.29788970947266,90.33679952512837,88.3038043295262,88.68316575555879,10173200
2023-12-14,91.37760162353516,92.24332450578876,90.66751056328286,90.66751056328286,12439300
2023-12-15,90.91069793701172,91.3873301670492,90.39515589331778,90.51188533428717,17551600
2023-12-18,90.32705688476562,91.15386993687906,90.17141764511314,90.17141764511314,9083600
2023-12-19,91.36787414550781,91.42623515226626,90.08388004780778,90.113060551187,8804000
2023-12-20,88.78044128417969,91.69861082125254,88.76099008596631,90.69670713426376,13060600
2023-12-21,89.50997924804688,89.5683476823823,88.57616593285408,89.42243772847655,13037200
2023-12-22,88.5372543334961,89.72397771679998,88.27462235878725,89.12089413736176,9419800
2023-12-26,88.46916198730469,88.7804330789728,88.12871039036895,88.362161853798,8086900
2023-12-27,87.91471099853516,88.45944098034325,87.58398870715907,88.43026047478516,11123500
2023-12-28,87.93417358398438,88.49835478785738,87.51590233577352,87.63262436327233,8479600
2023-12-29,87.8271713256836,88.12871311783209,87.40890008756386,87.661810176524,9211000
2024-01-02,88.23571014404297,88.98471107536552,87.2824456767265,87.6423484685286,10587600
2024-01-03,89.15007019042969,89.56834140428779,87.54507565254214,87.76880522235426,11929800
2024-01-04,88.08979797363281,89.43216054658811,87.5450754346295,89.43216054658811,12087400
2024-01-05,88.42052459716797,88.82906648720767,87.89525327227932,87.94389239212165,9092100
2024-01-08,89.05279541015625,89.43215679408557,88.51779478087764,89.05279541015625,11103700
2024-01-09,87.22408294677734,88.61507734601406,87.15599262323242,88.56644564136121,11255100
2024-01-10,86.85443878173828,87.36998079158086,86.4556187839128,87.36998079158086,15091600
2024-01-11,87.01007843017578,87.33107883466752,86.27081421662237,86.95171741891849,9642200
2024-01-12,87.8855209350586,88.35243123707447,87.2046178084599,87.2046178084599,11919400
2024-01-16,90.51188659667969,90.5507889895906,87.01980684051028,87.82716878724415,16780900
2024-01-17,87.87579345703125,91.20251180260982,87.64234201180582,90.054698350094,15735200
2024-01-18,89.69479370117188,89.98661359168601,87.94389662195137,88.18707739028379,12203200
2024-01-19,90.5216064453125,91.0274265972199,89.13061215949925,89.8017934520622,19790100
2024-01-22,92.48650360107422,92.63241353372248,90.33678668533797,90.33678668533797,15119400
2024-01-23,91.21224212646484,93.27441777702043,90.63833905776524,92.82696604007964,11559400
2024-01-24,90.9496078491211,92.65187323667148,90.71615638821771,91.84451130032414,10454900
2024-01-25,92.27250671386719,92.3503263369498,91.19278356278085,91.35814469586563,8661600
2024-01-26,92.75887298583984,92.92423412740963,92.11687219439744,92.40869208528729,7812800
2024-01-29,94.83077239990234,94.84050170880755,92.40869397268428,92.8172358912438,13422200
2024-01-30,94.2957763671875,94.87940872237105,93.3911436192022,93.88722703939979,9139600
2024-01-31,93.4300537109375,94.90858950989643,93.19659483113762,93.7899564967082,9592300
2024-02-01,94.4124984741211,95.25877021376925,93.28414357587826,93.74132460460929,8484800
2024-02-02,94.48059844970703,94.75296717009209,93.20633347695437,93.65378524279662,9321300
2024-02-05,94.0136947631836,94.71405662478355,93.8580554955886,94.06232646834047,11679300
2024-02-06,96.58167266845703,96.61085317259429,94.14986503984633,94.27631636487044,16455500
2024-02-07,96.43577575683594,96.57195640873576,94.00396779964058,94.73351018679918,28886300
2024-02-08,107.52481079101562,109.69397911635014,103.88682852821529,104.15918980482337,60558400
2024-02-09,105.43346405029297,107.14545891147586,104.75256079820885,106.61045819820343,21509100
2024-02-12,106.30891418457031,108.0306308984366,104.88873927304552,104.93737097787775,13424000
2024-02-13,107.44699096679688,107.63181072756687,105.25836402782312,105.32645434685078,14594500
2024-02-14,108.51698303222656,108.63371247198675,106.67853702840986,107.56371858202652,11405500
2024-02-15,109.38269805908203,109.83987905514051,108.05007230263394,108.05007230263394,9961900
2024-02-16,108.55589294433594,109.48970619940368,108.12789984073493,108.96443485193657,8782200
2024-02-20,106.45481872558594,108.09871572253832,106.36726978728018,107.82635444121074,9770900
2024-02-21,104.73308563232422,106.24080927968039,104.31481443747163,105.52099632387164,10427500
2024-02-22,104.70391845703125,105.53073164383562,104.4801962901949,105.04437007262263,9266200
2024-02-23,104.80118560791016,105.05409569402318,102.94328833016914,104.6358244606121,11724000
2024-02-26,104.7428207397461,105.79336343911606,104.45100084949173,104.58718148593361,8694200
2024-02-27,106.43535614013672,106.59099539297279,104.84009090500734,104.84009090500734,7595000
2024-02-28,107.7777099609375,108.01116139992811,105.69608336182657,105.81280537067815,10773000
2024-02-29,108.53643035888672,109.67451444832805,107.94306875575154,108.10842987891058,11658300
2024-03-01,108.89635467529297,109.09090375985507,108.00145115017355,108.4002712075593,7242400
2024-03-04,110.5888900756836,111.01688318725479,108.75044403595673,109.59670837156193,11558900
2024-03-05,109.791259765625,112.0479770771547,109.20761996435779,110.51107278688932,14929600
2024-03-06,107.05789947509766,110.20952758776644,106.26999615757452,109.99552732342976,14743900
2024-03-07,107.17462158203125,108.05007377564311,106.22134976647885,107.68043428206943,8609300
2024-03-08,107.31080627441406,108.27380001321879,106.35753442275441,107.17462564150381,10009200
2024-03-11,109.24652099609375,109.83016075043803,107.02871367770632,107.08707468462563,8794300
2024-03-12,109.39244079589844,109.86907304504388,108.59480813718451,109.45080180807874,8085000
2024-03-13,109.43135070800781,111.01688671771333,109.37298969577584,109.66480217822414,7267900
2024-03-14,109.00334167480469,109.28543224744372,106.52290237131716,108.69207059832158,10520500
2024-03-15,108.89635467529297,109.8788071437875,108.36136139064688,108.55590305392023,15364200
2024-03-18,110.74452209472656,111.30870326692762,109.22707645211925,109.22707645211925,11820800
2024-03-19,111.38652038574219,112.02851375034838,110.15115793577772,110.31652649720651,10999700
2024-03-20,113.28334045410156,113.33197958153205,111.24062326393226,111.48380405850692,11699600
2024-03-21,113.51678466796875,114.15878548674314,112.69970081275234,113.79887526216159,10353500
2024-03-22,112.70942687988281,114.45060209798302,112.68023895336029,113.73078166952493,7144800
2024-03-25,116.1042251586914,116.1528642802583,113.682146814678,113.77941763652379,12103600
2024-03-26,116.65867614746094,117.11585717018583,114.96614011168805,116.36685626278481,11870000
2024-03-27,117.68004608154297,118.70140090267455,116.74622535752488,117.66058746326135,10782800
2024-03-28,119.02239227294922,120.36474740217933,117.89402997954498,117.94266910026643,15367400
2024-04-01,118.21502685546875,119.06129855039653,117.48548459403408,118.73056886614323,8419700
2024-04-02,119.4698486328125,120.16048113046881,116.88240909379647,116.94077010390349,15517100
2024-04-03,115.73460388183594,120.31612903686516,115.1509640536478,118.9348565209471,22480400
2024-04-04,113.89613342285156,116.91158068410843,113.76968210349914,115.96803817912178,13815400
2024-04-05,115.15095520019531,115.61786554258939,113.12769683992263,113.41950931029182,9653900
2024-04-08,114.1490478515625,115.28713203315395,113.63350582509567,114.80077051063236,6266000
2024-04-09,114.75214385986328,115.27741521785134,113.70160114388717,114.17823337896796,7451100
2024-04-10,113.99341583251953,114.35331860895855,113.19578323377142,113.41950537783548,6746300
2024-04-11,113.95451354980469,115.05368798982734,113.19579071321486,114.38250667071094,6559400
2024-04-12,110.90015411376953,113.51677400349531,110.6277928542847,113.21523224067822,12155200
2024-04-15,109.86906433105469,112.39815017050977,109.69397388711224,111.74642009393692,9637100
2024-04-16,110.7737045288086,111.37679552558912,109.45080051226883,109.74262041229227,9291400
2024-04-17,109.8593521118164,111.09470721519389,109.81071298705123,110.89043624949943,7379000
2024-04-18,109.3632583618164,111.13361410586353,109.12980689592236,110.09280068636255,8235600
2024-04-19,109.53834533691406,109.64534546815155,108.05008022952295,108.67262239965663,9436000
2024-04-22,108.93524932861328,110.54024380171667,108.70179788092354,110.01497247844897,6901700
2024-04-23,110.60833740234375,111.12387943273063,109.72316328369351,109.75234378786062,6839300
2024-04-24,110.81260681152344,111.06551687960064,110.05388402857965,110.05388402857965,6157200
2024-04-25,109.69397735595703,109.81070679603927,107.378899120653,108.18626104999038,8045900
2024-04-26,109.65508270263672,109.93716588215564,108.28353951470586,108.79908159086531,6304800
2024-04-29,109.0228042602539,110.77370134622532,107.33026076280697,109.9566175236963,7151200
2024-04-30,108.06953430175781,108.98389638529062,107.7777218262157,108.94498657096068,8156600
2024-05-01,107.4664535522461,108.93526011997187,107.20381415395076,108.25435690455518,6338400
2024-05-02,109.5480728149414,109.79125357800143,107.54425828085105,108.39053000796358,6799800
2024-05-03,110.55970764160156,110.99743005436139,109.7231652081284,110.44297820159784,7411100
2024-05-06,113.2930679321289,113.7502490059438,111.03635049181418,111.66862203174352,16303200
2024-05-07,102.51528930664062,104.93736780417902,101.36747572501439,104.3245549085479,55084600
2024-05-08,102.56392669677734,103.57555961782174,101.59120359053716,102.03865532885304,15238100
2024-05-09,102.91410827636719,103.2351012633297,101.54256512545244,101.76629470670596,15096000
2024-05-10,102.90436553955078,104.10081065594541,102.544455363207,104.00353984164065,15884600
2024-05-13,102.94328308105469,103.73118638377211,102.7098242036445,102.7098242036445,9666400
2024-05-14,102.47637176513672,103.09891392301994,102.08728106113772,102.42774006544178,11278400
2024-05-15,99.96674346923828,102.99191271473289,98.62438834685933,102.7390100678782,20745600
2024-05-16,100.55038452148438,101.19237787650852,100.03483507022412,100.22938413332835,9476700
2024-05-17,100.43365478515625,100.98810662610173,100.2293838354698,100.80328687202393,7356000
2024-05-20,100.09320831298828,100.84220183341465,99.72356878595933,100.5114795421659,7667400
2024-05-21,100.20021057128906,100.87138447695733,99.91811997620998,100.18075195298653,7333300
2024-05-22,100.20992279052734,100.99783348741335,99.9472908390905,100.17102040025263,7190300
2024-05-23,97.91431427001953,100.20021215158074,97.53494542002156,100.17103164495518,10504000
2024-05-24,98.98429870605469,99.30529166932789,97.94348534928925,98.09911717674173,6451600
2024-05-28,99.645751953125,100.05429385439476,98.19638926040597,98.59520927447022,7813100
2024-05-29,98.12831115722656,99.29558341922538,98.02131101434445,98.98431230028348,7376300
2024-05-30,98.92593383789062,99.28584404759141,98.21585014849558,98.38121129026834,7300600
2024-05-31,101.07565307617188,101.24101420929026,98.64384551400381,98.75083821915449,14735800
2024-06-03,99.96674346923828,101.37719632879484,99.6846603186148,101.32855720832164,6908600
2024-06-04,100.51148223876953,100.66711407962427,98.85784847429584,99.32475883943707,7269100
2024-06-05,98.73139953613281,100.2683038913021,98.27421846910119,100.19048425834167,10796900
2024-06-06,98.44930267333984,99.1496644828782,98.0602119545643,98.29367083860254,10294700
2024-06-07,98.77030181884766,99.48038550690558,97.80730805360358,98.10884983171408,6047800
2024-06-10,99.93756866455078,100.04456879866339,97.89485165008082,98.48821333150953,7621900
2024-06-11,98.11858367919922,100.07375180494209,97.99212492411235,99.84030033435711,9134200
2024-06-12,98.05049133300781,98.9162142972849,97.51549066012275,98.43957463551882,9041800
2024-06-13,97.35984802246094,98.31311989161412,96.8929451071399,97.8656681722281,10164600
2024-06-14,97.24313354492188,97.6419461734639,96.54277169634322,97.08749428022057,7087600
2024-06-17,98.75084686279297,99.13993759105443,97.87540200081517,98.22558291412165,10389000
2024-06-18,98.73139953613281,98.98430963260984,97.86567652799198,98.36176741150382,7044700
2024-06-20,99.0621109008789,99.15938914197743,97.64193615203713,97.82675590457889,7886900
2024-06-21,99.48039245605469,99.74303186028749,98.81894042271574,99.02321881324731,14137300
2024-06-24,99.19829559326172,100.26828941750277,99.13020527957241,99.46092753998118,7393600
2024-06-25,99.41229248046875,100.85192585605554,98.99402127321545,99.85975161302727,10296100
2024-06-26,99.3928451538086,99.57766491482968,98.66330283982623,99.12048387732796,10122300
2024-06-27,99.38311767578125,99.4901178108395,99.0329367649158,99.2566663440253,8365200
2024-06-28,96.58167266845703,99.78193239826327,95.69649112942453,99.23720244297867,21439400
2024-07-01,95.36578369140625,97.01941016762183,95.2101444167422,96.68868784089435,15299000
2024-07-02,95.31713104248047,95.31713104248047,94.3054981645266,95.26849934201293,13340300
2024-07-03,95.92022705078125,96.37740810265173,95.16150420779981,95.17122609563096,5030000
2024-07-05,95.31713104248047,95.62840212636719,94.91831844497936,95.62840212636719,8550800
2024-07-08,95.15100860595703,96.05004066122575,94.68194418921519,95.46371573194293,8167600
2024-07-09,94.83831024169922,95.30736724624936,93.95881903875937,95.24873698456226,9044400
2024-07-10,94.76011657714844,95.06304948857655,94.05652372626012,94.74056818933182,7761100
2024-07-11,94.39855194091797,95.35622170544238,94.10539320481732,94.7992119057726,7422600
2024-07-12,94.9164810180664,95.60053304199948,94.76990536449833,94.8871658873528,6465700
2024-07-15,94.66240692138672,95.26827280771288,94.39855584690007,95.11192296642835,7417700
2024-07-16,96.22593688964844,96.4702395597428,94.339919978299,94.80897692978569,10755500
2024-07-17,95.09237670898438,96.362753679718,94.33015350875476,96.05982072976173,9456100
2024-07-18,94.584228515625,95.82528287625782,94.47673473767338,95.14123833977143,7529400
2024-07-19,93.55815887451172,94.61354831621982,93.26500011105502,94.61354831621982,9301000
2024-07-22,91.98484802246094,92.99138138833968,91.3594337198047,92.94251786713698,13377000
2024-07-23,88.86754608154297,89.60045412829722,87.7828415759046,88.63301013860276,22534700
2024-07-24,87.75352478027344,88.68187197298684,87.53853723109113,88.16395148933456,11768500
2024-07-25,87.17696380615234,88.43756647711912,87.17696380615234,88.02713978113714,10765300
2024-07-26,87.88056182861328,88.48643516921169,87.30400361722467,87.94896628194485,11301900
2024-07-29,90.04019927978516,90.44085927203948,88.13464127047585,88.33008044124166,13024800
2024-07-30,91.65259552001953,91.89689820320899,89.58090608258351,89.58090608258351,9896100
2024-07-31,91.55487060546875,92.6786569182672,91.5060070894663,91.65259018194786,10241800
2024-08-01,90.9294662475586,91.80894998693971,90.48971692234144,91.72100459521224,9263600
2024-08-02,87.52875518798828,90.09881644202227,86.97174543120049,90.0597345779717,15433600
2024-08-05,85.77954864501953,87.51898238847025,84.45054158036663,84.90983177329417,19103200
2024-08-06,87.9196548461914,89.8154461403451,85.95545909583251,86.21931018085728,21717500
2024-08-07,84.00102996826172,87.20627983668973,83.7958166181457,85.99454066935068,30581900
2024-08-08,84.00102996826172,84.36260060733808,81.99775252825715,83.20949169559621,21890500
2024-08-09,84.2453384399414,84.28442776487235,82.77952230490015,84.16715979007954,16008400
2024-08-12,83.99125671386719,84.41145761324371,83.53197394733907,83.90331132948711,11754600
2024-08-13,83.64923858642578,84.48964042663748,83.36584657467752,84.48964042663748,14615200
2024-08-14,84.33328247070312,84.56781094025025,83.61014121835058,84.04989048621776,9475100
2024-08-15,86.76654052734375,86.90334943139243,85.22254580390738,85.26163512728216,12401000
2024-08-16,87.2649154663086,87.62647864123481,86.32678666597526,86.93265996295601,10277700
2024-08-19,88.75027465820312,88.87730936404351,87.37241146076963,87.37241146076963,9723600
2024-08-20,87.69488525390625,88.60369149404339,87.27468435888528,88.33007369366247,8863400
2024-08-21,88.65255737304688,88.71118763025483,87.39195465439333,88.16395201491106,7637600
2024-08-22,87.87078857421875,89.29751537006689,87.65580101701092,88.91640377520802,7613000
2024-08-23,88.49620056152344,88.6818729843941,87.63625781051266,88.09554804254466,7369200
2024-08-26,89.68839263916016,89.70794102733623,88.84799088020385,88.84799088020385,8043800
2024-08-27,88.82845306396484,89.62976553020745,88.68186996960412,89.34637353591695,7237400
2024-08-28,87.45059204101562,88.55484501196356,86.73723233507526,88.2714529864781,8569700
2024-08-29,87.76329040527344,88.63300733008765,87.58739218140506,88.38870465557746,6181800
2024-08-30,88.32030487060547,88.38870932486087,87.3626425110299,87.92942653516111,8403600
2024-09-03,87.09879302978516,88.42780027012645,86.52224225556984,87.56785747865182,8465500
2024-09-04,87.21605682373047,87.9685057982488,86.79585591560237,86.9228906253058,6317200
2024-09-05,86.62973022460938,87.62648186023179,86.3267898372275,87.62648186023179,6234100
2024-09-06,85.93592071533203,87.05970717846346,85.72093314500285,86.43429285870228,7791500
2024-09-09,86.3267822265625,86.86425104749651,85.8088617930399,86.20952172419531,8750200
2024-09-10,86.38542938232422,86.86426054892506,85.97500266809493,86.31702492995267,6858300
2024-09-11,86.3072509765625,86.41474475280788,84.61667314104295,86.04340736111321,10779000
2024-09-12,87.2649154663086,87.29423059340793,86.17043683627017,86.20952615757787,7173300
2024-09-13,88.48643493652344,88.65255897195952,87.3528669065511,87.4114971648165,7084200
2024-09-16,89.75680541992188,90.2649591823191,88.87731425848537,89.0238973613125,9028600
2024-09-17,90.74378204345703,91.12489360256458,90.06950430556262,90.26495090992907,8193100
2024-09-18,91.4473876953125,91.92621889579594,90.57767068696378,91.38874997804037,10289800
2024-09-19,91.32034301757812,93.1184147022594,91.19330830210299,92.65912444977215,10912400
2024-09-20,91.6135025024414,91.8675793702621,90.70469625939616,91.07603363888339,19251500
2024-09-23,90.85128021240234,91.56463985019633,90.05974192907514,91.56463985019633,7338700
2024-09-24,91.55487060546875,91.65259018194786,90.3528981937509,91.21284090450318,7860300
2024-09-25,91.77963256835938,92.28778633742773,91.22262273472481,91.506014749104,8408200
2024-09-26,93.03045654296875,93.60701473832817,92.03370489991615,92.30732270563544,10061600
2024-09-27,93.82200622558594,94.69172319692692,93.10863909742214,93.31385246032578,10155400
2024-09-30,93.99789428710938,95.34644229262898,93.26498630368069,94.64284943565335,7982300
2024-10-01,91.90667724609375,93.66565218452675,91.19331009311941,93.02069694375929,10099200
2024-10-02,92.00439453125,92.42459545620778,91.45715143597444,91.45715143597444,6144200
2024-10-03,91.4962387084961,91.94575475328124,91.00763333953056,91.47669777416903,6180300
2024-10-04,92.98160552978516,93.16727050487583,91.75031788166248,92.15097787288333,6308900
2024-10-07,90.28450012207031,92.97182967046201,89.66886003679187,92.922966151008,11043600
2024-10-08,90.40176391601562,91.60372890154173,89.60045144048956,90.41153065503384,10209100
2024-10-09,91.4669189453125,91.86757890621845,89.37568866852878,89.76657443500326,8654500
2024-10-10,90.87081909179688,91.74053600099644,90.57766036096349,91.58418616899048,6698000
2024-10-11,91.98484802246094,92.45391247721639,90.68516335147235,90.73401941714847,8089100
2024-10-14,92.80570983886719,93.0206974053654,91.66237500488306,92.0337124207721,6262000
2024-10-15,92.07279205322266,93.47020363280947,91.54509738797387,93.0793178671964,6535800
2024-10-16,94.5451431274414,94.58423245337175,91.4962428046134,91.59396984720259,9936300
2024-10-17,94.33992004394531,95.11191737664376,93.4311138123409,94.72103161311564,9542500
2024-10-18,95.06305694580078,95.3171338186694,93.86109194418299,94.79921333378319,8609700
2024-10-21,94.41810607910156,95.22918534167341,93.76336920533862,94.98488265228428,8189900
2024-10-22,94.53536224365234,95.04351598926817,94.00766756421717,94.00766756421717,5344300
2024-10-23,94.0467529296875,94.92624402506853,93.80245026183309,94.72103067873391,5388500
2024-10-24,93.22590637207031,94.59400290335745,93.07932326951699,94.39855628144426,5015300
2024-10-25,92.86433410644531,94.64285732968885,92.84479317235524,93.6265572799031,6638100
2024-10-28,94.0076675415039,94.48650615851199,93.04023102386952,93.05000521853988,8146400
2024-10-29,93.93926239013672,94.41810100357807,93.49952055508554,94.06630455332672,6834400
2024-10-30,92.91319274902344,94.50604346495324,92.77638385099392,93.51905859586107,7718200
2024-10-31,94.0076675415039,94.42786844601598,92.83501766894867,93.09886128083947,8147700
2024-11-01,93.62655639648438,94.19334040158881,92.66889406905725,93.5190626211878,7944900
2024-11-04,93.60702514648438,93.83177945951876,92.86434283729174,93.64611447386577,6088000
2024-11-05,94.42787170410156,94.4669610286056,93.0793235585809,93.42134582858327,6561700
2024-11-06,96.63636779785156,97.28133045366292,95.97186420801236,95.97186420801236,11325100
2024-11-07,96.67546081542969,97.25201158535835,95.89368922497322,96.5288777102783,7805100
2024-11-08,96.7634048461914,96.99794079335022,95.38554157038344,96.48002029054558,7982100
2024-11-11,98.56147003173828,98.60055935370073,96.74385756587672,96.74385756587672,9137900
2024-11-12,98.68850708007812,98.98167327399551,97.23246521614742,98.25853943933225,9366200
2024-11-13,100.37908935546875,100.84814634001224,98.06309719576542,98.49307231120225,17701300
2024-11-14,106.63323974609375,112.19356384498845,105.92964681306368,107.8156638591757,47436100
2024-11-15,112.4574203491211,112.56491413327245,107.73749040856242,107.73749040856242,32048000
2024-11-18,110.95250701904297,112.80920889447374,110.31731855435267,110.7472936607017,14226200
2024-11-19,109.85803985595703,109.93621851178077,108.2945040171171,109.49647661994443,12166800
2024-11-20,111.6561050415039,111.76359882300585,108.92968608941433,109.7016834949617,9319300
2024-11-21,112.10562133789062,113.60075263124993,111.23590434429566,111.54861149417782,10261000
2024-11-22,113.01441955566406,113.68868987254318,111.01113462764869,111.25543730396636,10098000
2024-11-25,113.3564453125,113.9232293283888,112.31083012378679,113.04373817537622,10397800
2024-11-26,112.81897735595703,113.76687297004543,112.80921061650088,113.35644624709776,6808100
2024-11-27,114.91998291015625,115.50630787007782,112.81897830287144,112.81897830287144,8142400
2024-11-29,114.7929458618164,115.05678947898095,114.06981200780412,114.58773250279371,5095200
2024-12-02,114.49002075195312,115.92651436336968,113.89392156831644,115.09588667559737,8390500
2024-12-03,113.79618072509766,114.55841131828207,112.81897004491466,114.33364958140862,9194000
2024-12-04,114.3238754272461,114.61704161361436,113.20008165353546,113.32712381354044,7996200
2024-12-05,113.84505462646484,114.59750363841411,113.41507950219298,113.89391814714173,9823600
2024-12-06,114.06980895996094,114.58772944111216,113.5714294124928,113.89391073470901,6677900
2024-12-09,111.99811553955078,114.50954666444981,111.31407105242877,113.73754934011168,8666100
2024-12-10,112.11539459228516,112.33037469840966,111.128409629945,112.03721594158908,7526400
2024-12-11,111.99811553955078,112.42809062032791,111.38247550114097,112.02743066678092,6426800
2024-12-12,112.2815170288086,112.38901080809794,111.55838315902002,112.08607040486143,5285100
2024-12-13,110.75706481933594,112.34014894681181,110.71798294949588,111.71473465200006,6864500
2024-12-16,110.04054260253906,110.98282089687669,109.66755978453945,110.9141133385988,10528500
2024-12-17,110.9337387084961,111.93491452519767,108.75472440742044,108.9804745994282,12238600
2024-12-18,109.29456329345703,113.97651696216505,109.18659320962105,111.24782732988315,12292800
2024-12-19,109.314208984375,110.82578281722428,109.19642138452717,109.59885673425207,9468500
2024-12-20,109.9620132446289,110.8846639813796,108.39154948206746,108.56822712339074,17955300
2024-12-23,109.34364318847656,109.78533353919947,108.273759855978,109.5497658513847,6037200
2024-12-24,110.48223114013672,110.65890878541984,109.13752502356829,109.19641507580863,2475000
2024-12-26,110.47241973876953,111.22820285777271,109.79515419224836,110.05035689636043,4781400
2024-12-27,109.49088287353516,110.05036084858274,108.81361730269147,109.75589560337359,4523800
2024-12-30,108.75472259521484,109.48106068347026,107.80262683015147,108.39154980680617,5716300
2024-12-31,109.29456329345703,109.5301309815711,108.62711526999902,108.73508535383502,4757500
2025-01-02,108.77435302734375,110.12887665875883,108.13634999865789,109.63810625031772,5688100
2025-01-03,109.10808563232422,109.4810684633792,108.1461722942022,109.31420831437269,5393100
2025-01-06,109.00011444091797,110.76688347863949,108.82343678828957,109.41235980086341,6274400
2025-01-07,109.33383178710938,111.64045122581453,109.23567920242107,110.07980491015248,7878800
2025-01-08,107.73392486572266,109.05900350410758,106.63459642730017,108.9510334124517,7805300
2025-01-10,106.64441680908203,108.49952845057216,105.63343091318198,107.9694954832089,8835500
2025-01-13,106.08493041992188,106.6051458406455,104.7500343459403,105.93769780365471,6690200
2025-01-14,106.12419891357422,106.94868962930163,105.62361098556123,106.67385939072582,5501600
2025-01-15,106.18309020996094,107.57687642964802,105.99659505079067,107.15481356159489,6296900
2025-01-16,104.49483489990234,106.59533165765424,104.20037714675411,106.29105639949908,7872800
2025-01-17,105.04449462890625,105.75120521322073,104.57335923173801,104.85800696645146,7144300
2025-01-21,106.6934814453125,107.42963704172972,104.82855992523842,105.12301767066813,8643700
2025-01-22,106.80145263671875,107.52779822446232,106.23216466090732,107.52779822446232,8781700
2025-01-23,108.99029541015625,109.01974043708846,106.48736328104619,106.49718078621102,7608300
2025-01-24,110.0896224975586,111.29691351839627,108.58785874531128,109.10808167281672,8304500
2025-01-27,111.24783325195312,111.97417885252663,109.40253920113223,109.61847938029936,10176900
2025-01-28,110.06998443603516,110.87484759046805,109.50068897621233,110.76687750365468,6516800
2025-01-29,111.1006088256836,112.26863731991696,110.67854596969073,111.40488408631953,7607100
2025-01-30,111.33617401123047,113.05387042307437,111.03189875747226,111.98398704964504,6236200
2025-01-31,110.9729995727539,111.90546781850595,110.67854182822322,111.2085747546528,7793400
2025-02-03,111.8956527709961,112.48457576155207,108.81361521480977,109.2945681167649,8870700
2025-02-04,111.20858001708984,112.54347615677028,110.43316185591061,111.69935043642641,13521100
2025-02-05,108.49952697753906,116.4009263647638,108.19525170892099,113.56427389375604,23310000
2025-02-06,110.02090454101562,110.60001750634952,107.13517968481737,109.81478187189875,12470800
2025-02-07,108.81361389160156,110.47242024305916,108.76453385608451,109.54976949298518,8669300
2025-02-10,107.26277923583984,109.32401345290981,106.68367374857746,109.08844575373207,8239500
2025-02-11,107.00758361816406,107.03703613500498,105.70213993693025,106.37939805301862,7456700
2025-02-12,107.21371459960938,107.50817237316949,105.76103078893301,106.25180123342922,6521200
2025-02-13,107.56705474853516,107.73392237905507,106.55606890324003,106.90942419712833,6553200
2025-02-14,108.34247589111328,108.47008099377969,107.56705772410632,107.83207794613473,5964500
2025-02-18,107.53761291503906,107.89096821941884,106.70330469191663,107.75355309977807,8362900
2025-02-19,109.29456329345703,109.69699860385694,107.12535908935895,107.12535908935895,8452100
2025-02-20,108.50933837890625,109.46142666401825,107.36092995219728,109.18659643833132,5970100
2025-02-21,106.65422821044922,109.69700322948088,105.92788261791333,108.95103011567527,9082100
2025-02-24,109.14733123779297,109.50068651605021,106.64440675345969,106.83089440857859,7093300
2025-02-25,108.48970794677734,109.83442159469614,107.05665921768725,109.373096201302,7289000
2025-02-26,109.76570892333984,111.15949505525461,108.02837752225904,108.02837752225904,7831600
2025-02-27,109.25530242919922,111.03189634303865,109.00991723284324,110.24666071927473,7854700
2025-02-28,111.6993408203125,111.88582847138343,108.95102371320343,109.4025315614956,14609400
2025-03-03,110.7079849243164,113.41703956044257,109.93256681334486,111.96435591829902,7884700
2025-03-04,106.99776458740234,110.17795467911577,106.27141900443462,109.63810424428327,12658000
2025-03-05,107.29222106933594,108.89213734540273,106.2223452056297,107.32166609478665,9956100
2025-03-06,103.48384857177734,106.82108884522341,103.0814132425467,106.37939098470963,11618800
2025-03-07,103.56237030029297,103.81756551257456,101.40297608061152,103.06178240325129,12715900
2025-03-10,101.17723083496094,102.86548226542479,100.22513502904384,102.50230946143265,10947100
2025-03-11,96.09284973144531,99.17488736988761,95.65115186031834,97.94796131991656,16906000
2025-03-12,96.93697357177734,97.65349417746093,94.60090162528576,96.85844850884807,11891800
2025-03-13,95.08186340332031,96.82900489183601,94.15921262187672,95.96524416416548,11059500
2025-03-14,96.8191909790039,97.27069888132856,95.62170991743903,95.64134492846678,10199800
2025-03-17,97.5259017944336,98.27187495512467,96.8388261783777,96.91734375695368,8332100
2025-03-18,97.51608276367188,97.88907308246485,96.66214700972472,97.43755769776152,6727000
2025-03-19,98.43872833251953,99.09635887528566,97.63386517114077,97.82036032062092,8614600
2025-03-20,97.03512573242188,98.20316170056704,96.81918555459045,97.73201881361102,7836500
2025-03-21,97.62405395507812,98.04611682838991,95.9456199673208,96.56398801905374,15089900
2025-03-24,98.33076477050781,98.58596749380214,97.0351311201434,98.37002730398099,8224400
2025-03-25,99.73435974121094,99.88159235664125,98.55651379489225,98.7920814864436,7365200
2025-03-26,98.919677734375,100.38217138682846,98.40927982826138,99.82269344672466,6314000
2025-03-27,98.59577941894531,99.16507493248045,97.7418436372053,98.85098214717877,6598800
2025-03-28,96.25970458984375,98.53687891397188,95.93579433318747,98.20315864121952,7679700
2025-03-31,96.8780746459961,97.0253072647441,93.93345222528421,95.04259812976541,10554000
2025-04-01,95.87690734863281,96.77010559846535,95.05240916791756,96.5050928727196,8762700
2025-04-02,96.07320404052734,96.49526685433887,94.66960049585752,94.83646811141017,7959900
2025-04-03,87.20008087158203,93.03043560615448,86.97433068170983,92.76542288574755,19353400
2025-04-04,81.98810577392578,85.92408666825831,81.54641538808121,84.4125128648418,22580900
2025-04-07,81.76234436035156,85.0308692422167,78.62140958668935,79.49498022187557,20456000
2025-04-08,80.21150970458984,85.34496353214784,79.35756657306668,84.36342280152596,14845600
2025-04-09,89.7520980834961,90.54714377887305,79.69130433028798,79.78945691797264,24970900
2025-04-10,83.65673065185547,87.36695389823595,81.53659880331665,87.27861132693226,16377000
2025-04-11,83.322998046875,84.08859867393595,81.81142431381737,83.53893822139209,10204400
2025-04-14,83.09724426269531,84.85419563160879,82.47886879176214,84.24564515362592,10841300
2025-04-15,83.44078063964844,84.39287635830489,82.95982028392696,83.18557794973108,7840500
2025-04-16,81.24212646484375,83.23466052390083,80.49616086932473,82.72425512848066,10144300
2025-04-17,83.24446868896484,84.19656441552459,81.82123759555928,81.83105509986571,14810900
2025-04-21,82.44942474365234,83.65672318665159,81.44825645244661,83.34263043955157,14166800
2025-04-22,84.50084686279297,84.9621722532609,83.03835311592236,83.44078845264964,9578500
2025-04-23,85.67869567871094,88.21107269114067,85.42349297883398,87.38657454098505,12089100
2025-04-24,88.3484878540039,88.57423804019103,85.16829032966132,85.83573836073252,10310000
2025-04-25,88.6135025024414,88.67239255428538,87.4258390293615,88.40737983242542,7749600
2025-04-28,88.4957275390625,89.6833910811283,87.98532209822741,88.78036779854989,8491800
2025-04-29,89.48707580566406,89.96803620483736,88.10310712737778,88.1718146860365,6359900
2025-04-30,89.27113342285156,89.50670860835332,86.92525149263822,88.23070256351937,8474800
2025-05-01,89.13371276855469,89.91894836096111,88.69202242817708,89.58522061319182,7790600
2025-05-02,90.78270721435547,91.46979027293553,90.144704191589,90.144704191589,7594000
2025-05-05,90.40972137451172,91.36181712432817,87.95586943727834,88.04420451250907,10231000
2025-05-06,90.46861267089844,91.02809062075215,89.32021174570848,89.51651690796658,11839400
2025-05-07,100.20549774169922,101.4029787285867,98.29149615679681,100.5294080063941,36155300
2025-05-08,103.17957305908203,104.22982143047395,101.94282953669834,102.05079962531862,19265400
2025-05-09,103.98444366455078,104.22982888559149,102.82622512169613,103.31699556377755,10438200
2025-05-12,108.450439453125,108.8921373003889,106.65422550431659,107.84188895789664,18366600
2025-05-13,109.32401275634766,110.12887592125865,108.11672175326221,108.2148743365807,14076700
2025-05-14,110.855224609375,111.31655000127726,108.78417284268328,109.32401581029647,15352200
2025-05-15,110.14851379394531,110.7668818246298,109.52032825810518,110.15833129910096,8322400
2025-05-16,111.32636260986328,111.34599762066989,109.3632808887009,109.8540513189915,10961000
2025-05-19,110.58039093017578,110.9042937052344,109.83441781992991,110.05035799567705,7209700
2025-05-20,110.28592681884766,111.30673016735544,109.74607637396686,110.36445188147798,6433300
2025-05-21,108.4209976196289,110.41352427762463,108.09708735314508,109.62829611808579,10150600
2025-05-22,109.07862854003906,109.73626658019961,107.94986258882716,107.94986258882716,7903700
2025-05-23,107.69466400146484,108.3130320453388,106.772013199774,107.57687640277162,8086100
2025-05-27,110.28592681884766,110.8061422537898,108.11672251147942,108.98047573472655,10201100
2025-05-28,109.46143341064453,110.39390172076848,109.11789560736202,110.12888149497735,5787900
2025-05-29,109.95220184326172,110.18777703714386,108.47989058002887,109.94239182660505,9682100
2025-05-30,110.95337677001953,111.25765203220872,109.3142053745531,109.94239090920564,12881100
2025-06-02,110.86503601074219,111.50303906094699,110.1779604111754,110.60002327621282,7546800
2025-06-03,111.5030288696289,112.57291219238172,110.44296305127614,110.64909320086838,9738800
2025-06-04,111.39505767822266,111.94472559072838,110.89447728722854,111.75823045179237,5614900
2025-06-05,110.45278930664062,112.2293758271558,109.77552373205205,111.63064280542781,8547200
2025-06-06,111.79749298095703,112.11158572157821,111.12022746676446,111.2674600770535,5790700
2025-06-09,113.52501678466797,113.9667071658259,111.87602787921621,111.87602787921621,7960400
2025-06-10,116.5383529663086,118.27567704368393,113.39741763051714,113.39741763051714,18948400
2025-06-11,117.31375885009766,117.34321136592807,115.47828225714109,116.19480288253794,10439200
2025-06-12,116.42054748535156,117.18614806250663,115.48808678005994,116.67575017392377,7980300
2025-06-13,115.76292419433594,116.13590700195742,115.1347386822566,115.1445486984789,13204900
2025-06-16,117.27449798583984,118.11861618369248,115.69421670000979,115.84144182904326,9592100
2025-06-17,115.94941711425781,117.12727061926492,115.47828170310484,116.79354283851609,9241200
2025-06-18,115.68440246582031,116.55797320273902,114.68322662871563,115.70402998739235,8181200
2025-06-20,115.45864868164062,116.8524423943379,114.74212804733803,116.06720671080598,17180400
2025-06-23,115.57643127441406,115.81199897384477,112.89682154735202,114.50655537772124,8348000
2025-06-24,116.95645141601562,117.38031411432493,116.06929605670585,116.06929605670585,8350200
2025-06-25,117.71546173095703,118.01118270147997,116.93673686104356,117.07473797515513,6976300
2025-06-26,119.7263412475586,119.93334291262333,117.97174925944141,118.26747022124617,10439600
2025-06-27,120.59378051757812,121.18522245416874,119.74606261749128,120.11077662182598,13435600
2025-06-30,122.23994445800781,122.91023877382277,121.42178966419762,122.53565789350199,13456200
2025-07-01,121.72736358642578,121.9935139533567,120.70220712222152,121.73722295718154,9815700
2025-07-02,121.22464752197266,121.93436428032354,120.781066087445,121.55979092004144,7317100
2025-07-03,122.2300796508789,122.46665189285142,121.14578206130095,121.31335375267747,4252300
2025-07-07,121.4020767211914,122.83137710704507,120.83035355865147,121.45135853282652,7023500
2025-07-08,120.08120727539062,121.94422984169572,120.08120727539062,121.46122594093058,6622900
2025-07-09,118.88847351074219,120.60363551131145,118.88847351074219,120.10091289165454,6724900
2025-07-10,119.82491302490234,120.20934576497264,118.89833521266709,118.89833521266709,6888700
2025-07-11,118.1590347290039,119.49962333055525,118.02103362477034,118.91804080228853,6112400
2025-07-14,118.25760650634766,118.78004033524819,117.89288500291889,118.07031606938475,6853300
2025-07-15,117.28173828125,118.51389636424958,117.18315961821314,118.51389636424958,7943600
2025-07-16,118.10974884033203,118.84904371477589,117.18316352447022,117.65631555313269,6747500
2025-07-17,120.46562957763672,120.64306064096714,118.04074339245172,118.04074339245172,9933700
2025-07-18,119.6869125366211,120.41635557790421,118.5730442737648,120.22906513210226,9486800
2025-07-21,119.11518859863281,120.22906437497113,119.05604741422422,119.34190900635987,6392500
2025-07-22,119.33204650878906,119.6967680175776,118.83918326364058,119.02647370335582,5614500
2025-07-23,121.18521881103516,121.42179106626146,119.7657702386845,119.78548145974652,8258900
2025-07-24,120.20934295654297,121.6386508853957,120.07134184899806,121.09649830540047,6702200
2025-07-25,119.73619842529297,120.7022061779014,119.1447640330128,120.51492325798543,5656600
2025-07-28,118.65190124511719,119.66719833455083,118.17874921716457,119.30247682299367,6042200
2025-07-29,118.1984634399414,119.0856112376309,117.65631087869022,118.85889836328663,6283700
2025-07-30,117.83374786376953,118.78004441055589,117.4788857186626,118.23789182206016,5281500
2025-07-31,117.40988159179688,118.19846578370895,116.88744776086601,117.75488435557233,7235000
2025-08-01,114.92584991455078,116.20729738266621,113.9204121857883,115.91157642217914,8637800
2025-08-04,117.64645385742188,117.81402555406507,116.04958177329885,116.04958177329885,8845000
2025-08-05,116.63116455078125,117.86332273252991,115.65529737657539,117.54789053882213,15365700
2025-08-06,113.52611541748047,114.46256007357668,110.59850660674665,114.12740916408553,22153700
2025-08-07,111.26880645751953,114.73856800652807,110.2239387567539,114.09784426680524,15484400
2025-08-08,110.82523345947266,112.65868539683322,110.42108197455606,111.68281824323698,9491000
2025-08-11,110.94351959228516,111.53495398290336,109.94793373043844,111.29838173075534,8532600
2025-08-12,112.0968246459961,112.76711900187266,110.88437767856615,111.69267315002052,7274000
2025-08-13,114.97514343261719,115.55672600394259,112.52068644503237,112.59954637343186,9025700
2025-08-14,114.64984130859375,115.04413339377851,112.98396871744457,113.83169406841819,6800900
2025-08-15,113.74298095703125,115.1722813829264,113.54583866397552,114.9061385352515,6768600
2025-08-18,114.88642883300781,115.33986212942779,113.51626957281583,113.5458401651155,5798400
2025-08-19,114.61041259765625,115.32013685462793,114.06826755505004,114.83713299327069,5914000
2025-08-20,115.36943054199219,116.20729656347052,114.3442740788259,114.4231340037994,7046700
2025-08-21,114.55126953125,114.99485094480538,113.88097524630726,114.90613165389593,6337100
2025-08-22,117.1634521484375,118.07031872163594,115.4581419979589,115.91157528455813,7161700
2025-08-25,116.02986145019531,117.35073882574632,116.02000207979303,116.79872689065964,5424900
2025-08-26,115.9707260131836,116.69030215777553,115.48772212649209,115.753864976568,5787400
2025-08-27,116.40443420410156,116.76915570215809,115.61585754736583,115.85242979233693,4378000
2025-08-28,115.96086883544922,116.68045251414705,114.94557170890717,116.41430213854098,5687700
2025-08-29,116.69029998779297,116.95645035341602,115.57643175374959,115.7144328616666,5212600
2025-09-02,116.58187103271484,116.59173040355418,114.34427516395587,115.34971289517222,6015900
2025-09-03,115.70457458496094,116.92688086734914,114.68927748690189,116.14815602502803,6288700
2025-09-04,117.1141586303711,117.97174336032462,115.09342389407261,115.4088560613263,6949300
2025-09-05,116.22701263427734,118.07031633507464,116.02000345585452,117.21273911230668,6669100
2025-09-08,117.14373779296875,117.18316775682275,115.07371357386128,116.2763011496704,6450700
2025-09-09,115.6947250366211,117.35074590072908,115.54686455365677,116.8381638958523,5444300
2025-09-10,114.13726806640625,115.83271878624136,112.86568002652992,115.18213571074813,7484900
2025-09-11,115.40885925292969,115.49757102719055,112.9938248401568,113.80212026112862,8399100
2025-09-12,114.30484771728516,115.33986358380332,113.45712229835515,114.60056868500367,7640900
2025-09-15,113.9697036743164,115.08357194161883,113.35855052065239,114.45270756644797,7150900
2025-09-16,113.58527374267578,114.196419390973,113.0726917248494,113.80212726660581,6844900
2025-09-17,114.44284057617188,114.99485250806744,113.5754039981875,113.59511521838203,7333900
2025-09-18,113.22054290771484,114.1274094548904,112.42210687384247,113.68383555173823,9460500
2025-09-19,112.13624572753906,112.96425235541462,110.33236447617224,112.96425235541462,23398400
2025-09-22,110.953369140625,112.00809616350351,109.92821270858948,110.16479247632579,15479800
2025-09-23,110.6478042602539,111.99825232920553,110.00708050431346,111.11109693794157,13145000
2025-09-24,111.81095886230469,112.52068315616218,110.59851194021539,110.80552112633755,8755200
2025-09-25,111.37723541259766,112.42211061919328,111.04209201158332,111.10123319517494,6365500
2025-09-26,111.85038757324219,111.94895871950861,111.15052265810526,111.51523665134067,6145700
2025-09-29,113.14168548583984,113.36840588789269,111.7123850814297,111.85038618859359,9304100
2025-09-30,112.86568450927734,113.24025787275913,111.72223815681234,112.89525510106586,9303700
2025-10-01,111.33780670166016,114.40341676056116,111.18009437014412,112.45168247513328,9736300
2025-10-02,110.53936767578125,111.55466475434368,109.19877905151543,111.36738183570839,8695100
2025-10-03,110.86466217041016,111.94895983110008,109.96764743333713,110.44079946880906,7148400
2025-10-06,111.14066314697266,111.49552528948075,109.85921568563828,111.08152196338676,6141200
2025-10-07,110.9238052368164,111.7813900254436,110.20422908126997,111.02237638573415,5409800
2025-10-08,110.29293823242188,111.58423754963299,110.05636597655416,111.1998048136618,7074400
2025-10-09,109.40577697753906,111.3870892549816,109.29734646600515,110.22393173893275,6502400
2025-10-10,107.63147735595703,111.07166068453807,107.55261743219965,109.93807372213854,9635200
2025-10-13,108.69606018066406,109.37621388683192,107.81876417846033,108.8143500705835,7435100
2025-10-14,109.58321380615234,110.24364875988587,107.64133138713296,108.08491282688409,7898000
2025-10-15,110.1155014038086,111.07165726859614,109.55363762518547,109.87892916030833,7012600
2025-10-16,108.3116226196289,110.49007723202818,106.96118215882947,110.1943638011324,7531200
2025-10-17,109.09034729003906,109.86907210851032,107.87790793608096,108.1736213665725,10090500
2025-10-20,110.3619384765625,110.64780006515922,109.0213498295899,109.44521252709589,8047500
2025-10-21,112.66854095458984,112.90511320674356,110.44079697869476,110.6477986393913,8163200
2025-10-22,111.46595001220703,112.64881875718109,111.36737887020854,112.37281655138689,7569200
2025-10-23,111.41666412353516,112.20524832488108,110.3027958955931,111.55466523069624,6945400
2025-10-24,110.0859375,112.02781993789965,109.99721820298862,111.61381660650383,6235200
2025-10-27,110.73651123046875,110.992802225815,109.72121414030401,110.34222664747004,6029600
2025-10-28,110.05636596679688,110.87452077220003,109.86907552398264,110.31265696425376,6839400
2025-10-29,108.66648864746094,109.93807675122338,108.43977576103224,109.59307397589942,7097100
2025-10-30,110.24365234375,111.95882193375118,107.98634519092047,108.55806086709089,8311300
2025-10-31,111.01252746582031,111.48567200131468,108.95235505271887,109.98737094492012,8700600
2025-11-03,110.51966094970703,111.19980713961529,109.4452151242777,110.94352365727146,8542300
2025-11-04,109.87893676757812,110.19436895424884,109.06078194823024,109.38607350587408,7950100
2025-11-05,109.77050018310547,110.37179393080024,109.02134596097005,109.76064081267712,5746000
2025-11-06,108.91291809082031,110.11550561539397,107.6216187917271,109.58321240678778,10291800
2025-11-07,109.15935516357422,109.83950888416446,108.46934959232085,108.68621063485668,8782100
2025-11-10,110.637939453125,111.18009203239778,109.44521129922117,109.56350118574332,9158700
2025-11-11,113.21068572998047,113.32897561601033,110.81537006147396,111.04209046290711,9713300
2025-11-12,114.98500061035156,115.4187151672819,112.75725655879059,112.93468763405644,15248700
2025-11-13,106.07402801513672,107.79904936978424,103.4125695047362,107.33575671697092,44045400
2025-11-14,104.28986358642578,107.178042445792,103.79700035117897,105.98530679845808,16691400
2025-11-17,104.18143463134766,106.13316886064071,103.61957083558194,104.24057581390313,12296400
2025-11-18,104.76300811767578,105.55159230254684,103.501279438279,103.59985058126385,11796200
2025-11-19,103.17598724365234,106.0543067153343,102.59441223938273,104.56586516856152,12790000
2025-11-20,101.2341079711914,104.2898661203646,101.03696568050115,103.86600342693386,12609900
2025-11-21,102.79155731201172,103.28442055767384,101.22425580064441,102.00298063125011,10785400
2025-11-24,100.4849624633789,102.85070006221002,100.43567312986309,102.60426843562375,15024800
2025-11-25,101.83539581298828,102.43668954127516,100.54409658691114,101.02710043536432,10574500
2025-11-26,101.95369720458984,102.76199267347984,101.41154459475649,101.84526668262318,10130200
2025-11-28,102.97885131835938,103.2449941712158,101.76640438302186,101.8255530884873,6525500
2025-12-01,105.24601745605469,105.30516616131858,102.97885096751278,103.42242489426108,12628900
2025-12-02,103.3337173461914,105.04887945910929,103.32385797482782,105.00944949415181,8548200
2025-12-03,104.23072052001953,104.33915103927637,102.97885114382227,103.40271384987265,10177800
2025-12-04,103.9645767211914,104.70387160730532,103.01828016942518,104.32929071855652,11471400
2025-12-05,103.79700469970703,104.65458195184677,103.06756166622483,103.67871481091348,10680100
2025-12-08,106.09374237060547,106.5077532235307,103.33371263391743,103.79700530041951,13727700
2025-12-09,105.49244689941406,106.21203055464959,105.0291617608474,106.05431070454455,8549400
2025-12-10,107.27661895751953,108.10462562433456,105.05873428791234,105.59102751107764,11237900
2025-12-11,109.86907196044922,109.96764310381356,107.55261624915427,107.64132802203332,13281400
2025-12-12,110.00707244873047,111.72223439924535,109.5634985458288,110.13522170283247,13059100
2025-12-15,109.64981079101562,110.7017554968497,107.72456807053958,109.85821300229183,14318000
2025-12-16,110.77122497558594,111.99186760326596,110.01700202680637,110.3742651303662,15580200
2025-12-17,109.78874969482422,111.27734346351971,109.6200442181698,110.21548021137211,12142500
2025-12-18,111.01932525634766,111.9422536896534,109.58034674668848,109.6895108947102,12913900
2025-12-19,110.39411163330078,112.61708377659764,110.07654526588401,111.46590096259969,21138400
2025-12-22,111.52543640136719,111.94224838833786,110.30479381693752,110.56281884289479,8803300
2025-12-23,112.35905456542969,112.44836655386564,111.18802720942375,111.43612616136247,7634500
2025-12-24,113.6094741821289,113.6590894291559,111.9422489401646,112.0811837460467,4606700
2025-12-26,112.69646453857422,113.86749188452968,112.40866884822985,113.2819819972415,5428900
2025-12-29,113.3216781616211,113.61939235705125,112.44836501704958,112.45829109497764,7966000
2025-12-30,113.9171142578125,114.40338607755221,113.23235873617357,113.23235873617357,6883900
2025-12-31,112.90486907958984,114.01635512338707,112.68654835920721,113.89726489932262,6608000
