Price,Close,High,Low,Open,Volume
Ticker,GE,GE,GE,GE,GE
Date,,,,,
2021-01-04,50.87406921386719,52.96345223952581,50.533937958282735,52.91486418526968,16040798
2021-01-05,52.33179473876953,52.866285784472566,50.63113059277235,50.679722378267556,16793346
2021-01-06,55.19862365722656,56.46196915129639,52.62333344647758,52.62333344647758,26400690
2021-01-07,54.76130676269531,56.21901934266706,54.615535132803274,56.17042755972017,15105891
2021-01-08,55.1014289855957,55.58733185901544,54.226803069650565,54.85847754888583,14590235
2021-01-11,55.63593292236328,56.02465602978606,53.740909168283004,53.983860645553655,13493535
2021-01-12,57.239410400390625,57.87108495180328,55.44157030709957,55.927473236040306,18346073
2021-01-13,56.21901321411133,57.43377046587394,55.97605804481057,57.23940707422298,10776915
2021-01-14,56.65633010864258,56.996461429995016,56.26760700469039,56.413378633541036,11879594
2021-01-15,55.0528450012207,56.36478211269264,54.66412192994613,56.36478211269264,14768762
2021-01-19,55.53874969482422,56.607735385960495,55.39297807354463,55.78170115730739,12740305
2021-01-20,55.344383239746094,55.878877915296776,54.907072118985155,55.878877915296776,11840751
2021-01-21,53.78950500488281,55.53875726063427,53.78950500488281,55.39298561949683,13162304
2021-01-22,53.98386001586914,54.323995055239536,52.96346233565518,53.30359737502557,10617570
2021-01-25,53.400787353515625,54.17823370680896,52.331801406949275,54.129641915122136,18462763
2021-01-26,54.85849380493164,59.42598811886534,54.421182576846014,58.45418208405362,42495519
2021-01-27,55.29580307006836,56.17042915531689,51.700118879368596,53.83809044868832,29983117
2021-01-28,53.886680603027344,55.73311256737837,53.78950075626121,55.441573027079976,18879766
2021-01-29,51.89448165893555,54.61553992589303,51.84588987172421,53.44937422231067,21921317
2021-02-01,52.18601989746094,53.44936905328907,51.70011694813452,52.769102692862916,13379614
2021-02-02,54.61552810668945,55.150022774549676,52.67191654203142,52.86627621091795,16946953
2021-02-03,54.42117691040039,54.90707987721303,53.78950230975421,54.61553660954595,10877474
2021-02-04,55.63593292236328,55.87888439963393,54.372583752976425,54.56694716616214,13396066
2021-02-05,55.392982482910156,56.1218369283776,55.004259368204444,55.9274772304991,10396669
2021-02-08,56.41337585449219,56.60773553741939,55.44157000195934,55.73310952635014,8517928
2021-02-09,56.0732421875,56.364785437892394,55.441571343230684,56.17042575026314,10581235
2021-02-10,55.392982482910156,56.31620034520481,55.29580263397091,56.31620034520481,9140985
2021-02-11,55.68452453613281,55.733112600070065,54.37258358770027,55.344389493828885,10398836
2021-02-12,56.99646759033203,57.04505937818372,55.295807080809105,55.44157872541516,11725144
2021-02-16,58.16263198852539,58.21122005321798,57.23941413198185,57.4337775475983,12100796
2021-02-17,57.62813186645508,58.06544672157068,57.14222895118109,57.53095202718995,8615357
2021-02-18,56.510562896728516,57.628140513336604,55.92748005470005,57.53096065949001,9802022
2021-02-19,58.40557861328125,58.45417039288285,56.75350645315579,56.94786985261381,12248665
2021-02-22,60.737911224365234,61.70971703041384,58.45416832394066,58.64852799757108,19388781
2021-02-23,61.175235748291016,61.46677530486732,59.18303204308316,61.22382381491265,14454364
2021-02-24,63.75053787231445,64.86811195899386,61.466786747490744,62.19564135303794,21426186
2021-02-25,62.001258850097656,64.47936880570488,61.515355958121226,63.65333091418641,18526244
2021-02-26,60.932281494140625,62.389990367739635,60.30060690512465,61.61254414757403,17802448
2021-03-01,63.70193862915039,64.57656107837944,62.147046010634085,62.7787169530886,15657201
2021-03-02,63.070247650146484,64.3821884998204,63.02165587091843,63.896285583333274,15490231
2021-03-03,65.30540466308594,66.1800344037534,63.41038471515188,63.60474440044566,23589309
2021-03-04,65.93708801269531,68.65814612993303,64.04206048100818,67.44338870597848,33418377
2021-03-05,66.131591796875,67.15274206022592,63.89478823034036,67.10411443942198,21061930
2021-03-08,68.90327453613281,69.72992164244592,67.15273253906982,69.09777754838828,28835014
2021-03-09,68.0766372680664,70.11893780035116,67.2499974856715,68.56289859066916,22966413
2021-03-10,64.42967987060547,66.81235895595086,62.82501297717291,66.37472523715408,44186284
2021-03-11,59.664306640625,62.53325414478131,58.10827129034603,61.706606992162996,61355743
2021-03-12,61.171722412109375,61.36622544898379,59.46980781353832,59.51843171191121,26996039
2021-03-15,64.91593170166016,64.96455931737628,61.901108847846565,61.94973646356269,22351422
2021-03-16,63.943424224853516,64.91594699475718,63.55441809424562,64.81869174041324,14938641
2021-03-17,66.18020629882812,66.18020629882812,63.84614795336419,64.18653378813438,15895858
2021-03-18,64.42967987060547,66.56922828513228,64.13792157694652,66.08296694349514,12792812
2021-03-19,64.28380584716797,64.91594262772662,63.11677264708518,64.1865505993666,13737991
2021-03-22,63.846153259277344,64.38104213977594,62.87363072869158,63.99203610489447,10591427
2021-03-23,61.56071853637695,64.08927606266886,61.02582972122129,63.01950587573871,13172818
2021-03-24,60.7827033996582,63.3112611040554,60.7827033996582,62.046984112702226,12454218
2021-03-25,62.48462677001953,62.87363281782671,59.46980384767572,60.29644728180273,14725103
2021-03-26,63.16539001464844,63.84615430857022,61.80385770511377,62.9708869940111,12143472
2021-03-29,62.970882415771484,63.45714365370276,62.144235333935654,62.8249995783631,10786807
2021-03-30,64.67279052734375,64.96454873071322,62.72774576272189,63.11675173829388,10618713
2021-03-31,63.846153259277344,65.30493705515599,63.846153259277344,65.06180642250955,12557044
2021-04-01,64.5755386352539,64.96455207422811,63.94340203157016,64.33240802716303,11874438
2021-04-05,65.4508056640625,65.98569442821331,65.01317210916838,65.49943326869084,10180082
2021-04-06,65.1590805053711,65.6453419113538,65.01320506092998,65.45083883763756,8035938
2021-04-07,65.1104507446289,65.7912226454262,64.47831391489883,65.15907837231214,8379669
2021-04-08,65.40219116210938,65.64532179057939,63.651649148448826,64.47829626259968,11018763
2021-04-09,66.131591796875,67.24999730183379,65.25632439593589,65.64533047560151,12689464
2021-04-12,66.08293914794922,66.52058012605043,65.49943024944781,66.18019435272285,8442187
2021-04-13,65.35356140136719,65.83982264233721,64.47829414497383,65.6939472473989,10277370
2021-04-14,66.5206069946289,67.05548850678942,65.25632603881203,65.30494621745707,12968951
2021-04-15,65.8884506225586,66.86097310992223,65.35356176583224,66.76372532721493,10208753
2021-04-16,65.1104507446289,66.52061473052275,64.91594767727996,66.27748403549056,10036727
2021-04-19,65.4508056640625,65.49943326869084,64.04064234674298,64.77004152940715,9003729
2021-04-20,63.50578308105469,65.20769773044549,62.727763466942285,65.20769773044549,12330465
2021-04-21,64.91593170166016,65.06180710542635,62.09561558901997,62.87363138864035,9953202
2021-04-22,65.20769500732422,66.52060351652231,64.5755508407766,64.91593673379322,10555051
2021-04-23,65.8884506225586,66.18020885744404,64.96455574823949,65.64532000071769,9357311
2021-04-26,65.98571014404297,68.07663065063231,65.88845491162299,66.27746839792066,18815482
2021-04-27,65.59669494628906,65.83982557761334,62.776382600280215,65.64532256123033,30050351
2021-04-28,64.1865463256836,64.91593830547909,63.943415665751765,64.81868306415318,13261158
2021-04-29,64.23515319824219,64.62415915113012,63.603009220573654,64.08927038337383,11066635
2021-04-30,63.797550201416016,64.91594843425186,63.603039688414924,63.99205327103302,10011667
2021-05-03,65.40219116210938,65.79120463369058,64.04065517664807,64.38104103385889,12734908
2021-05-04,63.797550201416016,65.11045150386886,63.554419503548736,64.86732080600159,15557003
2021-05-05,64.23515319824219,64.62415915113012,63.65163682552978,63.99202261684211,11168297
2021-05-06,64.23515319824219,64.72141436104236,63.35987863917357,64.28378080319831,12595406
2021-05-07,64.67279052734375,64.86729351512975,63.554392765038564,63.99202634840229,10810442
2021-05-10,64.91593170166016,66.0343370896023,64.67280106646172,64.72142868217783,13154138
2021-05-11,63.65165710449219,64.62417973993128,62.92226512791287,64.13791842221174,13645738
2021-05-12,62.33875274658203,63.84616060951444,62.09562208594537,63.603029948877776,14215045
2021-05-13,63.0681266784668,63.40851250337966,61.85247737315614,62.24148336444405,13158312
2021-05-14,64.47830963134766,64.67281268577499,63.359904042469374,63.79754521916025,10167742
2021-05-17,63.943424224853516,64.86731936758521,63.797548786721535,64.33243035546141,15316179
2021-05-18,63.0681266784668,64.5269177542496,63.0681266784668,64.08927670982413,9816408
2021-05-19,63.65165710449219,63.70028472494072,62.19287315133355,62.72776208950163,11921066
2021-05-20,63.50578308105469,63.748913745253375,62.82501126659192,63.65165850222068,9324527
2021-05-21,64.3324203491211,64.57555100378019,63.45715296970148,63.74891124396894,10697965
2021-05-24,64.08926391601562,64.72140782989344,63.797513202481014,64.62415262979538,7827397
2021-05-25,63.797550201416016,64.62419010813431,63.70029494491547,64.18655634065003,9496071
2021-05-26,65.1590805053711,65.30495594981221,63.40853795515654,63.79755154597324,12092309
2021-05-27,69.77853393554688,70.02167197764528,66.08294734636694,66.13157495478663,37035234
2021-05-28,68.3683853149414,69.7299212804247,68.22250991735262,69.48679065552217,14560581
2021-06-01,68.8060302734375,69.72993275480499,68.56289960852669,69.19504380332462,10087388
2021-06-02,68.51426696777344,68.95190059633241,68.12525350864634,68.95190059633241,8012785
2021-06-03,68.51426696777344,69.87579546626397,67.78487510571458,68.02800572640086,12672972
2021-06-04,67.88211059570312,69.0491358749932,67.3958494423839,68.85463290234159,12855029
2021-06-07,67.63898468017578,68.41700406777743,67.39585408676157,68.07661825964519,7493597
2021-06-08,67.59037017822266,68.02801128592918,66.71510284957427,67.93075605235389,8852489
2021-06-09,66.76373291015625,67.15273897193183,66.47197464213328,66.95823594104404,11189043
2021-06-10,66.2774658203125,67.44449134705404,66.08295536303729,67.15273310452316,9999489
2021-06-11,66.56922149658203,67.00686261413261,65.9857124121521,66.37471846843872,8500031
2021-06-14,65.49945068359375,67.24999281198241,65.2076924216319,67.00686216757794,9114079
2021-06-15,65.83982849121094,65.98571134249046,64.72143051497982,65.40219482413713,7629388
2021-06-16,65.35356140136719,66.37471149608058,64.62416953991215,65.64531963462555,14070907
2021-06-17,63.21400451660156,65.69393798455445,62.77637095011121,65.20767681214724,15451709
2021-06-18,62.14423751831055,63.3112630416903,61.9983621191563,62.435995760000964,16465184
2021-06-21,64.13790893554688,64.13790893554688,62.53324980177133,62.67912519815755,10825169
2021-06-22,63.359901428222656,64.1865486796605,62.92226771297218,63.797542586856345,7678083
2021-06-23,62.970882415771484,64.13790789813021,62.922254803302025,63.31126081629437,8763306
2021-06-24,63.943424224853516,64.18655491732943,62.82501857343395,63.50579046707365,9594524
2021-06-25,64.04071807861328,64.43002005003184,63.748737875527034,64.04071807861328,6844839
2021-06-28,62.72682571411133,64.08939038514961,62.24019441030531,64.04073321400614,12396856
2021-06-29,63.700096130371094,64.38137854940494,63.067478337492666,63.55410970095217,13883493
2021-06-30,65.5006103515625,65.84125515661053,63.505421027090804,63.99205220627685,13754002
2021-07-01,65.59795379638672,66.32790825544122,65.01400065780886,66.0845925854387,9368346
2021-07-02,65.01402282714844,65.88995655822613,64.77070707417691,65.88995655822613,6653090
2021-07-06,62.8728141784668,64.81934690629265,62.38618658329532,64.6246884191774,14172730
2021-07-07,63.164794921875,63.65142624512744,61.99688123587849,62.67816359862256,12250973
2021-07-08,62.62950134277344,62.97014626153917,61.36426208922748,61.94821895428896,10798825
2021-07-09,64.04071807861328,64.18670445563409,62.97012648364526,63.31077129541999,8290767
2021-07-12,63.797428131103516,63.9434145668116,62.775500734004005,63.554112438891615,11187237
2021-07-13,62.72682571411133,63.70008832172336,62.678161093921446,63.70008832172336,7907410
2021-07-14,62.3375244140625,63.16479694518639,61.89955769891558,62.67816560634605,8970443
2021-07-15,62.09420394897461,62.872811796271534,61.16960224187284,61.75356278299951,10310877
2021-07-16,61.072288513183594,62.62950823283652,60.92629834972652,62.28886700111931,9141767
2021-07-19,58.395809173583984,59.56372289887017,57.519872017357606,59.32040722905859,19842400
2021-07-20,61.80222702026367,61.99688178600592,58.34714310470342,58.44446862531285,15072405
2021-07-21,63.65142822265625,63.797422093595756,62.142873308419766,62.2401988311893,13548149
2021-07-22,61.80222702026367,63.55410501385038,61.80222702026367,63.505440391283976,8712244
2021-07-23,61.85089111328125,62.678163618163644,61.46158530965325,62.288857814535646,7579911
2021-07-26,62.8728141784668,62.970143422024414,61.461584841161205,61.60757498197431,10800049
2021-07-27,63.65142822265625,65.54929640154128,62.28885973031233,64.86800656858412,23964901
2021-07-28,63.894737243652344,65.59794675073397,63.45677057449773,63.99206648081833,13757312
2021-07-29,64.67333984375,65.11130645229477,63.7000774029638,64.1867086233569,10889854
2021-07-30,63.01880645751953,64.332713967241,62.872812595858,64.04073369296441,12050777
2021-08-02,61.193939208984375,65.21473734576166,61.09053153940678,63.5541064140319,39943542
2021-08-03,62.690330505371094,62.77549545991871,59.67929906722072,60.950624197122245,23177543
2021-08-04,62.59908676147461,62.927567385866254,61.71707118100361,61.92996866803052,22702917
2021-08-05,62.665992736816406,63.651419573302626,62.361848191663505,62.653828444819474,13050690
2021-08-06,63.578433990478516,64.02857244066962,62.8728155815556,62.8728155815556,17637083
2021-08-09,63.085723876953125,63.42636882623478,62.06380020267966,62.994480492222074,12768033
2021-08-10,64.52737426757812,64.67944657299488,62.775499819367646,63.146551775156,12930790
2021-08-11,64.5030288696289,64.60644398154436,63.15262848328629,64.60644398154436,13330458
2021-08-12,64.79501342773438,65.22690172062478,64.01640179568884,64.59427651062973,10270509
2021-08-13,63.82175064086914,64.8558422342593,63.614935301809886,64.78284902335879,9020462
2021-08-16,62.866737365722656,63.444612072653236,62.191533412742935,63.4020333208993,11101144
2021-08-17,61.81438446044922,62.81806140181362,61.04793727106184,62.3740089015827,13125487
2021-08-18,61.68666076660156,62.93973580612082,61.29127277637068,61.48592383559793,10427487
2021-08-19,60.47615432739258,61.3277628634001,59.977358713332606,60.82896352481679,17344153
2021-08-20,60.85938262939453,61.236524166563115,60.281507891762764,60.57957034344597,10203095
2021-08-23,61.419010162353516,61.72923690432119,60.99320400486785,61.19394092735941,9642436
2021-08-24,62.818077087402344,62.96406351752613,61.47375868425948,61.61366296721539,11007246
2021-08-25,63.68793487548828,63.949500735639994,62.38011302377737,62.87282283336543,12627427
2021-08-26,62.88499069213867,63.639266315278135,62.55651005699299,63.54193706433559,13107992
2021-08-27,64.53343963623047,64.56993996176604,63.20128948987251,63.20128948987251,12473178
2021-08-30,63.985984802246094,64.75851798138021,63.748755013549996,64.67943890213262,11469513
2021-08-31,64.11981964111328,64.69769438062808,63.54193745255122,63.83391775811551,17641256
2021-09-01,63.05530548095703,64.15631190096535,62.8119898035229,64.08939711005209,12789542
2021-09-02,64.6368408203125,64.68549797848512,63.24994048437116,63.26210477391431,13633178
2021-09-03,63.718360900878906,65.30599906767912,63.310808530377976,64.4787225805631,12225833
2021-09-07,62.83022689819336,63.83390385880825,62.23410584720851,63.566259648929204,17639170
2021-09-08,62.39834976196289,63.706175134806536,61.08444596715962,62.6234189780157,19263203
2021-09-09,62.83022689819336,63.82173956727659,62.112448033800646,62.26452030056048,15066205
2021-09-10,62.04555130004883,63.23171525451548,61.91172543970248,62.830241398000126,15350467
2021-09-13,63.54193878173828,63.78526191567115,62.057716083556016,62.44093977706008,20038302
2021-09-14,61.060115814208984,63.59668384715307,60.87154691943709,63.59059797593189,25717763
2021-09-15,62.14287567138672,62.331444577271135,61.24868831841441,61.3095172380238,13007192
2021-09-16,61.64407730102539,62.471349876297744,61.327768403708326,62.28278096733858,9601506
2021-09-17,61.114864349365234,61.96038705144347,60.90804528400082,61.52849875557056,17203387
2021-09-20,60.7133903503418,60.74989068053254,59.16833509789115,59.916532274425556,16217539
2021-09-21,58.89459991455078,60.822878672340714,58.52354429381618,60.768131906276196,25342171
2021-09-22,59.940860748291016,60.23892317044801,59.405564817701986,59.41164696416983,18002884
2021-09-23,62.62950134277344,63.3107911803049,60.53698955334676,60.54307170021254,18620844
2021-09-24,63.189579010009766,63.43308393034165,62.45906424901411,62.495589241579815,10528608
2021-09-27,64.13314056396484,64.72972892358459,63.54872595559478,63.64613087526929,12971559
2021-09-28,64.3644790649414,64.9854149985257,63.75571688400792,64.09661923242706,20146646
2021-09-29,64.69929504394531,65.13760230143212,64.10878979396168,64.52884015080072,11876404
2021-09-30,62.7208137512207,65.19238344031042,62.67211129154379,64.74799306470958,14356273
2021-10-01,64.41926574707031,64.76625870498611,63.11042703636867,63.42089873572671,12992425
2021-10-04,63.85919189453125,65.1862946683325,63.67656327762753,64.1635729227041,12288913
2021-10-05,63.85919189453125,64.52883015651155,63.15911552973366,63.956589350643874,9208740
2021-10-06,63.512210845947266,63.56699645929002,62.130318484139345,63.11651543560299,11257962
2021-10-07,64.23055267333984,64.85148860496396,63.51221181113812,63.82267604953052,10684302
2021-10-08,63.7496337890625,64.66277716801804,63.713112526808416,64.14532925327657,6859525
2021-10-11,63.36003112792969,64.3827532388168,63.29306429587975,63.822685983084,6615872
2021-10-12,62.5321044921875,63.33566911312617,61.82594107872323,63.04346176328311,13722903
2021-10-13,62.31294250488281,62.824303434968634,61.59460170697423,62.21553758302316,12065484
2021-10-14,62.54427719116211,63.09825377121152,62.3190366697102,62.7877820694538,9853826
2021-10-15,63.56089782714844,64.46795781842238,62.81820956481905,63.09824310947291,9069257
2021-10-18,63.384376525878906,63.65831953994762,62.72691180114595,63.11652411628115,6653913
2021-10-19,63.75571823120117,63.90181817577665,63.055641708334655,63.66440390213163,6767714
2021-10-20,64.52883911132812,64.54101286317686,63.23217426040298,63.7678864352968,9803748
2021-10-21,62.79387283325195,64.76625937050154,62.7086416527291,64.38274515008713,11588129
2021-10-22,63.34174346923828,63.62176953925992,62.42860039448517,62.732981419402876,8595273
2021-10-25,64.10270690917969,64.52274981290849,62.90344695846796,63.09215875303697,10427005
2021-10-26,65.40547943115234,67.55441958237076,64.05402843599992,64.38276459471817,18781193
2021-10-27,63.220001220703125,65.91681902590452,63.122596295138344,65.6733141668315,14420637
2021-10-28,64.0783462524414,64.15139620485598,62.763417289629054,62.939955295867414,9487384
2021-10-29,63.840946197509766,64.06618673321003,63.38437452183084,63.889648667216846,9018536
2021-11-01,64.6688461303711,64.99757465484655,64.09052218390812,64.38272945835169,7844250
2021-11-02,64.9488754272461,65.22281836286697,64.1026991191524,64.73580869954097,7192101
2021-11-03,64.51058197021484,64.73582249654051,63.81050542997798,64.62625126280997,6599661
2021-11-04,64.04792022705078,64.7723441952424,63.48785309165279,64.4496987685037,7505094
2021-11-05,66.1968765258789,66.75084580762599,65.04631117792734,65.09501365831564,12202399
2021-11-08,66.0020523071289,67.15261740584799,65.94117608354081,66.59864078926027,8305554
2021-11-09,67.74919891357422,70.71995980981805,67.25609857133657,69.8433378074888,40325875
2021-11-10,66.33079528808594,68.59538955019067,65.81334733375476,68.48581084536414,13952431
2021-11-11,65.1375961303711,66.72037757206184,65.00366996088799,66.08117737445596,8848557
2021-11-12,65.49677276611328,65.70375638216981,64.80887746009434,65.38111093275772,12240118
2021-11-15,64.93669128417969,66.1542152476425,64.65057464373331,65.76461056126915,9831034
2021-11-16,62.91563415527344,64.65669726723554,62.592988654195636,64.62016854830576,19257424
2021-11-17,62.08769989013672,63.23826480818856,61.74070696113906,63.12868613196855,13334471
2021-11-18,61.28413009643555,61.97202901947544,60.377073839764,61.746788537866266,13692888
2021-11-19,60.8519172668457,61.32675327415596,60.45013496003999,60.75451606025944,10598911
2021-11-22,61.50938034057617,62.075530663283274,61.04672182571407,61.16238738628452,9962170
2021-11-23,62.14249038696289,62.22163095764405,61.57634009496871,61.959861741470505,9648856
2021-11-24,62.23381042480469,62.28859976896776,61.67375068483074,62.00856989898078,8943739
2021-11-26,59.56134033203125,59.719617751856234,58.14292297502584,58.842999475430645,13815999
2021-11-29,59.902244567871094,61.13803323471468,58.946485747121365,60.43186987969814,15692352
2021-11-30,57.82636260986328,59.31174674178599,57.509807780056484,58.83082016616731,18313148
2021-12-01,56.61492156982422,58.98301067617557,56.578396588314014,58.7760308110587,13895451
2021-12-02,57.97247314453125,58.30729236965451,56.49926631753693,57.34544655924152,9782400
2021-12-03,56.474918365478516,58.0455263910155,55.84180490838531,57.91159646556929,12973646
2021-12-06,58.44730758666992,58.983019823295734,56.761034025817665,57.132378229028355,10721861
2021-12-07,59.38479232788086,59.85962826497583,58.623839689856375,58.806468322982255,8104115
2021-12-08,59.82919692993164,60.23097922279178,59.03780236941002,59.38479904806806,7635106
2021-12-09,59.55524826049805,59.77440561976761,59.04997790476321,59.5187232764263,6527432
2021-12-10,59.01953887939453,59.99964519508583,58.715157804495405,59.713528475648445,6863859
2021-12-13,56.69406509399414,58.684719555485614,56.505349573495664,58.42295034073584,11843339
2021-12-14,56.07312774658203,57.26021771152103,55.83570975359423,56.46273628284155,11654259
2021-12-15,56.05487823486328,56.25576755537132,54.898226149186875,56.14010570148201,12350388
2021-12-16,56.32880783081055,57.4306665743093,56.12791483080172,56.32272095480835,11440140
2021-12-17,55.67134475708008,56.657541701519065,54.8556027099277,56.2801069225043,14550168
2021-12-20,54.82441711425781,54.897534766649905,53.72159369949309,54.8366052549979,9651745
2021-12-21,56.70105743408203,57.07273050439422,55.27530586714026,55.27530586714026,12227117
2021-12-22,56.7071533203125,57.09710300854405,56.152691683724605,56.61575903700902,7485993
2021-12-23,57.27379608154297,57.602816250118,56.8472894228266,56.8472894228266,6236589
2021-12-27,57.65155792236328,57.68202268188334,56.93868031118401,57.04835493772952,5503703
2021-12-28,58.06586837768555,58.541116291484585,57.420012622189475,57.53577943104344,6503676
2021-12-29,57.7551383972168,58.17555283772194,57.541885073986414,57.883093375701726,5602577
2021-12-30,57.70029830932617,58.4801938508253,57.59671589702225,57.67592575756743,5247049
2021-12-31,57.56016159057617,57.86480917490966,57.212861106026125,57.578438207226306,6092452
2022-01-03,58.63861846923828,59.3697726989667,57.73076415717224,58.017135135559165,7415209
2022-01-04,60.54570388793945,60.96002606733455,59.765808362354925,60.18622274689466,12237390
2022-01-05,60.54570388793945,62.02020033640082,60.496962516099536,60.76505311860914,9461542
2022-01-06,60.89910125732422,61.58760629754186,60.57617332220978,61.20374884491022,6864983
2022-01-07,61.7825813293457,62.29439003975839,60.789432398981965,60.80770901643899,10029103
2022-01-10,60.576171875,62.148158612344304,60.2837124363144,61.97755447509873,9259300
2022-01-11,62.02021026611328,62.37360298927609,60.911290716981256,61.10626742760619,9107137
2022-01-12,62.29438781738281,62.52592147571142,61.77039471402576,61.800859472717256,7316816
2022-01-13,62.42844009399414,63.15350215622071,62.0263022618681,62.324857667571216,7034320
2022-01-14,62.854949951171875,62.921975417706435,61.48403554688299,61.941010745663164,7030789
2022-01-18,62.690433502197266,63.20224595623599,62.245650236595836,62.489368320985676,13499795
2022-01-19,61.30733108520508,62.75135915389938,61.21593680919447,62.568570601878164,9147425
2022-01-20,59.86330032348633,62.02020602086063,59.692696179702715,61.06970628001118,9045502
2022-01-21,58.675174713134766,59.92422984022946,58.40708408606073,59.52818797066285,12964978
2022-01-24,59.04684066772461,59.369768589106684,56.23189483972428,57.63327368302692,15847565
2022-01-25,55.51293182373047,56.2745508529488,53.800812992184355,55.51902402982752,33629909
2022-01-26,54.42229461669922,56.00037004904947,53.64848741632335,55.75665195079256,17073695
2022-01-27,54.77568817138672,55.91506880551984,53.660676362897185,54.836617696863,12527109
2022-01-28,56.11613845825195,56.1526954278742,54.13592885464007,54.41011172283248,10398756
2022-01-31,57.566253662109375,57.61499876776251,55.46418533510204,55.817574293696296,11238219
2022-02-01,59.68050765991211,59.96687488438916,57.73075947475944,57.88308699094785,13080224
2022-02-02,59.735347747802734,60.064367885937564,58.58987133523943,59.509906296357045,8926564
2022-02-03,59.90595626831055,60.417765026853964,58.82750516301278,59.19308231473184,9972924
2022-02-04,60.32636260986328,60.96003033359211,59.49162971819297,59.52818668230204,10278374
2022-02-07,60.8686408996582,61.28905534706149,60.01562759274045,60.54571294119454,7039456
2022-02-08,60.5091552734375,61.234217322057525,60.09483676757134,60.917385304002025,8279712
2022-02-09,60.47260665893555,61.21594915885979,60.39339677814001,61.08190195525842,10632457
2022-02-10,60.19231414794922,61.34388267085012,59.71097025702756,59.94859609995677,8848717
2022-02-11,58.99809646606445,61.06970373592981,58.59596240753627,60.33245360949789,11966771
2022-02-14,58.85796356201172,59.34539971160285,58.22429582140659,58.92498528644385,11172731
2022-02-15,61.4901237487793,61.77039880114919,59.68051472435944,59.704887279061914,10741924
2022-02-16,61.788673400878906,62.09332097960612,60.86254252313835,60.98440155462924,7850670
2022-02-17,59.99125289916992,61.19156667666638,59.63786019234322,61.142821568592595,6229366
2022-02-18,56.47562026977539,60.30199952945839,56.0064644358897,59.96688342294697,25110235
2022-02-22,57.36518478393555,58.01713285152056,56.280637893595234,56.44514982721753,12349746
2022-02-23,56.45124435424805,57.7977897142417,56.24408324265801,57.145841619846074,11839969
2022-02-24,56.38422393798828,56.719336301647324,53.435234391651996,55.196098285015296,18285861
2022-02-25,58.717830657958984,59.35759067491356,56.70106038186955,56.91431745153806,11191511
2022-02-28,58.1938362121582,58.3827169907039,57.353007287427616,57.736864781474964,10142743
2022-03-01,56.25627136230469,58.528943921726636,55.97599631999942,57.85871921023508,10806289
2022-03-02,57.371273040771484,57.85262066674962,56.713236543622465,56.944770183592205,7131107
2022-03-03,56.32938003540039,58.065874901957145,56.04301281403823,57.846525668668846,7420184
2022-03-04,54.3126220703125,55.12907469026431,53.325561563777235,54.97065867731919,13545059
2022-03-07,52.06839370727539,54.404091908121,52.01350713706099,54.07477622086891,11428423
2022-03-08,53.75766372680664,55.16030154316853,52.172069417754265,53.07463785407053,11006283
2022-03-09,55.64817810058594,56.70930489592301,55.55670171709196,55.776244290670554,10394261
2022-03-10,55.69696807861328,55.86162407848098,53.3307736853767,53.525925547701746,13026132
2022-03-11,56.276309967041016,57.09349963139362,55.89820539163661,56.59342656083312,11342229
2022-03-14,56.379974365234375,57.319132402657864,56.06895548982391,56.37387668807609,9700540
2022-03-15,56.31900405883789,57.05691279435916,55.65427493538818,56.867862351478706,8189827
2022-03-16,57.75213623046875,58.203416716199186,56.55684188243307,57.00202842369479,8954332
2022-03-17,58.258304595947266,58.282699044541666,56.90445190632205,57.44721251790013,6982315
2022-03-18,58.294891357421875,58.49004320195078,57.66675580961925,58.294891357421875,11872231
2022-03-21,57.82530975341797,58.37416797356275,57.111791826809224,57.599665800271254,8799280
2022-03-22,57.87409973144531,58.68519177350624,57.69114697615649,58.081446934246216,7730288
2022-03-23,57.142295837402344,57.72774771457508,57.026428731828766,57.67895881346569,7854202
2022-03-24,57.3984260559082,57.58137881517427,57.11179782597062,57.56308204563382,8561245
2022-03-25,57.33744812011719,57.88020877921344,56.965444882096726,57.59358051769586,9227359
2022-03-28,56.10556411743164,57.10570673018189,55.324964094300945,57.081312279327484,12069336
2022-03-29,57.721649169921875,57.91679730336326,56.72760426349467,56.72760426349467,13794811
2022-03-30,57.67894744873047,58.020458487101834,56.898347588995144,57.0934994209461,9042452
2022-03-31,55.800628662109375,57.29474265600627,55.78233189510109,57.172774166708564,13203013
2022-04-01,56.40438461303711,56.447075833175234,55.5628003764263,56.16654526494842,9054811
2022-04-04,56.117759704589844,56.30071248569107,55.434737482092615,56.215337508405206,8249536
2022-04-05,54.94684982299805,56.31289766450718,54.83097901012272,55.8982033028589,10787509
2022-04-06,54.83097839355469,54.989536682742845,53.55640693432678,54.501662725835246,10556215
2022-04-07,54.55655288696289,54.934657468896134,53.11122395398586,54.77609543522789,11391666
2022-04-08,54.72731399536133,55.05052829464722,54.0442881238624,54.57485336342424,6447980
2022-04-11,54.68461990356445,55.85551973571509,54.29431995951424,54.605342619545034,8655143
2022-04-12,54.88587188720703,55.703061614964845,54.458982121038645,54.88587188720703,7240254
2022-04-13,55.34325408935547,55.77014385791369,54.87977451601346,54.98344625190663,6362268
2022-04-14,55.39204406738281,56.19703851279316,55.27007928551023,55.52011399631359,6146543
2022-04-18,55.12980651855469,55.800633265027656,54.824885270157885,55.47741524811329,6291965
2022-04-19,56.04457473754883,56.26411730711281,55.373747937526566,55.373747937526566,7394824
2022-04-20,55.73964309692383,56.782476642940544,55.64816673211773,56.41046977216855,6424385
2022-04-21,55.93479537963867,57.191073871157116,55.75794404830085,56.68490312096013,7225326
2022-04-22,54.31871032714844,55.67866048403307,54.26382375985086,55.42862582638199,7967682
2022-04-25,54.81269454956055,54.88587790077133,52.80021400284098,53.9711140158988,11080599
2022-04-26,49.147239685058594,51.97691305055395,47.81778542363698,51.80615567596981,46154289
2022-04-27,47.69581985473633,49.85466294301064,47.488472668353516,48.787438621663725,20213257
2022-04-28,47.40309524536133,47.99464096285093,46.25658987868134,47.805590539099,19277327
2022-04-29,45.46379852294922,47.64703630138827,45.34183001541709,47.25673633047851,16677077
2022-05-02,46.07363510131836,46.24438874935681,44.280697525692574,45.183265858303535,18536095
2022-05-03,47.360416412353516,47.73242341309544,46.3358830089993,46.86644461662601,12595004
2022-05-04,49.0496711730957,49.25701837017372,47.09207749234282,47.68362322450256,12019739
2022-05-05,47.92756271362305,48.83622883380369,47.29942714560426,48.40933906107778,11491503
2022-05-06,47.7080192565918,47.805593313154716,46.46393976681966,47.769003508697935,8609237
2022-05-09,44.500240325927734,46.933512497594194,44.23800657349461,46.82374309478795,11266308
2022-05-10,44.70758819580078,45.55526997830738,43.38422779173386,45.12838024809887,10974181
2022-05-11,44.177024841308594,45.48208853185831,43.94528693284031,44.982019177869674,12465152
2022-05-12,44.689292907714844,45.256447918812846,43.402525996573566,43.7501347233534,13844409
2022-05-13,45.76871871948242,46.32977234737168,45.2198604484468,45.36622340086321,8309406
2022-05-16,45.5125846862793,45.982165691024015,44.96372639031631,45.31743656355079,10451563
2022-05-17,46.59199905395508,47.079872998600266,46.219995917969925,46.47612824529505,7218585
2022-05-18,45.860191345214844,46.66518191658029,45.628449711682904,46.13462045827591,11337253
2022-05-19,46.18951416015625,46.677388214267694,45.40281650109458,45.738229913296195,9992827
2022-05-20,45.89068603515625,46.61639936597412,44.68319637654941,46.41514984486149,11782667
2022-05-23,46.01874923706055,46.5920019038901,45.74432012641138,46.360260272394896,8467508
2022-05-24,45.44550323486328,45.658948130003445,43.94529129011362,45.57356942514043,9837776
2022-05-25,45.451602935791016,45.488192741058555,44.28680070752619,44.80516686191444,11389740
2022-05-26,46.96400833129883,47.390898088686605,45.55527287872606,45.872389490600334,7528368
2022-05-27,48.03123092651367,48.04342628170629,46.951807566741614,47.13476029883511,7819853
2022-05-31,47.74460983276367,48.20199173095256,47.421391797763015,47.537262625444455,8332038
2022-06-01,47.275028228759766,48.44592428679923,46.768857481046,48.226381742671116,9514991
2022-06-02,47.567752838134766,47.9702518795744,47.061585798258434,47.57995192868307,9897164
2022-06-03,46.939613342285156,47.04938274376508,46.14681441674809,46.799348084020984,8463013
2022-06-06,46.95791244506836,47.74461006051284,46.81764716867418,47.51287213807914,7614722
2022-06-07,47.567752838134766,47.65922921409205,46.45173955784206,46.90302375937157,8227386
2022-06-08,47.05548095703125,47.73850675482755,46.66518103458111,46.76885649353187,5418794
2022-06-09,45.604061126708984,46.988402112428524,45.58576435803795,46.890828058929976,8114548
2022-06-10,43.439117431640625,44.6161149788865,43.14029385256444,44.53073628000266,15384656
2022-06-13,41.298561096191406,42.689003317542415,40.94485473043295,42.36578533897233,15183217
2022-06-14,41.499813079833984,42.024276849518444,41.18269649370873,41.43882883373035,8634919
2022-06-15,42.1401481628418,42.70120174002422,41.34735295410816,42.05476947047902,10576600
2022-06-16,39.816646575927734,41.005843159033134,39.5483151349715,40.877773249598015,14550650
2022-06-17,40.24964141845703,40.694824234140256,39.35926831902124,39.75566597171661,14449368
2022-06-21,40.09718322753906,41.505918840048125,40.07278877754046,41.140013292173826,12972362
2022-06-22,39.35926818847656,39.88373576060788,39.133627942073765,39.13972562067269,15573094
2022-06-23,39.07263946533203,39.688579617950246,38.468894668593684,39.25559220773552,10841280
2022-06-24,40.90826416015625,41.451024704024796,39.28608394046406,39.432446879736986,16044991
2022-06-27,40.731204986572266,41.45778487959425,40.38317743857357,41.195237978744,10911904
2022-06-28,40.22442626953125,41.793595100455015,39.90693102342234,41.18302444371258,11313819
2022-06-29,38.88727569580078,40.29769690048686,38.636942474799945,40.13284058044275,11088303
2022-06-30,38.875064849853516,38.93001695522277,37.7088719351589,38.19122348907804,13967359
2022-07-01,38.795692443847656,39.406263136139195,37.983631927702675,38.76516390923308,10997455
2022-07-05,37.87372589111328,37.92256929623671,36.59152388687304,37.55622693459451,12889860
2022-07-06,37.59286117553711,38.07521270905283,37.07998484976609,37.58675621708605,7852596
2022-07-07,38.46598815917969,38.54536385414314,37.81878389503228,38.203444972942016,10110160
2022-07-08,38.61862564086914,39.308572008649044,37.97752642316841,38.392715983362294,9940822
2022-07-11,37.80045700073242,38.233965140399924,37.50128038174079,38.093532399593165,7662393
2022-07-12,38.47819900512695,39.4001600465376,37.24484390507683,37.24484390507683,11678496
2022-07-13,37.86151885986328,38.282813397156104,37.37306229221785,37.885942435944195,6961770
2022-07-14,37.2997932434082,37.34253169532061,36.63427045903151,37.244841134882975,8179393
2022-07-15,38.38050842285156,38.45988037348984,37.23873893142459,37.90426176504881,9391720
2022-07-18,38.88117218017578,39.748184786071604,38.667472442865915,39.31467661387719,10607899
2022-07-19,40.74951934814453,40.7861528392419,39.36962669603676,39.381836613571615,10070675
2022-07-20,41.45167922973633,41.68980255050734,40.32822839369622,40.48087106874262,11004036
2022-07-21,41.598209381103516,41.726428457128016,40.969320178874696,41.33566253236897,9551106
2022-07-22,41.63483810424805,41.982861804844326,41.421138422497904,41.763057165599726,9009387
2022-07-25,41.738643646240234,42.08667116912061,40.92658316467896,41.140282897880034,9468604
2022-07-26,43.661949157714844,44.79760995788493,42.22099925672116,42.5446032361886,28957643
2022-07-27,43.70469284057617,44.20536313777919,42.80104656459572,43.96113481870272,11570152
2022-07-28,44.65717315673828,45.73178052574131,44.516744145863605,45.51808079143845,18063717
2022-07-29,45.12731170654297,45.49975904154341,44.223665682630326,44.57169318332991,12729511
2022-08-01,46.281288146972656,46.61710197176324,44.38241061963555,44.75486167065181,14685317
2022-08-02,45.402076721191406,46.43394201625272,45.377653143969354,45.93938046610303,9290599
2022-08-03,45.63408279418945,45.97600156763732,45.21889330882909,45.74398325431964,9678390
2022-08-04,44.980777740478516,45.57913850035144,44.9136157135931,45.48144793956421,6942669
2022-08-05,45.402076721191406,45.81726631848615,44.69381541271217,44.83424443937556,7447953
2022-08-08,45.90274429321289,46.87966123524717,45.70736314790211,46.33014755825546,9833442
2022-08-09,45.75009536743164,46.458360334226185,45.71346187499229,46.01874720947513,7581496
2022-08-10,47.09945297241211,47.50242881006832,46.34844965885412,46.53162083401534,16331500
2022-08-11,48.17406463623047,48.36334454017959,47.60012744219191,47.62455101739435,14557872
2022-08-12,48.802955627441406,48.82737920348841,47.96647151341413,48.412189626168995,8273452
2022-08-15,48.72968292236328,48.937273948181755,48.283964861886005,48.424397603815216,5467107
2022-08-16,49.49900436401367,49.63943711498355,48.32060146315876,48.43050568030849,9268610
2022-08-17,48.796844482421875,49.07770622512653,48.39386861345496,48.882325118504006,6485057
2022-08-18,48.363338470458984,48.778524242821355,48.241224348265476,48.70525726490229,6421014
2022-08-19,47.45359420776367,47.98478921885601,47.17883739406216,47.92983710841708,5801930
2022-08-22,45.658512115478516,46.50720232870755,45.402070199224696,46.48278249348676,8143279
2022-08-23,46.46446228027344,47.197147035522,45.743987442215264,45.78672962936706,7642490
2022-08-24,46.85523223876953,47.184941154533234,46.33014220029038,46.49499478892572,7649392
2022-08-25,47.71003341674805,48.650313057939655,47.20325823200066,47.23989172690564,8349212
2022-08-26,45.95769119262695,48.00310671888888,45.9210576993506,47.862673966420964,8628819
2022-08-29,46.43393325805664,46.91628479786264,45.35322101239115,45.69514355202096,7868808
2022-08-30,45.872215270996094,47.123885197801215,45.38375497570098,46.86744326238429,6886330
2022-08-31,44.84033966064453,46.27518432201707,44.7914962553016,46.043165996537326,10274200
2022-09-01,44.620548248291016,44.72434752515975,43.61310644991057,44.72434752515975,8002191
2022-09-02,44.22366714477539,45.402069989967906,44.02828603295256,45.054042477761655,6479760
2022-09-06,44.058807373046875,44.351878992939284,43.436023171102605,44.26639836853609,6472859
2022-09-07,44.92582702636719,45.023517590186984,43.79016627766422,43.90006676002657,5494394
2022-09-08,45.04183578491211,45.23111195150883,44.009970568958245,44.290832339246265,5810597
2022-09-09,45.206687927246094,45.77452015989064,44.98688322826832,45.50587204919172,10795534
2022-09-12,45.988216400146484,46.70258629057912,45.34101227077052,45.43259786658295,11661482
2022-09-13,43.25286102294922,45.09678670504865,43.11853696980973,44.73044429994859,11574005
2022-09-14,42.758296966552734,43.35054899064697,41.934026604374054,43.167377799051714,9968109
2022-09-15,42.074459075927734,43.22233346659582,41.97676851339053,42.605657818430835,7908775
2022-09-16,40.53581237792969,40.6640351934214,39.797022707131845,39.93135048086304,22966955
2022-09-19,40.93879318237305,41.20744499936036,39.96798516156276,40.0473570980298,8045047
2022-09-20,40.657936096191406,41.0303834643999,40.26106515301171,40.57245545303871,8379870
2022-09-21,39.821449279785156,40.951004963443275,39.7848157890948,40.920476431452514,10164733
2022-09-22,39.90693283081055,40.120632570348874,39.39405270821995,39.68712813212688,11345279
2022-09-23,39.4123649597168,39.73596889628263,38.801794316002244,39.4123649597168,13124524
2022-09-26,39.339012145996094,40.44551953496508,39.25342916523974,39.44905275430065,16780605
2022-09-27,39.41236877441406,39.92588530914442,38.82549433892165,39.64467128891523,12596770
2022-09-28,39.40625762939453,39.773054632402584,39.24119673216163,39.73025940283904,10686228
2022-09-29,38.348655700683594,39.192290251922614,37.85348052631803,38.98443788129962,14124337
2022-09-30,37.84736633300781,38.69100093070447,37.82902872887742,38.293637513828756,12709126
2022-10-03,38.88050842285156,39.35734597690744,37.99408241982001,38.366991920744866,8721754
2022-10-04,41.28915023803711,41.35028307161902,39.65690133552086,39.66301387025263,12441557
2022-10-05,41.2280158996582,41.69873720380503,40.37826879525848,40.76951592139674,9327837
2022-10-06,40.482200622558594,41.25247743500248,40.219327901723595,40.793977371668774,7953396
2022-10-07,39.467384338378906,40.21320329816721,39.18617409500617,40.10927899402888,6856315
2022-10-10,39.724143981933594,40.115394838675705,39.16172344876996,39.76693920838786,5764210
2022-10-11,39.12504196166992,39.89531863025258,38.562621411183876,39.424593583548514,8500412
2022-10-12,39.577415466308594,39.993120109149366,38.5503826681908,38.93552090326772,8598323
2022-10-13,41.53368377685547,41.79044019427455,38.62987028445643,38.93553446858977,12818915
2022-10-14,41.3074836730957,42.04719387928404,41.07518117480985,41.75375481045464,9106174
2022-10-17,41.95549392700195,42.90916526983475,41.83322827425078,42.15111747415116,8251944
2022-10-18,43.22095489501953,43.489940160350514,42.7502334880399,42.90917813564778,9806637
2022-10-19,43.11701965332031,43.39211738493163,42.38953823665512,42.958075045904586,8408280
2022-10-20,42.77467727661133,43.77725644172726,42.68909056560169,43.25762738440036,9609852
2022-10-21,44.51696014404297,44.56586790244365,42.64018012660896,42.7930121926965,10352529
2022-10-24,44.847076416015625,45.43395077840341,44.48639200541191,44.62699899801164,10913990
2022-10-25,44.62700653076172,46.0024953043746,43.453253864732766,45.84966321841761,15445168
2022-10-26,46.130863189697266,46.84611943787134,44.743145913724206,44.80428247756452,12975572
2022-10-27,46.46098709106445,47.45745369286173,46.393741728341176,46.64438557656345,10105505
2022-10-28,47.8853874206543,47.9098413026866,46.81556283414669,46.882808202386464,8648081
2022-10-31,47.56748962402344,48.20938805406429,47.402432487499496,47.54915202170507,10585428
2022-11-01,47.81202697753906,48.96132194067697,47.34741447300537,48.025988140341184,9174391
2022-11-02,47.31684875488281,48.698453733771494,47.24349085473472,47.738666038564226,10230221
2022-11-03,47.915950775146484,48.16048209357759,46.80944356474024,46.992845796695434,13947456
2022-11-04,49.5604248046875,49.615445100143454,48.55784564716655,48.90018874547979,11558435
2022-11-07,51.02149963378906,51.25380588180895,49.56042426849559,49.584878148781655,12864178
2022-11-08,51.35162353515625,51.78566592315001,50.52633024721641,51.229357862868866,10052376
2022-11-09,50.83199691772461,51.83457622821471,50.679164819879546,50.874788407868245,7961743
2022-11-10,52.19525146484375,52.372537415508184,51.44331617963643,52.10355222241026,13786304
2022-11-11,52.763790130615234,53.05111293647891,52.05464630288616,52.439784631975854,12490513
2022-11-14,52.4703483581543,53.24673376783153,52.372536583072936,52.562047599130274,7906367
2022-11-15,53.27118682861328,53.564625892478965,52.70876632319099,52.904389870347,7913108
2022-11-16,51.90181350708008,53.14281144526613,51.74898143307351,53.081678615663506,7629328
2022-11-17,52.20137023925781,52.43367651177885,50.86867292599291,51.19879098684251,7466411
2022-11-18,52.25638198852539,53.27729867867445,51.87124369003737,52.87382277838752,6555521
2022-11-21,52.50702667236328,52.5742720329746,51.79788663266531,52.03018912778909,5247691
2022-11-22,53.3690071105957,53.546289328415114,52.574276553592966,52.7576750491016,6797569
2022-11-23,53.71746826171875,53.77248856463821,53.14893137010497,53.20395167302443,5867738
2022-11-25,53.882511138916016,54.02923066008373,53.399564840472216,53.613529717095155,3040207
2022-11-28,52.250267028808594,53.527943773009135,52.06075228376372,53.30786261658688,6876058
2022-11-29,52.366424560546875,52.52537291899165,51.93849473455686,52.421444858229144,7205262
2022-11-30,52.555938720703125,52.78824123478836,50.85644450581587,52.354198879270704,11654259
2022-12-01,52.12188720703125,52.94718409061128,51.88347218318476,52.702649046606076,6806718
2022-12-02,53.112239837646484,53.155031316931826,51.60225684821452,51.70007236052073,7191459
2022-12-05,51.755096435546875,52.604843556173186,51.73064629704532,52.476465356511845,7568656
2022-12-06,52.13412094116211,53.246736967952636,51.638942015626284,52.94718909060038,9444207
2022-12-07,51.96294403076172,52.623180058424026,51.852907188239136,51.96294403076172,7801715
2022-12-08,51.125431060791016,52.69043084159253,50.550781680265274,52.32974637719952,10334231
2022-12-09,49.792728424072266,51.22934984870843,49.719366786296945,51.119309263611285,8899117
2022-12-12,50.86867141723633,50.89923783412817,49.53597414349901,49.95779144523291,7480054
2022-12-13,50.666927337646484,51.90181272283943,50.0861654651969,51.70007663407814,12391318
2022-12-14,49.85308074951172,50.99737152994752,49.77352978064632,50.40992629132335,12271899
2022-12-15,48.22536849975586,49.69397384531739,48.035670645222375,48.99638555682605,15598294
2022-12-16,47.515541076660156,47.94388431589293,46.9280996693477,47.60121047385635,15978540
2022-12-19,47.766441345214844,47.943898632379856,47.24019167207839,47.2707876268741,7061125
2022-12-20,49.155494689941406,49.44309888234732,47.63793399548799,47.75419936064149,11196647
2022-12-21,50.77708053588867,51.150350370679725,49.54712036779636,49.58995319842453,12127441
2022-12-22,50.036651611328125,50.611856166255,49.12489163824438,50.28754137498921,9730074
2022-12-23,50.04889678955078,50.416048188200726,49.54100252271887,49.99994177103131,5286213
2022-12-27,50.6914176940918,50.8443974615064,50.11621301926308,50.17740492622892,6804792
2022-12-28,50.15903854370117,50.893341320251125,49.74905432549355,50.783198151817786,6210907
2022-12-29,51.248260498046875,51.34616679449302,50.177402184653864,50.33038194371001,7088733
2022-12-30,51.272735595703125,51.419596906834805,50.65469814755391,50.73424537046987,6625342
2023-01-03,52.00091552734375,52.06822586306802,51.11975148248038,51.43182940029178,10280781
2023-01-04,55.027584075927734,55.027584075927734,52.32323761172529,53.62445694517259,21031104
2023-01-05,55.88201141357422,56.08581955642861,54.08695159988844,54.79243440807908,16001061
2023-01-06,56.39152526855469,56.69723372115001,55.45871976818159,56.446396400738315,13018044
2023-01-09,56.963748931884766,57.93574544735538,56.407203144276366,56.438555936776126,9488844
2023-01-10,59.001800537109375,59.0801862554135,56.59532414041498,56.59532414041498,11597142
2023-01-11,60.89876937866211,60.90660757649136,59.18993359617928,59.43293271588001,12729603
2023-01-12,61.81589889526367,62.0902545715346,60.585223071346554,61.047706748453805,14407871
2023-01-13,62.86627197265625,63.179822322906105,61.5336923509643,61.75317684678961,13843395
2023-01-17,63.09360122680664,63.22685807880983,62.521375337501134,62.64679399194512,10640727
2023-01-18,62.13728332519531,63.63446903273372,62.0353792599053,63.44634479131113,9816378
2023-01-19,60.24815368652344,61.72966664517519,60.09921669755402,61.09473144953923,13045860
2023-01-20,60.89092254638672,60.945793670159134,59.315343843918114,60.82037502917874,10351409
2023-01-23,62.52921676635742,62.72518295570947,60.78118996462035,60.836061097118694,13729748
2023-01-24,63.25820541381836,63.375785860563305,60.726310457108504,61.14176111915743,16767395
2023-01-25,63.32876968383789,63.76773127992941,62.26270724733404,62.537059181578435,10652380
2023-01-26,63.60311508178711,63.94801826051999,62.80357020995037,63.86962879014988,8158534
2023-01-27,65.24140930175781,65.83714984821529,63.41498917685036,63.49337865442286,9760244
2023-01-30,63.360107421875,64.86513109683938,63.23468878229463,64.59861742441808,7175806
2023-01-31,63.08576965332031,63.42283466424844,62.294059162233204,63.06225505817364,8625026
2023-02-01,64.52808380126953,64.6456642627082,62.71734394576436,62.92114833044209,9112192
2023-02-02,65.7979507446289,65.86850202313121,64.19886086905198,64.4261836077292,10391129
2023-02-03,64.24588012695312,65.60197815103635,64.13613787374707,65.4608831093418,7240085
2023-02-06,64.55159759521484,64.62214137510597,63.681505188745916,63.861791230853484,5425114
2023-02-07,64.36346435546875,64.5672724796003,63.132792400090686,64.26156029340298,5891982
2023-02-08,64.24588012695312,64.74756221025062,63.728529142907675,64.03424131115945,4269472
2023-02-09,63.32876968383789,64.77108812849059,63.05441025609589,64.54376538520319,4838334
2023-02-10,63.720699310302734,63.767728499208935,63.023054713877094,63.3444433185613,4373095
2023-02-13,64.81027221679688,64.99840394757865,63.55608565657434,63.650144028468425,5114245
2023-02-14,65.4843978881836,65.69603670458318,64.2458803108828,64.37913715583672,6726731
2023-02-15,66.44855499267578,66.46423138670723,64.6221351920731,64.75539952833279,7305617
2023-02-16,65.88417053222656,66.2682646850954,65.0454309564329,65.5392673663352,5645893
2023-02-17,65.09246826171875,65.70389269582765,64.45753672598718,65.52359914624483,5543523
2023-02-21,64.48103332519531,65.35897124597192,64.12829201634658,64.3869749709653,5101965
2023-02-22,65.21004486083984,66.1036593703528,64.355628834365,64.40266551531134,10829053
2023-02-23,65.01408386230469,66.16636642185505,64.19885880728103,65.44520723731435,10120732
2023-02-24,65.49224853515625,65.67253459724927,64.00289337911596,64.08912105759406,8704340
2023-02-27,65.7195816040039,66.51912295128749,65.44522212821154,65.84500029535225,8007297
2023-02-28,66.4015121459961,67.13835505146825,65.42167766212297,65.54709629621485,11441143
2023-03-01,65.9547119140625,66.91103180090944,65.6489997809823,66.36232059800733,7512988
2023-03-02,67.1932373046875,67.20107550271045,65.35898656485834,65.53143441486054,8546337
2023-03-03,67.7105941772461,68.22795275878525,66.74643578944294,67.33433815926166,9618780
2023-03-06,68.30689239501953,68.90318522721742,67.84397996602381,67.97736036922596,8084105
2023-03-07,67.78120422363281,68.71487448418907,67.55367075675218,68.2284256930495,8643445
2023-03-08,68.2441177368164,68.58149521047766,67.53013546713005,68.07935548244419,7598067
2023-03-09,71.83755493164062,74.48948654385538,70.43312699188112,70.58220579586444,35826152
2023-03-10,71.398193359375,73.90889963688171,71.23343109601917,72.10433020309043,23152683
2023-03-13,69.8054428100586,71.18633416967248,68.7776272530305,70.37819905581757,14201502
2023-03-14,71.53156280517578,73.03013621981249,70.77050040310083,71.53156280517578,14218418
2023-03-15,70.42529296875,70.42529296875,67.82828667835565,69.82115469268582,15107797
2023-03-16,72.15924835205078,72.26124688545134,69.49162555726375,70.14283657759145,10183883
2023-03-17,70.84112548828125,72.04940191921206,70.10360688762928,72.01802006397838,12765689
2023-03-20,70.55081176757812,71.5786348985032,70.15067066339509,71.1078771286679,8705343
2023-03-21,72.3239974975586,72.99875228832839,71.36679105041378,71.3824819757188,8553980
2023-03-22,70.29190063476562,72.65353508585413,70.26051878171272,72.56722748951576,8784783
2023-03-23,71.8611068725586,72.92815761910273,71.02944257790911,71.10789722809609,10834691
2023-03-24,71.68848419189453,72.45738460604909,70.86465803361864,71.06080961907008,8342975
2023-03-27,73.21061706542969,73.46953241265848,72.26910125700165,72.40248166313634,7524516
2023-03-28,73.07720184326172,73.54795957151082,72.62214253967048,73.23412608630595,5023152
2023-03-29,73.79904174804688,74.08149340352655,73.49304620424199,73.72842508395581,6162254
2023-03-30,73.79119873046875,73.9951957871665,73.40674850857168,73.7127440936183,6623107
2023-03-31,75.00733947753906,75.06225773165991,73.99520700474076,74.16782223286656,9247391
2023-04-03,76.04298400878906,76.05867493506395,74.81901675492065,75.12501231860914,6199468
2023-04-04,74.5758056640625,76.78836917085587,74.27766301091364,76.0743868956723,8554983
2023-04-05,73.94812774658203,74.78764491781436,73.48521535770946,74.52088413453167,10642230
2023-04-06,73.43814849853516,74.0579777216293,73.39106820916376,73.84613517056901,8025340
2023-04-10,74.03443145751953,74.52872567713548,73.44598417215688,73.61859187565635,7499832
2023-04-11,73.68135070800781,74.50516926867256,73.65780682019393,74.15210095676962,6663078
2023-04-12,73.83043670654297,74.27765815748818,73.6029032490601,73.95597163131522,8768118
2023-04-13,73.98735046386719,74.29334604949442,73.3361394745564,74.05012167390994,11044694
2023-04-14,74.88179779052734,75.03871457431809,73.60290462636813,73.64213194720487,7211767
2023-04-17,75.92530059814453,75.98807180867779,74.91317576939798,75.02301976249868,7676003
2023-04-18,77.25911712646484,77.29835194834703,75.99592237171248,76.10576637218362,8909832
2023-04-19,77.69847869873047,77.91816665887384,77.21987546429042,77.34541037002343,7038101
2023-04-20,78.27124786376953,78.82830581815624,77.72202787306041,77.91033401285888,8661237
2023-04-21,78.07508850097656,78.52230991322159,77.77694589310852,78.44384777936229,5112741
2023-04-24,78.57723236083984,79.0636811158202,78.13001842510987,78.13001842510987,7833505
2023-04-25,77.23556518554688,80.03657538303248,76.53727400185255,79.98949510634023,11649768
2023-04-26,75.48594665527344,77.24343588226886,75.39179357157319,77.07082814585576,8032357
2023-04-27,76.93744659423828,77.0394451416964,75.79193367717899,76.12146571501799,9348633
2023-04-28,77.65142822265625,78.23987560616567,76.0116210139137,76.20777264189839,6279159
2023-05-01,79.38536834716797,80.02874138406423,77.96524938822903,78.05940245465817,7408237
2023-05-02,79.644287109375,80.05228124811835,78.6086258350592,78.93815033119036,7485046
2023-05-03,79.84828186035156,80.7741066093715,79.48736801756591,79.93458946418653,5917543
2023-05-04,77.92601776123047,79.83258537413877,76.42744424681294,79.62858832489339,9055431
2023-05-05,78.64783477783203,79.84042005780648,78.26338462188652,78.91459549824795,6302841
2023-05-08,79.1813735961914,79.33044489967287,78.63215366172952,78.63215366172952,4282128
2023-05-09,79.244140625,79.95027735586555,79.06367996023862,79.06367996023862,6520737
2023-05-10,78.0986328125,79.7698216799774,77.25127018255522,79.62075036092315,5053224
2023-05-11,78.07508850097656,78.44384777936229,77.53372152863192,77.98878840421858,5117628
2023-05-12,77.51803588867188,78.45954405697957,76.66282032256436,78.13001957327144,4332874
2023-05-15,80.02873992919922,80.27196430446085,77.6906417408571,77.78479480557462,7973716
2023-05-16,79.34612274169922,80.20917606743744,79.15781665223844,79.4245848623815,5523851
2023-05-17,81.18207550048828,81.26838308546817,79.67565674688609,79.92672653915312,6871703
2023-05-18,81.60578918457031,81.81762423979897,79.81691065972518,80.72703710190949,5772320
2023-05-19,81.80193328857422,82.99451897149463,81.47240875810651,82.00593037920244,7230687
2023-05-22,82.02944946289062,83.1200363703423,81.6763811115191,81.6763811115191,4996087
2023-05-23,79.79337310791016,81.70778654531685,79.46384108168988,81.48809852783667,5738239
2023-05-24,79.22843933105469,79.61288950077098,78.3889223275981,79.46381821054503,6275400
2023-05-25,79.6521224975586,80.0993439005908,78.88322210326007,79.55797693939839,6737506
2023-05-26,80.60932922363281,81.5586902744844,79.68351206282675,79.70704845242946,6796523
2023-05-30,80.34257507324219,80.86825115265277,78.97738185927764,80.82902383342615,7098370
2023-05-31,79.65997314453125,79.90319751982497,78.23201624797439,79.49521090658635,13358734
2023-06-01,82.12359619140625,82.51589182920218,79.29904959821386,79.4088935768675,7797043
2023-06-02,83.01018524169922,83.72416734635132,82.02159694308624,82.77480636103495,7477278
2023-06-05,81.6763916015625,83.01020304456983,81.6763916015625,83.01020304456983,5108732
2023-06-06,82.7434310913086,83.25341620649486,81.67638058079336,81.85684123719513,7794036
2023-06-07,83.22988891601562,84.21063193719446,82.88466599247903,83.66926490968834,9121088
2023-06-08,83.2220458984375,84.1243343047315,82.87682296475204,83.04159271744507,4477596
2023-06-09,83.40251159667969,83.59865571821388,82.44530488220633,83.39466613183609,4365076
2023-06-12,83.34757232666016,83.8654104245864,82.89250543774806,83.41034353567429,4677449
2023-06-13,83.74771118164062,84.06939015135335,83.01803065169048,83.19064583097067,5411582
2023-06-14,82.14714813232422,83.7948006236327,81.5665462782145,83.73202940947098,6429268
2023-06-15,82.70420837402344,82.88466154001718,81.59008502185266,81.94314589012058,8733159
2023-06-16,83.39466094970703,85.44245465418967,83.12004719591258,83.12789266026866,13731752
2023-06-20,81.6136245727539,83.33188620007323,81.13502126555647,83.22988766732635,8068443
2023-06-21,82.4217529296875,82.9239001328095,81.26840220643143,81.31547499089115,5983576
2023-06-22,82.24129486083984,83.00234983363929,82.10006901542216,82.11575994264156,5292046
2023-06-23,81.42530822753906,81.8882205486575,80.53087293790404,80.88394127602271,7532911
2023-06-26,81.95099639892578,82.46882699067672,81.09578087556794,81.22916125524793,5326378
2023-06-27,82.31975555419922,82.54728149533466,81.88037959798648,82.09222211262069,5973427
2023-06-28,83.99095153808594,84.24202139177723,82.35898998864882,82.6100598423401,6009012
2023-06-29,84.5323257446289,84.60294242842042,83.19851422096144,83.3397400881001,4070746
2023-06-30,86.18782043457031,86.5095069807115,85.20707736757575,85.5130654842578,9250648
2023-07-03,84.95600128173828,85.77981999737175,84.19493877712584,85.56798497073535,3723916
2023-07-05,85.24629974365234,85.51306052231777,84.54800844033592,84.90892228807257,4588235
2023-07-06,84.24201202392578,85.32475346023323,83.84186339499195,84.7441516754696,4594375
2023-07-07,84.94815826416016,85.41890861503168,83.90464402701882,84.06156081064266,4843847
2023-07-10,86.78545379638672,86.9424940991751,85.08947557178895,85.120880629951,5805400
2023-07-11,87.32723236083984,87.57063658411313,86.5499045957478,86.94249786372875,4746113
2023-07-12,87.31153106689453,87.91611600119487,87.06812684017608,87.3821924518189,5403938
2023-07-13,87.37433624267578,87.79833455218761,87.01315555553163,87.3507824490338,3477075
2023-07-14,86.58917236328125,87.32723633154076,86.39287572036532,87.15449348433722,3405529
2023-07-17,87.26441955566406,88.05744989431831,86.48709925362782,86.69909842908854,4557412
2023-07-18,87.20160675048828,87.80619169102478,86.7776084126107,87.07597900333744,4476718
2023-07-19,86.282958984375,87.00532049318204,85.45067224544599,86.62843720675973,5604920
2023-07-20,87.34294128417969,87.81404723545069,86.33791925799619,86.40072938163769,5158852
2023-07-21,86.62842559814453,87.84544672641871,86.22798856735447,87.49996855032968,10277106
2023-07-24,86.56562042236328,87.13879282093777,86.41643136767551,86.68339690943843,6687261
2023-07-25,91.99118041992188,92.61931916752707,89.21951115924864,89.90260876339879,21329067
2023-07-26,90.07534790039062,92.17176322980177,89.07817721051251,91.97547410137871,9449750
2023-07-27,90.62496948242188,92.0696923434749,90.2402349716829,90.73489470063153,7752311
2023-07-28,89.81624603271484,90.96259832399238,89.5257266977409,90.71134282163045,5600785
2023-07-31,89.69847106933594,90.09890812564889,89.29017524157535,89.85550388448006,5169252
2023-08-01,88.8975830078125,89.66705200283984,88.15166780745123,89.2666149755488,6595040
2023-08-02,87.91612243652344,89.11744112806723,87.88471737425824,88.70129402909335,5377375
2023-08-03,88.22232818603516,88.85832567070679,87.58633820735282,87.80618863370924,4347409
2023-08-04,88.77196502685547,89.40795508273276,87.78264549415962,88.58351963682283,6118274
2023-08-07,90.08319091796875,90.27948002842109,89.14883043281222,89.14883043281222,4140914
2023-08-08,89.15668487548828,90.16170677408147,88.81905798580809,89.81623612593178,4735463
2023-08-09,88.07315826416016,89.45507112294231,87.92397670731148,89.43150981944808,3900213
2023-08-10,89.17240142822266,90.32661254502285,88.2930071286545,88.2930071286545,5853515
2023-08-11,89.98112487792969,90.60141233243904,89.07817687619792,89.14883826000884,4463437
2023-08-14,90.72705078125,90.96260376705816,89.66706234511327,89.90261533092144,4916020
2023-08-15,89.39226531982422,90.02825546654496,89.09390216664357,90.02040419967132,4276614
2023-08-16,89.17240142822266,90.56216552779881,89.09388877129076,89.29802918530382,4614924
2023-08-17,87.12308502197266,89.81624153103999,87.10738249211079,89.4943171509034,5734981
2023-08-18,87.7747802734375,87.88470548248159,86.385016384373,86.60486680246117,5651281
2023-08-21,87.95536804199219,88.31654873198156,87.17019654514006,87.97107057121053,3686075
2023-08-22,87.67271423339844,88.76410765174555,87.02886545009288,88.0574487467456,3308421
2023-08-23,89.0938949584961,89.3215966913918,87.54709793164731,87.54709793164731,3568043
2023-08-24,87.18590545654297,89.47861750404623,87.17020292617516,88.88188382012129,4211960
2023-08-25,87.91612243652344,88.2301880711554,86.54206089054104,87.50782660311586,3903596
2023-08-28,89.47862243652344,89.72987794823803,88.05745328801962,88.37152643065788,3524313
2023-08-29,90.55430603027344,90.82126405155435,88.66203107438973,89.25091347779731,5833091
2023-08-30,89.75342559814453,90.75059631109295,89.4707650433217,90.17742393636831,6086573
2023-08-31,89.8712158203125,90.24809911969272,89.36085348819287,89.96543852165523,5218620
2023-09-01,89.69847106933594,90.65638550309589,89.14099369188895,90.3109073049869,4435119
2023-09-05,88.630615234375,89.65919086949616,88.18306316102289,89.26660515030427,4406550
2023-09-06,88.47357940673828,89.56498022111043,87.88470455122707,88.60706591386872,5018014
2023-09-07,87.7747802734375,88.84261229388466,87.47640970432096,88.1123996590847,4139035
2023-09-08,87.71983337402344,87.96323763961561,87.32724754377591,87.54709801063154,3170967
2023-09-11,89.71417236328125,89.74557742467907,88.03389649463996,88.13597045017272,5272499
2023-09-12,90.29520416259766,91.72422453810262,89.51002508021443,89.70632172730771,5275255
2023-09-13,89.19596099853516,90.57787392186282,88.44219440726042,90.05180906240889,3508651
2023-09-14,90.8055648803711,92.03043732236944,89.76127904556967,89.80053537191905,6637768
2023-09-15,90.67992401123047,91.00969962282531,89.66704338404388,90.62495765630366,8437076
2023-09-18,91.5279312133789,92.20317759262956,90.23238980871419,90.907643693955,4700880
2023-09-19,91.24524688720703,91.61427879653371,90.46791924433546,91.09605786595661,3882045
2023-09-20,90.17742919921875,92.39162118852907,90.15386789661716,91.4965243753583,5134919
2023-09-21,88.71699523925781,89.77698362883532,87.98678251652461,89.4707692643291,5760292
2023-09-22,87.35079193115234,88.88188626194224,87.2094616479697,88.64633328797457,6249463
2023-09-25,87.78295135498047,87.97153235097035,86.92649498025881,86.9972147316029,4741101
2023-09-26,86.37647247314453,87.95581764247848,86.23504048325873,87.2172150083789,6022043
2023-09-27,87.13079071044922,87.69651868149947,86.5493413967439,86.92649588124128,5912656
2023-09-28,88.27010345458984,88.78083297210003,87.08363418277412,87.26435824947552,5518337
2023-09-29,86.86363220214844,88.5922662952318,86.3607595610302,88.49797579717423,4924165
2023-10-02,85.48072814941406,87.37436488552655,84.93856344633411,86.78505869147928,5389278
2023-10-03,84.67141723632812,86.42362206943955,84.1056817615177,85.10357763580956,8624900
2023-10-04,85.52786254882812,85.8107340053512,84.35711468435868,84.83641651501634,4876551
2023-10-05,85.42572021484375,85.76359009297198,84.21568019467549,85.15071316791214,4819539
2023-10-06,87.58650970458984,87.92437959300382,84.82070278695014,85.13500192971944,5284026
2023-10-09,86.6357650756836,87.32721112918526,86.0700296579179,87.22506372625902,5418473
2023-10-10,87.59437561035156,88.78083743035619,87.09935238649815,87.38222387318457,5707039
2023-10-11,88.99298858642578,89.10299291196476,87.85366826594598,88.00295716796627,3580573
2023-10-12,87.47651672363281,89.37014604424337,87.02864249119928,89.181572559434,3861746
2023-10-13,85.94432067871094,87.58651368126931,85.37858520059666,87.45293860516024,4578337
2023-10-16,85.7557373046875,87.15435837435831,84.8521394592622,86.3450435131785,5616698
2023-10-17,86.44719696044922,86.9736403714781,84.90714379548277,85.44930854970833,4916647
2023-10-18,84.52214050292969,86.1014783991501,84.39642232502034,85.6614610207711,6080433
2023-10-19,84.03497314453125,85.72431521487276,83.8149644775431,84.60070864373051,5035055
2023-10-20,83.35137939453125,84.2628417587314,82.91922647226458,83.83853824121972,9714760
2023-10-23,83.8306655883789,85.09571147590033,83.44565423526915,83.66566286887206,7300229
2023-10-24,89.27586364746094,90.27375202118995,85.11143547492827,87.25650864177835,15904078
2023-10-25,87.37435913085938,89.83372364216515,87.2879255583875,89.83372364216515,8224191
2023-10-26,85.48858642578125,88.25439336856626,84.05068079168886,87.82223298225338,9738191
2023-10-27,83.56351470947266,86.3057506672048,83.07635595864838,85.83430574558251,6677237
2023-10-30,86.28218841552734,86.80863179117058,84.40426545880894,84.48284212394326,5611435
2023-10-31,85.3550033569336,86.23503036628395,84.93069992566342,86.04645690568988,6349452
2023-11-01,84.27069091796875,85.11929036348852,83.15494132525396,85.09571961721686,12703791
2023-11-02,84.6871337890625,85.82646169082491,84.35712830359289,85.55145461580298,9398127
2023-11-03,85.5828857421875,85.9993248294615,84.93071663785177,85.29215731245247,6941620
2023-11-06,87.83008575439453,87.9086624149424,85.28428758250023,85.8735937581319,6131806
2023-11-07,87.84581756591797,88.73370163695435,87.10721489607255,87.50009073424764,5237415
2023-11-08,89.45658874511719,89.61373458370818,87.99511216546179,88.16011492041271,6065021
2023-11-09,88.85941314697266,90.17945753658194,88.73369499136184,89.84944456133181,5786605
2023-11-10,90.57231903076172,90.80018457907647,88.93798313058127,89.36227905712583,4382618
2023-11-13,90.7687759399414,91.585947816956,90.13232816106886,90.47019058560872,5753776
2023-11-14,92.12809753417969,92.37167694290758,90.80805307536538,91.53879130154905,6007634
2023-11-15,91.38163757324219,92.32452746390268,90.92590645790415,91.90022400854906,5245309
2023-11-16,93.45600891113281,93.47173025555836,91.38951217360938,91.60952085885758,5825072
2023-11-17,94.23389434814453,94.35175560493647,93.45600704876082,93.76244932097678,5186418
2023-11-20,94.34388732910156,94.87033070740272,94.00601743212692,94.23388300191468,5190678
2023-11-21,94.20246124267578,94.4853252380846,93.53457832229311,94.13174148812764,3506019
2023-11-22,93.97459411621094,94.67390468874086,93.7860131147723,94.21031661231333,3773785
2023-11-24,94.26531982421875,94.56390517313993,94.03745423228716,94.27317674039625,1981995
2023-11-27,94.26531982421875,94.54032691321531,93.75459022711313,94.05316806464215,3984415
2023-11-28,93.38528442382812,94.37531586630354,93.15741885192641,94.2653115380961,4378107
2023-11-29,93.39313507080078,94.05315348435369,93.07097902328833,93.91172150369171,3792831
2023-11-30,95.70320892333984,95.7346365825664,93.42456091298912,93.54242214647951,10174611
2023-12-01,96.25324249267578,96.84254873344979,95.44392758716057,95.624644161589,5668572
2023-12-04,95.49105834960938,96.1825119292572,95.20033747548453,95.71106698962377,4747116
2023-12-05,94.46961212158203,95.21606420667923,94.28103111562034,95.08248912386968,3688206
2023-12-06,94.13959503173828,96.31609586485656,94.05316144847389,95.13748340722063,3964241
2023-12-07,93.88031005859375,94.3046060738629,92.85098641859857,93.8960238912268,5064626
2023-12-08,94.75247192382812,94.93319600582227,93.48743339543557,93.58171638284998,4925418
2023-12-11,94.50888061523438,95.00389628238825,94.00600803345206,94.7524599914971,4643869
2023-12-12,96.11180114746094,96.23751178777911,94.76817854236806,95.06676384729683,4664543
2023-12-13,95.21605682373047,96.14323292693142,94.69747036463431,95.9625088509486,5506309
2023-12-14,95.34962463378906,96.17465326312472,94.21030439134795,95.17676499772014,10454155
2023-12-15,96.82682037353516,97.17254717716085,95.72678464093956,96.18251576896392,13586279
2023-12-18,97.14897155761719,97.30611736542087,96.72467562312995,97.17254230207911,5206215
2023-12-19,98.9561767578125,98.98761192915956,97.1961226407996,97.1961226407996,5957138
2023-12-20,96.93682861328125,99.17619225638727,96.81896736890725,98.5554583723886,6231921
2023-12-21,99.76549530029297,99.82835062254807,97.5811376468849,97.61256530801245,5185165
2023-12-22,99.54549407958984,100.59838840847137,99.14476883612997,100.09551574733149,4030650
2023-12-26,100.15837097167969,100.34695197510989,99.50620939831792,99.63192756347411,2480063
2023-12-27,100.79522705078125,100.96033342350029,99.73380961330648,99.77311886488023,3314310
2023-12-28,100.88956451416016,101.58145235446027,100.48858013238413,100.63797030243437,3965494
2023-12-29,100.34706115722656,101.0153634616315,99.8202871760924,100.8266640413428,4441133
2024-01-02,99.02619934082031,100.75591917532898,98.46797789641178,99.85960809833145,5189425
2024-01-03,97.54020690917969,98.45223405395382,97.21784853488353,98.37361555981458,4531850
2024-01-04,98.01194763183594,98.88466552681031,97.6266944634336,97.72889850549487,4364199
2024-01-05,99.29351806640625,99.33282731584974,98.06698680657175,98.20064577078848,4190157
2024-01-08,100.85810852050781,100.97605129185635,97.65814044657841,99.23846986035446,6920068
2024-01-09,101.25122833251953,101.25122833251953,99.81241976040802,100.06401396269011,4815028
2024-01-10,101.97455596923828,102.34408539615112,101.03893587118147,101.18831850842123,4571320
2024-01-11,102.0767593383789,102.36766274107393,100.4885608470117,102.30476795826719,5014005
2024-01-12,102.04534149169922,102.83944102578391,101.56573853418789,102.68219649555206,5640380
2024-01-16,100.61437225341797,102.09249756921035,100.04042721416495,101.58144732171854,6314619
2024-01-17,99.75736999511719,101.17259288801787,99.21487239583637,100.18193986943035,5031171
2024-01-18,101.07040405273438,101.16475377001498,99.67091205815686,100.00898664457299,6508082
2024-01-19,102.06105041503906,102.24974230687755,100.19767194697228,101.18832504842145,6154611
2024-01-22,103.1775131225586,103.99519812925837,102.41486858155969,102.4305922814431,10052443
2024-01-23,102.1711196899414,103.68855430451221,99.45861634446446,100.34705792242158,13333800
2024-01-24,102.15540313720703,102.51707077630981,99.41930653648336,102.42272106260717,10785198
2024-01-25,102.15540313720703,104.17602630952464,101.96671122591056,102.71363205351457,6086573
2024-01-26,103.14605712890625,103.97159640065682,102.51706408932253,102.62713749544426,4696495
2024-01-29,103.0752944946289,103.89297944530203,101.96670608382718,103.31116500893638,6126544
2024-01-30,105.30032348632812,105.57551073846363,103.16963472012127,103.37405030191816,7871346
2024-01-31,104.11312866210938,105.72490553631279,103.8772581423617,105.17453848486534,6253472
2024-02-01,106.4639663696289,106.50328313435195,104.15243974504118,104.59273339395645,6190572
2024-02-02,107.35240936279297,108.03642783001176,106.17305681088706,106.47968396471762,6103864
2024-02-05,108.27230072021484,109.00349781524653,106.73128051959344,106.91211808904436,7158013
2024-02-06,108.17008972167969,108.80694462667103,107.38385967646036,108.24871573264502,6026178
2024-02-07,108.89342498779297,109.15288856918599,108.44527701871446,108.9877746977442,5807655
2024-02-08,109.32585906982422,109.66394115318583,108.69687351712159,109.01136253541857,4327110
2024-02-09,109.50668334960938,109.62461108007248,108.66540541011057,109.29439840256029,4324604
2024-02-12,110.20642852783203,110.71748628791767,109.20791358662493,109.71110198168653,4516313
2024-02-13,111.46441650390625,111.48014020307464,109.04281650980234,109.93911997516071,9054930
2024-02-14,115.18329620361328,115.4977851969379,111.92042592219511,112.43147617342863,13116028
2024-02-15,116.65355682373047,117.06239553782294,115.41130946666136,115.57641581894501,8627532
2024-02-16,117.2746810913086,118.21816314591602,116.76363081709904,117.10957473819566,8616756
2024-02-20,116.8501205444336,118.20244133680596,116.22112748723427,117.16460955692474,7166032
2024-02-21,117.20391845703125,117.45551265658742,116.09532258985861,116.73217745383643,5302571
2024-02-22,119.24813079833984,119.70414060212481,117.8171840448036,117.8171840448036,5753024
2024-02-23,120.55326843261719,120.92280539716563,119.43681823835713,119.50758239491296,7066168
2024-02-26,121.6854476928711,122.0078060419894,120.73410385922378,120.81272986333035,7705449
2024-02-27,121.07219696044922,121.87415070790573,120.3724472567228,121.85842700887032,7300354
2024-02-28,122.34589385986328,123.36800195982241,120.93854009465547,121.20585801509864,7633025
2024-02-29,123.35227966308594,123.58028833785316,121.94491836576714,122.644668089555,8177329
2024-03-01,124.73603820800781,125.26281968042875,123.33654638522604,123.43875042394905,8698201
2024-03-04,126.59156036376953,127.18909098824895,124.68101068378306,125.30213437279383,8402242
2024-03-05,124.11491394042969,127.48786516896882,123.10853712750955,126.99253861160294,8003663
2024-03-06,125.40434265136719,126.56797150420421,124.59451956394244,125.08984613229796,8198755
2024-03-07,130.90797424316406,131.0888117966271,127.03184229401887,127.4013642174793,14393838
2024-03-08,132.0558624267578,138.227788711187,131.57625964994278,133.27452398815552,21242234
2024-03-11,130.9551544189453,132.41754858115263,128.14043198466348,131.37186249602428,9338609
2024-03-12,131.66278076171875,131.93009870004042,128.88736726173178,131.65491891153923,6928589
2024-03-13,133.7855987548828,134.48534842940703,130.1296133984697,130.1296133984697,8462887
2024-03-14,131.10455322265625,134.24948856668675,130.22396591472935,133.85636601160135,9460777
2024-03-15,132.78704833984375,134.0528808826186,129.6421140845289,130.2396445278989,13263757
2024-03-18,133.5890350341797,134.24947545060024,132.54334898234256,132.84211427826514,6228788
2024-03-19,136.38018798828125,136.74970996938418,132.87357741559285,133.51043236032507,9360787
2024-03-20,136.7497100830078,137.4180124282004,135.24014469300081,135.71188575640522,7229434
2024-03-21,138.88038635253906,139.20273718678183,136.08924963132588,137.29218766338352,7890893
2024-03-22,137.70889282226562,139.55654751620168,137.65385988161248,138.6130655475718,6842132
2024-03-25,136.40377807617188,137.991962017524,135.85340346286853,137.32367468287165,6288181
2024-03-26,136.45091247558594,137.6302648551351,135.54673981256252,136.40374138684686,5056983
2024-03-27,141.61648559570312,141.80518501382267,137.3393839675554,137.60670187980108,12606433
2024-03-28,138.00765991210938,141.49854624822538,137.06417793111672,141.4828225506899,12122274
2024-04-01,137.8740234375,138.4007974265069,136.0656777670508,138.06272286060886,7399592
2024-04-02,134.443603515625,142.36421361279224,132.00043242064942,138.44331551943185,20490400
2024-04-03,143.45774841308594,145.743306977804,135.96074532566865,136.09866592649004,16208500
2024-04-04,145.2014617919922,149.73316416833038,144.03899037509282,144.47244435670837,11880200
2024-04-05,153.9791717529297,154.14664569242183,146.32454092100275,146.32454092100275,14777900
2024-04-08,154.19589233398438,155.60465153826678,151.41775833272695,155.13178310289703,9588800
2024-04-09,152.19602966308594,155.52583083330828,148.6888784099951,153.81167719288956,8807300
2024-04-10,154.2845458984375,155.44701721851206,149.3981888297969,149.63463055370747,8075400
2024-04-11,155.33863830566406,156.08736285903174,152.45215242512953,154.73771048793543,6063200
2024-04-12,152.6049346923828,154.92414951526908,151.0258826376444,153.85829163716411,6851300
2024-04-15,151.68710327148438,156.61175840223066,150.6903359058113,155.14126639439564,6423700
2024-04-16,154.70703125,154.96363587072867,150.00937467482845,150.70020430956592,6187200
2024-04-17,153.63131713867188,156.60189224051973,151.618039954956,155.93080486560024,6519900
2024-04-18,150.93707275390625,155.93080367743394,150.87786093409483,154.6280834057534,6186600
2024-04-19,146.12098693847656,151.5193523991237,144.85775116922775,151.44039828117587,9566100
2024-04-22,148.2230682373047,149.920543795999,146.88087861087092,146.88087861087092,7322800
2024-04-23,160.4902801513672,161.50678979106922,150.81863562056924,155.7630178988954,19250900
2024-04-24,157.105224609375,160.21396568001788,153.52275885335305,159.75011967076597,10416000
2024-04-25,159.1481170654297,159.36523712756335,155.0623355327592,156.0196335179053,5908200
2024-04-26,160.2238311767578,161.23046216773238,158.2105390768961,158.90136869588542,5898000
2024-04-29,162.3358154296875,163.89512527866992,160.86532331071464,160.86532331071464,5371700
2024-04-30,159.7008056640625,164.0826465867452,159.46394329298803,161.4180089127346,6723600
2024-05-01,157.60853576660156,161.16139551342934,156.7400706521214,160.4409599471682,4775800
2024-05-02,160.51004028320312,160.68769080544615,157.33220870679745,159.2764104805288,5030400
2024-05-03,161.9607696533203,163.13518748637546,159.88826582334588,163.13518748637546,3968600
2024-05-06,165.770263671875,165.78012729050585,162.86876354467373,162.95758128923055,4831600
2024-05-07,166.56961059570312,168.56316034981504,165.03004318401594,165.612312771444,4781800
2024-05-08,166.64857482910156,167.96115867882455,165.89853336881276,165.89853336881276,4878200
2024-05-09,165.306396484375,167.12229597190424,164.94124687518647,166.54988992625653,4968800
2024-05-10,161.24034118652344,166.53014594441262,160.97387295471842,165.71101401623886,5711300
2024-05-13,157.41114807128906,160.97387120993167,156.77953027386283,160.94426530215824,7768600
2024-05-14,157.9046173095703,158.7138857015816,155.9604155042296,156.56242746008064,6103500
2024-05-15,161.3291778564453,161.59564611954295,157.1446999998908,157.90462020111693,7133300
2024-05-16,159.0099334716797,161.7732670893147,158.9803275627622,160.8653174116123,4283200
2024-05-17,157.79603576660156,159.75997959782143,157.01638845088544,159.7007677838374,5946300
2024-05-20,157.1940460205078,159.30601968398312,156.74007867675624,157.8256638901745,5586800
2024-05-21,158.89154052734375,159.10866060731527,155.29921064821437,155.87161676277933,5071300
2024-05-22,158.70401000976562,159.62183844579573,157.63815201580715,158.38820859986575,4432200
2024-05-23,163.09571838378906,164.09250087062642,159.6316914284216,159.8685537642849,7411500
2024-05-24,165.13865661621094,166.93481415788523,161.70423473616947,163.6583005401116,5500300
2024-05-28,166.3524932861328,166.4413110092674,163.1450561064307,164.81292584930878,5749700
2024-05-29,161.45748901367188,165.23731781467336,161.25023256237594,164.41820080444367,4820800
2024-05-30,162.04959106445312,162.85885935939342,161.0528237084726,161.3390191670759,4384400
2024-05-31,162.977294921875,163.18455134834954,157.9737004253687,162.13842065803786,11704800
2024-06-03,159.3455047607422,164.605689112343,156.94732053675096,163.94446532948658,5220500
2024-06-04,159.2665252685547,159.85865845817713,156.27620823704262,158.89149704052497,5598600
2024-06-05,160.42123413085938,160.80612605471717,158.4178203914253,159.71066210851285,4279900
2024-06-06,158.51651000976562,161.03311813183652,157.6677719976661,160.17451650131423,3867300
2024-06-07,159.79945373535156,161.65483760819333,158.00329673715987,158.59542995305503,3341800
2024-06-10,160.70742797851562,161.75354370644547,159.44419218717107,159.87843231400046,4385200
2024-06-11,158.25990295410156,160.13501425696091,157.5197250620848,159.90803058658395,5106400
2024-06-12,158.9408721923828,160.806119915087,157.0953517047427,159.14811357326212,5790700
2024-06-13,153.65106201171875,158.52636941463447,152.16082756828578,158.48688482782484,8080900
2024-06-14,153.8385772705078,154.54914924867313,151.21340941000585,152.20031326201794,6247400
2024-06-17,161.09230041503906,165.30638378842193,153.4141901817023,154.0951562019653,9564800
2024-06-18,162.80953979492188,163.02665986058204,160.2337199786432,161.26009342261602,5105300
2024-06-20,162.83912658691406,164.12210453545083,160.91466719358735,162.8095206777057,4957200
2024-06-21,162.08909606933594,162.76018346865862,159.1875962992996,162.34568565279028,17195200
2024-06-24,158.4375,162.60223446721454,157.11505276776327,161.9508895249939,5519000
2024-06-25,157.63815307617188,161.50681449195613,156.34531139837415,157.49012351724778,6825500
2024-06-26,158.53623962402344,158.9112679195212,155.4571043189713,156.4933564109279,3998000
2024-06-27,158.39805603027344,159.73038215130694,157.50984865555546,158.6941301748316,3339700
2024-06-28,156.8881072998047,159.50339649640136,155.8321129448663,158.16120664896965,8641200
2024-07-01,156.8881072998047,159.286276443217,154.00634984539846,158.56584084435488,4435100
2024-07-02,159.33563232421875,160.80612456272877,156.17754284251257,156.74008529621696,5247300
2024-07-03,160.8653106689453,162.33580267235803,159.42442457320917,159.7599832918038,2577300
2024-07-05,158.39805603027344,161.10217779743516,157.56906047267577,161.10217779743516,4668300
2024-07-08,161.38836669921875,161.63509263315126,158.5460791214503,158.69412371718337,3453300
2024-07-09,160.99365234375,163.411564101994,160.8949559213891,161.83251169797845,3829900
2024-07-10,163.5299530029297,163.8161635315656,160.4113334502978,161.01334535723652,3904600
2024-07-11,160.06996154785156,163.7869957804075,159.94144205163025,163.30260398901558,4553800
2024-07-12,157.1931915283203,160.44560937120931,156.98559937589127,160.0304099819047,5983400
2024-07-15,157.73692321777344,158.91332912527622,156.78790027495364,158.76504900435054,5383300
2024-07-16,160.98931884765625,161.997653698063,157.82586925474263,158.0532521876785,6500700
2024-07-17,154.8700408935547,160.09959187912108,154.72174570991794,159.80301659629308,6041200
2024-07-18,156.97569274902344,158.6068492522204,154.63277668968507,155.57191917576765,5274800
2024-07-19,157.3118438720703,158.60687387952902,155.81908692362282,157.83578707990554,5459800
2024-07-22,160.90037536621094,161.07832661479029,157.94454735386705,158.1422592310502,6350500
2024-07-23,170.03477478027344,175.17535797767152,162.73909182605053,164.10332914840342,16428000
2024-07-24,160.44564819335938,170.89487306364913,160.19850456246525,169.54053079337334,7335200
2024-07-25,162.7885284423828,166.27819452044753,160.06994911284846,161.43418647614683,8791500
2024-07-26,167.8697967529297,170.6476880774649,164.21207491901023,165.33904899939506,7297700
2024-07-29,167.9291229248047,170.7564462182999,166.47591739830327,169.29336037852792,4886600
2024-07-30,165.5664520263672,172.73361710764613,165.3588598299254,168.5321755082757,5329500
2024-07-31,168.25535583496094,169.78764913516642,166.040958886022,168.9176988569702,5568800
2024-08-01,167.81048583984375,172.70392556173044,166.2979683818869,168.79906013050558,6112900
2024-08-02,158.4486846923828,165.51698477402002,156.55062388131384,163.67825109079863,8210700
2024-08-05,156.5506134033203,158.07301105835876,148.4838441828543,150.7476875841212,7064800
2024-08-06,160.4159393310547,163.55959804012085,157.9346084400615,158.10266424358593,5056700
2024-08-07,160.27757263183594,164.37027005295639,159.72397338019812,162.5414013753795,4307500
2024-08-08,163.71780395507812,164.42957871665084,161.6912234557238,162.60071007674495,3842700
2024-08-09,165.22042846679688,165.96185919574935,162.68968065881717,163.55961579003096,2770100
2024-08-12,164.96339416503906,166.85157476184406,162.73910191519104,165.7147203123673,3173700
2024-08-13,166.04095458984375,166.70329759471542,164.35048581289706,165.8432276521349,2942400
2024-08-14,166.03106689453125,167.24700917872173,163.72768674028546,166.57478582955892,4456000
2024-08-15,167.99830627441406,168.79904898345973,166.29795740000657,166.8219005327018,4162500
2024-08-16,167.4842529296875,168.38385914594824,166.9306537456644,168.1070595539367,3305600
2024-08-19,168.97702026367188,169.04622771438272,166.10028013341514,167.6721098585619,4506000
2024-08-20,168.04774475097656,168.9572312647146,167.2568823220251,168.9572312647146,2573900
2024-08-21,169.24392700195312,170.22262104636508,167.90936066987965,168.15650425927632,4102900
2024-08-22,167.74127197265625,170.0149957709595,166.84168086679747,169.77774760433567,2996600
2024-08-23,169.26370239257812,169.4218779097602,166.92078599655264,168.0576404718479,4058000
2024-08-26,169.26370239257812,169.96558173784638,167.64244105258055,168.591463986778,3707300
2024-08-27,169.03631591796875,169.54048335351746,167.6621983180732,168.74962093906086,3206000
2024-08-28,169.90626525878906,171.19141490459313,168.34431600735917,169.24392226786674,4578700
2024-08-29,171.5967254638672,173.95941739149765,170.51918311810962,170.6476875171844,4262500
2024-08-30,172.62486267089844,172.82258962506597,169.8074345873959,171.9724150092713,5295600
2024-09-03,162.33380126953125,172.75336832109747,161.7307703103544,172.19976909649856,6099600
2024-09-04,164.45924377441406,164.7162676973695,161.53305680673083,161.63192028410919,4112400
2024-09-05,161.97792053222656,164.10334944609247,160.65321937974616,162.89728747834727,3144200
2024-09-06,159.38783264160156,164.1428726849643,158.75514568315,162.6303551892216,3954900
2024-09-09,163.4607696533203,164.47899999496568,161.0486459018488,161.62202081690737,3716000
2024-09-10,165.0721435546875,165.81357432983273,162.37333975680426,165.53677471386766,3473200
2024-09-11,164.4493408203125,164.82498879684655,160.3764044473461,164.34059704394684,4258000
2024-09-12,167.7610321044922,169.0165255126043,164.33067855907314,164.60747811739705,5148500
2024-09-13,176.24302673339844,177.2711524628166,167.27666558798393,167.4743774330422,7360800
2024-09-16,179.36691284179688,179.44600059127265,174.24609042547257,176.67798969740377,6844600
2024-09-17,178.2696075439453,180.34560454906935,176.94492158575468,179.43611799190353,5936900
2024-09-18,181.4528350830078,183.6474714692068,178.36847268150075,179.12967919711528,5686500
2024-09-19,184.03302001953125,185.84211304158308,182.17449525895256,185.50598627026974,5021500
2024-09-20,185.28846740722656,185.69378647649103,182.21401592150977,182.8862391817518,9895700
2024-09-23,186.51429748535156,187.6116154800369,185.25880399417477,185.664123047267,3972500
2024-09-24,187.4929962158203,187.63139600769387,184.863385085777,186.51430227614213,3648900
2024-09-25,187.1667938232422,188.69908716718155,186.04969991907927,187.6610810255163,3214800
2024-09-26,182.75120544433594,187.66180311460178,182.69180555065668,187.51328827361482,4781500
2024-09-27,183.53335571289062,184.33528454087795,181.30576892101925,182.3354023911634,4452800
2024-09-30,186.70143127441406,186.83014109230612,181.2661153696216,183.23629709732424,5628400
2024-10-01,184.4441680908203,186.34504012091165,183.07791018205955,185.62231627512412,3794000
2024-10-02,184.582763671875,186.32522583592262,182.88979134292288,183.72143508890647,2879800
2024-10-03,182.05816650390625,184.8500821310687,181.8700567848976,184.64216741353607,3999500
2024-10-04,185.21640014648438,185.2956050374831,183.01851351833074,184.72138090783335,3978300
2024-10-07,184.10755920410156,185.3648971750714,182.95911096153193,184.0877542049433,2514200
2024-10-08,185.60252380371094,187.9885202786194,184.7015851188102,185.75102353999608,3627200
2024-10-09,187.39447021484375,187.533074988844,184.64216462627655,184.770874454558,2312600
2024-10-10,186.24603271484375,187.85980026007752,185.52330885942243,186.27573266049203,2300900
2024-10-11,189.25575256347656,189.8596766185332,187.1766657885503,187.52318528663395,2983900
2024-10-14,190.7111358642578,191.99817392853842,189.7507972363138,190.0676017253277,3132900
2024-10-15,188.67164611816406,192.39418547763984,187.8697022352926,191.9189712226999,3824300
2024-10-16,190.26560974121094,190.30521974477287,188.02812795724418,188.6023521545716,2912800
2024-10-17,190.7012176513672,192.85950951176972,190.28540327975696,192.1565755053975,2633300
2024-10-18,190.69131469726562,191.51304845908177,189.23595690434635,191.17643899716825,3075900
2024-10-21,192.29518127441406,192.45359106634473,190.1072045621801,190.9883382579592,4728800
2024-10-22,174.90020751953125,183.15712510116526,173.99926884610701,182.66210584413508,15636200
2024-10-23,179.88009643554688,183.13731643460943,177.83070950121163,177.90991439356546,9788600
2024-10-24,177.9495086669922,180.3949047401981,177.84060383797862,180.08798014440552,4366800
2024-10-25,177.31590270996094,179.61278419149394,176.52386888271934,178.20693132386478,3974900
2024-10-28,173.61314392089844,178.7811458600117,173.46464419549378,178.1871167448172,5687400
2024-10-29,172.3162078857422,173.1577315659074,171.04895978531425,172.8211220938413,5219300
2024-10-30,172.9003143310547,174.7714863975789,170.7915275980493,171.25684687816585,3694000
2024-10-31,170.06881713867188,171.89048440464148,168.73225908309828,170.28662682338444,5177100
2024-11-01,169.98960876464844,173.52405348868538,169.88070392452096,171.03904716581013,3984900
2024-11-04,170.04901123046875,172.9399219041074,169.7421017055,170.58364049255988,4197400
2024-11-05,173.51412963867188,173.72204435576106,170.05890518959532,170.6430242371119,3607300
2024-11-06,178.95936584472656,180.2464190025534,176.72188412284794,179.6919998223916,5939500
2024-11-07,177.06838989257812,179.21677160201233,175.00910802157108,179.21677160201233,5084200
2024-11-08,182.96900939941406,184.56297195934042,177.6624025328383,177.8604072078353,4676500
2024-11-11,182.72149658203125,185.60251213921345,181.87006289833167,184.77088345470358,3371900
2024-11-12,180.8206329345703,183.85014835929783,178.79105096689946,183.22643437036433,3158000
2024-11-13,181.73146057128906,184.4441714389557,180.93942676767654,181.1275364955482,3934800
2024-11-14,176.62286376953125,181.9690807763519,175.72194020848698,181.17704694866117,5085600
2024-11-15,175.16749572753906,176.14763923159626,174.13786238640643,174.98929605777658,5302100
2024-11-18,175.75164794921875,176.791191449989,173.38545641463742,175.23682367237063,2833800
2024-11-19,175.7912139892578,176.10803352509558,173.9497419808649,174.74177571367238,3216000
2024-11-20,176.20703125,176.76145034021118,174.24675943624268,176.3258461313218,3225400
2024-11-21,176.9198760986328,179.13756776667253,175.57342314067807,176.63277158196675,4532000
2024-11-22,179.345458984375,179.9295931504136,176.99907269453826,177.51389691789228,3405200
2024-11-25,178.4148406982422,181.87006531677898,177.76141167738615,180.42461759926047,9740700
2024-11-26,182.76109313964844,183.08779251491742,178.6227248070597,179.06823906194077,3918900
2024-11-27,178.80096435546875,182.8502183128912,178.64255456522122,182.80071336509022,2726200
2024-11-29,180.3454132080078,181.14734196001328,179.32567478178007,179.64247923996533,2054700
2024-12-02,178.6425323486328,179.83057541416218,177.63268894487862,178.99894677897035,2817700
2024-12-03,178.9197540283203,180.42461673700623,178.11782528236958,179.19696359218506,2882300
2024-12-04,180.83053588867188,181.07804552723113,176.22686265418562,178.7019590397781,3713400
2024-12-05,171.1875762939453,178.96928021886328,170.9895715972207,178.53366082199514,7547300
2024-12-06,173.8309326171875,174.07844220085929,170.72221285054124,171.57364642264363,6899600
2024-12-09,169.61341857910156,174.61310137579423,169.06889433295768,173.256753340955,6500800
2024-12-10,169.56390380859375,171.4350760320429,168.91047475106188,169.30648412162046,5100300
2024-12-11,166.96009826660156,171.44497163043187,166.25716425838138,171.44497163043187,7606400
2024-12-12,163.18804931640625,167.59371766185663,162.8118298486637,166.96009362011532,7808600
2024-12-13,164.35629272460938,166.19776501482323,163.89097340187652,163.9998782456393,4957100
2024-12-16,164.13845825195312,167.51449279202427,163.80184882452912,164.66319249760315,7436000
2024-12-17,164.1483917236328,164.8513106219649,161.90100002476825,164.1483917236328,4855100
2024-12-18,158.35667419433594,164.97014002924075,158.01016974152685,164.34641086467778,8059100
2024-12-19,163.1583251953125,164.11866361568028,160.5644144124078,161.40595306342257,6257600
2024-12-20,166.69277954101562,167.3957135319855,161.53468734990136,162.33661612806313,9281500
2024-12-23,167.3363037109375,167.6432132145657,164.8909075212197,166.4452600383395,4127700
2024-12-24,169.78167724609375,169.78167724609375,167.16797668077982,167.55409102201529,2235700
2024-12-26,170.43511962890625,170.9499438724535,168.43525276047487,169.31638641032905,3309700
2024-12-27,168.6600799560547,170.03847486241085,167.56925731157128,169.2947362770086,3188400
2024-12-30,166.69659423828125,167.81714994922694,164.6240314635335,165.80409896451565,4117500
2024-12-31,165.39752197265625,167.1428380323713,164.76286571405043,167.09325243860232,2806900
2025-01-02,167.18251037597656,169.27489549132125,165.82395276360677,166.51810573593443,4148000
2025-01-03,170.52438354492188,171.18878817550402,167.58908870621607,167.80725322746986,3975500
2025-01-06,171.01028442382812,172.23001143414334,169.7508828831125,171.7044373918368,4980300
2025-01-07,170.87144470214844,172.24983949763072,169.35421932048084,170.7821997106148,6496400
2025-01-08,171.4466094970703,172.13085138232353,169.28481671373643,170.5640403586102,4527700
2025-01-10,170.25662231445312,172.01184943674403,169.31455656038014,170.96068629776502,5131200
2025-01-13,170.13763427734375,171.07970006066674,167.58908297145183,168.09481972719806,5610800
2025-01-14,175.3834686279297,176.41477943445616,170.96069669033818,171.66477584784926,6432700
2025-01-15,178.78482055664062,179.36990637042345,177.38660361137462,177.57501979450814,7397000
2025-01-16,178.2394256591797,181.35321040757506,177.1287658169334,180.1632166386398,6144700
2025-01-17,181.32347106933594,181.66062892593612,178.45759902543426,179.27074533437587,5899100
2025-01-21,185.9346466064453,187.73945950591067,182.96960332792378,183.35634678760917,7508400
2025-01-22,186.78746032714844,187.66011841062374,185.05207035840075,186.50979914266077,7457800
2025-01-23,199.1235809326172,205.9163831518782,196.44612549103266,199.718562624415,14403500
2025-01-24,195.10740661621094,201.30522766501053,193.8876796705989,200.80940198110656,7835700
2025-01-27,192.8365478515625,194.98842968482475,191.1309061450449,192.71753938807035,7674800
2025-01-28,192.8067626953125,194.90907382461506,190.18880376402504,193.66950965011534,4858800
2025-01-29,197.43780517578125,198.270788742957,193.30260540940176,193.30260540940176,5595800
2025-01-30,203.85377502441406,204.21075498381916,197.8146068106989,198.14185357155233,6282100
2025-01-31,201.8704833984375,204.151269520519,201.37465769687205,204.12152118893704,5507800
2025-02-03,202.40597534179688,203.02079439047765,197.3088875626238,198.33028733187092,4678300
2025-02-04,200.4920654296875,202.83236325304077,198.75667554338654,201.2358039523879,5413800
2025-02-05,202.87203979492188,203.5661927300528,200.10532398942988,202.177886859791,3239400
2025-02-06,204.33969116210938,204.37936569287731,202.35638830291174,203.28854306775864,3113200
2025-02-07,203.56619262695312,206.10481772065992,202.79270576657055,204.7561712482033,3954400
2025-02-10,203.50668334960938,204.93466365914446,201.70187069966974,204.41900074039052,3787500
2025-02-11,207.07666015625,207.40389181454162,202.73322202394183,203.288544407152,4110900
2025-02-12,207.88978576660156,209.6549239366559,204.41900608571288,204.9743284136313,4595200
2025-02-13,206.62051391601562,209.5359718425766,204.54796584463642,209.3574666983986,3763300
2025-02-14,206.53123474121094,207.4138038538641,203.25878219908833,206.9179781696455,4268500
2025-02-18,208.3261260986328,210.41851113951734,207.5724764885538,208.11787264864552,4396000
2025-02-19,208.7425994873047,210.0119119458843,207.13612921690822,207.29478192568212,2699100
2025-02-20,206.99729919433594,208.52443554873898,205.4205621169234,207.97902430381,2969100
2025-02-21,198.16171264648438,207.37414803249223,196.78331772526943,206.62049837179785,5419500
2025-02-24,197.05105590820312,201.55314659625196,195.78172819817314,200.9383275716839,4299100
2025-02-25,197.60638427734375,198.40961951293062,193.21336058335388,197.31879688966453,4121400
2025-02-26,199.92684936523438,202.8918926469333,198.32037885888127,200.0755910301188,3157400
2025-02-27,199.74832153320312,203.75460140795272,199.42108990764947,202.71336447790452,3480200
2025-02-28,205.25201416015625,205.58918715511652,199.35169102225697,200.26400854616037,6117400
2025-03-03,200.27392578125,206.73948209145897,199.13351757886122,205.36108723433838,5376400
2025-03-04,197.11053466796875,201.34487485723355,191.6465262784567,196.34695892424963,6164200
2025-03-05,200.80943298339844,202.76298769009472,197.03124310977205,197.2097331204624,6221200
2025-03-06,194.41326904296875,198.54845375762454,193.64969319264517,197.33863778281588,5621400
2025-03-07,192.23159790039062,194.11572919377394,186.1130964666229,193.44141361724417,7681300
2025-03-10,190.87054443359375,190.9599706406531,186.68793262058912,187.96953644683148,6195000
2025-03-11,190.47314453125,192.42038912402126,187.09526259547363,188.6947773597592,5356700
2025-03-12,193.73182678222656,195.96719401432918,191.17853337830553,193.65234523927197,4735000
2025-03-13,191.1685791015625,194.34776461006504,190.4234567874032,193.28473132483163,3837200
2025-03-14,195.82809448242188,196.41425377542052,192.34092724692366,194.09940512591962,3263200
2025-03-17,200.71607971191406,202.27587636162067,195.05315317261892,195.71879395219332,3733000
2025-03-18,199.484130859375,200.66639397348433,198.22240137551438,200.48757190221653,3983100
2025-03-19,204.23306274414062,205.47493324729984,200.0107030333992,200.0107030333992,3564000
2025-03-20,202.6037139892578,204.82915138724226,201.78905482256081,203.66676241601417,3970800
2025-03-21,202.80242919921875,202.9812512783514,199.5139584723814,201.28238088838185,7976300
2025-03-24,208.8627471923828,209.5085289582092,204.26286909697035,205.57427648250393,4043900
2025-03-25,210.75038146972656,211.37627384953515,208.882603517067,209.39922585367407,4315200
2025-03-26,206.0213623046875,212.81688981835438,205.34579196799297,210.90936321692107,4791100
2025-03-27,204.5410614013672,206.3392876156097,201.48109040515183,205.0179354700017,3301900
2025-03-28,198.580078125,205.51467920077806,198.29195566101833,204.26287911326432,5178400
2025-03-31,198.84829711914062,200.2590753384861,193.1853707074193,196.24534141891388,6923100
2025-04-01,202.4646453857422,203.1700345720639,197.17925188033163,198.2621594287554,3854000
2025-04-02,198.47079467773438,200.87505432351267,197.13949788250744,198.1826722111829,6026500
2025-04-03,186.40972900390625,192.88731443010775,185.5056436677026,188.60534749519906,12750500
2025-04-04,165.72515869140625,181.96883350567396,164.3441990798606,178.51145456317693,18167100
2025-04-07,166.60934448242188,174.19965642827293,158.32358808332899,162.14855531548722,18545500
2025-04-08,168.2684783935547,177.1900868731519,165.2780597229525,174.85536429740557,11903400
2025-04-09,186.0520782470703,187.88010801596744,164.62235325685424,164.73163846910094,12548600
2025-04-10,180.3295440673828,184.20418950902868,174.81565062584065,180.71700709559204,8150900
2025-04-11,180.48849487304688,183.0517174852017,173.9115533482446,177.84579072723386,6491100
2025-04-14,184.7903289794922,186.38985877757847,182.634443627211,184.14456238827708,5319100
2025-04-15,184.46249389648438,187.2144834545234,181.10447086522132,182.68414182628305,4999300
2025-04-16,181.263427734375,184.67112850596064,180.1010386848091,182.87290232262654,5128000
2025-04-17,180.60772705078125,183.04180567062096,180.4090307772066,182.1973275584863,4932000
2025-04-21,177.19009399414062,179.61421254438898,174.8752454977998,178.12396790241826,8501600
2025-04-22,187.94964599609375,188.76432033940685,180.9157046627998,185.28708285947042,13041000
2025-04-23,192.42037963867188,195.7485987145029,191.31761316398206,194.6656912533653,7235700
2025-04-24,196.12612915039062,196.41423643793306,192.78798061978662,193.06615840070762,5906300
2025-04-25,197.13949584960938,198.68936306570242,195.9771068072043,197.4077441392576,4390600
2025-04-28,199.5537109375,200.1696739267559,197.3084142673464,198.20255506849554,3416900
2025-04-29,199.19602966308594,201.1134704525845,198.35155165306247,199.18610015645172,3444200
2025-04-30,200.22926330566406,200.71608201252326,195.57970730207128,197.30839654316605,4436300
2025-05-01,202.2858123779297,203.9052164391807,199.55369714600712,200.93465660230586,4687600
2025-05-02,206.3491973876953,207.3625679512336,204.22311571724563,204.97818267655143,3831700
2025-05-05,207.5811309814453,209.1508570425669,204.3125194819072,204.96823071494876,4466500
2025-05-06,207.2433624267578,208.46535879726247,204.58078409770866,204.6801398050402,3169600
2025-05-07,208.55477905273438,209.26016822302847,206.8658380703434,207.5414083994785,3968300
2025-05-08,213.09506225585938,215.39003666470242,209.14093540989953,209.6277541352356,5870300
2025-05-09,213.56199645996094,214.71444078237502,211.34648853526215,213.81037056420098,3778200
2025-05-12,217.5260467529297,218.54934689334374,209.77677133772724,217.91350976571215,5468000
2025-05-13,220.13894653320312,222.09613576423024,217.87377582635347,218.5692203136226,7188700
2025-05-14,221.7881622314453,221.89744745189813,219.0162985306661,221.49011025206912,4764700
2025-05-15,227.88821411132812,228.59358808154283,221.99677244636857,221.99677244636857,7207700
2025-05-16,230.27261352539062,230.8091101153471,226.10986083774773,227.58024654688128,4651700
2025-05-19,233.759765625,234.33599536684258,227.4311982905816,228.0074280324242,4734400
2025-05-20,233.72994995117188,234.54462424907368,232.2794537440293,232.6371130426969,4311000
2025-05-21,232.0211639404297,235.756720450354,231.1468973364598,233.3325865857146,4631000
2025-05-22,228.77243041992188,230.93824539140206,227.92795237864408,229.68644532931694,6909400
2025-05-23,231.27603149414062,232.17018739320537,226.52711968475802,227.35172355586707,4234200
2025-05-27,240.2075653076172,240.70431352194507,233.57101644078213,233.8889274149847,7162400
2025-05-28,242.0852813720703,244.40012995050398,240.02875157618607,240.20757366297906,9570500
2025-05-29,242.5720977783203,243.3470237994569,239.91946406603697,242.93968661513944,5243700
2025-05-30,244.3107147216797,245.25453331365276,240.72419194453988,241.80709943259788,9143000
2025-06-02,245.87046813964844,246.48644617433627,242.9197828191527,244.25107942605467,5450800
2025-06-03,247.25144958496094,248.87085360317607,242.5919489422713,245.89036433846738,6456200
2025-06-04,249.24839782714844,251.41421284284567,248.0959382902099,248.35424191350177,5811500
2025-06-05,250.2816162109375,251.36452367002823,248.4833901169579,250.83797178039504,4188200
2025-06-06,253.96749877929688,255.7955285831979,250.43065389275495,251.3545983016263,5796700
2025-06-09,249.77493286132812,253.659507412719,249.50668458940638,252.36795906443317,5771600
2025-06-10,240.42613220214844,249.61597403218926,238.1907652705169,249.1490295048176,11230900
2025-06-11,243.9232635498047,245.35390092726948,236.9588434219453,241.0619887948751,6940800
2025-06-12,238.42919921875,241.84681399645183,237.12770624043603,238.43912872500832,8946600
2025-06-13,235.06124877929688,236.45213764278674,232.18010019127982,233.47164851283563,7420300
2025-06-16,235.0016326904297,238.379529559164,234.53470332742012,236.05475161250732,4505600
2025-06-17,234.21678161621094,237.41584130958677,233.352444579649,235.19040386563546,5720500
2025-06-18,234.35586547851562,237.96226226601797,230.72960967786622,234.4254175031863,7761100
2025-06-20,237.813232421875,239.2339401807677,234.97183206364187,238.1609622315518,9142100
2025-06-23,246.1983642578125,246.8441460759697,237.06812903368862,237.68410716972895,8052000
2025-06-24,247.1322479248047,247.76808506182707,243.97293641384897,246.76465908045594,5255700
2025-06-25,248.27474975585938,249.3576723769329,246.86398665598227,248.45358699475912,5197400
2025-06-26,249.36761474609375,253.81847470087106,248.37411827300173,249.5464368346648,6790300
2025-06-27,252.85476684570312,258.85547851549063,250.14252588041518,250.21207790597364,26988000
2025-06-30,255.716064453125,256.2128126754723,252.2189375635724,254.64307131415578,8135800
2025-07-01,247.4004669189453,254.0866931529387,245.50288523990181,254.0866931529387,7178300
2025-07-02,243.1582489013672,247.50976807392746,242.07534144138606,246.38711226777963,6228600
2025-07-03,245.27439880371094,247.08255438880047,243.40662069993635,243.95304675790788,3089500
2025-07-07,247.39364624023438,248.17966312857797,245.2346123672092,246.2693660867542,5336400
2025-07-08,245.80172729492188,248.19955387098332,242.11046622518103,246.74692416971774,5994500
2025-07-09,249.06515502929688,250.44813114458913,245.5728955334212,247.7319293144636,5589500
2025-07-10,251.2938232421875,251.40325286048454,245.50322321293285,249.34372003743215,5462500
2025-07-11,254.1294403076172,255.5820700613572,250.12974786725079,250.22924867100917,7867200
2025-07-14,261.01446533203125,261.13385414728003,254.7065032315433,254.89554564348097,7502200
2025-07-15,263.33270263671875,263.7207162761735,260.41748411119335,262.58649219746377,9392400
2025-07-16,264.8350524902344,265.5116093349964,260.7060274633673,262.66607476611944,11912900
2025-07-17,258.96484375,271.4215711738636,256.8555606439295,268.4367297150746,16260200
2025-07-18,261.9397888183594,268.3373236216075,261.23338467217184,264.0590316203067,8619800
2025-07-21,261.5318298339844,264.9047157183996,258.2684039403268,262.35765308741713,5208500
2025-07-22,257.69134521484375,260.17871341189823,253.37327766836293,259.4126149380227,4751300
2025-07-23,261.8502197265625,262.3974589524856,258.63655942185756,259.2136154884762,4689800
2025-07-24,266.65582275390625,268.47656286537756,261.8502105227287,262.2282953366708,5206700
2025-07-25,270.2177429199219,271.4514678983585,266.9045816560888,267.4716785605547,4598400
2025-07-28,269.24267578125,272.0583936594587,266.08870982614127,271.9787808715205,5006400
2025-07-29,268.9442138671875,272.416570378103,267.76022409990316,271.351999797225,4125300
2025-07-30,272.1678161621094,272.247428947963,268.14825101456046,269.5511303222624,4697000
2025-07-31,269.71026611328125,273.55077798740245,268.51634772452115,271.6902316333,4524000
2025-08-01,268.0189208984375,269.18299228965344,260.3876613954459,264.18836754402076,4416300
2025-08-04,274.83428955078125,275.4511519870848,268.8546468673852,269.14319007137186,3744000
2025-08-05,270.7450256347656,275.60037280073135,267.262710454973,274.864121593285,4000600
2025-08-06,270.90423583984375,273.6602287897402,268.5462157170133,272.1180726985921,3576800
2025-08-07,270.6455383300781,271.49124955999173,267.37218375958065,270.57591509918046,3050400
2025-08-08,273.6204528808594,275.77947140940927,271.20270798770207,272.1976552374914,4467300
2025-08-11,273.80950927734375,275.01338700935304,271.172874639982,273.7597436942833,3360100
2025-08-12,278.2171325683594,279.12253830121296,274.30699676684293,274.6452752225162,3630100
2025-08-13,267.50152587890625,280.07767476609547,262.7456788327597,279.5802010986601,7599600
2025-08-14,268.33734130859375,272.7747984652365,268.11845165350985,271.61069658061143,4481700
2025-08-15,266.4966735839844,268.3373323910125,263.8699978102691,267.5612746148486,5203300
2025-08-18,267.0935974121094,268.247709485069,265.1633973469149,266.54635821476785,2697000
2025-08-19,264.5863037109375,267.60099253635417,262.4670612999594,264.96438850808204,3404900
2025-08-20,265.09375,267.58111814640193,262.4770338518443,264.1186907557934,3854700
2025-08-21,267.352294921875,270.54609778901835,264.79530329893333,265.7902506526739,3266400
2025-08-22,265.18328857421875,270.9738888399711,265.0240933710656,268.36713191052127,5229300
2025-08-25,265.26287841796875,270.5460763826219,265.21314319957037,265.6509224296485,4301600
2025-08-26,272.55584716796875,273.3120167805837,266.0688021460308,266.6259701668903,4693500
2025-08-27,271.9688415527344,273.31202643608583,270.85450547164845,272.31707916891895,2705700
2025-08-28,274.60546875,275.27209683475286,270.7550273615381,271.1231530230978,3388100
2025-08-29,273.80950927734375,274.88403900213063,270.26749931618946,274.6054549724909,5037100
2025-09-02,273.99853515625,274.1875471976494,266.65581966266893,272.5160431206954,4081200
2025-09-03,274.5357666015625,275.91875774868504,272.2175530446191,274.51587858888655,4120400
2025-09-04,280.84375,280.933291609109,274.4362872655678,274.4362872655678,4591300
2025-09-05,277.81915283203125,282.9729726946539,270.48636553252715,280.8437708421132,4952600
2025-09-08,274.6551818847656,281.4904951385546,274.0980138423387,278.585235748716,5008600
2025-09-09,274.84423828125,275.67999038741937,271.91909072796585,273.98859815947515,3073600
2025-09-10,281.9779968261719,282.05757924432584,275.4909518466455,276.1475902957098,3206400
2025-09-11,280.1373596191406,285.46033375176137,278.17731222178475,282.29640862203416,4016800
2025-09-12,280.2666931152344,282.0973924105422,279.2817050546007,280.13734511467027,3249700
2025-09-15,285.33099365234375,285.6593129108599,280.19706179368416,280.56518744708745,3716600
2025-09-16,291.4897155761719,293.2507613897994,287.38057831432536,288.4053728324333,5538400
2025-09-17,288.0372619628906,291.2310345005244,285.0524198700109,290.614171992804,4149600
2025-09-18,295.5888671875,296.14603520396946,288.74362542701317,289.24109903910227,3977500
2025-09-19,299.6184387207031,301.4988732924955,293.8676142887146,296.28535925727823,9652600
2025-09-22,299.4990234375,299.6283714438302,294.852636579124,298.58368893073254,4192800
2025-09-23,304.0857238769531,304.2250006988737,299.6283493980415,300.12582300831997,3637400
2025-09-24,298.78265380859375,305.6975494983349,297.2803040741063,305.3493118802578,5645500
2025-09-25,295.6784362792969,298.7229726392212,293.38011040687127,296.99177402450647,4504500
2025-09-26,293.48956298828125,300.4740820440507,291.27081959733727,298.4145338633584,3817600
2025-09-29,292.5033264160156,296.7868148609162,288.5485583622714,295.22283176247646,3860800
2025-09-30,299.665771484375,300.3132713770274,292.78228126447715,293.5791995322827,4112400
2025-10-01,299.72552490234375,301.0703510171771,293.89796533838717,295.2427914532205,3633300
2025-10-02,298.301025390625,302.27570607085073,295.66116909474846,301.150037005904,2508200
2025-10-03,295.86041259765625,301.58834987858734,294.3263130572371,298.3109650787543,2817000
2025-10-06,297.07574462890625,298.14164638364946,293.6190576451895,294.66501668271434,2759800
2025-10-07,300.58221435546875,301.57837735700525,296.74701111993903,296.92631316409984,2578800
2025-10-08,301.3990783691406,303.5009981319476,298.4404730085566,302.2358516508586,2658600
2025-10-09,298.201416015625,302.8335681322886,294.96388609315807,301.548509281697,4292500
2025-10-10,290.3715515136719,298.84890861624046,290.3715515136719,297.8527455875197,3380000
2025-10-13,296.3883972167969,296.4381932101394,291.9953144268414,294.86426893460697,2604100
2025-10-14,298.9285888671875,301.13013105331567,290.8895763140492,293.7087043146322,2516500
2025-10-15,298.9684143066406,303.7798982927733,294.5853034856599,300.3829790463812,2773000
2025-10-16,298.68951416015625,301.8871889196472,296.6175084693959,300.5125094981572,2623100
2025-10-17,298.9884033203125,301.7975601193664,296.19912843832566,297.02596082424276,3949300
2025-10-20,301.51861572265625,304.2580640287935,300.51251174436686,302.6940807906284,5058700
2025-10-21,305.4534912109375,315.31549965921,301.8672980296153,306.1209034527274,6726600
2025-10-22,296.74700927734375,307.8143655634621,293.66883886928497,306.4197434500671,5212200
2025-10-23,305.2143859863281,305.91168182279085,297.5339476240482,298.00214543445765,3091000
2025-10-24,302.70404052734375,309.109361206569,302.40520379288597,308.00363488859364,3586800
2025-10-27,311.6396484375,312.12775860936404,303.33165215462355,306.3101699796454,4244400
2025-10-28,308.6013488769531,315.4549552830748,308.2626570999682,310.90248300917654,3058100
2025-10-29,313.0740966796875,313.9108699255854,307.8342697346205,308.8105203884087,3596800
2025-10-30,309.5576477050781,313.6319506672014,307.31628098798586,309.21895593810865,3782000
2025-10-31,307.7645568847656,313.71165093783196,306.00132899938365,310.54382963885854,4023800
2025-11-03,307.43585205078125,310.49408007377417,305.1048340373115,307.91402128450017,3297600
2025-11-04,303.0328063964844,308.0435052298028,301.9071373066115,304.64658564372456,3938200
2025-11-05,303.93927001953125,307.3561321203847,301.3392992529189,302.28566623721156,4711100
2025-11-06,304.09869384765625,306.84811368890945,300.2834026104037,302.5646245859433,3467800
2025-11-07,306.0909729003906,307.73466605711906,296.55771675395823,302.8634147317226,4766500
2025-11-10,310.74310302734375,312.5561270673319,307.7347015723455,308.75077693517665,3716400
2025-11-11,309.52777099609375,311.52009701167094,305.8718393812973,309.30861391836095,2682200
2025-11-12,307.83428955078125,311.25115185875245,300.841236002448,309.5875462172283,3884500
2025-11-13,303.0029296875,310.1852567988789,301.4190036782936,308.79063460256515,4153300
2025-11-14,303.6504211425781,305.6228044794453,295.1132967063002,299.8151874090832,2803300
2025-11-17,298.9784240722656,307.6350834960051,297.4044694131399,305.6427573759359,3076600
2025-11-18,294.8742370605469,299.92476066938207,292.6228988172364,294.6949046054144,4053600
2025-11-19,299.665771484375,300.5125161442204,294.3661768420668,294.72478094243434,2952600
2025-11-20,289.5048828125,305.90171708873635,289.36543580238043,304.2281705644107,3733900
2025-11-21,286.3370666503906,290.59067129281834,282.9501188676198,289.5048573789568,5604100
2025-11-24,292.92169189453125,293.688756792505,286.2673309434586,288.36925049445733,11909200
2025-11-25,292.3140563964844,294.8443187835838,285.1117873751476,293.36001532633674,4693100
2025-11-26,295.48187255859375,297.46422725654367,292.3339937414452,294.07727904078337,4113700
2025-11-28,297.30487060546875,297.53396864770997,294.12710808483763,295.87039339989616,1376400
2025-12-01,287.3432312011719,295.2627088574877,286.92482936249746,294.6152089837737,3756300
2025-12-02,288.20989990234375,290.87960957078144,287.35318387412354,289.68420175481765,4255800
2025-12-03,287.383056640625,288.23977263632486,283.40837596421966,286.93480152701676,4059500
2025-12-04,290.7401123046875,293.40985219135916,286.55624603539286,287.7416824118134,4195300
2025-12-05,282.85052490234375,292.1546836825195,281.0673846186308,290.55087584333165,5220300
2025-12-08,286.08807373046875,287.73173671142,282.21298480643196,283.90647418103885,4333200
2025-12-09,284.21527099609375,289.3355635506143,283.6773344490099,286.0980337106458,3553400
2025-12-10,282.5118408203125,284.7830913081285,280.230618974062,284.3547485022053,5807400
2025-12-11,287.3133544921875,288.24971977195406,278.5670443047041,280.9976541294882,5971500
2025-12-12,298.6596374511719,302.84353436340643,289.58460678361917,289.8137048256359,9381900
2025-12-15,299.82513427734375,306.87795455519193,298.7592326295556,298.8488836465919,6808600
2025-12-16,297.5837707519531,300.24350881986334,295.72092048806775,296.5178690930542,5271300
2025-12-17,291.05889892578125,300.0741923433865,290.50105007612956,297.97227259876706,3802500
2025-12-18,300.5324401855469,301.15005642726396,294.28650865660484,294.8642698632318,4495100
2025-12-19,306.0312194824219,307.24653952970755,302.47494076086883,303.0626732689153,8856400
2025-12-22,313.52239990234375,315.1859751303535,304.75614703926016,308.4618747094605,6959900
2025-12-23,314.3193054199219,316.53078846249264,312.9545669946406,313.7913402539266,2724800
2025-12-24,315.5346374511719,315.943067938551,313.9108868600373,314.7775438257391,878500
2025-12-26,313.9308166503906,316.8395955327333,313.3331127812644,315.385206091562,1882300
2025-12-29,310.73944091796875,313.15292590402623,310.41034454658654,312.4947027260106,2773200
2025-12-30,310.9488830566406,312.0857918172751,309.7221903087522,311.0984723099807,3155100
2025-12-31,307.1990051269531,312.5146126289133,307.03943311769603,311.2979331244195,2555700
