Price,Close,High,Low,Open,Volume
Ticker,GS,GS,GS,GS,GS
Date,,,,,
2021-01-04,233.06094360351562,235.32997796206894,228.80428657126527,234.819894121278,3572000
2021-01-05,238.27626037597656,240.5365185641002,230.92385901688434,232.07596962774946,4207100
2021-01-06,251.13412475585938,253.62305452397172,240.18467496259177,242.99020290984717,6383500
2021-01-07,256.4989318847656,260.22792491341363,252.12793914945016,253.08656387867435,4009700
2021-01-08,255.1181640625,257.0530203130296,250.70320805014222,256.8067683210944,2800800
2021-01-11,258.41619873046875,259.4451965736973,249.94687468915384,252.23348884840934,2649700
2021-01-12,265.7861328125,267.34282074312875,260.3421804035147,261.3272149507907,4814400
2021-01-13,266.42828369140625,267.11427343978767,263.0511013271083,263.9129700543678,2413800
2021-01-14,270.7640686035156,272.11846814202374,266.95595219107025,267.4044663635929,3192200
2021-01-15,264.7308654785156,268.1168238714939,261.0986282386021,264.88916458915475,3863700
2021-01-19,258.74163818359375,269.6471262907294,258.38982659993167,268.2399604744477,6727800
2021-01-20,255.46116638183594,261.5999130353004,252.83154408165436,260.16636414274205,4792600
2021-01-21,254.49378967285156,257.457617447064,253.75503356493329,255.44363812550287,2516000
2021-01-22,254.5114288330078,255.56678333349802,251.0902562415557,252.13683423784562,2568800
2021-01-25,248.92666625976562,251.83772700281932,244.05436617318918,251.11655090274874,4575000
2021-01-26,247.80093383789062,251.32761103797714,246.32339514625704,249.70937993709498,3296800
2021-01-27,240.38694763183594,243.94003499959732,238.61922070841777,242.7351582547468,3891800
2021-01-28,241.8732452392578,246.1035185487086,238.627979800027,241.51265720829312,3778700
2021-01-29,238.4873504638672,243.96646490079507,238.00362290147618,241.21370266869874,3412000
2021-02-01,241.6182403564453,243.43873369025894,239.21726330882603,239.79772018317752,2324100
2021-02-02,252.3829803466797,253.50870744492994,244.49408731896105,244.7755258033864,5195500
2021-02-03,253.7725372314453,254.88068448040127,250.80871034693385,252.06635333742935,2712800
2021-02-04,258.34588623046875,260.1751831644583,254.62569580654514,255.04785364029254,2994700
2021-02-05,258.1259765625,261.4152052902079,256.97386617372143,259.4451893899063,2938100
2021-02-08,263.9744873046875,264.6253172316041,259.00545757812534,259.4451951971035,2826200
2021-02-09,264.2471008300781,265.99727466103866,261.8197676230325,263.49076507034454,2071700
2021-02-10,267.6067199707031,268.3982423040739,261.8637478340172,263.842567087171,3213700
2021-02-11,265.8829650878906,268.2487556670359,263.1126234071701,267.3428972294808,2159900
2021-02-12,269.40081787109375,269.73502270191415,265.3991900802836,265.592675674998,1977300
2021-02-16,274.361083984375,275.2053995257309,271.95133045379134,272.6373200564843,2792200
2021-02-17,275.04705810546875,277.01710075162407,271.54676408030576,272.6636878922396,2333100
2021-02-18,272.5494384765625,276.5950309425008,270.5090489769469,271.9514016078872,2093300
2021-02-19,277.5799560546875,278.60015049906053,272.83959872205435,272.83959872205435,2749500
2021-02-22,278.6793518066406,281.924618017964,274.58099342628043,275.27578647268143,3162300
2021-02-23,280.7373046875,281.43209769372913,273.1474285085092,279.6555672392418,2942500
2021-02-24,290.78973388671875,291.0799489341544,281.52005646065027,281.58162617477376,3934400
2021-02-25,288.2568359375,295.33660144091203,286.9640061593732,293.15549301185024,4244000
2021-02-26,280.9747314453125,289.0658867464387,280.5877602309704,286.50661083136106,3732200
2021-03-01,291.2962341308594,292.28511127260066,285.4600536875422,286.952207321203,2957800
2021-03-02,292.1968688964844,296.8322515954319,290.93428540906757,291.36691250527235,2850300
2021-03-03,295.2782287597656,300.2844529581096,294.2363779841626,294.6160313599513,3606300
2021-03-04,290.7399597167969,299.9842357475006,285.9986310292078,294.1304068959395,3647600
2021-03-05,289.0446472167969,296.29349139671785,279.41188243479684,296.29349139671785,3740200
2021-03-08,295.0663146972656,298.06827065555234,290.5722052078374,292.567608251441,2998000
2021-03-09,291.8877868652344,297.0087963549257,287.45548855155266,290.14841391746637,3324800
2021-03-10,301.9795837402344,302.3151013123561,292.7176605013296,293.19445004828543,3153100
2021-03-11,302.0503234863281,304.6108148014801,297.070585928204,299.01304248170254,2756600
2021-03-12,307.9747314453125,309.0254200290014,303.4099996157302,304.80501679897185,2436700
2021-03-15,305.5378723144531,311.1621582491176,301.962017100427,308.5310175227636,2276200
2021-03-16,301.7059020996094,306.28830942640684,298.20950801065237,304.85796761478247,2332600
2021-03-17,304.56658935546875,306.40307114645907,300.5492433363114,304.27520748584755,2710900
2021-03-18,307.2596435546875,315.073579534064,306.3678756220074,309.6877010827777,3713000
2021-03-19,303.90447998046875,306.5885674551556,300.75241379535606,305.86458542092987,3513000
2021-03-22,299.60455322265625,302.7389701382009,296.66440888322103,301.1320314566459,2094500
2021-03-23,292.92962646484375,301.86489917537324,292.5411351754781,298.09477147333115,2457500
2021-03-24,290.1748352050781,297.4943298286778,289.98942751603687,294.3864270417158,3332200
2021-03-25,291.8523864746094,292.59407109577137,284.23272619107655,289.0270277475448,2804700
2021-03-26,289.0623779296875,296.17878941492006,284.9125974108103,295.3488333111446,3082600
2021-03-29,287.5966796875,289.3890257686229,280.5244046893117,282.84651394037036,4533200
2021-03-30,293.1414794921875,296.4436277357449,290.3514185859956,290.8458570306499,2717300
2021-03-31,288.7180480957031,293.70659613712695,287.34067974661673,291.56992108438914,2624500
2021-04-01,289.28314208984375,291.0666506441605,286.21053658495026,286.33413274966523,2659000
2021-04-05,285.6631164550781,293.8831907783061,285.23046252841186,293.8831907783061,3235000
2021-04-06,288.7710266113281,290.0777724534009,286.0692635005247,286.50189049271637,1801700
2021-04-07,288.3207092285156,290.6604947042382,285.4953500960378,289.33610003264215,2157300
2021-04-08,292.3733825683594,292.68238643787214,285.1598343536212,286.3253081391031,2402800
2021-04-09,292.0820617675781,295.6932421182607,290.29855292499354,294.89861053274814,2347100
2021-04-12,292.991455078125,295.32240295001947,291.31389365540946,293.7243019849982,2318800
2021-04-13,289.3183898925781,291.41092891444146,286.2281360252145,290.9341662895013,3575900
2021-04-14,296.0905456542969,304.1428619848922,287.9675798429731,290.0866062018326,9876800
2021-04-15,298.9158630371094,301.38808256153794,295.37533297977603,299.2248938457727,4354800
2021-04-16,302.2356872558594,303.49827035953166,298.9776742506642,300.4521788215435,4231900
2021-04-19,302.9243469238281,304.1074694860379,297.1941418048369,300.19609738975925,3228200
2021-04-20,293.0267333984375,300.6110968122124,290.7929221808525,300.16963193170244,3662300
2021-04-21,296.0198059082031,296.1964026112926,289.21242603862265,291.36677648092,2733300
2021-04-22,292.1174011230469,297.520928508684,291.6229624697785,295.44603758252964,2165200
2021-04-23,299.62225341796875,300.78772730008797,292.0025644140216,292.4705161620857,2163800
2021-04-26,303.30401611328125,305.40539321625243,300.981933519075,301.90899897279644,2171500
2021-04-27,306.04998779296875,306.8622681912518,303.4276849786218,303.7278779036292,2088600
2021-04-28,307.3567199707031,309.1314177233334,305.5732112414375,307.25961061353564,2140900
2021-04-29,311.6476745605469,312.40698111363554,306.8003994833845,309.51097298661585,2584400
2021-04-30,307.6569519042969,311.51535147522804,306.55328946662166,310.01435978203625,2101100
2021-05-03,309.1667785644531,312.61020024821744,308.3721469366438,309.32569950103783,1871700
2021-05-04,308.8841247558594,310.5970105391053,302.46523550083015,308.05416867759067,2831400
2021-05-05,315.75341796875,317.09548879511465,307.7452365115437,310.79135574782146,2786800
2021-05-06,323.12579345703125,323.4171484113659,314.76444785965435,317.6516183684778,3048700
2021-05-07,327.4698181152344,328.1408263826453,318.6758186679828,319.8854280781186,3378100
2021-05-10,325.51849365234375,332.84682584126205,325.3595727836969,329.77422098971715,3396300
2021-05-11,317.7840881347656,325.47439872864805,316.6362632904587,320.503499914659,3734300
2021-05-12,312.9102783203125,325.03291272511944,311.91256345441593,320.56529062684666,3309800
2021-05-13,316.8040466308594,318.6405557460109,311.8949589861302,311.8949589861302,2673900
2021-05-14,325.5979919433594,326.25137827633296,319.355699132371,319.62056727757823,2732300
2021-05-17,326.0217590332031,327.3020177477758,321.82784337874756,324.7238514265556,1826100
2021-05-18,321.8809509277344,329.4035046472323,321.3865122951787,327.90253985014715,2018600
2021-05-19,316.42437744140625,317.8547193673789,312.49532916016364,317.8547193673789,3696000
2021-05-20,317.66046142578125,319.5764308212259,311.98322965279976,316.9541284102949,1919600
2021-05-21,323.3818664550781,324.1588489645134,318.3050202732998,319.1702742039069,2657500
2021-05-24,325.1741943359375,326.4367773695925,322.719650790528,324.3177514291826,1834300
2021-05-25,321.8367919921875,330.0127046839182,321.4659495720779,326.60460814499874,2631000
2021-05-26,324.3883056640625,325.61559065084975,319.54103114085467,322.2692801697289,2121200
2021-05-27,327.8936462402344,329.818426800423,324.30011536991884,327.85832150251275,3897000
2021-05-28,329.576904296875,330.5071279258864,326.24589425067495,329.55919579345993,2169700
2021-06-01,338.80804443359375,339.6230679894785,333.37740184010016,334.6088319775459,3644000
2021-06-02,339.6940002441406,340.7836814188477,336.08833296846797,339.5965358939404,2809700
2021-06-03,344.3716125488281,346.61296816890683,336.7616339488631,338.6397625113473,3003900
2021-06-04,346.7901306152344,347.32165598328874,342.2453994672215,345.2220496718391,2514100
2021-06-07,343.87548828125,348.3936433527098,343.3350680862764,348.16329765951974,2188700
2021-06-08,340.8102111816406,342.38713278451485,338.6131406301367,341.7758516035697,2452600
2021-06-09,339.10931396484375,340.42931388073424,335.6542633903062,339.4459647708545,2025900
2021-06-10,331.2778015136719,345.1866251049594,329.8692052474467,345.1866251049594,3900800
2021-06-11,334.9188537597656,335.5390026648494,332.314271615814,332.8369832267169,2117300
2021-06-14,330.37420654296875,335.53905991263554,328.4074814667981,334.3696499676952,2560500
2021-06-15,328.9390563964844,332.07519188984554,325.271395426184,330.88807326487466,2302900
2021-06-16,328.6732177734375,331.4018137233176,323.5792258537683,328.66435000557465,3264200
2021-06-17,320.2570495605469,330.9056974644715,315.87177624184005,330.9056974644715,4146300
2021-06-18,309.0325622558594,317.4930350985153,308.4124402957335,315.84522530003625,6290100
2021-06-21,316.7489013671875,317.12983693913634,310.99047487034403,312.6294170496989,2717300
2021-06-22,316.7400817871094,318.8219801675785,312.4079866375156,316.2705495596747,1870800
2021-06-23,319.8583984375,321.1252726760298,316.85517192736097,317.85625644270016,1713100
2021-06-24,326.6800231933594,328.5670199242588,321.3911279059189,321.58602961136125,2716600
2021-06-25,326.6976318359375,328.8061059041567,322.95024283188906,326.7419436402896,2782400
2021-06-28,326.64453125,326.7862803818902,322.34785362542436,325.83834827005836,1833400
2021-06-29,330.1084289550781,334.9543672649125,328.4517783233956,332.09286260553665,2365900
2021-06-30,336.2301025390625,336.74391948447226,328.5846794210127,328.5846794210127,2238400
2021-07-01,332.2080383300781,338.09937309360623,331.46387570472194,337.2666138861141,2571000
2021-07-02,331.4727478027344,333.6343746628536,329.931269989785,333.3774526820682,1598900
2021-07-06,327.6632995605469,331.0032040864255,323.721008582613,330.6488448015151,2162900
2021-07-07,325.72320556640625,327.8670969965594,320.8595313676842,325.572588663617,2012800
2021-07-08,317.9891662597656,321.48852849269144,315.0213564849385,318.6536000734188,2940500
2021-07-09,329.34649658203125,329.6919880384741,323.31344090434004,324.2436372460234,2641800
2021-07-12,337.0893859863281,340.1900767904074,325.4219175506207,328.06194402529576,4135900
2021-07-13,333.08514404296875,341.36839813583987,329.5680729492697,337.58556430393037,6466800
2021-07-14,331.6853332519531,338.2144981193689,329.01875743399006,335.53905453297307,3295700
2021-07-15,330.7551574707031,335.53907551643454,328.2923238856415,328.8858696184089,2183900
2021-07-16,323.18060302734375,332.1548935872306,322.32126752862104,332.1548935872306,2583300
2021-07-19,314.2506408691406,314.6670205046474,309.18322419347413,313.61278327934053,4394600
2021-07-20,323.1452331542969,325.40429768395563,311.4334767599785,312.08017514372915,2937900
2021-07-21,330.8880615234375,332.12833265209173,325.95352624584154,326.0509906037445,2398800
2021-07-22,330.18817138671875,331.0563746625453,326.4142055947995,329.8249443132367,1887100
2021-07-23,331.3752136230469,334.8745751566264,329.0098448592531,331.8536134433158,1706900
2021-07-26,333.0142517089844,333.7052618554038,330.5425501316103,330.6045704483632,1559100
2021-07-27,332.0751647949219,332.34095454758886,327.0963449706777,330.00213449635123,1791800
2021-07-28,331.53472900390625,334.37849785173137,329.86034299560174,332.9344575256389,1668900
2021-07-29,334.4759826660156,336.21238922553766,332.0485930334661,334.0153182720366,1296600
2021-07-30,332.1105651855469,336.60214376004967,330.4981994866159,333.60775804371445,1474900
2021-08-02,335.0429992675781,342.7858600592196,332.88137222584896,333.25346709258883,2383200
2021-08-03,336.96539306640625,337.8070200752628,329.3554140888308,336.86795574742393,1494600
2021-08-04,334.7506103515625,338.9941353242053,332.8902172526163,335.299898362248,1460500
2021-08-05,340.45587158203125,340.4647393509317,336.6021771336496,336.7793432604929,1583800
2021-08-06,352.49542236328125,353.3547307653284,344.3007390668399,344.51334922521204,3655800
2021-08-09,354.25836181640625,358.439865967152,348.6771020913501,351.343704861184,3319100
2021-08-10,361.4254150390625,363.78194352083,353.9217414909726,354.4710024461438,3152300
2021-08-11,366.6699523925781,367.3698030664905,360.6191612342054,362.16063871329794,3000500
2021-08-12,367.6533203125,370.8603160338229,363.7198705780937,367.10405943680956,2312800
2021-08-13,363.9148254394531,369.32776025871937,361.6114494958479,368.539285828642,1980000
2021-08-16,361.7619934082031,362.32896275182696,356.2693308842745,362.32896275182696,1590700
2021-08-17,358.7676696777344,361.76205561163255,354.5418805139321,357.76658511021316,2077400
2021-08-18,353.3014831542969,359.77749383222647,353.115449315782,356.66796295927287,2187800
2021-08-19,348.66827392578125,352.3536698385794,346.31174556171845,349.58076189447763,2241500
2021-08-20,350.70587158203125,351.21971552457586,346.39148579063556,346.8255738860526,1612100
2021-08-23,355.64935302734375,357.99701422089987,353.4788579972168,356.0391564371289,1857600
2021-08-24,361.9480895996094,362.9225978972757,356.75665990567427,357.54510727659516,1958400
2021-08-25,365.98785400390625,369.1416976380283,362.2847494162736,363.1352171173261,1845300
2021-08-26,365.35888671875,372.7296793437488,364.25149697470147,368.433001729664,2076500
2021-08-27,371.808349609375,371.9500987508706,365.4386411915533,365.6866954301995,2174500
2021-08-30,366.4130859375,372.75621697822027,365.6334793127586,372.0386306613286,2089400
2021-08-31,368.1134033203125,369.3151737626301,363.8848752932339,366.8670785890583,1958100
2021-09-01,368.2469787597656,370.42799299167285,365.2647479046548,367.80187048787604,1680400
2021-09-02,368.9947204589844,371.73657518576505,367.33893089358605,369.5377394560504,1830400
2021-09-03,366.1549377441406,369.54666035519506,365.52289165098443,368.5496222456385,1373600
2021-09-07,365.273681640625,369.1995401046372,364.6683408730835,365.8790224081665,1557000
2021-09-08,360.5377197265625,365.86122472644035,360.270665615889,364.29443483114426,1646200
2021-09-09,360.1637268066406,363.9916734957108,359.21121593841576,360.24387018707085,2424600
2021-09-10,359.18450927734375,364.80177237566744,358.89963351997056,363.2082774730617,1956000
2021-09-13,364.3299865722656,364.4278973397527,359.4693852808731,362.6830807354641,1802800
2021-09-14,359.3714904785156,371.22918042956667,358.5613902272947,365.25580833000106,3263200
2021-09-15,357.8226013183594,359.3003370831461,352.7127391596108,354.3062346054976,3199800
2021-09-16,353.131103515625,361.41013394155107,351.5376354110179,360.1103981850705,2882900
2021-09-17,348.4841613769531,355.33883964582424,346.14288751497435,352.8106279160771,3843700
2021-09-20,336.6175537109375,339.04782725496386,331.60563070413906,336.34158878225503,3834500
2021-09-21,334.57891845703125,339.617546389618,333.01212894661626,339.03891118046397,2377300
2021-09-22,343.1517333984375,346.5523667311203,338.0240779928111,338.9944106556918,2991300
2021-09-23,348.8402404785156,350.5138519212168,345.5642501300063,347.5316482446991,2518000
2021-09-24,347.9411315917969,349.4010725547572,345.93814442573245,347.60284496810124,1789700
2021-09-27,355.9174499511719,356.97680973948957,351.79574328746946,353.0420409304165,2788500
2021-09-28,346.7393493652344,359.8344273274987,345.75122202606696,356.487231542917,2609000
2021-09-29,342.63543701171875,349.3120606698699,342.1101853767631,347.78977091539053,1955000
2021-09-30,336.5284729003906,345.4217252050227,335.2732646345761,345.4039306589086,2665700
2021-10-01,338.2822570800781,340.7036469542887,334.5878641796274,337.78373803249804,2382300
2021-10-04,333.0744934082031,344.398048217373,331.89051743326394,338.469203149778,2895600
2021-10-05,343.4543762207031,345.5998009367479,334.27624760109416,336.5908156011558,2508100
2021-10-06,345.448486328125,346.7838110177076,337.08936789830796,340.4009742151629,2111800
2021-10-07,347.7363586425781,354.1726336022799,346.9707855065983,349.77496199782274,2348000
2021-10-08,349.6859130859375,351.021237728612,345.5642066754556,347.92327477739735,1446700
2021-10-11,342.9470520019531,353.37150848674673,342.75120325314833,349.76611477019367,1787400
2021-10-12,344.0953369140625,345.92918048689006,339.1902359576291,343.81937200912955,2088200
2021-10-13,343.8995056152344,345.7422601385904,337.0626499785143,345.4039735496942,2391600
2021-10-14,348.2527160644531,350.44264111300583,340.24076732524566,348.96487841881503,3380900
2021-10-15,361.49017333984375,362.55841669961177,352.82835814885374,358.1429510446249,6451400
2021-10-18,368.27362060546875,370.27660748325695,362.8522060496585,363.2171980296808,3832300
2021-10-19,366.91162109375,370.19652201957155,364.7127853407916,369.6000650350502,2568300
2021-10-20,363.1103515625,368.84331972875765,361.60588379275225,365.87891130607056,2453400
2021-10-21,362.8432922363281,367.3566958176486,360.1993484924967,362.14001368702674,2162100
2021-10-22,368.8345031738281,369.7603087643046,364.18757200282585,364.9798505530655,2411000
2021-10-25,369.2173156738281,373.4369334451509,367.8997853940455,370.5170242354934,1824700
2021-10-26,371.7632751464844,373.721762184958,368.3359635800303,370.65941545239,1843300
2021-10-27,365.8700256347656,372.1638620356833,365.4783282495693,370.819626592521,2067200
2021-10-28,369.2795715332031,369.36859860616227,364.1519164039398,366.7691547788973,1444700
2021-10-29,367.9709777832031,370.2944296947383,366.0391961187168,368.5674075954879,2061700
2021-11-01,370.9532165527344,372.76035491298995,367.8819588425028,371.28259230221556,1820800
2021-11-02,377.3182373046875,379.3746350737933,367.47244581404505,369.52884358315083,3000800
2021-11-03,372.0214538574219,377.4517797064602,367.26770121269834,376.6683848735169,3542400
2021-11-04,363.2706298828125,370.3211288873808,358.78393140983735,369.1282421155788,3802300
2021-11-05,362.3893127441406,368.9502310225814,361.5169179807347,366.235054458086,2105600
2021-11-08,363.51092529296875,368.2379717325504,363.17263874791837,364.8907768758191,1728400
2021-11-09,360.8492126464844,362.8343777735326,356.1399604210367,361.52575861701865,2246900
2021-11-10,355.30322265625,361.0273085134127,353.63852206590974,358.1608101553514,2243900
2021-11-11,358.1697082519531,359.43382765284497,354.7601909638801,356.21124822549996,1252400
2021-11-12,360.4576416015625,360.6267849452893,355.37451193114794,358.75732447116917,1360100
2021-11-15,360.3685302734375,362.6207768760102,359.56734087671515,361.4278900556012,1436500
2021-11-16,358.83740234375,361.28549796857453,355.19641974726335,359.5673864683842,1311000
2021-11-17,348.564208984375,358.4456161298642,348.49300362832764,357.73345390040004,2927000
2021-11-18,348.4040832519531,350.67415199213787,343.33874837949844,349.2319782098678,1847400
2021-11-19,344.86090087890625,347.39799556613315,339.20802201616044,340.40090858211585,2610400
2021-11-22,352.6681213378906,358.3031790213993,347.34461765091305,349.99747222078275,3058700
2021-11-23,361.7305603027344,362.2824901721699,353.8699607579255,356.3091452133989,2402300
2021-11-24,355.3655090332031,362.74541105589515,354.57320334755303,360.5376644661148,2186300
2021-11-26,346.6414489746094,348.7067308041074,340.7036924007603,342.27048228343494,2687900
2021-11-29,344.1042785644531,352.8550944256129,340.4632964977351,350.7452857590507,2883400
2021-11-30,339.1636047363281,344.3624662822377,335.84311429352385,341.42476244713,4570400
2021-12-01,336.9173889160156,349.15981156320845,336.67574454507877,343.48605744727803,2476000
2021-12-02,346.8150939941406,348.20220022899514,336.51462170554595,338.2776039614736,3343700
2021-12-03,342.5105895996094,348.9092219378661,339.19939547796184,348.9092219378661,2807500
2021-12-06,348.3901062011719,352.2382538581276,343.19065659948456,347.82633316523555,1990200
2021-12-07,358.0641784667969,359.5318511549711,351.75504302976884,352.22038867423856,2441000
2021-12-08,355.5673828125,359.4960426816828,353.6164760471998,359.0665012643655,1635200
2021-12-09,354.82452392578125,358.1357174040917,351.70128209391123,354.1175613684204,2111500
2021-12-10,349.96514892578125,356.9454688424881,347.8173602829956,356.1758557306574,1893800
2021-12-13,344.21990966796875,350.0815884339774,342.4479692122198,350.0815884339774,2313300
2021-12-14,347.9605407714844,351.2538184253583,342.98482007621885,343.2532834080947,2788500
2021-12-15,348.93603515625,350.26944871302265,340.6043852757682,348.56911701895604,2802300
2021-12-16,355.6120300292969,357.822469063603,350.62735167868476,353.60743108050866,3578200
2021-12-17,341.6783142089844,352.30097130216205,340.6312796328275,348.30963333025375,7058600
2021-12-20,332.5591125488281,336.1566857584842,328.1203449656857,336.0582309772622,3735600
2021-12-21,340.3538513183594,341.9378399752613,335.37812943693115,336.87262119166803,2942800
2021-12-22,342.1525573730469,343.656034087514,339.4141219193835,340.4432951679708,1487900
2021-12-23,344.5777893066406,346.87769816532807,343.2622642711459,343.4591464979075,1624000
2021-12-27,347.26251220703125,348.2200496405309,344.54196540465637,346.32283591501385,1430400
2021-12-28,346.8776550292969,350.20673670652263,345.6516270330868,348.0589482429668,1528200
2021-12-29,345.61590576171875,348.53330774246785,344.0229594361975,347.19989420504527,1327800
2021-12-30,345.0073547363281,348.819698433861,344.72100291338245,347.0030234781602,1160100
2021-12-31,342.3494567871094,346.3318363724869,340.81916097104096,344.5420077607428,1601300
2022-01-03,353.78643798828125,357.3392486487115,346.6360818792236,348.12164280961815,3334300
2022-01-04,364.65966796875,367.1654169413905,359.0216918143856,359.9613681620874,3916400
2022-01-05,356.73974609375,369.29539454197294,356.0775181503206,366.7359250527626,3469600
2022-01-06,355.21832275390625,359.03962425292394,345.82172270417766,358.8606304705872,2960900
2022-01-07,355.7373962402344,358.45791608000496,353.07054176361703,355.8805858071619,2360700
2022-01-10,357.22296142578125,361.87649950724983,352.79312461387957,359.1470217532451,3009400
2022-01-11,360.6951599121094,360.9546926788991,354.66344690125896,358.1894110588044,1748800
2022-01-12,349.29400634765625,361.6527709323846,347.7279062863412,360.8652419604245,4158000
2022-01-13,349.73248291015625,355.1646190388464,348.7928338586449,352.6409542636921,2497800
2022-01-14,340.90869140625,343.99615698953573,335.59289772149197,341.97364171986914,4685300
2022-01-18,317.1576232910156,323.5741708555427,310.7411030371057,322.2049530653706,13123500
2022-01-19,310.8216857910156,321.9096613561051,309.9894219272475,320.6836329590362,7426100
2022-01-20,311.51971435546875,319.64552525391076,309.76568974323266,312.2356349655919,4599900
2022-01-21,307.7699890136719,312.31614177133315,304.9152101299794,309.2287037341902,4904100
2022-01-24,307.3046569824219,307.91319219622375,291.94792319795096,301.87252023098034,6569800
2022-01-25,305.65802001953125,306.8930063324379,296.13614445603673,302.35578350827967,3959300
2022-01-26,306.6692199707031,313.64956776508336,302.847945813781,310.1772959770411,3745900
2022-01-27,305.1925964355469,312.1192237834929,302.23043254170034,309.34501154015487,2573400
2022-01-28,310.54425048828125,310.6695243010665,298.40921357306206,302.239446060895,3714600
2022-01-31,317.4082336425781,317.8825371833564,307.3494045004617,308.38750848436933,3312400
2022-02-01,325.802490234375,326.23205892012544,316.84438956200944,318.7058265563117,3303700
2022-02-02,324.9076232910156,329.8028062028449,320.2272110980432,325.30138781600016,2742400
2022-02-03,321.1669006347656,327.3239163907325,320.5225611414523,324.69286573558827,2372900
2022-02-04,328.9705505371094,331.9685193452651,323.0819982828966,324.11117172779234,3762300
2022-02-07,329.4627380371094,332.4338604640404,325.16715974827514,327.08226240425165,2635600
2022-02-08,331.207763671875,333.48978404575075,327.7623384067054,332.08476214294774,3422300
2022-02-09,335.1722717285156,336.73837184716206,331.9237282555672,333.80305386006665,2250400
2022-02-10,331.62841796875,337.74067097611913,330.07124842507955,332.6486061284885,2406200
2022-02-11,324.9076232910156,335.50340662100785,322.85826164652156,329.8206946592095,3142100
2022-02-14,322.38385009765625,326.00826862784396,319.64541510717373,324.90751444123384,2585600
2022-02-15,325.6951599121094,327.4402539752493,323.38626538824366,325.8293916145153,1846400
2022-02-16,322.2138977050781,324.87179439152897,319.063809055092,323.37730273529894,2165300
2022-02-17,312.3787841796875,323.0282589150602,311.28698763844386,321.0773522905712,3102400
2022-02-18,309.67608642578125,313.21993865617713,307.28665373422086,309.2554757014471,2910900
2022-02-22,308.0921325683594,312.3250869888846,305.34476645607316,306.4723398894555,2590800
2022-02-23,305.3358459472656,312.5578117009782,304.1098175904649,311.0454041819791,2217300
2022-02-24,304.44085693359375,305.16573523419834,292.59220193545104,294.0419585366603,4564000
2022-02-25,313.3274230957031,313.8464887379021,304.440929722423,304.440929722423,2980500
2022-02-28,305.4253234863281,307.7073441346154,302.0783252753901,304.4946049234977,4245700
2022-03-01,295.44219970703125,304.4080792777343,294.3799552372428,303.7239264788202,5631500
2022-03-02,302.8057556152344,304.2640582444999,294.72204382298474,298.50285080164673,3469900
2022-03-03,300.1412353515625,307.4147553976214,297.1796038080976,305.0472523002733,2393700
2022-03-04,296.7654113769531,297.65658997129583,291.66132608299813,294.36189391709996,3293100
2022-03-07,289.76202392578125,295.0731367121231,288.8258191130728,294.1999517603364,3689900
2022-03-08,289.29388427734375,297.5666276671653,286.7553433901762,290.3111027693252,3596400
2022-03-09,300.2942199707031,303.7869597187696,297.08954746345955,298.5748546835218,3202100
2022-03-10,296.9725646972656,298.71893484337767,292.3456041089501,294.92914404950324,2232600
2022-03-11,294.3619689941406,303.01277697606963,294.1009063448797,300.9963612698976,2613500
2022-03-14,292.5435791015625,298.52082280010154,290.6711696502596,296.3513629160257,2342200
2022-03-15,296.306396484375,298.7729070680346,292.41757102324954,294.4250036156909,2140700
2022-03-16,306.74853515625,307.2616222131212,300.8973043152631,301.62645549925816,3468500
2022-03-17,309.0079650878906,309.3050429351847,301.47338518945776,303.69685381590875,2403500
2022-03-18,310.90740966796875,312.1586586097009,303.6338641587879,305.0471680658806,5861900
2022-03-21,305.16424560546875,311.735618076768,303.49888950828625,310.79944076066,3401200
2022-03-22,308.7740173339844,311.68161191388515,306.1724564239636,308.04486601747146,2840200
2022-03-23,302.112548828125,306.8115385558012,301.68047550155256,306.06439344753625,2196800
2022-03-24,302.6707458496094,303.8139767017908,300.93335911923543,302.85977796528545,1944100
2022-03-25,303.804931640625,307.711750594982,301.99556950923886,303.7509224708285,1580800
2022-03-28,301.8335266113281,304.71414398326766,298.4218282056636,304.39907216577376,2182600
2022-03-29,305.7584228515625,309.66524267476154,303.12087374405934,308.28795359545035,2378700
2022-03-30,302.0946350097656,305.93843484485404,300.3302710248275,305.1642849484655,2650200
2022-03-31,297.1525573730469,302.91376463856824,297.1525573730469,302.58069892134637,2632000
2022-04-01,297.2605895996094,300.8073385682569,294.8750928241496,300.60028508525306,2444800
2022-04-04,295.4511413574219,298.7458377027358,293.3356908728024,297.06248799952766,2569400
2022-04-05,291.6253356933594,296.8284290653179,291.1932623848722,294.68597400540574,2573900
2022-04-06,284.6939697265625,288.61878316916585,284.23486424280975,288.0606700164659,3151300
2022-04-07,282.79449462890625,284.3068062283277,277.43838417972194,283.5596611135327,3562600
2022-04-08,289.3119812011719,291.3733958369772,281.75937642313755,282.28147436222815,3294200
2022-04-11,288.7447814941406,296.0723094517191,287.1874438304001,288.6097310971509,2747700
2022-04-12,287.86260986328125,294.46999778709693,286.26928426802857,289.5729644941341,2365200
2022-04-13,289.8340759277344,290.4282044204236,283.30770066758805,284.27989344641907,3022900
2022-04-14,289.5369873046875,299.7901322509152,287.18747823507005,295.68526999776833,5460900
2022-04-18,296.9545593261719,299.4570853969068,288.64579915747214,288.64579915747214,3653400
2022-04-19,302.4186706542969,303.5439075186578,297.4856223511612,297.4856223511612,2774800
2022-04-20,307.01861572265625,310.4753399602641,303.8139434355531,304.3540626070923,3040100
2022-04-21,300.9333190917969,312.6808077780175,300.0871388196577,309.9622180847868,3097800
2022-04-22,287.8536071777344,299.313030224686,287.58356129700087,299.1419920096863,3125200
2022-04-25,289.3388977050781,290.00502909012556,281.525232600538,284.80193530108727,3093600
2022-04-26,281.8673095703125,289.5009258168522,281.57924235989185,286.21523989582033,2791700
2022-04-27,281.9664001464844,287.37652099726336,280.9851967726439,280.9851967726439,2469300
2022-04-28,286.62939453125,287.48455823004093,280.9941984373958,285.4681421713415,2176000
2022-04-29,274.9988708496094,287.2324423813738,274.2967241658305,285.58510774806257,3129600
2022-05-02,279.4368591308594,280.29202274161156,272.0462829624562,275.28697091717316,2968100
2022-05-03,283.25360107421875,287.62850838997747,280.2469717623532,280.4269931601389,2606200
2022-05-04,291.7603759765625,292.3815088661002,281.012139713903,284.3068087737109,2629400
2022-05-05,281.8223571777344,288.67278666536123,277.8795224390305,288.5107591348515,2622100
2022-05-06,281.7232360839844,282.39837806005806,275.51193539842586,281.1111139521943,2375600
2022-05-09,278.0595397949219,282.4524413516539,274.5397956551833,278.0865443802763,3234000
2022-05-10,274.61187744140625,283.6947885405347,270.64203742676216,280.60714435301503,2798400
2022-05-11,271.4521484375,279.87793693009223,270.9570551725045,274.6118225561727,2320600
2022-05-12,269.5257568359375,272.6584263640604,264.5657036176441,270.05686537458155,3408300
2022-05-13,276.3491516113281,278.7256649555586,273.27051906365006,273.324528233146,2152500
2022-05-16,273.1535339355469,275.88110731982783,270.5519728098063,275.4130186184393,1568800
2022-05-17,281.7322692871094,282.9475304354988,277.3753560165188,278.94167673529654,2096200
2022-05-18,276.11517333984375,281.6333126604234,274.4498170406365,278.15859389714126,2033200
2022-05-19,277.43841552734375,279.04973495649875,273.10850622010395,273.4955811128102,2108800
2022-05-20,276.1781921386719,281.3902982534969,269.5258044646167,280.1930580262747,2201100
2022-05-23,285.0089416503906,289.7079312342926,280.02191234812017,281.5072193059675,2653000
2022-05-24,282.6145324707031,284.27986123315964,275.8450891792237,283.8747924010511,1870900
2022-05-25,283.46966552734375,285.9001881443067,279.04074861094426,280.1839793759703,1929500
2022-05-26,291.328369140625,293.01171932315344,286.2423033164339,286.53034311445936,2440400
2022-05-27,295.7843017578125,295.8653430009572,290.93229385172145,294.136966793348,2106700
2022-05-31,296.02886962890625,298.62823139888104,292.2339739173883,293.456677828519,2722900
2022-06-01,291.5003662109375,298.2206635375555,286.0480192646026,296.16472873490915,2330200
2022-06-02,293.6740417480469,294.5344701969253,289.12742505359563,290.35916721215074,1957500
2022-06-03,288.6293029785156,292.0890936045428,287.56058052540266,290.62185978927744,1238900
2022-06-06,290.28668212890625,294.54346678188995,289.63457530191664,292.5418722373171,1099700
2022-06-07,291.1923522949219,291.4912218892894,286.79969065755336,288.26692394594767,2516800
2022-06-08,285.0064392089844,289.41720570072255,283.303714187321,288.3213134796991,1438100
2022-06-09,275.53277587890625,284.5173555433996,275.35162434911905,283.9920326909225,2896500
2022-06-10,259.9547119140625,270.4880360189793,259.8007579731128,268.98456660821506,3866900
2022-06-13,256.6035461425781,259.4112284052552,252.0750352801431,252.69090612387345,4218100
2022-06-14,255.8971405029297,261.91098951787933,254.77405083423716,257.5183277504253,2487700
2022-06-15,262.71710205078125,266.7112529553514,257.37346341368095,260.0815047474998,2725800
2022-06-16,258.10711669921875,259.1486690797382,252.8268554761292,256.02398429833204,2777300
2022-06-17,253.40646362304688,259.2663588262451,251.92109852901845,255.52580376660507,5234400
2022-06-21,257.953125,260.9057239739896,256.2957015981869,260.6339966419922,2506300
2022-06-22,257.7085876464844,259.03997137829515,254.5386290126345,255.6707570961523,2463100
2022-06-23,259.1849060058594,259.565285591369,252.62760087245724,257.0021595847522,2547000
2022-06-24,274.2013854980469,274.5455568122111,262.6536805761638,263.55938292297816,3984300
2022-06-27,272.4171447753906,275.6233387517252,270.6963158822742,274.48214497509866,2091700
2022-06-28,271.2488098144531,279.83487873467675,270.96804427451593,277.05436566255605,2276600
2022-06-29,274.681396484375,278.4491214246533,271.6291841107914,274.7629063757947,2475900
2022-06-30,269.01171875,272.00959150345506,264.67342412481514,268.61320748006847,2669500
2022-07-01,271.0133056640625,272.0095560692677,264.21147263453923,267.4267047018986,1749400
2022-07-05,269.1747131347656,269.3105629409562,261.1682811186497,265.3707527223999,2480900
2022-07-06,266.0591735839844,269.3015763522124,263.19715038506774,268.33246804969843,1774500
2022-07-07,270.4426574707031,270.868338570982,265.91414688894264,269.59129527014534,2046500
2022-07-08,268.5135498046875,272.51676595059973,267.24557217018116,272.16352880250184,1438900
2022-07-11,265.5338134765625,268.57698780415495,264.3564114547209,265.5519452134123,1519400
2022-07-12,264.9450988769531,270.8774380240237,262.2098878176652,262.39101169797436,1772600
2022-07-13,262.78955078125,263.73148903414614,258.858805608002,263.1156180241097,1884100
2022-07-14,255.03677368164062,257.4368798729999,251.64038917315636,257.4368798729999,3171900
2022-07-15,266.15875244140625,268.4773483095439,258.26102662811127,259.483730361974,3457600
2022-07-18,272.8519287109375,281.8998873343647,270.5423708813994,276.92758973263915,6767900
2022-07-19,288.05865478515625,289.0458947842674,274.88069511954774,274.9622050237243,5641100
2022-07-20,291.1380310058594,291.79013780242815,286.4827076670518,287.3612400507647,3489800
2022-07-21,295.748046875,296.30957789779046,289.68889607001466,290.2866629251972,2518800
2022-07-22,293.3841247558594,298.02131587793554,291.80821167729863,296.26425129248395,1830300
2022-07-25,293.5562438964844,296.4273325333044,292.1795862624618,295.2317987870034,4024500
2022-07-26,288.5115051269531,293.7102559982991,287.79602009031805,291.4278681289805,2054700
2022-07-27,293.9366760253906,295.6122310582882,288.35754570841453,290.0874406762303,2081900
2022-07-28,298.07562255859375,298.86360664983204,291.5364795426507,294.62489956393466,1820700
2022-07-29,301.9521179199219,303.57330521599766,298.42892253246,298.42892253246,2112200
2022-08-01,300.765625,303.2291365039295,297.98513978462904,300.44865128855855,1476500
2022-08-02,296.96160888671875,300.53911559681023,296.363842184107,298.4288418659319,1862900
2022-08-03,301.75286865234375,303.87220886645827,298.5376086775495,300.7565905243815,1770600
2022-08-04,300.5754089355469,302.7762588255028,299.4432810942313,301.85245245733165,1533400
2022-08-05,303.1114501953125,305.14021483248655,298.5829379588739,299.6969342795369,1876400
2022-08-08,303.12042236328125,306.8881470396498,302.81248691509563,305.3212721969791,1460000
2022-08-09,304.8775634765625,306.2814189002401,303.02088445409555,304.4518822066513,1587900
2022-08-10,315.1028747558594,316.7240895309603,309.1614701760938,309.1705084035503,2459500
2022-08-11,318.5174255371094,322.4753407535702,316.7965964394975,316.99585208068487,2360800
2022-08-12,320.4555969238281,321.1258077863166,317.1316572953226,320.111425624764,2369000
2022-08-15,322.294189453125,324.80297503312505,316.1353968380517,317.9015274911618,2045700
2022-08-16,321.4971618652344,322.85571538000875,318.825328896908,319.7038612753891,1740900
2022-08-17,320.3831787109375,322.05873378653484,317.6932413045567,318.71668950467244,1576300
2022-08-18,321.08966064453125,321.6149836060492,317.7747859682288,319.40506715518086,1102200
2022-08-19,316.3346862792969,318.6804523192731,314.7316028854477,317.90156147566086,1812300
2022-08-22,310.130615234375,312.04163395277624,308.627145995332,310.14871933128785,1723900
2022-08-23,308.101806640625,311.6250019103256,307.06025450716305,309.7049174264115,1538000
2022-08-24,309.6958923339844,311.85146854817174,306.5712078823523,307.05122906653185,1530800
2022-08-25,313.8167419433594,314.1518473301909,309.84976194174243,311.969129382477,1763900
2022-08-26,304.6782531738281,315.85461642179206,304.31597777587274,315.4923410238366,1703900
2022-08-29,302.43218994140625,304.67831444432795,300.7022948554597,302.43218994140625,1835600
2022-08-30,302.1695251464844,304.32510148782205,299.9505429974964,303.4103331312427,1830300
2022-08-31,303.57476806640625,305.8287435298773,300.8462538641934,302.55269962447176,2488000
2022-09-01,304.3321838378906,304.50556871923305,296.22882168353544,301.0196581607436,1575100
2022-09-02,302.4888610839844,310.55571379187035,301.1109163540126,305.4089732616451,2215400
2022-09-06,297.9352722167969,304.10405352694943,295.1702762349038,303.2553977356352,1578100
2022-09-07,301.6492614746094,303.1093312442276,294.97859538912775,295.8911355140748,1496600
2022-09-08,306.0477600097656,306.44014564196647,298.7291692260626,301.402933380302,1755600
2022-09-09,310.3549499511719,311.20360571467455,307.5534446516758,308.4203690435456,1445600
2022-09-12,312.6180419921875,314.2514969177417,310.34582556927694,311.77852051600036,1563200
2022-09-13,299.66912841796875,307.08805781111255,298.2455399011423,306.6865378432805,2242100
2022-09-14,298.637939453125,301.9869466688315,295.2067791059318,299.72386460878414,1953300
2022-09-15,302.61663818359375,305.95653933634475,298.9391015439715,299.9794109507318,1489400
2022-09-16,297.6797790527344,300.22577442063516,291.8212856151389,297.8349231652069,2946800
2022-09-19,299.91552734375,300.4904322441105,292.50570384693145,292.533078944638,1652700
2022-09-20,294.9877624511719,298.21813480118686,292.02200671583853,297.21436283111893,1569900
2022-09-21,292.6607360839844,300.94661602527407,292.5877451272328,296.5025500663215,1796700
2022-09-22,285.55206298828125,295.1063590376518,283.9824928878135,294.1299344379712,2239900
2022-09-23,275.559814453125,282.695886773464,271.444248505602,280.6517774239124,2918500
2022-09-26,268.8526611328125,275.67847367882484,266.7446949352325,272.84959273295885,2308800
2022-09-27,265.8960266113281,272.9864555046214,263.37740619197814,271.48076941204073,2007400
2022-09-28,274.4830017089844,275.9613125234645,266.88152549583424,268.2868453404411,2289700
2022-09-29,270.2123718261719,273.16902217726295,266.05118910088737,271.08843081462066,1930800
2022-09-30,267.419921875,274.75675363244164,267.1005550510857,270.11192688027546,1970800
2022-10-03,272.9864807128906,274.8845805182197,265.64054094280766,271.1796683743574,1938800
2022-10-04,287.3315734863281,287.5962179835145,279.1278447102397,279.96736623104175,2399500
2022-10-05,281.9749450683594,283.0791110038896,277.04723315143167,279.76658534877976,1992800
2022-10-06,278.02362060546875,282.0478981726021,276.8829454144747,280.50573093501237,1367400
2022-10-07,274.7476501464844,278.4616962414734,272.98645386602834,277.4122803558844,1790100
2022-10-10,274.2548828125,278.0692947671804,272.3294082052243,277.0746291339372,1309600
2022-10-11,268.47845458984375,276.0616617105213,268.2138379727764,271.9461241899923,2392800
2022-10-12,269.4822998046875,273.5613564537799,266.19714883754557,268.27773980864833,1763800
2022-10-13,280.2137451171875,281.7559403888463,262.5834605603022,265.01995531476604,2724900
2022-10-14,273.7528991699219,284.3657451236915,272.91337786240996,280.5695749175783,2397600
2022-10-17,279.8852233886719,284.36579953583,277.54001601796364,277.78639186977574,3118600
2022-10-18,286.4007263183594,296.10103238813554,284.7125215025675,293.53679684222755,6428600
2022-10-19,284.4936218261719,287.25861829733276,281.1172109953834,285.26925893591203,2363800
2022-10-20,283.6266784667969,288.40838123391603,281.9749825766729,284.8038633761111,2382300
2022-10-21,296.6669006347656,297.2782871303138,282.4221299801539,283.80007494688994,3545700
2022-10-24,299.95196533203125,302.2697973153233,297.35122027510874,299.76944615843405,2232600
2022-10-25,303.3283996582031,304.423459191936,297.4151561519037,299.185458768756,1837700
2022-10-26,306.33056640625,309.0499457344982,304.9161404921933,305.26288231255006,2176700
2022-10-27,307.6903076171875,312.0248737033402,307.0971620382596,309.63402276000403,1998800
2022-10-28,311.9245300292969,312.61804171585595,306.6135388337111,308.91313034949684,1677100
2022-10-31,314.3792724609375,315.90319919001655,310.78386139620153,311.24013155316277,2224000
2022-11-01,318.0932922363281,318.193686152678,313.7039755285412,314.9450448439734,2316600
2022-11-02,319.197509765625,326.1784381564554,316.4142448761675,317.21728487248936,3221200
2022-11-03,318.35791015625,320.0004993029497,312.6271585434918,317.1077344789592,2515600
2022-11-04,326.6073303222656,327.03622541424795,320.5115672754498,323.03929409928975,3172700
2022-11-07,330.8506164550781,331.215627013665,327.16394576175327,328.5236497766312,2526900
2022-11-08,332.182861328125,335.07562590879155,329.8467607301582,330.6132911280677,3501300
2022-11-09,330.3395690917969,335.03914578955937,329.31752847191666,331.20649346500863,3047200
2022-11-10,345.2231140136719,347.15769496784264,337.40263706439816,337.63990645072766,3790400
2022-11-11,351.483154296875,353.15309076730983,345.6246334059912,346.76530876376677,3409100
2022-11-14,348.91888427734375,353.4268354391213,347.2215727423967,350.4154636874647,2609100
2022-11-15,349.39349365234375,355.50749798798734,347.3585184134702,352.22237463081746,3192400
2022-11-16,348.8915100097656,351.6930153290071,346.77443774317925,349.6945499050483,2303700
2022-11-17,346.56451416015625,348.33484436642436,342.21170745525876,344.16452899142587,2297600
2022-11-18,346.0352478027344,349.34774526728,344.3835523028714,347.9333191260215,2384500
2022-11-21,346.9569091796875,347.46792947490457,342.58586157768843,345.76148371960636,1877500
2022-11-22,350.2968444824219,352.0854156931433,348.04286880189,348.04286880189,2019400
2022-11-23,352.4687194824219,354.24818435125655,349.87710816190133,350.3242440336658,1865400
2022-11-25,354.85040283203125,355.37969179395526,351.4922612576563,352.0215502195803,1129300
2022-11-28,348.91888427734375,354.42152884013916,347.57747681499336,351.72038958994796,2232200
2022-11-29,350.1508483886719,351.26414872480456,346.0900605578226,347.7965065491893,1746900
2022-11-30,354.6883850097656,354.6883850097656,344.5386960634637,351.3357747264502,2964100
2022-12-01,352.53900146484375,355.00983542087323,349.45277158987676,355.00983542087323,1706300
2022-12-02,349.5721130371094,351.35405317234233,347.56973594696893,350.4355284853624,1932300
2022-12-05,341.2687072753906,348.00148163167,339.2203869087777,347.7075469722978,2329600
2022-12-06,333.3418273925781,340.19401432287845,330.97201779032383,339.3765418543949,3081900
2022-12-07,330.5954284667969,335.5370678979483,328.96962177781796,332.95601568574483,2128200
2022-12-08,328.9053955078125,333.0479519235077,327.0499852353115,332.5335802037815,1967800
2022-12-09,329.8790283203125,332.1753404469578,327.18772920420724,327.64699162953633,1588800
2022-12-12,333.58984375,334.3522350625578,327.30713722534716,329.35545770415195,1750400
2022-12-13,338.65093994140625,347.71677601376854,335.7300375531424,344.1069799661318,3062600
2022-12-14,331.01800537109375,338.7795238970025,330.16378394821834,337.10782989568924,2519700
2022-12-15,321.3275146484375,327.09584920294213,319.59151737317654,325.5986773428242,3163700
2022-12-16,318.1310729980469,319.44455674659247,315.43060781883764,316.9645285514321,5008800
2022-12-19,316.5328063964844,320.0140231109882,314.71414529836125,318.0575608729395,1646700
2022-12-20,316.4226379394531,319.113937235075,315.504113027527,317.80042530734227,1623000
2022-12-21,321.630615234375,322.2919541456223,318.6270495293329,319.8854238947681,1923100
2022-12-22,317.4237365722656,319.69249358157725,312.1881628800334,318.8750212183496,1528900
2022-12-23,317.3594665527344,319.4261470527524,315.15498492779653,316.7440426923571,1062000
2022-12-27,314.10791015625,319.4169820946944,313.9425824285801,318.2780203736564,1035000
2022-12-28,313.0975646972656,314.91625401217595,311.6554739388791,312.7577149838831,1117200
2022-12-29,315.4489440917969,316.56037920737407,313.4373726727792,314.53961357100684,1273600
2022-12-30,315.40301513671875,315.68775555047364,311.7472767491747,313.8966211777516,1031400
2023-01-03,318.0116271972656,320.1977204987851,314.8794545627772,317.350288282782,1589700
2023-01-04,319.37103271484375,321.7683686016277,316.9644745804246,319.67413351630057,1881000
2023-01-05,315.7520751953125,317.01964382793153,312.42702010461664,316.20214335022916,1397800
2023-01-06,319.7200927734375,320.565147903911,313.17103464466254,319.00364456699003,3097800
2023-01-09,324.2392578125,327.45409464633497,321.024420978665,323.2105145106572,1989000
2023-01-10,328.2440185546875,328.37262548535557,321.94295169962834,323.90860828336133,1610100
2023-01-11,334.7839050292969,335.72079016645426,327.18768754168195,329.63096669705544,2127000
2023-01-12,339.7990417480469,339.94600906896954,333.02951895521306,336.4004890256918,2103100
2023-01-13,343.5283203125,343.8498096409488,332.836676781509,333.8746144267965,3310200
2023-01-17,321.41021728515625,336.90572651053685,315.97253801811394,335.07784305791085,14448300
2023-01-18,320.6478576660156,325.88346086870854,319.4629526826609,319.94060357609527,5585200
2023-01-19,322.17254638671875,323.4676696090605,317.3686519972794,317.83710857567854,3100400
2023-01-20,313.9884948730469,323.5503408141455,310.65424557002063,321.3642474401971,11247200
2023-01-23,320.69378662109375,321.0795513691126,308.77132371525795,313.83240471978496,4915700
2023-01-24,319.9497375488281,321.75923256169597,312.29843814791155,312.29843814791155,2372000
2023-01-25,321.14385986328125,321.44696074146805,315.8807021837074,316.66145394178903,1985200
2023-01-26,326.0487365722656,326.0762911939374,321.04276539640523,323.07272530711185,1919200
2023-01-27,324.88226318359375,326.9856649887615,323.16459810169835,323.27484463411827,2427400
2023-01-30,328.3357849121094,332.80899508259876,323.68805283084504,324.5055531530167,3184500
2023-01-31,336.0055236816406,336.10657597646747,327.7847162716438,329.8973399343934,2311500
2023-02-01,335.9136657714844,338.8805106930099,329.52993581907026,329.84223085852295,2889400
2023-02-02,339.36737060546875,342.5087378628129,334.8482161009156,338.0171379819577,2619600
2023-02-03,339.80828857421875,344.05186900992953,335.6657324197608,335.83106016971334,2243100
2023-02-06,340.5889587402344,341.01150029854773,335.97797468591847,338.935625438361,1816200
2023-02-07,343.8956604003906,345.65004603462194,337.4108779153006,338.173269154373,2205500
2023-02-08,344.53863525390625,347.52384065607885,341.67284255280464,342.5362580500789,1893200
2023-02-09,338.0079650878906,348.74552328770903,337.8334431164083,346.32063215583946,2052500
2023-02-10,341.0298767089844,341.90248645607846,334.85738911117306,337.0985918005133,1933400
2023-02-13,343.5466613769531,344.5019350893385,338.01715175735546,339.0183405007243,1570600
2023-02-14,341.4891662597656,346.32978210888575,339.28471223472405,343.4731832916492,2155500
2023-02-15,343.8405456542969,343.86810027507823,338.24673338647045,338.6968015362834,1687200
2023-02-16,340.0378723144531,343.7578863247456,338.75191524463037,340.54304971249013,1947800
2023-02-17,338.47637939453125,340.82780057469853,336.9699853094373,338.0630320335562,1857300
2023-02-21,331.6976318359375,336.8413757103251,330.7515525257187,336.8413757103251,2403000
2023-02-22,331.4864196777344,333.42449349904325,328.8686184613876,332.1661190416207,2203800
2023-02-23,333.9205627441406,337.9069575986065,330.3107384456359,333.60826762995555,1931400
2023-02-24,334.2052307128906,335.42685627774665,330.2371971269268,330.82506641276603,2428600
2023-02-27,335.7483825683594,340.12973594990814,334.81149732577603,338.2192166225362,2842400
2023-02-28,322.999267578125,336.18929939569426,322.70533288983745,336.18010517694944,4945600
2023-03-01,320.2979431152344,326.1353320617389,320.0481476101771,323.2212676136708,2717400
2023-03-02,322.9529724121094,323.58203472096795,314.98783299979476,318.22568858180585,3259800
2023-03-03,330.3445129394531,330.97357522511516,323.37849931629984,324.37762481174815,2396200
2023-03-06,330.30755615234375,331.9819879984736,327.23623991379014,331.24191791898534,1614200
2023-03-07,320.1592102050781,329.52126389264424,319.74293134501187,328.9199251527723,2048500
2023-03-08,323.1287536621094,323.49878866477627,319.3173394941042,320.26093298568395,1584600
2023-03-09,316.468017578125,327.7542689123341,315.50590396475104,323.0455049385957,3177800
2023-03-10,303.1280822753906,314.46980976311556,301.6109019570456,313.489204233205,4559700
2023-03-13,291.8788146972656,301.68486906663946,290.98146501646136,295.7272407390725,5660700
2023-03-14,298.0214538574219,301.9346435139874,295.0611458845017,300.4452153620534,3785900
2023-03-15,288.8074951171875,289.10353442979846,281.61020519152686,287.49383831239055,6596700
2023-03-16,291.490234375,294.4783224462854,282.0819677320558,285.85636950938556,4399100
2023-03-17,280.8053894042969,287.1515737744808,279.26045708010884,286.86479449430425,6369800
2023-03-20,286.34674072265625,288.81677479280336,283.321668193478,283.8027109352598,3963700
2023-03-21,293.51629638671875,296.32861374842594,291.73085669802646,293.8308276091931,3242400
2023-03-22,290.1766357421875,298.08624325069115,290.0100959954207,293.5162390180879,2505900
2023-03-23,291.2682800292969,297.2906729841873,289.2238131481738,291.60130309473357,2585900
2023-03-24,289.1590270996094,289.325538619571,282.4890239319109,286.9202687032997,2456700
2023-03-27,294.6726379394531,296.86512441093663,293.414513201941,294.7558937030947,2300600
2023-03-28,294.5893859863281,296.59684085444377,292.4431432784851,295.19069644164824,1224300
2023-03-29,296.6985778808594,298.53952097854153,294.81136276537114,298.3452575529626,1475900
2023-03-30,297.08709716796875,300.5377075541184,295.9214602912232,300.2509283593407,1456300
2023-03-31,302.6099853515625,302.8135088426071,298.2712846125938,299.2426300464793,2281100
2023-04-03,302.0641174316406,304.33988734170805,298.9465300401393,301.71260259290784,1808800
2023-04-04,298.4840393066406,302.38796936727016,296.14353328038703,302.34172557788975,1536800
2023-04-05,297.44793701171875,298.067767548858,295.4497140288822,295.6809894449717,1329300
2023-04-06,298.2528076171875,299.02065790286593,296.0140771239994,296.38411218887137,1311000
2023-04-10,300.6210021972656,300.6487541154527,297.2443870691639,298.2527444057726,1114400
2023-04-11,302.85052490234375,304.54347674431403,299.42766571093,301.6293839395885,1559600
2023-04-12,305.50555419921875,307.19850599718234,302.6747454612371,306.87471477931143,1862400
2023-04-13,307.2541198730469,308.0034502054655,302.5083422798146,305.35764390739917,1765500
2023-04-14,311.685302734375,314.19232064194955,309.2800324708461,311.32449949050607,2275700
2023-04-17,314.23846435546875,314.9508105643745,308.68785546832,310.8340976803298,3012100
2023-04-18,308.9006652832031,311.342918721003,301.70337627577584,303.4333116758547,7549500
2023-04-19,311.65753173828125,311.75001932471173,306.82849963469437,308.04038062831944,2625400
2023-04-20,313.3411865234375,313.89625318559655,309.28000477183576,309.86282335550965,2217900
2023-04-21,316.0702209472656,316.7177751381954,310.8341424222111,313.6094472652665,2278900
2023-04-24,318.1979675292969,319.2155850287269,315.9499772113716,316.37551608136494,1966300
2023-04-25,314.0534973144531,317.74464361704486,312.9896079025729,315.4596415649976,2138200
2023-04-26,311.3521728515625,315.08959098777854,309.5759936999955,312.2957662613413,2041900
2023-04-27,316.0148010253906,317.64296110133574,313.3875151307897,314.66416021470087,1768200
2023-04-28,317.7168884277344,318.327458857462,314.25701755780426,314.5807805248416,1714100
2023-05-01,315.0618591308594,321.4357944832585,314.8768275178549,318.2811946349975,1375000
2023-05-02,308.4010925292969,314.4327725730963,305.2835048903923,313.61867870962465,2397600
2023-05-03,304.03466796875,309.7517896974127,303.6646329352321,307.46678736981363,1825400
2023-05-04,297.1981506347656,302.48973294425315,294.70036500870407,301.53687942044724,2965100
2023-05-05,302.5268249511719,303.3131672431562,298.27137863101314,300.7136330615121,2413400
2023-05-08,302.05499267578125,305.5611081119127,301.2779105646651,304.9505657782161,1607300
2023-05-09,300.4452209472656,302.674719075911,299.08532053624486,300.6950164347516,1253300
2023-05-10,298.39154052734375,305.20956373649443,295.18143651536667,305.20956373649443,1752200
2023-05-11,296.6985778808594,297.82720293017906,294.3488119784673,295.71797247117206,1515200
2023-05-12,295.5699768066406,299.01135606962623,293.55326198780085,297.9197428996335,1099100
2023-05-15,297.9475402832031,299.0391536197635,294.23787307107784,296.4211279760648,1178200
2023-05-16,296.7818298339844,298.8725683982099,296.49505060832536,298.34525373224625,1618900
2023-05-17,305.4500427246094,305.6443343895921,298.4932887829186,298.4932887829186,2098100
2023-05-18,304.8949890136719,305.83861076391435,301.26860635993086,305.2835441282179,1645400
2023-05-19,301.7218933105469,307.0874997451417,300.4637686353145,305.28354025995196,1546100
2023-05-22,300.58404541015625,302.8227756295861,298.28052306666797,301.7219023897005,1498900
2023-05-23,299.3351745605469,302.6377945234246,298.6320882091808,299.3629264832658,1550900
2023-05-24,295.85675048828125,297.7902095101414,294.92238880634386,296.39332524435156,1439100
2023-05-25,299.62188720703125,300.8245078998904,294.92235563806736,295.03339153611455,1618500
2023-05-26,307.1429748535156,307.9385486357513,299.73290239890343,300.39897664461984,2718700
2023-05-30,306.0514221191406,307.6241065029613,303.18362906797006,307.20779939198906,1998600
2023-05-31,301.9219665527344,305.044660130371,299.9831161416954,303.9447351044275,2938000
2023-06-01,294.930908203125,302.6490738384181,292.71239677721957,302.4906249918995,3339700
2023-06-02,301.6889343261719,303.19900572964673,295.5367673387914,296.6460229394827,3987700
2023-06-05,299.9737854003906,301.5397832445293,298.5848975031658,301.0177839631497,1462900
2023-06-06,304.6251525878906,305.8089956354666,299.5915723365586,300.5516811095963,1495600
2023-06-07,312.96795654296875,314.9161378774495,304.1778283584433,305.4082676581678,3382700
2023-06-08,312.70697021484375,313.5086019933566,308.8572032932788,312.6044193787352,2009500
2023-06-09,313.2195129394531,313.3873207448975,309.9756648854722,312.4644773788319,1702100
2023-06-12,316.4540710449219,317.0133640419797,313.5271489270093,315.47532963518825,2290800
2023-06-13,319.2598876953125,321.85125148530204,316.41685481865477,317.1159640617832,1772400
2023-06-14,315.4567565917969,324.13503068074544,314.3475009461272,321.38518951943064,1819400
2023-06-15,316.68719482421875,320.6581449077484,312.92134639481145,314.4314179908491,3322700
2023-06-16,315.354248046875,318.23457519840804,314.2356616913835,318.2159425229885,4544900
2023-06-20,308.2792053222656,312.6230073918454,306.8903174301041,312.56708092953204,3208100
2023-06-21,303.0125732421875,307.6080441656667,302.87275709329555,306.16322988240677,2158700
2023-06-22,297.8951110839844,302.25757459121075,297.36380965315743,301.72624471355454,2409100
2023-06-23,293.35552978515625,296.1519665467806,292.75897140169246,295.08000481085645,2612000
2023-06-26,291.16497802734375,295.1545883955809,290.9878965392493,293.7470394749519,2481000
2023-06-27,292.1810607910156,294.2597273519608,289.487146250268,291.21162136510077,2156800
2023-06-28,292.3768005371094,293.5326520106507,289.6083268893314,290.56843574647587,2423500
2023-06-29,301.1669006347656,303.4133748111956,294.79102852239816,296.2824670833388,3553600
2023-06-30,300.654296875,303.9074764255006,300.57040717148107,303.7117337839564,2361800
2023-07-03,304.4480895996094,307.048784035065,300.53309477686696,300.53309477686696,1106800
2023-07-05,298.333251953125,302.5838345259748,297.94176664729616,301.9686433311009,2561000
2023-07-06,291.7615966796875,297.01891194845734,291.6124499578612,296.42232506115215,2896900
2023-07-07,293.7843933105469,295.8350969257196,291.48199213281885,291.9480650153805,2903100
2023-07-10,294.9960632324219,298.36109455586467,294.5579537456236,295.1825036957993,1775800
2023-07-11,299.1069030761719,299.2560497949644,293.2343683668838,297.1959874105446,2041700
2023-07-12,304.2523498535156,310.7307738272933,302.24824229405425,302.555837857502,2741300
2023-07-13,306.37762451171875,306.9369175894358,303.59051812941857,305.137883317477,2787800
2023-07-14,304.05657958984375,309.9197834570542,302.9659567067129,309.4630127631281,1815200
2023-07-17,304.998046875,305.2683486130102,302.3507283796619,303.77693843405865,1777400
2023-07-18,314.3847351074219,315.29824803289785,305.0912423719495,305.0912423719495,3887400
2023-07-19,317.44219970703125,322.41055210792655,308.8198521735022,315.06523960354656,6037400
2023-07-20,327.0526428222656,327.8170091613072,316.1465546609907,316.1465546609907,3915000
2023-07-21,328.0780029296875,330.98629305370264,323.24949487900005,327.91022352564744,3217400
2023-07-24,334.57501220703125,337.0824861379808,328.1152500489312,328.88891837761355,3517500
2023-07-25,330.63201904296875,336.33674493101796,329.9608731475028,333.16745593174875,2893000
2023-07-26,333.2979736328125,335.81477809508993,330.24053724696904,330.4362798550226,2281600
2023-07-27,330.4549255371094,336.0757620232746,330.1379994661225,333.8292878511263,2010800
2023-07-28,329.26177978515625,332.30988546426624,327.7516801129595,331.9463350486936,1827400
2023-07-31,331.72265625,332.96242585113083,329.9981811687703,330.79984119193284,1385500
2023-08-01,333.4471435546875,333.5869597130311,329.4109654007538,329.9795605936271,2024300
2023-08-02,327.27630615234375,330.9023375257626,325.1976113485919,330.9023375257626,2106600
2023-08-03,329.1965637207031,331.10745093929194,324.9646144717705,326.2416494706821,1840400
2023-08-04,329.25250244140625,334.3886343069261,328.59068696524804,329.3643553729452,1725300
2023-08-07,331.4336853027344,333.4005272994674,329.9049813201129,331.28453859399616,1260300
2023-08-08,324.6290283203125,328.1152436814437,318.82175112452524,327.8356113865817,1917300
2023-08-09,319.43695068359375,324.81542009581517,319.25051020077143,323.28671623460235,1326000
2023-08-10,317.3023681640625,323.6969020064553,316.74307509422687,320.72335515787586,1345900
2023-08-11,317.6099548339844,318.59802681430256,314.64571044620595,316.86422134621904,1256800
2023-08-14,314.8228454589844,315.48468931589605,312.13826158274986,314.5152499279611,1347000
2023-08-15,309.6681213378906,311.36463337367695,308.05552745002285,310.68415675796143,1657800
2023-08-16,306.7784118652344,310.32991262301715,306.6479262790693,308.1114016367863,3340300
2023-08-17,305.29632568359375,311.3273090315035,302.0151833155907,307.60805708069427,3135200
2023-08-18,302.882080078125,305.38955415941524,301.26948630506456,302.313484884505,1730500
2023-08-21,300.20684814453125,304.2430550401655,297.71803500370663,303.3109093206714,1983500
2023-08-22,297.1587219238281,300.7474883922051,296.71128176766473,300.598341673484,1810300
2023-08-23,300.45855712890625,300.570438525433,296.4223781443649,298.8645957021113,1429000
2023-08-24,298.2492980957031,305.2683533231193,297.8298496439608,300.29069923466085,1185600
2023-08-25,298.4264221191406,300.82204325051123,296.5994246227353,299.0323110981353,1159600
2023-08-28,303.8514709472656,304.4387271660271,299.53563271409314,299.53563271409314,1440100
2023-08-29,309.9850158691406,310.12486047019615,302.64903436006836,303.4693270606454,1831700
2023-08-30,308.83831787109375,311.96826162463134,307.96420080566634,310.17301437209136,1131500
2023-08-31,308.0205993652344,310.633570933271,306.3757424400739,309.61847185185877,1271100
2023-09-01,307.7292175292969,311.6956735397702,306.61071255990555,309.86285023287184,1201400
2023-09-05,304.29852294921875,308.7443464447345,303.24581913494694,307.6728259083329,1846000
2023-09-06,301.8359375,304.66510047349146,300.12527948421325,302.94503409677407,2120800
2023-09-07,302.6160888671875,304.7403134113123,300.89605099330225,301.3566017829813,1471100
2023-09-08,305.962158203125,306.3851328612964,302.3340877661144,302.5784756738603,2026400
2023-09-11,305.14447021484375,310.3140208624152,304.80611339533715,308.5375901919454,1283100
2023-09-12,311.0188903808594,315.1357362063122,304.53346129381436,304.5428696536061,2054700
2023-09-13,314.8538513183594,316.76188437367887,310.9437876382699,313.4627618689716,2165000
2023-09-14,323.86761474609375,324.38455827240784,316.61144523615303,318.6322635899625,2822700
2023-09-15,321.95953369140625,325.3902288031409,321.32036762387634,324.4127060092912,3063900
2023-09-18,322.6927185058594,323.5762438954329,318.8860326420941,321.9595834681309,1356600
2023-09-19,321.3486022949219,324.2435373257166,317.66411084443274,322.8242518630094,1660200
2023-09-20,316.47052001953125,323.143917359434,316.0851500538246,322.02541222785476,1224400
2023-09-21,310.3985900878906,314.58123772531366,310.24819972755785,314.4026509651702,1685100
2023-09-22,308.1898193359375,311.62051532935135,307.19347956744315,310.2670307081861,1669100
2023-09-25,309.0826721191406,309.50564674809215,305.7365658960486,307.4190273677123,833300
2023-09-26,304.3642883300781,307.75737892843085,303.04840871692227,306.0467210893161,1481800
2023-09-27,302.606689453125,305.4734286173068,299.8151311273226,305.4546405787191,1493000
2023-09-28,305.661376953125,307.2028277182025,300.97116613881656,300.97116613881656,1389600
2023-09-29,304.12939453125,308.2556212688915,302.9074834371541,307.5413028112688,1403900
2023-10-02,299.3639221191406,304.13869356211086,298.0480424839933,302.681831945345,1303800
2023-10-03,287.72772216796875,296.7133368463321,286.1016822241292,296.32796698594746,3118600
2023-10-04,290.0587158203125,290.49107009156785,285.2463399961866,286.5340231345926,1872000
2023-10-05,291.8446044921875,291.89158892912275,285.93251091394205,288.89324754155007,1584600
2023-10-06,293.7056884765625,296.3750530770635,288.71472446631134,289.59822130236546,1595100
2023-10-09,293.8277893066406,294.64554216445737,289.842545662401,290.34070111793096,1094400
2023-10-10,295.8580627441406,297.8131088036592,293.52708379844506,295.5760987374933,1193800
2023-10-11,294.2132263183594,297.6063464167501,292.87855834833476,296.47843294335,1672500
2023-10-12,291.2336730957031,295.36930762476527,289.5136066493431,295.27531006373533,1727700
2023-10-13,290.7167053222656,297.18334751777434,289.65462178678405,293.2544960889546,1785200
2023-10-16,295.50091552734375,296.9201725947926,291.6096401626413,294.36359378025213,2273900
2023-10-17,290.7730712890625,297.18332009232444,287.53037081313215,294.5515606900599,4123000
2023-10-18,283.81768798828125,288.7616668355504,283.3665456158639,288.5548836868502,3460300
2023-10-19,281.2140808105469,286.9945710223782,280.68772900262866,283.817643456286,3211800
2023-10-20,282.02252197265625,285.030272513186,280.1896981891755,280.56565983573296,2329000
2023-10-23,281.2423400878906,285.3121734919581,280.27422543714755,280.36822299901195,2959800
2023-10-24,281.2047119140625,284.88920377057474,281.1107143600241,281.9754516995409,1697100
2023-10-25,278.9300842285156,281.9754094719254,277.3040157076463,280.65952996452745,1809300
2023-10-26,279.1462707519531,282.10703575036007,277.06905975709134,279.11807435596944,2011200
2023-10-27,272.49169921875,280.3494019027394,271.974726978575,279.6726596255131,2601700
2023-10-30,282.7555847167969,283.6767148960901,275.6686220101678,275.8190123670337,3065200
2023-10-31,285.3685302734375,286.0076964030235,282.6333937514009,283.5544951629373,2611000
2023-11-01,288.7052917480469,289.72979919362297,284.6448380430643,285.10538880449917,2345400
2023-11-02,294.9087219238281,295.64185691855363,289.49478431107076,291.08324824698013,2597000
2023-11-03,307.9359130859375,309.54316474315175,298.82810588835764,299.3262612527115,3742000
2023-11-06,304.4489440917969,309.13912729301904,302.74769424062697,307.033719451578,2087600
2023-11-07,304.4864807128906,306.7798831772185,301.9862951186963,302.77582288254337,1505000
2023-11-08,305.05987548828125,307.03370961843297,304.22336313251105,304.48653910426265,1484400
2023-11-09,301.5069580078125,307.02427323332194,300.45425421689083,306.41333214223636,1787900
2023-11-10,305.9527893066406,306.4697328545965,302.32469005776716,303.89436610786083,1781400
2023-11-13,307.2686462402344,308.9698957991254,304.0917182998443,304.68387132452386,1403300
2023-11-14,318.36907958984375,321.245226858283,312.49459110299466,313.4909020556422,3592700
2023-11-15,317.3164367675781,320.58733422729534,315.1922121439916,319.47823747219655,2534500
2023-11-16,316.4422607421875,319.3371960649394,314.8819931486171,317.4667680983701,1620400
2023-11-17,318.8108825683594,319.9951887758899,317.80516312812404,319.1022549394138,1465200
2023-11-20,319.0552978515625,320.8129405902269,317.22244558125806,319.57224147445254,3146000
2023-11-21,314.84442138671875,318.7168800369259,314.4496430956844,318.03072937937793,1900900
2023-11-22,318.2939758300781,318.54774346790816,315.2204243517506,316.696103101135,1235200
2023-11-24,318.77325439453125,319.82595819767744,317.3539974060879,318.4442772850412,460100
2023-11-27,317.4197998046875,319.59100877436845,315.5681596136576,318.8108892094305,1250500
2023-11-28,317.3633728027344,318.06831144897944,314.7504013680137,317.10960521633586,1419000
2023-11-29,322.4427185058594,325.5414786210399,318.8890825812914,319.3534150878414,2038100
2023-11-30,323.6557312011719,326.7071214438417,322.28164690833387,323.7883852536879,1903600
2023-12-01,330.18487548828125,330.6208089640332,322.59432916254895,323.5798499922342,3623300
2023-12-04,331.09466552734375,332.13704233676884,327.20935085723363,328.16644386877294,2178100
2023-12-05,323.85467529296875,328.6686545229723,322.70804357448566,328.45071670283846,2429700
2023-12-06,324.0631408691406,328.8297496277109,323.71252011482295,325.52250866237176,1869300
2023-12-07,326.574462890625,326.64080438162694,324.0916600634686,325.7121102663067,2162400
2023-12-08,332.45916748046875,333.8427370386898,325.7783443977615,326.2805903849198,2238800
2023-12-11,333.3405456542969,334.5440333136087,330.77243052460295,333.0372951053231,1636000
2023-12-12,334.1460266113281,335.463254968443,331.2746897382961,333.00888038690306,1597600
2023-12-13,343.7361145019531,343.84982622718115,333.1889181935949,334.45874732458105,2876500
2023-12-14,363.3901062011719,365.97716380435884,345.8872619532221,347.3087164543997,5376300
2023-12-15,360.5850830078125,365.6928274175689,359.45739354340583,360.28183246352955,4522300
2023-12-18,356.6903076171875,362.71728969370116,356.22597507132485,361.29583520352674,2740900
2023-12-19,362.4235534667969,363.67441153840673,354.93720275629124,356.3207727251248,2091800
2023-12-20,357.7516174316406,364.9631441457053,357.4957660618039,360.793550537512,1836500
2023-12-21,360.6419372558594,361.51374641731644,357.2683544946104,360.1491478937142,1301600
2023-12-22,360.71771240234375,363.4089957299708,359.54265277298083,361.9970270514904,1538200
2023-12-26,361.62750244140625,362.5751388144646,360.1491920130006,360.717779620749,837300
2023-12-27,364.3471984863281,365.55068612162216,360.39554257020455,361.2389527202878,1367200
2023-12-28,366.1761779785156,367.4554928786166,363.54174999233436,364.38513133446077,1024700
2023-12-29,365.5696105957031,366.3940783914556,363.4848282838718,365.38010070529776,881300
2024-01-02,367.9671325683594,368.76317244217995,362.1770891469626,362.9446721714103,2263100
2024-01-03,361.7980651855469,365.21901829147345,357.0314558309148,363.7786215499619,2265300
2024-01-04,362.8973388671875,366.8205381781958,361.9497025509599,363.4658975212718,1618300
2024-01-05,366.20458984375,369.07592679952415,361.12524401900646,361.92128399447796,2913900
2024-01-08,368.497802734375,368.7062838573548,362.02546014476724,365.7591491256832,1902600
2024-01-09,363.6459045410156,365.74020135592735,361.7790600784097,364.4608867076182,1708800
2024-01-10,361.9591979980469,362.99211822296553,358.70881202611463,361.38115366465735,1547300
2024-01-11,359.86492919921875,361.0305324026664,355.0604056264222,360.94524859552166,2209900
2024-01-12,357.9696350097656,365.6454953101028,356.8608877438951,363.2669187921101,2223800
2024-01-16,360.5281982421875,364.8494169333146,354.7191837995396,358.547613165823,3926600
2024-01-17,357.429443359375,360.2913234191612,354.5391642876778,355.5531420428943,2415100
2024-01-18,357.1736145019531,361.65594477763165,354.94666333074787,360.4145145727575,1771200
2024-01-19,362.1866149902344,363.22899181210323,352.58705439065756,357.0030431355957,2603300
2024-01-22,365.74969482421875,372.1652110236404,364.42300980055995,366.1287435567549,2922700
2024-01-23,360.83154296875,363.28591805567663,358.80361587852207,360.0829309490469,3313300
2024-01-24,359.5332336425781,364.4704110417046,359.3247524840194,361.81704076874547,2235800
2024-01-25,362.660400390625,366.4604020453625,362.006529071866,362.6509147739707,2376300
2024-01-26,358.00750732421875,360.954642183121,357.0219575258071,358.8224606186006,3464700
2024-01-29,360.6324768066406,360.8978138203269,354.6434083039318,356.2070313727047,1632300
2024-01-30,366.612060546875,367.6070960401935,361.60854190600276,363.89234892035597,3897900
2024-01-31,363.9018249511719,373.28341854071124,363.60806001162894,365.7876119346051,3421100
2024-02-01,363.7502136230469,369.14226669238826,358.9646327710139,364.29982997371906,2138500
2024-02-02,367.5502014160156,368.3841259870993,360.67038154370516,361.80752775190257,2180900
2024-02-05,362.96368408203125,365.15272185587384,361.0494689620956,364.4609657913203,2231100
2024-02-06,364.8304443359375,366.56463474339097,362.9446575886269,362.96359990121874,1487800
2024-02-07,366.4130859375,366.80162032341093,362.4709151287581,365.1337710413674,1963200
2024-02-08,364.8778381347656,367.7870591909464,361.37157274620074,365.78756075834565,1913700
2024-02-09,364.1387634277344,365.91083882533786,362.55619795376316,364.6220383146289,2028200
2024-02-12,372.0799560546875,375.59567886965516,364.1956145610121,364.84000034820383,2797200
2024-02-13,358.917236328125,368.78213334349124,355.55313914620837,367.2943374627691,3030800
2024-02-14,358.24444580078125,361.50431708508864,356.10277844364896,360.93572950395304,2041300
2024-02-15,365.238037109375,366.93428545766824,359.2868816236993,359.5522186611663,2218900
2024-02-16,364.30926513671875,367.2848277836592,361.0020240339585,363.1720901223541,2376800
2024-02-20,364.3851318359375,365.38962408905735,360.90732250284356,361.0020919251236,2358900
2024-02-21,367.938720703125,368.30831272636146,361.29581017781265,361.8454264846679,1772500
2024-02-22,370.0235595703125,374.8849385787307,368.6305330060264,368.84849977334613,2326800
2024-02-23,370.5731506347656,376.0126024725351,368.8295033738698,369.57814412226196,2247400
2024-02-26,369.78662109375,375.320813360248,368.45993611882983,370.57314646187865,1797800
2024-02-27,370.3457336425781,375.16919885526505,368.94322153194923,371.7198178214844,1724900
2024-02-28,375.23199462890625,375.308359074671,369.3341081094423,369.5154372625053,2572900
2024-02-29,371.2905578613281,377.90423800061035,368.06487322696006,377.1789213094063,3139100
2024-03-01,370.38397216796875,373.18976903812165,367.66406347247255,371.8441293861497,1697700
2024-03-04,374.344482421875,378.46728906519786,368.5706658533153,371.06150999750736,1955100
2024-03-05,373.065673828125,379.34529599528787,372.4930569106451,372.88434465218126,2697800
2024-03-06,371.7868347167969,377.2457281337419,366.9673406909708,376.96895795911297,2692400
2024-03-07,370.6988525390625,376.5013276339871,369.39139526876505,374.01045435941285,2033100
2024-03-08,369.3245544433594,377.56061426045807,369.05733713278795,370.9851462032343,1657200
2024-03-11,368.532470703125,368.7710586376652,364.0088527840839,368.0648476712674,1654200
2024-03-12,370.4602355957031,371.36688135971997,366.26109394423554,369.9258009741256,1703900
2024-03-13,374.4017333984375,377.207529878538,370.46025600379613,371.1569432673939,2370600
2024-03-14,370.87066650390625,378.28599917914903,367.85494022197213,376.425001381426,3029500
2024-03-15,369.5345153808594,373.2755868776478,368.7614928300987,371.11874270542523,3763900
2024-03-18,366.8241882324219,371.27147101263006,365.908018680447,370.9088126770866,2069000
2024-03-19,370.9184265136719,372.941647955741,366.19437278610667,366.5379546274162,1858200
2024-03-20,378.3717956542969,378.4004250385001,368.37973282436576,368.7232854348043,2157400
2024-03-21,394.8248291015625,395.1206757951925,380.8722120682946,381.52116422693445,4613800
2024-03-22,388.2494201660156,397.73567972760384,387.25688610361925,395.48339425422444,2190300
2024-03-25,386.4552001953125,391.7232113734948,385.4244839950025,388.29709208398174,1683900
2024-03-26,387.6385803222656,390.64478245943405,386.0543529489014,387.5526921611469,1407000
2024-03-27,396.2945861816406,396.52362129451063,389.7286411173135,390.921580871021,2353600
2024-03-28,398.6231994628906,400.06427997828575,396.0369142800369,397.21074833606934,2409700
2024-04-01,394.6340026855469,398.87132679864123,393.19292221873883,397.65928143270173,1863900
2024-04-02,391.4273376464844,394.30949837389846,389.01282904922476,391.99040164550513,1976000
2024-04-03,395.1015930175781,397.61154258000136,392.2385379957116,392.2385379957116,1549200
2024-04-04,387.7054443359375,399.8734305889423,387.1805624611011,398.9190787259615,1704700
2024-04-05,389.44232177734375,390.4634851296688,383.14359446446974,388.00124132919353,1694900
2024-04-08,391.799560546875,393.6987111365681,388.9460291193452,390.42529174971423,1181900
2024-04-09,391.9618225097656,394.3572548652487,388.468891401101,392.7253214300918,1247200
2024-04-10,382.4660339355469,386.94194617529786,379.15443204839755,385.56767726322687,1903300
2024-04-11,379.3357849121094,383.14363948470157,376.81628204111104,382.1988404703308,2176200
2024-04-12,371.71044921875,376.1004730396905,369.44864025897186,374.9075333668536,2815800
2024-04-15,382.58056640625,394.02323553217343,380.4905335678469,388.4211949480041,6177000
2024-04-16,378.7440490722656,386.4838574724439,377.14074500553414,385.98760501117164,3459700
2024-04-17,385.4721984863281,388.5356592872307,382.866807861559,384.0311181000691,4373800
2024-04-18,384.7087097167969,389.241880408565,384.04068098429093,386.9800714812244,2776300
2024-04-19,385.55810546875,389.3755124535891,384.6133065598436,385.6153642435623,2805500
2024-04-22,398.2987365722656,398.89998287677946,386.1021215183617,388.3639306642901,4165600
2024-04-23,404.6451416015625,405.9335222876947,397.2012096086939,398.6422609451122,2662300
2024-04-24,403.72900390625,405.19868474602566,400.4555550142801,402.259293941968,1575900
2024-04-25,400.87548828125,404.2729785825346,395.912876069866,401.7725813621574,1970100
2024-04-26,408.0521545410156,408.96832399835677,400.4841527134381,401.0472167093302,2322700
2024-04-29,411.14434814453125,413.5493044970509,407.69915169460995,408.0522572449333,2453000
2024-04-30,407.2314147949219,411.6978029847223,406.55383322773656,408.93971253071624,1829900
2024-05-01,407.46051025390625,413.64469124170745,405.78084177598225,407.21236946752964,2310100
2024-05-02,412.8240051269531,413.8546923560653,408.62486262487164,411.5165476941547,2087500
2024-05-03,418.1778259277344,422.10975031893577,415.06665915311066,415.14299447524434,2406300
2024-05-06,423.4172668457031,424.094848454319,419.60938344065346,421.5848986141937,1914300
2024-05-07,423.5412902832031,426.99606804431056,422.6537501554687,424.848776630725,2058200
2024-05-08,426.5475158691406,427.5686500820171,421.87116910902836,422.5869329040043,2006700
2024-05-09,434.7645263671875,435.5948078165967,425.9654011470055,425.9654011470055,2710200
2024-05-10,433.9723815917969,437.8088651404679,433.58109387951015,435.68065025398266,1823900
2024-05-13,432.85577392578125,436.3296282476608,432.6267388274609,435.44205899266166,1579600
2024-05-14,437.5416564941406,440.6910056805685,433.28525576124906,434.0773549143672,2412900
2024-05-15,444.8138122558594,444.909253257604,439.9084593108356,440.5192292978929,2217700
2024-05-16,443.3155212402344,446.8752642087704,441.17778236610434,443.17237428428956,2070300
2024-05-17,446.369384765625,447.2664777066017,443.05778315359487,445.09055696401003,1655900
2024-05-20,441.80755615234375,449.9577274161235,441.48308008557046,446.8274551622211,2591500
2024-05-21,448.9366455078125,449.7955563254392,441.1014251791691,441.1300545689398,2762600
2024-05-22,441.273193359375,448.86027275339563,438.7632434460271,446.025846720477,2729500
2024-05-23,437.23626708984375,443.1150776155709,436.5300560845585,443.0387422870963,2254500
2024-05-24,440.1279602050781,444.01217905688657,438.1429212575,438.8491322761903,1932200
2024-05-28,438.8204650878906,442.52335444710275,437.96155435883196,438.944535472272,1930800
2024-05-29,436.301025390625,437.799335582584,431.0329848128907,434.07736938603625,2315700
2024-05-30,432.2781066894531,437.68359854900746,429.7529673082831,434.9376486505887,2135000
2024-05-31,438.3172607421875,438.5572925432534,430.2521980865239,431.8268207658797,2638300
2024-06-03,436.83868408203125,440.5735636543025,432.2492772372446,440.5735636543025,1930700
2024-06-04,437.1459045410156,439.4598146202292,431.2987333809997,432.5373056791653,1835000
2024-06-05,443.271484375,444.55805120738813,439.2581600216283,439.306154657613,1678900
2024-06-06,439.8342590332031,445.99825900847566,438.7877239420932,443.4059332499916,1598000
2024-06-07,436.771484375,442.77227959904036,436.377828692212,437.2803506379683,1736100
2024-06-10,435.46563720703125,437.2034649248351,432.34522411252385,434.2942809656783,1698600
2024-06-11,426.5556945800781,433.84305640921474,425.7011966205225,433.05577438489286,1938200
2024-06-12,430.80908203125,439.3926214570575,428.39915340722433,437.43395378452755,1733000
2024-06-13,428.55279541015625,430.44424722722636,424.52024931971755,428.91764844605166,1849100
2024-06-14,428.65838623046875,430.3578301456765,421.6398586652037,424.3666164271545,1559100
2024-06-17,432.23004150390625,432.8061236649185,425.71079912903895,427.35260838228146,1531600
2024-06-18,439.1909484863281,439.440590917758,430.6266308475193,431.6443632669192,1798400
2024-06-20,439.7862243652344,442.05213965001,437.0882694482963,439.7382297285791,2080600
2024-06-21,432.23004150390625,440.5063330048232,431.96120706886796,440.3911224327719,3780800
2024-06-24,443.6651611328125,445.0381359557847,432.05722714624085,433.257386110536,1882200
2024-06-25,439.1429443359375,445.5757784228958,438.53805956565725,441.1399958418466,1555900
2024-06-26,437.68353271484375,439.67100287568917,434.40952503634537,437.25149309341276,2131700
2024-06-27,428.1783447265625,431.8460378924686,425.144339068438,431.8460378924686,2835200
2024-06-28,434.28472900390625,439.1045568538877,431.60596599269707,432.1532455123296,3839700
2024-07-01,445.17254638671875,445.51817808742885,435.9073254886814,436.38738905128184,1850500
2024-07-02,447.0448303222656,447.6785178169979,441.27448553218386,443.1083320773731,1491800
2024-07-03,449.2626953125,451.1541469127396,447.2464224984204,450.338032999808,993900
2024-07-05,446.21905517578125,448.9362018878555,441.783272806533,448.83060197466045,1593800
2024-07-08,446.28631591796875,455.9259715591151,445.53741790121427,449.0034629028936,2214300
2024-07-09,453.9769287109375,460.18895283450036,443.1754977673916,447.03522784370296,4525100
2024-07-10,459.79534912109375,460.7266444173801,451.1157906466465,453.66973262720927,1946000
2024-07-11,460.1217346191406,463.8950272042591,457.27973722050893,460.8610219602635,2251400
2024-07-12,460.7458190917969,464.16386938438956,459.03679394550056,461.75394087387843,2727800
2024-07-15,472.60345458984375,473.3427420362316,457.31821562607615,461.10111939736356,3568200
2024-07-16,482.9631652832031,486.39082636038955,472.37296362150676,474.30282863653304,3981700
2024-07-17,482.1566467285156,489.1655925268451,479.5162970573979,482.94395802626656,3908900
2024-07-18,466.8234558105469,483.60649046564185,464.912811984697,479.6027469940493,3320200
2024-07-19,465.5944519042969,472.9586400385049,463.92384003922643,469.6173870076088,2032700
2024-07-22,467.6203918457031,469.9534940699452,463.1461952699674,465.23926567770485,1792500
2024-07-23,472.52655029296875,476.0406190239743,466.8906088577148,467.6586988237334,2020500
2024-07-24,467.2939453125,476.2135063878699,466.4490286425395,469.7518687337897,1598600
2024-07-25,472.1041259765625,476.32867969501535,463.962266268464,466.6698026389038,1489700
2024-07-26,479.13226318359375,483.90409641751893,475.887028642514,475.95424457697567,2249700
2024-07-29,473.0738830566406,481.9838624494122,471.4800683619321,480.46687434041064,1599500
2024-07-30,485.50750732421875,489.15597876257976,478.431345638072,478.44095628578384,2642500
2024-07-31,488.73358154296875,496.6354394985548,484.72983794729413,484.72983794729413,2658900
2024-08-01,480.1788024902344,493.52459378611246,474.9557082661246,489.6648637546214,4006800
2024-08-02,451.874267578125,474.74447461156,448.58100910023495,471.5184613688385,6115500
2024-08-05,440.7175598144531,444.7116923286461,419.930812595538,429.7433133734831,4177200
2024-08-06,451.4709777832031,456.30041604878556,439.19094365313396,442.628215168247,2209300
2024-08-07,454.1497497558594,469.07010447695006,453.7272914684425,460.2753656226486,2587600
2024-08-08,466.4009704589844,468.28284083147065,458.13428948974615,458.8159715844725,1936400
2024-08-09,470.7119140625,472.3825258141382,462.9732921015563,465.68082821265017,1622700
2024-08-12,466.1417541503906,473.2178869042641,464.46153155561575,470.7119689844203,1839300
2024-08-13,472.3249206542969,473.6018767853272,467.0730243260343,470.74071682381066,1243700
2024-08-14,478.8154296875,479.4395064856177,468.92610229140155,473.24667454095515,1545600
2024-08-15,479.1226806640625,486.6980985873203,478.39300389241055,484.86425205849326,1732300
2024-08-16,484.15374755859375,484.77782437368637,477.18321476347273,477.2312094028042,1587000
2024-08-19,484.5569763183594,487.53337642513554,481.8494106489256,484.8642240469667,1027900
2024-08-20,477.5096740722656,484.05774882703685,476.7031707134335,483.7793037255298,2122700
2024-08-21,476.66473388671875,480.8124903565847,474.3316318602028,479.583528732264,917100
2024-08-22,477.9032897949219,479.775549461181,475.06132162988587,477.18319443109226,943800
2024-08-23,489.1080322265625,492.0076059474376,479.9196074938023,482.7039706338259,1751800
2024-08-26,487.6197814941406,493.02530215328983,485.1714689291637,491.91158041994566,1084200
2024-08-27,487.03411865234375,491.0858564902754,486.3908205547614,487.5909795197795,977900
2024-08-28,483.2607727050781,488.09982161699793,478.5945689441499,486.40040715482434,1568100
2024-08-29,489.7608947753906,492.77567897282137,481.15816319391246,485.82436736151936,1566300
2024-08-30,492.80316162109375,493.711022816697,487.8968736371541,490.4658950491134,1838900
2024-09-03,470.79241943359375,492.2719938840238,468.8028587483308,490.1182329887285,2373600
2024-09-04,473.8636779785156,479.2335638704249,470.05839509822124,470.05839509822124,1509400
2024-09-05,471.19805908203125,478.8182631720553,466.552528436964,476.70314287721277,1828300
2024-09-06,463.2108154296875,478.47058813868904,460.74801865523966,469.9618283595147,1995600
2024-09-09,471.86444091796875,477.3791918957316,466.8615665882421,468.92837871412684,1714200
2024-09-10,451.1575622558594,472.47293613311945,445.7876761032604,472.405322549311,3583100
2024-09-11,455.05938720703125,455.75476956359904,441.83748440271665,448.11523114497487,2426500
2024-09-12,457.85064697265625,458.12107186172693,449.4867514744028,455.1850091560293,1480500
2024-09-13,462.6120300292969,465.61570606424385,459.2413719779321,459.7146081240733,1794500
2024-09-16,468.5710754394531,470.71516883464204,463.09493505373416,464.96860358259744,1500300
2024-09-17,468.7931823730469,472.9847821862419,465.3259085033962,471.3139250788733,1444900
2024-09-18,468.0108642578125,476.13330676757596,465.2969482431162,468.8028332766323,1699500
2024-09-19,486.6026611328125,489.0944603808631,476.58724451521914,477.8234766348873,3060700
2024-09-20,481.3872985839844,484.8835160988955,478.53818489254206,483.08712876877576,4452600
2024-09-23,480.4022521972656,484.2558142099447,478.28713167813,481.17488631126224,953200
2024-09-24,480.9913635253906,482.47871508999293,477.205415237077,480.5760734406702,1035400
2024-09-25,474.34661865234375,484.8352719415999,473.63190119713335,481.45494634041347,1763900
2024-09-26,479.928955078125,481.3583309549461,475.64076849946485,477.1087849193104,1378100
2024-09-27,481.464599609375,488.1189964838506,478.90518672201586,481.9088627082184,1420100
2024-09-30,478.18084716796875,479.54263902352716,472.18319197467554,477.9683978531003,1602500
2024-10-01,473.4097595214844,477.66894361813974,468.03984401795003,477.66894361813974,1528600
2024-10-02,475.16748046875,477.9393424494012,471.26564055634134,474.37554095577616,1445100
2024-10-03,469.4789123535156,473.73812588317196,467.6438844646045,473.1779411700117,1290600
2024-10-04,478.2291259765625,479.3397984297629,469.382327945876,478.69272407162896,1721600
2024-10-07,477.7075500488281,481.9474577822118,474.0085214607836,477.7172175524885,1173300
2024-10-08,479.5909118652344,481.30038008227893,475.93049414522227,480.00620190778955,1296700
2024-10-09,487.9065246582031,488.95925107813423,478.31606524459914,481.16520856876014,1695900
2024-10-10,486.4964294433594,489.47110280655625,482.5076407825899,488.99786668548126,1309000
2024-10-11,498.646240234375,500.2591217356215,490.43687912222293,490.6300523497945,2409700
2024-10-14,504.8757019042969,505.184767274798,497.8832673727611,499.9501088796293,2174900
2024-10-15,504.5184020996094,522.028492470673,497.8833109273638,520.3769408317596,4525400
2024-10-16,511.7425842285156,517.8851038175437,507.99524761046115,511.87781138286226,2649000
2024-10-17,510.9119567871094,516.98686223531,510.16826645539817,513.0753552631558,2123500
2024-10-18,510.42913818359375,512.6215395326872,508.85486763001,511.28872079470585,1779200
2024-10-21,500.0950012207031,511.7329672347996,499.3223671810492,509.94624733383745,1752100
2024-10-22,500.57794189453125,501.8624821862522,495.4012286028811,497.979917743413,1588000
2024-10-23,499.51556396484375,502.21981270515425,495.8455078924079,498.16341012058774,1263200
2024-10-24,506.5658874511719,507.0487910617068,500.4813137480703,501.25394773528734,2058200
2024-10-25,495.0727233886719,510.71881106765983,493.27633623042334,509.99445570241215,1633200
2024-10-28,505.6773986816406,506.6528734787177,497.37142059773055,497.7771021032589,1687100
2024-10-29,506.3534851074219,509.2122370200114,503.1856088334495,503.35944707557724,1281600
2024-10-30,506.4692687988281,512.6407313913272,505.184728845315,505.5034616950532,1441600
2024-10-31,500.0853271484375,507.04881881484596,496.936844951902,504.5763545515053,2061700
2024-11-01,501.5920104980469,508.63278362187964,499.3609979359429,502.21980883837523,1625000
2024-11-04,493.9814758300781,500.3364750874193,493.0543090468221,500.288196510601,1797800
2024-11-05,508.9418029785156,509.4247065971557,495.0727662505435,495.4591127247338,2169900
2024-11-06,575.6017456054688,578.1418232106042,546.7434222844078,547.9024026927292,8042800
2024-11-07,562.2639770507812,574.6553002833951,561.6362377219097,569.8262641465599,4475600
2024-11-08,569.1116333007812,574.8002525879972,561.4237857786486,566.3687145627919,2714000
2024-11-11,581.7443237304688,586.3898539162633,575.7852509770082,578.4219446676753,2510800
2024-11-12,572.3277587890625,581.5029278977087,571.2460004091747,577.6010287815009,2392900
2024-11-13,573.9019775390625,582.9129760283909,572.3857119735397,574.2979915375533,1763100
2024-11-14,568.4837036132812,580.9619738018013,566.1947454996002,579.4842606420342,1670500
2024-11-15,573.2452392578125,574.7905662949711,567.0158293787827,573.0714010189195,2007700
2024-11-18,567.885009765625,574.7229417729438,564.7268011153425,574.3752653017744,1848900
2024-11-19,561.5010375976562,564.7654708991884,555.8317536159027,559.8398184335392,2217400
2024-11-20,562.0322265625,567.7015106123805,556.9037922345574,563.8672839841813,1528600
2024-11-21,575.7273559570312,580.1604372511019,564.5240152357393,566.4556297703205,2281900
2024-11-22,582.16943359375,583.2897442804253,574.1145736537675,575.8336802339048,1733700
2024-11-25,582.4107666015625,590.397952369225,578.3543644152815,587.9737667719014,2940800
2024-11-26,584.7963256835938,586.4285423939665,572.7237343193577,579.609945149374,2846500
2024-11-27,584.7286987304688,591.3155115019963,582.6522484322106,586.901765126352,1424500
2024-11-29,587.7613525390625,591.7790849486935,586.3029740920318,588.4760405055863,1170200
2024-12-02,584.014892578125,593.9148828897629,583.6169167115797,590.1198945023324,1804100
2024-12-03,584.3739624023438,593.4392571807685,583.1315763889008,591.0516391240355,1718100
2024-12-04,581.1030883789062,586.509292283314,579.2104223564654,585.2669062360941,1617300
2024-12-05,579.2492065429688,588.7221925151989,578.8124283606811,582.8695544412659,1672800
2024-12-06,582.0445556640625,582.35515218739,576.8907149368133,579.598645068002,1405700
2024-12-09,576.6480712890625,585.2669323454073,576.2598108219288,581.3748492372772,1633200
2024-12-10,567.8253784179688,578.7348213330939,566.5927078116463,572.6491914769666,2600800
2024-12-11,575.134033203125,576.250237776952,569.6405081662552,572.7657861885892,2195300
2024-12-12,574.2119140625,578.7834236704526,571.3001380870423,575.1631344978418,1218400
2024-12-13,568.2620849609375,577.5021381278549,567.8738837735574,576.5315462990685,1215000
2024-12-16,569.0872192382812,570.9701700723099,561.6815976003413,570.7080912776036,1713300
2024-12-17,557.77978515625,564.5059803868057,555.4600561346798,563.7586648546768,2314100
2024-12-18,534.0682373046875,562.4289065414209,528.4776180182084,560.5071533767812,3271600
2024-12-19,537.6981811523438,550.3255908728537,537.3196361049885,544.9291024395474,2753300
2024-12-20,549.4520263671875,556.0520983847528,537.1061263855997,538.6202473124024,4515900
2024-12-23,553.9944458007812,554.8291405759691,545.278490685195,548.3843964600937,1519500
2024-12-24,565.6512451171875,565.6512451171875,554.557386553215,557.3138936784744,913400
2024-12-26,564.1370849609375,565.4571349063935,560.5167962984276,561.1477047003083,1092000
2024-12-27,559.2356567382812,564.8457065853665,554.5476810820078,560.0315492377067,1486000
2024-12-30,556.6829223632812,559.0803149457266,548.481409697373,550.5876365840335,1265900
2024-12-31,555.7803955078125,559.9539293289042,553.6257096674306,558.1583577952525,1055800
2025-01-02,558.061279296875,567.1266350566827,552.9851018618707,562.273674835,2219000
2025-01-03,563.0695190429688,565.0204183629079,554.9165228749274,563.9139293097735,1422600
2025-01-06,566.233642578125,576.1919252991241,562.768622265014,567.776850578613,2257000
2025-01-07,563.0596923828125,570.9797543936382,551.684385283625,569.8441193707687,2021900
2025-01-08,562.9627685546875,564.1080599606098,555.8288820924007,563.9527320722154,1513400
2025-01-10,543.5313720703125,559.30348777771,541.5999039944261,559.30348777771,2817900
2025-01-13,546.3947143554688,549.5394225893053,540.3867482083999,541.4738063820662,1871200
2025-01-14,554.7223510742188,556.7217677808371,548.5784884905886,552.9072899360575,2221900
2025-01-15,588.10107421875,591.4884307406312,575.5610424609965,580.4140023468397,5119800
2025-01-16,594.963134765625,598.6999492218816,588.1787066867346,592.0513589899481,3224500
2025-01-17,607.5322875976562,608.5611126273853,594.9728262210323,599.6316554265935,3425200
2025-01-21,616.073486328125,616.7431971013427,591.0904605762925,598.6707808620214,5076700
2025-01-22,614.12255859375,616.9081524472497,611.1914115077623,614.8117001295792,2835700
2025-01-23,620.6934814453125,626.5558348302151,615.8308068503152,616.2481542325304,2582700
2025-01-24,618.1700439453125,621.7611868105018,610.4635414017688,611.4729357151961,3183500
2025-01-27,614.656494140625,617.0150254534495,606.0958660939485,606.6199644167215,3351700
2025-01-28,619.0435180664062,620.2859041660165,613.2296819126894,613.6082269811859,2338000
2025-01-29,618.6358032226562,629.9140751447356,617.6942983763073,618.2669736012274,1918900
2025-01-30,626.7112426757812,630.4189110851541,622.1494485993155,625.5368050734705,1812800
2025-01-31,621.5670776367188,630.8847361983258,618.6941042807795,630.8847361983258,1995100
2025-02-03,613.7732543945312,619.7035572591326,604.1740853579672,607.5905881330984,2102600
2025-02-04,615.5299682617188,618.9173245375526,610.589688631308,613.4140850140105,1743400
2025-02-05,626.4685668945312,627.4002972244045,616.840311631054,619.2376452392248,1908200
2025-02-06,638.8629150390625,639.4743926207781,629.8558538148056,630.8846787674945,2439200
2025-02-07,636.6112060546875,644.3467945173796,633.9517346742645,640.0082774653523,2616700
2025-02-10,631.399169921875,643.0074109993816,625.3038244242695,639.6394855802055,2351600
2025-02-11,628.2058715820312,629.9529250975434,624.6729029625166,627.7594372362004,2711400
2025-02-12,629.9141235351562,631.3408651485328,620.3149557246472,624.8282316155583,2295800
2025-02-13,629.8656616210938,632.8259552385035,621.6738631437959,632.6609711932676,2031800
2025-02-14,641.12451171875,643.7548372748392,631.1953748568546,631.1953748568546,2246000
2025-02-18,652.4221801757812,652.4221801757812,641.5806850980475,643.1045215098335,2350100
2025-02-19,648.5009765625,651.3059420222809,643.774198931802,649.4036198857102,1953600
2025-02-20,623.3723754882812,650.5683800204604,613.0840656008802,648.3845482023148,3929000
2025-02-21,607.2023315429688,628.45832004043,605.0961634900989,625.7891920402583,3000800
2025-02-24,607.7264404296875,618.5582202165534,596.7199019654104,614.8796981576213,3274100
2025-02-25,596.82666015625,612.7541069700144,588.178712088765,610.046176800247,2885900
2025-02-26,599.6025390625,604.8048970995139,597.1081109285805,598.5348524959521,2001200
2025-02-27,590.119873046875,606.843152465985,589.4501622687094,599.3792984126086,2396300
2025-02-28,606.984619140625,608.3112148873105,589.1542507191131,592.8412498300038,3337200
2025-03-03,590.3735961914062,613.3151391466944,583.6042836103608,607.092050943918,3152300
2025-03-04,566.8466796875,585.2427973287116,553.6104312771719,581.3216515357369,4061000
2025-03-05,578.4833374023438,582.4337149732576,562.5940144908969,567.7734116469807,2600600
2025-03-06,553.7080078125,572.2797526913156,550.7330351778021,566.3102802756913,4332300
2025-03-07,545.90478515625,554.1957259169108,531.507800851124,554.1957259169108,4069600
2025-03-10,518.5836181640625,533.0293588759528,510.263447326631,528.961938091121,5272100
2025-03-11,518.359375,526.7088378561193,511.3072172206217,519.3737745779262,4190500
2025-03-12,522.5340576171875,531.5955455765264,515.5891811239334,530.6201409057438,3078100
2025-03-13,511.9022216796875,524.9043851199093,507.26904859935377,522.495104160462,2529100
2025-03-14,528.0939331054688,530.2008409981479,513.7457653349456,520.8564455212611,2808100
2025-03-17,537.7796630859375,543.4564661513002,526.7185473956773,527.9182761472052,2695600
2025-03-18,538.2088623046875,540.1303810886376,533.2050311672788,536.7554592165548,2641000
2025-03-19,543.6321411132812,549.152906123764,531.2054338684698,535.497238831166,2769800
2025-03-20,548.8408203125,554.4591620447876,538.4235031563793,539.4964247295079,2531300
2025-03-21,551.240234375,553.0544728549406,537.6528538526413,541.671516511726,3565600
2025-03-24,565.832275390625,568.3878310897493,558.9556837645998,560.857734946432,1877700
2025-03-25,571.5286254882812,572.4552718490338,563.9887662980091,570.3093696278115,1875500
2025-03-26,559.8042602539062,578.0638675706612,556.9560951409135,573.9183975105055,1944200
2025-03-27,545.173095703125,552.0789766029345,538.9597734676787,551.1035720506326,2100900
2025-03-28,529.7617797851562,546.7143177181536,524.4848667136381,542.2762383749621,2773100
2025-03-31,532.8538208007812,533.9268017086266,515.589204957053,520.6905525701835,2455100
2025-04-01,534.9607543945312,538.3844346395089,520.1248265109558,529.8886377180453,1869600
2025-04-02,549.2503662109375,553.3666050284954,525.8211856526841,526.5234484647914,2560700
2025-04-03,498.65618896484375,516.9547621234152,497.0272499090409,512.5069187742536,5193900
2025-04-04,459.23028564453125,479.8991136737497,448.68616319090415,475.0220901608051,8105200
2025-04-07,454.0606689453125,477.92882406609965,428.5733383880003,435.908371298954,6353800
2025-04-08,450.8515319824219,479.82106157455,441.69246816345054,476.24131346343347,4240900
2025-04-09,504.15740966796875,509.1612404140665,436.11317000597063,440.25863987524224,7024100
2025-04-10,477.75323486328125,490.7261359044516,462.3418517129782,490.7261359044516,5374500
2025-04-11,482.2791442871094,486.25878271251844,466.8092089178417,475.0221303051943,3770200
2025-04-14,491.58447265625,499.40720765377307,484.9224418690109,497.45639824887553,4392600
2025-04-15,495.3983459472656,505.8937108619644,494.530221408511,494.93014093869095,2501200
2025-04-16,486.7757263183594,496.9199594848054,480.5721664253466,489.3800700862313,2765600
2025-04-17,496.9589538574219,502.1676413891308,486.84401141748623,490.8626742029775,2593500
2025-04-21,489.0289001464844,496.7443551170751,482.51320370746123,492.96954358239833,2859300
2025-04-22,507.2007141113281,508.1858824491908,496.41273979424585,497.6807838486516,2514600
2025-04-23,516.29150390625,538.2185844026075,515.2673407897107,520.5052597177677,3048100
2025-04-24,531.9564819335938,533.390357868882,510.546335837194,514.1358181608949,2223600
2025-04-25,531.4590454101562,535.5850482001406,527.9085576475261,531.205430636542,1612700
2025-04-28,532.961181640625,540.8619363380114,529.1277885657647,531.4590202170364,1459700
2025-04-29,535.419189453125,537.3310043051663,527.9866095939416,530.4153580355036,1695600
2025-04-30,534.0828857421875,536.0044641537329,518.3788922931593,522.5828845951478,2438300
2025-05-01,540.2084350585938,544.6172240919777,532.0832967358982,534.6193252990485,2583000
2025-05-02,552.1766357421875,555.7661778108879,545.9340807168496,547.7678465111262,2883000
2025-05-05,545.7974243164062,552.6252568757106,543.7880931160271,544.6269268280162,2197200
2025-05-06,535.8483276367188,543.7296145165742,533.6049086668088,536.0824152462426,2902500
2025-05-07,538.3453369140625,541.7202585553811,534.2681524760638,536.6774330049587,1954900
2025-05-08,551.7864990234375,558.0875758355531,544.4807267060188,545.0757093369739,1994600
2025-05-09,553.1519165039062,558.0289394303521,551.8644348412192,556.2244647611557,1522500
2025-05-12,576.7958984375,588.5299871792869,573.6160692761327,581.594873365768,3527700
2025-05-13,588.9591064453125,592.7632085690079,578.4735059751534,578.7075935764926,2765800
2025-05-14,596.5574951171875,599.8738949352994,587.681336095151,588.9493503077307,2874400
2025-05-15,600.7518310546875,603.9804185125358,594.7335406651706,594.7335406651706,2428100
2025-05-16,603.8048706054688,605.5215330696144,598.4693753150509,601.77601192277,2021800
2025-05-19,597.2402954101562,604.146177465599,583.6236836831513,594.2068010330235,2842100
2025-05-20,591.6024780273438,596.5087327134322,588.1787980029832,592.8022067581448,1601600
2025-05-21,578.86376953125,594.8701365326444,577.4396570529049,586.9986124419158,2635900
2025-05-22,583.5164184570312,587.3888066300002,577.9371313478306,577.9761261092003,1939600
2025-05-23,583.8187255859375,587.1546526265687,568.1732551510078,570.6117669756902,1530600
2025-05-27,600.5859375,602.4782250643269,590.0711054306637,590.9977518342739,2364700
2025-05-28,593.4752807617188,603.414657751414,592.3730686086744,602.0978851252372,2001900
2025-05-29,589.9833374023438,594.996932399572,583.5846842483897,593.5533523357727,1736100
2025-05-30,588.6011962890625,591.6890007280633,582.1118350330237,588.1600642747093,2129500
2025-06-02,586.9052734375,587.3464054363336,580.4845382612037,586.7876462152421,1221200
2025-06-03,591.9144287109375,594.3552830993615,582.0136996359787,588.1599906844644,1730300
2025-06-04,587.3856201171875,594.3651141072453,586.9052391851477,593.5318515290264,1294900
2025-06-05,593.9239501953125,597.6881405469253,581.2001084917905,588.159977628099,2086700
2025-06-06,601.8837890625,609.1181625187979,597.9627220327768,600.9035223050691,1675900
2025-06-09,601.4132080078125,606.8830527798808,598.9527291689494,602.6189168289575,1610700
2025-06-10,602.736572265625,604.3834131179564,597.28629188622,600.9034783497766,1376400
2025-06-11,611.8530883789062,617.4112440002459,602.4621758725634,605.0010332821518,2063600
2025-06-12,612.7745361328125,613.6568001435612,603.6482550478024,608.7456541339112,1634700
2025-06-13,601.4328002929688,607.8829718319845,597.5607947523365,603.8932792448966,1674800
2025-06-16,615.4603881835938,619.7932098259483,605.8047856774975,606.7850523209887,1870400
2025-06-17,612.3138427734375,619.205086978039,610.7061909291112,612.372656385755,1479300
2025-06-18,622.7046508789062,627.253103032654,611.3433925658499,612.1864076252577,2423100
2025-06-20,628.1549072265625,629.95862433129,624.126025334562,626.2238104914916,4115400
2025-06-23,634.1149291992188,634.6442516794216,617.5778347171216,626.6453017138105,2020800
2025-06-24,649.0443725585938,650.6716487912713,640.3494116868349,641.5355559368838,2307800
2025-06-25,656.6512451171875,656.896311790536,647.750406788568,651.4852204971688,1566400
2025-06-26,673.6000366210938,675.7272584299293,657.2786320281458,657.3864470053501,2849500
2025-06-27,677.1780395507812,680.5011580374714,671.8650107664996,677.3642926178128,3650500
2025-06-30,693.7837524414062,700.2044873187658,689.0784842779603,700.1751104299359,3976400
2025-07-01,692.5192260742188,698.9399609156842,686.7846300498984,694.0288152349607,3301000
2025-07-02,701.7630615234375,704.546985126092,691.1663821082273,694.8129450941414,2906500
2025-07-03,709.3994140625,711.6736400367959,699.3223032742354,701.7827224881726,1502000
2025-07-07,696.9010009765625,709.6836572628231,692.4016103085945,707.4584925287415,2863700
2025-07-08,683.5204467773438,697.1559313157412,680.0797008182029,696.6951748187087,3100700
2025-07-09,682.8145751953125,690.4410788963177,681.0011057192286,690.4410788963177,1763400
2025-07-10,695.1267700195312,696.3619157277371,682.7068067450729,682.991062570479,1733500
2025-07-11,691.0390625,692.0683306289811,686.4121722937278,689.7059140694961,1681800
2025-07-14,699.2242431640625,699.3516826248053,688.2746805954782,690.8331623890392,1909300
2025-07-15,688.647216796875,700.5868588520557,686.225926767805,699.2242736850875,1981200
2025-07-16,694.8326416015625,695.7737191619638,677.6583500663052,694.5189490814288,3323200
2025-07-17,691.9114990234375,703.2923814650685,690.382285309038,692.3428187803571,2046100
2025-07-18,694.2837524414062,696.273662873522,684.6085242031114,693.107420350669,1925200
2025-07-21,692.068359375,698.6949725022735,690.4508952260355,695.1464114800391,2006500
2025-07-22,686.5885620117188,692.5486002047516,678.2269183067817,689.774428735632,1978900
2025-07-23,703.3610229492188,704.8216108448972,687.6571303490824,688.1472637278059,2395700
2025-07-24,704.98828125,711.448265890205,700.626081954516,704.7432145461047,1974700
2025-07-25,714.5947875976562,715.4868637846075,704.1745479684266,706.5370241802281,1851400
2025-07-28,709.3699951171875,718.0649556377284,707.9191597700191,713.6341311719812,1464800
2025-07-29,717.53564453125,719.6432419995773,708.1642966898378,712.5068712611394,2136000
2025-07-30,716.329833984375,723.3191397852821,708.9092084765841,716.7121523263069,1816200
2025-07-31,709.3111572265625,719.5548956469156,706.2232934093392,712.2519571169744,2358100
2025-08-01,695.5678100585938,700.4201419146029,680.3540525914104,696.4892630975747,2999100
2025-08-04,711.7030639648438,712.4480164022169,701.0867588058161,701.0867588058161,1753700
2025-08-05,706.68408203125,715.0065970626853,700.4495998110962,713.6341996694886,1977300
2025-08-06,710.4384765625,713.9282236113356,707.7525553850636,710.2032221280867,1477100
2025-08-07,705.537109375,718.4766411262242,703.4491366232222,716.2024153176443,1400400
2025-08-08,707.0369873046875,713.6341631007047,704.4686933173496,711.5363779871594,1275400
2025-08-11,705.0470581054688,709.5563211204782,701.6161244298189,707.9486692673687,1273500
2025-08-12,728.710693359375,733.3767726107974,710.0561885939944,710.9678893124791,2418100
2025-08-13,729.9948120117188,734.1315087714756,718.1629857501376,731.0633290414049,1862600
2025-08-14,732.4552612304688,733.3962789335744,722.4565293198689,728.0636259033031,1371200
2025-08-15,716.3004760742188,734.2687819838953,714.7908868494043,734.2197806135523,1645900
2025-08-18,716.5357666015625,717.1729040563725,709.5856493921442,715.1045556844332,1157800
2025-08-19,707.1448364257812,715.5947310664358,703.5668388381553,714.7712806668087,1856400
2025-08-20,706.4585571289062,707.9975829381718,691.6271180331997,706.9683149291217,1872700
2025-08-21,701.8219604492188,705.0273918944137,698.9007249790994,702.4002843008147,1162000
2025-08-22,727.2500610351562,730.1418597051176,704.400047134848,705.9292607612635,1948600
2025-08-25,724.2112426757812,731.7691207736732,723.7603582674428,727.2501054655789,1381200
2025-08-26,734.170654296875,734.3764719834345,719.3784055362536,723.1524677020927,1511600
2025-08-27,734.87646484375,738.1407694613018,730.3182609307717,731.2494663609954,1534800
2025-08-28,736.3959350585938,738.4643433045972,732.249425987956,736.1704928593244,1411200
2025-08-29,734.4544677734375,738.0712880954991,728.196476576733,735.8933401798311,1467000
2025-09-02,720.2630615234375,725.7228489345496,710.7134260883109,725.7228489345496,2296400
2025-09-03,719.9772338867188,721.4161062377915,711.8368771702192,718.0062055350631,1485600
2025-09-04,738.0515747070312,738.061379321732,720.5783678369725,723.1210111990421,1778200
2025-09-05,727.5164794921875,746.3791760906007,716.6166945427516,741.2939491434615,1822800
2025-09-08,731.1036987304688,732.769220165311,722.9436722820858,728.7089063983016,1400100
2025-09-09,752.85400390625,754.5293901055707,727.8416482634565,729.4086423351365,2611300
2025-09-10,758.4320678710938,763.2511868039619,750.5972176100646,750.8238666376,1996200
2025-09-11,773.362548828125,781.6802911887554,760.1763638510663,760.8169721496809,2075700
2025-09-12,768.76025390625,775.629319600717,765.0153117355115,772.1504253784065,1099400
2025-09-15,775.3632202148438,780.9018056253457,770.1202770564827,771.6084132351118,1292000
2025-09-16,774.1510620117188,778.5661467421891,768.3956321443401,778.0931191356439,1529500
2025-09-17,782.715087890625,787.0021109091882,773.8553245303494,777.4327460202405,1945300
2025-09-18,792.658935546875,795.5859440427938,780.921487717317,784.0455509353465,1501600
2025-09-19,793.3389282226562,797.9313979121331,785.8194500908996,792.4421367702416,3789800
2025-09-22,793.8908081054688,794.3540310530707,785.9869650571767,789.5348522300642,1151000
2025-09-23,794.6398315429688,813.295608473162,790.3824029027276,795.4085013545462,1758800
2025-09-24,780.9510498046875,801.0654293290602,780.8623872067685,797.8230489503444,1402500
2025-09-25,783.247314453125,786.6177563436844,770.682007773663,774.6142000044849,1413100
2025-09-26,790.8850708007812,797.7738059618853,783.6119706360146,785.6125333366115,1376200
2025-09-29,792.4716796875,797.1233380252197,786.4304727837132,796.0983647528167,1059000
2025-09-30,784.814208984375,797.8920016646126,775.0576544965396,793.8316879733414,2463900
2025-10-01,774.1312866210938,784.7452940468534,771.8842853210717,782.123792530161,1788900
2025-10-02,768.090087890625,779.5417584684341,761.250616706113,777.4524731061118,1553700
2025-10-03,778.5364990234375,783.4049416434867,766.5920715695704,771.6576290624948,1470500
2025-10-06,785.2380981445312,790.8752109626423,768.7504033111162,783.4838538508419,1632600
2025-10-07,778.2113037109375,793.6542942163699,770.0709468824275,786.4403231319254,1547200
2025-10-08,765.2616577148438,783.4838060451143,763.1231086966021,780.2808848254331,1939300
2025-10-09,768.6616821289062,771.5689009171675,760.1763590964712,767.5677156449597,1575000
2025-10-10,753.2876586914062,780.1921857218351,752.9328879971803,771.7759156700546,2457900
2025-10-13,775.3829345703125,779.5910395372795,766.6118336387212,766.6118336387212,2766000
2025-10-14,759.594970703125,775.1759485434106,731.7049295409796,753.3763782100943,4710800
2025-10-15,756.805908203125,771.1549924697414,751.6122291495192,767.3410573489115,3217400
2025-10-16,747.1085205078125,770.1202540696751,741.5107466629489,759.4963816353861,3160900
2025-10-17,739.89453125,747.946165596567,729.2903886035565,747.1676310160249,2884700
2025-10-20,752.2626953125,755.3177652272203,741.9739248095863,746.0342384418652,1925400
2025-10-21,747.985595703125,754.2140530602404,747.2859190734017,748.0053252367004,1782200
2025-10-22,733.8138427734375,749.5919346001375,732.3454362525788,749.5919346001375,2141400
2025-10-23,739.9044189453125,744.0632602160189,733.873016384494,738.4852760164757,1615400
2025-10-24,772.52490234375,773.2443084860438,745.0487606954401,748.842966434872,2505600
2025-10-27,778.5463256835938,785.1690121517651,775.6095127198423,777.5706762842809,1645300
2025-10-28,780.6160278320312,786.7951614278965,775.94463964598,780.5765687644163,1242000
2025-10-29,771.716796875,788.8943032720141,767.5382260213556,776.5852397433914,2251500
2025-10-30,778.7139282226562,795.4480014107345,769.2924142183144,772.2095581085314,1829500
2025-10-31,777.9353637695312,780.2512981521454,771.6576429296814,773.6089418588799,1328100
2025-11-03,774.1411743164062,784.4693444268669,770.1202593268081,778.1324950059628,1569100
2025-11-04,779.3742065429688,794.3244400171367,761.8024716293384,765.7445284036169,2046000
2025-11-05,781.6015625,785.8096676574806,764.3451974862247,778.9899255451049,1832700
2025-11-06,776.1713256835938,786.637482150233,765.7445681323768,782.4983102922872,1572500
2025-11-07,774.9492797851562,775.6588211525012,751.7502365028895,771.6576358172671,2098400
2025-11-10,785.6519775390625,794.6792616647641,777.3736337216634,784.5482063835449,1698200
2025-11-11,798.572021484375,800.2375429144618,784.0849504876173,786.9133714737683,1521500
2025-11-12,826.81689453125,827.8320031218527,802.33675326636,802.33675326636,2954100
2025-11-13,793.8316650390625,829.09339096319,793.3586374851283,820.9924331959973,2557400
2025-11-14,779.4530639648438,789.0125644035685,766.7301012195379,784.0258646088754,2552000
2025-11-17,764.325439453125,785.18875955983,759.3387396880798,778.5562678177587,1850600
2025-11-18,765.0546875,776.2895738232481,755.436058956071,760.876116773772,1673500
2025-11-19,774.6043701171875,776.4571418015114,763.773577653083,765.0547342047489,1521100
2025-11-20,762.4923095703125,804.1795460678946,761.0041735802654,783.7301274638397,2599000
2025-11-21,762.8175659179688,769.0656921042965,743.0776881158279,765.5769935783821,2284700
2025-11-24,779.2559814453125,782.4884368535778,764.1283018662043,767.3608174254849,2319500
2025-11-25,790.6978149414062,793.5952292961788,766.7202359519638,785.4548718160553,2252900
2025-11-26,804.189453125,807.7077460421914,793.3389321432022,794.166790538841,1862500
2025-11-28,814.0741577148438,818.5385660756641,807.0868954673417,808.1216733847655,868300
2025-12-01,799.1140747070312,812.7831526175127,797.8821818877664,806.7321408040563,2133200
2025-12-02,807.3839721679688,811.8308583110671,800.5402746011598,803.3332097388572,2254200
2025-12-03,828.5388793945312,829.8659814534967,805.1456378076209,805.1456378076209,2347900
2025-12-04,829.7867431640625,835.887579788815,826.4886946586389,827.5186887656407,1670800
2025-12-05,846.3561401367188,847.9804104882268,828.4893476177687,829.2222338753676,2277500
2025-12-08,858.3696899414062,862.202532710398,848.0794204942646,852.8333279144113,2238100
2025-12-09,868.164794921875,875.236204540594,856.0125683340502,857.6863466479022,2274800
2025-12-10,880.7032470703125,888.5868524806153,860.9249889675638,862.9849773523011,2394300
2025-12-11,902.2840576171875,910.2765316831278,879.4751187098009,881.4360911847975,2683000
2025-12-12,879.435546875,906.2060256488637,878.4748275057357,904.977939402971,2715200
2025-12-15,881.0499267578125,895.7870225450473,881.0499267578125,883.4367640630632,1976600
2025-12-16,870.7100830078125,887.6359831895505,865.9264346378657,881.6836702093026,2161600
2025-12-17,863.95556640625,887.3685742285825,860.1028962664201,877.8211650818964,2213300
2025-12-18,867.887451171875,884.2191364323135,866.302835455157,872.0471429897783,2066300
2025-12-19,884.9024658203125,891.1122924143385,873.4831866325773,874.6914454710769,4808300
2025-12-22,890.3695678710938,896.787340295759,886.2495306174212,887.9133953034745,1442300
2025-12-23,893.0535278320312,897.2230727806882,885.120414852416,891.7065380081661,1210200
2025-12-24,902.0364379882812,903.1258536841647,890.0723904289903,892.5087354632198,771800
2025-12-26,898.3323364257812,904.5520770411326,896.618963879796,902.254341935098,995300
2025-12-29,883.614990234375,897.7776969502469,883.0009471220923,897.7480163863435,1578000
2025-12-30,875.929443359375,886.4277183379118,872.7205574258533,886.150377356392,1833300
2025-12-31,870.5615234375,877.4943228277873,868.3727178682782,875.6125388135954,1221500
