Price,Close,High,Low,Open,Volume
Ticker,HD,HD,HD,HD,HD
Date,,,,,
2021-01-04,230.3768310546875,232.57653950317663,227.8803118095521,232.20119718359794,5002000
2021-01-05,232.236083984375,232.6550874681153,228.9277972118078,229.27695346213426,3822600
2021-01-06,233.56289672851562,235.48326927429108,228.5873339747689,230.49899559623594,3949200
2021-01-07,232.41940307617188,234.61911133439543,232.34084492111887,233.02170890382473,3833200
2021-01-08,234.88973999023438,236.32131537242714,233.0653737816473,233.3708955170096,3757700
2021-01-11,236.7577667236328,238.62576747253158,233.29233670176424,233.47563908690424,3764400
2021-01-12,241.2095489501953,242.61493823282572,236.251460657424,236.652989035783,4030900
2021-01-13,239.2192840576172,244.83207593247516,239.12327742295358,242.93786289944924,3921400
2021-01-14,234.2350616455078,239.9613098884151,233.65023086961304,239.6121536080264,4641400
2021-01-15,240.56365966796875,241.26199899502683,233.9383201412364,234.48825403663167,5131700
2021-01-19,238.46868896484375,242.66735583212036,238.32028353691476,242.66735583212036,3615800
2021-01-20,239.43756103515625,241.97771491946753,236.99344044488245,238.52102247353272,3498400
2021-01-21,243.58383178710938,245.02414458733,240.63343887099566,241.11352537845988,4397900
2021-01-22,247.90476989746094,248.84749462524215,242.55386338357383,243.76721289616185,4501900
2021-01-25,248.84744262695312,249.4497484745675,245.65263765993012,247.77378783339944,4025900
2021-01-26,246.68264770507812,249.344993947074,245.89703952210502,249.14424309878515,2472200
2021-01-27,239.2192840576172,245.12012247537683,238.37256627660085,244.40433494113398,4337000
2021-01-28,242.7109375,246.9968991769569,239.98748138371403,241.0699004178414,3463000
2021-01-29,236.39988708496094,241.84679996777285,235.71028540943882,240.75566987817635,4079500
2021-02-01,235.7451934814453,237.99727411670122,233.28359776834213,236.7577653344718,3707800
2021-02-02,237.56956481933594,240.65091499028725,235.6753513465914,235.68408891137491,4111800
2021-02-03,239.32408142089844,240.6770718523762,236.3038146530291,237.3338615326107,2802700
2021-02-04,243.38316345214844,243.92435981174293,239.3939847334402,239.3939847334402,2976000
2021-02-05,243.41796875,245.94941137095023,242.5014303106304,244.66624157248503,2389900
2021-02-08,244.43936157226562,244.77980699626832,241.69845624197907,244.142577341529,3475600
2021-02-09,241.59364318847656,244.58772431142566,241.4627129093779,244.11634866775304,2507800
2021-02-10,243.2696533203125,243.47914178636876,241.13976511900748,242.69353339973787,2410600
2021-02-11,241.8468017578125,244.6313678981863,240.9302631313349,242.60622404356565,2595300
2021-02-12,242.23956298828125,243.28703165542075,241.4277421385807,241.89911769019517,2392200
2021-02-16,240.38905334472656,243.21725387437124,239.9438637654614,241.8031536095489,2873500
2021-02-17,245.21627807617188,245.9757005252102,240.39782947991654,240.52004886381536,3536400
2021-02-18,247.07545471191406,248.4982924260005,244.26470290096518,245.11142080597224,3532000
2021-02-19,244.0989227294922,247.82621375976356,243.92433124861827,246.91838600927494,4079900
2021-02-22,240.79058837890625,243.09504122688645,238.85274031543946,242.8506291575716,3995500
2021-02-23,233.27484130859375,235.39601813661997,224.84258601872233,235.14286853413924,12111000
2021-02-24,226.9288787841797,233.0566559448891,221.7438263255337,229.7745546601078,14512700
2021-02-25,222.8087921142578,227.74069540722007,222.33742971726247,226.7368609272418,6545400
2021-02-26,225.50601196289062,227.16452420421476,223.55942648913938,225.00845029881873,7871200
2021-03-01,228.369140625,229.119851918575,225.61949834788004,225.91628251173935,4528900
2021-03-02,227.20822143554688,229.66979081467167,226.75429424307583,228.4215443132158,3740300
2021-03-03,224.6505584716797,227.39148979174146,223.47215939425624,226.3265458565268,4257500
2021-03-04,219.0377960205078,224.21411038719708,215.69458539577738,223.46342572807163,7154900
2021-03-05,221.2986602783203,221.89222869743304,215.24942768999028,220.1987925425548,6351800
2021-03-08,226.1083526611328,229.7745606129679,220.42575164692417,221.91841023007834,5037400
2021-03-09,231.28466796875,233.5629615721437,228.51757682862817,229.3381088318054,6625300
2021-03-10,233.85829162597656,236.06301900459783,231.96100051699602,233.57723231067598,3798400
2021-03-11,236.15084838867188,237.84610372593298,234.70153669201937,235.93125489506252,4371300
2021-03-12,239.88400268554688,240.5076408704985,234.3151133975384,234.92119374835536,4190500
2021-03-15,244.6622772216797,245.63725939826057,240.9730960649074,241.11363910768245,4355200
2021-03-16,247.77175903320312,248.1582457890021,243.8805681297984,244.66233396043518,4458900
2021-03-17,245.97113037109375,249.35287646024656,245.2859995555809,246.9461396888546,5908400
2021-03-18,248.7203826904297,250.74942446665804,243.97716849672503,245.09269381600717,4808100
2021-03-19,253.9379119873047,253.9379119873047,248.07914599973262,249.14199776973592,13729200
2021-03-22,253.79742431640625,255.01835042311356,249.6339395008579,251.65418928587346,5564700
2021-03-23,254.71092224121094,257.74129669649477,253.79740570358902,254.3859013186878,4801200
2021-03-24,257.1439514160156,260.6837970532833,253.84125707444218,254.07843517597976,4842000
2021-03-25,261.03521728515625,261.65008989794353,256.8892903230521,257.3899700101059,5373500
2021-03-26,266.8587951660156,267.0256883657119,260.025046713627,261.17571447626153,5865900
2021-03-29,265.44464111328125,268.3871726527513,263.4507149205186,266.4108310962337,4642900
2021-03-30,267.7459411621094,268.50132985644404,263.54731495265816,264.96148407821954,5045400
2021-03-31,268.1236877441406,270.5567742940389,267.1487053827879,268.3432812639966,4744100
2021-04-01,270.31964111328125,271.02232970171445,266.9291298056065,269.555459901751,3923900
2021-04-05,277.03912353515625,277.4344025136872,272.0675240294467,272.15536678088074,4697200
2021-04-06,275.6162414550781,277.51353284776036,275.04530361514344,275.4669060540604,3988600
2021-04-07,274.4655456542969,276.8108162066204,273.1128420861367,274.790539769993,3799300
2021-04-08,276.1871337890625,276.9074069113392,272.81418080421133,274.66756390608447,4035600
2021-04-09,280.4034118652344,280.4824623283219,276.4682857100248,277.0128734374193,4607800
2021-04-12,281.7735900878906,282.2303348969113,278.7168390574867,279.07697559772924,3556800
2021-04-13,281.4310607910156,281.8702478480571,278.4445941643036,281.5452537147825,3635100
2021-04-14,281.09716796875,283.45123007613824,280.4559722638487,280.824874240891,3440600
2021-04-15,283.48638916015625,284.06611916159795,281.12356118091367,281.2641042242187,3508200
2021-04-16,288.1769104003906,288.6951746140621,284.5404562283379,285.3309874130585,6213100
2021-04-19,287.0965881347656,288.83575174662604,285.8580774017387,286.780359510704,4494300
2021-04-20,284.5580749511719,287.8344200981418,282.9770122433905,286.3499656776149,4462900
2021-04-21,286.3059997558594,288.0276051924091,284.496551563131,285.4363913172901,3740100
2021-04-22,282.3621520996094,286.72767278000026,280.0608160719721,286.5256638774205,4875000
2021-04-23,284.4965515136719,285.9370708525378,280.71073512804185,283.0033050764314,3405700
2021-04-26,281.07086181640625,284.5931498101366,280.4823663018373,284.3120637226004,2848500
2021-04-27,281.59796142578125,283.249309092639,281.41351036260926,281.5189109701361,3335800
2021-04-28,280.824951171875,283.67966674443113,280.46481460602,282.79252720985943,2713400
2021-04-29,285.7701721191406,286.16545111129216,282.0282905870356,282.5816704537097,3261900
2021-04-30,284.3033142089844,286.200578392,282.49383917230483,285.5154477687315,3118700
2021-05-03,290.1005554199219,291.286365616058,286.0688221977357,286.5958519300013,3683700
2021-05-04,292.2965087890625,292.700580132672,288.87964783935604,289.0904490232585,3954400
2021-05-05,291.6640625,293.59649593304204,290.8823236151643,293.59649593304204,3227200
2021-05-06,296.52142333984375,296.72345896921365,292.70051865490433,293.08700528144743,3539600
2021-05-07,297.9883728027344,298.4802600872115,294.72082052393847,295.7309452400666,2998100
2021-05-10,299.6309509277344,303.6451267600012,298.24313172663955,299.04245532692244,4840600
2021-05-11,290.4431457519531,296.8904075996946,288.2911187615101,296.4951285832143,5500900
2021-05-12,278.444580078125,288.80938337762086,277.8033573571769,286.80669157105945,5822000
2021-05-13,285.8404846191406,287.5972326544462,279.9290178302322,280.20131163123676,5159800
2021-05-14,284.2682189941406,287.5094216214508,282.7134796555695,286.60469735565573,3998000
2021-05-17,281.0884704589844,283.5654647501597,276.9601019639471,281.9580521353626,4388000
2021-05-18,278.2249755859375,285.08507465481193,276.4945776647555,281.0796911996843,7010300
2021-05-19,276.2047424316406,276.46824393545046,271.4790855537524,274.0527151957444,5242100
2021-05-20,277.4783935546875,280.8249969811893,276.591253875402,276.591253875402,3854700
2021-05-21,277.3642272949219,280.4473294905458,276.2047936572774,278.4446372726174,3920600
2021-05-24,276.54736328125,279.97301771344047,276.3277697047524,278.30411189323036,2930600
2021-05-25,278.2249755859375,278.53241185935684,276.02904049844,277.15335819100477,3523300
2021-05-26,278.7344055175781,282.2918362486588,278.1634677871618,279.15603468146935,2881600
2021-05-27,279.9992980957031,281.4398444653599,278.70808711542776,278.70808711542776,3734800
2021-05-28,280.1222839355469,282.40606192808303,280.0695836346756,281.40470259982993,3194000
2021-06-01,277.8384704589844,282.1864323665118,276.8371380644659,281.659402619259,3549800
2021-06-02,276.5757751464844,279.88694942871047,275.85172523630035,278.56247971582,3380100
2021-06-03,274.9864196777344,276.3108895079283,273.45004329755983,274.6067447935499,2652500
2021-06-04,274.61566162109375,276.77013531571475,273.1499113569555,275.58691821674773,2638700
2021-06-07,273.6885070800781,275.7811656272833,271.8519203095159,274.71276724023545,3974800
2021-06-08,274.5184631347656,275.74581820879285,272.8231567079775,274.84516140730244,2913500
2021-06-09,271.3750915527344,276.35511208314324,270.9865781661175,275.0041536535388,3603700
2021-06-10,272.2315368652344,273.4147267239688,270.3154855296274,271.6487668847099,3286300
2021-06-11,274.40362548828125,274.8186270762859,272.2668294409083,273.0791557750416,2785100
2021-06-14,273.1234436035156,273.7768403326629,270.3861995774716,272.7790683891267,3393500
2021-06-15,270.5892028808594,272.79665264511374,267.97556295856833,272.6200458854101,5270600
2021-06-16,267.3486328125,271.3838571172718,265.9270482153545,270.80108719380405,4492500
2021-06-17,267.64886474609375,269.4942895157255,264.9204600706243,267.58704968554713,4481100
2021-06-18,267.1986389160156,268.2758758924129,263.48129963080316,264.2318382280864,8792700
2021-06-21,271.60455322265625,272.5934861465161,269.1940090109469,269.5295455986282,3774200
2021-06-22,276.1166076660156,278.05917401831766,272.22266348690465,272.9555518160753,4418400
2021-06-23,275.1983337402344,276.95545496802396,274.2800271778212,275.50735512166443,2564500
2021-06-24,275.3484802246094,277.99742022709313,275.1983887144589,276.47869354781267,2649200
2021-06-25,276.9290466308594,278.54488831983986,275.09243297560164,275.7016913861386,11733500
2021-06-28,277.5029296875,278.3770711901987,274.9334548727702,276.95548644555095,2635400
2021-06-29,280.9995422363281,282.8184788525167,278.6331623400221,278.83625743759274,3150100
2021-06-30,281.573486328125,282.8096528562798,280.5138996203298,280.73464460558637,3061500
2021-07-01,283.91339111328125,284.04583272137194,281.2291244215313,282.47412943040473,2578000
2021-07-02,284.9377136230469,285.30855020703774,283.7456849959574,284.7875951366776,2201600
2021-07-06,281.90020751953125,285.9354056988998,279.72805728654873,285.05242568606803,3109500
2021-07-07,285.62640380859375,286.4564072331995,281.00840832457766,281.220314919315,2939900
2021-07-08,281.26446533203125,282.8449801788685,277.96210170765016,281.7324436684622,3663000
2021-07-09,284.3990173339844,285.4762539829309,282.71252234567567,283.0304091492783,2587400
2021-07-12,284.0899658203125,286.0855091676044,283.0215676057616,283.49838433270247,2521800
2021-07-13,279.9488220214844,285.4586360134647,279.754565327113,284.70809756037494,3213800
2021-07-14,281.8648681640625,282.60656810808996,280.79646994132884,281.44986649874124,3381600
2021-07-15,284.94647216796875,285.16721717100006,280.222523713816,280.24020055976183,2603900
2021-07-16,283.91339111328125,288.09870760740966,283.78976098145625,286.0855143251998,3623700
2021-07-19,281.55584716796875,281.67063888709174,278.0592536785039,280.77882040444035,3752600
2021-07-20,287.2775573730469,287.96628071672825,281.02604368755885,281.22913879461805,4251700
2021-07-21,288.1694030761719,290.03250529698033,286.94207461908906,289.2643168399026,2832600
2021-07-22,288.4342041015625,289.5909055616495,287.25982579858737,289.56441724372405,2208100
2021-07-23,293.8910827636719,294.42971461758754,289.5644858173384,290.9154442442763,2786400
2021-07-26,292.4253234863281,292.76086021330553,288.62852008891656,291.44522857517956,2752000
2021-07-27,288.9639892578125,293.043351781728,287.90440267786295,292.96388683019273,2910300
2021-07-28,287.42767333984375,290.79182537553055,286.71246161234586,288.22237698943184,2376200
2021-07-29,289.1141662597656,290.11193807930476,287.35704449222465,288.2841628141179,2172400
2021-07-30,289.7851867675781,291.4804931512926,288.15166849998815,288.60199688929157,2381200
2021-08-02,288.9287109375,291.38339421087454,288.22233773009845,291.38339421087454,2016400
2021-08-03,293.0963439941406,294.0411389343974,289.643889424221,289.92644945341306,2405900
2021-08-04,291.6571350097656,293.0787468870462,290.8448084625302,291.99267173656773,1783700
2021-08-05,294.1295166015625,296.6813422714512,292.34590632790247,293.1140947777144,2284000
2021-08-06,291.2420959472656,296.42518380838294,290.6063493218401,295.52455398336724,2656600
2021-08-09,290.2885437011719,292.3282255582064,289.01705021283686,290.70354542231473,1995300
2021-08-10,292.69024658203125,294.2442731990732,288.86692774612396,290.20907471325864,1868100
2021-08-11,297.5642395019531,298.9328476291106,294.3855063316415,294.73869291802964,3258600
2021-08-12,294.9330139160156,298.5974030200294,293.3966371095735,297.8733528448312,2554200
2021-08-13,292.54888916015625,296.50462162610864,292.24867924596566,294.7916385684752,2217000
2021-08-16,295.8424377441406,296.3545812333046,289.5909512106473,292.0103077838925,3496300
2021-08-17,283.2158203125,285.72348014888405,279.5602703677985,283.4365653010522,9322800
2021-08-18,283.9222106933594,289.4938123861548,281.67062245232074,281.9708324213651,4880600
2021-08-19,285.1142272949219,287.1362589738493,280.6110240527769,281.485192547774,2974700
2021-08-20,290.7122802734375,291.10079356726925,284.7345163262644,284.88463475877495,2929900
2021-08-23,289.3877868652344,291.85130801678093,289.06992707608237,291.3833298073707,2792700
2021-08-24,286.88018798828125,290.3591312394314,286.53583981076474,290.28850469797504,2359500
2021-08-25,285.97955322265625,288.3459330439028,285.29964140902246,286.2179481107039,2586900
2021-08-26,283.8604431152344,286.95968484295173,283.4366029801627,285.38798139337933,2952300
2021-08-27,285.53802490234375,286.12960630501476,282.24450039922505,283.3305753028716,2985400
2021-08-30,288.82275390625,290.941900447389,287.1539088267665,287.77200558503677,2926900
2021-08-31,288.0104064941406,289.8558314385377,285.749979876842,288.73445655263447,4183100
2021-09-01,287.2205810546875,289.1197512984564,284.2386700838335,288.9245069665349,3339100
2021-09-02,290.8591613769531,291.24965001100634,287.2738051310638,288.4541273089437,3109000
2021-09-03,293.1666259765625,293.6636066529203,288.5695411785449,288.7203958034666,2774800
2021-09-07,291.93304443359375,295.13679568738314,290.1137160726454,293.77896870746287,2555200
2021-09-08,294.2670593261719,294.5776789986451,290.76157183229907,291.9330378112996,2219500
2021-09-09,294.4356689453125,296.1751282085877,293.6369520217418,295.0391686302308,3011900
2021-09-10,294.59539794921875,297.50629570528594,294.1516633700414,296.4146988904822,3178600
2021-09-13,297.7015686035156,299.2102500676114,295.30539081239436,297.25783398170887,3908700
2021-09-14,295.6337585449219,299.5119949169614,295.0125463066926,298.2162973676252,2857200
2021-09-15,295.8556213378906,297.00934761995234,292.9536066227754,295.84673797864474,2875500
2021-09-16,298.5358581542969,299.8226725932489,296.56567491262473,297.0537722716379,3043800
2021-09-17,297.8968200683594,301.42893040930903,297.25784111428914,297.25784111428914,7098400
2021-09-20,293.938720703125,297.64836323101986,291.47155695256043,294.48894737590035,4036600
2021-09-21,296.6099853515625,299.0505258839592,294.6398024566185,295.55389473632505,3171100
2021-09-22,298.1275634765625,300.85210080094447,295.93551316320134,298.0565778473531,2872800
2021-09-23,298.10986328125,301.31361496434704,297.8347499211166,299.82267280296253,2426600
2021-09-24,299.511962890625,299.8225825182319,297.7902705262539,298.88186736038915,2004900
2021-09-27,302.9908447265625,305.05863592236767,298.9617272158375,298.9617272158375,2966100
2021-09-28,296.23724365234375,302.955392802024,295.04803803173974,302.955392802024,3304100
2021-09-29,299.0149841308594,300.74555986414384,295.8467126602173,295.8467126602173,2424000
2021-09-30,291.3206481933594,300.5946850812332,290.76153826413906,300.17757347399026,4255000
2021-10-01,292.7406311035156,295.2876909256068,288.05479394982206,291.22306607601564,2814200
2021-10-04,289.7320556640625,293.40616387665625,287.68200408588433,291.5336169625648,2919900
2021-10-05,292.40338134765625,294.80841545736126,289.6078315137157,290.11369549161094,2514300
2021-10-06,293.1843566894531,293.44173038011627,288.7825163685234,291.2319404013107,2226800
2021-10-07,299.503173828125,301.04736187085433,295.4030425737271,295.97103597263475,2789500
2021-10-08,296.7164611816406,297.6660597643952,293.6458252077383,295.52725565513987,2912200
2021-10-11,299.0505676269531,302.50280954219534,296.94726946242656,297.8347388708119,2589100
2021-10-12,299.7870788574219,302.6713536990295,299.43209660129065,300.97631139474714,2960300
2021-10-13,300.2131042480469,301.95253643780677,298.6777726574622,299.3611413302847,2477400
2021-10-14,305.333740234375,305.6177368531015,301.8282534566113,302.20985867860793,2824300
2021-10-15,310.9781494140625,311.4573904637259,306.8425388437007,307.54364723887653,3473500
2021-10-18,315.0604248046875,315.89464795434577,309.7267266616739,309.7267266616739,3487500
2021-10-19,317.705078125,317.79383045829735,314.5368337852193,316.7732463339015,2375600
2021-10-20,317.91815185546875,319.1073575226945,316.12544645281764,317.4832734615485,2574800
2021-10-21,323.58905029296875,323.7931779810264,317.82049987041637,317.89151258079016,2885400
2021-10-22,324.8049011230469,325.7278768371754,321.39702204405154,323.92631512679316,2734700
2021-10-25,329.48187255859375,329.83685487438066,324.80489184991796,325.8787492406978,2923400
2021-10-26,327.65362548828125,331.95782925783845,327.5471064387628,331.3721234442392,2989500
2021-10-27,330.4225769042969,332.93410311137035,327.7512856395252,328.2482662817971,2840300
2021-10-28,329.7569580078125,331.8602558115429,329.1534854136492,331.0260325440886,2553500
2021-10-29,329.9078369140625,332.9341105504454,328.3902719576243,328.6565019207137,3820200
2021-11-01,325.2397155761719,331.53186882667393,323.6600215155153,331.02600489290495,3380500
2021-11-02,325.9585876464844,327.37854385981524,323.8730294972246,324.99124941627707,2367100
2021-11-03,327.4495849609375,327.7956839428839,324.1481977160574,325.3729098190089,2378800
2021-11-04,330.2983093261719,331.2301683179508,327.840029176586,329.0558577538796,3210000
2021-11-05,326.9437255859375,332.2774254125814,326.207137891533,331.74493834931394,3090200
2021-11-08,327.11236572265625,330.946240298213,326.45564698752224,328.5589452789486,2357200
2021-11-09,328.9404296875,331.8069647454632,327.2187373977945,328.0707272680093,2183300
2021-11-10,327.1033935546875,329.43744193922913,326.3401830246761,326.8105406284627,2161400
2021-11-11,326.2603759765625,330.13861287510895,324.66291482550406,329.2511434856597,2387300
2021-11-12,330.69769287109375,331.4697868364026,325.43500636993537,327.582666930517,2793300
2021-11-15,329.3221130371094,332.6856294422155,327.7335624076346,332.25966148946924,3650600
2021-11-16,348.1808166503906,350.0001449555009,336.35086286271275,339.0132707481696,8648200
2021-11-17,350.4172058105469,354.4818026764322,346.8318227945185,348.62450076082786,4647000
2021-11-18,360.1794128417969,360.791768811903,351.5177039990073,353.2127735744622,4503700
2021-11-19,362.6998596191406,363.95119468301425,358.63523473079937,361.7591442519872,3542000
2021-11-22,362.7885437011719,369.6841696703041,362.70867472277394,363.6848691810229,4006400
2021-11-23,362.415771484375,363.5783539010977,357.65894985311377,360.01962103581906,3557000
2021-11-24,365.73492431640625,366.30291761268126,357.54360081498606,358.2358257176893,2676300
2021-11-26,357.3839416503906,367.53659385070375,356.9845695831831,361.4307999866366,3007800
2021-11-29,361.04022216796875,364.58121556733886,360.3479972835037,361.1112077864273,3725500
2021-11-30,355.52899169921875,362.4690067281006,355.209515815573,358.17365943083325,7773500
2021-12-01,356.8302307128906,365.5901234726445,356.6519918647137,358.30949893195327,3516200
2021-12-02,363.3800048828125,365.99106472290777,357.3469992494279,358.0688201894848,3705000
2021-12-03,363.4156494140625,370.65169884006445,360.4214333186506,365.2335818693758,5237500
2021-12-06,370.44677734375,374.8222492581701,366.4544617709438,368.50407216501543,4624500
2021-12-07,370.8744201660156,372.9953364677107,368.05841616166094,371.6051610623913,4204500
2021-12-08,366.4812316894531,374.1450391772421,363.834545475514,370.8745442439584,4079400
2021-12-09,366.5614013671875,370.045760861751,363.8434361571497,366.0801783139004,3822900
2021-12-10,370.17938232421875,370.3665140244507,365.5989389475346,367.31883183898464,2625200
2021-12-13,361.12542724609375,371.15966852384804,360.47491269913064,370.1794094584097,3766400
2021-12-14,358.4163818359375,361.51753044512026,354.74486359559523,359.53030641002306,4662800
2021-12-15,363.4156494140625,363.5225818181239,355.9122689779071,357.0083533149596,4421400
2021-12-16,356.0369873046875,364.36022753130277,354.7804772616874,363.9413908503027,4632800
2021-12-17,345.7443542480469,354.6557503111866,345.24531824414487,353.75569060627424,11097500
2021-12-20,347.00982666015625,347.6960216993247,339.4351384915801,342.4561154149706,4294800
2021-12-21,347.96331787109375,350.8951750830085,341.52036808447184,348.99704318097247,3038200
2021-12-22,352.57049560546875,352.6863209129959,346.52854281779906,348.435594676224,3267800
2021-12-23,353.84478759765625,356.31323436047165,351.6614848222825,354.93197893632635,2743900
2021-12-27,360.1006164550781,360.4214408694067,354.86071098290915,355.6003721188682,2228300
2021-12-28,361.9987487792969,362.7116496192928,359.1292780258638,360.90263722226484,2521400
2021-12-29,366.11578369140625,367.47922616809365,362.07892246078893,362.14130875861525,2209300
2021-12-30,365.3138427734375,368.4328319964758,363.9414799005809,367.01592301288974,1804400
2021-12-31,369.8318786621094,371.1864011537223,365.26924795833514,365.3583401679146,2386100
2022-01-03,364.15533447265625,372.3538032695688,359.36099860897286,371.2220656582922,3715700
2022-01-04,367.8980712890625,368.58423899460576,363.7542775646232,364.15530126506866,3266500
2022-01-05,362.90771484375,369.1278796050122,362.5245313079742,368.9318277874531,4443200
2022-01-06,361.58880615234375,364.5384759984935,359.147065200337,364.0839861083121,3315100
2022-01-07,350.7614440917969,360.10059686857176,350.1109295903702,359.4500551717227,4520700
2022-01-10,345.28094482421875,345.39679732450065,339.44399127128514,345.22747862338446,6440000
2022-01-11,344.57696533203125,349.1841418912062,342.48278180721417,345.82455534827676,4385400
2022-01-12,347.00982666015625,350.6189591047935,344.3185943012045,346.02067455312414,3623300
2022-01-13,344.8532409667969,351.3852828137289,343.85514168737836,349.78124227808513,3466300
2022-01-14,331.50396728515625,340.4242843546935,331.05839743665473,339.8182886922081,6336200
2022-01-18,326.79876708984375,328.0196241844273,320.83704004359015,326.24626480138346,6435200
2022-01-19,320.5340270996094,328.56320415424005,320.28450908214484,327.20865446335455,5175100
2022-01-20,311.5245666503906,322.45886685088084,311.02553065443226,321.9954568579037,5440600
2022-01-21,311.0968322753906,320.89044754000264,309.3858323187843,313.43161361965775,7718400
2022-01-24,324.20550537109375,324.7134614851469,306.20447403597194,306.35597973847706,8584300
2022-01-25,319.9013366699219,322.16481190863215,313.85049054188096,319.15278259151864,5536700
2022-01-26,318.38641357421875,326.0680339833253,315.8645000098285,320.81031481844184,6103300
2022-01-27,317.62890625,324.4817724922231,315.3832440705473,321.19346493223105,3941000
2022-01-28,326.6383361816406,326.7987347923556,314.429712051529,320.9617809405821,4551300
2022-01-31,327.0304870605469,327.4136706399883,322.77973289439933,325.09670176719385,4084600
2022-02-01,328.563232421875,330.33659179873086,322.9223026484392,329.24940023008025,3406800
2022-02-02,333.045654296875,333.88332780164006,327.72554912936425,328.27805139943786,3839300
2022-02-03,325.09661865234375,331.61084661911985,323.6618970236178,329.89095380609604,4009700
2022-02-04,320.5162048339844,324.9719030138159,315.68621604106073,323.92925767374896,3728100
2022-02-07,318.4488220214844,322.41437792695433,316.7467416916487,321.04204217665205,2809300
2022-02-08,322.093505859375,323.46586848646876,316.1763257392261,318.4487480834651,3225100
2022-02-09,324.7044982910156,327.4581161082378,323.4836415159004,325.54217160445893,2777500
2022-02-10,316.4347839355469,323.4837020283202,314.4564527692096,319.7765577168312,4291800
2022-02-11,312.1573486328125,318.4398729517001,310.6156670848829,316.078358068487,3308700
2022-02-14,313.2890625,314.4921065023803,309.0739620397309,310.11660742724035,3654300
2022-02-15,314.80401611328125,318.51116049327163,313.1286691420387,316.85362652550555,3552500
2022-02-16,311.9790954589844,314.4475426467258,308.08481930690465,313.2356057040648,3594900
2022-02-17,310.0631103515625,313.95738599894077,309.57299445644634,310.998796040574,3927000
2022-02-18,309.1095275878906,312.4334874290755,306.64108117426963,310.46407691715825,5526100
2022-02-22,281.7516174316406,300.0377921121595,278.3474576552887,298.61196332251984,19752800
2022-02-23,274.87200927734375,285.5211107453727,273.6689654273699,284.5586919826464,11026000
2022-02-24,279.140625,279.3188638399277,266.7092409847633,267.34194263427776,8416700
2022-02-25,282.17938232421875,282.88339030632466,274.0878457637863,279.0871264581334,6510600
2022-02-28,281.4485778808594,281.67136275709566,276.68100328573814,278.89993195051744,5735100
2022-03-01,285.3875427246094,287.33022110992977,279.6040536838756,280.34368780831994,5640900
2022-03-02,291.7323913574219,295.1365514463704,284.87952507389826,286.1093021779474,5645600
2022-03-03,289.050048828125,294.682058040604,287.68660622781965,293.35426864163503,3858400
2022-03-04,288.9609375,291.09966711646945,284.7280243692162,287.13408498946086,3630900
2022-03-07,287.6331481933594,293.719647510627,285.26271335251056,288.9609648254675,4670000
2022-03-08,282.2595520019531,292.7304424429386,281.5555712891785,284.9418909366047,5092500
2022-03-09,284.3753356933594,289.0909987035712,284.1243119109129,286.88557351782424,4443600
2022-03-10,285.0388488769531,285.32574111645454,276.7998487607045,281.8293000865742,3895200
2022-03-11,284.0078430175781,288.49043140983963,283.5057953064087,286.2401632818689,2973300
2022-03-14,285.415283203125,290.47165477060054,283.4877761510926,289.4944540299802,3604200
2022-03-15,294.54193115234375,296.01220594506043,287.1815011781091,287.1994490421189,3775300
2022-03-16,296.6666259765625,299.3920469912828,290.67789530435317,297.267277414169,3942400
2022-03-17,301.5526123046875,301.5526123046875,293.91429307597593,295.0797822383672,3123200
2022-03-18,305.47943115234375,305.47943115234375,297.9217935370913,299.1052034627707,9409600
2022-03-21,295.2859802246094,305.4345654279835,293.2329473802867,303.05879939916167,4521200
2022-03-22,295.6087341308594,297.01624585549,290.4806527802385,295.24115866151516,4852800
2022-03-23,284.2408447265625,294.22806218706535,283.1650402092973,293.0715470234297,5207700
2022-03-24,283.1022644042969,286.34765302539364,281.7754087985193,284.33048886879084,4599900
2022-03-25,278.5299987792969,285.8097151543335,276.3962831467094,285.5228504006832,5176500
2022-03-28,281.7575378417969,281.8203006373276,277.2301351047324,278.8169613375066,3936600
2022-03-29,284.83258056640625,287.78213093982635,280.5382812397274,284.115377476729,5306100
2022-03-30,276.5397644042969,282.6181516085617,274.4239963591767,280.70856506641604,7223800
2022-03-31,268.35455322265625,276.09150310581595,267.96011071991387,274.52259758613366,11044600
2022-04-01,270.6496276855469,271.976455813054,267.96902228615807,269.40345547440177,5554600
2022-04-04,273.9577941894531,274.76468179344516,268.56974284359075,270.29104105047924,4659500
2022-04-05,273.31231689453125,277.11356976824254,270.9365509481763,274.56746330502216,4376100
2022-04-06,267.6463623046875,269.5469751705626,264.4637085238294,267.24291845543036,6499900
2022-04-07,271.420654296875,273.07024309929983,263.2085512833936,266.0774180282009,5241000
2022-04-08,278.9154968261719,279.97340808180167,270.102743402331,270.264109957422,5741900
2022-04-11,274.97979736328125,281.6588624353022,274.2715410098211,275.9569979727199,4100600
2022-04-12,274.5943603515625,280.8699830256173,273.5275023082097,277.41838508297843,4122600
2022-04-13,278.2970275878906,279.4445691128747,274.08338358858674,274.4330112534598,3185300
2022-04-14,273.0075378417969,279.9376289458417,272.83719730395484,278.66456187768733,4569200
2022-04-18,269.14349365234375,274.5943350220633,267.80769141856774,271.64478497666175,3192400
2022-04-19,275.9480895996094,276.24395571101047,268.7849231651184,269.50212625780085,3389700
2022-04-20,282.52850341796875,283.3891524517001,277.6962615532763,278.81690829077945,4720800
2022-04-21,278.2431945800781,285.4512038840357,277.6873580348647,284.19608469169145,3014200
2022-04-22,269.0538635253906,277.7590684641706,268.75802477788756,277.7590684641706,4043200
2022-04-25,273.3840026855469,273.5812375967753,265.61118522888376,268.9552047912217,4396900
2022-04-26,268.91937255859375,275.73291080042617,268.70421712091274,270.97240522493996,3415200
2022-04-27,270.3896789550781,274.71089979918287,268.1663057427839,270.12070729384556,3446200
2022-04-28,279.4983215332031,281.9906392402175,271.65379293168655,273.21372472139103,4149500
2022-04-29,269.3138732910156,279.4624587774007,268.6952739772639,276.2618844774759,4878200
2022-05-02,275.2039794921875,276.8356479169135,268.8745680982278,270.73931246966976,4233900
2022-05-03,273.40203857421875,277.0239778547411,271.66279199374543,274.05650636486695,3336600
2022-05-04,282.6809387207031,283.0754086206086,271.5820473796825,272.6130370618947,4021300
2022-05-05,268.1573486328125,279.13968851321124,263.3161593819333,278.8169553309399,4959600
2022-05-06,263.85400390625,266.04150830313307,259.4610746159489,265.6380645750339,4325300
2022-05-09,266.2926025390625,269.61867493589307,258.6453090537948,260.24110917298583,5243600
2022-05-10,261.030029296875,269.91452068895006,257.8922181585042,267.57459587023175,4392900
2022-05-11,253.67857360839844,262.9754553199312,253.32894602487477,261.29002547191425,3880500
2022-05-12,259.71209716796875,262.840933769945,251.5896526705789,252.4323811159625,4447700
2022-05-13,265.3960876464844,268.43529525540765,258.6004966962848,259.9452730132503,3949100
2022-05-16,265.36029052734375,268.56983952020516,259.8018966739748,263.64793827420067,4267900
2022-05-17,269.8069152832031,278.7631151154591,260.7968992376048,274.7825757767811,12425900
2022-05-18,255.6688232421875,264.8671004376461,252.08275367477776,262.679595812763,7799500
2022-05-19,257.98187255859375,262.23135655593404,255.47160725959833,255.95573434775784,5211500
2022-05-20,257.4708557128906,260.43832636498126,250.65731743418752,259.8287010485581,5621800
2022-05-23,256.430908203125,260.2948965715487,251.3118007636722,259.17424965821135,4305600
2022-05-24,258.12530517578125,259.3804240800632,251.60760608360334,254.61094488425167,4241900
2022-05-25,263.1905822753906,264.91188011738967,256.09912736619805,256.23359948517674,4612900
2022-05-26,271.4744567871094,274.00264265498123,266.26569240062815,266.552584561424,4170800
2022-05-27,276.5397644042969,276.57563276289557,270.389667842376,272.1289138806045,3899300
2022-05-31,271.420654296875,276.0108192009339,269.6993287780824,274.8722519043504,5966600
2022-06-01,268.11865234375,273.34227788757806,267.9743003604989,272.22355690046305,3080800
2022-06-02,275.9496154785156,276.0939674899554,266.94588246514985,269.58023096001523,4086400
2022-06-03,275.23687744140625,278.286248198677,272.36795357588994,273.65806350171056,2956600
2022-06-06,274.16326904296875,277.5193494653304,273.58586109998646,275.66989299184706,2562000
2022-06-07,272.2506408691406,272.80098456586376,263.97767200232596,266.1970253991519,3547800
2022-06-08,268.4254455566406,271.17708181392186,266.756408099389,270.45534928056884,3003100
2022-06-09,270.5275573730469,276.86087568583736,268.2631053347562,268.63300226880165,4168400
2022-06-10,260.9464111328125,267.4962436493808,260.4051254143652,262.98534578008264,4623900
2022-06-13,255.46116638183594,258.763146860689,253.76506441137573,256.54376532963914,4704600
2022-06-14,251.41033935546875,258.3661346500766,249.53379083131833,255.50621390788754,3987000
2022-06-15,252.36668395996094,255.84908364912215,248.52339044133888,253.5124420247315,4050400
2022-06-16,246.71002197265625,249.10079237000141,243.34490973628706,248.02722399200084,6181000
2022-06-17,244.24703979492188,249.56086216415346,243.9403021016445,244.4906183222017,10775600
2022-06-21,242.86672973632812,247.12501803069136,241.26085134531965,246.9175068363383,5498400
2022-06-22,242.6682586669922,245.18531971971512,238.63551508694044,240.33161699995858,4678400
2022-06-23,248.47830200195312,248.63165710625114,243.48925022735105,243.58847676162216,3747500
2022-06-24,255.3168182373047,255.73181313033257,247.12503985826473,250.32776631791862,10310700
2022-06-27,255.03712463378906,257.1211570727393,253.95449822265473,256.63397243449555,2538600
2022-06-28,243.7237548828125,257.66243736720236,243.42604780055987,256.02046428189925,4052100
2022-06-29,247.07980346679688,249.14580146330786,242.51477909534336,245.0138054702859,2460500
2022-06-30,247.44078063964844,249.93983566810584,241.8202195418011,244.24708478658346,4058000
2022-07-01,251.78024291992188,253.28689480019068,247.69337088338847,248.75796361869817,2818300
2022-07-05,255.9753875732422,255.9753875732422,248.12641527438277,248.55044072100773,3241300
2022-07-06,255.8400421142578,257.95116630354914,253.07937513728604,257.1121184714636,2206100
2022-07-07,258.64581298828125,258.8984221176204,253.9184017682211,255.1724168106201,3133900
2022-07-08,258.4472961425781,259.8185987190293,256.13771941785706,258.0142401820705,1891000
2022-07-11,258.37518310546875,261.2621407948335,257.2474588051704,257.28352615950126,2453200
2022-07-12,257.22943115234375,264.91601860661723,255.68671181733419,260.70282795684824,2696100
2022-07-13,259.0878601074219,261.44256253665935,252.39370472314903,254.08077570887195,2941600
2022-07-14,261.1628723144531,261.8936353410582,254.09879301416794,254.27923988615834,2822200
2022-07-15,263.8062744140625,266.5489074238055,262.4891002352831,265.9714994081419,2647200
2022-07-18,264.3836975097656,269.29155630461815,263.4364200260303,268.172862509375,2664000
2022-07-19,270.50048828125,270.66290152837837,264.6182873981787,266.539934286901,2614900
2022-07-20,272.7288818359375,273.9829246943962,269.10212975865215,271.49290019015876,2533400
2022-07-21,275.16473388671875,275.3902787505603,269.6343694201503,273.22505356414763,1965000
2022-07-22,276.5992736816406,280.2801823125136,274.5874030189049,277.56461257804335,2391500
2022-07-25,276.2022399902344,277.3570286137027,274.1091770063441,276.7886511408734,1910500
2022-07-26,269.0118713378906,271.2312526869141,266.96393382536843,267.94730615687905,2690200
2022-07-27,269.67047119140625,270.93351695469494,263.24695771039575,269.03893454359553,3233700
2022-07-28,270.32000732421875,271.7725028851906,264.4919363400258,266.1429124624323,3992100
2022-07-29,271.5018615722656,271.95295125687,268.33520317599755,270.65381076262304,3236000
2022-08-01,275.9045715332031,278.2773082833966,270.66291026637396,271.2312878188339,3303900
2022-08-02,271.2943115234375,275.7149842925176,270.66280257489774,275.5255343611882,3091000
2022-08-03,276.4006652832031,277.9343810925247,270.96052525376894,273.67609373301724,3329400
2022-08-04,277.1225280761719,279.6486200182568,274.65956778338614,274.7497912525329,2718400
2022-08-05,279.3959655761719,279.4771584255537,274.713651868826,275.50757421700274,2029100
2022-08-08,281.45294189453125,284.9082772920463,280.0726083501418,281.35368783194974,2505100
2022-08-09,275.35418701171875,279.63953947370777,273.6400515333896,278.6742283700007,2607000
2022-08-10,281.1010437011719,282.3641168796824,278.8185309337542,279.22452267432254,3863400
2022-08-11,280.2981262207031,283.84368473377543,279.2966927476256,283.13998588742265,2444100
2022-08-12,284.0873107910156,284.123378147078,279.83802560020894,282.0303151374789,2273800
2022-08-15,283.834716796875,284.8722453848827,279.8110034040722,281.51613609997736,3917300
2022-08-16,295.35552978515625,300.40774050308335,282.27392700548205,282.36415046215336,10089800
2022-08-17,293.89404296875,297.268185950373,292.3693572024115,295.99610937732706,3162600
2022-08-18,293.3977966308594,295.8607566542674,290.7002886521275,293.17225174882935,2899600
2022-08-19,289.8883056640625,294.39920288577764,288.4899110059318,293.18125512944823,3489100
2022-08-22,281.66943359375,288.46284363562995,281.2183438764078,286.974253074867,3144200
2022-08-23,276.87890625,281.04697148417097,275.7421787067124,280.7672980183169,3317500
2022-08-24,277.9705505371094,279.6576495599508,273.85661365718687,275.20988309222287,2495600
2022-08-25,279.4771423339844,279.6395280233982,275.91352257752635,278.4486721020322,2529700
2022-08-26,268.9397277832031,281.03795878158525,268.8675380015192,279.9463017092105,3315500
2022-08-29,267.3338623046875,270.3922367932608,265.50243884110256,267.55940720184003,2711800
2022-08-30,264.42877197265625,270.5635805160881,263.1386621148858,269.3546634956254,2892400
2022-08-31,261.90435791015625,265.58201342322354,261.7772153926824,265.16431090232487,4376200
2022-09-01,266.39935302734375,266.5900391530729,260.3607188754375,261.88626330522834,3742500
2022-09-02,265.064453125,269.51397086958775,263.44809679453425,268.8874031285445,2753600
2022-09-06,262.9214172363281,267.42541649157056,260.851028023582,266.26309320918625,4110000
2022-09-07,270.1224060058594,270.3312711713543,263.6115603063061,263.7387028536446,3016000
2022-09-08,272.3289489746094,272.59229583636187,267.4617292112967,268.78749762265113,2703200
2022-09-09,272.2109069824219,274.6808473580981,270.9032898593008,271.9475878219951,2769200
2022-09-12,270.1859436035156,274.98959240338434,269.10534293372945,273.14621968056775,3632900
2022-09-13,252.37881469726562,267.04407726112845,251.8249076556833,265.16440141944906,4797200
2022-09-14,250.93492126464844,253.8407431574571,248.0563679516575,253.71360063285996,4194400
2022-09-15,246.5762481689453,252.45143626810733,245.66818217347654,252.34247278256706,3896100
2022-09-16,250.59896850585938,251.13472410626386,244.1789354046486,244.31513975865408,9535100
2022-09-19,254.639892578125,255.37542385774964,248.36515288060542,248.42869644266477,3047200
2022-09-20,248.9644775390625,253.15064866757288,246.42187600846566,251.42532873979633,2940700
2022-09-21,246.60348510742188,254.37652768770974,246.54900336552063,250.6262107523189,3173500
2022-09-22,244.3968963623047,246.28566144764886,243.22548346381174,246.28566144764886,3515800
2022-09-23,246.03140258789062,246.35829304392496,241.83614213026712,243.26181239146945,3527900
2022-09-26,242.07220458984375,248.41051478802413,241.19137952503047,246.47632991391026,4181800
2022-09-27,243.98822021484375,248.52854955344745,242.43543534039318,244.59660882751285,3701000
2022-09-28,256.24713134765625,257.43669551916435,247.63865620901183,249.91791059978198,5816600
2022-09-29,252.74195861816406,253.13244799905823,249.47294369177138,252.90543153406037,4518600
2022-09-30,250.57171630859375,255.88390757047839,249.50020515621975,252.2788847002259,4789100
2022-10-03,257.61834716796875,259.76136972507203,253.84985092455898,255.16655777008484,3580000
2022-10-04,262.9395446777344,264.52865991141897,260.2153471342751,261.0689312481833,3641300
2022-10-05,263.202880859375,265.2550907480852,259.1347360498072,259.9338383973981,2728000
2022-10-06,263.69329833984375,266.0360964203386,261.3141421481176,262.93958804314394,2641500
2022-10-07,258.1813049316406,262.0950667678276,256.4559852533912,261.0961887292709,2406000
2022-10-10,256.4922790527344,258.6716316082974,254.45822036247174,257.4911570566924,2115400
2022-10-11,256.8827819824219,259.88847796735536,255.07571195345756,255.25733622265093,2771900
2022-10-12,254.73060607910156,258.4718604214227,254.7033652138114,258.2720848386384,2258200
2022-10-13,256.8282775878906,258.64440946768525,244.02457000491702,249.40939437763456,3881600
2022-10-14,251.01666259765625,260.2880358513931,250.58080867959393,260.2880358513931,2783100
2022-10-17,255.40257263183594,257.7726108533234,253.6590742605614,253.8951802149961,3426700
2022-10-18,258.8532409667969,263.21194582701014,257.19149270603185,261.47756449376175,3166500
2022-10-19,250.16310119628906,256.7738207719249,247.92017699855677,256.50141204830396,4323000
2022-10-20,244.68739318847656,252.4422825781046,243.2435719480883,249.66360355517355,3959500
2022-10-21,250.1993865966797,250.3628318014555,243.36165174384817,243.67039081241504,3429100
2022-10-24,257.2187805175781,258.31753260323046,251.507037696173,251.507037696173,2937100
2022-10-25,263.5752258300781,265.27330468603844,259.26191266060704,259.26191266060704,2791600
2022-10-26,263.4753112792969,265.03718571168855,259.86122678869526,263.88395201278365,2615000
2022-10-27,264.3016662597656,267.2165501234816,262.8396934203475,265.01904610080777,3041500
2022-10-28,271.19384765625,271.6569700855444,263.3390839698869,263.3390839698869,3243100
2022-10-31,268.9056091308594,271.76601170245226,265.6547170889527,267.34373438553587,4210900
2022-11-01,268.8419494628906,274.42654840212595,266.38109898724747,272.7557107119203,3309100
2022-11-02,262.1859130859375,272.5741906174598,261.99519926827486,268.0611013696989,4426400
2022-11-03,255.62063598632812,259.6615416719702,254.7216593137484,257.5003396762505,4823900
2022-11-04,257.91796875,262.2857637200269,251.98829924912124,259.60698581465266,4401600
2022-11-07,263.5843200683594,264.8828755696856,256.83739602632056,260.160921065898,3260200
2022-11-08,264.37432861328125,266.37205703550796,261.1870083257086,265.5457137123605,3371800
2022-11-09,260.38787841796875,265.60925697386523,259.9429350262532,262.4310265485369,3071400
2022-11-10,283.044189453125,285.80469020066204,269.76824096574535,270.3675678642434,7794000
2022-11-11,285.986328125,288.4744202700207,281.7184065437089,283.3166116825715,4945400
2022-11-14,278.7036437988281,286.9307199812782,278.17694997199135,285.4596297046482,6394800
2022-11-15,283.2530212402344,287.52094253272554,275.3710149968859,276.1065462412551,9290400
2022-11-16,285.958984375,287.3210829795992,276.51510625883867,277.7409728334043,5249500
2022-11-17,282.8080139160156,284.8420724326124,278.0043380925492,283.31652854516483,3642100
2022-11-18,284.3880615234375,286.9488139187756,281.73652471099314,285.259824708215,3559300
2022-11-21,287.6571044921875,289.5277179628912,285.31430674653905,287.82054969751783,4069000
2022-11-22,295.012451171875,296.77410121779,290.018088770192,290.58108518882983,6054700
2022-11-23,291.9522705078125,297.6821640046686,290.9806333634717,296.71961638697616,4243400
2022-11-25,296.3745422363281,298.8263034511288,292.30639717406103,293.2054012269286,3393500
2022-11-28,289.6004333496094,298.57210253682155,288.6287960370102,295.17594441881204,4733700
2022-11-29,286.91253662109375,290.5811311613592,286.60379749467194,286.94886702184226,3505600
2022-11-30,295.984130859375,296.16685390960436,284.5737817270167,285.88016510932493,15106500
2022-12-01,298.7979431152344,301.17320363567524,296.3952769221572,298.10362890228015,3830100
2022-12-02,299.63836669921875,300.0860298052149,292.6404976953984,293.3256673094583,3644100
2022-12-05,292.412109375,297.3818752323777,291.9188073235889,297.04386268172163,5057300
2022-12-06,290.009521484375,293.8464552791895,287.35105956245286,292.0102193443821,3341500
2022-12-07,292.4761047363281,294.9701325182771,287.2596871486428,288.6482877247356,4038200
2022-12-08,296.07550048828125,296.4683243894408,291.01437295833125,291.01437295833125,3483600
2022-12-09,292.7774963378906,296.39518338229936,292.27502199196715,293.6910556436234,3738800
2022-12-12,299.6292419433594,299.9581099669777,293.51752692118583,295.07970579261723,4900200
2022-12-13,304.1148986816406,317.2336024519304,301.4381476005835,314.5842849260259,5787700
2022-12-14,304.6081237792969,309.7514679951526,300.57020658236246,301.9588069236339,4546000
2022-12-15,299.2821350097656,301.4929336622231,295.41776780733335,300.9630813533382,5056900
2022-12-16,295.3903503417969,299.59272997277805,291.64475049940876,295.47256735818854,9615000
2022-12-19,289.89984130859375,294.08395968290307,288.70308052196543,291.88227780989314,3000600
2022-12-20,287.62506103515625,289.49787468193773,283.961678628203,286.23646067333647,2632200
2022-12-21,291.7543029785156,291.96443166736714,287.53366320833476,290.5575424507672,2610400
2022-12-22,288.79443359375,289.05022914646094,283.8703622341582,289.05022914646094,3064400
2022-12-23,291.1788330078125,291.51684556617766,285.99893831287227,286.99471483441044,2064900
2022-12-27,291.9279479980469,293.75506712901165,290.0643065577931,290.88650459080213,1610200
2022-12-28,288.4382019042969,293.645475246027,288.22807314552773,292.8415382833275,1568200
2022-12-29,292.7135925292969,294.0108313614538,290.13734813805905,291.10571894390773,1559100
2022-12-30,288.556884765625,290.6672328194925,285.96237918083125,290.04599118286745,2581600
2023-01-03,288.6025695800781,291.62644913324255,284.8295645858051,289.9820532728975,2822400
2023-01-04,292.0924072265625,294.63210168010085,289.0319771343701,293.3165736875144,3560900
2023-01-05,288.2005920410156,290.5849687507759,286.15422785673513,290.3565788952224,2935100
2023-01-06,290.0825500488281,291.2884552929454,282.2898885449565,288.94974517808845,4022500
2023-01-09,290.33831787109375,294.66858061281295,289.65314830413206,292.3390152369916,3466300
2023-01-10,292.91461181640625,293.00597335008825,286.82115716699155,288.9588832329459,2111300
2023-01-11,300.5610656738281,300.5976158589277,294.275772058572,294.6685959396199,2864800
2023-01-12,301.35589599609375,303.49362208052315,298.4690443604741,303.49362208052315,2481800
2023-01-13,302.580078125,303.65809968004845,297.8204402451689,298.26807554368855,2798600
2023-01-17,299.2181091308594,306.188571812761,298.82528528001546,301.77606429870383,3988900
2023-01-18,295.7100830078125,305.603920333968,295.01576885172295,301.47464134374263,2952200
2023-01-19,284.00738525390625,293.5632099331254,283.7789953761454,292.649650422082,5359300
2023-01-20,287.77130126953125,287.9905466728267,280.81912543695597,283.21264735502854,3725100
2023-01-23,288.2098083496094,290.0825944798095,284.1992681048489,286.4375003986638,3237900
2023-01-24,290.228759765625,290.60332255777746,285.60615028921063,287.8809048360883,2127900
2023-01-25,289.8359069824219,290.62155480026644,284.61946196447906,288.0727158914373,2060400
2023-01-26,286.68414306640625,291.6630541636618,285.5147878641385,286.99474999267443,3555300
2023-01-27,289.3151550292969,290.7311610767225,284.41846170085233,285.0488199747703,2761200
2023-01-30,287.07696533203125,290.6398701446073,286.574518694169,288.5295217785556,2643100
2023-01-31,296.1485900878906,296.3130241038415,287.8625988799067,288.6756523229679,3526800
2023-02-01,299.7297058105469,301.9770541703173,290.18302662963197,294.52243386085354,3076500
2023-02-02,310.4184265136719,311.95319996155433,303.9321477312885,304.626461953742,4776600
2023-02-03,302.844970703125,305.7774888574852,301.7760938336092,303.7859358619196,3389700
2023-02-06,300.8077087402344,302.3973211343774,299.15416837338546,300.55191321054565,2229700
2023-02-07,297.08953857421875,298.73393440072283,292.9967822803219,295.99325610346847,3865500
2023-02-08,293.0608215332031,295.9841958211246,291.9462775932827,295.0249692959501,2777200
2023-02-09,288.27374267578125,295.8928548565743,287.61597859828936,295.1711349110806,3063300
2023-02-10,289.1781005859375,289.781053136125,285.7157026500082,286.72062356698746,2768800
2023-02-13,295.5639343261719,295.71010720676435,288.32853007479,289.9089982090463,2432500
2023-02-14,290.9046936035156,295.04311629367163,288.38328878621684,292.89624627126875,3380800
2023-02-15,292.96942138671875,293.73680808167427,288.4929850596656,288.5752020755938,2585500
2023-02-16,293.4718017578125,295.75570017238795,287.7072443897935,287.7712002365103,3169200
2023-02-17,290.4661865234375,292.88711305864706,285.89839008733765,291.13306696015326,4985500
2023-02-21,269.956787109375,281.3854234648235,269.52741310098753,279.13804739728795,10891800
2023-02-22,270.6876525878906,274.43325189089205,269.58225346497414,271.8296018949263,5922100
2023-02-23,273.4375305175781,273.95826619758424,269.15293362419004,271.1353702875478,4354500
2023-02-24,271.0165710449219,272.5421998335255,266.7593803283731,267.12479856111725,3713300
2023-02-27,270.4227294921875,274.5154578002278,269.536575750559,273.4831312076521,3238300
2023-02-28,270.90692138671875,272.88021310259,268.86967381958925,269.5000320571434,3949500
2023-03-01,265.65399169921875,268.33071451327146,263.70810537977684,266.6863184605847,5905100
2023-03-02,267.69122314453125,268.68699975996003,262.43825546044184,263.5253936115192,4103700
2023-03-03,272.6518859863281,272.798030994804,268.3672890400132,269.17122598476885,4036700
2023-03-06,272.43255615234375,274.16831353380314,271.3088958702586,272.24071647387444,3763200
2023-03-07,265.57171630859375,273.2090591531066,265.3159208037445,273.2090591531066,4512400
2023-03-08,268.2218322753906,269.1144032501852,265.25886731507916,266.33548454341485,4680300
2023-03-09,265.01043701171875,270.8719480873034,264.7803932295905,269.6573101781024,3248000
2023-03-10,263.4552917480469,269.75849586898676,261.4217129400308,265.5256854174534,4730900
2023-03-13,263.64862060546875,269.0040476673858,260.0415491036951,261.3205781865389,3892100
2023-03-14,262.7744445800781,266.66676779243284,258.9281188961622,266.20668018196864,5116000
2023-03-15,264.9828186035156,266.07782919396675,260.10590191777817,261.2837248955514,4835500
2023-03-16,263.84185791015625,265.0380744951504,262.24994462815397,264.0902951167726,4400200
2023-03-17,265.3692932128906,268.64511410812963,263.4093158850313,264.8447867006298,8342000
2023-03-20,266.16986083984375,266.6943393096758,263.7313743373897,264.48592466583574,3677800
2023-03-21,266.3262939453125,269.5101202669306,264.64238573229204,268.1666442938242,4788200
2023-03-22,260.0506896972656,267.96420172635345,259.9034863827166,266.93361003540576,3723400
2023-03-23,261.2469177246094,263.2712861089803,257.8514693368134,262.48915973406184,6005800
2023-03-24,260.427978515625,262.185516541169,258.4127925538583,260.0047057807276,3851000
2023-03-27,258.817626953125,262.1946817522637,258.48637741329316,261.09967119307385,4269700
2023-03-28,258.403564453125,260.6763979514034,257.58459517895136,258.38514297994374,3633300
2023-03-29,260.7408447265625,261.32055962569547,258.7992884329154,258.7992884329154,3607500
2023-03-30,262.58111572265625,263.26206429526843,261.1916706146404,262.58111572265625,3432800
2023-03-31,271.5621032714844,271.9577718719129,263.86945200098125,264.081074326945,5800600
2023-04-03,273.9637756347656,274.1846086992828,271.2124326589008,271.33205992935393,4007600
2023-04-04,271.414794921875,275.8684383024258,270.8994991972831,273.75204715367397,2965700
2023-04-05,265.626953125,272.104965479887,265.45211761299873,271.4516490348646,4002400
2023-04-06,265.5716857910156,266.6575136023826,261.5505256473141,264.3202613053881,3193400
2023-04-10,267.9273681640625,269.28002654266544,262.85719490795356,263.2896782829222,2799900
2023-04-11,270.31982421875,271.5436728056721,268.4702913960147,269.32604748425905,2497000
2023-04-12,267.25567626953125,274.61707756475255,266.4643110279059,272.5558941881762,3341400
2023-04-13,268.82916259765625,269.12362538318456,263.51055139068694,267.6697610121033,3505800
2023-04-14,268.8659973144531,272.55590889892517,268.1206576396049,268.8291824431651,2653200
2023-04-17,271.81982421875,271.9118473807002,268.2771430951158,268.41519187880425,2621900
2023-04-18,275.08636474609375,275.3531953135499,272.2982352416713,272.6662996752272,2847800
2023-04-19,273.209228515625,274.4790748149436,271.49768800042887,272.78595577635855,2889300
2023-04-20,274.7367248535156,277.2579959948107,271.9117801610092,272.34426364188647,3371800
2023-04-21,276.08935546875,278.9971122661907,275.45443237884746,277.54321982671206,3506700
2023-04-24,277.5616455078125,277.80087195119364,275.3348092906885,276.05254478386587,2515400
2023-04-25,272.6755065917969,278.5278355076451,272.4914883994044,277.43282476536643,4529500
2023-04-26,265.0748596191406,272.3442376170583,264.163867134079,271.84733517807166,4037400
2023-04-27,270.46710205078125,271.1848376160397,264.82642332616996,265.01046960711614,3133600
2023-04-28,276.5494384765625,276.80708638694745,269.9609812464147,270.3198349408898,4063400
2023-05-01,273.9361572265625,275.64766955041955,273.6324836971573,275.1139803118079,2970000
2023-05-02,270.7891540527344,274.82873661988344,267.81697807680337,274.6170862166315,3413200
2023-05-03,269.6849365234375,274.91155302587504,269.1512472608057,271.0468059351637,2743400
2023-05-04,262.9400939941406,271.0744403388224,262.5536080093033,269.3537170076523,4422500
2023-05-05,266.5011291503906,267.6513481168097,263.2621226503009,264.24671682511985,3806600
2023-05-08,264.946044921875,266.7035829656175,261.7346423832905,265.9306391489461,3736500
2023-05-09,267.3844909667969,267.82618516174756,262.9492679491413,263.3265431420437,2570000
2023-05-10,265.958251953125,270.13585545988656,263.0965203986334,268.4243148888351,3571000
2023-05-11,264.72515869140625,266.34467574291864,262.26827898628295,265.69133124783457,3859700
2023-05-12,267.2832336425781,267.7433211430417,264.50431524912256,265.01040026702753,3438300
2023-05-15,265.50732421875,267.6973453920693,264.03503848125246,266.77717031632267,5353600
2023-05-16,259.79302978515625,263.2528972292524,254.97132113294947,259.25934057037273,12362100
2023-05-17,269.050048828125,270.5775149973323,258.7624684205326,259.6274353827697,7956900
2023-05-18,271.5989074707031,272.3074322446665,268.3230861008833,269.28925880006227,4547000
2023-05-19,267.66058349609375,272.151043247439,266.80482724585926,272.151043247439,4470600
2023-05-22,267.45806884765625,269.6020642416134,265.0840016222057,267.52248783721393,3736200
2023-05-23,271.396484375,274.0005679180383,266.18828920740395,266.18828920740395,5352200
2023-05-24,267.8629455566406,273.7704532745423,267.0163722088649,273.63243264216374,4978200
2023-05-25,263.8602294921875,268.4979202029309,263.225306379582,268.4979202029309,5355900
2023-05-26,269.45489501953125,269.8873784925049,262.88485860713314,264.09028588853494,4626100
2023-05-30,269.0592346191406,270.9456107104693,265.88464688935113,269.8689933235627,5193300
2023-05-31,262.701416015625,268.7719434243208,261.32046507340084,268.39195211026487,18288800
2023-06-01,267.27972412109375,268.04895526916175,259.485336852151,263.2573893602251,4305100
2023-06-02,274.277099609375,274.5273253408929,268.5124044674298,269.3743213818954,4515600
2023-06-05,271.64495849609375,274.07316883402535,270.0415850645254,273.98048322067444,3028800
2023-06-06,274.33270263671875,275.18537077892296,270.301118410828,270.45868679972966,2855400
2023-06-07,279.6155090332031,280.07890892998756,275.3614730910791,275.5468443632669,4842700
2023-06-08,279.05010986328125,283.0909711409305,278.772081275139,280.04179230045753,3757300
2023-06-09,275.5838317871094,279.3651612310156,274.42533243394655,278.94811843408235,3485800
2023-06-12,278.83697509765625,280.4588747525761,275.8619556500637,276.5570555021722,4456600
2023-06-13,278.1140441894531,281.85832293267276,276.80728148960316,280.26422630208873,4043400
2023-06-14,277.7710876464844,280.4031949975206,273.98975789414897,278.9573899495384,4176000
2023-06-15,279.9119873046875,281.21877805207095,277.65059416103236,278.8183706339447,4109700
2023-06-16,278.3920593261719,283.5821425742398,278.16963648017753,282.0621777034698,10809300
2023-06-20,279.34661865234375,280.58852649033275,276.39940326292174,277.826654016084,3371100
2023-06-21,278.6886901855469,281.3486008858405,278.20673622428404,280.69982976122503,2713300
2023-06-22,279.13348388671875,280.66269749956757,277.66915303096533,279.43006653314507,3052000
2023-06-23,278.7906188964844,280.190095511341,277.2057993095753,278.3364960887209,8525900
2023-06-26,285.3523864746094,286.5757406398821,279.874996598935,280.51449068435835,4440100
2023-06-27,290.77410888671875,292.3682053927472,285.3523536404739,285.5933023130463,5342500
2023-06-28,284.0733642578125,290.03267910354623,283.6562931099364,289.16148518676346,4025600
2023-06-29,285.2874450683594,285.5747506669701,281.7748668445886,284.32356561422915,3279700
2023-06-30,287.90106201171875,288.6332133840897,285.73232590221323,286.91862834412603,3230700
2023-07-03,287.326416015625,288.60540405224833,286.2884049376932,287.1039931514055,1483300
2023-07-05,288.0493469238281,289.43954652922054,287.2986413996109,287.771318316223,2496000
2023-07-06,279.9119873046875,285.4357329355447,279.4671416263799,284.3791678822093,4828300
2023-07-07,280.6441955566406,283.25777731863667,278.86475609411417,279.88421306692317,2951900
2023-07-10,287.5674133300781,287.7991132579348,281.0056838179986,281.0056838179986,3246700
2023-07-11,290.699951171875,291.5433421590995,287.9936840324471,290.0048515071636,2913800
2023-07-12,294.2774963378906,297.7437472235605,292.87804771099405,293.15607636966524,5300500
2023-07-13,291.57122802734375,295.11161011566907,290.5239397089509,294.81502738620304,3235600
2023-07-14,293.3321228027344,293.7028370484339,291.21902049019474,291.7936318135816,2942100
2023-07-17,292.9150695800781,294.55552335061844,291.1541555921459,292.60923808661516,2002500
2023-07-18,293.57305908203125,295.0188642383568,289.2819722809615,291.50628573041,2315600
2023-07-19,296.0939636230469,296.5202835444289,293.50818466912216,293.79549029914926,2361400
2023-07-20,295.7325439453125,297.9198061745966,294.6111241099397,296.8910436920115,2101900
2023-07-21,297.0114440917969,298.32751185849764,296.10317037766947,297.5675294620039,3673400
2023-07-24,301.31182861328125,301.8215854044867,297.45636685683775,297.4748926682032,2621900
2023-07-25,301.33038330078125,302.97080854581566,300.12552675130246,301.2747775828941,2890800
2023-07-26,305.4638366699219,306.73354742985083,300.50545380410216,300.9225248828225,3448100
2023-07-27,305.5750427246094,309.0320149003094,304.8521402755301,307.4286416487793,2608600
2023-07-28,307.1135559082031,308.62424366836456,305.38044531148984,307.6974441378289,2268200
2023-07-31,309.4027404785156,309.61591454480714,307.2155072432158,307.3730473187424,2690000
2023-08-01,307.7622985839844,310.45001131857697,306.6594049814009,307.4749930186399,2547200
2023-08-02,304.45367431640625,308.18867564318725,303.91614298313243,305.8716765996834,2752600
2023-08-03,305.704833984375,307.790132949775,303.65661492001175,303.6936665373712,2451300
2023-08-04,302.5351867675781,305.3989941387451,301.51570155041213,304.13856025837924,3591600
2023-08-07,305.0746154785156,305.2970383162102,302.68345683859025,303.258068025086,2111000
2023-08-08,303.8141784667969,304.48147531860786,299.71774002169917,302.67420476221326,3272600
2023-08-09,304.1849060058594,306.6965534282051,302.8410634800389,303.3878718809331,2698900
2023-08-10,305.28778076171875,308.5315793423641,304.86146086769264,306.45555730152836,3075100
2023-08-11,306.87261962890625,307.31749364461666,304.3146718186936,304.4722119208938,3108400
2023-08-14,305.79754638671875,309.3564535387638,304.38879286067106,307.19699458209533,3974800
2023-08-15,307.8272705078125,313.4158716504997,304.47223178567083,307.4750820911906,5860900
2023-08-16,308.6520690917969,313.0821700403423,307.4008839773508,308.2720778624508,3753900
2023-08-17,303.3229675292969,311.08027554268114,303.11907048892584,309.3378877947247,3885100
2023-08-18,303.4063720703125,304.81512552460356,300.6815790595614,301.2654673166764,3472000
2023-08-21,300.33868408203125,303.8697883890258,299.8196785549551,302.70201181126447,3109700
2023-08-22,300.7279357910156,302.4239665656999,298.4572655224722,301.46008708983123,2582200
2023-08-23,302.2200927734375,302.99860108101404,300.3572164366447,300.76501054304396,2728000
2023-08-24,298.9762878417969,304.9170768362034,298.7167850779643,301.3210897633238,2490000
2023-08-25,299.22650146484375,302.4517742138476,297.68803903809606,299.7547840181914,2418100
2023-08-28,302.0533142089844,303.4713167152881,299.23583500951406,299.54169477022356,2099900
2023-08-29,305.2693176269531,305.69563760850724,302.85035548123466,302.868909578488,2628200
2023-08-30,308.384521484375,309.3079030897745,305.81021099139315,305.931468871757,2256200
2023-08-31,308.07672119140625,310.2219895110576,307.49844062853344,308.91619010065244,2914700
2023-09-01,310.669677734375,311.0148072808515,308.86023112489323,309.6623548873434,2317400
2023-09-05,305.7263488769531,309.9422245962166,305.34393102623096,309.5131822245058,3141400
2023-09-06,304.0660400390625,306.5004201323434,303.6556418796578,305.49309730926313,3199700
2023-09-07,306.3232421875,307.7223191148942,302.48042031691773,303.1613146687284,2454000
2023-09-08,306.59368896484375,307.32120777884177,304.7002727909584,305.4651082904743,2210300
2023-09-11,306.27655029296875,307.6849633294865,305.53038741222343,307.13466322368623,2087800
2023-09-12,304.3272399902344,306.64969879391526,303.96349475721837,304.8402235248939,2190500
2023-09-13,303.9541015625,305.89414219206367,303.13330528927645,304.1033398362034,2564300
2023-09-14,307.45184326171875,308.0767483905908,303.38517792251764,305.36256402061423,2707600
2023-09-15,299.7755432128906,307.0227798961167,298.7775281757069,305.29724599704895,7117800
2023-09-18,295.91412353515625,300.0087407778909,295.5876665403705,298.61900005826243,2740400
2023-09-19,293.4423828125,295.6062953043443,291.3251232970853,294.69224992355845,2776500
2023-09-20,289.9447021484375,295.0653432946872,289.88874134590316,293.8061683090752,2320000
2023-09-21,286.12060546875,289.3571383238749,285.7474954677388,288.582966382503,2766500
2023-09-22,285.1598815917969,286.9506841942372,284.90802951711726,285.56094349643473,2289200
2023-09-25,285.8686828613281,286.6148742150036,284.0219197475968,284.0219197475968,1882300
2023-09-26,282.18450927734375,285.23448686412064,281.3357324888854,284.03127268440556,2655500
2023-09-27,281.512939453125,283.751456847842,279.7221084587756,282.61353980641934,2513900
2023-09-28,283.07061767578125,284.35777325633813,280.51497909451814,281.3730923029889,2369600
2023-09-29,281.8300476074219,285.1038965859744,279.6474911098175,284.43233855099675,3502600
2023-10-02,279.6568298339844,283.03329295733613,278.37901070808334,280.3004075412957,2806800
2023-10-03,272.2976989746094,278.2297718740411,270.5535208447003,277.8660266504281,3609200
2023-10-04,272.7174072265625,274.4149322139199,270.8239625167513,273.6221162863436,2956300
2023-10-05,272.0738525390625,272.97859013947436,270.7120637620009,272.3536565539138,2469300
2023-10-06,273.1184997558594,274.7227759023883,268.05384769589057,271.19710289556593,2922500
2023-10-09,275.4875183105469,275.6460928623104,270.1896879886414,270.76796847574036,1929900
2023-10-10,279.087890625,280.4403431568826,275.31039398177614,276.7281151430228,3116300
2023-10-11,277.99658203125,280.6082094489221,275.9912440708745,279.5728776916335,2292800
2023-10-12,273.3050231933594,277.6701651473674,271.2064076543479,277.6701651473674,2546400
2023-10-13,272.27899169921875,274.8999264304395,271.3182935073224,273.23035360457715,2092700
2023-10-16,277.3249816894531,278.2950162090196,273.8272898040008,274.6201056575612,2567000
2023-10-17,276.028564453125,278.2857260506815,274.68544826933345,276.72810294617085,2139700
2023-10-18,270.71209716796875,273.59419273376665,270.0964997950365,273.2864082794495,2720100
2023-10-19,267.4754943847656,271.7380218988603,267.14906590041414,271.4209012375279,3028600
2023-10-20,267.1397705078125,267.8579531333346,264.5281429831692,266.6267585201868,2885300
2023-10-23,265.8899230957031,268.8559594596996,265.1996924303555,266.58946158519063,2590900
2023-10-24,264.24835205078125,268.538860831807,263.0544740691676,267.4475681742221,2705200
2023-10-25,262.0284423828125,264.17371070971586,260.4148585740434,262.7932779201683,2962800
2023-10-26,259.2956237792969,264.18305736354034,259.0624442615097,261.6553993607308,3108200
2023-10-27,257.8592224121094,260.85326782692096,255.80725979438122,260.20969009957236,2907300
2023-10-30,262.5414733886719,263.32495309445324,258.32556980346993,258.80126509295286,3074400
2023-10-31,265.5354309082031,266.19765257158633,262.6719804507339,263.57671784899884,3036000
2023-11-01,267.3449401855469,267.53146668973096,263.045095801517,266.37490558519767,2747300
2023-11-02,274.7134094238281,274.83466730841434,270.48819836042486,270.7213778417701,3628000
2023-11-03,275.7207336425781,277.77272447443005,274.3776460104387,274.3869538340205,3071900
2023-11-06,274.750732421875,276.4949104281141,273.49155750082923,274.91861482086966,2890300
2023-11-07,274.9372863769531,276.08453981318814,273.8087055186655,274.78804807485216,2629000
2023-11-08,276.0098571777344,277.95923391654037,274.3216118137084,275.17972469309484,2454900
2023-11-09,268.5015563964844,273.0438890146366,268.32433767934805,272.30706220580413,4059100
2023-11-10,271.9712219238281,271.9712219238281,267.4941871775454,269.7700212384554,3653500
2023-11-13,268.68804931640625,270.42289092838274,267.91387752795487,268.4268894458628,4586700
2023-11-14,283.201171875,287.50098820702874,279.9459951523017,280.64553365472415,7952800
2023-11-15,287.454345703125,288.1445478737467,283.5555915250462,283.63953272436834,3985900
2023-11-16,285.8221130371094,287.2305263593881,283.85406320857913,285.29979322175336,3114000
2023-11-17,286.59625244140625,287.93936865180564,284.89872729751636,287.743505839875,2770300
2023-11-20,287.454345703125,288.8347785086612,285.1691753525043,286.5216277582664,3459000
2023-11-21,284.7960510253906,285.47694526985555,281.99789761174253,285.01058636758086,2977200
2023-11-22,288.39642333984375,289.01199218482725,285.85942918537535,286.70820599979146,2873500
2023-11-24,289.7955017089844,290.4297431344567,287.5662919667129,288.37775209405186,1259900
2023-11-27,290.000732421875,291.8381882696912,288.9094396895554,289.786197005628,2992600
2023-11-28,292.2578430175781,293.41440418275573,288.57362414347807,289.80479022138286,3116900
2023-11-29,292.0418701171875,294.89638047662356,291.9385959583218,294.89638047662356,3083800
2023-11-30,294.3611755371094,294.6147187732979,289.7601738833869,293.46916068637336,4493700
2023-12-01,300.1170654296875,300.5677865697651,293.9010165651578,294.68035809015555,3613600
2023-12-04,304.24859619140625,305.2439137029899,299.49735489107667,300.1170857548707,3827900
2023-12-05,303.7603759765625,304.15476063413223,300.4833412138167,302.35190437234354,3269800
2023-12-06,306.2110900878906,308.2768598170679,304.42703186110674,305.16883489868775,3030800
2023-12-07,306.2674255371094,307.43175273194305,304.86832445205926,306.211060317769,2742300
2023-12-08,306.5491943359375,307.30976681755163,305.2252274017194,306.1078720245315,2889300
2023-12-11,311.1125793457031,311.8262141149483,308.7463574106556,309.6853384626403,3520700
2023-12-12,312.86846923828125,314.10790233490155,310.16419947215513,310.27687260317293,2893400
2023-12-13,322.44610595703125,322.85925993596175,311.6572222225856,314.46476655881054,5822700
2023-12-14,330.3428955078125,331.5260207095781,326.7653802748239,328.39919800646186,7594800
2023-12-15,332.39923095703125,332.7560482756945,325.591619588561,326.9719226260401,11212800
2023-12-18,329.4039306640625,333.2631575726698,328.94383913214097,332.1269699019742,4420500
2023-12-19,330.5870056152344,331.4226836984144,329.01889493574805,330.01421237706666,4654700
2023-12-20,327.3851318359375,333.1222922180485,327.05648274186507,329.5823440241137,3259500
2023-12-21,327.6761474609375,330.75600349416953,325.82635404535654,330.3991861872928,2794200
2023-12-22,327.3194274902344,329.9016255884427,325.53536908074005,327.7419804593859,2029900
2023-12-26,327.9954833984375,328.72788750497256,326.9156608722604,327.1691754514895,1585500
2023-12-27,327.2630310058594,328.6433341555296,325.99540098588886,328.5588293082549,2764300
2023-12-28,326.1644592285156,327.74196924539,324.6996510135407,327.2349114308436,2859400
2023-12-29,325.40386962890625,326.3428506737514,322.0892676868201,324.7278021304007,10325700
2024-01-02,324.0235595703125,326.1080985924908,322.27706861803085,323.20665066325,2833600
2024-01-03,317.6197204589844,321.78879836817555,316.05160958933925,321.58222140311017,3309600
2024-01-04,317.92962646484375,321.9954309211178,317.88268886917274,319.1878577763934,3652400
2024-01-05,322.0141906738281,322.8498689778201,317.2066118781851,317.2535494724634,2664300
2024-01-08,326.69964599609375,327.1973047700414,322.30522188024355,322.4742315796011,2736200
2024-01-09,325.06585693359375,327.8076655942354,324.18321244074156,324.709039544301,2338100
2024-01-10,335.0284423828125,335.0847789559351,328.93446426147926,329.2255461077556,4109300
2024-01-11,334.77490234375,338.9721486547503,331.7044447203656,335.30072942319026,3530400
2024-01-12,334.0049743652344,336.65290806589456,331.86409850533323,336.65290806589456,1956100
2024-01-16,336.5589599609375,337.70451795100877,334.4744209513137,336.2115415685713,3669400
2024-01-17,333.9955749511719,337.80783576743977,332.4462332757561,334.8688204608379,2646100
2024-01-18,336.0613098144531,336.82188216742793,332.4274577601451,334.3899247028578,2510700
2024-01-19,340.2961120605469,340.81254015507193,334.54015387105346,336.91577468563605,3234600
2024-01-22,334.9251708984375,339.4041004301116,333.9861897983057,337.43223438874907,4003700
2024-01-23,329.3757019042969,334.16450997746915,327.76065369368956,334.13634169814435,3878400
2024-01-24,326.07989501953125,331.3381939227262,325.8921160280673,330.4649485410882,3474400
2024-01-25,329.5541687011719,331.3476258823936,327.00953816847874,331.07531336392884,3064200
2024-01-26,333.6199645996094,335.26318148142224,329.60112674344987,330.0236796895159,3177700
2024-01-29,333.9955749511719,334.62467621517425,331.4697136039572,333.47911817422397,2732000
2024-01-30,335.31011962890625,337.02844224435813,332.4368400716418,332.86876330657395,2336500
2024-01-31,331.4227600097656,337.075444553797,330.849995295139,336.08012688330274,3377900
2024-02-01,338.09893798828125,338.16467354383514,330.8218343247989,331.8359213237081,2439100
2024-02-02,335.4322509765625,337.61066549530983,328.66217616341606,332.5683412378434,3697600
2024-02-05,333.4697570800781,334.34300261391644,329.35701533306064,332.08005475499584,2653800
2024-02-06,334.51202392578125,336.1552408854167,332.6809992800156,333.19745608915883,2045300
2024-02-07,340.5589904785156,341.53553865399186,335.8922541830395,336.60588884843634,3272200
2024-02-08,341.52618408203125,343.3384106069781,339.58248645723853,340.7186454890151,2521900
2024-02-09,340.990966796875,342.1928614095338,338.78435557097816,341.9111785532184,2389900
2024-02-12,343.150634765625,346.22109247047365,341.8360383767193,341.9956777629472,3119700
2024-02-13,335.7702331542969,337.4979548626883,332.28662145198587,336.5965410703597,3106500
2024-02-14,336.3712158203125,337.0754516579818,332.38054607351984,335.3758981288409,2998900
2024-02-15,339.0472717285156,339.5731274900602,335.0754001467946,337.00029987574624,2662800
2024-02-16,340.2397766113281,341.7796905755363,337.2350259003186,338.67166570745263,3899600
2024-02-20,340.4463806152344,342.96284305866305,332.9251329159971,333.62936873336605,4830000
2024-02-21,341.9111328125,342.83131579031385,337.04721844129404,338.58713227552226,3277800
2024-02-22,348.6812438964844,350.2023887183128,344.7469107311728,345.01922327811417,3387500
2024-02-23,349.26336669921875,351.4136412248218,347.6577172037148,349.37603983498377,3398200
2024-02-26,348.9253845214844,352.0052414011889,348.09907656380744,350.718841871572,2461000
2024-02-27,352.6437072753906,352.8690535489822,347.99573979457926,349.9206680662621,2802900
2024-02-28,354.5686340332031,356.6625721703667,352.1742437267273,352.6437342695993,2282500
2024-02-29,357.3855285644531,358.48414889337624,355.07564343197276,355.67660499951955,4382800
2024-03-01,360.9913024902344,361.6016344862085,356.6531856519543,357.1508444985707,2750900
2024-03-04,357.16015625,361.0663201878306,356.916012049066,359.5357767535247,2619000
2024-03-05,355.3573913574219,357.7330122778846,354.014626672043,356.9067043654753,3011600
2024-03-06,356.5287170410156,358.77686265868164,355.06460312706406,357.5583243783775,2496300
2024-03-07,355.6879577636719,359.2301962043942,354.7716976005993,356.9348326132406,2368500
2024-03-08,352.665283203125,355.7541049058839,351.48453699501675,354.22386243246547,2162900
2024-03-11,350.9366455078125,352.3157777984113,348.4334693769202,350.9744374569989,2833700
2024-03-12,353.7893371582031,355.07397512770444,351.77734111387775,351.8718065708847,2843800
2024-03-13,357.9927673339844,361.50666892980684,354.96061937827926,355.19676860158233,3761200
2024-03-14,354.4789123535156,359.13579755782644,351.5506846609315,357.05767258875386,3877500
2024-03-15,352.55194091796875,357.4544015460714,351.9001666961878,353.392617239499,9234900
2024-03-18,351.3050842285156,356.67984362529364,350.5777548944308,355.63132593401446,3455600
2024-03-19,358.3895263671875,358.4367446831868,352.4574587717766,354.11995860102655,3493800
2024-03-20,363.1125183105469,363.556480031711,355.3857221502795,358.3989887377275,2750400
2024-03-21,373.30474853515625,374.8822093931465,366.77757976040067,366.8909267889014,4212200
2024-03-22,368.65728759765625,374.4571265675823,368.4778118753419,372.8229635058607,2910900
2024-03-25,362.2624206542969,368.2605888071,361.6767751007859,367.54271465770626,2683900
2024-03-26,358.88067626953125,362.97079679546675,358.38004108935894,361.2232868480249,2720200
2024-03-27,364.5105285644531,364.91669833194675,359.64583124130525,359.7497518950891,2536500
2024-03-28,362.3474426269531,366.13525728388214,358.68240137487396,365.6818691384306,4108200
2024-04-01,347.6400146484375,361.9128895649093,347.46053892164133,360.3353999732828,4333200
2024-04-02,342.8887023925781,346.5348328841804,342.85091044201926,344.3055978570103,4650500
2024-04-03,339.9604187011719,342.3219109522592,339.1102872561424,341.9440779574472,4723000
2024-04-04,337.8634338378906,344.77789050564405,337.1361045561199,342.52028993368276,4381600
2024-04-05,338.0429382324219,339.42204183988474,336.29542794233583,337.86346248860247,3243400
2024-04-08,341.9913330078125,342.48254189796165,337.4667341240082,338.2318553894036,4339600
2024-04-09,341.3962097167969,344.2583370486174,338.85524185805747,343.48376070522886,3022600
2024-04-10,331.1379089355469,334.37786959914945,329.4281907392173,332.3753286505299,4805200
2024-04-11,328.1246643066406,332.41314287615324,326.6322136893708,331.5913480758302,4104700
2024-04-12,323.87396240234375,326.94390259191283,322.5893243445016,326.94390259191283,3550300
2024-04-15,319.2076416015625,326.9061010077978,318.5086490805001,326.75499086282053,4209200
2024-04-16,316.2793884277344,319.3776653132063,314.5129967192687,318.1591559862783,4525500
2024-04-17,314.3902282714844,318.56535998007735,313.5495518740825,318.1213982067212,4273800
2024-04-18,314.4468688964844,318.28192991919315,312.9732712445364,317.0539366803714,3717300
2024-04-19,316.7799987792969,317.26175241714594,314.1540205816031,316.1660165669616,3076600
2024-04-22,317.4884948730469,320.6434743303491,315.2214677595789,319.4816096022954,3112800
2024-04-23,320.2183532714844,321.34242590327244,317.6585037106439,319.2737563591791,3697400
2024-04-24,314.56024169921875,318.84869112629605,313.4361690148725,318.39530303634893,4029200
2024-04-25,313.5872802734375,314.46574844688564,308.7887120156267,311.4524821158974,3787800
2024-04-26,316.5249938964844,317.2239864267861,312.6521405702925,312.6615957645328,2465300
2024-04-29,318.1401672363281,318.6502575421986,315.6369916663782,316.4399046524992,2427400
2024-04-30,315.7032165527344,318.74482010418797,314.4185496181336,317.1201120799305,3089900
2024-05-01,313.5778503417969,316.8083845914746,311.17856601960636,314.5602392403555,3267500
2024-05-02,316.94061279296875,317.38457451157825,312.6427082105156,316.9122760376027,3213600
2024-05-03,323.8551330566406,327.6618583524052,321.5125217873944,322.37210863828534,4165100
2024-05-06,323.32611083984375,327.18950905850903,321.5786006480551,326.8305575910613,3366100
2024-05-07,321.8147277832031,326.396028621986,321.521905043418,324.5635082864728,2930700
2024-05-08,320.0577697753906,321.57858584480965,318.9242707389476,320.01055145892633,3123200
2024-05-09,328.19073486328125,328.72916199112575,320.10498805968297,320.4544842850811,3801400
2024-05-10,327.2367248535156,330.4294672581134,325.60259052732255,328.20965858981504,3413700
2024-05-13,322.06976318359375,329.4659733344898,321.54079120565,328.7764071936509,4055600
2024-05-14,321.63525390625,325.17749238539375,314.55077694796256,316.48718911917024,5854300
2024-05-15,329.3526611328125,331.02458750840685,325.5931545529423,326.055997875871,4151100
2024-05-16,323.74176025390625,328.9559256394395,323.6850867365385,328.71977637480245,3101600
2024-05-17,325.1397705078125,325.8198815954516,321.72033350464415,325.6593162261408,2739000
2024-05-20,319.1037292480469,323.57165410188765,318.83924327113203,322.2303426571085,3237400
2024-05-21,317.5262756347656,320.2183828488575,313.9179081780337,320.2183828488575,4275100
2024-05-22,312.2742919921875,316.6761170939334,310.7062576474343,316.1188083709421,4024400
2024-05-23,308.7793273925781,312.66160722854585,307.93862222509347,312.6427256661846,4021100
2024-05-24,307.0884704589844,309.3932892949737,306.4461514592656,308.3070085811059,2736900
2024-05-28,310.4890441894531,312.65215055550027,306.50284371231663,307.3624304380977,3807500
2024-05-29,307.8536071777344,308.68485713773475,305.83215579075056,308.43925269678584,3506200
2024-05-30,313.10400390625,314.0932221052809,309.80346529535143,310.3266226532884,2921800
2024-05-31,318.5161437988281,318.8015102895195,311.9911755647184,313.93152837081703,5557800
2024-06-03,311.9911804199219,317.35572800733775,310.8783062406039,317.35572800733775,3712800
2024-06-04,312.22894287109375,313.68422187932566,309.22326269825254,310.90681166002463,4296800
2024-06-05,314.13128662109375,314.3215019167729,310.00324025386954,312.45722946675096,2422400
2024-06-06,314.93023681640625,315.63408850912015,312.03869168403673,313.69370686515583,2979400
2024-06-07,311.0590515136719,312.7616425978633,308.11043835327206,309.82255036280003,2583800
2024-06-10,316.3189392089844,316.54720916603065,310.55489057590825,311.0304723378928,2691000
2024-06-11,319.3246154785156,319.8857984674517,314.18833831805057,316.73744956423,3250900
2024-06-12,327.3334655761719,333.3733314051787,326.30619260048724,330.0823133728477,4793000
2024-06-13,330.89080810546875,331.6612483232583,326.3157133693267,329.00749366908855,3380800
2024-06-14,329.9015808105469,330.5293522722283,325.0030940571342,327.97071985620323,2589000
2024-06-17,332.431640625,333.56352750323873,327.58070100786347,328.04679085768345,2680200
2024-06-18,336.5882568359375,339.0042204957005,334.9141996194454,335.7132025834689,3655000
2024-06-20,336.1792297363281,337.5869621660142,332.5172444561684,334.8095519742569,3661200
2024-06-21,338.4239501953125,338.8519853666578,334.85708719145293,337.510841393942,6596400
2024-06-24,333.74432373046875,340.22174620587623,333.5921340551895,339.4703187551889,4278900
2024-06-25,321.7976989746094,330.0442717170951,318.19278054694695,329.3974873896867,4879600
2024-06-26,325.1267395019531,325.8591250033963,321.046239646007,322.8819783754379,3365300
2024-06-27,324.8128356933594,327.92315912037697,321.92131936273626,326.0873913839383,2912600
2024-06-28,327.4284973144531,328.4177154318081,324.07089149114336,324.67965003327106,6344000
2024-07-01,319.7716979980469,327.8185340520452,319.0107787170521,327.1242031906203,2643600
2024-07-02,318.6112976074219,320.3804481111461,316.290455916558,318.63983135660413,2995900
2024-07-03,317.3462219238281,323.0532032448466,317.25109976303617,320.5421175305386,1733000
2024-07-05,318.2403259277344,319.51491078143476,315.4439314606213,316.4616545204161,3437500
2024-07-08,323.0151672363281,324.11852050539966,318.63980883199906,319.4768374517919,3534500
2024-07-09,320.62774658203125,322.69178444416286,319.18198830507976,322.39692603917416,2254300
2024-07-10,327.3714904785156,327.4761335717322,321.1318594017747,322.1020648796308,3263100
2024-07-11,336.5121765136719,336.83556865281344,328.15144038324536,333.6491648030705,4146900
2024-07-12,342.2001037597656,346.17598950389714,336.79750170189027,337.66306402533286,4019900
2024-07-15,340.9541015625,343.5412677583402,337.69161732711916,341.60091488186754,2884000
2024-07-16,351.0935363769531,351.3789029000923,341.94334632954025,342.47599567341206,3210400
2024-07-17,353.7282409667969,356.86706919890804,347.57421138626114,348.73463212566884,3991100
2024-07-18,348.2019958496094,357.3902407098539,347.9166583494081,351.83544816397267,2395000
2024-07-19,345.6147766113281,349.64772983702755,344.2736615380664,348.5348557018433,2474500
2024-07-22,345.5101623535156,349.343350330169,343.4461246612216,346.699116800706,4049300
2024-07-23,342.05743408203125,347.5836920318091,341.8291641168189,347.5836920318091,2535700
2024-07-24,333.2021179199219,343.79809434191213,332.907259526518,341.40114349590715,3508100
2024-07-25,336.03656005859375,341.30598493357456,332.26993171003505,333.0974683354651,3297600
2024-07-26,341.95281982421875,344.00733659155566,337.67258381573555,337.67258381573555,2439000
2024-07-29,344.0073547363281,345.1677754987009,341.4201885625402,341.6674713620162,2142100
2024-07-30,345.9287414550781,346.87990519104255,341.71509307128696,345.10123364914324,2788800
2024-07-31,350.1803894042969,354.2989149608724,345.31043648694975,347.1747089884197,3526100
2024-08-01,341.0682373046875,353.33827119628904,336.47412980260594,351.9210176672396,3759000
2024-08-02,338.0721130371094,338.2052898905793,329.8064980124828,337.5965311785104,3764600
2024-08-05,332.91680908203125,336.6548753796579,328.37973974888246,333.7443168396664,3827900
2024-08-06,336.6263427734375,341.14437027090383,330.3201229063042,331.7183346823981,2831100
2024-08-07,325.6783752441406,338.87100829008466,325.5642402689669,337.83424356264834,3429100
2024-08-08,331.3283386230469,331.7087982733162,324.6701931480966,325.52623461800516,3591100
2024-08-09,331.61370849609375,334.3625563473524,328.5319185350564,330.90033575939606,2314800
2024-08-12,328.921875,334.33399808780865,325.4215999950845,333.6396382251995,3830200
2024-08-13,332.9738464355469,336.13171653527087,322.79638436527364,325.17429335111234,6388600
2024-08-14,338.2908020019531,342.12398961112393,332.33650941254734,332.4791781270911,4814800
2024-08-15,342.4854431152344,347.56465264342324,340.6497045551523,344.7587087509326,3575800
2024-08-16,344.3783264160156,345.93824881488615,342.39039776907396,342.39039776907396,3308300
2024-08-19,345.33892822265625,346.87980840061016,344.4162984951251,344.79675807790784,3634900
2024-08-20,349.3338623046875,349.68581723705637,342.89449486206684,343.03716360372397,3459400
2024-08-21,352.3680725097656,354.6603803560825,350.52281273351406,351.4074169757866,4587600
2024-08-22,347.51708984375,354.2703566433214,346.80371720352497,353.35724779145136,4097300
2024-08-23,357.2475280761719,357.941887944318,347.3554325790813,348.7536442127392,3426200
2024-08-26,355.83978271484375,360.09148495587146,355.13593097465656,358.66473962703276,2452100
2024-08-27,354.9552307128906,356.0015164943425,352.8817009996924,355.25008911122575,1780300
2024-08-28,354.48919677734375,357.0763631666864,352.12080848577483,354.7840551980928,2218300
2024-08-29,351.25469970703125,357.24515866472984,351.13029272622026,356.56570964699546,2698400
2024-08-30,352.6326904296875,354.4604508912891,349.16856935094626,353.3408172878676,3216700
2024-09-03,349.03460693359375,353.47482663076164,347.2738392202914,352.05854361628195,3598100
2024-09-04,348.96759033203125,350.1733157985328,344.50824300698173,348.48911996501107,3221300
2024-09-05,346.26904296875,349.4269360062119,342.1828869604485,349.18770080023705,2789200
2024-09-06,344.5465393066406,349.70446447507334,343.94369110568965,347.2929840607186,2228800
2024-09-09,349.7809753417969,350.39343144458786,344.5273799256381,347.1398387081753,2747600
2024-09-10,354.9006042480469,355.56089568874523,346.87188670045276,349.9532370225404,2787400
2024-09-11,354.53704833984375,355.2260470019336,346.54661465477903,353.63752149757306,2937700
2024-09-12,358.30731201171875,358.8431964864611,354.60395604381523,355.92453892925664,2367700
2024-09-13,363.6279296875,365.5513900641143,359.3408535413962,359.38868890057415,2514700
2024-09-16,365.5609436035156,367.4652463423005,363.1877200409566,365.55136485093436,2877800
2024-09-17,366.7380065917969,371.2356403244082,365.24518118342326,366.9198276918504,2947600
2024-09-18,367.474853515625,375.76196451859266,364.66144516944485,367.55139593165336,3549400
2024-09-19,373.5322570800781,374.99637529169433,370.34565716191855,374.01072746561954,3753500
2024-09-20,373.07293701171875,374.95811161013677,370.33610026260806,371.6088187137049,6584200
2024-09-23,375.0824890136719,375.74278046889765,370.5848850009399,374.0011412912437,2502300
2024-09-24,383.4079284667969,383.83853433168053,376.6806353892292,377.7045691182595,4057700
2024-09-25,379.8385009765625,383.40790063850807,378.5849108772483,383.40790063850807,2787300
2024-09-26,379.618408203125,382.7763010050107,378.4604888660546,382.2978306287544,2849500
2024-09-27,382.3265686035156,386.16391067655707,381.15909962289174,382.44139683054146,2452300
2024-09-30,387.75244140625,387.8576908813302,381.8385247996829,382.9677371895071,3442000
2024-10-01,391.4366760253906,392.88166617588854,384.12566250059876,386.6232643120617,3476200
2024-10-02,393.551513671875,393.74288432480034,387.52276863612684,390.1448064925137,3431300
2024-10-03,393.8576354980469,395.18779707198706,389.28346017777324,391.38874137267413,3320700
2024-10-04,390.7763671875,394.0874036880511,382.2500495705558,392.41275713327326,3989000
2024-10-07,390.4892578125,392.1639042009242,383.962914592769,387.4557718514374,3267800
2024-10-08,396.3457336425781,397.40795311669416,390.8529027942144,392.1543282648796,3693900
2024-10-09,398.1543884277344,401.9438660353983,393.06345607183687,401.9151589778977,3627800
2024-10-10,392.3074035644531,396.6327942448254,390.07774456953206,392.07774714019007,3040800
2024-10-11,394.16387939453125,395.3505057537499,391.2356431077975,392.8815823254758,2717400
2024-10-14,397.5323486328125,398.48928940548416,393.5897281184528,393.7619996522049,2088700
2024-10-15,397.6854248046875,403.4079410140215,397.1495403199321,399.9533989175263,3693000
2024-10-16,400.5849914550781,400.70939843697755,396.0491012136172,396.0491012136172,2429000
2024-10-17,397.70458984375,400.9581826209738,396.70936326598826,400.58496170299514,2013800
2024-10-18,397.13043212890625,398.71895736184376,395.44620697523453,398.7093786087156,2436600
2024-10-21,388.9007263183594,398.62324812675774,386.95813770726056,398.1543564906868,3699500
2024-10-22,384.546630859375,385.5992714830079,379.14947122739164,381.34087363429376,4486700
2024-10-23,382.43182373046875,386.8720137219689,379.60883677468416,383.31219288579825,3159000
2024-10-24,385.3409423828125,386.7955111949356,380.9485872955298,384.9677506294773,2550300
2024-10-25,381.7332458496094,386.14472877913175,380.6997334646246,386.14472877913175,1941400
2024-10-28,385.5418701171875,388.36482778804384,384.64234348213125,386.077754597198,2586500
2024-10-29,378.05859375,381.92461340090466,372.2977916740678,376.97724601667,3822700
2024-10-30,375.618408203125,380.5658051981013,375.0633953651775,377.9916320008521,2795600
2024-10-31,376.7954406738281,378.63277986266075,373.6853830682664,373.6853830682664,2518600
2024-11-01,375.6853942871094,381.54186745270914,375.13038145918364,377.8002253294612,3277800
2024-11-04,378.5370788574219,383.23566168478663,374.2308452620567,375.0729578377128,2690500
2024-11-05,382.8624572753906,382.99644301071515,376.9007053273018,377.9629248458197,2496500
2024-11-06,371.6470947265625,377.0729619252946,365.2834442318016,377.0729619252946,7133400
2024-11-07,382.2404479980469,382.5466760729127,373.97246519776917,374.1638650454395,4323100
2024-11-08,388.4222412109375,388.9007115817821,384.97724870015367,386.6040596424308,3448700
2024-11-11,390.7093811035156,393.8768529262556,388.3552856264723,390.2117531798236,4071500
2024-11-12,385.7237243652344,398.10654192320703,384.872062151736,396.4127670467988,5647100
2024-11-13,392.5275573730469,394.9677447831437,389.2069715588213,391.513202439919,3083100
2024-11-14,388.25,393.7811163346894,386.97728165944864,390.43182372916954,3348100
2024-11-15,390.6040954589844,391.3026727682752,385.5514491161491,385.5514491161491,3239500
2024-11-18,392.76678466796875,394.7763661906145,386.55624821509,388.03949477511765,3394300
2024-11-19,389.28350830078125,391.54190378935766,382.16386636600566,390.7954911286239,3239400
2024-11-20,382.77630615234375,389.1878209618013,382.6997637406597,388.5179507446289,4732200
2024-11-21,392.7763671875,393.67589388527654,383.1399662209357,384.04904246842244,3722200
2024-11-22,401.9151306152344,402.04911634312674,393.25482817266936,394.3457254842256,4932500
2024-11-25,410.2118225097656,411.7237761128821,406.183080745442,406.69983695055174,4544200
2024-11-26,411.02520751953125,420.4510803690421,406.4127749951727,410.14483832546944,2758600
2024-11-27,410.9482421875,413.74760753516415,409.7649962083945,412.30463752238677,2293500
2024-11-29,412.81451416015625,414.6134122027073,411.28496936423363,412.26617847181546,2028700
2024-12-02,410.7269592285156,414.0361726695275,407.07144709026477,412.6894065847666,2617100
2024-12-03,413.026123046875,414.30554354259715,407.22538476252544,413.3916801477385,2714000
2024-12-04,411.6505126953125,412.52588869954445,409.32250807529806,410.19791343683113,1968800
2024-12-05,410.3229675292969,413.4205443799048,409.6880571907784,410.3806839821349,2523500
2024-12-06,414.9693298339844,419.18280715383486,410.7751109038236,412.40085953832846,3161400
2024-12-09,412.8625793457031,419.76958886710383,411.7563081903908,415.91206893671404,3426000
2024-12-10,406.52313232421875,411.06367918392283,405.38800294861784,410.6692638536275,3354900
2024-12-11,405.3591613769531,411.7274646612272,405.243728467207,409.06279047024924,4211200
2024-12-12,398.6637878417969,406.6770687934172,397.47091260904153,405.407248073372,3673600
2024-12-13,401.12646484375,402.2423652608638,398.43290300189886,399.96244780819296,2649500
2024-12-16,395.0948486328125,402.56945298732813,395.0756195989557,401.96340081184815,2879600
2024-12-17,392.94000244140625,394.79661694055426,390.78517646756814,394.4118307819835,3726500
2024-12-18,378.8470153808594,395.09484423364364,378.42374178229426,391.52590623225933,4225500
2024-12-19,370.3815612792969,380.11682438704656,370.2565285285425,379.73200886770206,4576100
2024-12-20,377.6733703613281,378.3371389388934,368.4864433458312,368.79428400502405,8046400
2024-12-23,377.52911376953125,378.2890569349889,372.3151685476056,376.2304347225426,2433800
2024-12-24,381.07879638671875,381.07879638671875,375.6532147379235,377.22124693835127,1392600
2024-12-26,380.1167907714844,380.7324427048462,376.730602387445,377.59637851480056,1319500
2024-12-27,377.9234924316406,380.4342757879169,376.49015146014887,377.23089493451965,1942700
2024-12-30,374.6239318847656,376.33625541914074,371.0165062344833,375.6821159469761,2444700
2024-12-31,374.20062255859375,376.57671453450985,372.57487387205623,375.181861030529,2179700
2025-01-02,373.6907653808594,377.7407225652251,371.68985977598516,377.22124511348505,2415700
2025-01-03,374.3833923339844,376.14383228212847,371.14152423216575,374.999073663279,2231600
2025-01-06,374.566162109375,379.01050518077204,373.2771123833599,375.6532042477723,3274500
2025-01-07,369.6216125488281,376.99998323933306,368.53457037348886,376.0380031701552,2274300
2025-01-08,372.4786682128906,372.95002901914944,365.6486043328129,368.43834046487285,2848500
2025-01-10,375.0664367675781,377.9716061124676,369.996782831804,374.1236856972113,5323400
2025-01-13,374.3833923339844,380.80941208266296,372.9596806352685,375.16259383322796,3512900
2025-01-14,377.8465270996094,379.21255170313236,374.81629577960683,375.73978841791296,3405200
2025-01-15,390.65045166015625,392.4878369688422,386.48509120953696,391.18915810741186,4584800
2025-01-16,393.76727294921875,394.51761619868216,388.5629868188781,390.82361640460834,2305900
2025-01-17,393.8153991699219,398.69264508903603,392.9977102526317,397.7691231000182,3229000
2025-01-21,402.52130126953125,404.24325376193735,397.2977566957725,397.2977566957725,3568100
2025-01-22,394.5080871582031,401.67482205683154,393.76734361314885,401.67482205683154,3581400
2025-01-23,398.63494873046875,398.9235310182715,393.2093668613535,395.9221577959111,3840300
2025-01-24,398.7407531738281,399.23137242128604,395.1429569786111,398.34633780824663,2369800
2025-01-27,408.7164306640625,409.9862512873247,398.2597129464292,399.1254890596355,3699200
2025-01-28,402.9061279296875,407.14846385744147,400.85713489767113,407.14846385744147,2818300
2025-01-29,397.70184326171875,405.34956777698363,396.13381093293685,404.24329648503635,2384900
2025-01-30,398.7407531738281,401.4535441133087,395.87404189480577,400.5781386956478,3081300
2025-01-31,396.3165588378906,400.5492652640776,394.7196684027202,397.46131746697483,2761000
2025-02-03,393.2189636230469,396.2395656296798,385.7636184442806,390.67932227064676,2896200
2025-02-04,395.84515380859375,396.8937085201612,390.65046750941593,393.940452134699,2150800
2025-02-05,398.08660888671875,399.36602949241046,392.6225690075845,399.36602949241046,2212100
2025-02-06,398.4136962890625,401.90568887675954,397.2977958094331,399.13518139041133,2023700
2025-02-07,391.8818054199219,398.53872023469745,391.0448874796797,397.4901655107031,2530200
2025-02-10,398.2501220703125,399.1736440800695,393.2478432919882,395.0275123031612,2617600
2025-02-11,400.530029296875,400.73206625964883,397.047665954208,398.25977030163705,1441800
2025-02-12,391.66058349609375,394.0751335316681,386.8314247103406,393.04580780127907,3387000
2025-02-13,396.7494201660156,397.27852680148214,391.9972364280415,393.170853249106,3067900
2025-02-14,393.93084716796875,402.1076779394651,393.02658353406616,399.22173766717225,3004400
2025-02-18,387.9761657714844,393.32477242031564,385.00365098464584,392.7860659490162,3994000
2025-02-19,380.395751953125,383.48372895206705,378.00043109961143,382.1177044075671,3780000
2025-02-20,379.63580322265625,379.75123612607547,376.23038578528946,378.058141923127,2703500
2025-02-21,370.6509094238281,382.69491869526206,369.30414319657723,381.32889407792777,5287000
2025-02-24,367.88043212890625,371.853385166969,363.82087504991944,371.41088255380043,5722000
2025-02-25,378.337158203125,385.76364567981324,369.5831335037105,370.3623350288233,6823900
2025-02-26,375.6340026855469,383.70500051609463,373.7869879632104,380.21300803111524,3871500
2025-02-27,375.43194580078125,380.43425383375984,373.5657021439832,375.085647072205,2825100
2025-02-28,381.5212707519531,381.78099478120157,375.441550155912,379.4241614148521,4263500
2025-03-03,374.8740234375,381.97344119539923,371.7764463749216,381.8580082818241,3397600
2025-03-04,367.16851806640625,373.2097512709247,364.4942148500784,371.4685698256159,4384800
2025-03-05,371.6610107421875,372.4017248370774,363.63810037708174,364.5904512644119,2780300
2025-03-06,367.2166442871094,373.0173826442203,366.25466426531784,368.9193383570522,4222000
2025-03-07,362.4740905761719,366.1777198391625,354.8744536442332,365.0714485936725,4573900
2025-03-10,360.40582275390625,368.55379501709956,358.4433752161099,363.08975533499375,3710500
2025-03-11,354.1625671386719,360.6751612953776,351.824962739437,359.9921637022774,4013300
2025-03-12,350.863037109375,357.85662235943636,347.9963256411992,357.8277641286995,3368000
2025-03-13,336.1674499511719,350.44670088502295,334.2409706350665,350.35957679743865,7062400
2025-03-14,340.0978698730469,340.17533320172646,334.39586574446463,339.4589303576567,5510700
2025-03-17,342.8279113769531,344.20257539459527,339.7590692356985,340.53355488415093,3681300
2025-03-18,338.4134521484375,342.59558608803343,336.4966333735543,342.24706015459685,3008200
2025-03-19,342.14056396484375,343.1183095830619,337.85192558510687,340.76587046548417,2990200
2025-03-20,344.17352294921875,350.2240533973109,340.9595036283325,343.37002550489865,3391200
2025-03-21,339.9429931640625,342.11152334320025,335.22842461612987,340.85299529724597,8205400
2025-03-24,352.1602478027344,352.799187408031,342.9731311809247,343.30227651511854,4023200
2025-03-25,349.4689636230469,352.04407303931447,347.0971733101002,349.99173774877517,2799500
2025-03-26,350.57257080078125,353.08959731478734,348.62671080197265,348.8881126188902,3140900
2025-03-27,351.1534423828125,353.554273999352,349.6238517139466,350.34991538061416,3036600
2025-03-28,346.71954345703125,351.6083891164522,344.80275458120275,351.56965745467335,2980200
2025-03-31,354.79339599609375,356.971586839671,341.3951056412781,342.2179836464614,4498800
2025-04-01,353.8543701171875,355.56789924049394,350.36928822922675,352.5184378167255,2801600
2025-04-02,359.0530090332031,360.42767299429846,350.69843193820583,350.9888455796751,3189500
2025-04-03,344.55108642578125,348.54928162871175,340.48511819211507,344.42523066687363,5407100
2025-04-04,342.6051940917969,353.77690060646387,337.9003162919335,339.51700131293245,7531100
2025-04-07,330.6106872558594,342.91503819673903,322.85631766840027,333.31162288489674,6950500
2025-04-08,324.540771484375,342.7020536098571,319.2163045497586,339.19759100895936,4868000
2025-04-09,344.0476989746094,344.6769482365905,315.8957741778471,318.11269682068485,6793000
2025-04-10,342.3341369628906,343.95085155311176,328.8196816357823,341.58872231409816,5574800
2025-04-11,342.5664978027344,343.15704493591187,333.21482396003404,339.1298083328257,3576400
2025-04-14,345.7999572753906,347.5618494379636,342.3148455333862,346.38078461271783,2841800
2025-04-15,342.8085021972656,349.90458048818135,342.0437364591473,345.1803218290209,2883100
2025-04-16,334.9476318359375,342.5083713391913,333.3309468544315,340.61093350911887,2637200
2025-04-17,343.72821044921875,346.09033988774524,337.2517203267121,337.42596851227415,3232400
2025-04-21,335.82861328125,343.0505176615552,330.8913748620973,342.9827741782763,4015200
2025-04-22,343.11834716796875,344.8512275281023,339.2363465466886,339.95271996707083,2802400
2025-04-23,345.0447692871094,353.19602609420036,343.5248691845469,350.3692352530585,3283300
2025-04-24,348.1620788574219,348.8978033155224,343.2925832913468,345.12227799235006,2749500
2025-04-25,346.16778564453125,347.5424792021221,343.41842807295615,346.2839806491949,2811300
2025-04-28,345.5288391113281,348.60734167859226,343.1957512028483,346.56466739207946,2413000
2025-04-29,347.5424499511719,349.0720109656988,343.40873841056987,344.53172034561675,2836900
2025-04-30,348.98492431640625,349.7400293743382,341.13376977455033,345.1222749289399,3741500
2025-05-01,346.86480712890625,351.29865250607577,346.30333088726456,348.8106672278008,3210100
2025-05-02,352.8862609863281,354.5417072672521,349.6335102362526,350.5241317086575,2283300
2025-05-05,350.18536376953125,352.63461740057164,348.24919395705325,350.5725918233055,2563500
2025-05-06,347.91033935546875,350.70808921922946,345.7321484352336,347.2326681406202,2299700
2025-05-07,351.1727600097656,352.16988616864194,348.27819592152935,348.97521815691107,2657200
2025-05-08,353.2154235839844,357.52341297653425,350.69842661318734,352.3925750977803,3035800
2025-05-09,351.1340026855469,353.902740364503,349.9626284393276,350.5725265436669,1970700
2025-05-12,364.571044921875,366.6330702368515,361.56031542736775,363.03179366198054,3831400
2025-05-13,361.6765441894531,368.840366929761,361.0472948790033,368.840366929761,2726800
2025-05-14,360.9117126464844,363.7966161518202,358.9948939967318,360.03075188267104,2587400
2025-05-15,366.5459899902344,367.2236316932871,359.6628909965161,360.2243967822867,2830500
2025-05-16,368.6273193359375,369.0048865790074,366.08125165144884,368.0948845272829,3129100
2025-05-19,367.27203369140625,368.9952235359594,362.2186296123182,362.247670975961,4428200
2025-05-20,365.016357421875,377.3110460443536,362.1121030584804,374.03891473461914,6287400
2025-05-21,359.00457763671875,366.2555236165179,356.8360770544098,365.9167175582356,3966000
2025-05-22,354.44488525390625,357.445953980843,352.9346753604857,356.2551990656602,2957300
2025-05-23,351.1340026855469,353.0798624387055,349.6237928765167,350.81454772516025,3115000
2025-05-27,358.57861328125,358.7238200962832,353.5058582520623,354.2125708100295,3998500
2025-05-28,356.3133239746094,359.3047027539561,355.70342576398025,357.0490779485247,2986100
2025-05-29,356.53594970703125,358.53020197808576,352.44094047710337,358.19136639844777,3034800
2025-05-30,356.53594970703125,357.8428700607191,353.467107974108,355.3355044975596,4110400
2025-06-02,356.21649169921875,356.2939550313256,350.2918171680557,353.4961756451625,2506900
2025-06-03,361.173095703125,361.6184360213828,355.2871526046649,356.2165058215573,3359500
2025-06-04,360.5147705078125,363.3899835208056,359.7983972159325,361.1730610756808,2428800
2025-06-05,359.716064453125,361.9370138426336,357.99191615311423,361.3817690634546,2324100
2025-06-06,357.8165283203125,362.9987530800003,356.4917651513605,361.88829333275584,2349700
2025-06-09,355.74169921875,357.83601043583644,354.92342821391657,357.8067885947498,2619700
2025-06-10,358.38153076171875,359.00493999277415,353.16033353150175,356.4625504511794,3014900
2025-06-11,351.1244812011719,359.579701510864,350.00427085922075,359.579701510864,3793500
2025-06-12,353.7545471191406,355.61508372469166,349.22498310226143,351.46540366586026,2921900
2025-06-13,345.47467041015625,353.39411643824155,343.6628270595843,350.6763662759856,3364400
2025-06-16,344.4031982421875,347.86124541398766,342.786186775189,346.6631200317667,3688600
2025-06-17,339.7469787597656,345.11428530647066,338.41246501583214,342.82514178754525,4230100
2025-06-18,338.04229736328125,341.8120637950033,336.84414233039354,341.01329377307815,4453900
2025-06-20,340.5652160644531,342.1140332199877,337.8377449214751,338.49037600019926,8056500
2025-06-23,347.7151184082031,347.82228498675744,339.49370279152214,340.90616126958844,3862400
2025-06-24,351.08551025390625,352.3420791931256,346.56566715490777,347.4326313503985,4089600
2025-06-25,352.48822021484375,354.18317639353523,349.0593949431035,349.81919263451437,4159600
2025-06-26,354.08575439453125,355.7709600209544,351.26086711371636,353.8130072721189,3187900
2025-06-27,359.1900329589844,360.5635190881765,353.59870211320623,354.1928895198744,5503700
2025-06-30,357.1444396972656,361.3428130380384,355.2741525151179,359.7160511296117,4600700
2025-07-01,363.49554443359375,369.8564229793569,353.54998122691507,354.90396620237425,5152600
2025-07-02,362.219482421875,364.28457189741687,359.8037011091855,363.9728524259979,3011400
2025-07-03,362.0538635253906,363.5150150697026,358.79061913098633,362.1805014155837,2573600
2025-07-07,358.1185302734375,363.13514481929917,355.2838926033202,361.3914955870541,3433100
2025-07-08,357.9821472167969,360.8070344058556,355.6540313644778,356.54046691532693,2531700
2025-07-09,361.4304504394531,361.45967228093707,355.3423190702639,357.99187503122323,3384200
2025-07-10,363.6319274902344,368.1517708477702,358.966004640848,359.44330466550264,3701700
2025-07-11,360.485595703125,362.1707715549625,357.6022350875956,360.7680636142201,3068900
2025-07-14,360.5245361328125,361.67399799887846,356.9593523430877,360.8849785029485,2481100
2025-07-15,349.35162353515625,361.1479732751664,349.2347064353945,360.39792614979416,3868700
2025-07-16,348.1437072753906,351.60178381885936,343.33164573853793,350.5399875206688,4259800
2025-07-17,349.74127197265625,350.98812020834174,345.4747043409055,347.30601918989504,3128900
2025-07-18,350.0919189453125,351.26085212130573,347.724860477492,350.65691421368456,3361600
2025-07-21,354.6117858886719,356.3067123526801,350.5205492264087,351.3777629824797,3503900
2025-07-22,361.4012756347656,362.5604583765046,354.300069957896,355.040396341449,3095400
2025-07-23,366.60296630859375,368.0933398487618,361.9272630471514,362.07340199845225,3238000
2025-07-24,363.4273681640625,368.09332065823696,362.6188773480911,365.7554840130025,3088000
2025-07-25,365.6191101074219,366.25226988875767,363.388410223312,364.9567284816308,2221000
2025-07-28,367.4601745605469,371.2104400740553,363.32024481901067,364.06054145240824,4062800
2025-07-29,367.5672912597656,369.8954070675865,365.0638443952701,367.2361004658674,2931600
2025-07-30,362.4435119628906,368.7264757365035,360.05698218484326,367.8984838840359,3110700
2025-07-31,357.9919128417969,363.15463689726704,357.339252010117,359.60892427150435,3091600
2025-08-01,363.9825744628906,365.093034118006,356.27743217115915,358.2938283271349,3008200
2025-08-04,370.9571838378906,372.00919993401266,364.01183831714775,365.1320486240275,2844300
2025-08-05,375.42828369140625,376.91865708676045,371.09352219217897,371.970207178763,2931400
2025-08-06,376.78228759765625,378.8571276640159,374.5613383140613,376.0809336277207,2812800
2025-08-07,376.1686096191406,381.31186189284557,373.43135836283057,378.55513931763676,2433000
2025-08-08,377.8050842285156,379.2077920668637,376.1978235008429,377.0550074223189,2326700
2025-08-11,377.4933776855469,381.3800313517173,373.3729195535163,379.87993714240525,2605800
2025-08-12,385.7440185546875,386.1141817126837,378.92531115599354,381.282648793798,2911300
2025-08-13,396.6344909667969,397.2579299590374,388.4228255756766,389.1436508991483,5187500
2025-08-14,389.9521484375,393.15691956210634,389.01699000440846,390.80936213756445,3600200
2025-08-15,389.0364685058594,392.3581565375082,385.1887576019813,391.79316130102393,3841400
2025-08-18,384.47772216796875,387.8286323833715,382.3444383469069,386.29928649754964,4407100
2025-08-19,396.6539611816406,403.628498570133,390.6339940736974,390.6339940736974,7629300
2025-08-20,391.33538818359375,400.5211846605655,391.2672236954765,399.06975372627636,4195300
2025-08-21,387.3999938964844,393.9556748431572,385.90962050053713,389.55274886236265,2942600
2025-08-22,402.09918212890625,403.7648866064881,387.994188174852,390.48788449320784,5284700
2025-08-25,398.3099365234375,400.423749004625,396.9948940841517,399.7321158153847,3579500
2025-08-26,396.98516845703125,398.44632009907895,394.22844571179905,397.4332466369748,3180900
2025-08-27,397.6670227050781,401.0276833838094,396.6539789668225,398.2027961452619,2487800
2025-08-28,396.8974914550781,398.3586430548972,394.3258503703379,396.4591340842502,4051600
2025-08-29,396.2350769042969,398.3099169154644,394.9005632103698,397.17023532413907,2210300
2025-09-02,395.7869873046875,398.0079364650294,392.3191900144555,393.22509683824666,3328600
2025-09-03,397.1507568359375,398.42682691700657,393.11799368242345,394.4525074521516,3025100
2025-09-04,403.30279541015625,404.80162409437327,398.9042780739344,400.1875875403491,3873100
2025-09-05,410.4149169921875,411.83535880476114,405.58533112104004,408.1029807496485,5855600
2025-09-08,411.3847351074219,412.0116811011731,407.2800938862087,409.97406925166166,3742600
2025-09-09,406.8784484863281,410.1895939447977,404.3412170594542,409.60181151441947,3516000
2025-09-10,404.8114318847656,408.9258489319185,403.3517667634051,407.05475705377023,2897800
2025-09-11,414.79388427734375,416.5572017980559,405.8106870548664,407.23115887133787,5316400
2025-09-12,414.0787048339844,414.88200647065827,410.3463268610707,411.70799339049336,5004200
2025-09-15,414.0982971191406,414.67627370773755,409.23935350107473,413.86319610570627,4884700
2025-09-16,412.8639831542969,415.8812224174498,411.5316743332673,415.1171142348694,3726700
2025-09-17,408.504638671875,418.0560061228361,407.3388796374738,415.79306914920005,4771700
2025-09-18,408.974853515625,412.8052001978021,407.3878320313999,409.04340471207087,3677200
2025-09-19,407.2213439941406,410.05245182684865,406.64336737633323,408.8671109630693,6718400
2025-09-22,403.60650634765625,406.4278381656566,402.75423525593885,405.6735059015127,2656300
2025-09-23,402.5387268066406,405.3012834437622,399.15900008081553,403.6065171601682,2597000
2025-09-24,401.4219055175781,402.2839824055749,396.75889946246326,398.502635023782,3220700
2025-09-25,399.1492004394531,402.4897036015148,397.3466596954507,398.3654805733964,2554300
2025-09-26,401.73541259765625,403.02852799125884,397.57199598474955,399.8447388166831,2316600
2025-09-29,398.5124206542969,402.57789834517666,395.6225377161781,401.6962097545699,3008400
2025-09-30,396.93524169921875,398.70836496007536,395.2600871607669,398.3459075934487,3211600
2025-10-01,388.9316711425781,396.8764651385023,387.2565166096406,396.1515504076353,3787800
2025-10-02,386.9626159667969,389.2843280442188,385.767469382724,387.44262381015363,2964700
2025-10-03,387.0115966796875,389.22556416136473,384.63110928236614,386.10055037639495,2951300
2025-10-06,381.3983459472656,386.4630330709661,377.86190516575334,386.4630330709661,3653700
2025-10-07,378.9296875,381.8097945639405,377.65618378693,381.51591829041877,2505700
2025-10-08,375.97119140625,378.5867797056215,375.1776956393976,378.5867797056215,2517600
2025-10-09,369.9954528808594,376.5295505048327,369.77012782988123,375.09930295755316,3321400
2025-10-10,368.0950012207031,372.51313042944065,367.1447614322299,372.51313042944065,2992400
2025-10-13,371.6412658691406,374.521373002139,369.50568517472504,371.34738958857247,2925900
2025-10-14,379.8211364746094,380.9673136860338,370.3089627976905,371.151428011127,4399900
2025-10-15,380.3893127441406,386.33565831972317,378.85132042563276,381.3003889596431,3690100
2025-10-16,379.4978942871094,382.05470759562235,376.1475552355551,381.7216378482983,2783700
2025-10-17,383.9159851074219,385.1013259308019,379.31175410870986,380.58525781357866,2657700
2025-10-20,380.9673156738281,385.1698957139825,380.1835958127397,383.43596597058104,2761100
2025-10-21,382.9363708496094,385.6107645968779,377.99904004536666,379.66441869751617,2306900
2025-10-22,381.0456848144531,385.0425515974537,380.26199482432963,383.27923417174753,2857000
2025-10-23,377.1859436035156,380.80077116805273,373.5319225714139,379.2431671607422,2767300
2025-10-24,378.8023376464844,381.7608316980107,377.81293424475376,381.7608316980107,2426800
2025-10-27,377.4210510253906,381.35917244645236,375.0993387883593,379.8015684126954,3065800
2025-10-28,377.8912658691406,382.0644881191651,375.03074073482713,376.588374594008,2372800
2025-10-29,370.3383483886719,377.1565466798896,367.55621017728913,375.1972918919421,3852300
2025-10-30,371.81756591796875,376.86267092031517,368.44764528655713,370.01505509816695,2384300
2025-10-31,371.8567810058594,373.17928404554624,367.3701004288066,369.28035602314776,2643500
2025-11-03,370.64202880859375,370.7693851525698,366.06715574530307,369.32933169412354,2897600
2025-11-04,375.275634765625,375.86341715899624,369.07460674998697,369.6623891433582,2590000
2025-11-05,366.2239074707031,375.6087548028426,362.9813431343525,374.9915847510307,4763000
2025-11-06,361.5511169433594,365.0679759674705,360.0620640580178,364.24509248150383,3622100
2025-11-07,363.54949951171875,366.0377614063349,360.08164014139186,361.47269426733635,2766400
2025-11-10,362.88336181640625,363.108686875456,356.0455818633942,362.2564158414385,3257900
2025-11-11,366.6157531738281,368.3399069859683,363.3536070453897,364.4115914963855,2407300
2025-11-12,363.56915283203125,365.9496404425676,361.4923473497925,364.4801992169242,3375800
2025-11-13,360.57147216796875,365.9104236770592,359.15100044860304,364.08833102327503,3034800
2025-11-14,354.977783203125,359.84653275374205,352.4699393597344,358.4554785369125,3413300
2025-11-17,350.73602294921875,356.3688809187578,348.8453491014055,353.7728740945766,5127200
2025-11-18,329.62506103515625,341.69404871420636,329.1646349295854,333.05375717149207,10168500
2025-11-19,327.68536376953125,334.78766238635967,324.6191252385153,334.0235542137627,7595000
2025-11-20,325.60858154296875,331.9957418511405,325.36367467676166,329.5074797196365,4025300
2025-11-21,336.3257141113281,339.8523790237712,326.2159513276106,327.7539736485155,7441300
2025-11-24,329.7229919433594,336.7077404023321,329.693604315874,335.22852329109276,6132900
2025-11-25,343.9178161621094,345.80848996623916,331.9467675232512,332.09370566162914,6316600
2025-11-26,348.2281494140625,350.0502420089021,341.88995900684074,343.12429908454203,4517300
2025-11-28,349.64862060546875,350.5400552205181,346.29828178312187,347.69914177346277,2119600
2025-12-01,350.05023193359375,354.9092051716903,345.6909081123944,346.83705538368065,5107100
2025-12-02,346.8175048828125,350.2168133297072,344.14311118214977,349.56044978411484,3965300
2025-12-03,350.61846923828125,353.126313154528,346.5432154004159,347.27793599843795,4166700
2025-12-04,346.2408142089844,352.49181916435185,345.08722367914385,351.28894249538723,4022800
2025-12-05,349.6324768066406,350.62830949760183,344.6237958309911,345.7280700562231,5959200
2025-12-08,344.99847412109375,347.14786721894285,340.8475764249326,347.0098479824472,7273000
2025-12-09,340.423583984375,351.6635912020045,340.11793772700884,342.87865339540855,5063100
2025-12-10,346.2013244628906,347.0788162197039,339.17140078923484,339.2700031445164,6316100
2025-12-11,352.4424743652344,357.62865156351575,348.97189397197974,351.0029762024183,6609800
2025-12-12,354.60174560546875,355.69618067158007,351.0522711993482,354.2172355097979,3861200
2025-12-15,351.97906494140625,357.579359927637,350.62829989613044,354.3454011754941,4387400
2025-12-16,347.7295837402344,353.7045198644217,346.8718003495169,351.890350719742,3497200
2025-12-17,351.742431640625,352.4819041668492,346.05343383765756,347.02952794372493,3875200
2025-12-18,350.00714111328125,361.15838486769815,349.5831840686038,358.437146318118,4805200
2025-12-19,340.1573791503906,349.1394914439731,340.0785153162193,349.1394914439731,12825600
2025-12-22,341.52789306640625,343.0166774116561,338.87564898515177,340.4630356930076,3523700
2025-12-23,340.1278076171875,342.62229390594126,337.14033961058345,339.1714218809893,3873400
2025-12-24,342.46453857421875,343.37163818075135,339.07282192421815,339.5066482461403,1368600
2025-12-26,344.8702697753906,345.1364690558136,341.7053357512813,342.11942352082826,1786900
2025-12-29,342.572998046875,345.40270821274765,339.9108848103536,345.0871927008666,3790000
2025-12-30,341.48846435546875,342.1096261749485,338.89537553533864,341.17294881395236,2392600
2025-12-31,339.27001953125,341.84336961987077,339.14183947211427,340.65036230421987,2317500
