Price,Close,High,Low,Open,Volume
Ticker,HON,HON,HON,HON,HON
Date,,,,,
2021-01-04,183.14654541015625,187.60300873398427,181.74619280888652,187.45328122456414,2356063
2021-01-05,183.59571838378906,185.11936882872124,182.2922474601889,182.2922474601889,2197434
2021-01-06,186.94247436523438,188.45731491074434,184.27387681290693,184.4676402299575,2779950
2021-01-07,187.25071716308594,188.48373602232323,185.65660118608494,187.497312777619,2081295
2021-01-08,184.9784393310547,187.9552880210394,182.89994206411973,187.41804730440225,3317143
2021-01-11,183.50767517089844,184.61738285044018,183.04088635562107,183.28749561525632,2973178
2021-01-12,183.96563720703125,184.49406809209182,180.77741850009676,183.06729926421806,2527945
2021-01-13,182.3275146484375,183.73667749878703,181.78146387398294,183.43723600124292,2170119
2021-01-14,183.7278594970703,184.75830528244197,182.46842424877974,183.22584465896063,3704206
2021-01-15,181.40272521972656,183.06729333013115,180.72456683433765,182.77664819545373,3932842
2021-01-19,182.09852600097656,183.85997617301717,181.82551420803927,183.40199722491272,2687282
2021-01-20,183.2610626220703,183.78068360640526,182.0192337280322,183.1201450003374,2481004
2021-01-21,180.75100708007812,183.0232818685022,180.63651914827898,182.18658595367222,2736651
2021-01-22,178.12640380859375,180.0727932192174,177.368970048398,179.89664962722472,3543554
2021-01-25,177.791748046875,178.39945440187316,176.23287159839865,177.32495930456517,4792958
2021-01-26,177.078369140625,180.3458496509987,177.00790353434513,179.52678724499265,2227582
2021-01-27,175.59877014160156,176.81416940144143,173.08870970390595,174.48025260179278,4156521
2021-01-28,178.6460418701172,180.8566604768955,175.81892063206212,176.6908423727156,3775225
2021-01-29,172.0670623779297,176.97269538636766,171.34486801495734,173.0710920034099,4689161
2021-02-01,172.23440551757812,174.18079541333017,171.9877962700086,173.98704557116062,2922696
2021-02-02,176.25047302246094,176.9110251637421,173.95178256859776,174.2336177863304,2800082
2021-02-03,175.3873748779297,176.05672332384825,173.86371087852808,175.81892400900736,1932378
2021-02-04,176.66444396972656,177.43067424254448,175.11437721739262,175.99509541809073,2299815
2021-02-05,178.716552734375,179.55323508872775,177.27216389885987,178.10884625321262,1889889
2021-02-08,179.54440307617188,180.4603608382436,178.39946946910803,179.50917706890584,2099910
2021-02-09,177.92388916015625,179.49157580287857,177.09601672404727,179.31543215283295,1814924
2021-02-10,178.04714965820312,179.09521503260882,177.1840513921889,178.78696370967168,1916698
2021-02-11,178.06480407714844,178.8750702931823,176.919856773828,178.06480407714844,1728933
2021-02-12,179.2889862060547,179.4827496270694,177.59798841329652,178.23211088614022,2013514
2021-02-16,179.17446899414062,181.05042014338167,177.80054615372657,180.4251076254759,2310032
2021-02-17,177.81817626953125,178.07358179292453,176.02148691932422,177.34257763121852,2944143
2021-02-18,179.24496459960938,180.38989822569843,176.71728440673792,177.46589485456536,1785485
2021-02-19,179.2801971435547,182.1601647109882,179.06882749321437,179.77340205803307,2462794
2021-02-22,179.3330078125,179.93190423255064,178.27613257685326,178.82218319579295,2231022
2021-02-23,180.58367919921875,181.28825380677392,178.7605869639588,180.55726308964634,2487984
2021-02-24,185.8591766357422,186.83677639662855,179.22732073274256,180.45152970652796,3380474
2021-02-25,181.16183471679688,186.1776432961991,180.69297975493905,185.72648612750746,2766900
2021-02-26,179.00335693359375,182.05529762438113,178.75565611123685,181.90492100737941,3708455
2021-03-01,182.42686462402344,184.13418293548378,180.18877632768124,180.75492824708067,2565579
2021-03-02,182.74533081054688,183.992643016156,181.50685384685838,182.9134052426318,2529361
2021-03-03,183.12570190429688,185.28417718898697,182.33838225821168,182.33838225821168,2737966
2021-03-04,179.52529907226562,184.03687122706248,177.37567245346455,183.4264884793928,2831444
2021-03-05,182.74533081054688,183.5238016547023,178.49914358605236,180.9318530252952,2891132
2021-03-08,183.736083984375,187.93803985193279,183.2937757153067,183.59454260713224,3253409
2021-03-09,183.65646362304688,185.7176282649882,182.66568767907378,184.87724258855343,2674130
2021-03-10,188.34498596191406,188.6634506802146,183.69187244031048,183.71840547695805,4383032
2021-03-11,187.98228454589844,189.981534456413,186.83228296148766,187.35420402634836,2994220
2021-03-12,189.64535522460938,190.5388343020668,188.60149953126356,188.6811259431093,1860652
2021-03-15,191.25540161132812,191.96309492483397,188.15921605332787,189.0526815927702,2590870
2021-03-16,187.37188720703125,191.49421664417656,187.01802693756713,191.39691974995623,2607765
2021-03-17,188.45108032226562,189.68954317785435,187.4868376029963,188.86685545749376,2762044
2021-03-18,190.21153259277344,193.7323284324916,188.58382715999687,188.866909928055,4343982
2021-03-19,188.34498596191406,190.71578038211874,187.6903723861166,190.52115926101678,10228727
2021-03-22,187.65493774414062,188.1414904456409,185.35492132648722,186.75262350601733,3345065
2021-03-23,184.52340698242188,187.84958161312903,183.88647760110268,186.14226347006453,1936122
2021-03-24,187.73458862304688,190.23806168757358,185.67341018392904,185.73533880556693,2591983
2021-03-25,189.2030029296875,189.35339316628065,184.22257754615583,187.7256882138647,2243364
2021-03-26,193.3165283203125,193.4580696861419,189.43303745077498,190.29996978166534,2569625
2021-03-29,193.62615966796875,194.32501765755555,192.08691596727814,192.5380731328011,3099636
2021-03-30,192.92730712890625,194.0065447216531,192.0072950439465,193.7323108753941,2476653
2021-03-31,192.02499389648438,193.88270221324635,191.74191115251773,193.01576984466357,2478576
2021-04-01,191.78616333007812,192.82117021875192,190.62731284801993,192.81232132157328,2134205
2021-04-05,193.97117614746094,194.71425132780033,193.17500758659853,193.47578814199971,2285044
2021-04-06,193.900390625,195.54579374791646,193.29884319473413,194.23655309783499,1816948
2021-04-07,193.2900390625,194.51081825657894,192.21080126630497,193.0423382022765,1737229
2021-04-08,194.49310302734375,194.58156468612853,191.6446184964867,193.0069389663364,2095863
2021-04-09,200.79164123535156,201.36664207951728,197.54507888953418,201.25164737296683,3906943
2021-04-12,202.22471618652344,202.78203286416021,199.53547067146982,199.60623454051606,2691126
2021-04-13,202.57852172851562,203.41892102318488,201.34005868161853,202.76429391669086,2781973
2021-04-14,202.91470336914062,204.33893873891677,201.69392434260195,201.69392434260195,2212002
2021-04-15,203.3216094970703,204.09123127762675,202.19814113339885,203.66660718446678,2032837
2021-04-16,205.32972717285156,205.54204608125585,203.50741424708465,204.9493474974206,4145898
2021-04-19,204.3212890625,205.32974936358642,203.90551375359698,204.97590268561174,2938275
2021-04-20,201.10121154785156,203.63123107626566,199.73004234339507,203.4631566756238,2074517
2021-04-21,203.90548706054688,204.05587734128144,200.7473867550568,200.92431007088328,1742489
2021-04-22,202.8085479736328,205.25895497226935,202.40162162332257,203.81702178048576,2545548
2021-04-23,198.59774780273438,200.7650720902363,196.58081379686374,199.21699306752438,5372338
2021-04-26,195.96156311035156,199.69466385110738,195.7315600896562,199.56197137636437,3653522
2021-04-27,197.2089080810547,197.93429919323026,195.59890032266804,196.40390420186137,2819000
2021-04-28,197.15579223632812,198.2792606335028,196.82847867490455,197.04079755566775,2193185
2021-04-29,198.0669708251953,198.29697386012222,196.10310295949776,197.8988964112619,1810574
2021-04-30,197.30618286132812,197.78387303251063,195.53693623405692,197.288485069331,2242757
2021-05-03,197.44769287109375,198.84539489006804,196.6161425819628,198.36769113905186,2244578
2021-05-04,199.42042541503906,199.57081567856756,195.2803984492298,196.51001262240322,2859973
2021-05-05,200.09275817871094,201.04815227099255,199.71237851459557,200.18121983601267,2745554
2021-05-06,202.27781677246094,202.41935818085338,199.43818067326455,201.03050444804535,2076844
2021-05-07,202.39276123046875,203.19777864429338,200.25198380632906,201.8089116006394,1979927
2021-05-10,204.29470825195312,205.80741893452745,202.5785412258024,202.5785412258024,2419494
2021-05-11,202.72010803222656,202.80856969804353,198.3766101980596,201.74702970823995,3419625
2021-05-12,194.65231323242188,201.03927681967033,194.51960710829286,200.4908091545625,4246053
2021-05-13,198.71218872070312,199.76936138752635,194.32361044139702,194.40356110423582,2938579
2021-05-14,201.98141479492188,202.75430319408562,199.76047316833217,200.54224802188045,2105575
2021-05-17,201.19076538085938,202.42561226020797,199.65387505081773,202.42561226020797,2082105
2021-05-18,197.50399780273438,200.76433915104658,197.4240471412638,200.2135435477354,2428397
2021-05-19,196.6156463623047,196.7489020493404,192.58240250309396,196.03819133815117,3085776
2021-05-20,197.33522033691406,198.01038519486622,195.8605076814849,195.87828059103555,2233551
2021-05-21,198.2857666015625,200.44451667740466,197.806035220044,198.10809237541895,2301130
2021-05-24,199.88487243652344,200.3468172519625,198.2591311295474,199.4406731039752,1834652
2021-05-25,199.03204345703125,200.51564280112433,198.45460208324465,199.88489640394715,1825648
2021-05-26,199.23635864257812,199.8759914366934,198.383519488313,199.8493320706336,1768185
2021-05-27,205.4550018310547,205.8725418161973,201.29738860427886,201.38622573186956,6724426
2021-05-28,205.1351776123047,206.31671959243772,204.60215486707136,206.10351323707746,2558800
2021-06-01,206.9474639892578,207.60486967318727,205.66819844168234,206.89415897249796,2260056
2021-06-02,204.98419189453125,207.89807211986687,204.77098549457222,207.89807211986687,2251356
2021-06-03,203.61607360839844,205.78372441399,202.96756800029027,204.95753082000226,2348374
2021-06-04,204.3712158203125,204.9930758121293,203.6072136590611,204.11357713848253,1315163
2021-06-07,202.7188262939453,204.6466114464627,202.13249842253322,203.89148203676947,2056105
2021-06-08,204.157958984375,205.05523041042096,202.0525136196375,202.82540209876026,1740668
2021-06-09,202.3812255859375,204.68211821633557,202.1946648708152,204.1668546358232,1996417
2021-06-10,200.995361328125,204.38008633245173,200.90652419336755,203.545006294798,2249535
2021-06-11,200.04476928710938,202.8431523369731,198.96095091587753,202.3279025160914,2021911
2021-06-14,198.25912475585938,199.84043373644548,197.8682441665416,199.81378808563522,2616263
2021-06-15,197.6639404296875,198.87214191318003,196.9265977000906,198.12589901374835,2087062
2021-06-16,194.54571533203125,198.0192770045897,194.199253295743,197.6639147996207,3087901
2021-06-17,192.1470947265625,195.62064260274195,190.76121918708046,194.73227139563667,2453689
2021-06-18,188.7801513671875,191.25873182727145,188.30043363724585,189.7573734511163,5489590
2021-06-21,191.8894805908203,193.15985971649164,190.41476784784575,190.7701163506351,2905902
2021-06-22,191.4363555908203,192.60012435850342,190.89444653112614,191.60514334025638,2135520
2021-06-23,190.6990509033203,192.218168485662,190.610213778197,191.59630860979883,2260259
2021-06-24,193.39083862304688,193.70176856240397,190.6901653223188,191.70291952430003,3403540
2021-06-25,194.3236083984375,195.5939873906965,193.0710023149177,193.55072000057137,5279973
2021-06-28,192.59130859375,195.5407206333097,192.15600938111928,194.6612357519401,2387829
2021-06-29,191.84507751464844,193.9860551595177,191.37423248224425,192.8045130641638,3036913
2021-06-30,194.86550903320312,195.31858104960776,191.47191213715902,191.47191213715902,2899731
2021-07-01,195.9937744140625,196.56234298776639,195.1409352671722,195.9582423066224,1649214
2021-07-02,196.6156463623047,197.26415188707898,195.18535219838955,196.32247562262685,1560693
2021-07-06,194.16372680664062,196.28694507453946,191.82728846685876,195.52294305340004,1958176
2021-07-07,196.1003875732422,196.85550315144934,193.6751120684292,193.69288497926507,1581432
2021-07-08,194.83888244628906,196.07371568789904,192.8933248079433,194.16371758262036,2432747
2021-07-09,199.29855346679688,199.52953275742988,196.10040293605843,196.35802788136692,2187014
2021-07-12,199.9026336669922,200.5067343430186,197.33522979279445,198.00150822789792,2090400
2021-07-13,199.0675811767578,200.64000387759197,198.73887830728788,200.64000387759197,1433831
2021-07-14,202.34568786621094,203.22518645648398,199.14753735494554,199.14753735494554,2662496
2021-07-15,206.8231201171875,207.37391583512857,203.47392724240615,204.3267801877989,5611495
2021-07-16,204.61990356445312,207.7558758298636,203.98915727222487,206.27229044628908,3634705
2021-07-19,196.029296875,201.31514671914843,195.45185558810084,200.4800668102393,6178330
2021-07-20,204.0247039794922,205.4549981645769,196.7755506137265,196.89991984740084,28566443
2021-07-21,205.97023010253906,206.16567724822454,203.1985065266846,203.61603275440987,4607824
2021-07-22,206.76092529296875,208.10236874147938,204.4422596696292,206.73427963858555,3723124
2021-07-23,203.72265625,205.3217381984508,200.93314586694333,203.43837196723868,3953986
2021-07-26,203.66049194335938,204.11356407971576,200.08033342051067,202.97644051065788,2809086
2021-07-27,204.64657592773438,206.34336776350983,202.62995398451565,203.1541039946601,2192376
2021-07-28,204.76206970214844,206.35226530117845,203.76708835999554,204.38894827042452,1733890
2021-07-29,206.8852996826172,207.21400256774243,205.51719683202418,206.89418613885488,1519417
2021-07-30,207.69374084472656,207.82699655163876,206.17460932952633,206.8053557516443,2263395
2021-08-02,206.47665405273438,210.42104768480294,206.29897977582146,208.89304341788477,2048922
2021-08-03,206.6809539794922,207.74699946704496,204.8420063143322,207.14291250956452,1803796
2021-08-04,203.96253967285156,206.97412941400944,203.35843894796943,205.92584302980214,2351106
2021-08-05,204.22015380859375,205.70373931771974,203.39396029775742,203.90922386351536,1484313
2021-08-06,204.04246520996094,205.1173971158253,203.44725101433133,204.3267494823707,1342882
2021-08-09,202.75433349609375,203.72266918178016,202.15024649896176,203.23406496791375,1385777
2021-08-10,205.9969024658203,206.16569025847411,202.6565964375744,202.91423506778133,2416662
2021-08-11,208.0401153564453,208.48430085915354,205.98796187753936,206.63648093969036,2122976
2021-08-12,206.8717498779297,208.4861156361357,205.76576641815782,208.28098109317258,1939561
2021-08-13,206.71119689941406,207.51393260243216,206.1671270566879,206.79146633921297,1421084
2021-08-16,208.47718811035156,208.530705658303,205.2930385748394,206.80038296181516,1815430
2021-08-17,206.43472290039062,208.44154171798277,203.66085584363938,207.98666315315106,2710348
2021-08-18,203.73220825195312,206.47040140826329,203.57165559403697,205.10575200517954,2585104
2021-08-19,203.1167755126953,204.4635811319306,201.60943100510212,202.98298851628246,1967787
2021-08-20,203.09002685546875,204.0087058398089,202.0286389856798,203.47354407728992,2105272
2021-08-23,204.3476104736328,206.57740736639212,202.6886490753984,202.6886490753984,2168298
2021-08-24,205.5338592529297,205.96198586527493,203.63407580785415,204.11570619944283,1280159
2021-08-25,205.7301025390625,207.22852515261238,204.07112726959102,205.9084852000796,1825243
2021-08-26,205.92633056640625,206.19391834623653,204.6330561775595,205.21279986911148,1318299
2021-08-27,206.15821838378906,208.31666788882686,205.73010549852702,206.55067125834717,1683003
2021-08-30,206.80931091308594,207.620954737182,205.64090178330747,206.22956729135203,1333676
2021-08-31,206.844970703125,207.50499748868086,205.6498097635744,206.41685787259235,1979117
2021-09-01,204.9630584716797,207.98665565150014,204.51708804180987,207.77259920763655,2513276
2021-09-02,206.0066375732422,206.42584241364864,204.93632763536073,205.96204189951155,1613097
2021-09-03,203.6786651611328,206.0333270352469,203.15242535590235,206.0333270352469,1641323
2021-09-07,198.83558654785156,203.09004655831626,198.6928776485578,203.09004655831626,3259984
2021-09-08,200.1466827392578,200.59263939525135,197.84553813332477,198.67502577447908,2456926
2021-09-09,198.83558654785156,200.66402280701317,198.300438501759,199.70966995080997,1960503
2021-09-10,198.33609008789062,200.85130489872114,198.193381204568,198.8712380740926,2385401
2021-09-13,199.4331817626953,201.31513565301063,198.19341105989665,200.07536495021196,2803724
2021-09-14,196.39170837402344,199.89694966951222,195.9635817293667,199.83451023122575,2731188
2021-09-15,197.7295684814453,198.81770815973522,196.34710293638238,196.78413767760466,2045280
2021-09-16,195.91004943847656,197.47983324910518,194.90217922512,197.35495438192746,2421417
2021-09-17,194.87542724609375,196.09735388094182,193.9924221319774,196.09735388094182,4442821
2021-09-20,192.41375732421875,194.2957110304955,191.04019973903812,192.73484888657714,4055253
2021-09-21,191.6734619140625,193.49297618687848,191.18290956505408,193.35918918260344,2598660
2021-09-22,193.56431579589844,194.8219162486302,192.93996274433258,193.0469978430794,2307706
2021-09-23,195.9546661376953,197.44418067101088,193.81406038233249,193.81406038233249,2205426
2021-09-24,195.499755859375,196.94467449180033,194.8575728601508,195.99030811012236,1971833
2021-09-27,194.34921264648438,196.07062743652685,194.19759563841453,195.27681354256876,2224952
2021-09-28,191.7358856201172,194.75057456503686,191.28992897580207,193.20754254635705,2685056
2021-09-29,191.69126892089844,193.02023058980177,191.3612555329811,192.5029126781568,2133598
2021-09-30,189.3365936279297,192.87752204512634,189.17605476066404,192.8061607287423,2968625
2021-10-01,192.34237670898438,193.0291554327133,188.76578798212762,189.96096277597726,2303052
2021-10-04,191.0580291748047,193.20754295865925,190.14827211112308,191.98561624329088,2662901
2021-10-05,192.4048614501953,193.5911146370201,190.52290748947755,190.52290748947755,1578296
2021-10-06,193.42166137695312,193.53760462628608,190.0858800558348,190.66562383919336,1756147
2021-10-07,194.7683868408203,196.09734853458406,194.17972137023952,194.43837344672954,1874208
2021-10-08,194.17080688476562,195.82086014976437,193.31456741931882,195.04489012237823,1360485
2021-10-11,192.02130126953125,194.63461543750392,191.99453561016043,193.8854110369569,1371006
2021-10-12,191.1650390625,192.86860986742857,190.8082737676482,192.3869657047045,1399839
2021-10-13,192.2799530029297,193.2610576077845,189.92527716826027,192.02130090622754,1618864
2021-10-14,194.96463012695312,195.13409089736479,193.1272722385964,193.68918586892144,1442126
2021-10-15,196.86439514160156,197.51550003906246,195.56219911502185,196.48978609000255,2206033
2021-10-18,196.78408813476562,197.53330609491366,194.2956397654758,194.95565265425148,1905266
2021-10-19,197.80984497070312,197.86336252157184,195.74060063829762,197.4352496513089,1618257
2021-10-20,199.4687957763672,199.5133914352388,196.96250322577325,198.21119544251974,1676225
2021-10-21,200.25372314453125,200.55697092496473,197.32822537442868,199.45100114249567,2680099
2021-10-22,193.90322875976562,199.70070600996885,193.76051989052357,198.87121845219207,3539406
2021-10-25,194.02813720703125,195.3303334638409,192.34239617679467,193.37703219445416,2742013
2021-10-26,194.72378540039062,196.64141250781353,193.3413199698903,194.61676407967954,2472404
2021-10-27,192.4048614501953,194.58114135133363,191.95890471116638,194.52763755732724,1666311
2021-10-28,194.86651611328125,195.13409009757456,191.20964412458613,191.20964412458613,1970619
2021-10-29,194.9913787841797,196.48980133851805,193.5999913295595,194.43838704954115,2645804
2021-11-01,196.00816345214844,196.26681553687052,194.5008190689222,195.06273266850047,1717602
2021-11-02,197.28366088867188,197.97936166139925,195.5533377294615,196.70391712890557,2324196
2021-11-03,198.71961975097656,198.94259807707803,195.84763963510835,197.03389259097443,2081295
2021-11-04,198.44314575195312,200.53915601674277,198.07745850315973,198.60368465710866,2347059
2021-11-05,201.62725830078125,203.00972381739973,199.62936163628427,200.00395693462048,2356367
2021-11-08,201.33294677734375,203.57166583556048,200.12886373994363,203.18814859765232,1735408
2021-11-09,203.13458251953125,203.58946097867224,200.99397719602428,201.30614679781928,2396631
2021-11-10,201.9163360595703,204.15578290687648,201.71031502507853,203.58248053154728,1340252
2021-11-11,197.97491455078125,201.99693570153042,197.60764709326193,201.99693570153042,1614413
2021-11-12,199.21116638183594,199.34553156991515,196.62237220138516,198.80805698975138,2210080
2021-11-15,199.2827911376953,200.68915208425793,198.5392955831525,199.4261167481483,1221988
2021-11-16,198.2974395751953,200.00835874113744,198.01974880747164,199.41714926130348,1667727
2021-11-17,197.50917053222656,198.225784785298,196.7119261134084,197.9570544403962,1918721
2021-11-18,197.69728088378906,197.92122283373317,196.19238268345757,196.62234569621228,1707991
2021-11-19,195.71759033203125,198.14513732645122,194.5351714690376,197.97494423364657,2120548
2021-11-22,195.40408325195312,198.0107839363328,195.30554603621033,195.57427635486673,2480194
2021-11-23,193.4871063232422,195.6906974406853,192.72569001609364,194.7053530557007,4068304
2021-11-24,190.09214782714844,193.40650230684545,189.7607082308255,192.7167556130249,3304093
2021-11-26,186.50901794433594,187.21668540558963,181.4568499982162,183.58879899564025,3902795
2021-11-29,186.01637268066406,188.3005942027838,185.4251632177533,188.3005942027838,2628403
2021-11-30,181.16127014160156,184.95038956204158,180.14904436396026,184.73540808387173,5746552
2021-12-01,178.63522338867188,184.421928078866,178.42024186540814,184.21589317202677,3159526
2021-12-02,182.7378387451172,184.03671581682173,178.70685619468995,180.0146937095072,6074938
2021-12-03,182.28994750976562,183.16780817033586,180.05051438635041,182.74679181163094,3587258
2021-12-06,184.75332641601562,186.4015501142071,183.517158642372,183.83963779322877,4427444
2021-12-07,185.55953979492188,187.7541846797678,184.31441152071483,185.72077246389023,4842530
2021-12-08,183.32012939453125,183.92924602868473,181.41212166398867,183.4903225280877,5055687
2021-12-09,184.52938842773438,185.5684956181841,181.79728294388886,183.25739268298298,5050224
2021-12-10,187.94229125976562,188.14831230951967,184.36815307504668,185.28184170405189,3449975
2021-12-13,187.42276000976562,188.78433267255113,186.85841796770438,187.93335321527164,2926034
2021-12-14,185.13851928710938,189.4919810143354,184.44877258198076,187.06443379557763,3834812
2021-12-15,187.89749145507812,188.4707800101983,183.84858831588923,185.9178282699125,2986431
2021-12-16,187.76309204101562,189.25902933911456,187.485401342658,189.23216184449706,3028111
2021-12-17,183.78587341308594,188.21099021618994,183.37381755440526,187.62874128027036,5644172
2021-12-20,179.02040100097656,181.52856471293305,177.45279349556176,181.05379947387627,3426909
2021-12-21,180.6506805419922,181.64498545417268,179.4324337048991,180.18487580703663,2658854
2021-12-22,180.80300903320312,180.9463346643676,179.2264409182406,180.2476273978833,3147386
2021-12-23,183.83070373535156,184.80708786971118,181.84207986458736,182.02123342420728,2403814
2021-12-27,184.9145965576172,185.1027105719988,183.55302389221737,184.25171728523955,2515400
2021-12-28,185.46995544433594,186.419472016206,184.72645992194077,184.95040185738918,1994191
2021-12-29,185.89993286132812,186.35677721067813,184.94145577206135,186.24033292634263,1734497
2021-12-30,185.5237274169922,187.1271629370936,185.3445600184397,186.41053482642107,1287949
2021-12-31,186.77780151367188,187.3869319478526,184.86980769811436,185.29977073460424,1554421
2022-01-03,185.24600219726562,187.5302236272027,184.13523920299247,186.19551871115564,2608676
2022-01-04,187.2167205810547,187.70939285012628,184.21587092283875,185.1653875160729,3294381
2022-01-05,189.06198120117188,193.1108841637011,187.32418089888196,187.70040884280596,4136186
2022-01-06,188.84701538085938,192.0090975701626,188.66786183611416,189.72487604681726,3308544
2022-01-07,193.26324462890625,194.66064546588007,189.5188984595337,190.03845219304662,3092352
2022-01-10,191.2118377685547,193.89916837806928,189.7786095265125,193.19150087128676,3493982
2022-01-11,193.76483154296875,194.3739481037027,189.47406514843573,192.07181937240213,3570666
2022-01-12,195.5026092529297,196.3446281041829,194.69640451536355,194.82180922464073,3141013
2022-01-13,196.55963134765625,198.7632226887993,195.34137066368243,195.63698230589253,3118453
2022-01-14,194.96514892578125,195.25180013445026,192.9138297336722,194.92932098165866,3382092
2022-01-18,191.32830810546875,193.43337604854113,189.95777521459235,192.48385951184795,3090632
2022-01-19,188.76641845703125,192.3853453230398,188.64996034426832,192.06286614377782,2645298
2022-01-20,187.14503479003906,192.09866604055588,186.97484169545515,189.6173701940881,2598660
2022-01-21,183.7231903076172,187.75417270895488,183.59778559221016,187.44961444929675,4492595
2022-01-24,183.1409912109375,183.43658910839093,178.24110725319213,182.91704921957958,5501527
2022-01-25,181.21502685546875,182.54973182237933,177.28258166914185,179.79074511643498,5298891
2022-01-26,179.73699951171875,184.4308473452911,178.0081594820229,181.9764326828133,3427111
2022-01-27,179.73699951171875,183.4813307781841,178.49187129459622,181.90477679496692,2782075
2022-01-28,180.9373321533203,180.99108098099168,175.61643328719353,179.49512956015298,3431866
2022-01-31,183.16781616210938,183.61570004076523,178.53666366998135,179.65638719446534,3336264
2022-02-01,183.9381561279297,184.3681328942147,180.50734392319555,182.67512098297158,3088912
2022-02-02,185.91787719726562,186.17764712974684,183.31117594410017,184.00988322177201,2868977
2022-02-03,171.75567626953125,180.05054481930785,171.6123506448204,179.2981025743834,8781138
2022-02-04,171.54067993164062,172.6962314459503,168.4323463334662,171.87211954592004,5543815
2022-02-07,172.41851806640625,174.30860445379088,170.9225805182383,172.12290643699373,3498130
2022-02-08,174.28172302246094,174.72960685962704,171.1375618921432,172.4185179631441,2767709
2022-02-09,176.12704467773438,176.48535179558561,174.39820453739517,175.67916078042032,3247946
2022-02-10,171.76463317871094,176.4405745488024,171.1107143506278,173.87866190095679,3702284
2022-02-11,167.50071716308594,172.78578800247843,167.10658214618348,171.81835060334336,5385591
2022-02-14,167.2320098876953,168.78169649708227,165.30609526663528,167.8501007394218,3193619
2022-02-15,169.7760467529297,170.13435394350154,167.08871516794534,168.56674615690196,2861490
2022-02-16,169.35499572753906,170.01786112931498,167.33054392034205,169.78495873738157,3121589
2022-02-17,165.35086059570312,168.2979611723167,165.09109073237093,167.9396540979707,3111776
2022-02-18,163.14730834960938,165.77193064403716,162.48444281289056,164.7597045343747,5097165
2022-02-22,163.53244018554688,165.9689475947869,162.08129103624017,164.03407284381603,4054747
2022-02-23,160.3076629638672,164.71487345084486,160.16433735926904,164.4371826846567,3624183
2022-02-24,164.23472595214844,164.5499709374036,157.101135012264,157.57851433232534,5968511
2022-02-25,169.8371124267578,170.70178709310102,163.99151736538025,164.01854670419212,5059329
2022-02-28,170.9090118408203,171.080156010785,167.576407025943,167.576407025943,4159050
2022-03-01,165.36964416503906,170.9990473762725,164.76616956021545,168.11679326581657,5526718
2022-03-02,167.9276580810547,169.5579420244545,165.8740534128909,166.93688792388357,5402991
2022-03-03,168.90042114257812,172.80047497449706,168.54014108848637,170.65680031026025,5081485
2022-03-04,168.81935119628906,169.03551643550767,166.19829726882153,167.2160828014671,5121041
2022-03-07,164.0726318359375,168.70225538908397,163.9465366024082,168.4680705816814,3575016
2022-03-08,165.0453643798828,168.45003235482426,164.0365748987136,164.09961555129817,4628361
2022-03-09,166.9908905029297,168.63919373138006,166.53153072712774,167.8555791783072,2933217
2022-03-10,166.05416870117188,166.729693707688,164.12665955939295,164.41487521978345,2484039
2022-03-11,164.1446533203125,168.36896108205997,163.9555035514006,167.87357611318595,2757289
2022-03-14,165.0093231201172,166.81974663709045,164.57699272178246,165.25251765916886,3037115
2022-03-15,169.1436004638672,169.48586092274795,166.4414724942619,166.7477216357677,3968554
2022-03-16,172.0618896484375,172.2600492332708,167.99970158326101,170.77388015498977,4180902
2022-03-17,172.87254333496094,173.48501387952032,170.41360966240995,170.81892473265856,3190281
2022-03-18,175.38546752929688,175.56560751905985,170.95399041157134,172.72838877631122,8850639
2022-03-21,173.85427856445312,175.1062627234465,172.5032285258126,174.34966357862132,3541429
2022-03-22,175.66470336914062,176.46633752012815,173.96236918691605,173.96236918691605,2397137
2022-03-23,173.2418212890625,175.6016610976885,172.94458191555722,175.1332914870655,1837282
2022-03-24,175.35848999023438,175.38550543294454,172.98061658429884,173.9984160888117,2223434
2022-03-25,178.15065002441406,178.66405459771525,175.92590150810324,175.95293085110924,2572761
2022-03-28,177.5381622314453,177.74533157454923,174.96214353778444,177.52015657377285,3308645
2022-03-29,177.92547607421875,179.59178502608108,175.4845623193024,179.31256523726148,3389376
2022-03-30,177.0247344970703,178.50189343200208,176.25913959464046,177.5471487728816,2455813
2022-03-31,175.25941467285156,178.52897852358808,175.23238532546569,177.14188914400467,3314210
2022-04-01,176.56539916992188,176.63746351308413,174.2866198031011,176.44831373025968,2313270
2022-04-04,176.6014404296875,177.10583522199295,174.23257712926414,175.93491129129293,2075124
2022-04-05,174.40367126464844,176.96168382087853,173.91729613498828,175.3133947819445,2320554
2022-04-06,174.3947296142578,175.70074477989698,172.15196130264334,172.8635255160757,2976820
2022-04-07,173.5660858154297,174.3767159456457,169.72907261030704,173.38593188250786,2227177
2022-04-08,171.27825927734375,174.18754259794306,170.96301426930066,173.83627236977736,2911365
2022-04-11,170.4766387939453,172.26003317928632,169.9902496590449,171.3773388156378,2732200
2022-04-12,172.02584838867188,173.73719233382914,171.1341442440315,171.9447881675181,3134943
2022-04-13,175.5025634765625,175.64667825780413,172.3230841243535,172.78244390656872,2419191
2022-04-14,175.80882263183594,177.1688824944339,175.55661827427735,175.79080306915904,4325671
2022-04-18,172.99859619140625,176.4302796301982,172.16093690906106,174.99815560966846,1980837
2022-04-19,177.6192169189453,177.76333169575025,173.4489537880783,173.8993037756048,3379664
2022-04-20,176.84461975097656,179.69084847910227,176.5473943080431,178.50191889940245,2653492
2022-04-21,176.48431396484375,180.6725962247744,176.05198358300706,178.30374719234754,2446405
2022-04-22,171.7016143798828,175.2954329284521,171.44942390488745,175.2774133642447,3076266
2022-04-25,172.77345275878906,172.8455032051889,168.72928428298016,171.43139848672203,2425463
2022-04-26,169.03549194335938,171.90874982025215,168.94542194807016,170.6927909798661,2882229
2022-04-27,167.84658813476562,170.0352976976889,167.31516395803334,167.9276483621367,3089114
2022-04-28,171.06210327148438,171.73762832512492,166.8558005679214,169.13459399524294,3464442
2022-04-29,174.29563903808594,181.9336255886091,173.71917987745132,180.3123515793038,7333043
2022-05-02,177.32199096679688,180.96985366298804,172.87250807596467,175.1783166900916,7182406
2022-05-03,177.47509765625,178.65501728210324,175.8628337447812,176.82658817981712,5422314
2022-05-04,185.4103240966797,185.90570907434912,177.75433272984233,177.88042794336178,5547659
2022-05-05,178.22271728515625,184.34751971483948,176.96173713738827,183.47383505086364,5826170
2022-05-06,176.02499389648438,177.8173981889019,173.98038523786514,177.69130295779306,3667078
2022-05-09,174.7009735107422,176.35827292606865,173.2598393527237,175.73677869332866,3825504
2022-05-10,175.43052673339844,177.65527537952616,173.13372764301647,176.79058662457214,4823106
2022-05-11,172.95355224609375,177.3129647352205,172.4131323127928,175.48453561849703,3322202
2022-05-12,174.65557861328125,176.31232334473845,170.8260509277983,172.89924584190464,4036841
2022-05-13,175.2078399658203,176.49340063120152,172.85399275412428,175.09920989394126,3275159
2022-05-16,175.59715270996094,176.80123744112126,174.12147181053567,175.2712345129811,2654807
2022-05-17,180.21429443359375,181.11057286423915,177.26293298009213,177.41684304755657,2755670
2022-05-18,175.515625,179.87928838465663,174.95432082732137,179.03734610094423,3223059
2022-05-19,174.4111328125,176.72876977766086,170.31000909169245,173.84984255675792,3162662
2022-05-20,171.78575134277344,175.82351247021302,168.19160854514828,175.20788599991545,3929402
2022-05-23,171.63182067871094,173.9856680353222,170.6540661197538,173.7412259017556,3769458
2022-05-24,171.97581481933594,172.70007115140191,167.38580677413,171.38735654953234,2875552
2022-05-25,172.41041564941406,173.07129411043667,169.02449138250012,171.2153868435175,2541299
2022-05-26,174.8185577392578,175.79631223795099,173.08937886073912,173.17085490846978,2264710
2022-05-27,177.76084899902344,177.79705902007566,175.66954209809114,176.52961045609769,2272601
2022-05-31,175.28933715820312,176.8917600555603,173.4334161321434,175.23501513238764,3544262
2022-06-01,173.7412109375,176.285178181629,172.36511825836814,176.08600209178087,2388841
2022-06-02,178.38551330566406,178.53035337529712,173.8769818174246,175.44319434191104,2539882
2022-06-03,176.3756866455078,177.59788306935647,175.2802462484196,176.85551480678598,2281200
2022-06-06,176.710693359375,178.32217223326705,176.07696900988353,177.9781420583579,1604701
2022-06-07,178.9105987548828,179.24557287019294,173.95846296340093,175.29834544933522,2154944
2022-06-08,176.10409545898438,178.24066827307908,175.28930713722414,178.0233802070311,1708497
2022-06-09,173.83172607421875,177.06373934353576,173.68687202071987,174.94527850864137,1694334
2022-06-10,168.64422607421875,170.82606520979772,168.58084805025112,170.49109104078335,2912276
2022-06-13,166.96034240722656,168.4993873695243,165.06819726860886,165.09536527077643,4819868
2022-06-14,165.92822265625,169.3141458488473,165.16774239816584,167.61212126652674,3492768
2022-06-15,167.4582977294922,169.54960536976057,165.47563416609643,166.96037133189844,3013948
2022-06-16,162.8501434326172,165.13157076184004,162.0896769730825,164.63364446418754,4479848
2022-06-17,162.68719482421875,165.10442028660648,161.32014400725507,162.41559865602164,5699307
2022-06-21,163.42051696777344,164.68797980319079,162.42466429197518,164.54312570983078,2969738
2022-06-22,160.90367126464844,162.75055010580633,159.49136859236032,161.56456356674036,2940602
2022-06-23,158.04283142089844,161.70035088726223,156.54905280385904,160.45100038600884,3372279
2022-06-24,162.9768829345703,163.0855130032932,159.0658650531566,159.78107938829487,4203765
2022-06-27,161.41064453125,163.99083557569347,160.6049121847295,163.8550375181235,2631033
2022-06-28,159.29220581054688,164.28055256484117,159.1111417086008,162.4789535702305,3218203
2022-06-29,156.8025665283203,159.7720402761524,155.1820315726663,159.38274405665123,2456622
2022-06-30,157.35479736328125,157.907045629353,154.06846179005598,155.04621625506198,2905700
2022-07-01,158.53170776367188,158.76709384432382,155.3268486427704,157.20992331267976,1996113
2022-07-05,155.79763793945312,157.28237462287643,152.9639626369215,157.28237462287643,3384621
2022-07-06,156.81163024902344,157.75317484234196,154.88328900822194,156.4132780093994,2227582
2022-07-07,157.33676147460938,157.71698782617983,155.04627748553892,157.71698782617983,2788853
2022-07-08,156.9293212890625,157.82559988119783,155.2816321740553,157.42726160431022,1633634
2022-07-11,156.4766387939453,158.47741384656686,155.79764842666546,158.44120382204034,3261805
2022-07-12,157.1737518310547,160.0798475706662,155.46268480910499,155.46268480910499,2789763
2022-07-13,154.69314575195312,156.01491640997483,153.78781132256285,154.6116557308393,2020393
2022-07-14,153.46188354492188,153.70632564232548,151.50638869161452,152.7466832260878,1845477
2022-07-15,156.44039916992188,156.576197217684,154.0231743543276,154.83797661620633,2214026
2022-07-18,154.76560974121094,157.73508403422514,154.38536945241043,156.748273278841,1676326
2022-07-19,160.4510040283203,160.86745420485838,156.43135632112336,156.5490563575945,2484039
2022-07-20,161.38351440429688,161.72754458626207,159.50043934200096,160.07078567811757,1668031
2022-07-21,162.98590087890625,163.16697891730735,160.34235996759355,161.3834783303911,1875321
2022-07-22,164.2895965576172,165.5751571776006,163.1398340041683,163.41143013723737,2354242
2022-07-25,164.0994873046875,165.16777388381482,163.28469885168084,164.56120355645302,1963841
2022-07-26,164.2443389892578,166.15458199386848,163.3299624991332,164.45257108718008,2351207
2022-07-27,166.27224731445312,167.50349979776595,162.55136379393616,163.27562009566827,3546993
2022-07-28,172.41041564941406,173.35194629708167,169.18744350361757,171.2063308422753,3696517
2022-07-29,174.2391357421875,174.84570603098936,170.97996816203886,172.44659287434035,2941310
2022-08-01,173.81365966796875,174.8728903632513,172.8268630060884,173.28857930852718,2360514
2022-08-02,171.21534729003906,173.23422018699438,170.7988971068993,173.03504410692096,3374404
2022-08-03,173.3700408935547,173.74122510473447,170.02032699260369,171.4326437852771,2564668
2022-08-04,174.22105407714844,174.56507028872693,172.41039904024873,173.03506741143562,1721042
2022-08-05,174.06712341308594,174.59221764403952,172.26552458959785,173.43339911646814,1870262
2022-08-08,175.60618591308594,176.9551245539276,174.80949553775093,175.8053480254388,2101933
2022-08-09,175.71484375,176.45721222099164,175.09017534042954,176.14940601666953,2308211
2022-08-10,178.55755615234375,179.54436666460836,177.7789777375249,178.29501600585945,2670387
2022-08-11,180.6138153076172,181.62374200524934,179.23993802845158,179.23993802845158,2420607
2022-08-12,182.76107788085938,182.86114920333796,180.36817241775157,181.35991082498455,2284134
2022-08-15,184.01663208007812,184.42606064991875,181.4599612676258,182.54266956551862,2334818
2022-08-16,185.30862426757812,185.84542784036202,182.02408022988786,182.35161187084339,1680575
2022-08-17,184.49888610839844,185.58160870827913,183.10682021359406,183.61633425263818,1680575
2022-08-18,185.3541259765625,185.60887594280217,184.13492730143827,184.25321510691137,1526803
2022-08-19,183.38885498046875,184.53527198398237,182.75196600858146,184.3532896612032,2064502
2022-08-22,180.0042266845703,181.66924486474161,179.54020476402758,181.58736194819812,2618185
2022-08-23,179.74037170410156,180.90497709242004,179.36733393092848,180.47734602766852,1626350
2022-08-24,179.958740234375,180.63202007878638,178.62126772370968,179.00339269454435,1367567
2022-08-25,182.36070251464844,182.42439702174835,180.07698406703219,181.25979176613245,1650529
2022-08-26,175.65512084960938,182.36979985884386,175.5459483263104,181.2779903552841,2870089
2022-08-29,175.07281494140625,176.41938834351325,173.9628030601513,175.40036058219414,2120143
2022-08-30,173.50791931152344,175.63695940628074,172.22502609384352,174.6543222752165,2249940
2022-08-31,172.2796173095703,175.29120913688158,171.97027404883553,175.20932622155428,2659967
2022-09-01,173.53518676757812,173.9082244999103,171.54262313624406,172.0976291238509,2268757
2022-09-02,170.04135131835938,175.99175190389252,169.4408533363867,175.68240871472287,2780456
2022-09-06,168.86769104003906,171.442564728969,167.7394904890587,170.24156843738174,2578629
2022-09-07,172.0430450439453,172.65264434977215,169.07694547014322,169.14063998093565,2371643
2022-09-08,170.8875274658203,171.36065053557508,167.81224155750925,171.36065053557508,3547398
2022-09-09,174.40863037109375,174.69978518616813,171.78827917070876,172.06123154293044,2943840
2022-09-12,174.71803283691406,176.21018409389248,174.1266218323127,175.7825529820587,2798969
2022-09-13,168.3035888671875,172.907417104339,167.97604316455988,171.51533733434894,4915167
2022-09-14,163.74522399902344,168.5492080687737,162.12568417010604,168.5492080687737,5007633
2022-09-15,160.91561889648438,163.76344492685564,160.3151207684801,162.9900797433146,3492364
2022-09-16,161.36143493652344,161.6252861027206,156.96686496998305,157.91311115166275,6492755
2022-09-19,162.5260467529297,162.9263741292966,159.89658002683402,160.13314158176323,2444381
2022-09-20,161.05210876464844,161.54342030634876,159.28700523154055,161.07939838831624,2507711
2022-09-21,158.58641052246094,163.43588726137997,158.57730930018323,161.87095456288444,2534622
2022-09-22,157.63107299804688,158.9958491177393,156.5119596698204,157.89492419011592,2255908
2022-09-23,155.92967224121094,158.58642888341538,154.60128689755985,157.2034502448735,3239650
2022-09-26,154.7377471923828,156.7940054694303,153.63683636489117,156.0661323993659,3309758
2022-09-27,154.7377471923828,156.91229327037354,153.20010409579476,155.45653308514844,2723803
2022-09-28,158.15879821777344,159.00495917811057,155.06530925322653,156.36639093038002,3113698
2022-09-29,154.7377471923828,157.73115047419597,152.95445536170578,157.73115047419597,3153355
2022-09-30,151.91725158691406,155.7659035905631,151.60790828701963,154.7650779440761,3854741
2022-10-03,157.4400177001953,158.65921649955393,153.83702864414542,154.73776888560877,3418411
2022-10-04,162.12570190429688,162.325872610797,159.06861824458366,159.13231275440532,3734353
2022-10-05,161.77999877929688,163.56330494456452,159.2324285754135,160.6972761757345,2974493
2022-10-06,159.2596893310547,161.6707828750587,158.18606814599275,160.397005026579,2629516
2022-10-07,155.9569549560547,158.4590328260575,155.0107086734672,157.94041761522,2996143
2022-10-10,156.3936767578125,158.1314765068086,154.7832379408773,157.23073639929532,1954635
2022-10-11,157.9676971435547,159.91476865855512,155.3837227071756,155.94782990135056,2942221
2022-10-12,157.2125244140625,159.22329048507868,156.67572087105802,158.3680284508632,2759818
2022-10-13,161.5434112548828,162.30768921592338,153.9643823366479,154.12814815967297,3260591
2022-10-14,158.45901489257812,162.42595380705058,158.15877288560796,162.0893069124878,3004944
2022-10-17,161.0793914794922,162.86269738195594,160.25143304088277,161.6434987352735,3477998
2022-10-18,163.66334533691406,164.8279506450032,161.62528955903204,163.93629773090584,2001677
2022-10-19,163.117431640625,164.5276996443264,161.8982331113022,163.31760233665878,1707688
2022-10-20,161.62533569335938,164.51865436769444,161.1431252777035,163.1902828620783,2718846
2022-10-21,166.32919311523438,166.78411374524285,160.60625226346136,161.03388327370737,2994322
2022-10-24,170.05050659179688,171.12412794206517,167.2663748690174,167.87597426548913,3309151
2022-10-25,172.5525360107422,172.74360547257268,169.41356981231337,169.83209957511016,2941007
2022-10-26,173.11666870117188,175.55506595922196,172.65264680976196,174.35405572989956,4251921
2022-10-27,178.7759246826172,181.58735984217967,175.41859873739682,175.9281127217875,4809448
2022-10-28,186.4550323486328,186.66430428630022,178.9578862493424,181.05963662305817,4949766
2022-10-31,185.62704467773438,186.50959626674873,184.05301096223488,184.1621975251357,4485109
2022-11-01,184.79000854492188,186.59150279030254,183.35245082849534,186.01830837523818,4427646
2022-11-02,182.39712524414062,188.23835498689883,182.01500027002186,185.008389815323,4747433
2022-11-03,185.96372985839844,187.47406938254707,181.21432407006014,182.3061337436475,4707978
2022-11-04,189.11180114746094,189.2755810283369,185.79995313353194,187.70153291671295,4173112
2022-11-07,190.85870361328125,191.28632062050372,188.46579839185603,188.9753123566136,2702861
2022-11-08,192.3053436279297,193.23338739873813,190.04892871178416,190.45835730859446,2661990
2022-11-09,190.75103759765625,193.41165846635093,190.57732401249734,192.00362997409997,3075862
2022-11-10,196.39230346679688,196.6391692964101,193.0551053831889,196.4380183156973,4405390
2022-11-11,194.4996795654297,196.53857004825144,193.3293711067207,196.2002745617309,4276099
2022-11-14,194.7465362548828,197.56259326129634,193.67680324688828,194.54539940719332,3109854
2022-11-15,196.96832275390625,197.66319129310088,194.8288564938295,196.904316318685,2395012
2022-11-16,195.66082763671875,197.6997179674427,195.02995155411435,197.26999282623024,2475439
2022-11-17,196.12716674804688,196.9226107911605,193.85055590530024,194.06083857174838,2720667
2022-11-18,196.14540100097656,198.72373775680458,194.8928087295144,197.8460099990838,3009395
2022-11-21,198.00146484375,198.60490361641888,195.52370332495957,196.5751447528046,2373868
2022-11-22,200.01292419433594,200.24149840871857,198.4037447884315,198.52259773436026,2545750
2022-11-23,200.1501007080078,201.7684120500018,199.59237671301182,200.0403794220199,2718036
2022-11-25,201.19236755371094,202.02439464409653,199.08033895607082,199.08033895607082,1132962
2022-11-28,197.27915954589844,201.33866317034904,197.0048704770151,200.8723689304721,2673422
2022-11-29,198.14776611328125,198.78777397427382,196.73973752799606,197.41631444398428,2126213
2022-11-30,200.7352294921875,201.74097021750245,195.37741849345073,197.78202786003402,4729527
2022-12-01,198.7603302001953,201.71353181735336,197.80946423152972,201.40267368908067,4036942
2022-12-02,200.30548095703125,201.0186409394692,196.31912991585207,196.4196912741784,2219893
2022-12-05,197.1237335205078,199.85750678532187,196.75801474327227,199.08948606202574,3113698
2022-12-06,194.92025756835938,198.1660255388535,193.2470717304931,197.73630036862417,2547773
2022-12-07,195.15797424316406,195.74313555764576,193.84138951333304,195.63341428271133,3018298
2022-12-08,195.06655883789062,196.20029838232207,194.02426310518575,195.5237214410138,2194804
2022-12-09,193.49395751953125,196.10886374885868,193.2836748653215,195.06655392850897,2286360
2022-12-12,196.11801147460938,196.20029537863843,192.97280451177,193.97854528659093,3386038
2022-12-13,196.53855895996094,201.110071267233,194.8745331094649,200.7352067499372,3490037
2022-12-14,196.31915283203125,199.19920224293315,194.79225721672086,197.69059821156716,2575594
2022-12-15,191.06190490722656,195.40484354226652,190.20246861782303,194.64596862382518,3258973
2022-12-16,191.7659149169922,192.26877821611185,188.55671583504952,189.58073401698923,7211643
2022-12-19,191.4641876220703,194.1339400288783,190.513307621481,191.32704309666323,3125838
2022-12-20,193.36595153808594,194.52711427367842,191.29047776732406,191.61048168977655,1897780
2022-12-21,196.66659545898438,196.8494548572813,194.5179834151176,194.70998860610493,2655819
2022-12-22,194.11566162109375,196.21855844770099,191.08017638068134,195.97169265761283,2245893
2022-12-23,195.54196166992188,196.30998227668178,193.3384894347711,193.83222100022383,1315871
2022-12-27,196.4745635986328,197.28829910170023,195.39568482680076,195.56941252270323,1478040
2022-12-28,194.00596618652344,197.95576289832627,193.84139838047017,197.42546219705358,1626047
2022-12-29,196.34658813476562,196.80373662264498,194.5362716544371,194.8288523322308,1901826
2022-12-30,195.93515014648438,196.11800953757714,193.768246602607,195.6425694751851,1618662
2023-01-03,195.93515014648438,196.7123025586287,194.03340401079316,196.7123025586287,2245185
2023-01-04,192.0402069091797,193.1373773287267,189.55329952356612,190.63217835913468,3905325
2023-01-05,186.9475555419922,190.91562993302566,186.57269094864475,190.61391756811648,4104825
2023-01-06,192.2505340576172,192.9728259169111,188.22759873985143,188.776176979398,4103611
2023-01-09,192.61624145507812,195.32257754624837,191.58307736357438,192.2505226504137,2658045
2023-01-10,193.22879028320312,193.32936575861962,191.54647280246445,191.54647280246445,1796411
2023-01-11,194.1065216064453,194.66424551310755,192.0127705086211,193.81394096606905,2953552
2023-01-12,197.47116088867188,198.60490030917836,194.1796638981291,194.6093890765994,2998773
2023-01-13,198.04718017578125,198.24831702458175,194.65510764098946,196.10885099677506,2020393
2023-01-17,194.0516815185547,198.4220576625854,193.76824663953144,198.4220576625854,3319571
2023-01-18,186.7372589111328,192.81737585730934,186.49953888577372,192.81737585730934,5160900
2023-01-19,183.46405029296875,186.8652545873013,183.061748357954,186.79211647941307,4602158
2023-01-20,184.71661376953125,185.2926292059215,181.77255839554928,182.4674267671018,4023892
2023-01-23,186.93841552734375,188.20929968966692,184.12237220767904,185.19210537792682,2832354
2023-01-24,189.19674682617188,189.88246959071557,184.89952260727537,186.48126491914962,3254724
2023-01-25,188.95896911621094,189.3978400199212,186.29834866503464,187.01150859086118,2179831
2023-01-26,191.40933227539062,191.4733245873561,188.24583408477363,189.99215802650332,1949779
2023-01-27,190.2938995361328,191.84820432348752,189.8458827474998,190.07445698093431,2147155
2023-01-30,188.1453094482422,191.4459386984812,187.98987330592922,188.83103222807287,2575392
2023-01-31,190.61390686035156,190.69619076307924,187.8984251593227,188.8675827491342,2325612
2023-02-01,189.0047149658203,190.5864570545531,186.3440940780795,189.6355911113032,5455092
2023-02-02,189.608154296875,190.37617497819,180.7485637698901,181.90058067798648,7267285
2023-02-03,185.32005310058594,189.44356261921303,184.3417499027367,189.44356261921303,4509692
2023-02-06,186.55438232421875,186.63666621782815,183.5554660782285,184.9177796739162,2887490
2023-02-07,187.8618621826172,188.36472552140674,184.48808092284983,185.60352888353395,2982182
2023-02-08,184.8903350830078,187.2583892337228,183.96689247907543,186.42636219721828,3603748
2023-02-09,182.14744567871094,186.45381507674128,181.6171450147268,185.93266020442297,3048446
2023-02-10,183.29029846191406,183.61944813183985,181.37027518686736,181.7725629550546,2924416
2023-02-13,185.94180297851562,186.2800843536548,182.63202853438153,183.034316336267,3007878
2023-02-14,183.77488708496094,185.69492450367898,181.6445670450719,185.68577871278572,3034384
2023-02-15,184.42405700683594,184.45149438195008,181.8182967480538,182.6777471185272,2561734
2023-02-16,182.27545166015625,184.26864153968978,181.01371343480426,181.73601929695667,2787032
2023-02-17,184.15890502929688,184.6709140879318,181.6354287873372,182.184006897187,2883646
2023-02-21,179.89825439453125,184.36919148762223,179.61481954244823,184.2960533836737,2863918
2023-02-22,178.73707580566406,180.5656834941368,177.94163195516404,180.19081898856928,2997862
2023-02-23,179.2518310546875,180.18935927246832,177.00911872017411,180.18935927246832,2475136
2023-02-24,176.51275634765625,178.21317891906563,175.42817721679836,178.21317891906563,3344054
2023-02-27,176.88958740234375,179.23342167647434,176.23699547176423,178.70031221420396,3402326
2023-02-28,175.99801635742188,176.80686768996205,174.29760815762864,176.02559905762462,3146375
2023-03-01,177.28482055664062,178.6359613552214,175.1615911939386,175.21674240403743,3269393
2023-03-02,178.72787475585938,179.34370392089923,176.01639893397044,176.09911865454694,4303920
2023-03-03,180.90628051757812,181.5680667516229,178.51650320069788,179.63785926709784,3152849
2023-03-06,181.1085205078125,183.19497349390917,180.750044640979,181.24639147547612,2753546
2023-03-07,179.80328369140625,182.1746865298131,179.0036265745433,181.45774913812824,2813436
2023-03-08,179.75733947753906,180.7500188160677,178.43378121480066,180.4099314689672,2088984
2023-03-09,177.28482055664062,181.02573834666464,176.797668087504,180.96140709207543,3225790
2023-03-10,177.69847106933594,180.77761755767557,176.3748985005353,177.28485818874432,3709871
2023-03-13,177.48704528808594,179.44482111267675,176.63223696288193,177.3951313298037,3261198
2023-03-14,177.3675537109375,180.30882883750422,174.79394861666597,180.20772064277048,4909805
2023-03-15,172.9097137451172,175.56605299348234,169.8213873548639,174.7020503324387,3972094
2023-03-16,173.8472442626953,174.42631078945521,171.23687615215968,172.2203613109944,3897130
2023-03-17,169.71107482910156,172.80859526988706,169.33422474020384,172.62476734248648,7469820
2023-03-20,174.52740478515625,174.85829788941678,170.5107305525668,170.9243433857343,2873934
2023-03-21,175.70391845703125,176.6046696512342,173.8564307082131,175.62118453646232,3170452
2023-03-22,172.02734375,176.4760055766929,171.9538040585194,176.21865212809655,2375892
2023-03-23,171.80674743652344,174.10461087191698,170.54750618521177,171.75159621687445,2387627
2023-03-24,172.94647216796875,173.0016233858137,169.67431792125717,171.31958927902602,2359503
2023-03-27,172.7902374267578,174.26086098585333,172.27551634334753,173.37848401266916,2157979
2023-03-28,172.72589111328125,174.27924859077328,172.24793278349384,172.56963168544925,2093840
2023-03-29,173.78289794921875,174.37114447117787,172.5880022487246,174.32518748995244,2715507
2023-03-30,173.82887268066406,175.04214278435967,172.78104205082053,174.27924830493615,2022720
2023-03-31,175.66714477539062,175.90612392990425,174.0218733973738,174.7480050954409,2734122
2023-04-03,177.65249633789062,178.2223685919048,174.60093285957464,175.16161087943382,2907116
2023-04-04,175.501708984375,177.606550246453,174.3435901256546,177.5054420418141,2528248
2023-04-05,174.11376953125,175.56601847165516,173.97588441598364,174.90423234835268,3065138
2023-04-06,175.06045532226562,176.57704951130412,173.72770320069375,174.27918683720625,2814751
2023-04-10,176.18185424804688,177.02748256207843,174.9318215277916,175.31786584343735,2569828
2023-04-11,176.650634765625,177.54219169490048,176.310547426555,177.28483827356243,2464008
2023-04-12,177.6065216064453,179.11392182096608,176.77929601055874,177.8179322163508,3699451
2023-04-13,180.0606689453125,180.5386272533027,177.02749381942616,177.62493461009717,3399796
2023-04-14,180.65809631347656,181.7426895660611,179.46321482091165,179.8124821971315,1986806
2023-04-17,181.86219787597656,182.05520585546162,180.83274158313378,181.23717438819463,1702326
2023-04-18,181.00738525390625,183.34201130849203,180.35479326672598,182.65265657315362,2427992
2023-04-19,181.8162384033203,182.5975071108764,181.27393465540425,182.22065701421096,1885842
2023-04-20,180.84194946289062,181.77029762451625,180.15259465947653,181.53131845493914,1969810
2023-04-21,180.22608947753906,181.39341660999125,179.60108023764556,181.15443748110303,1993685
2023-04-24,180.8695068359375,182.06438832783556,180.4007427975433,181.26473119242004,1624327
2023-04-25,180.11581420898438,182.82729035794338,180.02390024422758,182.46882873311841,2270476
2023-04-26,175.4649200439453,178.74626814440177,174.80313388384616,178.2039644519111,3621148
2023-04-27,182.5515594482422,182.7721501392054,177.91905561757736,180.09743657747853,3907449
2023-04-28,183.68209838867188,184.57366952054454,182.44124567821797,182.91000973529913,2896494
2023-05-01,184.2703857421875,185.81454920234933,183.7924273450487,183.82920428993333,2250850
2023-05-02,182.22984313964844,183.51663860071642,180.4926579163007,183.51663860071642,2618286
2023-05-03,181.95413208007812,184.38986666122835,181.72433294875307,183.69131759772338,2807670
2023-05-04,180.3547821044922,182.9099986785162,179.16908068218729,182.19306128495603,2331682
2023-05-05,182.37692260742188,182.5331678410445,180.86952216971153,181.3842432322004,2112455
2023-05-08,181.0257568359375,183.81077262701382,180.12500567063861,183.59937618678023,1511931
2023-05-09,181.19122314453125,182.25742803153045,179.19667013654637,180.1158240228288,2263799
2023-05-10,181.3842315673828,182.6710270465344,178.60841002684145,181.52210251157763,2183473
2023-05-11,179.23138427734375,181.36573969364883,178.51068524344632,181.03311046747135,2904284
2023-05-12,178.89877319335938,180.4972364307018,178.04872222504372,180.1184090586681,2126517
2023-05-15,179.53631591796875,180.61735751693226,178.0025213803975,178.7879036004617,1584063
2023-05-16,177.04156494140625,179.2128901428241,176.75513383735017,179.2128901428241,2074618
2023-05-17,181.1162567138672,181.4950840019754,177.90084600144385,178.35358454734487,2449237
2023-05-18,183.17669677734375,183.30604860730827,180.0721672797435,180.58958886267686,2466436
2023-05-19,182.3451690673828,185.03391621858785,182.0772086155806,184.33168782214184,2700636
2023-05-22,181.95709228515625,183.32456486382878,180.37709984810334,182.06795918845765,1784271
2023-05-23,180.14608764648438,182.54840327895803,180.07217638650258,182.20653160962104,2183979
2023-05-24,177.2725830078125,180.35864257954913,176.37633392496153,180.1091670681761,1764847
2023-05-25,177.65139770507812,177.91010140997875,175.54475537901587,177.28181283346134,2449844
2023-05-26,179.0188751220703,179.54553928357717,177.5405213326045,178.12262607896653,1995000
2023-05-30,179.758056640625,179.97057651928796,175.9420696676636,178.88029248943053,2282920
2023-05-31,177.03237915039062,179.28685881016534,175.88665436732563,179.11130880730252,3698439
2023-06-01,179.12051391601562,179.52705443338104,175.9882563692118,177.263332769272,1931063
2023-06-02,183.73109436035156,184.38711031878728,180.99614936687308,181.51357100717775,2772666
2023-06-05,182.18809509277344,183.98059324578676,181.14400920550256,183.61100835041555,1682093
2023-06-06,181.4119415283203,183.03813205928304,180.50645004606224,182.53918107822687,2321262
2023-06-07,183.3060760498047,183.59250717101287,179.4623763620291,181.9848016078048,2585205
2023-06-08,183.08433532714844,183.63871264343138,182.0772051254387,182.82561735503626,1645572
2023-06-09,182.84408569335938,183.64793843417345,181.18093963252392,182.6038526921789,1780629
2023-06-12,183.40773010253906,183.8235131079043,181.6799150194565,183.13978390725273,1700303
2023-06-13,185.81930541992188,185.9763847191347,182.72401739310155,183.40774665546107,2011086
2023-06-14,185.27413940429688,187.39002416673338,183.55555266647607,186.6416119625461,2687788
2023-06-15,188.2400665283203,188.5819239550778,185.19096300435064,185.94861764843262,2496482
2023-06-16,187.53785705566406,190.3559558554161,187.06663351003084,189.41350876414973,5064185
2023-06-20,185.16323852539062,187.5378409983332,183.89740479239697,187.24216743260334,2109521
2023-06-21,186.45680236816406,187.36229383111862,183.04737063132552,184.13765452389399,2583080
2023-06-22,185.39425659179688,186.9003235378696,184.45180944117274,186.60464992820138,1635759
2023-06-23,184.8768310546875,185.4034952037246,183.54631410197862,183.98982450724085,3361657
2023-06-26,187.17752075195312,187.6210311867231,184.2854961085936,185.07087827872303,2156462
2023-06-27,187.87974548339844,188.55424651702594,187.0574218929404,187.15906059807105,2386312
2023-06-28,187.10362243652344,188.41565461852284,186.64164128273208,187.95367346473145,1995000
2023-06-29,190.77175903320312,190.91959584439027,186.40139481201052,187.02968343070742,2573773
2023-06-30,191.7234344482422,192.63816840937199,191.08588913882986,191.88051372277982,3045006
2023-07-03,192.462646484375,192.77680510249408,189.45051202469747,191.06746044482307,1229272
2023-07-05,190.7347869873047,192.49957183162104,190.29127659189837,191.6310359892711,2363145
2023-07-06,188.498779296875,189.45971135899714,186.715523760467,189.38578582794597,2126820
2023-07-07,187.80581665039062,190.07878080077577,186.78944395716587,187.45470245303852,2279986
2023-07-10,191.94520568847656,192.16696804708369,188.1384611103673,188.68359600527106,3138383
2023-07-11,192.8599090576172,193.59907876709002,191.66798649063054,192.5919628905487,2834175
2023-07-12,192.66587829589844,194.83720362720527,192.5087990240296,194.39369323414599,3001606
2023-07-13,192.84144592285156,193.30342704352893,191.43701761076085,191.88052804445837,2351409
2023-07-14,190.46681213378906,192.10223061877096,189.87546502895523,192.10223061877096,2186407
2023-07-17,192.34251403808594,192.9523319854454,189.65376673193038,189.94019788662277,2175785
2023-07-18,189.64451599121094,191.40930095568712,188.44335083629133,190.98427547980455,3711591
2023-07-19,189.57058715820312,190.39291060921298,188.33246648160892,188.35093716654072,2535229
2023-07-20,192.14846801757812,193.33114820604894,189.94942939653995,190.47607929920517,2562240
2023-07-21,192.73985290527344,194.39375711975597,191.98219798255803,192.47190664438995,7617421
2023-07-24,193.40504455566406,194.18118416384092,192.3794437274965,192.80446916457498,1868239
2023-07-25,193.73768615722656,194.16271162146123,191.51092014152871,192.3240154346468,1991358
2023-07-26,192.42564392089844,193.47897218253723,191.43699871500144,192.90610994421007,3331509
2023-07-27,181.47662353515625,188.60041744926406,180.7744094391014,188.22159011005627,6672427
2023-07-28,180.34938049316406,183.13976613785073,180.1830587493084,182.63157269530058,3980390
2023-07-31,179.36997985839844,180.64505619051383,178.7139496124657,180.2846995394976,3486597
2023-08-01,178.76937866210938,179.9890143336154,178.2889126671339,178.64926929490375,4019440
2023-08-02,178.23350524902344,180.45102877680404,177.77150988913237,179.1574674426495,3032563
2023-08-03,176.0252227783203,178.23351825577947,175.97902466526764,178.12263707922148,2538163
2023-08-04,174.82408142089844,177.23564017011714,174.4544964962206,176.7182184229522,2436389
2023-08-07,175.18441772460938,176.1730630686742,174.26045544532613,175.6556413396597,2875856
2023-08-08,173.3826446533203,174.26042291787263,172.38475702011254,174.26042291787263,3299743
2023-08-09,174.85177612304688,175.80346576145473,172.7820893529179,172.82828746362472,3262311
2023-08-10,175.34414672851562,177.09071033167376,174.71240546481164,174.86105131163217,2844494
2023-08-11,177.13717651367188,177.8525266461986,174.84249459760755,174.84249459760755,2731491
2023-08-14,176.0594940185547,178.19625114322454,175.73433750801647,177.3972922776755,2472708
2023-08-15,174.47088623046875,175.04688360297763,173.31890582658664,174.63811821335955,2278266
2023-08-16,173.2538604736328,175.12120531684621,173.17954471222208,174.33152506089846,2267441
2023-08-17,172.78004455566406,174.86105780617635,172.78004455566406,174.15500076340496,2509836
2023-08-18,173.33746337890625,174.24791030137982,171.934642286325,172.04611592463937,2077653
2023-08-21,173.68118286132812,174.00633936001952,172.25977584808334,172.80789393479375,1953320
2023-08-22,172.80792236328125,174.19217172976667,172.38057088361424,174.0528189216884,1732980
2023-08-23,173.80198669433594,174.25721736272988,172.93800497813416,173.26316154633804,1921452
2023-08-24,172.0182342529297,175.39059471905708,171.9717833228978,173.67189596674444,2419292
2023-08-25,173.07733154296875,173.88558348351611,171.47939942970186,172.4455902730198,1966573
2023-08-28,174.54519653320312,176.18027224730034,173.8391394815323,175.0654498523887,1963740
2023-08-29,176.06878662109375,176.34749220084007,174.05279618334256,174.5451846455742,2205932
2023-08-30,175.17694091796875,177.1650523635332,174.38726069984455,176.06880171785483,2232539
2023-08-31,174.60092163085938,175.95729159948112,174.58233552316807,175.0747239656623,2628808
2023-09-01,175.01901245117188,176.04093305885246,174.2293321859199,175.60430285843367,1614413
2023-09-05,172.51991271972656,175.39989925245186,172.44559696326513,175.19550941048195,2255099
2023-09-06,171.41439819335938,172.64070866888068,170.59685309596674,171.9067723900156,2254796
2023-09-07,171.05206298828125,172.64070218632818,170.22523920742637,171.6373533782672,2110532
2023-09-08,171.42367553710938,171.86030570101602,170.40174067375057,170.75477636792678,1790341
2023-09-11,172.9937286376953,173.39321529804377,171.6373584176674,172.73360912859852,2140073
2023-09-12,175.7808074951172,176.4589997524448,172.7707610857655,172.9751509367157,3710276
2023-09-13,177.9918670654297,179.91495571033497,176.3196191874976,176.3474983511244,5116286
2023-09-14,179.82205200195312,181.4478345904911,178.3170217566912,178.74437319104786,3725147
2023-09-15,179.33895874023438,181.08552237533357,178.7350966286533,180.7139149220529,6084144
2023-09-18,180.65818786621094,181.48502600015433,178.7815643148225,179.0695629863315,2323589
2023-09-19,181.48501586914062,181.73584230492924,179.43186740260663,179.43186740260663,2905599
2023-09-20,180.63958740234375,183.10151549769827,180.59313647002134,182.21893344243898,2401790
2023-09-21,177.84323120117188,180.8532775504488,177.81536637711417,180.8532775504488,2951528
2023-09-22,176.3103485107422,178.22412984720643,176.1338234897935,177.37871998572908,2857241
2023-09-25,178.24269104003906,178.40062992897725,175.17691550360365,175.6228386682858,2754861
2023-09-26,174.55445861816406,177.75958677600718,174.4336776087975,177.45301640825258,3439150
2023-09-27,174.54519653320312,175.5299591836019,173.12378937501038,175.5299591836019,2261776
2023-09-28,173.82980346679688,175.56707367264298,173.43031693600128,174.40580063160425,2946268
2023-09-29,171.62802124023438,174.87032160279662,171.25641384212256,174.86102854961754,3369750
2023-10-02,169.64923095703125,171.70237937638967,168.21853076765512,170.9405783493487,2732301
2023-10-03,168.2835693359375,169.75142741628443,167.44743820486693,168.9524685043404,2519346
2023-10-04,169.54701232910156,169.97436371521647,167.6146452087526,168.55295677929945,2325511
2023-10-05,167.24305725097656,169.47271629255815,166.41621920165363,169.22187552730435,2314888
2023-10-06,171.55372619628906,172.14829523678083,166.94576235322842,167.6611124173585,3814781
2023-10-09,173.28170776367188,173.70905920137534,171.64663210788189,172.12043447705022,2305480
2023-10-10,173.114501953125,174.74029900640693,171.2936081061585,174.65667585116032,3300755
2023-10-11,174.09925842285156,174.9260965027171,172.62210728133346,173.31888561709525,2235979
2023-10-12,170.8848114013672,174.08993964419363,169.84430492001647,174.06207482497948,2442055
2023-10-13,170.53179931640625,171.73024484854847,169.4169769357224,171.73024484854847,2271792
2023-10-16,173.01229858398438,174.192158002522,171.99037807194304,172.43630128619847,2461377
2023-10-17,173.0959014892578,173.9970552828616,171.8417263581721,172.18546898240447,1870465
2023-10-18,170.44821166992188,172.8358099759319,170.04873933702956,172.45490941367666,2288383
2023-10-19,169.3333740234375,172.66856256805815,168.95247349520997,170.1694908380731,2595625
2023-10-20,168.45079040527344,170.73619355390466,168.20924268167659,169.68639384703906,3078897
2023-10-23,167.70753479003906,170.08583922928847,167.58675378696765,168.7015902671105,2097684
2023-10-24,168.58082580566406,170.03011193794472,167.46600355726244,168.6830207133273,2582069
2023-10-25,165.45004272460938,168.87814756325156,165.34786213987323,168.57157712677375,4195773
2023-10-26,163.56410217285156,170.00225248883837,162.467851655945,165.90524904604064,4873790
2023-10-27,164.43739318847656,166.4069183176588,162.9044981879084,163.18320376235118,3439959
2023-10-30,166.99221801757812,167.50317826611797,164.06579498026178,164.93906962772135,2664519
2023-10-31,170.25308227539062,170.86623741177206,166.46266349007524,166.7599551747247,3814275
2023-11-01,170.9312744140625,171.19139388222735,168.54367656551847,171.11707813164676,3397874
2023-11-02,173.19808959960938,173.8576956590072,171.07991863454873,172.4269955742647,3095286
2023-11-03,175.57640075683594,176.70980920102832,174.6380890895794,174.78673493587021,2994524
2023-11-06,174.19216918945312,175.4928097203508,173.7462459465597,175.27912681306606,2367191
2023-11-07,173.3653564453125,173.95992558740028,172.38987239975398,173.51400231611834,2511050
2023-11-08,171.5166015625,173.61618689031707,170.73621430815075,173.61618689031707,3230747
2023-11-09,171.6473846435547,173.27340038305366,171.19882310573712,171.82493394110924,2750005
2023-11-10,174.47891235351562,174.67515714109024,171.62870349040307,172.5164789032903,2204010
2023-11-13,174.29200744628906,175.22649265402075,173.54440485458338,174.5630052714272,1695447
2023-11-14,177.7776641845703,178.17948706234947,176.2918211318282,176.40395070386114,2986026
2023-11-15,177.1328582763672,179.19808794572538,176.4132988789079,178.00193819576197,4124350
2023-11-16,178.2168426513672,179.75875752175858,177.93649711593585,178.6934329467043,2158384
2023-11-17,178.6841278076172,179.42236828220834,177.4879780125448,179.22612349136227,2233450
2023-11-20,179.23544311523438,179.77745313948398,177.6187752042969,178.1794662756123,2023529
2023-11-21,178.71214294433594,179.0579082363447,177.61878949708236,178.57197016522753,1899297
2023-11-22,179.71206665039062,180.23538129884744,177.6748800591698,178.5813365623283,1903546
2023-11-24,180.74002075195312,181.0203663485453,179.805521004457,180.46900846816297,1087032
2023-11-27,180.32884216308594,180.99232965068254,179.74945547239085,179.99242454995726,2509431
2023-11-28,181.5436553955078,182.29124354759148,179.80549563128923,180.34750569686193,3367929
2023-11-29,181.53428649902344,183.45934307688,181.2258977669224,182.72108832233167,2269161
2023-11-30,183.0856170654297,183.27251415110314,181.31941363987295,181.54370168310007,3150320
2023-12-01,184.82373046875,185.11342378589833,182.52487940706493,183.62758067467453,3148398
2023-12-04,185.36573791503906,185.45918644016263,183.59020151217007,183.64627351234844,2749196
2023-12-05,184.048095703125,184.8797991139917,182.53422383164812,184.58075806452044,2614341
2023-12-06,184.83306884765625,186.0852905793104,184.35647850170793,185.16948641100333,2256920
2023-12-07,184.83306884765625,186.01052310661078,184.52468007062123,185.95445110846617,2465323
2023-12-08,181.8614044189453,184.309776175489,180.36621346773603,183.19772709409148,4598314
2023-12-11,187.26272583007812,187.3748698149841,183.2070344325534,183.5808284815479,3749427
2023-12-12,188.30938720703125,189.04764212072138,187.70197177332565,188.7672965359342,3129986
2023-12-13,189.77651977539062,189.85128724736614,187.13191798061388,189.3279726456189,3099130
2023-12-14,190.08489990234375,191.23432531156615,189.19713899485183,190.63624326505058,3829855
2023-12-15,190.07557678222656,191.61749193097793,189.17846802178855,190.49609516128925,7611048
2023-12-18,191.66419982910156,191.99126965155514,190.1503280235369,190.64559941304418,3005349
2023-12-19,191.19696044921875,191.63617427412692,190.159664541324,191.1315407134169,2627189
2023-12-20,189.60830688476562,191.91650540712894,189.55223489051266,190.36524274338174,3388668
2023-12-21,191.6174774169922,191.7669979366601,190.10360559682553,190.44002315969817,2183777
2023-12-22,192.16880798339844,193.58924561267878,191.533363849122,191.61746462784689,1911741
2023-12-26,194.41160583496094,194.888196195146,192.3089996076127,192.6360838689734,1881896
2023-12-27,195.32740783691406,195.92548992757798,193.58926241515363,193.58926241515363,2367394
2023-12-28,195.46754455566406,196.21514703105098,195.14982251957343,195.60771731501447,1666918
2023-12-29,195.9722137451172,196.40207983723727,195.22461113348183,195.5143044407054,2282718
2024-01-02,195.30873107910156,196.81325522523096,194.67327245018822,195.1778916029434,3169238
2024-01-03,191.1315460205078,194.76671960394066,190.87922923314682,194.76671960394066,3858485
2024-01-04,191.477294921875,192.71082111466376,190.66428705496608,190.7483878350381,2571649
2024-01-05,190.19708251953125,191.16894440421476,189.01026592223153,191.00074281042203,2713889
2024-01-08,189.384033203125,190.21572210316052,188.06639182840436,189.81389925807622,4066887
2024-01-09,188.42152404785156,188.51497257256128,185.87035624244257,187.3468515881688,3118048
2024-01-10,189.14108276367188,189.2064880754159,187.29077890038138,187.83278899701972,2399868
2024-01-11,188.4589080810547,189.31864031284528,186.47777908254872,189.0382947275468,1963335
2024-01-12,187.9262237548828,190.62691187717436,187.04781057528973,190.06620634652873,2457533
2024-01-16,184.81439208984375,187.95429447424456,184.5714230236246,187.53376165833166,3541227
2024-01-17,184.9825897216797,185.1134147672539,183.16032911885438,183.86119303320237,2539579
2024-01-18,187.01980590820312,187.4029477941059,184.33781270688354,184.76767886117636,2634979
2024-01-19,187.627197265625,188.05706336463066,185.62738729531884,187.15995464181907,3125636
2024-01-22,187.8701629638672,190.56150350981457,187.30012408788815,188.15050853314992,3631063
2024-01-23,189.64569091796875,189.85128342986695,187.48701281959765,188.04771835881823,2057521
2024-01-24,186.7768096923828,190.43067868579612,186.59926038339978,189.6456995504678,3524534
2024-01-25,189.2906036376953,189.86064252248906,187.5244149834863,188.5243199662649,2684146
2024-01-26,188.5803680419922,190.5334680724252,188.1972262255754,189.72979349124253,1947149
2024-01-29,189.7484893798828,189.75783711699052,187.66457872775683,188.2346175850835,2222422
2024-01-30,192.41180419921875,192.85101805371133,187.98231797901198,187.98231797901198,5711852
2024-01-31,189.01023864746094,194.10322637692616,188.54299603710282,193.62663602925676,5690101
2024-02-01,184.38453674316406,184.62750582359092,177.2356804119205,183.03888070032977,7910298
2024-02-02,183.26312255859375,186.9450202312602,182.73046022167597,184.13220245432694,4368059
2024-02-05,180.36619567871094,182.08566005408275,180.18864636890123,181.253971078801,4686228
2024-02-06,180.95492553710938,181.35676283408532,179.4597347705148,179.9269918026209,3785139
2024-02-07,181.38479614257812,182.9921165195149,180.90820578687425,182.66504668675037,3065138
2024-02-08,180.78672790527344,181.31004252114775,179.65598346209154,180.9082052154225,2545548
2024-02-09,182.07630920410156,182.44075552608464,180.1979767492609,180.35684499435274,3729295
2024-02-12,184.42190551757812,184.68355561855478,181.07642522659236,181.2726700150854,2860883
2024-02-13,181.30072021484375,184.05746646593317,180.095222554093,183.85187391551233,4483794
2024-02-14,182.1043701171875,182.77720531149572,181.17921811863323,181.70253277803718,2139871
2024-02-15,184.9825897216797,185.21621102646236,182.8052160802724,183.16032911885438,2019584
2024-02-16,184.25369262695312,185.87036079937937,183.580857462339,184.58076247145584,2358188
2024-02-20,185.90773010253906,186.57123192909305,184.01071642280968,184.98259260627734,2793304
2024-02-21,186.4591064453125,187.2534189728313,185.22558004413324,186.52451176285368,1992471
2024-02-22,187.65524291992188,188.35610686474962,185.59936092290604,186.36564460612615,3677397
2024-02-23,187.4870147705078,189.35599959447748,187.39356625058534,187.65523076168037,2478778
2024-02-26,186.141357421875,187.08519035035266,185.22555327893306,186.9263220975966,2052261
2024-02-27,185.19749450683594,186.61793207423096,184.0480691626086,186.51513582670378,2480397
2024-02-28,184.62747192382812,185.89838909970914,184.32844531672683,185.1321054695668,2695173
2024-02-29,186.73223876953125,188.122887306999,184.75901909403112,186.3187937013489,3477391
2024-03-01,186.67588806152344,186.9295772063661,184.2328572452451,185.66108796771962,2817888
2024-03-04,187.2114715576172,187.72826345129835,186.19667149986606,186.45036063569594,2173964
2024-03-05,185.435546875,187.4839304085211,184.7590136060776,187.10808181574384,2561734
2024-03-06,188.39540100097656,190.19009574164954,186.67588469449475,187.45576485485688,2745048
2024-03-07,190.37799072265625,190.98874469535775,189.55111510288293,190.00212761926218,2476046
2024-03-08,188.6302947998047,191.60891552613435,188.34840832476408,190.86660287134617,2164353
2024-03-11,188.19808959960938,190.3404357817857,187.09872640699675,189.41021319831978,2471696
2024-03-12,187.1081085205078,188.16049053240738,185.73624355530316,187.6718814901375,2973077
2024-03-13,187.67189025878906,188.98737508753248,186.83561537758322,187.87861282590285,2567197
2024-03-14,184.49591064453125,187.67185445699707,183.1898251825089,187.22082744337516,3882765
2024-03-15,185.75503540039062,186.5631128633609,184.07310116166494,184.53351283673095,6383698
2024-03-18,184.8811798095703,186.99534289132407,184.52412940738824,186.99534289132407,2510645
2024-03-19,187.02352905273438,187.21146787882677,184.27982816009057,184.88118308723148,4577575
2024-03-20,189.03433227539062,189.53232589029105,186.35638187341613,186.60068637508414,2746059
2024-03-21,189.22227478027344,190.82903067116334,189.13769722958662,189.80484599375043,2844595
2024-03-22,188.6114959716797,189.7766383353561,188.01014106111722,189.353808624128,2085342
2024-03-25,186.49734497070312,188.59272443842832,186.4503638886397,188.28264059392336,1984176
2024-03-26,188.86521911621094,189.30684710660753,185.8114341591992,186.09332066247924,2728558
2024-03-27,192.74586486816406,192.86802437964207,190.0021494761347,190.68808195034458,2792292
2024-03-28,192.85862731933594,194.3338390561405,192.79284800439166,192.99957056152195,3636020
2024-04-01,189.81422424316406,193.45997925900855,189.70147835404555,192.99016845898944,2247815
2024-04-02,188.14169311523438,190.08673017563828,187.94436967404496,189.8800076172855,2645601
2024-04-03,186.0181427001953,188.8088393965268,185.9711616161954,187.3806086410045,2525112
2024-04-04,184.21401977539062,188.564490334233,183.71601169969608,188.564490334233,3454527
2024-04-05,185.24761962890625,186.42216105940733,183.36837654779924,184.07309270321437,2238609
2024-04-08,185.82081604003906,187.1644836172543,185.41677005326386,185.66107456774026,2412514
2024-04-09,186.4315643310547,187.47454716527744,184.185857195231,186.37518413640302,2065817
2024-04-10,183.8382110595703,184.58990838908989,182.6636694773849,183.7630326237317,2941209
2024-04-11,184.9845428466797,185.29461217232637,182.54151218525186,184.17646537083644,3061597
2024-04-12,184.31741333007812,184.58990069971588,182.86098530999263,184.0825079243886,3540316
2024-04-15,182.32537841796875,186.50672326438144,181.5173009957388,186.14967288248894,3216989
2024-04-16,179.20582580566406,181.99652224971814,179.0273006035652,181.47973037243665,2834580
2024-04-17,178.8675537109375,180.89715370053793,178.29438165435724,180.7937924272514,2452576
2024-04-18,179.5441131591797,180.6904574390995,178.51992840357258,179.4689492248424,2168096
2024-04-19,182.5321044921875,182.78580811384026,180.0608765960212,180.98171442236762,3611639
2024-04-22,183.7724151611328,184.44894849858716,182.41934848622412,182.55090711086953,2394506
2024-04-23,184.31741333007812,185.67986468307734,183.86638624826796,184.1952538162333,2587127
2024-04-24,183.03013610839844,183.90397846435354,181.5925062425484,181.8743927450902,3620036
2024-04-25,181.36697387695312,188.05712909389624,178.9897224874816,187.4181776926393,3939721
2024-04-26,181.77102661132812,181.95895094134332,178.63266419141448,178.81118940396675,3076772
2024-04-29,182.07168579101562,182.5320974339808,180.6152579329685,181.59247591576255,2623850
2024-04-30,181.094482421875,184.01672298511835,180.7092346673557,182.2784085313302,3164382
2024-05-01,183.5093231201172,185.27582035140668,180.31458081444876,180.38036012540886,5143904
2024-05-02,181.94955444335938,184.61810607665342,181.05691386293603,184.52414391029308,3458574
2024-05-03,183.988525390625,184.3925568417518,181.85556423639417,183.01130740730727,2277659
2024-05-06,183.2274627685547,185.29463049004733,182.24084548757622,184.51475028795426,2283932
2024-05-07,184.9657745361328,185.28525753522385,183.25565714791736,183.25565714791736,2076136
2024-05-08,186.09332275390625,186.38460837819818,184.09191985523822,184.81541985223464,1809158
2024-05-09,188.51754760742188,188.66788997226547,185.92417444969442,186.8450123688546,2723398
2024-05-10,190.66928100585938,190.9605520731242,188.60209915767547,188.8651873812724,2345441
2024-05-13,191.49618530273438,194.23990106544517,191.43980509788207,192.09755481474275,3546184
2024-05-14,190.94178771972656,192.9807724263214,190.65990123520987,192.6237220145244,2406140
2024-05-15,192.6800994873047,192.95258685085494,190.52833991060112,192.0317489782377,2707009
2024-05-16,195.173828125,195.78781583647077,193.2468396421757,193.61522935273683,2596738
2024-05-17,194.55984497070312,195.5327881160177,193.8136020693818,195.42887958455208,2293643
2024-05-20,193.2846221923828,194.76765909128676,191.99051917249383,194.3520249717033,2031724
2024-05-21,192.23611450195312,193.87027515077142,191.88660797396594,193.85139197025728,1763127
2024-05-22,191.56544494628906,192.64229657415808,190.69641037191212,191.86772164562183,2036782
2024-05-23,188.34437561035156,190.38470711608002,188.18378836094948,190.36582393366143,2646916
2024-05-24,188.62774658203125,189.6857005272804,188.15544831747494,189.2511832075671,2388133
2024-05-28,188.14599609375,189.71402922054492,187.12582311146562,187.18250181852707,2445494
2024-05-29,186.1528778076172,187.41864878482966,185.98285627000115,186.87077406503144,2879397
2024-05-30,189.78016662597656,190.12967318626204,186.46461519825124,186.8424538227294,2339775
2024-05-31,190.9892578125,191.07426858616932,188.09877485488002,189.23229072142536,3200397
2024-06-03,191.24429321289062,192.5289473673658,189.85571594563643,192.5289473673658,2472000
2024-06-04,195.75003051757812,196.6190650916442,189.92183537543684,189.92183537543684,3399999
2024-06-05,197.67703247070312,197.8470685937432,194.46538971211123,196.4112760466836,2754557
2024-06-06,196.90243530273438,198.56494249318445,196.11842610992534,197.58255055504526,3308949
2024-06-07,197.21417236328125,199.28285030062656,196.1562184828271,196.96857436443227,2593096
2024-06-10,199.06561279296875,199.36787493583512,197.5447948705154,198.1493483194633,2679087
2024-06-11,197.87538146972656,198.2343368624889,195.6744630364179,198.1587603990414,2331581
2024-06-12,196.94967651367188,199.90628679795566,196.23178027951602,199.075033154657,2500023
2024-06-13,197.07247924804688,197.39363912601473,194.8243163574531,195.61778904392298,1982557
2024-06-14,196.97804260253906,197.11973208715196,194.59763884679114,195.7217204233399,2265317
2024-06-17,200.20858764648438,200.41640472777348,196.04288462818283,196.47740197349114,3136764
2024-06-18,201.07762145996094,201.4176791453105,198.77279413792968,199.3490009684375,2471899
2024-06-20,202.27725219726562,203.2690785443998,201.0776087828509,201.57825368798777,4089144
2024-06-21,203.1746368408203,204.10979914458815,201.69161433907072,203.83586904559726,8021480
2024-06-24,203.93031311035156,206.26347237774493,203.00459975974522,203.2879787194315,2967411
2024-06-25,202.57008361816406,204.8182321270643,201.8805193966142,204.8182321270643,3000290
2024-06-26,201.60659790039062,202.21113679399178,199.8779774136777,201.7199553223944,2199255
2024-06-27,202.50392150878906,203.42018582689892,201.20981863997082,202.42835963128942,1935515
2024-06-28,201.7104949951172,204.1759094217493,199.4434487549321,202.27725290976164,4860841
2024-07-01,199.26397705078125,203.59026733352397,199.18841515642788,201.33266982421088,2173559
2024-07-02,201.41766357421875,201.4648933995992,199.27340908769708,200.03853517518155,1930557
2024-07-03,200.69032287597656,201.45544898040845,200.3219185645634,201.200402085062,1099375
2024-07-05,200.48251342773438,201.1153989585504,199.06561858107878,200.7942390429634,1371108
2024-07-08,199.90631103515625,201.41768015334128,199.3301042017647,200.1519090636716,1859539
2024-07-09,198.933349609375,200.3502589394374,198.89556866573758,199.96297145853816,1391442
2024-07-10,202.6078643798828,203.03293282150253,199.09394484824247,199.50013010808806,1812699
2024-07-11,202.9479217529297,204.66710786188557,201.81440591026683,203.08961123326253,2731593
2024-07-12,203.19351196289062,204.83712153689913,200.56751036435986,203.59024832522516,2113567
2024-07-15,203.7697296142578,204.34593642587038,201.5876940866199,202.52285633606695,1752404
2024-07-16,206.36737060546875,206.8774643727131,203.70358810321156,203.89252198184013,3013240
2024-07-17,208.010986328125,208.48328458469626,205.78172105917997,206.86802163090107,2719453
2024-07-18,205.6116943359375,208.55885579689368,205.47000486253816,207.79372972421578,2190656
2024-07-19,202.72120666503906,206.05565552208714,202.3717001398195,205.6683680545319,2691632
2024-07-22,204.9504852294922,205.08272582712013,201.795506578377,203.34465654992755,2817078
2024-07-23,205.3377685546875,206.73578013702783,204.23257022486322,204.95991536946525,1812092
2024-07-24,201.8144073486328,205.7061655170964,201.32321131400172,205.3377757819269,3565709
2024-07-25,191.23486328125,193.86085055665217,187.97597587479288,191.55602320629114,6761655
2024-07-26,191.50875854492188,196.2884485118792,187.2580454897319,191.7826885905282,7539321
2024-07-29,190.2429962158203,192.4722613660514,188.09875641252995,192.25501001224066,2907420
2024-07-30,191.414306640625,192.65173091774386,190.30912295139228,190.76253800049565,2638924
2024-07-31,193.40744018554688,195.306082155686,190.94202570728734,192.47227794151476,3362668
2024-08-01,193.24685668945312,195.3060859446971,190.33747594633917,193.0107075488248,3786656
2024-08-02,192.4061737060547,197.38421813517292,190.14856161560542,196.71355164189578,3417096
2024-08-05,188.64663696289062,191.31041969089551,185.99230311685892,191.31041969089551,3960966
2024-08-06,187.78704833984375,190.97980801250333,187.49422049273906,188.63719981727354,3671428
2024-08-07,186.95579528808594,192.65175042244306,186.74799279511382,189.44010755635745,3330599
2024-08-08,188.75051879882812,189.4306340621712,186.95577099731756,186.95577099731756,2489805
2024-08-09,187.24862670898438,188.12711027017087,186.57796022634298,188.00431854841753,1910122
2024-08-12,185.8883819580078,187.50365947269785,185.64279853302554,187.46587852897804,3109752
2024-08-13,185.83175659179688,186.474076513822,184.77380245734483,186.3323870091156,3782812
2024-08-14,186.65354919433594,186.83301963876025,184.73599469368455,185.1421799959175,3511686
2024-08-15,187.4658966064453,189.1378384071381,187.12583891696104,187.9287460202616,2934026
2024-08-16,188.5296173095703,189.58385941382406,186.94350386195146,187.66532820927608,2843887
2024-08-19,189.04249572753906,189.41291583051927,187.90277765410664,188.49163785660406,2068043
2024-08-20,190.020751953125,190.43866028588712,187.9882431062679,189.00449752969644,3096095
2024-08-21,191.30296325683594,191.64488161690917,189.84981389187305,190.7520907152197,1805617
2024-08-22,190.0872344970703,191.25545421187564,189.30842135386675,190.66659406346398,1970316
2024-08-23,192.30970764160156,192.59463715064481,190.75208126305088,191.55939620006626,2982789
2024-08-26,193.6108856201172,194.5321635354716,192.7181094516229,193.36394378762495,1856200
2024-08-27,195.75738525390625,195.93783768389503,193.5254226907837,193.72487628662114,2389650
2024-08-28,194.703125,196.6976461115668,193.5539064464304,196.23224954407905,2366079
2024-08-29,197.08706665039062,197.94185518961024,194.17126744065786,195.95683451941912,2396833
2024-08-30,197.46697998046875,198.26477971433943,194.98807553126076,197.53346940053865,1945834
2024-09-03,194.5701904296875,197.46698870931678,193.85785192774364,197.22004684564737,2080891
2024-09-04,195.2160186767578,196.72615690010525,194.87410031182264,194.95959089910178,1759789
2024-09-05,192.7845916748047,195.11153067837478,191.55939770854923,194.8835900016238,1529838
2024-09-06,188.17820739746094,192.89857495920305,187.91227904374236,192.8035984526759,2570333
2024-09-09,191.05601501464844,191.56888520690865,189.14696967963772,189.9352834641907,2327231
2024-09-10,190.85655212402344,191.0750068706676,188.59610262916726,190.239204874564,1411675
2024-09-11,193.79136657714844,194.09528260234006,187.44688313630385,190.75208903408458,2769631
2024-09-12,194.38970947265625,194.69364015418603,191.73035266275377,193.69638684849505,1967382
2024-09-13,193.89581298828125,195.29198805008676,193.3354545762364,194.19974364975926,1996316
2024-09-16,194.3992156982422,196.55520295717255,193.49693887166495,195.65291146920168,1580421
2024-09-17,193.98130798339844,195.40595550140475,193.32595839600148,194.70313232480015,1458414
2024-09-18,191.5119171142578,194.43720234394073,190.51464912348467,193.98132097221034,2419292
2024-09-19,193.46844482421875,195.21602437122127,192.02479597966735,193.9053397109694,2726635
2024-09-20,193.1360321044922,193.55394049668521,191.81584682610946,193.55394049668521,3874469
2024-09-23,193.53492736816406,193.80085572731107,192.4331969376809,193.76286805620347,2290204
2024-09-24,194.95957946777344,195.6529020787833,192.50916221918447,193.53491725384546,2611812
2024-09-25,196.39373779296875,197.32451637242153,194.9500890002713,195.84286524723703,2891435
2024-09-26,196.63116455078125,198.02732498621356,196.1847691295498,197.28651413969394,1616638
2024-09-27,197.2010498046875,200.25931408338673,196.7261672343852,197.07758620096672,2482926
2024-09-30,196.32723999023438,198.31226066079046,193.9718138848936,197.6474251301641,2655010
2024-10-01,195.71939086914062,197.55244617770242,194.5416705003681,196.06130921293285,2327130
2024-10-02,193.63941955566406,195.70041581460444,193.43046535619177,195.24453440298564,1863282
2024-10-03,192.68963623046875,193.34498590716765,191.473928052608,192.32873134128508,2071482
2024-10-04,193.54441833496094,194.77911288367133,191.51190942566174,194.29472978228327,1662669
2024-10-07,193.11703491210938,194.06680000291064,191.5878955222468,192.05327748446064,1822411
2024-10-08,196.60267639160156,199.14805541259946,193.55391311898975,198.20779098595233,4180598
2024-10-09,202.96615600585938,203.27957260982697,196.50770963995407,196.62167264985445,5141881
2024-10-10,202.87118530273438,202.93766006172925,200.51574443791768,200.87666396640833,5015423
2024-10-11,205.14114379882812,205.6920017046525,202.99465703090758,204.37183111825706,3853932
2024-10-14,206.67027282714844,206.7842505086122,204.44781066836745,205.37858930326917,1871577
2024-10-15,206.35682678222656,208.20888320436012,205.60650069876107,207.0501493716906,3994452
2024-10-16,207.9619598388672,208.57930714727152,205.68250896182656,206.1668920899303,2626683
2024-10-17,208.52230834960938,209.0256926200237,207.38259029622418,207.99993757514116,3171565
2024-10-18,210.8682403564453,210.91572860682777,206.78422150077006,206.78422150077006,4080747
2024-10-21,210.37435913085938,211.78002015533832,209.03518752224494,210.82075455419508,3733139
2024-10-22,211.18165588378906,211.64705246431367,208.72175279721887,209.4720788786071,4058288
2024-10-23,209.2726287841797,211.43810182367616,208.16139784773085,210.41234680663277,6255925
2024-10-24,198.59722900390625,205.3406056193702,198.40727597203923,203.60252658094998,8801675
2024-10-25,197.5524444580078,199.79390750764583,196.26076109347724,198.59720064548677,6158906
2024-10-28,195.74789428710938,198.226798821074,194.61767673703298,197.60945149877912,6165482
2024-10-29,195.63392639160156,197.17255169796783,192.83209006058206,194.73163489704837,6141607
2024-10-30,193.94332885742188,196.25126673508063,192.8890720539914,194.18077012088102,5416649
2024-10-31,195.3489990234375,195.79537982267462,193.17401055844272,194.3707321756316,4708889
2024-11-01,198.68267822265625,199.00559540113431,195.443961871102,195.92834496951554,4536603
2024-11-04,197.11557006835938,198.34077880519837,196.0518272668634,198.34077880519837,4076903
2024-11-05,198.29327392578125,201.19957254994878,196.24176383999486,197.7424014042109,7463649
2024-11-06,205.53053283691406,205.99591477425804,198.5877034777196,201.40852617260668,6223956
2024-11-07,206.57525634765625,207.38257122261263,204.5997364399807,206.0528856212321,5435870
2024-11-08,208.46531677246094,208.67427094405684,205.6350081802824,206.5277843780784,5761221
2024-11-11,213.92652893066406,214.0025042754995,208.18990656958022,208.18990656958022,7383525
2024-11-12,222.16104125976562,230.576021736712,218.04853486326593,227.33730510851302,11218033
2024-11-13,221.36322021484375,224.64942478273602,220.51791761663804,223.19627550308013,5595612
2024-11-14,219.0837860107422,222.78788453491194,218.72286647855847,221.28724689110487,3881753
2024-11-15,218.55882263183594,220.66815417285974,217.98615823525495,218.5683699851596,3751147
2024-11-18,218.4251708984375,219.5895942223902,217.8716012921065,219.02647726417743,3486294
2024-11-19,217.80482482910156,218.48248066804175,215.96274545093624,216.9744555325231,3739614
2024-11-20,216.34451293945312,218.46337708587757,215.1419000344956,216.88855000594774,4686632
2024-11-21,215.79092407226562,218.4442926108098,214.57877857260118,217.61392336507816,5696475
2024-11-22,218.67335510253906,219.63734308904944,216.77400645509437,217.37531289431706,3879021
2024-11-25,220.09548950195312,221.42217380590142,219.23649290815234,220.591804538466,3882461
2024-11-26,219.90460205078125,221.90894217609144,219.37965968627785,221.24081897860805,4252123
2024-11-27,219.17922973632812,222.34799344363643,219.01696892613714,221.6035208677588,2903474
2024-11-29,222.3193359375,222.6438575353362,218.9596843262317,218.9596843262317,1939865
2024-12-02,219.47509765625,223.06381212872893,219.34146418032324,222.56749710446556,3263019
2024-12-03,216.6212921142578,218.75925091125671,212.99438825491146,217.74754089724286,4070226
2024-12-04,219.3223876953125,219.65644192330225,216.459036273975,217.04126275161232,2685764
2024-12-05,215.98179626464844,219.6564219047862,215.2373385178315,219.47508114426088,5244160
2024-12-06,216.06773376464844,217.57575887846627,215.42825261592748,216.9362777297453,3216989
2024-12-09,214.83648681640625,217.36576927206139,214.6933207189297,216.31586982366372,2572458
2024-12-10,218.64474487304688,219.0837905454827,214.34973221949758,214.9033019367619,3589281
2024-12-11,218.62562561035156,223.34058869918192,217.48029688928125,221.32671608458617,4433615
2024-12-12,217.31802368164062,219.46552964456225,216.98396949040787,217.37529306113703,2747273
2024-12-13,217.251220703125,218.65425428854934,215.58094964122415,215.64775164355873,2460568
2024-12-16,225.24949645996094,227.10112310975546,219.66598918447525,221.87076476856745,8292909
2024-12-17,222.5102081298828,227.45424849752362,221.08809465382785,227.31108241469457,5445178
2024-12-18,216.52587890625,224.00875049562507,216.09638056175876,223.0542949965174,6503883
2024-12-19,216.54495239257812,222.86338500176322,215.9913679626781,218.20569094870814,4927307
2024-12-20,217.91934204101562,219.2842009374801,214.38788235821647,214.90327733486944,6912899
2024-12-23,216.79310607910156,217.85253815299112,215.65730991266102,217.3943977983949,3508247
2024-12-24,218.47291564941406,218.8356119236749,215.3709689135089,216.32540952961224,1895453
2024-12-26,221.29808044433594,221.44124653862173,218.0147928951931,218.35839446819284,3107324
2024-12-27,219.05514526367188,221.0117634200633,218.37748942417588,220.47727368467616,3089317
2024-12-30,216.27767944335938,217.06987396536073,215.1323507466941,216.80262176266427,2399261
2024-12-31,215.6000213623047,217.18441038924257,215.3232365436388,216.80261942756422,1959390
2025-01-02,215.2469024658203,217.6043916300559,214.4165331604909,216.72630028955973,2113871
2025-01-03,216.20135498046875,217.06035160185948,215.57142117806814,215.685945220778,2667858
2025-01-06,211.6390838623047,216.5831247986163,211.27640230418223,214.44516592893666,3873963
2025-01-07,210.57965087890625,212.91804522429945,209.8924477117996,211.41002014469595,3051177
2025-01-08,210.14060974121094,211.29548590876306,209.21479638975563,210.06426038036872,3156896
2025-01-10,208.25082397460938,209.97836467873694,206.4278244619153,209.9497373496669,3626915
2025-01-13,209.1193389892578,218.5397327119546,207.51586991167082,207.75448006605257,5455193
2025-01-14,208.5466766357422,210.46510524223987,204.82432872424673,210.30285917583265,4068607
2025-01-15,209.539306640625,210.484214714259,206.34191558310997,209.7683841939729,4702010
2025-01-16,212.54580688476562,214.30198940422008,209.90198575271467,209.97833510853042,4665489
2025-01-17,212.44081115722656,216.53538783519969,212.1640263310524,216.50676051074228,3388162
2025-01-21,214.81741333007812,217.35624338973642,213.02305589098015,213.1948493314942,4710912
2025-01-22,212.92759704589844,214.3115360288768,212.49809874083618,213.79614100951613,3007170
2025-01-23,215.38052368164062,215.7718472944296,212.60308371287329,213.2711921671477,3072017
2025-01-24,211.41958618164062,216.80265848826443,211.20005597078426,214.7506108924629,6406764
2025-01-27,215.42825317382812,215.58096662966432,210.0737938003085,210.2169599026105,3146880
2025-01-28,210.64646911621094,214.48334121519733,210.14060672379188,214.48334121519733,3641179
2025-01-29,210.9805145263672,212.6508003532706,210.59873827646226,210.88507046389094,1938651
2025-01-30,213.8533935546875,214.4642325937326,211.48635728616134,211.93495026288065,1834551
2025-01-31,213.52890014648438,215.6573116648214,212.41218394393115,212.69853087636145,2510544
2025-02-03,212.278564453125,213.12802842695314,209.65383790587686,212.36446116576775,3258163
2025-02-04,213.3666229248047,215.41868492566294,212.9466720121662,214.3401582194579,3483056
2025-02-05,212.22129821777344,213.99657555112157,209.26251739576333,213.36664175977194,4650516
2025-02-06,200.2620849609375,205.4351739401161,196.7878944549143,205.20611112953793,12327423
2025-02-07,196.15797424316406,203.67902016864355,196.0243407553115,202.34278842511404,6774706
2025-02-10,199.02130126953125,199.632140354215,195.7379988303419,197.1410472482069,6705508
2025-02-11,197.5132598876953,199.80393205023734,196.40610585031118,197.1601109739677,3113091
2025-02-12,195.6711883544922,196.892881204554,194.94579579331872,196.22475802805943,3452808
2025-02-13,195.91934204101562,197.85686532781597,195.28939355541493,197.10284545580765,3421547
2025-02-14,193.51414489746094,195.79526991509613,192.3592687251224,195.48984300332103,5413816
2025-02-18,198.5631561279297,198.89722508938198,193.5427658893276,195.10806034397575,4955027
2025-02-19,201.20700073242188,202.05646479743157,198.44865514347404,198.45820249780803,5123671
2025-02-20,201.7223663330078,201.8655324159352,199.355330188232,200.04253327971088,3678408
2025-02-21,202.28549194335938,202.8199816224737,199.86120104883037,201.54101944023157,6294671
2025-02-24,200.34796142578125,205.38743115062468,200.16662066629883,202.1136911933644,6820838
2025-02-25,202.3427734375,204.07986131520775,201.407412759669,201.53149888440228,3842703
2025-02-26,201.70327758789062,203.02041442987888,200.19525262969265,201.22605729736634,3163168
2025-02-27,202.6004638671875,205.101104087236,201.9800627548769,202.14232354735995,2787538
2025-02-28,204.27967834472656,205.12409007090704,202.07270156744906,204.3756480251855,4022981
2025-03-03,203.44488525390625,207.3214738749403,202.49492018530879,205.076118053625,5395707
2025-03-04,199.58746337890625,203.93425751659774,199.42433417439725,203.13782320550715,7042999
2025-03-05,201.14193725585938,201.91918947667963,198.42640555120107,199.58746243906293,5357568
2025-03-06,202.7156219482422,203.17621424053613,199.49152033945364,200.489462899879,5101212
2025-03-07,205.84376525878906,206.64978318337367,202.26462500085827,202.70602035388035,5748980
2025-03-10,205.1720733642578,209.6340044802559,204.94178463687626,205.62306718188094,4225820
2025-03-11,200.1536102294922,205.10491415652874,198.55114314766084,204.85542852964042,5304658
2025-03-12,198.0041961669922,199.3859581701669,196.4497213196318,198.71427406789897,3856967
2025-03-13,198.3304443359375,199.4915011866524,196.81434855310908,197.34210032048662,3572184
2025-03-14,200.99803161621094,202.61009734369603,199.48193558374547,200.03848279025456,3929706
2025-03-17,201.9095916748047,202.5716773165186,199.32837900477335,200.00967635791287,4466596
2025-03-18,201.25709533691406,202.95550251177838,200.38390303126303,201.89999891014853,3855450
2025-03-19,200.211181640625,203.54085138345846,199.8849380251193,201.78485345498703,6483043
2025-03-20,202.36058044433594,203.10902248806156,198.9157740286275,199.194040182709,3624689
2025-03-21,201.6217498779297,202.89795868309662,200.33594262217488,200.6717847057835,6621439
2025-03-24,203.28176879882812,204.0782031619789,201.9863631524401,203.0802605955045,4297749
2025-03-25,203.54083251953125,204.39482787322683,201.76565266785929,202.55248850211728,3854741
2025-03-26,204.50038146972656,208.37698476365435,204.01100868494024,204.12616045045053,5311942
2025-03-27,205.50791931152344,206.5058618364833,203.68477673215654,204.48119624975308,3626105
2025-03-28,201.8328399658203,206.20841508994872,201.47781579656072,205.60389045727925,3291346
2025-03-31,203.18580627441406,203.84789193547982,201.27629245220797,202.30301551804473,4014584
2025-04-01,204.8170623779297,204.98979005636232,201.19954251838266,202.57170624527458,2593703
2025-04-02,207.2543182373047,207.65733462622788,203.74233732123136,203.89586807950792,3463835
2025-04-03,198.3208465576172,207.5421715000676,197.98500452269545,204.95137527539262,6586638
2025-04-04,183.26544189453125,196.35377273254608,182.99675935757102,195.02958657252435,8543802
2025-04-07,179.87820434570312,188.2934969133716,175.9728203499184,183.09272215620325,9461279
2025-04-08,175.46424865722656,183.43814576449302,173.51635590620447,180.62665918233202,7033085
2025-04-09,191.0474090576172,191.6999110235671,172.10580327141673,173.1996857640601,9247920
2025-04-10,185.56838989257812,191.47924328474315,181.16403409154933,189.02279531245802,5889197
2025-04-11,190.51966857910156,191.34488342499716,183.850760665431,184.98303702082052,5162418
2025-04-14,192.15090942382812,193.21601140766026,190.1838198422507,190.97065567488167,4544494
2025-04-15,190.76914978027344,194.1755624045296,190.36613340996098,192.7074440376099,3054718
2025-04-16,185.4628448486328,190.55808196139097,184.72398629003274,189.51217665029554,4177057
2025-04-17,188.64854431152344,190.30857254532583,187.09406940326824,187.3531534921184,3253105
2025-04-21,186.37440490722656,187.88090235404468,184.34973929085345,187.09406646225,5006217
2025-04-22,190.34695434570312,191.57518556227424,187.5066576222895,187.938469347292,4397398
2025-04-23,189.32981872558594,193.13926266893046,188.85964281833984,191.55599247884413,4206193
2025-04-24,192.62107849121094,193.4462932788662,188.30308001372967,189.3489998746391,3277486
2025-04-25,191.10498046875,192.46754543753266,189.79039293108755,191.143359451162,3681443
2025-04-28,192.54434204101562,193.56146666911175,189.98232616477202,191.4984220632316,5756972
2025-04-29,202.9363250732422,203.83829793644801,198.4935758450424,199.05972145791398,8846593
2025-04-30,201.98634338378906,203.0994376182008,197.46683655139918,202.5812694853901,5090691
2025-05-01,202.21665954589844,202.9747000816333,201.28589135096385,201.8904011271065,3633491
2025-05-02,205.46954345703125,206.2467808994094,203.44489265186087,203.59840860042024,4429569
2025-05-05,205.58468627929688,206.82251595072353,203.87668070792859,204.4524099272258,6358406
2025-05-06,201.4394073486328,204.66352367603284,201.01720886896524,204.12617342353659,5189024
2025-05-07,205.93014526367188,208.00278841414936,204.5100041744388,205.24886266384723,4384550
2025-05-08,205.8629608154297,207.89722487710557,205.13370081216402,206.9760403138433,3947106
2025-05-09,204.41403198242188,206.18921189671437,204.06859148660052,205.86295348751403,2421922
2025-05-12,210.4688262939453,210.5839780685048,207.77247654113015,209.1830191235813,4079533
2025-05-13,209.39413452148438,211.45717922526393,209.24060375313132,210.8718515029061,3903200
2025-05-14,208.3961944580078,209.37494008767752,207.09119041016655,207.61894221172085,3272731
2025-05-15,213.29954528808594,213.96163102458596,208.89517464179028,208.89517464179028,4181104
2025-05-16,214.9583740234375,215.06446665890834,212.77869591461462,214.39898325827534,2929777
2025-05-19,216.94517517089844,217.09949038759785,212.77870898433144,213.73352787411284,3455033
2025-05-20,217.06089782714844,217.2537881236945,215.3248851582339,215.3248851582339,3372481
2025-05-21,213.98426818847656,216.96443493689853,213.63706270546479,216.4532816480926,3653522
2025-05-22,215.68173217773438,217.03197919740322,213.32845855224033,213.52134885674926,2949505
2025-05-23,214.1385955810547,215.07411945130102,212.97159145022005,212.97159145022005,2566793
2025-05-27,218.41111755371094,218.7004529624479,214.42790960579916,216.44362486381647,3126850
2025-05-28,216.6268768310547,219.79030125502234,216.2121686828543,218.4111268153637,2612823
2025-05-29,217.18629455566406,217.88070560757686,215.30559919740904,217.52385258876768,6818713
2025-05-30,218.6136932373047,218.95125127271595,215.81676891293347,218.5943982514672,8396402
2025-06-02,217.50453186035156,217.90960740737577,215.10303594144366,217.00302606053128,2560925
2025-06-03,218.7101287841797,219.1441319535035,216.99339620376875,217.00304369626375,2841864
2025-06-04,219.365966796875,220.63904872747108,218.1507400455831,219.39489438652708,1854076
2025-06-05,218.6136932373047,219.8192576494878,218.0832448959441,219.38525446110188,3287502
2025-06-06,220.64869689941406,222.27861695586262,220.04108352189732,220.61975442156705,2241543
2025-06-09,219.0573272705078,220.57152201237534,218.47865639663823,220.5618745201898,2590971
2025-06-10,218.21824645996094,219.5202559137082,217.70707826007117,219.04767768219133,2696184
2025-06-11,217.79388427734375,218.73905566478308,213.77210074462684,217.89032942576986,2522785
2025-06-12,218.0157012939453,218.65224220517118,215.81674313590182,217.03195489585946,1617448
2025-06-13,216.31825256347656,218.0928551064749,215.56598640276127,216.9065709138333,2526124
2025-06-16,216.12538146972656,218.35328233824492,215.5852856429439,217.55277864680264,2467447
2025-06-17,213.90713500976562,216.16397842960384,213.60815205240655,215.65281017654306,3141620
2025-06-18,213.98426818847656,215.64313055836368,213.0390968798276,214.2639561179761,3640269
2025-06-20,213.91677856445312,215.45991590021498,212.37364122869127,215.45026840729585,5943624
2025-06-23,216.75228881835938,217.00304918904817,213.85890450675183,215.38274682825704,2609788
2025-06-24,216.6172332763672,218.0735727876254,215.70100442652878,217.5720520935246,3625600
2025-06-25,213.90713500976562,216.69442678075146,213.28988899696063,216.69442678075146,3038835
2025-06-26,218.333984375,218.44006212263454,214.23503598966664,214.90050450387983,2660574
2025-06-27,220.71617126464844,220.82226389360267,217.76493218910235,218.131432644753,5052753
2025-06-30,224.60296630859375,225.25880227093302,220.20504953932405,220.71620288646702,4108365
2025-07-01,230.28359985351562,230.38969248497318,224.9019223407283,225.27807029663276,3967137
2025-07-02,230.75619506835938,231.97142178577863,228.49936671901708,229.69529845180222,4151159
2025-07-03,231.8556671142578,232.72368827056636,230.88156821343017,231.36379391798798,1925398
2025-07-07,230.84300231933594,232.33790206294336,229.48310791265087,231.34452302727206,2742215
2025-07-08,231.2770233154297,233.0612735190568,230.53438968832177,230.77550256879755,2800082
2025-07-09,230.2353973388672,233.12876667455257,228.3064794857084,232.1450202071332,2202391
2025-07-10,228.35470581054688,230.87194208701345,228.1039454433501,229.36739477193876,2290507
2025-07-11,227.54457092285156,227.66029617050077,225.68315569863472,226.04000871045818,2445393
2025-07-14,229.59886169433594,230.29327273306188,226.2907692117711,228.09429948106106,2945155
2025-07-15,226.93695068359375,229.16485145685832,226.83085804370893,228.75977588206376,2382771
2025-07-16,228.46080017089844,228.57654030681522,224.72835200080135,227.0912730776759,2857646
2025-07-17,229.89784240722656,230.20647284102185,227.7760342290692,228.20038990945835,2535836
2025-07-18,228.13287353515625,231.1998529275317,226.87907177823692,231.1998529275317,3655950
2025-07-21,226.85980224609375,229.87854431905473,226.82121227631086,228.13288415818226,2927754
2025-07-22,228.1714630126953,228.64404126929338,226.0014322531746,226.78264094450512,3448862
2025-07-23,230.76583862304688,231.96177033542548,228.79834574815575,229.15519874105988,3873761
2025-07-24,216.5015106201172,222.39434162580113,215.84567471323462,218.08322287970734,11324865
2025-07-25,216.27003479003906,218.54615808274815,214.38935445842182,218.27611763139902,6038721
2025-07-28,217.08018493652344,219.6552911453381,216.73297943771578,217.12840750891047,4879354
2025-07-29,213.83961486816406,217.96749097545128,213.37666923029312,217.66850804251274,3808407
2025-07-30,214.2639617919922,216.41469741242514,213.35736553786893,214.4857945536179,4801456
2025-07-31,214.4472198486328,215.77817184879945,213.4345457756848,213.68530614279786,3090430
2025-08-01,209.97213745117188,213.76245564776474,209.44168912888358,213.50206267695944,4013269
2025-08-04,212.9426727294922,212.96196771471315,210.05893594909827,210.56045668378468,3492566
2025-08-05,213.20306396484375,213.50204688382019,211.70814936996163,212.20002257368353,2508723
2025-08-06,211.43809509277344,214.01320125031265,211.21627721945197,213.7720883931785,2825475
2025-08-07,208.88229370117188,212.6726118137917,207.9467698164382,212.45079393008228,2936353
2025-08-08,208.6219024658203,209.96248704776053,208.32291952887255,209.0655531250229,3095184
2025-08-11,208.75692749023438,208.89194772315216,206.58689671846653,208.6219072573166,2439424
2025-08-12,209.2969970703125,209.55740489894683,207.88888018550128,208.94014410338463,4400635
2025-08-13,211.9299774169922,212.1228825991038,209.48990626495066,209.64422147777668,3670416
2025-08-14,210.44473266601562,211.30309152745673,209.557431326574,211.30309152745673,3007069
2025-08-15,210.1538848876953,211.36572504162717,209.19409551329443,211.36572504162717,2772970
2025-08-18,209.79518127441406,210.77435114485672,209.32982566028227,210.11510109957229,4161174
2025-08-19,210.12478637695312,211.51114045700157,208.8935508257671,209.65944575597393,2404421
2025-08-20,210.37686157226562,212.8199523218539,209.62066432217253,210.43503289390492,4108871
2025-08-21,210.78404235839844,211.12335760245017,208.43789886196,209.88242430198147,2718744
2025-08-22,216.02891540527344,216.27128343216336,212.0055762276844,212.85872066170185,3321089
2025-08-25,213.87667846679688,215.6314410394205,213.77004850142333,214.9721909896423,2283426
2025-08-26,215.76715087890625,216.00951890459302,213.1301658075826,213.49857418599146,4104319
2025-08-27,214.4971466064453,215.92227663139963,213.9542392176242,214.85585728270448,2136330
2025-08-28,214.59410095214844,215.1273106442176,213.07202366308908,214.9334162107379,2630629
2025-08-29,212.80055236816406,214.8364587885983,212.49031530309006,214.32262958492004,2014323
2025-09-02,210.95855712890625,211.46268865829364,208.82570332692015,210.4059519896012,3289930
2025-09-03,207.4684295654297,210.59984851964262,206.0723777126628,210.55137491268846,3562674
2025-09-04,208.593017578125,209.0486754639232,205.62641491165525,207.20666345756135,4709799
2025-09-05,207.71080017089844,209.68853533159236,206.8576556985811,208.4185238205535,4152778
2025-09-08,208.19554138183594,208.63180386058366,206.05298991636585,208.26341042032934,4617030
2025-09-09,207.66232299804688,208.73844006039386,205.4712980154885,208.39912481334085,2979450
2025-09-10,205.23861694335938,207.79803521666582,204.92837989035013,207.43932455947436,4335180
2025-09-11,208.73843383789062,209.56250009320547,205.01563401453316,205.45189646202485,5645588
2025-09-12,205.0059356689453,208.03070958075654,204.50181915498365,207.5168953526477,3205962
2025-09-15,205.27740478515625,206.43108860434822,204.25944407245487,205.29680021420154,3835924
2025-09-16,204.51150512695312,206.80917499806597,204.17218988571207,205.2192287523353,3378754
2025-09-17,205.21922302246094,207.12910399311582,203.83286895330465,205.2095253084317,5475426
2025-09-18,203.78440856933594,206.88674939225965,203.63898774628723,204.6472507585788,4505545
2025-09-19,202.97972106933594,204.65693170270035,201.08923555900893,204.65693170270035,11134470
2025-09-22,202.62103271484375,204.11401677004986,201.0019933404548,202.37864972190945,4861448
2025-09-23,202.9215545654297,204.57936981039308,202.4368185168234,203.04759491743224,6308025
2025-09-24,202.2332305908203,203.861967692997,201.86483717245824,202.91187603859677,6230633
2025-09-25,201.36070251464844,202.98942462557162,200.97291367380123,202.52408400279828,4121517
2025-09-26,201.83572387695312,202.66948777338402,201.0213703727837,202.0587114210517,3593024
2025-09-29,202.89247131347656,203.74561571704749,198.13233051089782,203.48385227110472,5703759
2025-09-30,204.0752410888672,204.6666220692729,202.08780829714036,202.57255931789956,4231080
2025-10-01,203.7650146484375,206.29535494694719,203.58081793100072,204.07525172614828,3932538
2025-10-02,204.56968688964844,206.5183439046917,203.6777665094708,204.07525309119364,4357842
2025-10-03,202.66949462890625,205.55853032733654,202.05871825591376,204.54058467128988,4376962
2025-10-06,202.62103271484375,204.07524087879938,201.4576512180709,203.5905048241475,5217452
2025-10-07,202.6016387939453,203.28026927550755,201.4673504313765,202.2623235531642,3918577
2025-10-08,203.44508361816406,203.47416179514414,201.5545980430336,202.46591379652065,2846922
2025-10-09,197.99659729003906,203.59048678246518,197.2694932724954,203.58078906910987,3798695
2025-10-10,194.77793884277344,199.20844716039466,194.59374214235095,198.71401341091797,5597231
2025-10-13,196.71690368652344,197.03682349313195,194.48710289194807,196.23216763674796,3766929
2025-10-14,202.24293518066406,202.35927782494863,195.20451947923627,195.27238851600376,4097440
2025-10-15,196.3194122314453,203.0185121620446,195.93162340130615,202.40773577521068,4481973
2025-10-16,196.96897888183594,198.6170815301965,196.06736080660275,197.48279313302243,3137978
2025-10-17,196.765380859375,198.743115950807,195.854065096786,196.930182139922,3918577
2025-10-20,199.74166870117188,199.89678722331945,198.08385352597688,198.10324895334816,3954795
2025-10-21,202.69859313964844,204.18189450949058,199.5962672919966,199.8483330442844,3844321
2025-10-22,200.30397033691406,203.77470448346838,199.71258934855095,203.39661334848495,4314441
2025-10-23,213.93484497070312,215.68960750380012,207.71079791101417,208.4379020164146,9578835
2025-10-24,209.5430908203125,214.1868888371139,208.19551271016394,214.1868888371139,8134584
2025-10-27,208.50575256347656,212.51939380747766,208.14704191704374,212.2770257938359,5457014
2025-10-28,207.8659210205078,208.90326221994832,206.66376356730638,208.2537098852543,4290971
2025-10-29,206.39227294921875,207.91436497813748,204.07522284030344,206.86732621327366,4235430
2025-10-30,205.8365020751953,211.09273810070826,205.51764481791406,207.57487724140557,6208429
2025-10-31,207.0914306640625,207.64687923458877,204.3347355923105,204.48901605340586,3878647
2025-11-03,203.42953491210938,207.2148308551445,202.74035373182562,207.09140949200795,4732602
2025-11-04,202.0820770263672,203.67642327107882,200.25112449512832,203.31641056844134,5460695
2025-11-05,202.68894958496094,205.4456448188779,200.89916742673338,201.7323478143397,4010802
2025-11-06,201.51632690429688,202.89467447132458,200.8065828910257,201.59860782332618,2890345
2025-11-07,199.6236572265625,202.06147995594648,199.24306684729387,201.6603118655578,3534529
2025-11-10,201.68089294433594,202.10262378727865,199.16078925960727,200.56998087185613,3643037
2025-11-11,206.14508056640625,207.27655533837208,201.38259018603574,202.10261550484825,4001363
2025-11-12,207.35885620117188,208.06860016454377,205.2913424787935,206.73139315104441,4392679
2025-11-13,205.58963012695312,208.8503367075637,205.23989884330024,207.02969571681567,3968658
2025-11-14,205.96214294433594,206.50023243724084,202.474941831522,205.36198067844632,3552169
2025-11-17,202.89920043945312,206.28292688729394,201.75060571740738,204.77214814558354,2705556
2025-11-18,198.10818481445312,200.5813098447634,197.19758340011524,198.50139769289498,5790129
2025-11-19,197.1975860595703,198.00471278866303,195.58333260138488,197.31140371027521,3234844
2025-11-20,194.68309020996094,199.9708087814453,193.25510012250805,199.12228005905274,3502396
2025-11-21,196.6284637451172,197.7253287223756,194.37264595752947,194.81760374278906,4492415
2025-11-24,195.22116088867188,196.80437040982378,193.54481962448227,196.65949379112803,5057555
2025-11-25,197.66322326660156,198.29444449479718,195.81097655911213,196.42149682638117,3493052
2025-11-26,196.597412109375,198.9774054696564,196.5560252407013,198.9774054696564,2975778
2025-11-28,198.87393188476562,199.09122423795398,196.1938573649029,196.6077712196945,1567649
2025-12-01,196.83541870117188,198.8428850595278,196.58706738088208,196.89750653124432,3070461
2025-12-02,199.86732482910156,200.46748712971026,196.12142923371587,197.43558654502016,4269010
2025-12-03,200.1984405517578,201.9885994717249,199.47408756606848,200.05356393252208,3986584
2025-12-04,198.91531372070312,200.66408578684846,198.11852994677065,200.18808411311966,3819912
2025-12-05,197.98402404785156,200.0846222637903,197.2803719728509,199.47410193888493,4094615
2025-12-08,198.66697692871094,199.04984688631842,197.15621311659206,198.82219651358503,3089149
2025-12-09,196.78367614746094,199.39131987555297,196.462894040048,197.81845325389102,2643102
2025-12-10,198.7394256591797,199.4016758239361,196.73194409105236,196.7733460177842,5308897
2025-12-11,200.59165954589844,201.191836892036,199.3395750314402,199.3809619002357,3560083
2025-12-12,200.39505004882812,201.4919149695459,199.2050533833047,200.87105172608645,3169911
2025-12-15,204.31686401367188,204.40999576440592,200.09498164520352,202.46461711861699,3302257
2025-12-16,205.155029296875,205.6724178615693,203.53043281699374,204.36860349621819,4514250
2025-12-17,206.84170532226562,209.5010938802382,205.0101595119818,205.31024065201368,5998564
2025-12-18,204.96876525878906,208.33180597566223,203.49938836324736,207.81441741233488,3974474
2025-12-19,206.03457641601562,208.0524007493253,205.061887168049,205.74483823224398,7500708
2025-12-22,202.77505493164062,206.6968561139022,201.98861406022786,205.17573430591054,4180144
2025-12-23,202.29905700683594,203.03375301238697,201.4919302127049,202.60948112442725,2307184
2025-12-24,203.77877807617188,203.99607042709474,201.79199761598454,202.29904321196116,1411275
2025-12-26,204.2340850830078,204.34790273862706,202.69226234099435,203.57181989080746,1390108
2025-12-29,203.9443359375,204.47206742801262,203.0647633796528,204.2133731592916,1971743
2025-12-30,203.18894958496094,204.45137707964207,202.20591733488993,203.16826367774604,1815559
2025-12-31,201.87478637695312,203.9029386500559,201.83338445324043,203.18894365657414,1933031
