Price,Close,High,Low,Open,Volume
Ticker,JNJ,JNJ,JNJ,JNJ,JNJ
Date,,,,,
2021-01-04,134.2873992919922,135.04250195702187,132.253785997284,134.92237317786305,11765900
2021-01-05,135.86619567871094,136.22658190282613,133.06032869958898,134.07284050642915,9602300
2021-01-06,137.1447296142578,137.4879508752992,134.47614306654765,134.92234118034293,8230100
2021-01-07,137.6080780029297,138.17440486071501,135.87479363414673,136.43253145002362,7747200
2021-01-08,137.3249053955078,138.23446654254477,137.18762475771712,137.72819754669803,8228900
2021-01-11,136.75001525878906,138.423254935243,136.23518336015496,137.77111620003362,7066200
2021-01-12,135.68600463867188,136.99884480217332,134.99954909930597,136.56122268563925,6903200
2021-01-13,135.48007202148438,135.96917604096916,134.50187707556594,135.77181138764135,6643100
2021-01-14,137.8483123779297,138.96380091561645,136.95592940360999,137.67670177822006,10030800
2021-01-15,137.5480194091797,138.50047344904357,136.52691849968895,137.5480194091797,7630800
2021-01-19,139.67604064941406,139.89913318890154,138.23449545324232,139.0067499378981,9057600
2021-01-20,139.33279418945312,140.8429859927636,138.83511422070222,140.03640166730702,6839900
2021-01-21,138.77505493164062,139.4186046376214,137.34208582415636,138.42325770975754,6818000
2021-01-22,140.33673095703125,141.7182180758304,138.89517291899895,139.31563007447738,8137000
2021-01-25,142.4218292236328,142.51621703267762,140.4311223779404,141.5895039328883,9924400
2021-01-26,146.2831268310547,149.00319520167542,145.34783778520165,145.61383622089824,14205700
2021-01-27,144.05215454101562,146.66066996823008,143.68317927509383,145.11614822505337,14207300
2021-01-28,145.15049743652344,146.60920751772449,143.9835267529521,144.32674803333376,8944400
2021-01-29,139.97634887695312,142.43899477760874,137.7625364230988,140.94595481764605,22505900
2021-02-01,139.61598205566406,141.84694671760147,139.5215942331132,141.84694671760147,9971400
2021-02-02,138.36318969726562,140.43113260499612,138.30311877211165,140.1908750904854,11443300
2021-02-03,137.71963500976562,138.59486626279815,136.92163967100956,138.09718625982092,8601900
2021-02-04,138.99813842773438,139.08393718571637,137.08464151272818,138.14864823749642,7758100
2021-02-05,141.10899353027344,141.9584838393173,140.60273758031136,141.46080383843773,9495300
2021-02-08,141.5122833251953,142.37034956880655,140.61990019278247,141.60667113571463,6035300
2021-02-09,142.67066955566406,142.94524392899805,141.55518088631413,141.7525324446215,5544200
2021-02-10,143.13404846191406,144.10366764557162,142.18159427163684,144.0607617086476,5921300
2021-02-11,142.49044799804688,143.62310148325642,142.09574494208525,143.29703219029324,4871300
2021-02-12,142.9366912841797,143.1683728600828,140.72287857446383,141.066099870351,4413100
2021-02-16,141.64097595214844,143.3399431465878,141.27200072456466,142.9366510362995,5656100
2021-02-17,142.14724731445312,142.5162094892479,141.03175865561744,141.55517955206068,6676700
2021-02-18,142.21585083007812,142.5762369466702,140.98023380573557,141.5465604574004,5189100
2021-02-19,139.84764099121094,142.40468797544682,139.78758315899202,142.09578358574964,8190900
2021-02-22,139.76126098632812,140.33974861081057,138.3970609805825,139.76126098632812,6447100
2021-02-23,138.52662658691406,140.90102335403665,138.49208252883415,139.42457447652242,7042800
2021-02-24,140.38294982910156,141.9371028754059,138.94104519507638,140.2188985110616,10286100
2021-02-25,140.52972412109375,141.3413380816633,139.86490262121936,140.84919731974728,9719700
2021-02-26,136.8170166015625,140.22750994465332,136.39393767405656,139.8735059343745,14417500
2021-03-01,137.55960083007812,139.46774499542312,137.36100543708744,139.39867005543042,10551400
2021-03-02,137.30056762695312,138.82017672213877,136.9379340874667,137.95675976868614,7610900
2021-03-03,134.8829803466797,137.19693116342532,134.7448304897916,136.63571548502378,8499600
2021-03-04,132.1632080078125,134.7793597016151,130.7817359404283,134.68438333229875,11033200
2021-03-05,134.77938842773438,135.28880125596174,132.21503908433627,132.94893557211378,8331600
2021-03-08,135.90179443359375,137.5681956518281,134.67574420020557,135.55643299520347,6546700
2021-03-09,136.16085815429688,138.79428263709423,135.46149249281746,135.46149249281746,7461300
2021-03-10,137.41278076171875,138.06034337261224,135.86727046058544,137.12786480665724,6635600
2021-03-11,137.40419006347656,138.69068622260409,137.21423725676783,137.74955161674765,6305600
2021-03-12,137.8013153076172,138.41433380777613,137.44731128657116,137.52501563030506,5474800
2021-03-15,138.50933837890625,138.71656317908636,136.85157950155445,137.93085063327018,5524100
2021-03-16,139.32955932617188,139.5972164157051,138.3539073392954,138.5438600818082,6369100
2021-03-17,138.81150817871094,139.64038084262052,137.74086671524316,138.8633110733686,6001400
2021-03-18,138.5525360107422,139.43322509665353,138.11219805513588,138.3280523191054,4801800
2021-03-19,138.18124389648438,139.4418384496139,137.68910308221064,138.74247282292652,14891500
2021-03-22,138.57839965820312,138.70790691137012,136.4198576074523,136.68751471379417,7544100
2021-03-23,138.44888305664062,139.1827793995244,137.17965936252452,138.32800523694834,7178300
2021-03-24,139.79586791992188,140.2880088234605,137.99132931578094,138.2330850534314,6370100
2021-03-25,139.84764099121094,140.2620774280591,138.69929489511165,140.25344800166317,6269800
2021-03-26,142.4033203125,142.5501127558531,139.33820134544007,139.95121986897433,7619200
2021-03-29,143.36172485351562,144.21651225928161,141.28090030312205,141.4535810344205,8535100
2021-03-30,142.47244262695312,143.03367161407277,141.79897838216846,142.4810852292572,7236300
2021-03-31,141.90257263183594,142.8005204100011,141.3413437426234,142.42925746725575,8281500
2021-04-01,140.59019470214844,141.46224114793483,140.0980406777524,140.39161247681056,7229700
2021-04-05,141.1082305908203,142.2479473272516,140.44340900259962,141.2895539533244,7387100
2021-04-06,141.07369995117188,142.04936535527708,140.736967855683,141.66945977581318,5074200
2021-04-07,141.26364135742188,141.84212910691727,141.01325625005984,141.21183845070536,4608000
2021-04-08,140.7110595703125,141.69535435355732,140.60745375355944,141.60037796330138,5039400
2021-04-09,139.2259979248047,140.67653223049155,137.95677381997942,139.97716653491406,8418300
2021-04-12,139.56271362304688,139.94261918451247,138.44026896636134,139.08783167121487,5022800
2021-04-13,137.69772338867188,138.08625835835335,135.15064617109746,135.4355753287829,18424100
2021-04-14,138.07763671875,138.2416880467925,136.02270016697076,136.2730984596768,7718300
2021-04-15,138.48345947265625,140.2102935645528,138.34530958337686,138.768388678783,7524600
2021-04-16,140.08074951171875,140.31386256715857,138.63020240439533,139.30366646950063,9049400
2021-04-19,140.4693145751953,140.83194813613483,138.87198784693268,140.30526323638264,8353500
2021-04-20,143.74166870117188,144.8727429437187,139.0101468933451,139.0101468933451,14050700
2021-04-21,143.8366241455078,144.11292388876552,142.71417949424293,143.64667136569236,6333200
2021-04-22,142.61915588378906,143.56891946840398,142.1356446678733,143.189014034558,7233000
2021-04-23,142.9127655029297,143.37900482072973,141.60036815791702,142.05797804981754,6015300
2021-04-26,141.7039794921875,142.8177946873673,141.39314887663693,142.64511393977176,6027800
2021-04-27,140.892333984375,141.52263767547984,140.27931549127044,141.3931172627201,6217700
2021-04-28,139.8562469482422,140.90961647843292,139.57131782863047,140.61605793387344,7448000
2021-04-29,141.7730712890625,141.82487420203307,139.70950514931252,139.7872095187684,6394300
2021-04-30,140.50381469726562,141.88528687194233,140.32250454384004,141.72986499431104,9079100
2021-05-03,142.64512634277344,142.74010273841367,140.84057482560914,141.25502446551067,6594100
2021-05-04,144.85548400878906,144.92455895463095,142.17888584988523,142.31703574156904,10179500
2021-05-05,144.25106811523438,145.3994010009565,144.00929926199686,144.6223310591738,7792300
2021-05-06,144.82955932617188,144.959066594671,143.5344339423939,144.00930271002179,5529900
2021-05-07,145.48570251464844,146.07281950064757,144.90721495208146,145.31302182316,5316200
2021-05-10,147.0139923095703,148.10189280930643,146.11603139814417,146.69451911286308,8357500
2021-05-11,145.81385803222656,147.5320493226758,145.29580259483356,147.3420965406115,8217900
2021-05-12,145.22669982910156,146.6081719476266,145.01084563400042,145.52025837251242,6758300
2021-05-13,146.74632263183594,147.38524262117681,144.1647017008042,144.1647017008042,8018600
2021-05-14,146.97079467773438,148.1709433878341,146.92762120692922,148.05869499867936,5797700
2021-05-17,147.1175994873047,148.41272478821108,147.0485245569595,147.1262289130869,5722600
2021-05-18,147.1693878173828,147.96372967564585,146.37504595911977,146.76358087597637,5846000
2021-05-19,146.8499298095703,146.91900473400904,145.0885521731197,146.70315053564855,5533800
2021-05-20,147.70472717285156,148.15369445004188,146.5132077013716,146.72906191433853,4853200
2021-05-21,147.6097412109375,149.14662205352863,147.5320236865453,147.92920120949006,6501800
2021-05-24,148.17446899414062,148.8695145835091,147.49680319015164,148.4785423253761,5195100
2021-05-25,147.7661590576172,148.5915200562468,147.47076893295304,148.2787501428099,7444700
2021-05-26,146.88864135742188,147.76612828272314,146.2022790412377,147.69662239900248,5726400
2021-05-27,146.66275024414062,147.8443238045492,146.2891710170393,147.05370925714436,8114700
2021-05-28,147.04502868652344,148.57411845163904,146.97552279853284,147.27960940138018,6400800
2021-06-01,143.8130645751953,147.87037595796187,143.6827493327615,147.82693312485347,10448400
2021-06-02,144.3951873779297,144.85565232649694,143.44819442762304,143.61326926897615,6806000
2021-06-03,144.2561798095703,145.22055257583312,143.96948621628968,144.1258645398973,5808800
2021-06-04,144.19534301757812,145.58543416194016,144.10845734972114,145.09889298158927,6510300
2021-06-07,143.21363830566406,144.4994776819883,143.0311969021033,144.2214540578438,5362800
2021-06-08,141.95384216308594,143.9260303594638,140.80702812298256,143.595880696954,7746800
2021-06-09,143.86520385742188,144.03027868422808,142.18841905226958,142.47512586879205,5552600
2021-06-10,145.15972900390625,145.59413086951875,144.17797654541624,144.22141938335605,6463100
2021-06-11,143.31787109375,145.15973078433228,142.67495155227644,145.15104751939498,7389900
2021-06-14,143.67404174804688,143.7522441443764,142.39689944297928,142.91818688635436,4931300
2021-06-15,142.90956115722656,144.0998182819547,142.82267546272124,143.55246757174157,5062900
2021-06-16,142.857421875,144.00424941008254,142.0320608042701,143.17888833935262,6988500
2021-06-17,143.5437469482422,143.96076900816863,142.0494035385392,142.64888020668533,5874700
2021-06-18,140.72882080078125,142.64888282700505,140.56374597528645,141.84958500709197,12993000
2021-06-21,142.3447723388672,142.70966824388154,140.96337785769353,141.41515942161666,6592300
2021-06-22,142.1536407470703,142.51853666813372,141.8582507048129,142.23184314628386,5627800
2021-06-23,141.29356384277344,142.21449373407037,141.1632353208448,142.21449373407037,4493400
2021-06-24,141.93646240234375,142.65757109554573,141.44125116538154,141.84958998269943,4549200
2021-06-25,142.666259765625,143.16147097533303,141.51943253153527,141.56287536741303,10963800
2021-06-28,142.50115966796875,143.41340603202715,142.0667579000257,142.86605556221414,5604000
2021-06-29,142.5098876953125,143.03985854895032,141.97123357606864,142.48382464160034,3749500
2021-06-30,143.126708984375,143.32653009925593,142.1970827746019,142.4837895517219,6151700
2021-07-01,144.18670654296875,144.23013613409876,143.03119572133735,143.12676468423606,6320200
2021-07-02,146.81044006347656,147.0884636004628,143.90863899486516,144.23878863081333,9059900
2021-07-06,145.9329071044922,146.70614159463167,145.08148349057052,145.88078102197073,6098500
2021-07-07,147.18406677246094,147.2622559390924,145.50726841007054,145.50726841007054,6293500
2021-07-08,146.8972930908203,147.22744265340566,145.59408787879056,146.567143528235,5755500
2021-07-09,147.47943115234375,148.01808521537788,147.0363460285795,147.14928149724918,6120900
2021-07-12,147.244873046875,148.72183694311212,146.42819530532532,147.4620740097597,7840500
2021-07-13,147.06239318847656,147.48809847994795,146.54110571117096,146.80174944982375,4691200
2021-07-14,148.06150817871094,148.41772083698433,146.8625549664204,147.69661225690314,6162900
2021-07-15,146.28050231933594,147.60977117052136,145.71578511057163,147.08849680633006,6656900
2021-07-16,146.04591369628906,146.906020912708,145.9155851814214,146.25441810904857,5834900
2021-07-19,144.98594665527344,146.12407723168482,143.63061518238993,144.63841726678365,8219700
2021-07-20,146.35000610351562,148.40038372290718,144.95123137261425,145.0033574825903,9902800
2021-07-21,147.25357055664062,147.42732867673394,145.50726631893184,147.08849570263882,7585200
2021-07-22,147.67922973632812,148.6262357196636,146.52371937690387,147.14057575557794,5281900
2021-07-23,149.25180053710938,149.59063349239364,148.02679724147802,148.56545136093143,5014900
2021-07-26,149.3212890625,149.5558697756068,148.44380208983816,149.2778594826109,4484900
2021-07-27,150.00767517089844,150.05980128053406,148.27875074558077,149.26050333336707,7089300
2021-07-28,149.5906524658203,150.63322777452518,149.5037800280254,150.06849727282741,5750700
2021-07-29,149.5906524658203,150.59846819389062,148.6436593754126,150.07719379643393,4214100
2021-07-30,149.6079864501953,150.285652239233,149.29521660472471,149.90337651066986,5346400
2021-08-02,149.66879272460938,150.16400385933798,148.82605221237012,149.84255078491958,3721500
2021-08-03,151.51065063476562,151.60621955559202,149.81648636274303,150.06843355934532,6033000
2021-08-04,150.61581420898438,151.68443907818505,150.52892853377762,151.34560615590715,4793100
2021-08-05,150.90252685546875,151.0415386384099,149.7991423708249,151.0415386384099,4291000
2021-08-06,150.39862060546875,151.11972932276126,149.8252069377094,151.11972932276126,4581100
2021-08-09,150.91990661621094,151.38905481243881,150.24222748871443,150.92858988130826,3950200
2021-08-10,150.9720001220703,151.26739015431687,150.11187981499785,150.52890181681008,3678300
2021-08-11,150.99807739257812,151.58017424868208,150.78955974358453,151.3890363846609,4221300
2021-08-12,152.2144012451172,152.29259039423184,150.81562679775612,151.0154611880163,4300400
2021-08-13,153.12669372558594,153.16144004999296,152.1449410356634,152.29263611396127,5882100
2021-08-16,154.50804138183594,154.55148421668358,152.8660029769733,153.38729048136128,4782800
2021-08-17,155.92417907714844,155.95892538720827,154.04756016854395,154.04756016854395,6041900
2021-08-18,153.94332885742188,155.9502632720203,153.8912027568181,155.9502632720203,7134100
2021-08-19,155.1422882080078,155.8025742693841,152.97027888610745,153.44811033141127,5615000
2021-08-20,155.8981475830078,156.3151696725808,154.70789068342356,155.4203028674069,5428700
2021-08-23,155.2251739501953,156.37880267191753,155.1639899006356,155.90686668022866,6461700
2021-08-24,153.2849884033203,154.8756138811564,153.1888515520701,154.68334017865598,5734800
2021-08-25,152.27117919921875,153.7307016504705,151.97403379048566,153.54717615388202,5700300
2021-08-26,151.45838928222656,152.69942004774788,151.2398976685291,152.0264621435721,5031600
2021-08-27,151.13502502441406,152.31488516944094,150.9777174507683,152.31488516944094,7046100
2021-08-30,151.7729949951172,152.3148498484718,151.00390036274203,151.0126352251398,3252700
2021-08-31,151.309814453125,152.4984093483179,150.74172826411444,151.6244429058428,7106800
2021-09-01,151.84292602539062,151.84292602539062,150.37465554959013,151.10878411965595,5327400
2021-09-02,152.8829345703125,153.1101743670886,151.991498452044,152.36729759952937,4544300
2021-09-03,152.97909545898438,153.13641636884634,151.90412036166614,153.03154465271896,4096900
2021-09-07,150.6018829345703,152.97032419805905,150.03379682414726,152.37603350050998,6859900
2021-09-08,150.23480224609375,151.17868745420859,149.51815681172928,149.99009274795296,4661700
2021-09-09,146.88754272460938,149.8677580840155,146.5641660807031,149.6143136897131,7114600
2021-09-10,145.9261932373047,147.77899802182358,145.83879124964318,147.3070619611961,6699300
2021-09-13,144.9036865234375,146.93128240279913,144.31813041452827,146.756491723907,6273500
2021-09-14,144.02967834472656,145.5503714827072,143.7762205979497,145.42801670912635,5259600
2021-09-15,144.57150268554688,145.04345195205974,143.60139956623416,144.20443844251872,7935300
2021-09-16,144.39675903320312,145.48048239038357,143.49657452503362,144.7725582604885,5665400
2021-09-17,143.9859619140625,144.12579973620873,142.9459397823116,143.59267970798635,13419800
2021-09-20,143.1644287109375,144.35302350569577,141.73112439981742,142.87601820901068,7270800
2021-09-21,143.79367065429688,145.0609190902794,143.5402263013672,143.8635895568178,6663600
2021-09-22,143.269287109375,145.03470274411947,143.00710789165765,144.51033097301755,5657100
2021-09-23,144.08209228515625,144.87740486030154,143.46157031201687,143.68006189844132,4697900
2021-09-24,143.6451416015625,144.77255257481326,143.23437625932536,143.98598802004958,4399300
2021-09-27,142.6051025390625,143.6451247372779,142.32544021256643,143.33049628517637,5775500
2021-09-28,142.29046630859375,143.2518346751476,141.381547127581,142.5439240305347,7610400
2021-09-29,143.34796142578125,143.90729934451127,142.26423837388714,142.45651203366944,5124100
2021-09-30,141.14556884765625,144.5540323586264,141.06691507486505,143.889822717831,6972300
2021-10-01,140.2454071044922,141.49517281425594,138.62856372467255,141.17180947256028,8568300
2021-10-04,139.1529541015625,140.70861348190002,137.79830329221124,139.8259120739421,8620700
2021-10-05,139.4675750732422,140.80474274566436,139.09176254530234,139.712284625341,5129000
2021-10-06,139.75595092773438,139.79090371121393,137.94683432840736,139.7209848085877,7312600
2021-10-07,141.00572204589844,142.11566299981226,139.85209344477357,139.85209344477357,5309200
2021-10-08,140.6474151611328,141.2417192849083,140.05312437302712,140.9882748807267,4343200
2021-10-11,140.0531463623047,141.45149824371657,139.7822188525032,140.58626651682988,4101600
2021-10-12,137.81578063964844,139.99194870751947,137.50988702789223,139.8346411373618,6686400
2021-10-13,139.1354522705078,139.9045469923512,137.8682036206845,137.92938767158992,6901100
2021-10-14,139.9307403564453,140.83092454983623,139.4850223585237,139.5811591818794,4579200
2021-10-15,140.97079467773438,141.4165127778566,140.1929650506563,140.73481999617786,6918400
2021-10-18,139.93948364257812,140.61244144657942,139.13543622413985,140.05310353220204,7465500
2021-10-19,143.21685791015625,144.33553374320695,140.47260417350566,140.62117684899403,10081300
2021-10-20,143.13821411132812,143.98596257543915,142.68374785509974,143.31300472197944,6003200
2021-10-21,142.8061065673828,143.67133811719944,141.82726845211732,143.5926843405804,4524100
2021-10-22,143.08575439453125,143.38289971664054,142.4215448505811,142.50893347349566,4304300
2021-10-25,143.40042114257812,143.60142969829508,141.32912485955833,143.0857926774398,6715400
2021-10-26,144.85995483398438,145.10466439973106,143.3742143746162,143.8199325117253,6939100
2021-10-27,143.10328674316406,144.86868956070333,142.72747419462215,144.79877063688923,7018800
2021-10-28,142.325439453125,144.3792525765579,141.86223830884563,143.1294869740565,6278800
2021-10-29,142.35166931152344,142.67503265257102,140.36776160129472,141.88846812841774,8526800
2021-11-01,142.47402954101562,143.31302995412645,139.31026158782834,142.5963843235806,5846400
2021-11-02,144.72007751464844,145.93489014744034,142.43902492091198,143.06828172854048,8450600
2021-11-03,144.2568817138672,144.87740368195963,142.83231231455264,144.23939865310837,6717800
2021-11-04,143.8548583984375,144.19570472221022,142.16809650390348,144.15200374005119,8224400
2021-11-05,142.8323211669922,143.85487358190528,141.75734623788958,142.00205576100774,6215900
2021-11-08,142.3428955078125,143.47905443274558,141.59128391153382,143.05080611934983,5578800
2021-11-09,142.02828979492188,142.972175206435,141.60005474872867,142.11569177837822,6112800
2021-11-10,143.56646728515625,144.06462120909833,141.88845336210153,142.04576091629298,6225100
2021-11-11,142.5089569091797,143.16443169933157,142.010803003212,142.88476939008117,4118800
2021-11-12,144.2131805419922,146.4942332161667,143.86359934127887,146.3281774783441,18995200
2021-11-15,142.91099548339844,144.60649250454352,142.64880288521744,144.20446207591004,7496200
2021-11-16,142.16810607910156,143.63637649739755,142.1244050939992,142.61382412154174,7594700
2021-11-17,142.7012176513672,143.20811971010252,141.39900305208158,142.3428882646576,5414500
2021-11-18,141.93212890625,143.74124563913097,141.69616759509273,142.84979623442146,6358700
2021-11-19,142.36036682128906,142.62255937243265,141.3902637170248,142.4914564290273,7620700
2021-11-22,140.4866485595703,143.07294222045235,140.44266132542225,141.65663918820835,7634500
2021-11-23,141.3575439453125,141.6302459979983,139.67733097312848,140.32830712242472,7734000
2021-11-24,140.96170043945312,141.29597391496156,140.20516559011241,140.87372596414966,5230900
2021-11-26,140.04681396484375,141.7710143473101,139.57178669892053,141.27838950175408,8523100
2021-11-29,140.5306396484375,141.12003101773433,139.36064898770692,140.31071689468408,9188500
2021-11-30,137.1702117919922,139.8708696169538,137.09984832393891,139.43981619276548,14981700
2021-12-01,139.0615692138672,140.82095139508056,137.45173290729446,138.0059425897433,9835800
2021-12-02,138.19065856933594,140.12597612115633,137.89156684523147,138.3402044313882,11334700
2021-12-03,140.2051544189453,140.46025890016682,138.63050002841163,138.91200758853668,8750500
2021-12-06,143.3368377685547,143.84706010265123,140.60099852547887,140.91768778722783,9692000
2021-12-07,143.70628356933594,144.50680538512697,142.8705800291546,144.26928512069117,8311300
2021-12-08,144.5684051513672,144.77074373115138,143.07293324528135,143.80307833267432,6216400
2021-12-09,145.9407196044922,146.0110964895033,143.82067466923738,144.42765013429894,8574200
2021-12-10,145.58009338378906,146.6357200801854,144.8411426155921,145.6504702866184,6572200
2021-12-13,148.18392944335938,148.84369761846162,144.09337212693265,144.92907579745858,11142300
2021-12-14,149.80259704589844,150.400793995964,147.0491729288537,148.07840994310652,10482400
2021-12-15,150.55032348632812,150.69107727372716,149.0372538293383,149.41552795509574,8552200
2021-12-16,152.19532775878906,152.63517323763733,150.28639999134987,150.65586858282015,8998600
2021-12-17,147.99038696289062,150.23360130022783,147.48897016166018,149.23075427474987,16726200
2021-12-20,147.56814575195312,148.23670599132987,146.51251937603595,147.62092505729632,7954500
2021-12-21,147.0931396484375,147.87606411020494,146.01111004185614,147.8408689529235,7954200
2021-12-22,147.7264862060547,147.9376168540726,146.13424782676276,146.96115941939385,4178200
2021-12-23,148.00799560546875,148.6237765578567,147.22507123250023,147.682514264139,3501500
2021-12-27,149.2571563720703,149.415507717201,148.40385510819323,148.79092125960364,3704800
2021-12-28,149.85537719726562,150.11048169812312,149.1868034020165,149.3627389291272,3187000
2021-12-29,150.91098022460938,151.29804637764119,149.46828765068423,149.54745661207212,3662000
2021-12-30,151.57957458496094,152.08100496589987,151.08694970594664,151.41243112464798,4231800
2021-12-31,150.4887237548828,151.9050131711889,150.45352860315074,151.77306490973723,4409500
2022-01-03,150.9021453857422,150.95493810608818,148.75571123055084,149.73216850021004,6012200
2022-01-04,150.49754333496094,151.56196196657507,150.0752953981317,150.47994575587893,6748400
2022-01-05,151.5004119873047,152.6000259325017,150.9725919244014,151.30687885910825,7016100
2022-01-06,150.98133850097656,151.74666521277135,150.25119351556762,151.43876805907504,7301600
2022-01-07,153.02223205566406,153.33012924527426,150.54151065410113,150.83181026695752,6986000
2022-01-10,152.2657012939453,152.79352122615046,151.44759516434766,152.79352122615046,7698400
2022-01-11,150.64707946777344,152.52961761734048,149.6442322932007,152.17774659655038,8341100
2022-01-12,149.36273193359375,149.61784984552287,148.08718264300717,149.2043939935161,8116200
2022-01-13,148.45663452148438,149.9169246672044,148.19273798444186,148.66776517413655,6159400
2022-01-14,147.64730834960938,148.35985578708284,147.04031951827506,148.3422716347377,5847700
2022-01-18,146.9963836669922,147.54178783688369,146.03751019592994,146.9963836669922,7815600
2022-01-19,146.5388946533203,148.42143242298553,146.31017987826397,147.0842986523865,5926500
2022-01-20,145.3689422607422,147.6649363789068,145.0874346889578,147.16350605029828,6011300
2022-01-21,145.03465270996094,147.77929779234597,144.68278167471598,146.19585128770453,10550300
2022-01-24,143.36325073242188,144.4188773022223,139.21990000275548,144.26933143527745,14054600
2022-01-25,147.46263122558594,148.1487892462116,142.14049710312545,142.82665512375112,14081200
2022-01-26,148.12237548828125,148.86131270981426,146.23103177664342,147.38342484372882,9963200
2022-01-27,150.06651306152344,151.22771184582274,148.66780732654453,149.0108863449926,9066700
2022-01-28,151.12210083007812,151.16608806172653,148.93167897798352,150.30399469809544,9783100
2022-01-31,151.5619659423828,151.85226560126185,150.26883244086022,150.86701591514168,8054800
2022-02-01,150.32162475585938,151.2892769461157,149.04606187753288,151.07815966541614,8154700
2022-02-02,151.98422241210938,152.17775551178767,149.23957728168094,149.23957728168094,7382800
2022-02-03,151.97544860839844,152.73198358592475,150.4623786533458,151.5356030033953,6240400
2022-02-04,150.98133850097656,152.168913044484,149.65299678287622,150.42712899352983,6392200
2022-02-07,150.47996520996094,151.07816216890564,149.55628682252996,150.78786248011178,6065700
2022-02-08,150.87579345703125,151.35083409779938,149.96971283162492,150.44475347239305,6296100
2022-02-09,150.85821533203125,151.51798358600993,150.64708465847104,151.36843772587045,5387500
2022-02-10,149.0372314453125,150.62067775818272,148.93167283212713,150.61188568142327,10355300
2022-02-11,147.532958984375,149.67939339212998,147.3833997269866,148.77331288663441,13125300
2022-02-14,145.67684936523438,147.7617129458978,144.10219480273355,147.53299809558283,8967600
2022-02-15,147.18109130859375,147.8760546788729,146.0374903842365,146.143062426328,6631400
2022-02-16,147.0931396484375,147.6473358569343,145.77360313379447,146.45976104756727,8482400
2022-02-17,146.1958770751953,147.30428311244629,145.0786655355473,147.09316582326815,6227600
2022-02-18,144.62876892089844,146.3994443418158,144.25692870360757,146.0630116889035,6423200
2022-02-22,142.66336059570312,144.9652447318694,142.0436267157154,144.81473889738564,6868900
2022-02-23,142.73419189453125,143.99137021981025,142.4066211610192,142.9909339677083,8016900
2022-02-24,140.00732421875,141.7691513678195,137.86480828631042,141.45927772293152,12883400
2022-02-25,146.966064453125,147.84255367672318,141.38843400397124,141.65403802710844,11340400
2022-02-28,145.70004272460938,146.2400857933865,143.76115085440813,144.1949577141382,9373500
2022-03-01,145.19541931152344,145.85942275349686,143.78773525674407,144.34548896175622,8737800
2022-03-02,147.00148010253906,148.40917744982409,145.2308045298267,145.55838869702262,6793300
2022-03-03,149.16172790527344,149.92311905135986,147.24940827881971,147.58582749975247,7333700
2022-03-04,150.0470733642578,150.3835061112931,147.71864372057593,148.41805476347093,6302500
2022-03-07,152.46401977539062,153.26966686040424,148.17012628692572,149.00234593287,11663400
2022-03-08,149.3741912841797,153.26967211151168,149.1882644063869,152.31350568825403,11100300
2022-03-09,149.94082641601562,150.71106606161598,148.63937862981794,150.51629064400922,7248200
2022-03-10,150.20643615722656,150.64024309621433,148.8076006094137,149.23255903242497,6171400
2022-03-11,149.9319610595703,151.80002434829277,149.63979796597684,149.73718566384133,5188000
2022-03-14,152.00363159179688,154.15499571438912,150.81728231820654,151.1094318705838,7729500
2022-03-15,155.9434051513672,156.27983785038654,152.7650455774401,153.4556080055027,10554400
2022-03-16,154.5091552734375,156.66051962402184,152.7738872567287,155.34137495955383,9603300
2022-03-17,156.52774047851562,156.56314804980875,154.22585657812616,155.1200564861897,7472100
2022-03-18,154.79246520996094,156.70479819282315,153.74777303975014,156.70479819282315,13809500
2022-03-21,155.66897583007812,156.8464769432917,154.33212036775464,154.63313203330796,7574900
2022-03-22,154.93414306640625,156.14705174918686,153.9691279317971,155.66897519462344,8442100
2022-03-23,154.3497772216797,155.41217980008116,154.1284427882968,155.13772726415547,5254200
2022-03-24,155.1466064453125,155.41219698739872,154.1107628036266,154.9341205024603,5012300
2022-03-25,156.63400268554688,157.32456526838413,155.12893073600893,155.54504069094756,4809500
2022-03-28,157.43963623046875,157.74949638179515,156.12933995555915,156.39493051121494,5604200
2022-03-29,157.35997009277344,158.82962080408097,156.5277502688998,158.13905829260815,5933400
2022-03-30,158.99781799316406,159.23686299035504,157.3068194919838,157.97968489012388,6277600
2022-03-31,156.90843200683594,159.54674867162177,156.68709753215697,158.99782998817267,11490400
2022-04-01,157.7583465576172,157.97081898618356,155.46532487145234,156.7490619943782,6525600
2022-04-04,156.23556518554688,157.75834730702655,155.39449696371614,157.75834730702655,6860600
2022-04-05,157.24484252929688,159.05092564362846,156.07619018358994,156.23555800763287,7446100
2022-04-06,161.33511352539062,161.6626977179678,158.13904332864539,158.82075725953007,10330900
2022-04-07,160.9189910888672,161.97254521547222,159.5644253572843,160.83931393034644,7385200
2022-04-08,161.23773193359375,162.18504995871422,159.74150874053225,160.5383209457071,7144500
2022-04-11,159.2191619873047,163.0792357060565,159.00668954079433,162.01683294595261,5932000
2022-04-12,159.27224731445312,160.07790786612574,157.76717592167674,158.65251362439005,5957500
2022-04-13,159.94512939453125,160.1044837133308,158.6879513458872,159.27226402400157,5643100
2022-04-14,159.27224731445312,160.6002538685231,159.12174152609361,159.36078648839697,6188200
2022-04-18,157.28912353515625,159.70609205023075,156.47461434532997,159.12176583496952,6318700
2022-04-19,162.08767700195312,164.61974413391565,159.3165648357646,159.9982788545352,14380800
2022-04-20,162.80479431152344,163.18549665299065,161.0429669360886,161.34399210463883,8044900
2022-04-21,162.3355712890625,163.67242676514564,161.6272982087407,162.84020690895645,6969200
2022-04-22,160.72421264648438,162.1496069949972,160.58256887041736,161.54758379646123,8003600
2022-04-25,164.68170166015625,165.2837384706209,161.2200406594265,161.43251311437967,11176500
2022-04-26,163.50418090820312,165.17748234448698,163.06151200146547,163.87603467794372,10190000
2022-04-27,161.2200469970703,163.62816731522432,160.90132479292683,163.11466968026068,11090100
2022-04-28,162.424072265625,163.34481759692795,161.06064454276336,161.3528076262337,9403900
2022-04-29,159.76806640625,161.61841917848707,159.5378699308253,161.5741495863529,8463100
2022-05-02,158.15675354003906,160.60914317573813,156.7313590561571,159.77692343234096,7145400
2022-05-03,157.8468475341797,159.9185479528147,157.30679101410684,158.29837839259613,5898700
2022-05-04,159.5378875732422,159.80349164623624,156.83760426464065,157.72294216849792,5923000
2022-05-05,156.4923553466797,159.10411350987607,155.17321024333518,158.84735789958026,7089200
2022-05-06,156.1470489501953,156.58971792245006,154.65968768782818,155.05808706102047,6434000
2022-05-09,156.9969482421875,158.08590991579385,154.57111789113713,155.33250891305934,7855200
2022-05-10,156.7845001220703,158.6348532638024,156.2621539544554,157.79378488203196,8186700
2022-05-11,155.93455505371094,157.87344704712478,155.7132205980095,155.78404924493594,6138900
2022-05-12,157.47506713867188,157.5458958004046,154.67740930075243,156.23559933131426,6898600
2022-05-13,156.57200622558594,158.3780895191855,155.64239876908135,158.2098731640143,7732200
2022-05-16,157.6610107421875,158.59061845063513,155.97001172605354,156.57204865987376,5516700
2022-05-17,158.31613159179688,159.09521976655415,156.34181832537044,158.22759239710007,5751100
2022-05-18,155.37677001953125,158.80302267651103,155.0846069505295,158.3337947651638,8608800
2022-05-19,153.9956512451172,154.75704225468039,152.88897905151848,154.68621361318822,6874500
2022-05-20,156.68710327148438,156.84647112386654,154.09306961763795,154.80134266439097,7522100
2022-05-23,159.88587951660156,160.3224740245802,158.12164994666455,158.2463931769431,7040800
2022-05-24,161.6322784423828,161.93523792924768,159.58292739566036,159.71657599575377,6419800
2022-05-25,160.04624938964844,161.76593839764956,159.54727649488905,160.85708714162828,6558900
2022-05-26,159.90370178222656,161.2758772974378,159.13741806448743,161.2758772974378,6897600
2022-05-27,161.3560791015625,161.41845751877364,158.8077412913759,160.17101153849038,5853600
2022-05-31,159.9661102294922,160.53636708688327,155.93866352641984,158.60283971735416,16391400
2022-06-01,158.34439086914062,160.2333634806667,156.73162081564956,159.62745813984316,5175400
2022-06-02,157.84542846679688,158.43350955302137,155.56440150979734,158.37114473259987,8666500
2022-06-03,157.1949920654297,159.19980294751866,156.95441095270073,157.7741678111851,4234200
2022-06-06,157.1771697998047,159.04833208627616,156.8207644099978,157.89891314755394,5386500
2022-06-07,158.90574645996094,159.76113833282275,157.17715196396392,157.6939492377357,5447800
2022-06-08,157.96127319335938,159.8948002463497,157.53358401933227,158.69192189514965,4333100
2022-06-09,154.78030395507812,159.18196585196088,154.71792553988695,157.8988984108086,5509600
2022-06-10,153.74671936035156,155.0119761329496,152.0270300932895,153.40812473247541,6647300
2022-06-13,152.19631958007812,153.4794006344712,151.5458736774458,151.5458736774458,7997000
2022-06-14,149.86184692382812,152.4636443687434,149.0331846686083,152.41909029549598,7116800
2022-06-15,151.46568298339844,152.7576694002009,150.26279110803478,151.15381809838033,7796100
2022-06-16,151.5458984375,151.66173631705655,149.16685759211464,150.04896576413677,7056700
2022-06-17,150.99343872070312,153.43484395591,150.79741169650498,152.03593866066993,12486600
2022-06-21,154.1565704345703,154.91394879377975,151.082530122236,152.1428543867322,8219700
2022-06-22,156.58908081054688,158.53151303203435,152.98041895023223,153.25663512888485,10593100
2022-06-23,160.0819091796875,160.22447675835895,157.2840850292253,157.71177416924704,10223500
2022-06-24,162.42530822753906,162.63915960522982,160.3670380027412,161.07986233238375,9374400
2022-06-27,162.2738494873047,163.36982259852022,161.72141704151744,161.84616029043696,5908600
2022-06-28,157.6583251953125,163.03121710983896,157.09697381451335,162.3183927651403,9245700
2022-06-29,157.70289611816406,158.87013947929236,157.20390950635803,157.9078285505161,7097900
2022-06-30,158.16624450683594,158.86124468406004,155.95650070222584,157.58708222448152,10777200
2022-07-01,159.95718383789062,160.13538653316485,157.43557559157762,158.11275127201733,5498400
2022-07-05,158.7275390625,159.60966063051782,155.58221504177936,159.3423498284525,5676400
2022-07-06,158.87010192871094,159.88587206966568,158.07708851687778,158.66516954479678,5335600
2022-07-07,159.04832458496094,159.60075699190506,158.16620293220097,158.47806783056888,5725800
2022-07-08,158.85227966308594,160.37594169246066,158.39786082428603,158.8968337286919,3828300
2022-07-11,158.91470336914062,159.51168994964019,158.1751491764632,158.33552754316645,3645200
2022-07-12,156.68710327148438,159.00376531215994,156.1079275643207,158.58498153479297,4708800
2022-07-13,156.32176208496094,157.11477548503112,155.48419462052894,156.51778909135956,5291700
2022-07-14,156.53562927246094,156.82966983734497,153.52396701842537,153.72889943783153,5359600
2022-07-15,158.80776977539062,159.0572562969969,157.31085064575285,158.3444454329765,5691100
2022-07-18,155.24365234375,158.77212574466705,154.95853073337005,158.37116625719796,7605700
2022-07-19,152.98040771484375,157.48900156738307,151.3676512320017,157.11477190804882,13256400
2022-07-20,152.1072540283203,153.7467407565226,151.2607673408286,153.43487580892085,7455800
2022-07-21,152.6417999267578,152.71308370274087,151.2696246280568,151.51911104600242,5729200
2022-07-22,153.3635711669922,153.69326042006224,152.41908467137296,152.90024689109953,4257000
2022-07-25,153.66653442382812,154.12985871095975,153.00716949768739,153.36357488717238,4437300
2022-07-26,154.7535400390625,155.91187768764047,153.6932294858781,153.7555942967755,4525500
2022-07-27,154.3258819580078,155.12781445861498,152.48146303899955,153.81800361068434,4648500
2022-07-28,155.21688842773438,156.90092878095385,152.75765899642732,154.50406416480723,5513000
2022-07-29,155.50201416015625,155.79605466066775,154.06746034638317,154.85155475175603,6451400
2022-08-01,154.95852661132812,156.07231048911183,154.6288373382278,155.19018876334908,5461400
2022-08-02,154.0763702392578,156.36631590313098,153.88034323316782,155.9386132011211,5794200
2022-08-03,155.5644073486328,156.16139383275492,153.0517181706263,153.7467181727979,5010000
2022-08-04,153.06951904296875,156.00991079868385,152.90023533725778,155.76042433174976,5651600
2022-08-05,152.46365356445312,152.83788332951286,151.2874912205553,152.63295089540765,5235500
2022-08-08,151.65281677246094,152.7933304259642,150.97564103944188,152.63295206656304,4629800
2022-08-09,151.6349639892578,152.4725315206186,151.23400456994477,151.9557342439068,5532500
2022-08-10,152.0716094970703,152.57950152348997,151.05583904022703,152.3834744532223,5603400
2022-08-11,148.92625427246094,151.4300380013368,148.78368668747325,150.1558758999916,9328700
2022-08-12,147.28675842285156,149.6390690408851,147.1530962219679,149.28265010118767,14606900
2022-08-15,147.9906768798828,148.57875798562299,147.13529854061852,147.9104877098256,10072000
2022-08-16,149.3094024658203,149.91529430603245,147.55407816992164,147.78574029776865,7453600
2022-08-17,149.31829833984375,150.19150094646488,148.27579843687937,148.27579843687937,7406600
2022-08-18,148.59658813476562,149.95985846293829,147.8481150636952,149.40741243476793,8312100
2022-08-19,150.85975646972656,151.5814860556492,148.80148658513505,148.89059471010938,8128500
2022-08-22,150.33055114746094,151.523581236718,149.95380696464483,151.50563712686616,5462600
2022-08-23,149.02090454101562,150.49200660150444,148.72488834936712,149.80130215432456,5566300
2022-08-24,148.52752685546875,149.4335057453048,148.07005480587,149.40659642987796,5684300
2022-08-25,149.91790771484375,150.01657977174236,147.73815725329922,148.85942440562746,5678700
2022-08-26,147.3524627685547,150.24981354962227,147.28966523177274,150.2139390195644,5667100
2022-08-29,146.2132568359375,146.96674518129487,145.33418709968726,146.63485443836615,5259200
2022-08-30,145.7019500732422,146.69763597365056,145.3431500155983,146.48236141400216,6973300
2022-08-31,144.72418212890625,146.70658836061327,144.66139828946936,146.41953741649507,8741700
2022-09-01,148.312255859375,148.4557813498722,144.84978210335854,144.85876100110468,7509600
2022-09-02,145.98004150390625,149.08370181585505,145.3252115267316,148.7787203863286,5803700
2022-09-06,146.3747100830078,149.10163978876486,146.05179824433782,147.0564493531195,7394600
2022-09-07,147.17308044433594,147.48702710397092,145.45978057193992,146.13254101203137,4590600
2022-09-08,148.35711669921875,148.38402601911358,146.28501694324854,147.00263074424836,5838400
2022-09-09,148.64414978027344,149.0836777438144,147.460085098223,147.99829880594467,5500600
2022-09-12,148.5813446044922,149.41557443980054,148.20460050340992,149.0029421268005,6365300
2022-09-13,144.71524047851562,147.5049539918562,144.24878946205902,146.7245563524217,6726400
2022-09-14,147.7023162841797,148.3302232946726,145.65712562866202,145.65712562866202,9555700
2022-09-15,148.07904052734375,148.96708912147065,147.1999708311646,147.51391745041352,7174500
2022-09-16,150.3395233154297,150.36643263533003,147.78302842613974,148.29433287893565,20201500
2022-09-19,149.15542602539062,149.289972595607,147.18199876728028,149.1733701305334,7380900
2022-09-20,147.9804229736328,148.8146395494112,147.39736926071348,148.20467650742478,7143400
2022-09-21,146.4644012451172,149.62189341807533,146.42852671822436,148.02521006814985,8071200
2022-09-22,149.06573486328125,149.94481817228166,146.06074708458576,146.34778436034708,7401100
2022-09-23,149.55015563964844,150.23188126315137,147.70230923100328,148.67108586693627,9598600
2022-09-26,148.63514709472656,149.65774202586118,147.45109628952167,148.72485392743735,8735500
2022-09-27,147.95346069335938,150.40230457349074,147.46906556881365,149.22721866694934,8686700
2022-09-28,149.22723388671875,150.14219190290976,148.09700129307996,149.1285618096065,8660900
2022-09-29,147.58567810058594,149.95379396393707,147.01158982120822,149.33485225749118,7008100
2022-09-30,146.53614807128906,148.67104490414388,146.50027354829248,148.00724988630165,8985200
2022-10-03,146.39266967773438,147.4511532256075,145.04714879156523,147.3704115700542,8657000
2022-10-04,148.5634307861328,148.90430043213274,146.14149610693465,146.97572611231732,6236100
2022-10-05,148.10595703125,148.94017334019233,147.2986500427674,148.02522906987076,4539400
2022-10-06,145.23553466796875,148.00730454076898,145.03819050026,147.81892558528446,5890700
2022-10-07,143.70159912109375,145.5135707173096,142.7776760593127,145.10991726978233,6363500
2022-10-10,143.88999938964844,144.67039708320374,142.78666246532032,144.08734353770654,5315600
2022-10-11,145.97105407714844,147.2089375200573,143.8541009292327,143.8541009292327,6212200
2022-10-12,145.93519592285156,147.89965858535137,145.7647610891412,146.15944940145025,4341700
2022-10-13,148.14183044433594,148.8953324735555,144.1949750167925,144.32055640710493,6465100
2022-10-14,147.52291870117188,148.61726311640194,146.75148616472194,147.50497458990193,5684600
2022-10-17,149.4335174560547,149.98967528892666,148.01623408735455,148.36606890266168,6710800
2022-10-18,148.91323852539062,149.95377769617474,146.25808565406746,148.00725962121325,10883600
2022-10-19,147.72921752929688,149.12855698683717,147.01160369053773,148.904303517684,10044600
2022-10-20,148.10595703125,148.67108013559488,147.40628732460638,148.00728496044923,5659900
2022-10-21,151.33522033691406,151.92723910557953,147.49598827169726,147.74716475480318,8487600
2022-10-24,153.37142944335938,154.35815018676993,151.8195992626733,152.32192484573847,6855500
2022-10-25,153.12925720214844,153.4880573066831,151.16479446455668,152.64486200494537,5661900
2022-10-26,154.47474670410156,154.79767220743645,152.9587912492057,153.67640499965475,6123800
2022-10-27,154.56448364257812,155.56913496532815,154.03524865558288,154.60037186830363,5390900
2022-10-28,156.86077880859375,157.32722975752503,154.8155887005739,155.18336759660323,6073900
2022-10-31,156.05348205566406,157.12093060043128,155.56012175925778,156.54684235207037,7810000
2022-11-01,155.2641143798828,156.64552328810177,152.86908919143724,156.13421885539438,6985000
2022-11-02,152.8780517578125,156.02657888144185,152.75247037626863,155.0847116761908,6877300
2022-11-03,153.13818359375,153.81094388471809,151.54150026483984,152.321897822413,4819900
2022-11-04,153.81991577148438,154.73487363937343,151.81061370847308,153.89167851478388,5300900
2022-11-07,155.1654510498047,155.94586240221935,153.78405575116653,153.99036510302557,6621000
2022-11-08,155.9368896484375,156.69935692154294,154.44784332234798,155.30001745841133,5148400
2022-11-09,154.6899871826172,156.97737452023736,154.59131514256796,156.32255844755124,6150000
2022-11-10,156.50198364257812,156.77109049401633,154.32223320200592,156.39434637694004,7877500
2022-11-11,151.819580078125,155.28205376654378,149.639843194048,154.94118415510374,11074700
2022-11-14,154.20562744140625,155.41658771606475,152.71658142420213,152.71658142420213,6581500
2022-11-15,154.63619995117188,155.18337888664743,152.95878861714476,154.45679993848262,9351000
2022-11-16,155.5960235595703,156.96845361200474,155.30000735588027,155.75747947757685,5500900
2022-11-17,156.85183715820312,156.96845333478726,155.16544679616354,155.18339090502525,4464100
2022-11-18,158.05380249023438,158.44849068645308,156.6365192798772,156.9773888470374,6555700
2022-11-21,158.86634826660156,159.38997600001298,157.83715272870725,158.79412232657694,5706600
2022-11-22,159.63372802734375,159.96776092781894,159.1913493349584,159.2545384191913,4707900
2022-11-23,159.80526733398438,160.1573602025057,158.90246369411526,159.29067642261793,5389200
2022-11-25,160.01292419433594,160.80738204040102,159.6698543984523,160.13931615455246,3058600
2022-11-28,160.0941619873047,160.49139777031908,159.39899936702952,159.57053425293932,6183100
2022-11-29,158.97470092773438,160.03097960830843,157.6836982433743,159.80527868231334,6700500
2022-11-30,160.6990509033203,160.7080739806393,157.79202202649714,159.22747653458015,13288000
2022-12-01,161.3671417236328,162.4685633630751,160.49142101398294,161.60186573136798,6282600
2022-12-02,161.4935302734375,161.56575622252458,159.76014882242154,160.2476567591452,5823900
2022-12-05,161.4032440185547,161.92687181645223,160.69905823620414,161.02406811849602,5120600
2022-12-06,158.98373413085938,162.5046629852637,158.83024538209858,162.43243703752066,7943500
2022-12-07,159.94973754882812,160.59073426788137,159.10109982600773,159.40806356825834,5702600
2022-12-08,159.976806640625,160.22056748730404,159.20039493790236,159.63375061548524,4798500
2022-12-09,158.65872192382812,160.5997443040369,158.5864959771458,159.90458162094882,4561000
2022-12-12,160.5546112060547,160.5816942157592,158.53233967776399,158.84831271621363,4882400
2022-12-13,161.79144287109375,162.68520963883657,160.97891134733027,161.69213392182343,9177500
2022-12-14,162.28799438476562,163.443582063086,161.2226925901888,161.2226925901888,9533600
2022-12-15,160.23858642578125,162.3601662298171,159.2545202134086,161.78237258320766,7602400
2022-12-16,158.59552001953125,159.79625056101045,157.86425124649818,159.79625056101045,18841800
2022-12-19,158.4239501953125,159.04688679819293,157.15100776300008,158.30659511083795,5736000
2022-12-20,158.59552001953125,159.29068270684886,158.1441181817883,158.89344688552453,6174700
2022-12-21,160.41015625,160.86155810407004,158.57746582453092,159.1372134910479,5472000
2022-12-22,159.8233184814453,160.25666034757643,158.29757820979776,159.58859450722628,5709100
2022-12-23,160.22959899902344,160.265718861902,158.72191845259164,159.4983301961838,3683400
2022-12-27,160.18443298339844,161.01502440166016,159.78721097879472,160.79834658267586,3067300
2022-12-28,159.48928833007812,161.10530072339253,159.48025147757733,160.48236403118923,2645400
2022-12-29,160.30181884765625,160.96989852856697,159.85945386191682,160.29279577012574,2828800
2022-12-30,159.48028564453125,160.49143526727195,158.35178089534637,160.23865130550996,4216600
2023-01-03,160.87057495117188,161.04210983849646,158.90245594882907,159.0378847536225,6344900
2023-01-04,162.62200927734375,162.67617528670237,161.13237514153641,161.50252790640573,9788800
2023-01-05,161.42129516601562,162.49563371223428,161.06920229399938,161.61991307081357,6255300
2023-01-06,162.7303466796875,163.3442465069803,161.95393504325335,162.6220146573863,5706000
2023-01-09,158.5142822265625,162.28799524515162,158.15315246536548,161.87271323938984,7925300
2023-01-10,158.13511657714844,159.0198604420689,157.3767646929309,158.62262456680463,5047500
2023-01-11,157.88229370117188,158.64064539847212,155.3815239396932,158.5052303724147,6494800
2023-01-12,157.08782958984375,157.72882622016337,156.00446800298283,157.3225535713618,4269400
2023-01-13,156.5732421875,157.09686999697982,155.62530930423134,156.35657811164043,6088000
2023-01-17,155.6072235107422,157.61144853348986,155.36346269022175,157.08782081103703,6053300
2023-01-18,153.2599639892578,155.28224940588603,153.21483482103093,154.96626257414363,7047800
2023-01-19,153.05230712890625,154.63221357262822,152.31201527292154,152.60090528784283,6939500
2023-01-20,152.33908081054688,153.57591730499476,151.2015394850821,153.56689422845702,8620600
2023-01-23,151.95091247558594,153.14262015961503,151.6259025413683,152.6641352253076,8425400
2023-01-24,151.95091247558594,154.3704339360268,149.87446088340073,152.59190926484888,10541800
2023-01-25,153.0342559814453,153.0342559814453,150.8404495202956,150.9216985501845,7099800
2023-01-26,152.47450256347656,153.39536611145544,152.25782473580801,153.0703562577976,6946100
2023-01-27,151.87864685058594,152.45644060766617,151.46336490601973,152.15851376446528,6058100
2023-01-30,146.2541961669922,152.15852617317046,145.42361843443538,151.6078153773165,23259100
2023-01-31,147.53614807128906,147.5451711471486,145.39650815906654,145.9833249307692,11612500
2023-02-01,148.89036560058594,149.84733519667503,146.61529670895652,147.14796129368585,9865300
2023-02-02,149.4501190185547,150.0640327003043,146.9945056186301,147.15700367293095,10099000
2023-02-03,148.61050415039062,150.17235055276186,147.9604844431988,149.8924836352162,6868500
2023-02-06,147.4819793701172,148.8271615357829,147.24725542086242,148.5563177323732,7021000
2023-02-07,147.5181121826172,147.951467856883,145.7305647972651,145.8930766190374,7310800
2023-02-08,147.7077178955078,148.56537867852276,147.06672118989948,147.4278509450632,6054700
2023-02-09,145.71249389648438,148.7820343674928,145.4145808344305,147.725755820415,7949500
2023-02-10,146.3896026611328,146.9673964315958,145.66737077982165,146.04654665021704,7028000
2023-02-13,146.93130493164062,146.9945078041582,145.4868134742634,145.6493253066718,6414700
2023-02-14,146.29031372070312,147.1299283723206,146.03752977253038,146.922287366827,6316000
2023-02-15,143.87979125976562,146.23610897646702,143.80756532574284,146.20902597316953,12621800
2023-02-16,142.8596649169922,144.13260768647336,142.57076111566587,143.60899365402946,11177000
2023-02-17,145.84214782714844,146.49684278858686,142.4140941922239,142.77782132345155,12401900
2023-02-21,143.66893005371094,145.80578361391207,143.56890682589787,145.1692645961354,9423900
2023-02-22,143.4688720703125,144.44182646947795,143.09605698980403,144.12356698616188,9820200
2023-02-23,143.4234161376953,144.20541213565494,142.4595635093484,143.40524018699665,9385100
2023-02-24,141.82305908203125,142.62324490950323,141.1319983331601,142.44137440342573,8689700
2023-02-27,141.5138702392578,142.6686672247194,141.0137542072866,142.2594864257497,7267100
2023-02-28,139.35887145996094,141.18656754896546,139.1588249838035,140.9228636145884,9062300
2023-03-01,138.73146057128906,139.3406879429595,138.1313211753968,139.13153962711172,6767000
2023-03-02,138.62229919433594,138.90417899215245,137.51295594986752,137.98579418720698,8762500
2023-03-03,140.0499267578125,140.14084813225705,138.97694909110717,139.45887538745342,5747200
2023-03-06,141.45022583007812,141.604804640604,140.5500307643822,140.63186415676003,8148200
2023-03-07,140.1135711669922,142.07765601367024,139.44070026796496,141.93216516396717,7457700
2023-03-08,139.08607482910156,140.21359422603945,138.64960228050842,140.01354777662704,6230500
2023-03-09,137.52207946777344,139.6680208833563,137.0401531810967,139.54071986187134,7439400
2023-03-10,137.85853576660156,139.5680187778489,137.3947992341936,138.08586004470263,8504300
2023-03-13,139.17698669433594,141.76848850979837,137.8221431406183,138.29496755713055,10799600
2023-03-14,139.95899963378906,140.05902286382454,138.1222157162159,139.37705007942958,8421200
2023-03-15,140.34999084472656,140.84100509654414,138.69506372331054,138.97694355998087,7757700
2023-03-16,140.05899047851562,140.36814807267743,138.758702663487,139.5315966488915,7605500
2023-03-17,138.5586700439453,140.89555592922457,138.48592462488236,140.46818526396086,20540700
2023-03-20,139.9317169189453,140.0953975963341,138.55868342282625,138.64051682413498,7129000
2023-03-21,139.9317169189453,140.14995319720657,138.3677249450012,140.03174014546863,8376800
2023-03-22,137.3493194580078,140.08629852939913,137.33112963243184,139.895353922552,7943500
2023-03-23,137.4220428466797,137.93124688297135,136.49455613785165,137.46749659117265,9051500
2023-03-24,138.80419921875,138.90422245650902,137.14928568237767,137.74032325791646,5696200
2023-03-27,139.3952178955078,140.52273717449077,139.2224492641102,140.213579557658,6772300
2023-03-28,138.04946899414062,139.53161358119664,137.96762172417962,138.56776103845203,6115300
2023-03-29,139.40432739257812,139.46798484545585,138.27680793951475,138.43138677179692,6012000
2023-03-30,139.513427734375,139.84987704881158,138.9496680517412,139.64983060501817,4555700
2023-03-31,140.94100952148438,141.11377814021563,139.34065208570553,139.840754245483,9890000
2023-04-03,142.62322998046875,142.7687069454228,139.97717256641215,140.895557476977,6841900
2023-04-04,144.11447143554688,144.55093006491197,142.38679899157853,142.73233625532612,8314500
2023-04-05,150.5886688232422,150.6341364458106,147.99716695931608,149.46113560748896,16704200
2023-04-06,150.17039489746094,152.0617343337355,149.85214927042188,150.93421492685133,9615400
2023-04-10,149.41571044921875,149.88853496504458,148.79738118847052,149.69759033839998,5354000
2023-04-11,149.37022399902344,150.28860898593587,149.16107569649412,149.50661300087185,5903800
2023-04-12,149.05197143554688,149.88852306030384,148.30635506610406,149.0701612615641,5764100
2023-04-13,151.04331970214844,151.2433661448155,148.95193390366495,149.28836934143655,5640600
2023-04-14,150.7978057861328,151.05240782709484,149.1792582936867,150.9160188318547,7225100
2023-04-17,150.64324951171875,151.16155552074173,149.9794665109245,150.70690696887146,8046400
2023-04-18,146.40589904785156,149.7521190872611,145.16925462292616,149.35202620349546,14571500
2023-04-19,147.78805541992188,147.9244444339671,146.55141081841236,147.29704109458646,6752000
2023-04-20,148.7427978515625,148.96103411610196,146.36044426478122,147.6970980264277,9498800
2023-04-21,147.93353271484375,150.00672878679288,147.27883775793651,149.52480248167663,7014200
2023-04-24,148.83372497558594,148.95193802446067,147.1878996401961,147.9335298334506,5278900
2023-04-25,150.19766235351562,150.35225504359119,149.27018946168369,149.40657845319714,6263100
2023-04-26,147.869873046875,149.47933261470132,147.52434962324568,149.2065407409521,5518200
2023-04-27,148.21539306640625,148.58820812124188,147.42430921205164,148.12445782750066,5739700
2023-04-28,148.85191345214844,148.90646905120542,147.8153154457532,148.0426396916712,6024900
2023-05-01,148.760986328125,149.3974914171364,147.5243419231441,148.760986328125,4893400
2023-05-02,150.06126403808594,150.47044486197245,148.72459650522578,149.43384696656756,7541700
2023-05-03,148.09719848632812,151.106969347263,147.76985101015197,150.53412167003313,5937200
2023-05-04,147.42430114746094,148.12444972460955,146.6241154881269,147.92440330977604,5128000
2023-05-05,147.9243927001953,148.333587348768,147.02419777277785,148.0698835141426,5194500
2023-05-08,147.5880126953125,147.8244388253549,146.7059933827072,147.29704483304027,4994900
2023-05-09,146.4423065185547,147.42434909034577,146.2058803833547,147.07881173876007,5520500
2023-05-10,146.9878387451172,147.2788204138183,145.54206000002887,146.5786579139297,6756600
2023-05-11,146.3877410888672,147.47889480383594,144.93286021906067,147.1515473018681,5867600
2023-05-12,146.19674682617188,146.9059972610977,145.49658436485373,146.7241406655624,3904200
2023-05-15,145.0783233642578,146.42407889312472,144.52365169952415,146.21494449078008,5104500
2023-05-16,144.88739013671875,145.71485379084294,144.1508617384571,144.6327880700301,5599200
2023-05-17,144.56912231445312,145.54206280403156,143.4597789620045,145.29654875068115,6840700
2023-05-18,144.1053924560547,144.51457335319424,143.2688408358575,144.26907313977364,5173000
2023-05-19,144.4963836669922,145.4238565790754,143.79622112080463,144.2054019790496,6527100
2023-05-22,143.71763610839844,145.79731774382105,143.63518528068985,144.75289865447962,5675900
2023-05-23,143.6626739501953,145.0002702244445,143.25956236125842,143.92836748811092,5793000
2023-05-24,143.52523803710938,143.96498972510517,142.84727645104803,143.91002251153748,5015100
2023-05-25,141.46389770507812,143.18626447893968,140.8317467273413,142.96639560282637,6886100
2023-05-26,141.40892028808594,142.2609400804911,141.27148827097076,141.72041049308646,6845400
2023-05-30,141.42723083496094,142.35255887011553,140.46527662969356,141.06077342147378,5593100
2023-05-31,142.05941772460938,142.63660157747373,140.950874681487,141.72960037718087,11324600
2023-06-01,141.58297729492188,142.04105605590894,140.309518898556,141.58297729492188,7901300
2023-06-02,143.8092498779297,144.1207400858233,141.17071169470253,141.7478954171471,7659700
2023-06-05,145.0460968017578,145.33926000255946,143.6077224725945,143.6077224725945,6430500
2023-06-06,144.9178009033203,146.22791352658356,144.20319910134234,146.20042991723483,5073600
2023-06-07,145.22930908203125,145.48583209594187,144.23985718003777,144.84452456116531,6504300
2023-06-08,146.82342529296875,146.9700138773663,144.58801228846178,145.21099280296613,5818400
2023-06-09,146.59437561035156,147.25401021450847,146.09965664696182,146.97000358927954,6264400
2023-06-12,146.49359130859375,146.81425205306584,145.42168861856464,146.58521265828728,6510600
2023-06-13,147.26319885253906,147.354806238051,145.8064974344864,146.33787059650285,6066800
2023-06-14,148.0144500732422,148.4908560375102,147.48307687837755,148.05110421327888,6699100
2023-06-15,150.00247192382812,150.16738755233874,147.89530676045672,148.46333394815463,7138300
2023-06-16,150.4605712890625,151.15686007001648,150.1307539663624,150.68961070817488,13426600
2023-06-20,150.36895751953125,151.4500168216655,150.075780365386,150.48804850637865,7995800
2023-06-21,150.13990783691406,151.0927055637792,149.049678086151,149.8650577685734,7177500
2023-06-22,151.7340087890625,151.82563013574267,150.05743879688987,150.15821668645614,5485900
2023-06-23,151.6057586669922,152.3295310134907,151.1934905349068,152.18294243958522,9450700
2023-06-26,149.91087341308594,151.14767779243903,147.80370812522378,151.14767779243903,6978800
2023-06-27,149.599365234375,150.13990883149265,148.82063967828225,149.95666613174822,4927500
2023-06-28,149.29705810546875,149.5169269965467,148.33508976863345,149.5169269965467,6780400
2023-06-29,150.34146118164062,150.5430169631888,148.62823703848125,149.0038649931351,4547500
2023-06-30,151.64242553710938,152.02721009133867,150.57052271187266,151.03775810355316,7580000
2023-07-03,149.65435791015625,150.6071557164107,149.2970569853788,150.561345037961,4033700
2023-07-05,149.15963745117188,150.17657308837704,149.0863431554008,149.32455311152117,7224600
2023-07-06,148.0511016845703,148.756533104456,147.5014014290762,148.64659864514044,6332500
2023-07-07,145.89810180664062,147.5380178047154,145.85229112949148,147.0158152276916,7022200
2023-07-10,146.13632202148438,146.86009449403298,145.66908658767605,146.0630277217669,5739200
2023-07-11,145.330078125,146.86005957170502,144.38643695714873,145.78815690471245,6606700
2023-07-12,144.8262176513672,145.61411386931002,144.64298889870884,145.61411386931002,6940400
2023-07-13,145.49502563476562,145.78820285632776,144.21241023907962,144.75294001444306,6401700
2023-07-14,146.4661102294922,146.7959275228485,145.65073052917458,145.8339592522713,5362200
2023-07-17,145.7332000732422,146.46611498944787,144.89032275658496,146.3561805479082,5486800
2023-07-18,145.72401428222656,147.40058423732717,144.92696170566157,145.73318480436467,6332500
2023-07-19,145.43087768554688,146.9608593602258,144.13909197920688,144.67046512038485,7522600
2023-07-20,154.26263427734375,154.95890907993933,147.77623624031412,148.3625765949885,21892900
2023-07-21,155.92088317871094,156.49806701046302,154.07939723148567,154.07939723148567,12080000
2023-07-24,156.73623657226562,159.2465133117408,156.6537857471821,157.12102106877703,15155400
2023-07-25,157.93638610839844,158.20206562443576,155.5177309404323,156.1590383752238,13790100
2023-07-26,158.23873901367188,159.27400155693147,157.02940429275392,157.57910443489033,14288200
2023-07-27,159.12744140625,159.67712766709693,157.61577273514084,157.74403426061755,12446400
2023-07-28,159.85116577148438,160.65738889073435,158.70596883139288,159.4114140607366,14138800
2023-07-31,153.48390197753906,155.94836848529602,152.73265991516328,155.46280601121646,22632700
2023-08-01,154.72987365722656,154.91310240164708,152.13714568427798,152.42115233504833,15810300
2023-08-02,155.66436767578125,156.8828591687864,154.6932426911423,154.6932426911423,14595600
2023-08-03,156.33311462402344,156.95610899088157,155.4444407341733,155.70096371480489,17424800
2023-08-04,154.86727905273438,158.2020922544497,153.8137033739048,156.05828676323043,23415100
2023-08-07,158.58689880371094,158.80676769840034,155.16046407374887,155.27956904467675,17736400
2023-08-08,158.66018676757812,158.99917462900095,157.02027060461677,158.48612854404,27378700
2023-08-09,158.5594024658203,159.6404617231613,157.62491780002256,158.49526472371252,42974400
2023-08-10,157.73484802246094,161.21624960362226,157.24928562602966,159.41141806237573,48213800
2023-08-11,159.2740020751953,159.36560944621257,157.23096059118956,158.01885667510598,45905600
2023-08-14,158.89837646484375,160.87728023696084,157.35006788331108,158.97167075041722,64036900
2023-08-15,158.44032287597656,159.92449395150118,157.70739388307211,158.31206135067762,88958100
2023-08-16,157.93638610839844,160.08019123875292,157.69819019817692,158.06464759535675,85832700
2023-08-17,159.4205780029297,160.684879956897,158.27538100968553,158.36700236092724,70904200
2023-08-18,158.0280303955078,159.40226680367266,156.94695715176786,158.6510108570705,49631700
2023-08-21,153.31895446777344,155.60934808707418,152.04549617462035,155.46275954037017,151319500
2023-08-22,152.10049438476562,153.76789401013792,151.54163766857607,152.87006344262977,56834800
2023-08-23,150.7353973388672,152.5402287918782,149.76427259348148,151.9905286819275,119011400
2023-08-24,151.2484893798828,152.69602039608904,150.12161918871004,150.27736433875353,70755100
2023-08-25,153.4170684814453,154.82896578971548,151.39611356699265,151.61759290041022,18185500
2023-08-28,151.60833740234375,153.38014369283408,150.5747954670184,152.26353821695716,18458000
2023-08-29,151.6268310546875,152.89107560015688,150.20571057941913,152.14360213660328,12208600
2023-08-30,151.09161376953125,153.0295195863374,151.0454704727583,152.36509553948713,9939100
2023-08-31,149.19984436035156,150.94396796351833,148.83072616512604,150.75939478494902,15333000
2023-09-01,148.0924530029297,149.9380718581839,147.65873144546862,148.95989611785188,8610100
2023-09-05,148.27700805664062,149.46744007137488,147.90788992796797,148.16627543422962,9019800
2023-09-06,145.8131103515625,147.64950615349005,145.20406684020455,147.50185326790756,9753800
2023-09-07,147.6772003173828,148.62769295761998,146.70824754483326,146.8559004414219,9931800
2023-09-08,148.166259765625,148.276992376326,146.90201552361344,147.2711336132518,6957000
2023-09-11,150.10421752929688,150.13190069167123,148.06480205498872,148.62771649152972,6309300
2023-09-12,150.95314025878906,151.27611505082913,149.0613784618761,149.69811910346183,6045800
2023-09-13,151.33151245117188,152.21740155398814,150.41792611299877,151.11925615947445,7397500
2023-09-14,151.10079956054688,152.51269666035535,150.82395395488882,151.9682284728786,7758400
2023-09-15,148.98757934570312,152.09745669334788,148.76611409477715,151.32228607224374,13392100
2023-09-18,149.92884826660156,150.5563519161591,148.34161493060336,149.6058593357706,5789000
2023-09-19,149.6796875,150.27952208115917,148.92299108560266,149.72583078792832,5550800
2023-09-20,150.33489990234375,150.916260315689,149.18138802060756,149.67047593198726,3837400
2023-09-21,149.18136596679688,150.87933182626918,149.11676255211142,150.0211258719866,4526700
2023-09-22,148.11090087890625,148.94142366266837,147.88019854108865,148.84915117611325,4976700
2023-09-25,147.889404296875,147.98169085360732,146.47750728077028,147.7140823686061,6722500
2023-09-26,146.7451629638672,147.72333872979553,146.5975100721541,147.47417623514903,4904800
2023-09-27,144.98255920410156,146.50518880663554,143.27535649015013,146.33908990350156,10211600
2023-09-28,144.77035522460938,145.76699114925643,144.1612975904992,145.3424925943131,7861900
2023-09-29,143.7275390625,145.43474178807887,143.35842099905398,145.22248552469344,7680700
2023-10-02,143.17388916015625,143.42305166933355,141.4851601561645,143.42305166933355,7259700
2023-10-03,143.3491973876953,143.49685025935227,142.01112668056714,142.740139852825,5740800
2023-10-04,143.5153045654297,143.8936456723893,142.63863855708553,143.56144784606934,4955200
2023-10-05,145.01026916503906,145.8407919961642,144.02287042496604,144.2074294895545,5993300
2023-10-06,145.4716796875,146.08073729786977,144.50272695844893,144.95490865359398,5802200
2023-10-09,146.3022003173828,146.6159662239947,144.96412946482224,145.04717893379845,4414100
2023-10-10,146.1361083984375,146.9758683965206,145.71160984613508,146.1545685305259,5273500
2023-10-11,144.12435913085938,146.7728315699331,143.99516638365725,146.2283774267922,6922900
2023-10-12,144.2627716064453,144.47501379107908,143.1000370216822,143.88441643487297,5792400
2023-10-13,144.74266052246094,145.2132882489435,144.00441018371953,144.63191381902962,5359800
2023-10-16,145.3701629638672,146.03458685518225,144.7334222279441,145.63778557392808,6408100
2023-10-17,144.04129028320312,146.6805252616832,142.6755365564436,143.93978070399422,12244400
2023-10-18,140.94070434570312,143.91215234370821,140.31320058510917,143.41384136211636,9097300
2023-10-19,140.5623321533203,141.29134537118298,138.55982339846506,139.96249760504742,7733800
2023-10-20,141.18980407714844,141.99264355521234,140.57152361828938,140.9498787602772,7207000
2023-10-23,139.7041015625,141.65122977938304,139.53800264474302,141.060632381326,5874000
2023-10-24,139.5564422607422,140.2301031675821,138.5413605101218,139.11349775285242,6155300
2023-10-25,139.87022399902344,140.42390117652567,138.63364873259917,139.5656952149681,5880800
2023-10-26,137.4985809326172,140.23932558506564,137.3878483263613,140.23932558506564,7612500
2023-10-27,134.36105346679688,137.1848479609137,133.7612189118209,137.02797205356876,11385800
2023-10-30,135.6806640625,135.87446023084422,134.73017151323228,134.8132209792567,8205300
2023-10-31,136.8895263671875,137.07408540854945,135.32075339418256,136.15127612078746,7576900
2023-11-01,137.2125244140625,138.19992309581636,137.0002822063692,137.67392908875854,5733000
2023-11-02,138.64288330078125,138.790522096841,136.15128676428387,136.30817674670612,5349100
2023-11-03,139.657958984375,140.51617897330232,138.55981364160542,139.53800334793024,4926800
2023-11-06,139.9901580810547,140.6638048796868,139.6856293439042,140.0639845095413,4851400
2023-11-07,139.25192260742188,140.49772083836987,139.04890342784586,140.20241509318552,4840400
2023-11-08,138.744384765625,140.11013859560347,138.73514766075695,139.66719407146633,5460000
2023-11-09,136.04055786132812,138.88281245714222,135.89290498028367,138.88281245714222,6973600
2023-11-10,135.88368225097656,137.03719398485583,134.39795857450193,136.80649163807996,6930700
2023-11-13,136.23435974121094,136.48350814734928,135.32999636760172,135.88368765426227,5889300
2023-11-14,136.26205444335938,137.07411723006132,135.62531363403298,136.243594310652,6713600
2023-11-15,137.3140411376953,137.88617845812965,135.90214388626907,135.9759703277693,6729100
2023-11-16,138.51370239257812,138.57829173119603,137.16639441634592,137.96001109693103,6875600
2023-11-17,138.22760009765625,139.1504094059764,137.56319035014212,138.9289441837892,7023300
2023-11-20,139.44619750976562,139.90198613848528,137.24161524764034,137.58579868242558,8851700
2023-11-21,140.57171630859375,140.72984848931165,139.16712044900632,139.6229232242863,5916300
2023-11-22,140.2926788330078,141.42750903075242,139.89268571451768,141.04613806802183,4633500
2023-11-24,141.8553924560547,142.02282151613446,140.32986618034144,140.32986618034144,3351400
2023-11-27,140.7205352783203,141.68795040468441,140.43217579436813,141.66003137018282,6449700
2023-11-28,141.04611206054688,141.213541106915,140.31124672936156,140.83215602079164,5909000
2023-11-29,141.4925994873047,141.57631400798965,140.5251985740589,140.76704525394203,5190000
2023-11-30,143.8646240234375,144.31111570351098,141.3158728869937,141.63213723564098,12481900
2023-12-01,147.32496643066406,147.39938407627056,144.61808312080063,145.52037755742177,10342900
2023-12-04,147.79010009765625,148.85052695270122,146.9715200012293,146.9715200012293,8920300
2023-12-05,147.4831085205078,148.48772551316588,147.176141034386,147.7156583560199,7268200
2023-12-06,145.68780517578125,147.58541963571741,145.2692183428794,147.45519230562098,6642900
2023-12-07,144.55296325683594,145.6506057942117,143.91113767270502,145.6506057942117,6532400
2023-12-08,143.64138793945312,144.97158044639372,143.10187059061226,144.57158732840986,6254700
2023-12-11,144.23672485351562,144.62740692037335,143.57629119063134,143.71581543103866,6090400
2023-12-12,144.2460174560547,144.4785672894252,142.9251219120405,144.18089668972755,5324400
2023-12-13,144.91575622558594,145.05529464983687,141.17636491009338,142.9344411834119,10764600
2023-12-14,145.9203643798828,146.1901301341092,144.2274089797274,145.5482903253058,9240700
2023-12-15,144.32972717285156,145.7529309700853,143.02743963320867,144.63669464590205,21727800
2023-12-18,144.59019470214844,145.52039408732057,143.95765173949897,144.37625281779938,7231400
2023-12-19,145.5389862060547,145.5761879321767,144.12507932026884,144.45995163022565,6651500
2023-12-20,142.57164001464844,145.72501483788955,142.42280473129625,145.6133812785185,7008300
2023-12-21,144.03204345703125,144.30180917863424,142.59954290705844,142.9623200341999,4598600
2023-12-22,144.60877990722656,145.60408571199852,144.19948997116558,144.41343182184693,3798900
2023-12-26,145.24131774902344,145.43666584673986,144.04136690044066,144.18089111758462,4170000
2023-12-27,145.43666076660156,145.59479293841275,144.57156806938224,144.6459857138312,5288100
2023-12-28,145.65061950683594,146.2645544994203,145.10180528333598,145.1111021673269,4377500
2023-12-29,145.7994384765625,145.94825957232212,145.09247794841792,145.58548242530063,4313700
2024-01-02,148.8040008544922,150.35743216700368,145.84595934794595,145.97618669768593,9622100
2024-01-03,149.73419189453125,150.17138672858567,148.6458603481774,149.4272244029367,8232000
2024-01-04,149.4179229736328,150.67368355335526,149.2225748690278,150.3109063822734,6766600
2024-01-05,149.88302612304688,150.07836003847734,148.33889179230414,149.29699598932405,5602500
2024-01-08,150.2550811767578,150.37601161920185,148.4691003501977,149.85510231900273,6569800
2024-01-09,150.34814453125,151.8829679757223,149.39004021485766,150.34814453125,6357000
2024-01-10,150.5713653564453,151.26901487410655,149.9481334905805,150.52486674357385,4945100
2024-01-11,149.90162658691406,150.87833878884456,149.557457353304,150.75742251941514,4946000
2024-01-12,151.05506896972656,151.1294866195393,150.40393227600933,150.5434564983361,4496900
2024-01-16,149.31558227539062,150.92482294643483,148.99930375441303,150.2922942919069,6923200
2024-01-17,149.23187255859375,150.04115563208222,148.71096320178742,149.06444349121261,5072100
2024-01-18,149.9574432373047,150.106264345861,148.5435362531521,148.8318957802318,5368500
2024-01-19,150.39463806152344,150.61789103599364,149.09236452807315,149.90163349573749,7071300
2024-01-22,151.12948608398438,152.16200790668972,150.07835630046293,150.69229126395592,6824200
2024-01-23,148.6551513671875,149.30628805379786,145.95757901106663,148.51562714638357,9149800
2024-01-24,147.86448669433594,149.39001297570994,147.12032441699657,148.59933789471532,7247900
2024-01-25,148.42262268066406,148.47843237693615,147.40870868180832,147.90171325716818,5478900
2024-01-26,148.36680603027344,149.52025840946305,148.23657868050336,149.23188466937822,5591900
2024-01-29,148.23654174804688,148.89698941043682,147.86446775389481,147.91096635787903,6483200
2024-01-30,147.68775939941406,148.60864770077885,147.09243236451667,148.22727674255796,7200500
2024-01-31,147.80865478515625,149.40859862673105,147.5947129324207,149.20395365673562,8256800
2024-02-01,147.30638122558594,147.42731169259122,146.08782225218957,147.12034417968945,8012000
2024-02-02,145.6785125732422,147.25984854050992,145.0552807470602,146.94358418579935,8295900
2024-02-05,144.925048828125,145.9389626239983,144.4971509195074,145.67850796439257,9121600
2024-02-06,147.0272979736328,147.65052979666757,144.73901566144133,144.95295752458105,9229900
2024-02-07,146.95289611816406,148.24587270656457,146.68314453945447,146.78546704042355,8690300
2024-02-08,145.483154296875,146.35754384648752,144.46924053986217,146.35754384648752,9755000
2024-02-09,145.8180389404297,146.22732890842636,144.80412509752935,145.36225036183663,6529200
2024-02-12,146.83197021484375,147.35287956970245,145.43667121702282,145.65061308911504,6701500
2024-02-13,145.54832458496094,147.3901157179603,144.8785797741032,146.63665635417505,8621000
2024-02-14,144.86927795410156,145.53902274214778,144.0320898721847,145.43670022748188,9098800
2024-02-15,146.89706420898438,147.41797351923915,145.00876086245373,145.09247538866308,7462500
2024-02-16,146.72837829589844,147.39382634940705,145.9035831069462,146.77524425917693,8541000
2024-02-20,147.9561767578125,148.65912324292157,146.625266462184,146.73773332332692,9501700
2024-02-21,148.7247314453125,148.7341132185235,147.27198674596153,148.10614937717875,7472500
2024-02-22,150.38368225097656,150.6554962347666,147.87182700226853,149.0059059924075,8065000
2024-02-23,151.68649291992188,152.07077380843506,150.1118994764793,150.7867293240931,6726000
2024-02-26,150.70236206054688,151.8458229309602,150.49617756235105,151.64900590493738,5465400
2024-02-27,150.8804473876953,150.9366808249114,149.6245196182537,150.28060022158255,5078600
2024-02-28,151.4146728515625,151.4709062810565,150.23371362625838,150.8991759120633,6071100
2024-02-29,151.25534057617188,152.01452048002633,150.84294302309473,151.83643841833552,9849100
2024-03-01,151.94894409179688,152.37072352521832,150.98356516480598,151.67714434501215,5670100
2024-03-04,149.81198120117188,151.47093923963033,148.34048703712713,151.1991395041076,8532900
2024-03-05,149.93380737304688,151.12413414992423,149.2121116089498,150.54302196906784,8298200
2024-03-06,149.3433380126953,150.83358130368302,149.23087113835194,149.4558191885232,5773700
2024-03-07,148.90281677246094,150.29934237048158,148.31235140808977,149.96192746163356,5188700
2024-03-08,149.51202392578125,150.32743721121523,148.4903975744943,148.90279510323666,5284000
2024-03-11,151.11473083496094,151.19909527436252,148.9121739697633,149.4839042959131,4620800
2024-03-12,152.53001403808594,152.87679638117123,151.02102173496988,151.4427867498135,8018700
2024-03-13,150.99293518066406,152.4737967638668,149.78385902159346,152.33321316466566,6260000
2024-03-14,149.2215118408203,151.40532004520753,148.73413152282458,150.8429713411989,6988300
2024-03-15,148.256103515625,149.20274733467747,147.24387309163274,148.14363664662227,13165500
2024-03-18,146.92518615722656,148.73410925628485,146.6815031854524,148.62164239261728,6602300
2024-03-19,146.40969848632812,147.0189130456524,145.8942015430246,146.84083098328549,7840600
2024-03-20,145.98794555664062,146.62529124764717,145.47246282160998,145.9317121165635,5982300
2024-03-21,145.97854614257812,147.10325760248134,145.36933160639617,145.82858080086245,5915800
2024-03-22,145.49118041992188,146.55029108671098,145.3787135531774,145.922327244915,7248600
2024-03-25,145.4818115234375,146.19412550831592,145.1818808130781,145.65051182190209,7498100
2024-03-26,145.997314453125,146.4284469900114,145.05067062370867,145.84734909182365,6864100
2024-03-27,148.04991149902344,148.2935944699733,145.68800725961162,146.20350421881622,8461600
2024-03-28,148.26548767089844,149.15588376826977,148.19050498986408,148.2748551429712,6181500
2024-04-01,147.88119506835938,148.2279774268488,146.9345656106402,147.8249616374133,4364700
2024-04-02,147.83433532714844,147.9280672503232,146.16601006531909,146.74712224633228,6102300
2024-04-03,144.58201599121094,148.13424661199213,144.57264852071543,147.89054936429255,8098200
2024-04-04,142.9324493408203,145.7442352294922,142.848099196516,145.56615316830576,6947400
2024-04-05,142.82937622070312,143.41047416809104,142.09831289931662,142.49196127994895,6783000
2024-04-08,142.07955932617188,143.43858652062698,142.0514426070889,142.45447274975297,5935400
2024-04-09,142.73562622070312,142.96057425322957,141.47033107913583,142.04206148134256,6135300
2024-04-10,140.77674865722656,142.29512281271698,140.36435109157443,142.0233088255903,6809500
2024-04-11,139.45523071289062,141.4047377249324,139.08033156889573,141.33913681040184,8374400
2024-04-12,138.264892578125,139.7176515209138,137.91809591729586,138.771007759373,7100200
2024-04-15,138.33050537109375,140.11131188359587,138.1243065717358,139.06156864100504,8502300
2024-04-16,135.3874969482422,137.07457145724345,134.394001487798,135.91236139515735,12774900
2024-04-17,135.6874237060547,136.28727081382578,134.53458114931274,135.90298996157847,9378100
2024-04-18,136.59657287597656,136.65280630932315,134.15031841501488,135.88424458296356,9887700
2024-04-19,138.63043212890625,138.83663092236065,135.47184932089155,136.98084178127115,9750800
2024-04-22,139.76449584960938,140.8423556609842,138.0586865563944,139.19276549442299,10118700
2024-04-23,140.17691040039062,141.04857154671313,138.90223343586982,140.45809187667157,10110400
2024-04-24,139.21151733398438,139.64266412687184,137.64629158191727,138.84598574280082,9756300
2024-04-25,137.60882568359375,140.19566388024472,137.1495621150808,139.9988325504579,7642700
2024-04-26,136.97146606445312,137.94621223725824,136.79338399887266,137.49633048838533,6183000
2024-04-29,137.60882568359375,137.98372479563554,136.83089643969683,136.97148003134143,6149600
2024-04-30,135.51870727539062,137.66504523456854,135.46247384440483,137.66504523456854,8817700
2024-05-01,141.6952667236328,142.32324486856393,138.35861618759114,139.40835938540687,14470900
2024-05-02,140.51431274414062,142.773117522877,139.7832495520863,142.50130354290545,8459800
2024-05-03,139.9051055908203,140.4862034661683,138.5460785234672,140.4862034661683,6532700
2024-05-06,139.2583770751953,140.636153234644,138.63041330819544,140.46743865313914,5042800
2024-05-07,139.3896026611328,140.3362321113899,139.13653792238736,140.0081989996293,7333500
2024-05-08,139.6051483154297,140.33621140707535,139.37083285524886,139.76448111217493,7735100
2024-05-09,140.44871520996094,140.68303070794119,139.5489374050642,139.63328755198117,6546200
2024-05-10,140.5049591064453,140.67365941284453,139.8301292778803,140.58930925964492,5710600
2024-05-13,141.73277282714844,142.4638361051482,140.31751223542773,140.6267961364024,5628500
2024-05-14,141.8827362060547,142.66066543744319,141.2453905640503,142.32325052143713,8254200
2024-05-15,143.091796875,143.35422910748133,141.8077524302532,142.29513270549742,5548000
2024-05-16,144.60079956054688,144.6945314936796,142.77314127633977,143.40110518417066,7591000
2024-05-17,144.93821716308594,145.14441597858172,144.06657023515996,145.14441597858172,6521800
2024-05-20,142.92568969726562,144.9287422240118,142.9162320875925,144.65474546816156,7742300
2024-05-21,142.89735412597656,144.17287722038984,142.47216534408338,143.40756048032412,5492400
2024-05-22,145.03268432617188,145.58069229015857,142.0281053430701,142.5194108966398,6609800
2024-05-23,141.44227600097656,144.40906737951684,141.13993527312553,144.32403540141064,8000400
2024-05-24,138.8628692626953,141.54620624915162,138.66444690024167,141.28165271060445,9520600
2024-05-28,136.41575622558594,138.69280553584656,136.19843303969458,138.69280553584656,10499800
2024-05-29,136.4724578857422,137.39839546116585,135.78272990526975,135.88666270373184,8263800
2024-05-30,137.26609802246094,137.5778963709587,136.07560703308636,136.6425013254654,8490300
2024-05-31,138.57943725585938,139.34475400263702,137.18108055289417,137.54012373467683,14621200
2024-06-03,139.59042358398438,140.6864251174315,138.6739292274088,139.12744760045894,7329200
2024-06-04,139.64710998535156,140.12897235015208,138.12591967636683,139.3447547953747,8876400
2024-06-05,137.91802978515625,139.82660693858233,137.80465381743727,139.807706138267,5891300
2024-06-06,138.3432159423828,138.89122386182012,136.6803057992228,137.473966475475,5016300
2024-06-07,138.96681213378906,140.11951595708103,138.26762663565026,138.58886818192175,5111600
2024-06-10,139.01406860351562,139.42034216666593,137.5684671068129,138.4471598366527,5749900
2024-06-11,138.66445922851562,139.04240318653248,137.4172802097796,138.71170402540372,5661200
2024-06-12,137.38894653320312,139.08965842928566,136.79369376530198,138.9479240279769,6180500
2024-06-13,137.42674255371094,137.94640655772307,135.9433537609016,137.06771376492154,6840400
2024-06-14,137.5117645263672,137.9180525061038,136.5102382009585,137.1338349603186,4075300
2024-06-17,137.89913940429688,138.35265772652645,136.75589319785126,137.02044675390914,6666600
2024-06-18,137.61569213867188,138.3148776683367,137.2472057796661,137.9086041209842,6156600
2024-06-20,139.62818908691406,139.9116434324514,137.01098321655564,137.25665037732855,8749700
2024-06-21,140.54469299316406,140.8564913530482,139.24081156402826,139.73213150236882,15172300
2024-06-24,140.894287109375,141.46119587402237,139.9966935795906,140.78091112328104,6914700
2024-06-25,139.0707550048828,140.9698748430839,138.8345454242419,140.9509740398478,5912500
2024-06-26,138.72117614746094,139.07076173024683,137.73853617090526,138.1353665555218,5267800
2024-06-27,137.75743103027344,139.23137651441095,136.85037989237182,138.7022693577553,5739200
2024-06-28,138.09759521484375,138.95740168874426,137.61571836478757,137.98420479401764,10495700
2024-07-01,138.36212158203125,140.49745092863293,137.58734726353785,138.0125360279779,5144400
2024-07-02,137.97474670410156,139.03296107029715,137.70074991895788,138.35267628714587,5492000
2024-07-03,137.6534881591797,138.56052481358333,136.75589469720754,138.13535048076363,3246200
2024-07-05,138.39991760253906,138.4660632073046,136.52914170454886,137.7290904469724,4888500
2024-07-08,137.455078125,139.09910203223689,137.2377693428599,138.32432767064935,5260200
2024-07-09,138.9384765625,139.01406535745593,137.1716191167181,137.634595079415,5890400
2024-07-10,141.18719482421875,141.22499643369065,138.5888892309834,139.13689723160743,6093200
2024-07-11,141.44227600097656,142.27373823246884,140.44074981327185,141.32890003016828,6350400
2024-07-12,141.61236572265625,142.55720400067327,141.0076698014089,141.72574170255015,5336400
2024-07-15,141.00767517089844,141.9619566778824,140.65807519109975,141.80133589455374,6711400
2024-07-16,142.68002319335938,142.74616879303215,140.9320810290337,141.43284416308643,6469600
2024-07-17,147.94276428222656,148.80257048803227,143.06739580252412,143.19022937966395,13801400
2024-07-18,146.84677124023438,148.40576313203292,146.0908976942492,147.0168496361982,10166200
2024-07-19,146.1570281982422,147.87662628104874,145.61846348659833,147.87662628104874,7398000
2024-07-22,145.7318878173828,146.55389265597353,145.11773417421026,146.23265104285653,6840600
2024-07-23,143.94610595703125,145.03266412336833,143.20913331224688,144.85314255811042,6261900
2024-07-24,147.6593475341797,147.78218114258956,143.92723864823625,144.33351224976093,7168200
2024-07-25,150.833984375,151.72213467631306,147.3947735684204,147.84829191184622,10019600
2024-07-26,151.77883911132812,152.66698950886632,150.67337991984644,150.93793351693145,8356900
2024-07-29,149.81356811523438,151.1741376609169,149.33170574159232,151.14579366347263,5625000
2024-07-30,152.43077087402344,152.63863646185206,149.62459985542606,149.79466383614644,6545700
2024-07-31,149.14273071289062,151.5048264516625,149.03879792370114,151.03240730390812,8293200
2024-08-01,151.89219665527344,151.9394414526763,149.01045143584264,149.73796653091236,7213400
2024-08-02,155.0857696533203,155.7566112403105,152.11897774479485,152.9693265119362,11280400
2024-08-05,152.3551788330078,156.6352952617401,151.7221388897678,154.7550618180832,12032200
2024-08-06,150.20094299316406,152.57248189320478,150.17259899804276,152.16620835174064,7607100
2024-08-07,150.1348114013672,151.7599345530308,149.46398423145442,150.10646740360127,5993000
2024-08-08,151.38198852539062,151.83550685746494,149.31279041073788,149.82301114927333,5094800
2024-08-09,151.75991821289062,152.05281576966155,150.55052638146287,151.28749907820514,4579200
2024-08-12,151.06076049804688,152.7803588036995,149.9553013550368,152.09063084276278,7605400
2024-08-13,149.65293884277344,151.52371465352024,147.8105070278646,151.4292394730899,9711400
2024-08-14,149.73797607421875,150.7489600181391,148.7175489370512,149.12383692010434,5141200
2024-08-15,150.31431579589844,150.70170294381748,149.13326796718513,149.63403109319256,7237800
2024-08-16,150.59779357910156,151.11745758797085,149.4545327595891,150.3615839766237,5012800
2024-08-19,150.82455444335938,151.4481368139898,150.35213525576967,150.66393364962963,4408400
2024-08-20,151.3253173828125,152.05283255021345,150.86234138957508,151.1741397829281,7275100
2024-08-21,152.5252685546875,152.5725133619968,151.46705407299538,151.55208607589756,5019400
2024-08-22,153.39453125,153.52680805901173,151.92057112760955,153.0638320189252,6552100
2024-08-23,155.07630920410156,155.16134118793613,152.78034472095356,153.5362182171324,7093400
2024-08-26,155.5298309326172,156.5691588147038,154.51884704576128,155.11409977978255,6870600
2024-08-27,155.12997436523438,156.16766142949913,154.37789311011525,155.6535825942489,4388700
2024-08-28,156.05343627929688,157.0816085511774,154.90151261810382,155.17758905358738,5187000
2024-08-29,156.34854125976562,156.8150312193256,155.5202975100608,156.72935383691083,7390100
2024-08-30,157.9003448486328,158.01458137530793,155.94872186767216,156.24384257926062,7971000
2024-09-03,159.1379852294922,159.7567858805563,156.86268205148335,157.3101278858905,6956500
2024-09-04,159.32835388183594,160.7468536525992,158.0716940269558,159.7567553681756,6939100
2024-09-05,157.0720977783203,159.3378711614934,156.91977272817795,159.1760312431608,4600400
2024-09-06,156.49136352539062,157.9764963748187,156.24383169947552,157.25295968554767,6016900
2024-09-09,158.61434936523438,159.37596009136075,156.5770490255932,156.92928799423865,7538200
2024-09-10,159.347412109375,160.37558448260702,158.74764126002697,159.46164864200608,6559600
2024-09-11,156.91024780273438,158.78569357215355,156.2152702534485,158.78569357215355,5920200
2024-09-12,156.73887634277344,157.17680719620495,154.90150459548735,156.31998975075592,4540900
2024-09-13,157.57666015625,157.79561833447815,155.9582464632509,156.83409370267964,3693400
2024-09-16,158.97610473632812,159.22362202832144,157.8241666098078,158.3763339779608,5187800
2024-09-17,159.05227661132812,159.67107714096886,157.96697154605468,158.2621067721383,5066500
2024-09-18,158.17642211914062,160.2708552958487,157.78610914213294,158.63339728124967,4722800
2024-09-19,156.91024780273438,158.38585123604526,156.5294352017869,158.25257045734247,4956100
2024-09-20,156.2819366455078,156.95785548765014,155.70121007013012,156.415217440192,11839000
2024-09-23,155.38705444335938,156.60562593287366,154.91104950131415,156.51041913385743,4671600
2024-09-24,154.96815490722656,155.6440882604939,153.79718691441477,154.97766977573121,6041600
2024-09-25,152.8927764892578,155.4822442531595,152.66428891249598,155.17759415081042,5420000
2024-09-26,153.64488220214844,153.7876778812087,152.34063324500212,152.55007659196968,6122000
2024-09-27,153.65435791015625,155.58693641565057,153.59723965308982,154.2255695338506,7553800
2024-09-30,154.28268432617188,154.39692083773932,152.96890633708756,153.8162088862617,6010000
2024-10-01,154.21607971191406,154.9396019631172,153.44493953673546,154.63495184059965,4408000
2024-10-02,153.43540954589844,154.33981590239725,152.94036040885604,153.7590893742848,4684400
2024-10-03,152.79757690429688,153.69246846399156,152.53101531543257,153.0641384931612,4791200
2024-10-04,152.59762573242188,152.79755415756563,151.16009634029794,151.96931038164493,5331100
2024-10-07,151.8740997314453,153.14027432104118,151.57897906141065,152.55954784801622,4266000
2024-10-08,152.02642822265625,152.5595513195618,151.32193582945112,151.83602919183497,4766300
2024-10-09,152.9403533935547,153.48300589847233,151.8550629102347,152.24539037589315,6047200
2024-10-10,152.8070831298828,153.64485637693696,152.32156337616715,153.6162972459252,4793900
2024-10-11,153.7115020751953,154.85391088065782,153.46397024089242,154.39693573725992,5253500
2024-10-14,153.84478759765625,154.35886649166352,153.17836912464267,153.65437401878577,5964000
2024-10-15,156.2248077392578,158.74762779770026,151.3695521429346,152.32156190483983,10548000
2024-10-16,156.3961639404297,157.07209726917264,154.8348684978223,156.12960236680277,5982100
2024-10-17,156.57705688476562,157.08162092926554,155.7773721191262,156.37712843009723,4798000
2024-10-18,157.19583129882812,157.35767119876073,156.06293747278525,156.97687314321516,5908000
2024-10-21,155.0157470703125,157.31960888846243,154.5206979401226,157.17681323865557,6082700
2024-10-22,155.60598754882812,155.87254911125356,154.13036956121294,154.53022643136677,5680300
2024-10-23,157.9003448486328,158.03362563859264,154.62542883645787,155.00624146956926,7441600
2024-10-24,155.81544494628906,157.56713952254262,155.50127996361581,157.08161974560232,5386300
2024-10-25,153.15933227539062,156.0534355057139,152.90228557706573,155.82494793759003,6400400
2024-10-28,153.84478759765625,154.19702657083684,153.27357591407792,153.3973418350404,4842500
2024-10-29,152.40724182128906,154.38742390203063,152.37868269008018,153.71150509473205,5216900
2024-10-30,152.90231323242188,153.54015813313737,151.39813582154056,151.79797824318976,5820500
2024-10-31,152.18829345703125,153.14981816495987,151.80749533200458,152.31205938459772,8613900
2024-11-01,152.44532775878906,153.33068986426392,152.20732531841202,152.87372924616452,5256400
2024-11-04,150.64602661132812,152.5881200908621,150.48418669857662,152.03595269802506,4644000
2024-11-05,150.75074768066406,150.9792207205984,148.84672820646063,150.10337350564672,6547100
2024-11-06,150.3032989501953,153.1307689752256,149.79873496169643,152.22634812176958,8926600
2024-11-07,149.20848083496094,151.1315445559476,148.9990375323527,150.8649829938127,7522800
2024-11-08,148.00897216796875,149.54170860366003,147.95185390135575,149.4655460726702,8926100
2024-11-11,147.59957885742188,150.017691652569,147.47582747331106,148.1517462316955,7146800
2024-11-12,145.31475830078125,147.5995757430344,145.05771161741038,147.11405603134722,7181400
2024-11-13,145.88597106933594,146.14300322820864,144.1533064495947,145.18147866463096,7161900
2024-11-14,144.58172607421875,146.21918411948394,143.52499459764084,145.82885660864952,7716400
2024-11-15,146.60951232910156,147.0188695791105,143.65827607550634,143.65827607550634,11328500
2024-11-18,147.34255981445312,147.87568297459592,145.0196535939596,145.26717091073542,7510600
2024-11-19,145.65748596191406,146.59998080650726,144.75307964065624,146.5618922831719,8233700
2024-11-20,145.76220703125,145.89548780936272,144.52459150505186,145.6860445113977,9061300
2024-11-21,148.0375213623047,148.5706445169231,145.47661271996174,146.24773832050025,10141100
2024-11-22,147.7233428955078,149.57975889879177,146.71421494123626,148.4183059066828,8266000
2024-11-25,148.3040771484375,149.50360419948817,147.6947914917349,147.72335062200878,12256200
2024-11-26,148.28489685058594,148.98543618637723,146.97977424738485,148.89907133191147,5683500
2024-11-27,149.12937927246094,150.3097575356133,148.36167214455432,148.39046042969707,4140400
2024-11-29,148.75511169433594,149.3884832313656,147.94901045252058,148.63995855781212,5687800
2024-12-02,148.55357360839844,148.74550035766484,147.7186695523275,148.50558826031374,6946500
2024-12-03,146.21202087402344,148.55356515379762,146.16403552866973,148.55356515379762,8674400
2024-12-04,144.3983154296875,145.4443288126812,143.7073673168849,145.1852196096116,10333100
2024-12-05,143.48666381835938,144.31196220610045,142.93965708369436,143.94729104965708,7898100
2024-12-06,143.2851104736328,143.9952556117539,142.39264442669784,143.36188410827347,8389600
2024-12-09,143.5634307861328,144.8013709886229,142.4502349394584,143.26592743161854,8410300
2024-12-10,143.20835876464844,144.74380240639618,142.34468086808772,143.88010986675965,9398700
2024-12-11,140.7228546142578,142.50780139932587,140.46374542074378,142.50780139932587,13446700
2024-12-12,140.33901977539062,141.80728099584104,140.11829004928043,141.2602742525365,6176300
2024-12-13,140.7036590576172,141.00114775114912,139.18741266319162,139.78240469332957,8324900
2024-12-16,138.0454559326172,141.30825529093318,137.7287701398216,140.80923392261204,8732400
2024-12-17,140.5021514892578,140.74206363319422,137.91110326335962,138.0358476209154,10343000
2024-12-18,138.90911865234375,140.81882441516754,138.83234501612696,139.80158471760046,9336100
2024-12-19,137.78631591796875,139.3601386727091,137.58478331556742,138.3237166669427,9516700
2024-12-20,138.64041137695312,139.60005981749794,136.98981488777022,137.27771234854828,17702800
2024-12-23,139.4081573486328,139.465733922206,137.66158985384234,138.79398282539262,8720800
2024-12-24,139.96475219726562,139.96475219726562,138.50608224573483,139.14904504151625,3164100
2024-12-26,139.70562744140625,140.46374329746843,139.2353944148147,139.6384450191473,4656300
2024-12-27,139.19700622558594,140.68446420494374,138.84192635295773,139.02426189561788,5588300
2024-12-30,137.55601501464844,139.03388193204813,137.1817526784633,138.99548779121798,6268700
2024-12-31,138.78436279296875,138.83234814707063,137.52722558809984,137.95906448886848,5811400
2025-01-02,138.20858764648438,139.8879726013951,137.97826672401828,139.36975418661507,6051300
2025-01-03,138.3717041015625,138.7363751766119,137.82469748898845,138.25655098020897,5878800
2025-01-06,137.86309814453125,138.9762938471677,137.16254424164083,137.7191420929591,7910500
2025-01-07,140.32937622070312,141.24103923823333,137.79590512450838,137.9590435892814,8422000
2025-01-08,136.52920532226562,139.71523094085825,135.7326952568487,139.61927487028785,11175600
2025-01-10,136.3276824951172,137.8727173803559,135.00336269546227,135.31045728677546,8821500
2025-01-13,138.64041137695312,139.21620629850926,136.5675672310388,137.21052992903506,10376400
2025-01-14,138.90911865234375,138.9666952187379,137.0953835955594,138.66920653031897,8681700
2025-01-15,139.12025451660156,140.15667673050484,138.43889758820282,139.4465315164206,7434600
2025-01-16,141.80728149414062,142.0951790104138,138.24697865048316,138.49649666468872,8964000
2025-01-17,141.09713745117188,142.39266896398644,140.69408678215927,141.4905969053542,10773100
2025-01-21,142.1719207763672,142.8532776608308,141.11631620212424,141.60573167029443,11111700
2025-01-22,139.4081573486328,139.6000841415687,136.37566423378877,138.18939951672274,16834700
2025-01-23,140.7228546142578,141.94161230204338,138.96669611257198,139.57127934974673,10506400
2025-01-24,140.89559936523438,141.67291230495127,140.4733516836415,140.88599350869654,9887300
2025-01-27,146.7206573486328,147.25805816123344,142.02797680871643,142.4598157014795,15152300
2025-01-28,144.31195068359375,146.7974368629274,144.2351770439948,146.49994816140304,10320600
2025-01-29,145.05088806152344,145.7514421213144,143.94729796766853,144.42712229422742,7156400
2025-01-30,146.70147705078125,147.9202348749573,145.25241293377397,145.78022259330496,8911000
2025-01-31,146.01052856445312,146.9989654505446,145.92416370483167,146.46156457768814,8457800
2025-02-03,145.7418212890625,146.31761627900403,144.69580787897442,145.86658028693398,6687500
2025-02-04,147.2964630126953,147.95860822011167,144.85894746575843,145.25240689040908,9645000
2025-02-05,148.44801330566406,148.48639279870358,147.1236938281773,147.61312388363416,8947000
2025-02-06,147.3156280517578,148.59196224537988,147.1908837107477,148.54397689434217,7418100
2025-02-07,146.94139099121094,148.2561195487995,146.63431104933656,147.33485043702487,6204900
2025-02-10,148.01620483398438,148.14094919427032,146.14487835586453,147.4116215322487,6936200
2025-02-11,149.8299102783203,150.0794135923138,147.72827792679706,147.8914163986089,7554500
2025-02-12,148.99501037597656,149.37887853486555,148.0449677992565,149.00461623186942,7746000
2025-02-13,150.9047393798828,151.7492348170456,148.54399742739386,148.99503343196258,10704700
2025-02-14,149.84910583496094,151.11584887025626,149.76274098521094,150.9431045276824,6411800
2025-02-18,149.926513671875,150.37147730007334,148.23368581442097,149.10427709413946,9670700
2025-02-19,152.7317352294922,153.12834407746536,149.6943195777445,149.9361520811011,7974700
2025-02-20,154.46327209472656,154.72445536950636,151.82246490395653,151.82246490395653,7224000
2025-02-21,156.99766540527344,158.16812646525884,154.07632460813792,154.65672852501785,12546900
2025-02-24,158.39065551757812,159.48372862905183,156.7558650843274,157.3652730858589,10201900
2025-02-25,160.6638641357422,160.99275285054702,158.58411017768495,158.73888654710618,12303700
2025-02-26,157.752197265625,159.73522695770862,157.24918147186014,159.68685749979707,11396400
2025-02-27,158.38096618652344,158.59378000687653,156.44630582715857,157.00735910260886,8364600
2025-02-28,159.6288299560547,160.5187719477418,157.38461686027114,158.9420190357954,12037200
2025-03-03,161.8149871826172,161.86335664243504,159.4546992422602,159.57078889788036,9191500
2025-03-04,160.01576232910156,164.43646849479492,159.91903816381347,162.58886424242598,11999700
2025-03-05,159.72555541992188,161.02178908560785,158.1875039682792,159.13548341667513,8744800
2025-03-06,160.412353515625,160.4510402254034,158.16814058104055,159.60946775507725,8037900
2025-03-07,161.24427795410156,162.9564565893437,159.31928548802532,159.73524516112388,9637600
2025-03-10,162.2212677001953,164.34939113713583,161.59250898937893,162.00845388047253,17559000
2025-03-11,160.4413604736328,161.83431808809306,159.65782550557014,161.73757918031137,9890300
2025-03-12,157.5297393798828,158.84530912919544,156.92998457926998,158.3809799751168,8010700
2025-03-13,157.6651611328125,159.16451119659638,157.34594038237486,158.09077403977457,5286700
2025-03-14,157.4910125732422,157.81990126760087,155.83688635378243,156.82355243685853,6235800
2025-03-17,157.52003479003906,158.15847621815908,156.44629775557772,157.10408991917342,6669800
2025-03-18,158.88397216796875,159.4740441314241,157.6457907955192,158.10043713262183,7348800
2025-03-19,157.6651611328125,158.990398838333,156.91064472642833,158.6131406351409,5936400
2025-03-20,157.6941680908203,157.86828043609006,156.63976699007893,157.67481735458355,7485900
2025-03-21,158.28424072265625,158.76790580851875,157.17180216900024,157.67481799117763,17047100
2025-03-24,157.955322265625,159.01939125771872,157.19113799696544,157.52002668169055,8046400
2025-03-25,155.75950622558594,158.8259410562263,155.31452785823248,158.17783162138625,7456200
2025-03-26,156.4366455078125,157.1814939155619,155.39192709130742,155.94331240569394,7223500
2025-03-27,157.80059814453125,158.7098909972948,156.04973264562187,157.04608168378897,6752500
2025-03-28,158.36163330078125,159.14516839996884,157.58776618987577,158.24554363995858,5760300
2025-03-31,160.42202758789062,161.18622666764645,158.86462546515958,159.0000510949498,12481400
2025-04-01,148.24334716796875,156.52369098418785,148.1272722719447,155.47897263911065,23303100
2025-04-02,150.28440856933594,150.70035343748125,148.436804491081,148.97850699856625,10356900
2025-04-03,154.59872436523438,155.40159546667434,152.33516041036202,153.5636739347204,13249300
2025-04-04,148.23370361328125,154.59873889281158,147.93381881531124,153.96029733887175,16601700
2025-04-07,145.69927978515625,147.72101125674428,142.58447515115827,146.33772130249983,18083000
2025-04-08,145.0995330810547,148.57224503032552,143.16487263997396,148.57224503032552,12018400
2025-04-09,146.037841796875,148.18531602643375,136.87722360185043,137.55435179128617,18773700
2025-04-10,143.8323211669922,146.26031450956327,140.38862822332476,145.45742872051707,13830500
2025-04-11,146.77297973632812,147.37273438545452,143.34863796157904,144.45139359347635,9943900
2025-04-14,149.31707763671875,149.61694761171685,146.2312921979952,146.63756907640746,10685300
2025-04-15,148.60125732421875,151.1937098784076,147.13092608004487,150.61330586708985,10847700
2025-04-16,148.88177490234375,150.5455838067647,147.26633545357288,150.29406854149855,7986900
2025-04-17,152.3254852294922,154.23112687247226,149.12362468264067,149.12362468264067,10981100
2025-04-21,151.79345703125,153.06065726348143,150.41018189539062,152.79948873031853,6285400
2025-04-22,152.59632873535156,153.53464014675,151.15500152107364,152.40286566048607,7136300
2025-04-23,150.3037567138672,151.9675656783417,149.28805714969707,151.377493722798,9099400
2025-04-24,149.86843872070312,150.8067500572832,148.42712638163798,150.7100259077062,8310400
2025-04-25,149.52989196777344,149.83942993133576,147.4694740854792,149.27839144986115,8643600
2025-04-28,150.27474975585938,150.71971337404963,148.7947357574537,150.41984337911984,5815200
2025-04-29,150.8164520263672,151.89018911743372,149.249367096524,150.37147364868648,5246700
2025-04-30,151.20338439941406,153.03163792568353,149.95553490953938,153.03163792568353,9598200
2025-05-01,149.41383361816406,150.0232416252437,148.34976446248862,149.9361854471306,7325800
2025-05-02,151.01959228515625,151.59999633303954,149.97487385513918,150.97123758140603,5974500
2025-05-05,149.93618774414062,151.6677023854978,149.6750044455121,151.55162747956874,5464100
2025-05-06,149.42349243164062,150.80676748879304,148.66897608041438,149.76206389500825,8644200
2025-05-07,152.16102600097656,152.7801166677254,149.4524987988433,149.68466333398126,7853100
2025-05-08,150.57461547851562,151.89985306765084,149.72336021877442,150.72939184579346,7606100
2025-05-09,149.18165588378906,150.96153980503095,148.78504698255867,150.34244910371697,6520400
2025-05-12,149.10426330566406,150.28440722654932,146.2409596713147,147.05352818556858,9023800
2025-05-13,143.59048461914062,146.74397548004978,143.24224518736096,146.74397548004978,10549600
2025-05-14,141.57843017578125,143.958068651586,141.3462656443927,143.81296028436105,10216000
2025-05-15,144.72225952148438,144.7609462316723,142.51674803361635,143.16485744133942,7945800
2025-05-16,146.38607788085938,146.55052224019147,144.34501061106303,144.78030623991705,8051200
2025-05-19,147.5081787109375,147.6726230638918,146.1152209443994,146.9277747214511,12639900
2025-05-20,148.6399383544922,149.007513734839,147.15024181845712,147.35338762256558,7351500
2025-05-21,148.17562866210938,149.3847913771101,148.00151631608705,148.1853114104131,7032200
2025-05-22,147.62425231933594,148.31106320890513,146.42475763964194,147.66293903016444,7535300
2025-05-23,147.9434814453125,148.46583325276845,147.23733454032794,148.0015188949979,6727300
2025-05-27,149.51422119140625,150.2849567928587,148.22639171638167,148.80202058666853,6990700
2025-05-28,148.71420288085938,149.894713230394,148.22639139353228,149.5434883640455,8459300
2025-05-29,149.836181640625,150.28495988254767,147.8654190187034,148.05078976999448,6810600
2025-05-30,151.42645263671875,151.9142641375451,149.48495750417268,150.14837399962022,15529700
2025-06-02,151.61180114746094,151.74838776559352,148.58737892114664,150.7142298159004,6669300
2025-06-03,150.6557159423828,151.86549393461368,150.32400766424476,151.02645748078825,8209800
2025-06-04,149.48495483398438,151.1532618003879,149.39715233824217,151.1532618003879,6983900
2025-06-05,149.91421508789062,150.33372577998352,148.9190755834785,149.93371682694817,5295400
2025-06-06,151.25083923339844,152.22646227683742,150.2459486896024,150.2459486896024,5391500
2025-06-09,151.44593811035156,152.18742103952803,150.68495344175128,151.07521153258733,5319000
2025-06-10,152.63623046875,153.60210269353445,151.24109658644394,151.64109074201698,6791600
2025-06-11,151.4752197265625,152.7825658442017,150.95814073397457,152.48987597049666,6016000
2025-06-12,152.84109497070312,152.86059671119577,151.38741141546242,152.43133511798572,7075500
2025-06-13,153.27037048339844,153.82646782042488,152.16791179270558,152.16791179270558,6587500
2025-06-16,151.4362030029297,152.68499924993841,150.68496912584888,152.6069476236472,7024000
2025-06-17,148.6654510498047,151.49475205287322,148.39227777585987,151.19231127720766,6407100
2025-06-18,147.05564880371094,148.92884315413448,147.03614706246643,148.8508064155057,8325200
2025-06-20,146.13856506347656,147.7093187152152,145.40684780124104,147.57273208840428,22605500
2025-06-23,147.63128662109375,147.73859086491296,146.08980042037933,146.08980042037933,7397900
2025-06-24,148.48007202148438,148.99715103888957,147.29956159938453,147.8068897457009,9544200
2025-06-25,148.56788635253906,149.338636947892,147.05566755108376,147.68983150618556,7153700
2025-06-26,148.304443359375,149.4849537116276,147.83614849877387,148.97762559532833,7156900
2025-06-27,148.6947021484375,149.59227350478832,147.32882104256214,148.30444402383372,10010800
2025-06-30,149.0264129638672,149.24105121440112,147.82640084448238,148.4507989678105,9039300
2025-07-01,152.119140625,153.90453255131712,149.08495241472764,149.27032317180044,10896700
2025-07-02,151.76791381835938,152.4898802086541,151.28986806861928,152.1971903268143,5544000
2025-07-03,152.20693969726562,152.47036207700722,151.10449582432045,151.64107656777378,3482500
2025-07-07,151.4849853515625,152.53865996388424,151.11424385273855,152.2167025917727,6270900
2025-07-08,151.99229431152344,152.93864977319205,150.450823135907,150.71423061646016,6438200
2025-07-09,152.47036743164062,152.8703764506989,151.28987189039452,151.99230678299833,6147400
2025-07-10,153.8459930419922,155.3582116672941,152.0215827982655,152.29475604694676,6732900
2025-07-11,153.07525634765625,153.3484296209846,151.39718344759532,153.26062711602052,7872000
2025-07-14,152.9971923828125,153.63134132161767,151.7288796183779,153.04596161900963,10185600
2025-07-15,151.38742065429688,153.3581833025349,151.02644490443114,152.54841441792806,6873200
2025-07-16,160.76316833496094,162.07049967633978,155.9045696131218,156.39238114827748,22134800
2025-07-17,159.0070343017578,160.68510707307274,158.34361779938138,159.20215592676115,11295700
2025-07-18,159.70947265625,161.0753537073861,159.37776442874932,159.93386176463872,9792600
2025-07-21,160.3533935546875,160.899740041481,158.81190746019132,159.77777956944612,8254000
2025-07-22,163.83636474609375,163.96320050104055,160.69487235317746,160.97779647556757,9288000
2025-07-23,164.97787475585938,164.99737649965016,162.52905120882903,164.49006319819784,10617600
2025-07-24,165.42662048339844,165.84614608154214,164.7632040412681,165.3680854898957,6636900
2025-07-25,164.19735717773438,165.73884333513735,163.3583207853967,165.61200757880374,6254900
2025-07-28,162.16806030273438,163.84613309560726,161.0265831506335,163.76808146723806,8014600
2025-07-29,164.01199340820312,164.6656590727656,162.31440392251557,162.60709381823088,7663400
2025-07-30,163.1826934814453,164.499790452766,162.71439862163524,163.61196997244835,6189200
2025-07-31,160.72415161132812,162.99735517489512,160.22657431279532,161.88513057197554,11036200
2025-08-01,163.25099182128906,163.53391592972537,160.77290116417123,161.44608338903257,8927800
2025-08-04,166.87054443359375,167.01689680960575,162.57780936675738,162.9583017254687,12679100
2025-08-05,166.57786560058594,167.37786866767124,165.51442528541003,166.3827291037521,7934400
2025-08-06,166.4315185546875,167.9827555011224,165.54369808088197,165.76810208205814,8957200
2025-08-07,167.34860229492188,167.43640478699228,165.77784876053298,166.99737743981552,9315900
2025-08-08,169.104736328125,169.71938358173364,166.23640232705208,166.8510495806607,7686800
2025-08-11,169.5828094482422,170.34379425313082,168.8315755148118,169.17303465776985,7256800
2025-08-12,168.56813049316406,170.49985974732417,167.62177504979545,169.75839167169318,7916700
2025-08-13,170.16815185546875,170.28522184479246,168.49007920331394,168.78276906344786,5878700
2025-08-14,170.46084594726562,171.4364689140486,168.5096000136997,170.0608369580466,8241700
2025-08-15,172.3340606689453,172.94870797460365,170.6950210362921,171.29015171199217,9477600
2025-08-18,171.95355224609375,173.24138174050665,171.80721475210385,172.19745799396054,9284000
2025-08-19,173.46578979492188,173.83651644910486,171.69014861095494,171.7486836149403,9274200
2025-08-20,174.48040771484375,176.20726453345222,173.6608879960152,174.14869947915005,9030000
2025-08-21,174.56822204589844,175.69019746528133,173.81700302944694,174.19749541661915,8859600
2025-08-22,174.91944885253906,176.74387406623362,173.14382265519245,175.6511661348864,9524000
2025-08-25,174.06089782714844,175.8657913913847,173.94381294758855,175.14383992042025,6229100
2025-08-26,173.4515838623047,174.11004745781355,172.74397805899144,173.70710234835255,9145000
2025-08-27,173.7464141845703,174.63092897274024,173.12727032855804,173.92332314064308,5951100
2025-08-28,172.42947387695312,173.45157777748108,171.62359868239827,173.33363348366888,6424700
2025-08-29,174.119873046875,174.3557466509399,172.42948304131824,172.94053501874384,6942300
2025-09-02,174.99453735351562,176.1149106462827,173.84468173694643,174.4146983239466,9049000
2025-09-03,174.93557739257812,175.22057819566584,173.4908835031877,174.6112568259705,7111700
2025-09-04,175.6824951171875,175.82008430293442,174.493334653824,174.93558453686083,7854800
2025-09-05,175.35816955566406,176.41957824245722,173.5203679848044,174.93557956719528,9733800
2025-09-08,175.06333923339844,176.36060646744886,173.65795015074036,174.30659126581332,8382500
2025-09-09,173.9134979248047,175.02403386895398,173.41226838733596,174.935586890376,6005700
2025-09-10,172.76361083984375,173.56950100229776,171.3287544475117,173.2648403297928,6891600
2025-09-11,175.42697143554688,175.7709518877805,172.60638571317708,172.7243150128704,5792500
2025-09-12,174.99453735351562,175.72180299819078,173.6776102367026,174.65057191045906,7220200
2025-09-15,174.3459014892578,175.90853967831688,173.8839917409838,174.69970438163585,4768100
2025-09-16,173.42210388183594,174.5621221393924,172.6260360952719,174.51299492702006,7959300
2025-09-17,174.14935302734375,175.43679789881932,173.5498540800044,173.66779837849663,6714900
2025-09-18,171.1616973876953,173.9724607587581,170.87668157601635,173.5596932002785,8200900
2025-09-19,173.15675354003906,174.11005542992743,170.34599008042846,171.6825772149866,25621000
2025-09-22,171.21083068847656,173.5989889374499,171.12236871932896,173.0584546641959,7193900
2025-09-23,173.54002380371094,173.92330901529326,171.82015157295257,171.87911622148897,8350400
2025-09-24,173.64813232421875,173.9036508023601,172.71449038921074,173.1075980472891,6676800
2025-09-25,174.67022705078125,175.32869064784728,172.8815676520236,174.14935263823506,8475000
2025-09-26,176.61614990234375,176.81270373725064,174.26729633437998,175.52525887309972,8634400
2025-09-29,178.49325561523438,178.73895165698912,176.70459622922994,176.73407855455278,8597100
2025-09-30,182.22784423828125,182.78803842940496,177.95274197359174,178.57188582113764,11569000
2025-10-01,182.84698486328125,183.34819935584886,180.7438274884457,182.79784265904632,13063800
2025-10-02,182.7781982421875,183.3776971939459,180.92073673527972,181.019021152065,7728100
2025-10-03,185.39239501953125,186.51276831178924,183.6921826979677,183.8395943169113,8675100
2025-10-06,184.92066955566406,186.6503642638064,184.14426167812178,184.7634204923522,5806100
2025-10-07,185.63809204101562,185.97223504313797,179.7905295194919,180.60624213956396,8776800
2025-10-08,186.42431640625,186.9451907741919,185.02876479817024,185.6184262544334,5751200
2025-10-09,187.7904052734375,188.7928493485398,186.46364061532867,186.72899654616978,7484800
2025-10-10,187.4365997314453,188.76336437091723,186.5815822948636,188.7043847234836,9598000
2025-10-13,187.61349487304688,188.0066175446105,186.0213892924798,186.56192359331942,7979500
2025-10-14,187.56436157226562,191.05323331805099,182.6799231328508,189.59871697072126,13613300
2025-10-15,187.87884521484375,190.23753618579482,186.04104364273672,188.18350590368544,9473000
2025-10-16,188.81248474121094,189.72648179210694,187.1515771402817,188.04591430941218,10611800
2025-10-17,189.89356994628906,190.26703275209798,188.3800738356614,189.18596410164966,7764400
2025-10-20,190.38494873046875,191.13185929369217,189.0188793475138,190.16873501551794,8034700
2025-10-21,188.57662963867188,190.21787738824742,188.46852278110242,189.68716554341688,6716000
2025-10-22,189.61839294433594,190.119607506236,188.47835963120522,188.6945733628713,6343100
2025-10-23,189.15647888183594,190.66013752967604,188.2424817647799,189.244925862039,8882500
2025-10-24,187.12208557128906,188.99920679061546,186.15896135770447,188.89109994038998,6903400
2025-10-27,187.02381896972656,187.51521102429962,186.26707100677734,186.71915829526654,7126000
2025-10-28,183.71185302734375,186.24743819702317,183.40719230860083,186.00174213402437,8329500
2025-10-29,183.3875274658203,183.87891953834813,181.48092382503702,183.4857968826683,10551100
2025-10-30,185.79534912109375,186.1196696946016,183.6921916109095,183.85926311918394,7072500
2025-10-31,185.61843872070312,186.23759753765293,183.54476355197036,184.23272445795735,8791700
2025-11-03,183.05337524414062,185.77569161087956,182.32612455131903,185.7462092852839,7542600
2025-11-04,183.64305114746094,184.58653055172488,182.4243933744734,183.6135688219617,7209400
2025-11-05,182.7978515625,184.59634835321097,182.2081750751503,183.42683281749487,5049400
2025-11-06,183.75115966796875,184.29169396716964,182.17869897867467,183.5447683915115,6767400
2025-11-07,183.35804748535156,185.10740208622806,182.50301507087647,184.50790315023582,6959200
2025-11-10,185.1663818359375,185.17620427972008,181.93301329588363,182.79786822386598,5323800
2025-11-11,190.49305725097656,190.58150422711145,185.79535012348111,186.1294931418327,7465600
2025-11-12,191.04339599609375,192.18342912368828,189.74612881332007,190.03112959717126,8803000
2025-11-13,191.88861083984375,192.62569897367158,190.11959631943768,190.86652189255162,8631600
2025-11-14,192.55690002441406,193.78538026750178,190.2178838389208,191.64291792168322,8824800
2025-11-17,196.14407348632812,196.83201943079428,192.5274198129824,193.56918366728473,13257000
2025-11-18,196.55682373046875,196.85166196528357,195.11212987636216,195.5838620544085,12468600
2025-11-19,199.02362060546875,199.97692246795802,195.94751629294967,196.55683769104098,14690800
2025-11-20,199.573974609375,200.98917111824514,198.09979845771855,198.52238842306767,10612600
2025-11-21,200.3896942138672,203.37736660699983,199.49537198072332,200.4486738631278,13189100
2025-11-24,202.50267028808594,202.5714573782998,199.50517573229783,200.20295905358444,14803900
2025-11-25,204.401611328125,205.44008966354016,202.92795996900742,202.92795996900742,10275300
2025-11-26,205.28182983398438,205.52908584700302,203.6796156988426,204.22358194574548,6729000
2025-11-28,204.64886474609375,205.18294621066644,202.38400619964904,204.72798848496785,5638300
2025-12-01,203.08619689941406,205.42029428513683,203.08619689941406,204.23346843115957,8473700
2025-12-02,203.1653289794922,203.3532459732576,200.870800913071,202.98731188517345,8393600
2025-12-03,203.07630920410156,204.7477622566812,202.74004465032948,203.64004506291835,8363300
2025-12-04,200.25759887695312,202.61148110336723,199.49606117301593,202.34444036635384,9049900
2025-12-05,199.713623046875,201.21694385760424,198.6059209186059,200.7521013377821,7785300
2025-12-08,199.4070281982422,201.02902706966685,198.78395329612633,200.4356216823513,7785700
2025-12-09,197.7652587890625,203.28399979452115,197.7158045675227,200.69276157197945,7509400
2025-12-10,204.2730255126953,204.53018143025886,197.98283180120782,198.38833529328133,11599800
2025-12-11,207.70494079589844,208.9214512752855,205.54887555375637,205.61809939160463,9009000
2025-12-12,209.25772094726562,209.9401499910654,206.66648263376283,207.97198659864534,6922700
2025-12-15,211.81927490234375,212.82808363950187,206.71590728061338,208.04121095151095,8467000
2025-12-16,207.0027313232422,212.37312453185555,206.5181041184195,211.65114121961685,9949800
2025-12-17,208.02142333984375,209.19836433487143,206.1719532569767,207.0917383491056,8457600
2025-12-18,206.02359008789062,208.74340612832017,205.47962386154296,207.49724130266728,7499900
2025-12-19,204.1049041748047,206.9434136802042,203.76863959367918,205.2818453000544,24803900
2025-12-22,205.04446411132812,205.79611692281017,203.24443317707525,203.86752312990257,8187800
2025-12-23,203.52137756347656,204.263145636555,201.0488173198817,202.76972468229533,7047300
2025-12-24,205.49942016601562,205.65766763921368,203.31368542129266,203.73895852778904,2376500
2025-12-26,205.35107421875,205.75656262148146,204.44117387761756,205.25216577439025,2316700
2025-12-29,205.28182983398438,207.17086939536102,205.10381274843945,205.71700283150668,4348900
2025-12-30,204.6389617919922,205.41039931347132,204.25324303125262,205.23236714396373,3937400
2025-12-31,204.67852783203125,205.2224940876339,204.1048920616966,204.6389735094918,4083800
