Price,Close,High,Low,Open,Volume
Ticker,JPM,JPM,JPM,JPM,JPM
Date,,,,,
2021-01-04,109.00053405761719,110.72382654344567,108.05661563411313,110.41207427576366,16819900
2021-01-05,109.59364318847656,110.1605833749792,107.95387731647128,109.01797900248445,13731200
2021-01-06,114.73970031738281,115.80380196088672,111.53867138773018,113.28310522053609,24909100
2021-01-07,118.50765228271484,120.53119413266289,117.67905206148995,118.3506602300065,21940400
2021-01-08,118.63848876953125,118.92632083318186,116.98127506750556,118.59487543099225,12035100
2021-01-11,120.40906524658203,120.5398919359636,116.97254224367336,117.38248361562971,15937900
2021-01-12,122.30177307128906,123.5577625897442,121.08939688784832,121.62144763361275,18033500
2021-01-13,122.41516876220703,122.79893151868006,120.45268840782914,120.88006450062824,14816800
2021-01-14,123.13036346435547,124.50846222652508,122.10987538853598,122.53726474360714,18565600
2021-01-15,120.92369842529297,123.54905668848403,119.50198593431837,119.86831406576894,27881000
2021-01-19,120.40032958984375,122.72042038385231,120.20845488970022,121.98776433592963,19843800
2021-01-20,118.59490203857422,120.51376958450035,118.132629825976,120.20850276408332,16028800
2021-01-21,117.60055541992188,118.76060104713716,117.1557312973192,118.3506596108685,13411700
2021-01-22,116.69345092773438,117.22550175262464,115.30663450691206,115.73402395933972,12933200
2021-01-25,115.23686218261719,116.15268916898226,113.44010420858275,115.25431018196504,14212800
2021-01-26,114.765869140625,116.15268559532247,114.55653308166322,115.78635747383201,11307800
2021-01-27,111.52123260498047,113.25694247850578,111.07640180103795,113.03015842240211,17603900
2021-01-28,113.48368835449219,115.28044586624235,112.50681358513378,113.3005176807772,13761800
2021-01-29,112.22770690917969,114.88796068578534,111.80904816514845,114.42568860595634,14808100
2021-02-01,113.05631256103516,113.44881929341398,112.06198967744794,112.86442452131463,11080700
2021-02-02,116.53645324707031,117.21677875310328,114.45186338957492,115.07985821190114,12253600
2021-02-03,117.87092590332031,118.41169398714808,116.449213711284,116.5713230627587,10600800
2021-02-04,120.58349609375,120.94110676274377,118.15874403628906,118.15874403628906,12419500
2021-02-05,120.3480224609375,121.6650734452593,119.82470231386276,121.57784676628552,10051300
2021-02-08,122.23200988769531,122.37156725385914,120.52246542449575,120.53991342249697,10136400
2021-02-09,121.74356079101562,122.09244086419132,120.83645130648415,121.61272078188348,8614800
2021-02-10,121.8133316040039,122.86870240803196,121.27255022389252,122.10988097795222,10323200
2021-02-11,121.47319030761719,122.58962263720096,120.55736337707276,121.81335307508532,9201000
2021-02-12,123.2001724243164,123.51416985630345,121.23769180162817,121.28130514391705,8324600
2021-02-16,126.16566467285156,126.75005937051286,124.20318449661967,125.20623790537935,12130600
2021-02-17,126.5582046508789,126.80242340568012,124.83121205902516,125.5551509782302,10810100
2021-02-18,126.98558044433594,127.16002051026388,125.07543044645378,125.59876395316152,10587800
2021-02-19,129.10504150390625,129.82024962837912,127.22105721532382,127.22105721532382,11969800
2021-02-22,130.31741333007812,130.99773874890658,128.03220506606266,128.10198373836826,11488400
2021-02-23,131.3640899658203,132.84685041429984,130.47442837316328,132.14907687709675,16234400
2021-02-24,133.67543029785156,134.11153702853494,130.9279632181149,130.9279632181149,15061400
2021-02-25,131.86122131347656,135.10585637111618,131.34661857863202,134.55637095463845,18127700
2021-02-26,128.36366271972656,131.59085009648362,127.78799859979135,131.09369530848298,19829200
2021-03-01,131.2681427001953,132.03569490307837,129.50626755672417,130.41337712539013,14845500
2021-03-02,130.8407440185547,132.38456565981377,130.69246931872738,130.90180535261874,14221700
2021-03-03,133.37017822265625,135.1756533653807,131.54725508228984,131.90485252595272,14324100
2021-03-04,131.32044982910156,134.6523114676596,129.6283536720471,133.10848999430613,20093900
2021-03-05,131.6257781982422,133.87609123597707,129.06146768294138,133.64058980057126,18465100
2021-03-08,133.37017822265625,135.5943254552518,131.4861937450043,132.98640212806907,17133300
2021-03-09,132.42819213867188,134.53894744807985,130.67504759847006,132.14036005435398,16238800
2021-03-10,135.3064727783203,136.20485154068749,132.14905113210608,132.49794448719862,14342200
2021-03-11,134.59999084472656,136.1961298039182,133.76266004661483,134.41682015769786,11771500
2021-03-12,136.1961212158203,137.48700666938183,135.2541424271099,136.81539860452136,12849500
2021-03-15,135.51580810546875,136.86774170092568,134.2859971773602,136.3705869233758,12101100
2021-03-16,133.8934783935547,134.844201143807,132.7421635905019,134.39936377830782,12805600
2021-03-17,135.27159118652344,136.83286083528608,133.49228146738594,135.4896445658204,13952400
2021-03-18,137.5044403076172,141.02818997659742,137.03345091685122,137.46084028376376,21898500
2021-03-19,135.3152313232422,136.0130049369704,131.86998990980723,135.63794612966004,54418800
2021-03-22,131.67808532714844,134.29472606893358,131.3640879057773,133.27423777670813,19944800
2021-03-23,130.3610382080078,132.68111605024924,129.92493144916907,131.1198597095322,17076300
2021-03-24,131.3728485107422,133.60571388290836,130.70997076242017,130.83208017155653,13079800
2021-03-25,133.05616760253906,133.4224956631225,130.24763916247807,130.8320205907127,15608300
2021-03-26,135.27159118652344,135.58558858506797,133.056174708792,134.58254836387076,16754400
2021-03-29,133.1695556640625,134.0853825343547,131.7391260040835,132.68111821561928,17570300
2021-03-30,134.73956298828125,135.951939447985,134.21624277562398,134.7221282974397,13184300
2021-03-31,132.77708435058594,134.748295778724,132.68114031373918,133.69291137340966,16736700
2021-04-01,134.06796264648438,134.13772802488742,132.18397801543156,132.48924479994716,16561500
2021-04-05,134.7786102294922,135.9367195792239,133.88372215449144,135.46294270440302,13508000
2021-04-06,133.83106994628906,135.35766498439006,133.2344778959358,134.0504076213853,13071600
2021-04-07,135.92791748046875,136.19112532911663,133.9275592504365,134.32237771706198,16903500
2021-04-08,136.0946044921875,136.43677064972445,133.62925174335638,135.1119762217852,12335500
2021-04-09,137.1123504638672,137.7791320993026,135.96302332179076,136.69999461158375,12122400
2021-04-12,136.8228302001953,137.96338871440565,136.48944605897694,136.49821474598244,12273400
2021-04-13,135.19091796875,136.16477743416425,133.7345131128504,135.76997243733243,16113600
2021-04-14,132.66421508789062,134.9628698086295,132.4185445573248,132.89232146739647,19939600
2021-04-15,133.50640869140625,133.53272813240804,131.00596808510227,132.6992479303067,17694100
2021-04-16,134.4978790283203,135.55946598925112,133.96269450995754,134.9979620181255,13773400
2021-04-19,133.9275665283203,135.00671742768907,133.55031218835987,134.6031302528563,11900200
2021-04-20,130.96212768554688,133.1379534230256,130.41816121069638,133.12918473646477,13716700
2021-04-21,132.0763397216797,132.13776068321081,128.78627531324767,129.66362582216289,12236700
2021-04-22,129.295166015625,131.86581048111555,129.19865690489377,131.80438950732793,15256100
2021-04-23,131.76930236816406,132.5940141593287,128.698574950948,129.1284682214804,14041900
2021-04-26,132.09390258789062,133.7608767400064,131.93598590771848,132.28692078852833,10799100
2021-04-27,132.69924926757812,132.98000782416625,131.69907033751633,132.0412364612926,12821200
2021-04-28,133.55909729003906,134.13815198223796,132.83089458087557,133.73456475780276,8943700
2021-04-29,136.156005859375,136.23496417960433,134.4100738062472,134.70836971864966,12976900
2021-04-30,134.94525146484375,135.54185664776577,134.24336852676637,135.1996905562073,11705100
2021-05-03,134.5504913330078,136.41047035952002,134.3487044392825,135.85774857346306,11801100
2021-05-04,136.41046142578125,136.55084072844346,133.4801137660702,134.12057592691917,12977700
2021-05-05,138.20022583007812,138.86700725228195,135.66468394672873,136.86664959836702,10506700
2021-05-06,140.9814453125,141.09550515441998,137.88439930904312,138.68279142787222,13542400
2021-05-07,141.46400451660156,141.6921108353581,137.76158420273646,137.93705163157279,14257800
2021-05-10,141.44647216796875,143.64861746920158,141.35873174847708,141.69212927777525,14014300
2021-05-11,139.0951385498047,142.47294323672426,138.65646331188296,141.3236162553383,15451700
2021-05-12,138.13880920410156,141.06038746072474,137.77032366551447,140.0338891630956,14381700
2021-05-13,141.69210815429688,142.5255884659785,138.34062276152034,138.77929801896397,15395000
2021-05-14,143.89425659179688,144.28029296961097,142.12201814791476,142.4729530073966,10584000
2021-05-17,144.47329711914062,144.63122716167513,143.0344429153967,143.3327388556997,9886800
2021-05-18,142.4378662109375,145.20151507034456,142.34135711557974,144.48208119816726,11098100
2021-05-19,141.3499298095703,141.4113373789219,139.18287315353857,141.25342072575614,13278900
2021-05-20,141.1042938232422,142.00796383963726,139.95496671815567,141.1042938232422,10426000
2021-05-21,142.70986938476562,143.2011836393055,141.20082509593067,141.5517600242279,10249000
2021-05-24,143.48193359375,144.0873077440605,142.2360971540763,143.32401688704803,9440300
2021-05-25,141.99917602539062,145.37696723354674,141.74473689739398,143.75387692956693,12609100
2021-05-26,141.981689453125,143.6574327871148,141.52546326334885,143.50828474931157,13058300
2021-05-27,144.19259643554688,144.54353136922816,142.63091322223892,143.84164811455602,15707500
2021-05-28,144.0960693359375,144.71021208688285,143.2362560973061,144.48209235988318,10291300
2021-06-01,145.6840362548828,146.43855813260075,145.18394010215255,145.52610622185574,9445400
2021-06-02,145.6928253173828,146.90357331981969,145.22783061242217,146.74564326470306,10498600
2021-06-03,145.78936767578125,146.7369080607674,144.4645729067418,145.12258594737304,13354400
2021-06-04,146.0262451171875,146.2280320193317,144.78917748104757,145.8244582150433,8510800
2021-06-07,145.34188842773438,146.6052753017406,144.88566241494183,146.51753489598215,7267200
2021-06-08,144.76283264160156,145.42961420282356,143.148510932976,144.31538870559413,10370700
2021-06-09,142.95550537109375,144.0785130403404,142.37645077645823,144.00832338759906,12377400
2021-06-10,140.72705078125,144.9734384599637,140.64809242904062,144.20136553886854,12119400
2021-06-11,140.63052368164062,141.4289159513702,139.55138617752195,140.7533522318061,13683800
2021-06-14,138.24412536621094,140.665607938259,137.4457331944729,140.50767788611114,19917900
2021-06-15,136.14723205566406,137.67382660932466,135.22602482243778,137.48080844550648,24485500
2021-06-16,137.10357666015625,138.28799189155134,134.33114565939294,135.75244929198993,25321200
2021-06-17,133.14669799804688,138.14760621750906,132.69925409293202,137.83175952351465,29722400
2021-06-18,129.77769470214844,131.33937764569436,129.4618479614702,130.98844277263288,43595700
2021-06-21,131.97984313964844,132.65540684399085,130.74278897917915,130.79542787273434,18664800
2021-06-22,131.7868194580078,132.4536009930906,130.4269235575271,132.12898560443665,14251200
2021-06-23,132.585205078125,133.39236594261897,131.68153512182707,131.77804421363103,12733300
2021-06-24,133.8047332763672,134.33991767021917,132.67295690893988,133.2870996427108,13733200
2021-06-25,135.15586853027344,135.55067364011308,133.06776972683014,133.87493070772467,15484900
2021-06-28,135.40151977539062,135.53311701053644,133.46256905795974,134.84878461316265,14125800
2021-06-29,135.23483276367188,137.13868212552998,134.76983797603094,135.9893548810851,14528700
2021-06-30,136.4630889892578,136.9368657495864,134.8575493773277,134.89263750642692,12531000
2021-07-01,137.81422424316406,137.86686313352374,136.35781913578148,137.09479037543045,10479400
2021-07-02,137.68186950683594,137.9377749029148,136.8788764514139,137.61127537910568,11424000
2021-07-06,135.36997985839844,137.46127888466538,134.43463115406732,137.46127888466538,15083400
2021-07-07,135.52879333496094,136.13765589444844,133.7286902353244,134.13458963201415,12271800
2021-07-08,133.19041442871094,134.59343727062452,132.39624064812526,133.78162505773517,17834600
2021-07-09,137.45245361328125,137.78775890144348,134.63757494231,135.0523070422969,13694500
2021-07-12,139.42019653320312,140.44379108099128,135.8376290803964,136.1994188978054,19940400
2021-07-13,137.3465118408203,138.88190338878843,135.44934400438873,137.69948237943618,22671700
2021-07-14,136.8788604736328,138.78486130650447,134.96404042499427,137.61125931583214,14622800
2021-07-15,137.17889404296875,138.1230618149447,135.62585028427628,135.80232885745895,11539300
2021-07-16,134.04635620117188,137.90246776693053,133.26101506281606,137.6201047273012,14002700
2021-07-19,129.68727111816406,132.20213477173385,128.5754438890818,131.081474861304,22172900
2021-07-20,132.10507202148438,133.34925484973104,129.12253399160963,129.29019336693918,15385200
2021-07-21,134.88465881347656,135.58175402765613,133.5610490567557,134.16991169916005,12356700
2021-07-22,133.1815948486328,135.39644358575345,132.33449222335798,134.9022981436009,9913300
2021-07-23,132.92572021484375,134.86701190364101,132.58158220394085,133.66693847456457,9666100
2021-07-26,133.81695556640625,134.09051292267657,132.51099756784706,132.528649469903,8208000
2021-07-27,133.6404266357422,134.5581366948297,132.1844616788865,132.71389736117442,11218700
2021-07-28,133.86106872558594,134.80525018139042,133.13750236808386,134.38168534999608,9217300
2021-07-29,135.00820922851562,135.77589865864005,134.04638927005647,135.13174561341444,9063500
2021-07-30,133.931640625,135.59938816137955,133.4198433037231,134.6375684289838,9805200
2021-08-02,133.39337158203125,136.28766344718284,133.305139022218,134.15224161158034,10203200
2021-08-03,134.91110229492188,135.29054401563636,131.93739729261122,134.08163819631307,10394800
2021-08-04,133.4551544189453,135.3346709744882,133.1639586789139,133.46397363611462,10155000
2021-08-05,135.14053344726562,135.61704043868053,134.13459069972117,134.37284419542863,9151500
2021-08-06,138.97898864746094,139.2613651190781,136.8700381837061,136.94063230161038,13328800
2021-08-09,138.82899475097656,139.90553159133748,137.56714664996719,138.99665411431266,9516900
2021-08-10,140.53204345703125,141.16737716497397,137.92894717656085,138.3083889436853,8667000
2021-08-11,142.20860290527344,142.5086178165768,140.373196180818,141.18500836317205,9156500
2021-08-12,142.7645263671875,143.27632369791723,141.6703510420337,142.84395317663672,8844200
2021-08-13,141.1673583984375,143.0910111652187,140.80558204254052,142.7645116730848,8980900
2021-08-16,140.24082946777344,140.32907548523525,138.34366127241137,140.24966214819074,8755800
2021-08-17,138.546630859375,140.17908816578048,137.0112522647953,139.04078977792128,9347200
2021-08-18,137.28480529785156,139.42904663635017,137.07302289001214,137.92895827473794,8065500
2021-08-19,136.1376190185547,137.267097807373,135.01695944398756,135.14932844445096,9517700
2021-08-20,136.52593994140625,136.6847666544991,135.1493879034477,136.1994538326342,6974100
2021-08-23,138.27305603027344,138.61719392757308,136.98475045143914,137.06416378209656,7934600
2021-08-24,139.12899780273438,139.90551964474028,138.42307007949734,138.53778720555314,7670900
2021-08-25,141.996826171875,142.75569616047386,139.24372270833126,139.87022366767383,11335000
2021-08-26,142.72923278808594,144.56463968480463,142.1997835712516,143.1792551972781,11027500
2021-08-27,143.87635803222656,143.97342326928566,142.29684312594244,142.72922708456065,8780200
2021-08-30,141.57333374023438,144.26467688025295,141.079188140321,144.01760408029628,7937600
2021-08-31,141.14089965820312,142.39391511867103,140.61146390185988,141.57328363733515,12340800
2021-09-01,140.93797302246094,141.85566989564083,140.2761681203887,141.3791762905091,8729900
2021-09-02,141.5909423828125,142.60570439655254,140.6820513681176,141.20268139737863,8813300
2021-09-03,140.73500061035156,141.97036417603067,140.43497220344116,141.52916097908056,7959700
2021-09-07,140.48793029785156,142.40275058960086,140.2673286956069,141.17620621969866,9285600
2021-09-08,139.86138916015625,140.81438951590906,139.45547636504924,140.20552705547388,7852700
2021-09-09,140.47027587890625,141.9174218250843,139.4908042439383,139.65846361294814,7904300
2021-09-10,138.85548400878906,141.82037031541444,138.73194764036526,141.67918204737174,8311600
2021-09-13,141.0614471435547,141.22910646573186,139.48194606539198,139.88784535276375,10052800
2021-09-14,138.59954833984375,142.36741312060616,137.88478800748442,141.58207214094102,11685600
2021-09-15,139.56137084960938,140.02904506859406,138.07010218496183,138.2907037397452,11691500
2021-09-16,139.49961853027344,141.93506870652368,138.73192930399588,140.66440139099356,10880900
2021-09-17,139.13784790039062,140.31145013956012,138.53781795435447,138.87313672681844,25581600
2021-09-20,134.972900390625,136.38474267247824,132.79335531940697,135.79353194974257,15819900
2021-09-21,134.99053955078125,136.37592418742636,134.63758234453573,135.4758658077096,8999900
2021-09-22,137.5759735107422,138.75839475605022,136.8612265410329,136.94945909495695,11236200
2021-09-23,142.22625732421875,142.6939451042889,139.1290157023009,139.42021143051676,12336100
2021-09-24,143.86749267578125,144.35281875084775,141.90856341137987,142.45565091539157,10102400
2021-09-27,147.34423828125,147.7148474072901,145.2529391184325,145.59707712578796,13220900
2021-09-28,146.550048828125,149.39139836399926,146.17943977533085,147.97954281239566,13387900
2021-09-29,146.4353485107422,147.2736319500807,145.63235540524306,146.66478280628706,7777100
2021-09-30,144.44107055664062,147.3530136596209,143.64689691158245,147.29123876374368,13161200
2021-10-01,147.4765625,148.5089762081689,144.36166948025215,144.71462659837022,11285000
2021-10-04,147.31771850585938,150.3973211187617,146.24118182006316,147.33537040063734,14120000
2021-10-05,149.72348022460938,151.03730748793987,147.9569052119613,148.43628358822832,12292900
2021-10-06,150.0430145263672,150.11403402462565,147.36208603584308,149.12866049786382,8692600
2021-10-07,150.992919921875,152.25348594238827,150.50466918086212,151.97829376443244,10195400
2021-10-08,151.10830688476562,152.1025529467074,150.2916028273725,150.93076488021697,8190100
2021-10-11,147.93028259277344,152.05819254045156,147.77049882242736,151.62321657967215,12154700
2021-10-12,146.7939910888672,147.97466523143729,146.27023735853876,147.14020278889987,13032600
2021-10-13,142.92349243164062,146.83835656223067,142.5684084276848,145.64881024883354,22753500
2021-10-14,145.1161651611328,145.59552990274406,142.0890247015042,143.5892796203178,15176800
2021-10-15,147.90367126464844,148.4007944536037,145.7109922703993,146.7851440894991,14267400
2021-10-18,147.85037231445312,149.67908081294712,147.28222973680852,147.7882251588793,12672900
2021-10-19,149.64356994628906,149.71457591236566,147.87699515082716,148.60492144060018,8053900
2021-10-20,151.65872192382812,151.68535255263262,148.65822486527424,149.40390956297952,8185600
2021-10-21,150.46914672851562,152.0936825045063,149.74120689142813,151.58767356229862,8415200
2021-10-22,152.49317932128906,152.76837150680382,150.64671236084186,150.9396628134963,8817900
2021-10-25,151.7474822998047,153.54068785849694,151.33912346235658,153.31875694687224,10159200
2021-10-26,152.15579223632812,153.12342108081776,151.39234953591125,151.80070827847203,8015100
2021-10-27,148.98666381835938,151.5344263937014,148.55167434756933,151.19710061314262,9847000
2021-10-28,151.23257446289062,151.36572756830142,149.10204350280503,149.40386623879314,7212900
2021-10-29,150.8153533935547,152.90150915464721,150.37149161847853,151.96051081319317,8140100
2021-11-01,150.7354736328125,152.98141331145612,150.0341643863311,152.7239658757041,7435500
2021-11-02,151.3302459716797,152.413269867337,149.95427165713926,150.73547277416088,7173800
2021-11-03,151.38351440429688,151.91615401764597,150.15845142094682,151.02843035912286,8402700
2021-11-04,149.39503479003906,151.09059052676537,147.79714276032698,150.91304847297408,9574200
2021-11-05,149.1819610595703,150.9929113329834,148.61381846932426,149.9365180294975,7975600
2021-11-08,150.0785675048828,151.72973413916023,149.79450296279046,150.06969514423858,6413700
2021-11-09,148.94224548339844,149.55477685638564,147.89473827119485,148.5605308860791,7990300
2021-11-10,148.80023193359375,149.9809059981329,148.3297394888901,148.6493205405367,6999200
2021-11-11,148.7913818359375,149.74123922743578,148.16109199831212,148.7114899474693,5815300
2021-11-12,148.1255645751953,148.90676569960334,147.11356018475198,148.8268602787252,8113400
2021-11-15,147.85923767089844,148.95113388414381,147.3621146322042,148.4362661266297,6492500
2021-11-16,146.7939910888672,148.31200457091123,146.58093252515914,148.30311866476382,9706100
2021-11-17,146.00392150878906,146.97153711395157,145.04517826442645,146.6608419388863,9909600
2021-11-18,144.7433319091797,146.34123705656822,144.30834248012798,145.93287825117406,8122500
2021-11-19,142.8524627685547,143.9088558917823,141.5475081511071,143.18980203024702,12193600
2021-11-22,145.89735412597656,147.34433413550593,144.69004969463367,145.72868450352954,14549900
2021-11-23,149.38612365722656,149.6346851771418,146.80284477640728,146.91825317693468,12354400
2021-11-24,148.21435546875,150.41590646025415,147.75273535025133,149.54594102375142,9629800
2021-11-26,143.74908447265625,144.38824658577076,140.98827691858202,143.93551239964296,13619300
2021-11-29,143.12771606445312,146.27913851861342,141.87603569980413,144.97418334335717,12104400
2021-11-30,140.9971466064453,142.5950518589473,140.51776825790085,141.2900970315363,18922600
2021-12-01,140.16270446777344,144.93866264967122,140.0828125800053,142.9235259138965,12253400
2021-12-02,143.1099395751953,144.9208899117364,140.97052226797672,141.88487656937767,12969900
2021-12-03,140.5177764892578,143.6603259275297,139.54128856067402,143.367375485278,12681800
2021-12-06,142.17779541015625,144.35271522095726,141.556391685011,142.93235223869502,11186500
2021-12-07,144.3172149658203,145.04514118741957,143.06552158795503,143.70468358747834,9851600
2021-12-08,142.66607666015625,144.9386470831941,142.1866982938537,144.39713510383055,11705700
2021-12-09,142.44415283203125,142.8613705148597,140.8373615345152,141.72508524679222,11189600
2021-12-10,141.87600708007812,143.5449184114819,141.26347556477396,143.20759261923024,10405400
2021-12-13,140.1893310546875,141.84937010986525,139.6211884042916,141.59193618595006,12069000
2021-12-14,141.26348876953125,142.82587773843719,139.63895263443976,139.77210578256617,12563600
2021-12-15,140.20706176757812,141.90261702457528,139.68330811612452,141.90261702457528,14014200
2021-12-16,142.39974975585938,143.6514433164565,140.8817363989839,142.38199149061748,19542800
2021-12-17,139.15956115722656,141.4854064425323,137.75695609763275,141.4321451882775,28082000
2021-12-20,136.65614318847656,137.3308081001402,134.79191861898602,137.16213848582822,15148000
2021-12-21,138.56478881835938,139.53240439857666,137.67706512004878,137.96114320539073,11291300
2021-12-22,139.10629272460938,139.42587377923533,137.81022378599536,138.26295796938717,7273000
2021-12-23,139.60342407226562,141.25459069474886,139.5590487237726,139.91413278524888,8055200
2021-12-27,140.40235900878906,140.43786199050092,138.78669565638106,139.90523599130546,6188100
2021-12-28,140.82847595214844,142.1689337554261,140.33135288723983,140.43787538812379,6342300
2021-12-29,140.75746154785156,141.70733236718596,140.39349159583065,141.01490899512024,6398900
2021-12-30,140.6864471435547,142.2488495131852,140.58879699545278,141.24571740501003,6948200
2021-12-31,140.57106018066406,141.40550912113557,140.22484846257387,140.65982442764732,5805900
2022-01-03,143.54490661621094,144.37936898613825,141.60078972150527,141.9114984066782,13120900
2022-01-04,148.98666381835938,149.65245656485683,145.7908532169364,145.8618727353667,20195800
2022-01-05,146.2628936767578,150.35304098319185,146.21823870608205,149.8708027295316,17539400
2022-01-06,147.8167724609375,149.4688970905359,146.3432404311652,149.0581041320163,14047500
2022-01-07,149.28134155273438,149.61176370068645,147.4059424050087,147.95070016683152,13913300
2022-01-10,149.42428588867188,151.20143659797546,147.82572781521154,150.98711453353607,12922500
2022-01-11,149.57606506347656,150.49590003496505,148.52226520791496,150.26369968661737,11854100
2022-01-12,150.42445373535156,151.45144970525382,149.29920867510359,150.44231844512177,12568000
2022-01-13,150.23690795898438,151.64792023798148,149.93327602758498,150.3351434222937,13623400
2022-01-14,141.0028533935547,143.80701372863592,140.118734070285,143.56588779923814,40158400
2022-01-18,135.09088134765625,139.11850821083917,134.43894887756184,139.11850821083917,32324800
2022-01-19,133.00115966796875,135.94821032516654,132.66181189960528,135.3588110951531,22380000
2022-01-20,131.86697387695312,134.50145282089997,131.59905776149859,133.0547248749371,14860800
2022-01-21,129.5629425048828,131.73303484956145,128.83957838998995,131.72410930711447,20705400
2022-01-24,129.44686889648438,129.92018165221654,124.6422961045713,127.06244040247945,28471400
2022-01-25,130.8578338623047,131.1436146963741,125.7317525721211,128.2858608628007,18915900
2022-01-26,132.0991973876953,134.46577450245326,130.34883704894756,132.813636019071,20709100
2022-01-27,129.76834106445312,134.29608485842846,128.71455471405014,133.43875583246762,17536800
2022-01-28,130.92930603027344,131.06325730708755,126.96418471517951,128.76813912804664,14117000
2022-01-31,132.70643615722656,132.8761031887549,129.19676371008586,130.06301808276737,13985700
2022-02-01,134.9837188720703,135.26949975485968,132.4385493152921,132.7868362494526,14584900
2022-02-02,133.90316772460938,134.79621271290017,132.2331779570768,134.4032707377666,12441100
2022-02-03,132.79580688476562,135.43028726868772,132.42965511440295,133.95676826844962,12474900
2022-02-04,136.24290466308594,137.0823689070362,132.85827106175142,133.15297746399662,16654400
2022-02-07,136.6983642578125,137.18952796110642,134.71580385407722,136.87697047962678,12572300
2022-02-08,139.27035522460938,141.52975782547924,138.2433589975901,138.42196525966506,20411400
2022-02-09,139.85081481933594,140.59202997831702,139.15424099691444,139.84187565059872,9131100
2022-02-10,139.27035522460938,142.02093526627363,138.6184362359828,139.90442312577747,16455600
2022-02-11,137.45742797851562,141.27073236866713,136.60903830435853,138.96667558530245,16830000
2022-02-14,136.180419921875,137.24313189244884,134.24251414948705,136.3947419739245,17026500
2022-02-15,138.17190551757812,139.26142136600333,137.39496082920968,137.98436009618737,9500000
2022-02-16,138.42196655273438,139.4043214434998,137.29673482704487,137.29673482704487,9076500
2022-02-17,135.23374938964844,137.28775487958325,134.55504033829814,136.63583607849807,11367500
2022-02-18,135.86782836914062,137.65391787767504,134.9658580729721,135.85890282723932,11733300
2022-02-22,135.626708984375,136.8501896226984,134.32287121151697,134.49255190326284,11333500
2022-02-23,132.7868194580078,136.90375609595887,132.14382617982338,136.74300096302238,11799000
2022-02-24,129.0896453857422,129.4825873292277,124.8298173191874,127.65184252532512,25655100
2022-02-25,132.1438446044922,134.07282470800104,129.41112960457934,129.71476157639572,18367700
2022-02-28,126.63378143310547,129.5451031747637,125.81218168319182,128.19661015481606,31315300
2022-03-01,121.85595703125,125.45492639049641,119.29292288319827,125.06198450854104,36840400
2022-03-02,124.38327026367188,125.06197936024843,121.99884244372564,122.6061063259076,19405600
2022-03-03,123.49919128417969,125.90148459674617,122.40074971205689,124.88341380694769,16640800
2022-03-04,120.02523803710938,120.93614771836491,118.23914810425485,120.50748994997956,21016000
2022-03-07,115.39033508300781,118.4981274537443,115.15813469277981,118.03374030007176,27560100
2022-03-08,114.57764434814453,117.6943618098846,113.65780253080845,115.77432104478272,19207800
2022-03-09,119.16792297363281,120.7754066449432,118.27487800365869,118.68567105884728,17536200
2022-03-10,117.75689697265625,119.17683504395328,116.38161387016636,117.75689697265625,15604200
2022-03-11,115.10454559326172,119.73945036069834,114.6848134403135,118.31951237610286,20061800
2022-03-14,116.24764251708984,118.70351577067235,115.40817820648917,115.61358832625403,15786900
2022-03-15,118.31057739257812,119.26614191873468,117.10497502644601,117.70331343810263,15096600
2022-03-16,123.5973892211914,123.67777360587253,120.05200043706434,120.44494231139302,20354900
2022-03-17,125.16020965576172,125.19593907487352,121.38263437814307,122.22209857912071,17050500
2022-03-18,125.1155776977539,125.78536127509352,123.65098482037587,125.19594845660704,23656500
2022-03-21,124.71371459960938,125.7049949818154,123.89211492836945,125.33885692986003,12676100
2022-03-22,127.36605072021484,128.53593728032945,126.56231581492807,127.05349320228457,13548600
2022-03-23,124.8298110961914,126.44622013394346,124.31184343530798,125.90146221704737,12093200
2022-03-24,125.6424560546875,125.66032076347963,124.23144384927305,125.29416918053192,10017600
2022-03-25,126.74091339111328,127.86614490692875,125.7407075992773,125.99968458938415,8383500
2022-03-28,125.80322265625,125.89253259125137,123.15087838274712,125.02627800351297,10818100
2022-03-29,126.08004760742188,128.24122783130846,125.24059701326506,128.01796665028374,11316500
2022-03-30,125.50852966308594,126.91954230115346,124.94592061803496,126.72307132453744,8771000
2022-03-31,121.73986053466797,125.33882960000575,121.68626640595654,124.87444253863872,17353900
2022-04-01,120.83789825439453,122.71329791775158,119.4894054166593,122.70435874797869,15721300
2022-04-04,121.37371826171875,122.29355328695425,118.67671923414053,119.775160488462,17416400
2022-04-05,119.96124267578125,121.81454906414928,119.6643517891317,120.61800754372815,12110300
2022-04-06,118.296875,119.25950875410467,117.82005397387346,118.37784150003151,12914700
2022-04-07,117.93701171875,118.68373487391258,115.81380302689927,117.81105924244488,12994200
2022-04-08,120.09622192382812,120.4650739445427,118.29689288072642,118.45882590526581,13126900
2022-04-11,119.6553726196289,121.36472959450755,119.26852349297991,119.6553726196289,10466400
2022-04-12,118.34186553955078,121.07685338221899,117.58615063346794,118.88166974549064,12989900
2022-04-13,114.52727508544922,116.28161783135096,113.36670724435488,114.20339536868362,30838000
2022-04-14,113.4656753540039,115.42694399903974,112.47603903374693,113.80754535125067,18835200
2022-04-18,115.5708999633789,116.2726371281174,112.9438745829109,113.06082848906898,11834400
2022-04-19,117.9639892578125,118.14393311626505,115.36395974552582,115.5618870075924,15015400
2022-04-20,118.37783813476562,120.11418376020698,118.16191374636419,119.22352482960204,13430200
2022-04-21,117.46016693115234,119.48441157374653,116.92037659646643,118.95361293991306,12174200
2022-04-22,114.08644104003906,117.42420202394086,113.9784857042953,117.20827762466395,14318800
2022-04-25,114.05044555664062,114.36533356729424,110.75767763583706,113.36670559907569,17149000
2022-04-26,110.67669677734375,113.72656500330612,110.54175262637114,112.13415538289176,17209500
2022-04-27,109.23724365234375,111.16252481086943,109.05731352802881,110.0559415049335,17215200
2022-04-28,110.964599609375,111.24350023028722,108.98534074970415,110.48777859361121,13015600
2022-04-29,107.3839340209961,111.20750738942361,106.97008925655122,110.70369756555927,14874800
2022-05-02,108.36457824707031,108.59849292162242,106.35833040456204,107.85176979463733,18545000
2022-05-03,110.68572235107422,111.71133933209506,108.66147722581275,109.3362256008999,15720900
2022-05-04,114.34735107421875,114.6172531567878,110.42481349388046,110.47879802873133,17128500
2022-05-05,111.48641204833984,113.44768073684472,109.90300762862368,112.68296736106554,15055400
2022-05-06,111.30648040771484,111.81928883996807,109.02133201335472,111.3784552068824,14417900
2022-05-09,109.63311004638672,110.95561788152929,108.40956584951297,109.85802615810769,14312300
2022-05-10,106.96109771728516,111.36045599164639,105.76454244311635,110.75768250365861,16382400
2022-05-11,106.2863540649414,110.5597600613588,106.10642392643965,107.32996808715706,14630300
2022-05-12,106.19639587402344,106.44830082979969,103.79429336357747,105.26074399264363,16318800
2022-05-13,107.14103698730469,108.18465105304739,106.12441862096851,107.42893620314689,10443200
2022-05-16,106.39432525634766,107.47391990636999,105.46767192336434,106.64623021709318,10269000
2022-05-17,109.92098999023438,110.63172564673346,108.6884473660938,108.8953731856393,11160200
2022-05-18,108.04069519042969,109.73206866611008,107.5368853196626,109.12929516160023,12664900
2022-05-19,106.43928527832031,107.64483905645565,105.82751325595927,106.33132995101164,12765800
2022-05-20,105.56660461425781,107.66282405968164,103.4793837336345,107.47389538223355,13150100
2022-05-23,112.09819030761719,113.87053039147749,108.364581427024,108.37357999351177,24376700
2022-05-24,113.68158721923828,114.69820545840763,110.75767809706423,111.88225852866964,19324900
2022-05-25,114.4732894897461,115.03108385539763,112.61098456764918,113.60961254105274,12780400
2022-05-26,116.45256042480469,117.1273087149103,115.34597707281246,115.48991294158193,15990900
2022-05-27,118.09894561767578,118.09894561767578,116.18265611791662,117.10031761850692,11177800
2022-05-31,118.9626235961914,119.79031322349003,116.69547911924765,117.11830877128729,17015000
2022-06-01,116.87540435791016,119.53840326835602,115.75981557079469,119.53840326835602,10768000
2022-06-02,118.75569915771484,118.76469085958635,115.75981509981052,116.86639845272646,8374800
2022-06-03,117.10032653808594,118.54878683229511,116.94738523096942,118.04497694349016,8596000
2022-06-06,116.71345520019531,119.10656572570545,116.47055570362924,117.93699929590217,11323500
2022-06-07,117.01935577392578,117.24427187522622,115.7148314041518,115.90376696947148,6722200
2022-06-08,115.15704345703125,116.46155409438506,114.16741398760132,116.0567078590393,8422100
2022-06-09,112.7369384765625,115.24700972232138,112.70095107858411,114.59025172103082,13560100
2022-06-10,107.55488586425781,111.01859256347376,107.34796002425864,110.28985970425487,12945200
2022-06-13,104.3520736694336,106.11541510077954,103.5153854881623,105.13478418220184,16805600
2022-06-14,102.61572265625,105.54863061899442,101.86000782996334,103.95622759852188,13357900
2022-06-15,103.83028411865234,105.21576142015323,101.81503067958737,104.01921284158428,14083500
2022-06-16,102.04893493652344,102.79565804880956,100.64546064462745,102.43579090978898,16724900
2022-06-17,101.68905639648438,103.12851792728455,100.90635283555547,102.1478871188905,30919900
2022-06-21,104.20812225341797,105.28771671693652,103.49738660044214,104.24410965072114,11680500
2022-06-22,103.62335205078125,104.54100677343308,102.91261630869728,103.35344996911567,9842700
2022-06-23,102.48976135253906,103.62334035817103,100.29458500067808,103.47039906563577,11851500
2022-06-24,105.54862213134766,105.99845431002949,101.50913108867529,101.8689982043996,14841100
2022-06-27,104.70292663574219,106.61021738399344,104.03717698915855,106.21436290359,11280500
2022-06-28,104.19912719726562,107.32096366353588,104.0011999373796,105.86350491119775,11590900
2022-06-29,103.73130798339844,105.09879485020168,103.21849955036039,104.36107031734178,9338400
2022-06-30,101.31120300292969,102.63371069565692,99.79976662036917,101.8150128424851,15172600
2022-07-01,102.60673522949219,102.93960668946255,100.00670546840153,101.34720360263593,10573600
2022-07-05,102.2164535522461,102.29813625751622,99.20314697860752,100.53734630362622,12514200
2022-07-06,101.55389404296875,102.55227753655787,100.55551054937963,101.40867802507393,10656200
2022-07-07,104.12244415283203,104.28581646388267,102.92438284666386,103.01514370288989,10347400
2022-07-08,103.79571533203125,104.966549252034,103.11499841979317,104.52181614159608,8807800
2022-07-11,102.43428039550781,103.67772576789007,101.85340252400628,103.0605421638434,7939500
2022-07-12,102.53411102294922,104.53995584050604,101.88969990347611,102.18013881541624,11250900
2022-07-13,101.57203674316406,102.08938128834953,100.18336850908824,101.42681382014564,12979900
2022-07-14,98.02323913574219,98.23199537702668,96.26244910576173,98.01416097100527,26204800
2022-07-15,102.51595306396484,103.36004222032456,97.72370763093286,99.07607006855429,18863900
2022-07-18,101.463134765625,105.13900226695833,101.0093234500571,104.16784632862746,13977900
2022-07-19,103.97723388671875,104.32213487677055,102.26182787440001,102.6793334034956,11862300
2022-07-20,103.95907592773438,104.14059764732086,102.99699834962846,103.55971983511242,11667500
2022-07-21,104.66703796386719,104.85763787893,102.89717666356188,103.86833256865957,11595900
2022-07-22,104.15876007080078,105.51111565732424,103.16944794470042,104.59441499315257,7645500
2022-07-25,104.57625579833984,105.7017056544162,104.16782155669097,105.13897726407328,9394000
2022-07-26,102.94254302978516,104.903010967723,102.58857080620362,103.99538846118368,10675100
2022-07-27,104.59440612792969,105.04821733960455,102.83362333536574,103.4780344249909,9337400
2022-07-28,104.2041244506836,105.26604791040673,103.04236889863331,104.60348051842936,10384800
2022-07-29,104.70333862304688,105.73802778300616,104.18599404306724,104.91208793316274,12944500
2022-08-01,103.65956115722656,104.47642276270157,102.62487209849485,103.92277250369129,14740400
2022-08-02,102.04399871826172,103.83201616462607,101.89877579335833,103.39635431452609,14942900
2022-08-03,103.114990234375,103.55972330950938,101.39050614200849,102.96976731414584,14394500
2022-08-04,101.98046112060547,102.85177785946334,100.76424341194704,102.42519419130576,18033900
2022-08-05,105.0663833618164,105.45666131685763,101.69910469139563,102.13475961702619,14174600
2022-08-08,103.78662872314453,105.91954015635945,103.63233456416441,105.51111281209211,10332500
2022-08-09,104.72147369384766,105.27512393124417,103.80478002339936,104.14967405464242,10233800
2022-08-10,107.45343017578125,108.3429032970684,106.64564668253766,107.063152213065,12847300
2022-08-11,109.0417709350586,110.00384860746668,108.28844256817547,108.82394346528157,11684900
2022-08-12,110.84794616699219,110.95686337236488,108.40644607023346,109.52281799570703,9906700
2022-08-15,111.14744567871094,111.38342945732497,109.45926734826024,109.94938430786945,8456200
2022-08-16,112.20936584472656,112.76301611709646,110.61195524948526,110.99315503303534,9555000
2022-08-17,111.26542663574219,111.78277805110474,110.44857201584409,111.00222223353197,8149300
2022-08-18,110.4031982421875,111.15652656473851,109.41389305985257,110.9477703468881,9531800
2022-08-19,107.67127227783203,109.8132622818459,107.19931154753245,109.47744633371718,13464500
2022-08-22,105.89231872558594,106.33705875021747,104.8304020292738,105.96493018976378,8967600
2022-08-23,104.84854125976562,106.45503685692613,104.72147467208859,105.91046477765177,7607000
2022-08-24,105.10269165039062,105.65634194716718,103.87739569629183,104.6398022216113,9771300
2022-08-25,107.5986557006836,107.77109927585279,104.99377649832141,105.4294383676452,10758900
2022-08-26,104.07707214355469,108.9056236468533,104.01353884448274,108.42458482179282,11276200
2022-08-29,103.82295227050781,104.24953601528014,102.9788629461699,103.46897999816719,8117300
2022-08-30,103.84109497070312,104.90301164833747,102.88808856280961,104.37658892922275,10745400
2022-08-31,103.22390747070312,104.40381253734783,102.86992833363875,103.90462432920928,10738300
2022-09-01,103.93184661865234,104.04075687873322,101.57202968056859,102.82454614376599,9979800
2022-09-02,103.20576477050781,106.60027134757371,102.7338040664549,105.16623290567586,10666600
2022-09-06,103.23297882080078,104.14967946346587,101.71725094280313,103.7684796841988,9751900
2022-09-07,105.1934585571289,105.38405846824777,102.34352420582832,102.67934012915696,10647900
2022-09-08,107.6440200805664,107.81647056017205,104.04075788310112,104.63071385446968,11435000
2022-09-09,108.16138458251953,108.96009690967287,107.70757327831366,108.13415701220492,9299700
2022-09-12,109.44111633300781,110.32151121463062,108.72409376884706,109.4774220618449,8614600
2022-09-13,105.63819122314453,107.93447523588812,105.08454089699559,107.16299743006753,12904600
2022-09-14,105.39312744140625,106.95423232841526,104.26767055303281,105.91954322994398,9345700
2022-09-15,106.9814682006836,108.35197321088188,105.06638414248548,105.39312880144128,10821400
2022-09-16,106.26445007324219,106.55488901296111,104.71241633993696,106.54581084854817,14844100
2022-09-19,107.24468994140625,107.7620345473943,104.83948866196289,105.28422179790783,8201300
2022-09-20,105.12991333007812,106.81809169379223,104.04984036495728,106.56395850778968,9619000
2022-09-21,102.09844970703125,105.82877861254009,102.03491641111837,105.77432348021759,12606300
2022-09-22,100.93672180175781,103.10593954733189,100.80965517500039,102.9062614411097,11684500
2022-09-23,99.05792236328125,100.1470666293607,97.26083363178914,99.88386218933628,18138600
2022-09-26,96.92501831054688,99.48451376623828,96.26245076554312,98.02324082588356,15753600
2022-09-27,96.07183837890625,98.17752226112906,94.98269416984998,97.79632248042036,12793600
2022-09-28,98.01416015625,98.68580584898338,95.88124848511528,96.16260926812394,12762600
2022-09-29,96.35322570800781,97.36975866388177,94.75580787427693,97.0702415216926,12713900
2022-09-30,94.8465576171875,97.67834250014899,94.75579674601661,96.26244659636295,15973400
2022-10-03,97.7781753540039,98.3499750383792,94.8102458896218,95.8630913175498,12248100
2022-10-04,102.35258483886719,102.5522628939969,99.71140700180528,100.3921238672329,16013600
2022-10-05,101.0888671875,101.60168102153392,99.66031037179722,100.5027922381571,10943500
2022-10-06,99.0284423828125,100.90571823117006,98.84529658683022,100.23722280136262,11521400
2022-10-07,97.05044555664062,98.63467702343239,96.40026188286828,98.46068361891038,11681100
2022-10-10,96.14384460449219,98.26836784175403,95.71344432592626,97.73724227236144,8931700
2022-10-11,93.36914825439453,95.73176668930427,93.26841597322337,95.57609206806305,12739700
2022-10-12,94.880126953125,95.90576156520447,92.7464442175861,93.22263446077322,13181000
2022-10-13,100.1548080444336,100.64015068566272,93.18600369948167,93.38746826449699,22398700
2022-10-14,101.82146453857422,105.53021942862705,101.39106421861624,102.52658356155584,33387100
2022-10-17,106.09797668457031,107.1510824539226,104.68773173058194,105.68589515970226,22276300
2022-10-18,108.82689666748047,110.0173653829019,107.10530231257025,109.57781264769982,21539700
2022-10-19,106.69322204589844,108.81774558935243,105.92399427010457,108.04851781355856,17072000
2022-10-20,106.34522247314453,108.70784087660407,105.90566978530704,107.28844354669732,12207400
2022-10-21,111.93126678466797,112.07778202749257,106.52838184082461,106.64742591227989,20593300
2022-10-24,112.0686264038086,112.7279624850652,111.10710044077992,111.7847483080427,12624200
2022-10-25,112.36165618896484,112.88362938644316,110.70416369964258,111.58327608557636,11289100
2022-10-26,113.65284729003906,114.65100365719529,112.52648049441963,112.63637215314657,11667000
2022-10-27,114.1015853881836,115.56677290625414,113.74444614898407,114.65102983413941,10727600
2022-10-28,115.45687866210938,115.6400244667623,113.59792149728024,114.7334408565705,11859500
2022-10-31,115.27373504638672,116.69313959840397,115.00816871790636,115.10890101445287,13295200
2022-11-01,117.35245513916016,117.4715061957716,115.68581021224358,116.18031225073543,13386900
2022-11-02,116.27189636230469,119.37626474784432,115.96969947854578,116.8946019167632,16546100
2022-11-03,116.48251342773438,117.37993770627928,115.30121103875088,115.66750267032388,12474400
2022-11-04,119.66928100585938,119.80665083109656,117.6363445290073,118.57955864183005,14953200
2022-11-07,120.30115509033203,121.14363698512378,119.4861443680671,119.96233464708139,12011200
2022-11-08,120.37442779541016,120.93303164577641,119.17480656916398,120.18212956921158,9884100
2022-11-09,118.8084945678711,120.35608840558159,118.33230432458333,120.2553700959593,9494000
2022-11-10,123.69853973388672,123.85421433390835,121.36339278730976,121.45497265702897,16351600
2022-11-11,123.90003204345703,124.69672399072881,122.50809875582763,123.79929975343525,10704700
2022-11-14,122.62715911865234,124.29380425716846,122.62715911865234,123.44216990041072,11085600
2022-11-15,121.73885345458984,124.2754649936361,120.51176142200127,123.33223702811848,14038300
2022-11-16,121.90369415283203,122.30662327701408,120.90553771446262,121.793809472829,7893400
2022-11-17,121.37255859375,121.69307420005013,120.21872756269963,120.87806357276494,8820200
2022-11-18,122.56303405761719,123.32310238898967,121.13447727985825,123.23153647713227,9468500
2022-11-21,121.83960723876953,123.2223741190831,121.56488154799005,122.47147213562357,7800500
2022-11-22,123.66192626953125,123.87255721626288,122.42568162642476,122.70955971543894,9185700
2022-11-23,124.98058319091797,124.99890196082377,123.49708421047596,123.57034531697187,7316200
2022-11-25,125.21865844726562,125.58494992812543,124.59594616205479,124.98055640889487,3220500
2022-11-28,123.03007507324219,125.19122906709268,122.88355284274715,124.60515411824149,9906900
2022-11-29,125.05387878417969,125.12713991087921,123.08503665673076,123.31397243774255,7925300
2022-11-30,126.537353515625,126.537353515625,121.96780515989336,124.62345411287608,14761200
2022-12-01,124.76083374023438,126.97693016591022,124.01907015859663,126.53736345683684,8858500
2022-12-02,123.77180480957031,123.94579818374828,122.10514614442009,123.15825878750316,8931900
2022-12-05,120.30115509033203,123.23154390906964,119.59604303130392,122.92934703814497,10154500
2022-12-06,120.50263214111328,123.72605179142124,118.92755287864071,122.15097252894866,13966700
2022-12-07,120.4201889038086,121.86706433319239,119.34877140934849,120.24619552064263,11739400
2022-12-08,121.6839370727539,121.77550299095422,120.35609851411807,121.18027561669854,8907300
2022-12-09,121.02458953857422,122.4897698494312,120.87806731555004,121.06121310776614,7957800
2022-12-12,122.90184783935547,123.30476293557905,120.51175856264501,121.24434162714336,8841600
2022-12-13,122.78282928466797,125.53921082280596,121.86708623866639,125.35606500823162,10025400
2022-12-14,122.1692886352539,124.2755005307564,121.57404724460615,122.50810910616701,9966100
2022-12-15,119.13817596435547,120.95134328433645,118.17664297069904,120.0996949848819,12087800
2022-12-16,118.39641571044922,118.95501954367069,117.60887610907355,118.26821223920808,21133700
2022-12-19,119.10153198242188,120.26452950136444,118.21326015727045,118.72607400001165,9017200
2022-12-20,119.6784439086914,120.9238548331783,119.22972484959675,119.93485080728036,8549900
2022-12-21,121.02458953857422,121.77549147859867,120.66745035315796,121.04289433660604,8051700
2022-12-22,119.65098571777344,120.2370606885674,117.5905639336046,120.05391488015606,8648200
2022-12-23,120.21873474121094,120.36525696844745,118.71691684485835,119.57771746346202,5091900
2022-12-27,120.63998413085938,121.07953684483128,119.5502477587565,120.48430950243451,5411000
2022-12-28,121.29932403564453,122.16927709178944,119.9714855059647,120.74072024622446,8827700
2022-12-29,121.99530792236328,122.04109787612666,121.16197827251894,121.72973457441496,6585200
2022-12-30,122.80113220214844,123.01174916305784,121.2809955885126,121.61981600038357,9292500
2023-01-03,123.73518371582031,125.21869680593807,122.60882379266664,123.84508237224334,11054800
2023-01-04,124.88904571533203,126.07950054076596,124.14729605627133,124.53190647307575,11687600
2023-01-05,124.86135864257812,125.19346180691988,123.3392132742021,125.14733363036125,8381300
2023-01-06,127.25067138671875,127.65657688976182,124.06802371254292,125.58093526621076,10029100
2023-01-09,126.7248306274414,128.11782573988478,126.272811033153,127.85952480704994,8482300
2023-01-10,127.85948944091797,127.97018578827266,126.66944740149017,127.11224686725015,9048700
2023-01-11,128.80966186523438,128.92035820506027,127.39822722709299,128.13622159438606,8703700
2023-01-12,128.6805419921875,129.94437242636852,128.43146109210693,129.15101562447867,11001700
2023-01-13,131.927734375,132.37054791484914,124.35395902005588,125.09196751012998,20200000
2023-01-17,129.88900756835938,130.57165384016318,128.44066460814747,130.23033070426126,14292900
2023-01-18,125.98680877685547,129.8244278394277,125.8392042538952,128.15469214292324,13392600
2023-01-19,124.30786895751953,125.36874680973568,123.23775702267919,124.83370491866097,13303400
2023-01-20,124.61225128173828,124.99048254229974,123.20081665217,124.68605353328735,13092500
2023-01-23,126.632568359375,127.26910058498841,124.3724285154748,124.64916941674768,10487100
2023-01-24,127.72115325927734,129.4185635839312,124.53850538146477,125.84846426742675,6945000
2023-01-25,128.33921813964844,128.33921813964844,126.61413389807234,127.35214259398586,8967000
2023-01-26,129.13255310058594,129.2063553652818,127.63809595043652,128.6159513240574,7487600
2023-01-27,129.44619750976562,130.31334232266866,128.9203617285406,129.71371836376986,7489900
2023-01-30,128.3484344482422,129.23403349962402,128.14548173306235,128.44067672474193,6729300
2023-01-31,129.11410522460938,129.21558157284034,127.53661182508125,129.04030296441033,9188700
2023-02-01,128.77279663085938,129.9628389860808,127.41670971054376,127.4997460694358,8841800
2023-02-02,128.1731414794922,129.5753562429886,127.30598253465021,129.15099677428282,11822100
2023-02-03,130.1565399169922,131.30045393398444,127.42592643640081,127.47204053619367,11501200
2023-02-06,130.92221069335938,131.21741973271486,129.17867277414865,129.36317138557496,8406200
2023-02-07,132.51815795898438,133.1546901998994,130.23956397477656,130.42407668185118,10447900
2023-02-08,131.58644104003906,132.877945632751,131.25433784814967,131.5956610455783,6958000
2023-02-09,129.5384521484375,132.232171333837,129.03107040131695,132.02921863498875,6443100
2023-02-10,130.11038208007812,130.33178882925134,127.85024272808514,128.9480283186834,6582900
2023-02-13,131.52183532714844,131.66942575539255,129.83364575635736,130.35024744606255,7134600
2023-02-14,132.10305786132812,132.66578794262725,130.6270544560005,131.45730549172566,9249400
2023-02-15,132.6565399169922,132.73956218775996,130.35027188671188,130.63624687025177,6728300
2023-02-16,130.82997131347656,132.27830022529912,130.70080679865134,131.83550073283425,8165300
2023-02-17,131.21742248535156,131.76169832719637,129.21558365288175,130.05505446393278,7948800
2023-02-21,128.80966186523438,130.38714101311461,127.99785116960368,129.78751707060394,9996300
2023-02-22,127.82259368896484,128.62517043791877,126.78939014306161,128.15469683962553,11107500
2023-02-23,128.8466033935547,129.30785708111364,127.25066957597745,127.9794442087286,8068000
2023-02-24,130.00894165039062,130.40562709266814,128.16392712676847,128.3299857535932,9126900
2023-02-27,131.14364624023438,132.20452404590353,130.73774076025302,131.0975180581738,10014700
2023-02-28,132.2414093017578,132.61962654587361,130.90376263556865,131.8631779812996,11019800
2023-03-01,131.50341796875,132.34290298712642,130.8115374961782,131.08829250047577,7139200
2023-03-02,130.13812255859375,131.39271907926147,128.7266733201516,131.21745450158852,11106800
2023-03-03,132.52737426757812,132.6011765252421,130.1473042441955,130.54397554325527,9513100
2023-03-06,131.75250244140625,132.87794842363948,131.60489789161204,132.3244524764281,9261300
2023-03-07,127.87796020507812,131.28201446838895,127.13073152802835,131.005259457096,11747600
2023-03-08,127.1214828491211,127.85025727401231,126.28199799887747,127.30598145625316,10002500
2023-03-09,120.23957061767578,126.70635432127048,119.2063671822897,126.16206444067002,25888100
2023-03-10,123.29308319091797,124.77832036454066,117.91487149668787,118.96653619295384,37599700
2023-03-13,121.0790786743164,123.50527728856319,119.38166868303325,121.04218457726407,42901100
2023-03-14,124.18792724609375,125.02741226082236,121.11597627206211,124.7967854376339,29648100
2023-03-15,118.32077026367188,120.83922509421075,116.90934238977314,120.82999101320628,34280600
2023-03-16,120.6178207397461,121.72482660430684,116.25435842995631,118.09014585331869,24558500
2023-03-17,116.06063079833984,118.52372338026191,115.72852763693783,118.43148110430431,38396000
2023-03-20,117.28755950927734,119.43700287665557,116.2451289544415,117.14918202793817,22875500
2023-03-21,120.4333267211914,121.52187854140573,120.1012235414687,120.47022081834112,17807800
2023-03-22,117.32447814941406,120.53480663526662,117.23222882747788,120.44255027515833,17250200
2023-03-23,117.01081848144531,119.49236528429715,116.2543628032985,117.98868097137063,16677600
2023-03-24,115.23037719726562,115.94070464118424,113.56986142967864,115.89457646612907,22311100
2023-03-27,118.532958984375,119.35398985556544,116.5034388565988,116.96469247134272,18853900
2023-03-28,118.89273834228516,119.31708379259778,117.84107360696267,118.73591379966149,10820500
2023-03-29,119.13257598876953,120.12888542669916,117.86873862557152,120.01818907015445,14595300
2023-03-30,118.7728042602539,120.03663464387499,117.7580477285773,119.87981010605174,12134700
2023-03-31,120.21189880371094,120.23957289080046,118.86504631088347,119.61227481498302,13105200
2023-04-03,120.07353973388672,121.25434781594711,119.38165933847588,119.84291293541644,11775400
2023-04-04,118.46836853027344,120.47020739068543,117.53664136039777,120.3871851240944,11579900
2023-04-05,118.64503479003906,119.14709201057964,117.57582414515304,117.89194186582034,9614700
2023-04-06,118.5148696899414,119.08201601577716,117.94772336410566,118.0778873969131,8760200
2023-04-10,118.90536499023438,119.2214756231624,117.35268891892979,117.65020772955945,9477300
2023-04-11,119.4910888671875,119.88158090625643,118.57993368261997,119.28654339146377,10516300
2023-04-12,119.47250366210938,121.26690877514532,119.06341266372614,120.10472488738162,11821000
2023-04-13,119.9280776977539,119.9745537010394,117.919820654687,119.43531289368853,12450200
2023-04-14,128.98382568359375,129.34642652580754,125.42289218861391,125.65532898969498,43931300
2023-04-17,130.0065155029297,130.22035332547398,127.98896635826779,130.1180805952463,16050500
2023-04-18,131.4662322998047,131.81954073230335,129.26273624552854,130.41562773954573,13760100
2023-04-19,131.29888916015625,131.55921721829318,130.53648971360158,131.30818152408432,9158100
2023-04-20,130.91769409179688,131.49413278576523,130.01583822017926,130.08092733043537,10586200
2023-04-21,130.66664123535156,131.19660385164096,129.0302915712904,129.922854961478,11842500
2023-04-24,130.8433074951172,131.18732357463173,130.20177971600683,130.59228598862495,7567500
2023-04-25,127.99828338623047,130.1274122203145,127.96109974389691,129.79270269205225,10629300
2023-04-26,125.72969818115234,128.128447436302,124.58611320390236,127.95179321485382,14416100
2023-04-27,127.4218521118164,128.22143524314188,126.12950411678274,126.44561474881897,9041100
2023-04-28,128.5282440185547,128.60262548886095,126.13878716546598,126.96626151575278,9887300
2023-05-01,131.28028869628906,133.29783821644935,130.93628680641368,132.26581836000824,20415800
2023-05-02,129.16046142578125,132.40528381144946,128.70488025365032,131.46623018999736,14113400
2023-05-03,126.42704010009766,128.92806273000318,126.22249454909151,128.7142248127944,12930900
2023-05-04,124.69767761230469,126.1852786601543,122.5499640622479,125.47867596517398,17089200
2023-05-05,127.13362121582031,128.19353232279389,126.36192943463914,126.85469425360314,11261400
2023-05-08,127.44046020507812,128.27722704115507,126.89189855490372,127.83095234103517,7484900
2023-05-09,126.82681274414062,127.3288699653478,125.7111189961569,126.38052389549456,7343600
2023-05-10,126.89188385009766,128.36088601235872,125.39499040898734,128.25861326097296,8133400
2023-05-11,126.4920883178711,127.19869096486417,125.42287070396287,125.51585108319455,7057300
2023-05-12,124.67910766601562,127.36607655980191,123.77725172919445,127.20802123508703,9988600
2023-05-15,125.72969818115234,126.13878918096603,124.54892956156252,124.83714889684532,7639500
2023-05-16,124.88362884521484,126.3898145056844,124.5489193443534,125.94353990014044,6477200
2023-05-17,128.72349548339844,128.85365952238953,125.94356046777068,126.35263731401683,12711500
2023-05-18,129.69970703125,129.91354486981814,128.08194213737082,128.55612218887362,10999600
2023-05-19,129.40220642089844,130.62018715038363,128.42598322593338,129.96935277131868,13492200
2023-05-22,128.33297729492188,131.689364532914,127.9889754446489,131.09432702029443,11402500
2023-05-23,126.994140625,129.26272559811,126.87328316079605,127.8773974466778,9514900
2023-05-24,125.83195495605469,126.77100850099497,125.59022584449683,125.88773750589009,8578000
2023-05-25,126.13877868652344,126.69663258291455,125.1253578219997,125.34850221791892,8472500
2023-05-26,127.31957244873047,127.93320895067457,126.10160599557224,126.54788063934289,8579900
2023-05-30,127.80303955078125,128.04476868374502,126.46420148891974,127.18940307462563,7399900
2023-05-31,126.1760025024414,127.226607222616,124.95802171733372,127.12433446010517,14219900
2023-06-01,127.91461181640625,128.5189417760317,125.93424589021166,126.92908212873873,12248100
2023-06-02,130.60157775878906,131.54061723322627,129.55095898404744,129.7555044833213,12922500
2023-06-05,129.3185272216797,130.26687328356348,128.42597790551955,130.26687328356348,8511900
2023-06-06,129.5509490966797,130.25756592635653,128.50034458893558,128.93731264569107,9329500
2023-06-07,130.80612182617188,131.34537684682581,129.076791651942,129.74621069918032,9281400
2023-06-08,130.8433074951172,130.99207043832266,129.6811236016028,130.7875249381189,7368100
2023-06-09,131.1036376953125,131.83814587263618,130.3598513407576,130.49001537148624,7249100
2023-06-12,131.09432983398438,131.39185569008666,129.94143842180847,131.15941893506186,7596600
2023-06-13,132.04266357421875,132.8329399562422,130.29473479805242,130.6108453508618,7701600
2023-06-14,131.5499267578125,133.5209861370307,130.81541857922923,132.95383981928003,9068700
2023-06-15,133.03749084472656,133.325710136213,130.19246737973887,130.71312341427088,9343100
2023-06-16,133.195556640625,133.8556832851755,132.4889539932474,133.00031770567188,13813500
2023-06-20,132.51683044433594,132.95381264180995,131.1315023941723,132.59121190207753,8428600
2023-06-21,132.3216094970703,133.90217667494477,131.7358643045841,132.8608503119899,9926500
2023-06-22,129.7740936279297,132.58193366281853,129.18834845257769,132.31229907643169,10075200
2023-06-23,129.09539794921875,129.40220202550213,127.95179873580885,128.80716441468397,9919500
2023-06-26,129.4114990234375,130.1738842559491,128.01687839601942,129.11397314658396,8429700
2023-06-27,129.42079162597656,130.0158291939676,128.80715514394416,129.2348450460071,8154000
2023-06-28,128.8536376953125,129.43009050189633,128.26790671248017,129.3836003129569,7558600
2023-06-29,133.35360717773438,133.47447882912567,130.02512535776643,130.2296708354378,15423200
2023-06-30,135.22242736816406,135.74308350074216,133.56747858097697,134.44144316929692,14212800
2023-07-03,136.31021118164062,137.11908654933129,135.7430649319183,135.91971913562398,8021600
2023-07-05,135.40216064453125,136.14169879641477,135.14004477164264,135.68300316098157,8934900
2023-07-06,134.06350708007812,134.2320040302401,132.40654898226205,133.8856396654107,9709500
2023-07-07,135.12132263183594,136.52552097664736,133.866908872023,134.71879262942724,8981500
2023-07-10,135.8795928955078,136.66595485612726,135.2711126354132,135.2711126354132,9100100
2023-07-11,138.004638671875,138.37910020779015,136.40386024410967,136.99361395127463,11260900
2023-07-12,138.68798828125,140.29813690742736,137.61144189846328,138.03269855763006,11323200
2023-07-13,139.36199951171875,139.83006562336877,138.31353599258082,139.20285874786703,11234900
2023-07-14,140.2045135498047,143.1252412336155,138.93137327763844,141.870827603696,27028400
2023-07-17,143.583984375,143.9303487734473,140.7475044980093,140.7475044980093,17262400
2023-07-18,143.84608459472656,144.5388133160355,143.05973693495963,143.58396870813758,13491700
2023-07-19,144.3983917236328,145.2970849199136,142.49804450203536,142.99419342486166,12510000
2023-07-20,146.17703247070312,146.58893291052811,144.54817163861398,144.66050292793233,9935900
2023-07-21,145.05368041992188,146.16768001485138,144.81029119211755,145.84939849751257,10636400
2023-07-24,147.9088897705078,148.64842793429298,144.84773343199822,145.07241030562304,14381400
2023-07-25,146.80429077148438,147.64680422322078,145.99921633092092,147.253630326794,9944700
2023-07-26,147.68421936035156,148.14292930748638,146.29874762297274,146.70129192030421,8728600
2023-07-27,146.05535888671875,148.63907877636402,145.61537558273733,147.69359033815113,10778400
2023-07-28,146.88848876953125,147.5344221931497,146.44850554718946,147.2348530697502,9103800
2023-07-31,147.87142944335938,149.20073528106585,147.11315046081407,147.141233280437,8892700
2023-08-01,147.14126586914062,147.90890120016138,146.17705075722094,147.37529894065986,6853900
2023-08-02,145.47496032714844,145.74644670568168,144.10821510612257,145.62474493018428,8299400
2023-08-03,146.36427307128906,146.89786098978126,144.4920086983106,145.10048890583116,6084000
2023-08-04,146.05535888671875,147.7216731631504,145.75578970773367,146.4110794314577,6209400
2023-08-07,146.7481231689453,147.6280899901012,146.598352827412,146.598352827412,7251800
2023-08-08,145.92428588867188,146.01789053426512,142.8444030785175,144.46392200237997,8623400
2023-08-09,143.9677734375,145.58729252584976,143.66821854323672,145.40006893140463,6277800
2023-08-10,143.75245666503906,145.51238975141104,143.31247339344608,144.520091916497,5995100
2023-08-11,144.5856170654297,144.65115317660656,142.88186387000218,143.25631104053193,5180700
2023-08-14,144.88519287109375,145.02560699541831,143.15334248845306,143.7992760288352,5044300
2023-08-15,141.19683837890625,143.48100350640703,140.6351532778257,143.08782964934886,10300300
2023-08-16,140.59771728515625,141.31854318067522,140.12028065372675,140.98153496964974,6978200
2023-08-17,139.13735961914062,141.59937805479146,138.92203888799807,141.2436574651906,9953900
2023-08-18,139.45562744140625,139.95177640901298,138.0233461901272,138.21992597052116,8517500
2023-08-21,139.93304443359375,140.5134561406489,138.56629935066977,140.09218520164686,8327000
2023-08-22,137.03103637695312,140.08282221486544,136.534887452353,139.72708740694694,9673300
2023-08-23,137.95779418945312,138.16374441088766,136.16979258953467,137.00294965470403,7858000
2023-08-24,137.82675170898438,139.86752750903037,137.60208910349877,138.0795114244007,6534000
2023-08-25,137.6582489013672,139.1279690919885,136.53489306897146,137.8735553172173,6695500
2023-08-28,138.1356964111328,139.11863830045337,137.73316633046414,138.14506687716968,5094100
2023-08-29,139.25904846191406,139.34331123259852,137.7799575793808,138.27612088497915,6337000
2023-08-30,138.69735717773438,139.62411896057506,137.78930775518225,139.127970012283,6277300
2023-08-31,136.9842529296875,138.8752443375692,136.6378885199195,138.79098156731098,10933900
2023-09-01,137.4429473876953,138.62246891114418,136.3944695270514,136.75956054270785,7903500
2023-09-05,135.92640686035156,138.7441742202353,135.74853943819002,137.76123245014202,7854700
2023-09-06,135.7017364501953,136.24468058187983,134.9060183286584,135.45833292470454,8629200
2023-09-07,134.54090881347656,135.99191644968522,134.2319835011811,134.92472640913843,8373700
2023-09-08,134.6439208984375,134.91539300149014,133.53927727068842,134.21329372186668,7107900
2023-09-11,135.23367309570312,135.78598770305322,134.5128472530841,135.5051451671015,6854200
2023-09-12,136.9936065673828,137.91102656774117,134.84986974127222,135.27112644775508,8363200
2023-09-13,137.0591278076172,138.26673213964824,136.50681320165899,137.92972395420438,8325900
2023-09-14,139.7177276611328,140.32620786354758,138.09822299168405,138.39777786104037,10034900
2023-09-15,139.30581665039062,140.16705647529773,138.83775059657748,139.40879175359922,19863400
2023-09-18,139.59605407714844,139.61478072408826,138.31355730457247,138.6973750034845,6512400
2023-09-19,139.4181671142578,140.15771958020997,137.80803280911252,139.95176934545702,7943400
2023-09-20,138.8284149169922,140.65386993955852,138.67863032943688,140.09218487834835,7332000
2023-09-21,137.7425079345703,139.3433004745327,137.2650855973688,138.15440843768323,8052400
2023-09-22,136.4225311279297,138.08884517442365,135.91702606345376,137.88289496335204,7071700
2023-09-25,137.09654235839844,137.16207846143809,134.52217909897934,136.0668056251761,7044700
2023-09-26,135.6736602783203,136.5255441805106,135.01837046288418,135.36474916009422,7468400
2023-09-27,136.4693603515625,136.75955906802622,135.28046837627247,135.91704574382544,6717800
2023-09-28,138.16375732421875,139.36200547860716,136.68466663396703,136.9374263446685,8868100
2023-09-29,135.75790405273438,139.25902955568586,135.60811946323787,139.109259250434,11917800
2023-10-02,134.5877227783203,136.31955867978297,133.520532702074,135.58002056869492,9170600
2023-10-03,133.59544372558594,134.41923041723004,133.25843553401722,134.054139400051,9431100
2023-10-04,134.19456481933594,134.3068961192718,132.86524444361987,134.044780229925,8128700
2023-10-05,134.76039123535156,134.94901072046437,132.80830619332247,133.9493763741643,8576200
2023-10-06,136.8350830078125,137.57065291285397,134.04367882202118,134.7698235091785,10270600
2023-10-09,136.5238494873047,137.11795466151514,135.32618514369264,135.47707493604304,6964900
2023-10-10,137.35372924804688,138.40994351775856,137.00480915687686,137.13683414188532,11288800
2023-10-11,137.82525634765625,138.84374102392985,136.75963119469503,138.16475123974746,8698200
2023-10-12,137.504638671875,138.5891431366781,136.86337847882652,137.96673338014548,10484400
2023-10-13,139.5698699951172,144.38880324418298,139.41898019566213,140.04138982618178,29427000
2023-10-16,139.428466796875,141.0033418366948,138.36282701480278,140.93732213106466,12663500
2023-10-17,139.12664794921875,140.80525749010098,138.42879338011554,139.1643775960049,11482700
2023-10-18,137.5989532470703,139.07951838576773,137.08970365032715,138.24021346264712,9620300
2023-10-19,137.0142364501953,138.64570554852048,136.62760109586821,137.1934163017745,11143600
2023-10-20,134.8075408935547,136.87280042471613,134.02481610747344,136.33527520394097,13332900
2023-10-23,132.96859741210938,135.49593689560837,132.71397266456037,134.79809672849134,10133400
2023-10-24,133.12892150878906,133.6570214733008,132.36506160371712,133.14778633313443,8881400
2023-10-25,132.40277099609375,133.1383408268775,131.56346622047414,132.56310041145807,8242600
2023-10-26,132.7422637939453,133.60043337964612,131.48801925860812,131.79922408824612,9109400
2023-10-27,127.96106719970703,131.17683623137796,127.489547320212,131.03537163374259,17434700
2023-10-30,129.592529296875,130.17720937589277,128.29112975104002,128.6683543097979,9855500
2023-10-31,131.1390838623047,131.30883847212732,129.63965435880897,129.8659890420251,9672500
2023-11-01,131.02593994140625,132.52536963058716,130.5827101254128,131.3182799499032,9432000
2023-11-02,133.3647003173828,133.42128040877887,131.2994406435454,132.1104555293983,10186200
2023-11-03,134.8546905517578,135.58083522229103,133.77020054443747,134.0908306209058,9538700
2023-11-06,135.87318420410156,135.9769191638664,134.65665473143704,135.01501448146942,7625100
2023-11-07,135.80714416503906,136.0429040937685,134.68493899158793,135.33562430758016,6297900
2023-11-08,136.4766845703125,136.58984471141423,135.43933531140823,135.9014298703095,7618200
2023-11-09,136.07119750976562,137.3537321294573,135.5148075176755,137.15570184261244,7992500
2023-11-10,138.0893096923828,138.136464559863,135.87317481726728,136.68418961313236,7983300
2023-11-13,137.47633361816406,137.91956345188186,136.89165357778936,137.40088871139884,6676300
2023-11-14,139.98480224609375,140.7486620291352,138.17416791860668,138.32504332033207,9927700
2023-11-15,141.21078491210938,141.60685990157586,140.00369511859856,140.00369511859856,8365300
2023-11-16,142.82337951660156,142.89882442983355,141.5408447709493,141.5408447709493,8126200
2023-11-17,144.1153564453125,144.15307170777956,142.90825220167514,143.53066195472735,7812400
2023-11-20,144.55853271484375,144.99233725857215,143.26657307859108,143.41746286681334,7019000
2023-11-21,144.2567901611328,144.87919984297054,143.87958002103724,144.47368527220556,7083500
2023-11-22,144.5963134765625,145.11498831341973,144.19079882605695,144.67175839734603,5174500
2023-11-24,144.79434204101562,145.6430865972685,144.5491568436877,144.84149691463753,3496900
2023-11-27,144.4642333984375,144.78486339732032,144.01157843591815,144.69055368487628,6259100
2023-11-28,144.79434204101562,145.10554693934364,144.0210567942755,144.4925767512003,6582700
2023-11-29,145.52992248535156,146.76530243681577,145.22814281403222,145.3884578683031,9126100
2023-11-30,147.18963623046875,147.23679109279772,145.5864716387902,146.08628152226098,9869800
2023-12-01,147.9063720703125,148.86827678185622,146.94448174841548,146.94448174841548,8916000
2023-12-04,148.99085998535156,149.04744006979425,147.0010454744615,147.1330704680428,9607500
2023-12-05,148.9719696044922,149.4717794508536,148.02892998650574,148.30240514427905,9135600
2023-12-06,147.4065704345703,150.15082010818946,147.1142303560781,149.79246032699388,9366000
2023-12-07,147.85919189453125,148.34957657978003,147.25564704716516,147.76489655598155,8130900
2023-12-08,149.4906768798828,149.73586205376884,148.038387493204,148.30243749266455,7369400
2023-12-11,150.03762817382812,150.2262332436277,149.1417289104025,149.49066339865834,8093900
2023-12-12,151.37672424316406,151.49930960914043,149.83013983774387,150.16019507185587,10223000
2023-12-13,151.885986328125,152.80073607591623,150.66947133004385,151.376751172791,12379100
2023-12-14,154.64910888671875,155.45068411871856,152.49897919789595,152.61213937426155,13643000
2023-12-15,155.8184814453125,155.86563631908845,153.1402515347454,153.79095137977095,20309300
2023-12-18,156.76150512695312,157.61024959807705,156.19568986918287,156.46916508532496,8469600
2023-12-19,158.85507202148438,158.87393684903017,156.12026200288022,156.54462708995365,10345700
2023-12-20,157.0632781982422,159.76037254396365,156.9689684644074,158.42125778345093,10734700
2023-12-21,157.95916748046875,158.5155575124074,156.24282812678547,157.3367577550905,7601700
2023-12-22,157.86485290527344,158.64757764689784,157.70453786994963,157.95916263882626,6576300
2023-12-26,158.79847717285156,159.15683691468658,157.65739264154033,157.9214570337028,4683600
2023-12-27,159.75091552734375,159.81693521176237,158.0345907978248,158.2797759335722,6428600
2023-12-28,160.59967041015625,160.93916529174086,159.373715871676,159.70378553614376,6320100
2023-12-29,160.41107177734375,160.96746179209865,159.96784193110983,160.3167620438129,6435100
2024-01-02,162.27828979492188,162.3631599230326,159.2888553688662,159.45859562508764,9977400
2024-01-03,161.57102966308594,162.24057994163016,160.66570501716694,162.07083966469682,9852300
2024-01-04,162.64321899414062,164.4839997839759,161.81770540051127,161.91259668017605,11972500
2024-01-05,163.45924377441406,164.5124733318374,162.70015693042274,162.70015693042274,10066000
2024-01-08,163.22201538085938,163.54462255510825,160.8214137681895,163.22201538085938,11229900
2024-01-09,161.93154907226562,163.00374505449466,161.40019274861692,162.8424414904137,9923600
2024-01-10,162.2731475830078,162.33007655293576,160.30901125024462,161.3053116591082,9670200
2024-01-11,161.58998107910156,161.64691005258496,160.0148785803073,161.61844556584327,11919500
2024-01-12,160.40390014648438,167.29258049499637,160.261563245395,164.9109602585302,19436500
2024-01-16,159.39813232421875,159.49300912270533,155.8968555922771,156.43769533094127,17206400
2024-01-17,158.5441436767578,160.4228865888299,157.97483948873983,158.7813573746924,11107500
2024-01-18,158.85726928710938,158.9616438945128,156.7887727674102,158.5726099507023,9382300
2024-01-19,161.59947204589844,161.84618358047715,158.53467484219206,158.98063779337124,13115700
2024-01-22,161.40969848632812,163.1840524158629,161.03016233915122,161.7418034738899,12837500
2024-01-23,160.3470001220703,161.0681246579549,159.82512701395376,160.99221452601276,8360800
2024-01-24,161.77976989746094,162.26368071250425,160.2236483497231,160.69807582742826,9967100
2024-01-25,164.09498596191406,164.14243160757394,162.16881147082555,163.497202679032,8873500
2024-01-26,163.4687042236328,164.2088098113454,162.9942768223619,163.78182804587664,7443000
2024-01-29,163.8956756591797,164.00005026001583,162.53882032668415,163.4307461013977,6971200
2024-01-30,167.25465393066406,167.71958355620103,163.99059082342822,163.99059082342822,10822100
2024-01-31,165.44235229492188,169.1808431739778,165.42337114167398,167.18824195590526,11521800
2024-02-01,164.8445587158203,165.8977882402984,162.66218953700178,164.75916524911648,9354800
2024-02-02,165.7934112548828,166.82767409091414,164.39859340512308,164.4365557087008,8607600
2024-02-05,165.5751953125,166.13501628029312,164.07600269490123,164.96792869965805,7820200
2024-02-06,166.14450073242188,166.8751085895703,164.87302414792433,165.6795566137463,6764800
2024-02-07,166.45762634277344,166.87512486092518,165.06282280749863,166.70433790988764,7225500
2024-02-08,165.85984802246094,166.34375883435635,164.69276048884402,166.04961611663302,6060300
2024-02-09,166.05909729003906,166.14450523792445,164.78763514943896,166.04961395288615,6296700
2024-02-12,166.7991943359375,167.76703037532326,164.81609109548293,165.84085611158963,8539300
2024-02-13,165.34742736816406,167.21667242740585,163.79130612110933,166.35322558838982,8397600
2024-02-14,167.0269317626953,167.09335855725456,165.49927474998213,166.11603914000582,7056700
2024-02-15,170.67051696777344,170.99313861983137,167.1407757730594,167.1407757730594,8723400
2024-02-16,169.8734893798828,170.77489862748652,169.04799026069725,170.42382695213206,8152600
2024-02-20,170.53765869140625,171.23033307735642,169.28517796097287,170.02528350131405,9668000
2024-02-21,171.6478729248047,171.73328088295793,169.38960774885066,170.74646352208168,7024000
2024-02-22,173.70687866210938,174.0389691999663,171.970472406029,172.52081000181218,9296500
2024-02-23,174.57981872558594,175.72792504973566,173.82073190790015,174.40901731437765,7105800
2024-02-26,173.98204040527344,175.02578661879247,173.1470434344582,174.3520932485434,7145400
2024-02-27,174.06741333007812,174.15280678882112,172.91930710908773,173.9345742347972,5717100
2024-02-28,174.94985961914062,175.72791305734785,173.60248748692752,174.04843594056865,6131600
2024-02-29,176.5439453125,176.89501700223315,174.44698403277337,176.1644091332413,9643000
2024-03-01,175.81332397460938,176.90451583340356,175.6330536993716,176.20235797152844,6311800
2024-03-04,177.13223266601562,177.99569413338153,174.84550327171607,175.26300176048102,7063600
2024-03-05,178.90660095214844,179.61824215364595,176.82860632723535,176.82860632723535,6617800
2024-03-06,179.8364715576172,180.3488613215342,178.03365300369188,179.57079333868876,7572900
2024-03-07,178.26136779785156,180.75686085108097,177.08479697238374,180.19703992745502,7618300
2024-03-08,178.5934600830078,180.7189001480093,178.3088007338345,178.80220930717653,6172200
2024-03-11,178.6598663330078,178.80220324195417,176.69574439925185,177.70152818428755,5762600
2024-03-12,180.13058471679688,180.43422519054923,178.29930197399256,179.28610455693834,5708400
2024-03-13,181.5918426513672,181.92393315603576,180.1305981000231,180.6240066673423,7795500
2024-03-14,178.3562469482422,181.82905916695464,177.53074786350967,181.25974046676782,10310900
2024-03-15,180.56710815429688,181.17437477098684,176.94247512959424,176.94247512959424,17214200
2024-03-18,182.80636596679688,182.84431378763173,180.1780341639533,180.88019191558524,9013800
2024-03-19,183.87860107421875,184.01144019291252,182.54072654965233,182.85385043194006,8478700
2024-03-20,186.28868103027344,186.50691359955096,183.70779458867116,184.25813215855158,9367000
2024-03-21,188.87904357910156,189.23011523950757,186.2886739000261,186.46895863754574,11203800
2024-03-22,186.56382751464844,190.22640764871292,186.48791739268526,188.83158992418737,8108800
2024-03-25,184.85592651367188,186.86749435505874,184.41944687042397,186.54488715000187,8620000
2024-03-26,185.71934509277344,186.6017875814552,184.1347593214929,184.63765120490154,5961500
2024-03-27,189.31552124023438,189.39143136464278,186.33611762948894,186.4499755769137,8725800
2024-03-28,190.0556182861328,190.45413556252706,188.38562458119483,189.2870482189171,8628300
2024-04-01,188.76519775390625,190.66290757030683,188.41412607095276,189.76149830319193,7309000
2024-04-02,188.68927001953125,189.56221471622638,187.94916441845547,188.24330709601438,7014700
2024-04-03,188.1579132080078,189.35346506585586,187.5885945261513,188.86005650680525,9353400
2024-04-04,186.72633361816406,190.5725228336972,186.63090338860295,190.06669747224808,9243800
2024-04-05,188.4442596435547,189.08369905029488,186.21099104756672,187.21310323176615,6532300
2024-04-08,189.42727661132812,189.90447149415994,188.6065008303441,188.6065008303441,8001000
2024-04-09,188.1579132080078,189.80901778367087,186.02008971749524,189.03596449913155,7351500
2024-04-10,186.5545654296875,188.0815948534464,185.3233944981093,186.63091835715863,7681400
2024-04-11,186.516357421875,187.60437557468177,184.4262563759214,187.0603664982784,10137700
2024-04-12,174.45291137695312,180.31286437613159,174.21431391841517,179.73070055761886,31532300
2024-04-15,174.54832458496094,178.90989232756837,173.88979338856458,176.0848925222756,14766600
2024-04-16,172.55364990234375,174.8060100362722,171.45609307815093,174.55785940954902,16451800
2024-04-17,171.86647033691406,174.09973836837415,171.02660288050362,173.09762643748962,9017100
2024-04-18,172.98312377929688,174.99688652001322,171.7615061943233,172.83997115716338,9557700
2024-04-19,177.32559204101562,177.40194495717884,173.1358222453055,174.08065863681227,13402300
2024-04-22,180.77093505859375,181.45809672584136,177.49737120450726,177.50692442058224,11529700
2024-04-23,183.37640380859375,183.4622953712603,181.8302974292818,182.4124756254026,9144400
2024-04-24,184.27354431152344,184.4166969253009,181.49626710160496,181.83984793750034,6964900
2024-04-25,184.55032348632812,185.0943325814848,182.46020780549338,183.48141172959566,9802300
2024-04-26,184.66488647460938,185.98193448753855,184.2544912905366,184.74123940566554,6413700
2024-04-29,184.46444702148438,185.39974488523453,183.65320992069704,184.6553220561309,5387800
2024-04-30,182.99468994140625,186.0964565277787,182.8992451443853,184.01587936793962,8153700
2024-05-01,183.1092071533203,185.59062618122607,182.08800319125083,183.50051042268325,7445300
2024-05-02,182.91835021972656,184.67442393414981,180.87595665640484,184.26404331556682,6501700
2024-05-03,181.82077026367188,183.74864146909349,179.86428309609008,183.2428161104816,8922800
2024-05-06,183.24278259277344,183.433657578742,181.16222048890873,182.9850933521605,7911100
2024-05-07,183.0042266845703,184.13039955093174,182.90878188854626,182.95650428655827,7688800
2024-05-08,186.72633361816406,187.6807232907595,182.28842746572758,182.28842746572758,9227600
2024-05-09,188.49195861816406,188.57785019283477,186.20142924996162,186.268228953762,7977300
2024-05-10,189.70404052734375,190.24803507157247,189.22684568795714,189.48452041598773,7529800
2024-05-13,189.66586303710938,190.73478941529618,189.00733180699527,189.73267730698475,7049200
2024-05-14,192.31906127929688,192.385875547787,189.121864553999,189.9235483988948,8596200
2024-05-15,192.8917236328125,193.44527146599475,190.65845498926635,192.79627882739626,8370000
2024-05-16,193.2352752685547,195.1535932389949,192.77717231019278,192.9966778539951,8497900
2024-05-17,195.449462890625,195.69761353618276,193.55977533673882,194.51416504960696,9260500
2024-05-20,186.65953063964844,196.48974700752038,186.48773292892272,195.06770117767758,17373300
2024-05-21,190.4198455810547,190.78250378063117,187.6330292793257,188.0147793513531,14420800
2024-05-22,189.26502990722656,191.77507962196466,188.6733129194728,189.92356116796256,9425300
2024-05-23,187.93841552734375,189.25547795628643,187.12719303061385,188.78782176676148,8069400
2024-05-24,191.55555725097656,191.6032650842563,188.54922104999036,188.73055741751145,7356200
2024-05-28,190.4007568359375,191.26925501132146,189.59907293381323,190.7443377315382,6910200
2024-05-29,189.0741424560547,189.91401004508248,187.90978586684102,188.9691590074262,6120000
2024-05-30,190.2384796142578,190.7347662809771,189.35088971872463,189.50359554891975,6829100
2024-05-31,193.38796997070312,194.02740925735446,189.30318363373397,190.2098508442745,14417900
2024-06-03,192.6149444580078,193.1875695647281,190.1048947798636,193.08258611073796,6444300
2024-06-04,190.0762481689453,192.7676194373073,189.2363806080914,191.0306378288864,6848300
2024-06-05,188.2628936767578,190.70614336889636,187.93840469676562,190.6488677581653,8351600
2024-06-06,187.9288787841797,188.98825193066074,186.42094131495605,188.26290644052494,7640300
2024-06-07,190.83021545410156,191.75597461770602,188.024307437637,188.42514935958465,6964500
2024-06-10,190.50570678710938,191.67960190610873,189.38907271350078,190.15258729864658,6070800
2024-06-11,185.4951934814453,188.91191055404266,184.7698625098068,188.88328002640114,9235300
2024-06-12,182.79425048828125,187.747535155726,182.58428359797037,187.06037343522323,12751300
2024-06-13,184.82711791992188,185.70515472071864,182.17391564540972,183.54823918155475,8587800
2024-06-14,184.94163513183594,185.97237775666235,182.68927485451107,182.71790538052034,6874000
2024-06-17,186.08689880371094,186.65953844630556,183.85363041068777,184.6553142600554,8725400
2024-06-18,188.01478576660156,188.93100635869416,185.2756917711234,185.72425613061853,9023000
2024-06-20,189.60861206054688,190.3530349090619,187.16537660256606,187.43260457060572,8731100
2024-06-21,187.34669494628906,188.17700929825324,185.36156268713378,187.73799820567726,20972100
2024-06-24,189.8090362548828,190.14306392636604,188.11022368178232,188.7878322423663,9785900
2024-06-25,189.03598022460938,190.9447596786857,188.721029867147,189.05505753391142,6862500
2024-06-26,188.42515563964844,188.91190371760356,187.3276132855566,188.44424751166255,7758600
2024-06-27,190.08580017089844,190.74433141255324,187.91933141310852,188.43471002085207,7913500
2024-06-28,193.0348663330078,193.3593699170051,190.2098808173549,190.88748938726886,15307600
2024-07-01,196.07936096191406,197.6445594874765,193.416620106431,193.58840326228037,10205800
2024-07-02,199.3052215576172,199.33385208628548,195.43040134096296,195.92667354643487,7802900
2024-07-03,199.1715850830078,200.78450597577336,198.17901165846095,199.9923607921085,5560900
2024-07-05,196.532470703125,199.0084419463454,196.27336816071954,198.64377422771068,8093100
2024-07-08,196.89712524414062,198.55736401431693,195.74551462114852,196.7723624234459,8707000
2024-07-09,199.25796508789062,201.30206944737745,197.16585925201633,197.33860892161442,9058900
2024-07-10,199.42111206054688,199.58425558028438,197.2906255075793,197.82804290048543,8328500
2024-07-11,199.08522033691406,199.70901989248074,197.0986942703721,197.89522885627903,10658100
2024-07-12,196.67642211914062,199.08520875553353,193.95093996868792,195.77432240821722,15443400
2024-07-15,201.58038330078125,203.07747876015205,198.38465354242032,198.83570341075963,10719700
2024-07-16,205.00640869140625,205.12158000845062,199.6897990400412,201.5323790339862,11557000
2024-07-17,208.1253662109375,208.78754638356358,204.67053414664076,205.17916232258048,11572500
2024-07-18,201.51318359375,207.90464262796732,200.80303124118646,206.93537311360464,12415100
2024-07-19,201.32127380371094,203.78765358828193,200.49595003902687,202.68401496985885,8095900
2024-07-22,201.8011016845703,203.6148926358178,201.25409280392114,201.97385135034514,7663200
2024-07-23,201.84906005859375,202.9526838167723,200.9085797907141,202.5112401709101,5557300
2024-07-24,200.17922973632812,203.48052438660613,199.68020772158312,201.1005270559385,7119000
2024-07-25,200.25604248046875,201.714757402726,199.66104669950047,200.23684481683296,6403800
2024-07-26,203.6820831298828,204.56498521561846,200.20803848586095,200.8030488593653,8027800
2024-07-29,202.34812927246094,204.99683550482567,202.06022291940437,204.07553810374966,6533600
2024-07-30,206.51309204101562,207.08889000158547,204.37301439936152,204.63211689203268,8850700
2024-07-31,204.21946716308594,207.66470742966212,204.09470434581232,206.11962537109528,9071600
2024-08-01,199.5746612548828,205.20796693510616,198.05836812142135,204.6033650548551,10918600
2024-08-02,191.11029052734375,196.4173090899953,188.951014866982,195.65916985684163,18041700
2024-08-05,187.041259765625,188.2600550784406,183.20254728490596,186.22554214958782,13927000
2024-08-06,192.2619171142578,194.4307991057657,186.17756115587804,187.5211047088707,10605800
2024-08-07,192.31947326660156,197.4537566355557,192.12754058739833,195.30407255531497,9204400
2024-08-08,195.83189392089844,196.64762609323657,193.65342072084405,194.30600938741946,7761200
2024-08-09,197.50173950195312,198.14472201831654,194.71866445703174,195.26568795748204,5540200
2024-08-12,197.87600708007812,198.78769824177664,195.44802293711754,198.08713740933766,6936000
2024-08-13,199.5554656982422,199.69941155528463,197.11787513313567,199.35392685485715,6387800
2024-08-14,201.7627410888672,202.26176318738948,198.76853528010065,199.36354569530272,6999800
2024-08-15,203.01988220214844,205.26552518971098,202.5880300343132,204.41141236229493,7001000
2024-08-16,205.34230041503906,205.45745708775618,203.0582621159896,203.15423577226989,7931200
2024-08-19,206.7626190185547,206.83939501460688,205.1983538600032,205.37108886847773,6090800
2024-08-20,205.87013244628906,207.290451812223,205.0639917823852,206.33077379457382,5640000
2024-08-21,205.94691467285156,206.33078003410972,204.25787193885594,205.78375651861572,5202300
2024-08-22,207.89505004882812,208.05819355178016,205.6973792260983,205.92770721801395,5247100
2024-08-23,209.50732421875,210.35184563489813,207.77030919614816,208.82596096633335,7214000
2024-08-26,210.33265686035156,210.82208744164993,209.25782202603688,210.17910484301336,5105200
2024-08-27,211.30189514160156,211.53222313341251,210.3518232928703,210.65891263842738,5185200
2024-08-28,212.36715698242188,213.25007370690733,210.35184179007584,210.40942013221067,6506400
2024-08-29,213.2500457763672,213.98898726168142,210.11189474931135,213.19245279825017,6416100
2024-08-30,215.73562622070312,216.38820025870874,212.981340289583,213.5283638010213,8574100
2024-09-03,211.4170684814453,215.06384784728323,210.39981213405102,213.336424500989,8956100
2024-09-04,210.4862060546875,213.11572940311365,208.4516931045851,212.1272474569603,7389500
2024-09-05,208.85475158691406,211.89692943579365,207.31926075481468,211.2731298787107,8067900
2024-09-06,203.89320373535156,209.91998068208017,202.57843485706223,208.82594829731795,7777000
2024-09-09,208.0677947998047,209.35375986693387,205.54383685302398,206.51312105129102,8935100
2024-09-10,197.27142333984375,209.82401435534237,192.52101978319223,209.78563367537953,28406900
2024-09-11,198.87408447265625,199.32513434186177,193.69182869664772,196.97392597392317,13658700
2024-09-12,198.26950073242188,200.3615919553569,196.62844474311245,199.27715101962826,9054400
2024-09-13,196.08143615722656,199.4690986741892,194.833851700199,198.5190120847975,10226700
2024-09-16,199.47866821289062,199.8145613678539,197.3001950685702,197.53052305856136,8634900
2024-09-17,200.8126220703125,201.4651960832742,199.28673756042474,199.35390740598294,7573300
2024-09-18,199.1619873046875,202.81835838288768,198.36545275492742,200.58230673818105,8259900
2024-09-19,201.99302673339844,203.3653739246752,198.9796383186764,201.32125504416572,11635200
2024-09-20,202.5784454345703,202.8951409629487,201.05256077890448,201.46521533060852,20885000
2024-09-23,202.91433715820312,203.25982185543435,201.52280686007273,202.49207645675105,7223500
2024-09-24,203.05825805664062,204.36342068093103,201.88744976234233,202.6359974070873,7323200
2024-09-25,201.7147216796875,203.68206451343198,200.19842867858037,203.14463253149498,8976500
2024-09-26,201.32127380371094,203.16385402738385,200.58231755493514,202.61684511643884,7807500
2024-09-27,202.01222229003906,203.87399998332447,200.88940076897532,202.15616813497374,7032500
2024-09-30,202.35768127441406,202.45365492120402,196.98347921167178,197.99114392887628,8663800
2024-10-01,198.6917266845703,200.6590695133516,197.87600917065313,200.47672835038065,8540100
2024-10-02,198.93165588378906,200.52472495596922,197.39617979497947,198.73013169432915,5810900
2024-10-03,196.95472717285156,198.16393091884422,196.10061427209934,197.8568269060444,7251300
2024-10-04,203.94537353515625,204.37987213930614,199.78381659479555,202.09150201972523,10211700
2024-10-07,203.6653594970703,205.9827100132501,202.4680757269759,203.7619212935509,6718900
2024-10-08,203.49154663085938,204.05157258412177,201.20317665741186,203.32740337902976,6021800
2024-10-09,206.06959533691406,206.86136077091666,202.16874354804747,202.47771475974207,7024000
2024-10-10,205.50958251953125,207.41173500682478,204.1867713494914,207.41173500682478,7927100
2024-10-11,214.6340789794922,216.89349797730637,207.74965411869448,208.2420838481715,18320700
2024-10-14,213.85198974609375,215.9955317699529,211.3415453439257,215.51275230031362,9048900
2024-10-15,214.7306671142578,217.68527532023913,214.1803061412129,215.95693117924253,9235800
2024-10-16,215.93760681152344,215.97622268757254,213.42714760377535,214.6727269219523,6382500
2024-10-17,216.6907501220703,218.0715071604394,215.6189790372494,216.54592216463283,6470200
2024-10-18,217.6080322265625,218.1390926356883,215.416223853029,217.25078010281487,7000500
2024-10-21,215.31964111328125,217.92664727427885,215.22307932710135,217.46318311378727,5870000
2024-10-22,216.4010772705078,217.52112924082374,213.48509971320877,215.33897121583806,9586800
2024-10-23,215.7155303955078,217.05765675812557,214.86583379761672,215.95692013506684,6180500
2024-10-24,217.23146057128906,217.3087070595921,214.02581233964898,214.18995560232,6002200
2024-10-25,214.65342712402344,217.84942517866347,213.27268477329852,217.25078329046238,6369700
2024-10-28,217.7335662841797,217.86874396216535,215.2713877542694,215.65762021512975,6843000
2024-10-29,215.2230987548828,218.94050685947278,215.13620197943288,217.45355245759362,6580000
2024-10-30,216.6811065673828,218.5156628404685,213.94857273050474,214.87550115342282,7110900
2024-10-31,214.27684020996094,217.91700157327347,214.18029315501,216.96109290971893,7829900
2024-11-01,215.26171875,218.36115478761525,215.0299792936343,215.86036059570225,6923500
2024-11-04,212.21054077148438,216.0534611932713,211.6215492339804,214.98169019005127,8229600
2024-11-05,213.86166381835938,214.3154777176928,212.42297563395553,212.45194122469928,5600700
2024-11-06,238.55099487304688,239.45862265494782,226.68428170878914,226.90635614480942,23987800
2024-11-07,228.2388458251953,236.1467765550335,227.11879382619438,236.07918035167899,16451100
2024-11-08,228.8181610107422,231.09688077350958,227.65949319123993,231.09688077350958,9502100
2024-11-11,231.04861450195312,233.76184776036473,230.76860886504485,231.734167897953,9017100
2024-11-12,231.30931091308594,233.14388184693877,230.53686076900374,232.26521962387952,6861000
2024-11-13,232.8542022705078,235.68328295062503,232.03347126141182,232.29417630585863,11472600
2024-11-14,233.53973388671875,235.87638473135124,232.74798322472824,234.0707942453307,10172200
2024-11-15,236.86126708984375,237.93303812916133,233.1438739185833,233.1438739185833,11518800
2024-11-18,236.5908966064453,239.3910115292734,234.3218272931725,239.2268682839051,9051400
2024-11-19,234.7177276611328,236.70677679200912,233.2307733224933,233.90666165823853,6792700
2024-11-20,232.48728942871094,236.1853820806055,230.42099380614764,235.9826082126915,9015300
2024-11-21,236.3302001953125,237.0350688275059,233.77147490470944,234.85289619986844,8783500
2024-11-22,239.9896697998047,240.56899630530003,234.65978049634109,235.2198064316017,7997300
2024-11-25,241.66973876953125,245.55128980408418,240.48210540768852,240.99385046333052,10295400
2024-11-26,241.3607940673828,242.3553186985206,239.78692811975665,241.86288889278865,6212100
2024-11-27,241.18698120117188,242.53877266956593,240.20212160840157,240.76214760817405,5472300
2024-11-29,241.11936950683594,243.09876819701162,240.85866447871769,241.25454716340474,5494800
2024-12-02,237.7688751220703,241.6311106570481,236.59089210524135,240.95522238507886,8899700
2024-12-03,236.38815307617188,240.4627983571973,236.20469451535047,239.68069795223073,6657700
2024-12-04,235.01705932617188,236.89991119978995,233.88735704195787,236.2722889974968,7346300
2024-12-05,237.02540588378906,238.66685314495626,236.19502460109126,236.93850911465168,6572500
2024-12-06,238.84068298339844,239.20760013056864,236.40747009501496,237.2378514526948,5519700
2024-12-09,235.4129180908203,239.33308495141208,235.36463719813491,238.61858077940386,7076500
2024-12-10,234.49566650390625,239.4200234478752,233.87770931432982,235.49019112567362,9108300
2024-12-11,235.14259338378906,235.85711238207702,233.83908277788504,235.59640731424383,7884400
2024-12-12,233.21145629882812,235.692949917877,232.73832710066324,234.63082916006218,6113800
2024-12-13,231.67620849609375,234.36046110198654,230.90375841719614,233.7328537003409,10392700
2024-12-16,231.32862854003906,232.3810843211176,229.33957934401576,232.3231531380507,9032000
2024-12-17,230.15065002441406,230.78792251755053,228.4802370347638,230.43065565931622,8083600
2024-12-18,222.43582153320312,230.83619659782678,221.6247555113085,230.76860039603835,11322400
2024-12-19,224.9365997314453,228.21949397999418,224.27036175710086,224.27036175710086,11790800
2024-12-20,229.41680908203125,230.97135955828864,223.61379044750802,223.93242666437249,32348400
2024-12-23,230.17959594726562,230.40167037895355,226.79048935961865,227.93950685968346,8611500
2024-12-24,233.964599609375,234.13840789117347,230.8361978696138,231.18378496668848,3729100
2024-12-26,234.76600646972656,234.88186883103566,232.4969370056862,233.11489415476902,4451800
2024-12-27,232.86386108398438,235.0074032318014,231.77277470486047,234.3604804730654,5730200
2024-12-30,231.07760620117188,232.54524539548103,228.9437141507797,230.5465457602813,5723800
2024-12-31,231.45416259765625,233.1245756017034,230.7975747930278,231.78244913333967,4871000
2025-01-02,231.73414611816406,234.90117826978482,231.20308575332456,232.62245857695913,9220900
2025-01-03,234.90118408203125,236.4460843210158,231.9851918792467,235.4901756406523,9491100
2025-01-06,233.7559356689453,238.4533732605044,233.49388418568068,236.52198200348707,9917800
2025-01-07,236.00759887695312,238.03603585964578,233.8044559653357,235.00793797890452,8753400
2025-01-08,235.96878051757812,237.05578696137664,233.41624059042408,235.5999684129956,8675300
2025-01-10,232.8048095703125,236.628762281155,231.70810291840846,235.92996814062778,10256800
2025-01-13,237.01698303222656,237.3372500960213,231.96043318189513,232.61069705427852,10005300
2025-01-14,240.1809539794922,240.42359041299397,235.05647368868276,235.51263136841433,12407400
2025-01-15,244.917236328125,246.19834907161936,236.50259128635952,243.02466018784034,18448500
2025-01-16,246.7806854248047,249.46910144518222,244.89782419787434,246.51863391142942,15292300
2025-01-17,251.5266571044922,252.9436457019137,244.71342133292043,246.65451296396108,17678100
2025-01-21,255.28265380859375,256.46672083789156,251.85662841034198,252.4098466101375,13712100
2025-01-22,255.0982666015625,255.6223696516269,252.58455641473486,255.15649698282425,9021900
2025-01-23,258.1166687011719,258.999839319307,256.03968646138014,256.89377150881944,10749700
2025-01-24,257.0393371582031,259.2327800677332,255.26325143834285,255.92321545084891,7666300
2025-01-27,258.0196228027344,258.13608356694,254.53536671960657,256.38911286643724,7522300
2025-01-28,259.2716064453125,259.4559828890109,257.02961850864546,258.0195941318063,7375400
2025-01-29,258.72802734375,262.7072701402544,257.78659694764065,259.33947579733757,7684900
2025-01-30,260.3294982910156,261.75620173432395,258.76690422515134,260.7177106689235,8753500
2025-01-31,259.4268798828125,262.8432200467561,259.0968978658329,261.3000557826277,7193800
2025-02-03,258.9512939453125,260.2712514893426,253.99181967172157,254.11796573208338,8381400
2025-02-04,260.04803466796875,261.8920656979003,258.97071346699056,261.8920656979003,5626000
2025-02-05,262.4647216796875,262.6685576449753,260.42656935778257,260.9895025685149,5704400
2025-02-06,268.744140625,268.8218008796745,263.20233210063896,264.42522935273706,7264400
2025-02-07,267.676513671875,270.3455145608461,266.6186223283094,269.10321715000055,6857900
2025-02-10,263.0567321777344,268.0453220031556,261.64942897239877,268.01620681498275,8627400
2025-02-11,266.8903503417969,268.0841322055861,261.7173548361182,262.29968817500816,7196400
2025-02-12,267.33685302734375,268.3073988294126,265.2016404153094,266.0071803987953,6683900
2025-02-13,268.1811828613281,268.812031614192,265.74510378599365,267.3853283146615,8398700
2025-02-14,268.4432678222656,271.0055230328968,268.30740680766394,269.20029238564155,5688600
2025-02-18,271.7043151855469,271.7237154392855,267.8900475882826,268.6082716385242,7919800
2025-02-19,271.02490234375,271.9954480996811,269.0546956439582,270.18053227508295,7007200
2025-02-20,258.94158935546875,270.52990776080935,257.9128132494212,270.47167738640707,13846700
2025-02-21,256.45703125,261.2709600914064,255.09827295553427,260.41687498668233,12835600
2025-02-24,253.64239501953125,259.13568691818347,250.99279474898321,257.6701535179273,10372800
2025-02-25,249.81846618652344,255.2535282245515,245.88776780849437,254.50621867157093,9608400
2025-02-26,251.1675262451172,253.2250783593955,249.36229586835162,249.58553203875115,5943600
2025-02-27,251.41986083984375,255.87469182858476,250.2649090455339,252.51658225954176,8204400
2025-02-28,256.85491943359375,257.0102103033765,250.29405049282587,253.0503967893836,10467100
2025-03-03,252.943603515625,258.47572558891886,250.2260875328823,256.22405256395905,9058300
2025-03-04,242.8790740966797,249.6534940988536,238.70572440707394,247.76091803763094,13465600
2025-03-05,244.12135314941406,245.5965867262712,240.53033710346665,243.84960154438141,7861400
2025-03-06,239.27835083007812,242.0152970466892,236.66759511360632,240.80211481791196,9983200
2025-03-07,235.14382934570312,239.45305495919504,232.36806783489953,238.00693642207267,20498700
2025-03-10,225.38014221191406,230.5143228718976,221.96381691976234,229.25262520540508,18887200
2025-03-11,222.390869140625,226.44775837890697,220.0130348377413,224.92399432932947,18143000
2025-03-12,221.1873779296875,227.41829488617915,220.56622922120076,227.1077131272591,16054000
2025-03-13,218.5572052001953,222.74025511632564,217.62547474110963,222.54614892341084,16467900
2025-03-14,225.59364318847656,226.27302221151962,220.87679052941755,221.40087868737876,11962100
2025-03-17,227.03976440429688,228.72851937201781,223.67198421387434,224.37076354224342,9586000
2025-03-18,228.0491485595703,229.21380056152384,226.64186010682008,227.4182997112403,10344900
2025-03-19,232.06719970703125,235.19235827185224,227.9714953720013,228.79646520042016,10120600
2025-03-20,231.97012329101562,234.63912397597252,229.2428922333378,229.59228927901535,8328500
2025-03-21,234.51295471191406,235.16321853294548,229.5340506915364,230.80546314828078,19326900
2025-03-24,240.7535858154297,241.36503440089746,237.21109961277028,238.24957590512537,9422700
2025-03-25,243.73316955566406,244.40284852183765,240.32654434675553,241.96676910521467,9287700
2025-03-26,243.63609313964844,247.16887900045046,242.42291097853027,245.1598570425021,12779300
2025-03-27,240.81179809570312,243.25757744441526,239.89948275399726,242.1802711082619,8022500
2025-03-28,235.69703674316406,242.16086005777964,234.00828183952703,239.6665652294854,11978400
2025-03-31,238.0748748779297,238.61837812715723,230.36873927152533,232.35836101622476,13603000
2025-04-01,236.48318481445312,238.45339153399044,233.78506877067235,235.47380892493115,8054700
2025-04-02,238.57955932617188,239.9674326166383,234.34797933558323,234.4838551459041,7758800
2025-04-03,221.95411682128906,228.2141341410838,220.60505877931982,227.36976405138714,17188500
2025-04-04,205.34344482421875,212.58925038559218,204.02513159690807,210.25535885692955,27170700
2025-04-07,209.40577697753906,216.83712407913987,197.41406528016333,200.9393169780438,22914400
2025-04-08,211.77871704101562,222.4911845873146,208.24370556467724,218.27260941397304,19485700
2025-04-09,228.83859252929688,231.9048767833682,206.04652973562588,207.5113154920403,24022400
2025-04-10,221.77833557128906,224.9422782580252,214.9329086419956,224.60048894505405,18896400
2025-04-11,230.65492248535156,232.97905393688654,219.71785872027854,220.9971025358475,20284500
2025-04-14,229.2096710205078,234.15087913970558,228.14526363842643,231.53380246810318,13017800
2025-04-15,227.65701293945312,233.04741393456666,227.3542929260278,230.5572900044825,10912900
2025-04-16,224.2196502685547,228.09645129161805,222.57908239025483,226.55354176223761,9322300
2025-04-17,226.5144805908203,228.83859723978307,225.13757837531108,225.38170933973876,9557900
2025-04-21,223.61419677734375,226.36798622449223,221.02639969234494,225.21569525952322,8716200
2025-04-22,230.0592498779297,230.44986835764868,225.9383180454656,226.53399818903708,10701400
2025-04-23,235.22506713867188,240.99631170351697,234.36572139205154,234.58055782870665,14126800
2025-04-24,238.89678955078125,239.7073061190241,232.00253368423319,234.1118287364866,9055200
2025-04-25,237.83238220214844,239.85377878556818,236.07463632488924,238.9065494767277,8588600
2025-04-28,237.5101318359375,241.04514340247584,235.18600030625285,238.81867021795682,7394300
2025-04-29,238.87725830078125,239.49247309158469,236.01605058594708,236.50431250866183,7216800
2025-04-30,238.87725830078125,239.4631785682675,232.83257331348125,235.5473233123009,12991700
2025-05-01,241.09397888183594,242.61735374261244,236.4847850001896,237.13905420831426,8689600
2025-05-02,246.58203125,247.66597331622904,243.60364543700763,245.36137644120922,7165000
2025-05-05,246.63084411621094,249.16981191085782,244.70709107270193,245.28323652822158,5450700
2025-05-06,243.3985595703125,246.71873456309945,243.1544286178849,244.13095242759528,6369900
2025-05-07,243.53526306152344,246.52342342169658,242.98841213293886,243.98447055318667,8724100
2025-05-08,247.51950073242188,249.87292678022158,245.64457673393773,245.66411138304096,8320100
2025-05-09,247.13864135742188,249.51158700328907,246.41600839213655,248.5253033443988,5087600
2025-05-12,253.9449920654297,257.41166929681515,252.62670882931454,256.72809074382644,9603900
2025-05-13,256.8355712890625,257.480080666336,254.2770833315241,254.90204315724205,8589000
2025-05-14,259.4038391113281,260.3803630716006,256.13247788418613,256.8258015516586,8643100
2025-05-15,261.2103271484375,263.1926691597646,258.54443639594166,260.70254552918584,9214600
2025-05-16,261.27874755859375,262.15761315969064,258.4956483208318,261.2201585052637,8932900
2025-05-19,258.6616516113281,262.0208961622138,255.78089422806747,259.3159059261038,12145000
2025-05-20,259.4428405761719,260.3998446453458,256.14218530617444,256.3570217379832,8436300
2025-05-21,254.91175842285156,259.41351843588865,254.6090384558687,258.1440495292598,7464000
2025-05-22,254.55047607421875,256.1421848603704,252.792715325804,253.3493410528591,6514100
2025-05-23,254.5895233154297,255.8394726451303,249.9901043492613,250.78108627971244,6671800
2025-05-27,259.06201171875,259.0717566921421,255.83946524243134,255.8883093139594,7506600
2025-05-28,257.3042297363281,260.45841213292607,256.728084308059,259.989670011101,5535400
2025-05-29,258.1636047363281,259.17919788181575,256.3668044334763,258.5835028383828,5081200
2025-05-30,257.80230712890625,259.10107079095377,256.56213251620557,257.265230909512,10977700
2025-06-02,258.4468078613281,258.8081169206428,255.75159247660167,256.84529442949264,6011200
2025-06-03,260.01898193359375,260.32170192801004,256.70858174263634,257.53863293425644,6998400
2025-06-04,258.01708984375,260.84900257661883,257.9780205519404,259.67719203257207,5915700
2025-06-05,255.80043029785156,258.5249103385397,254.1989169051607,258.5249103385397,8173800
2025-06-06,259.49169921875,260.39008449229345,258.056207934954,258.12454195712064,7738100
2025-06-09,260.47796630859375,261.61073756854347,257.1675659016327,259.75534818459647,8285000
2025-06-10,262.2943420410156,262.5872873090316,259.60890114666654,259.63819567346815,7538100
2025-06-11,261.8548889160156,263.2903803018637,259.550306718951,262.3724454128917,7434100
2025-06-12,261.9427490234375,261.9915930968164,258.91554891738133,260.5951413369258,6618000
2025-06-13,258.7300109863281,260.75139274608847,256.5425772552077,258.85693405632503,7098300
2025-06-16,264.0129699707031,265.3508326588525,260.5853915714537,260.731864186611,8566000
2025-06-17,263.19268798828125,264.2375756229939,261.51306583381086,261.87440467845437,6739300
2025-06-18,267.5284423828125,271.200181276507,263.3879911545291,263.6614166167527,9586400
2025-06-20,268.5440673828125,270.7900603895567,267.3820015798645,269.1006931474805,13969700
2025-06-23,271.7372741699219,272.0106996489925,265.7218838292262,268.60264103465835,8094600
2025-06-24,274.6571044921875,276.0730461780452,272.94818777394573,273.6317365805569,9267900
2025-06-25,277.391357421875,277.60619385702887,274.3153133103271,274.8914587952529,6826900
2025-06-26,281.9712219238281,282.6157311500764,277.79170162727115,278.01631280950784,8942100
2025-06-27,280.3697509765625,281.9224501380631,278.34836923641,279.10028187976,17868600
2025-06-30,283.10400390625,285.77966944457916,282.13725493022537,283.58249100733053,12689200
2025-07-01,283.59228515625,284.2953834962509,279.86195702454677,284.0610273166312,9338300
2025-07-02,285.14495849609375,285.9457151893501,282.89896560647867,285.18402779363225,8158700
2025-07-03,290.443603515625,290.8360888827844,285.74351114178125,286.66586822419856,6541600
2025-07-07,286.4892272949219,290.4828336535378,284.63469143869315,289.70765491378785,8825700
2025-07-08,277.47174072265625,284.26185381377417,275.04810559551106,283.83990288185674,15440900
2025-07-09,277.8446350097656,281.8088060970764,277.1774068900867,281.7891623646238,11273800
2025-07-10,282.78021240234375,282.89795501811136,277.687634657396,277.687634657396,8410900
2025-07-11,281.47515869140625,281.98541661358325,278.3254239763715,280.16031625567433,7384700
2025-07-14,283.2806396484375,283.8693527089549,279.90521169280953,281.6812326297011,9079900
2025-07-15,281.1709899902344,286.46964738040805,280.121098345475,282.5937831680985,12526100
2025-07-16,280.4547119140625,285.2725470105113,277.6974624718264,282.9862680414337,9979800
2025-07-17,284.4580993652344,284.85058472552134,278.11937245969557,278.11937245969557,8509500
2025-07-18,285.8023986816406,287.0093204502985,282.8194857660448,284.08524890116877,12217000
2025-07-21,285.50799560546875,288.65773001934355,285.125302200427,285.5374312562634,7898100
2025-07-22,285.9593811035156,288.11809552877634,283.75161723688194,286.0280742772089,6717500
2025-07-23,291.1893005371094,291.41496386649595,287.05830810847374,287.34287268108,7083500
2025-07-24,290.9832458496094,293.96618832212596,290.6398398939318,291.8369396401929,7001200
2025-07-25,293.0144348144531,293.2891775825394,290.40436354527543,291.13049296035166,5918500
2025-07-28,292.6807861328125,293.8091927274499,291.2482011503524,292.0724293571669,5840400
2025-07-29,291.4640808105469,295.63430134586406,290.63985258046154,294.36850837533046,7635700
2025-07-30,294.0054626464844,294.9670472888904,291.79769880383014,291.83695632333047,8061700
2025-07-31,290.6790771484375,295.33011989507037,289.9529777509294,293.5246633224064,14749700
2025-08-01,283.9380798339844,286.32245784834123,278.9043729516421,284.9487439683445,12007100
2025-08-04,288.73626708984375,288.79513839592664,284.81135364584816,284.81135364584816,6649500
2025-08-05,285.9004821777344,290.23752439689997,281.8480045472989,289.1581672885365,7182300
2025-08-06,285.880859375,287.7844445938785,284.7131953506969,286.81300825463615,6330200
2025-08-07,281.55364990234375,287.9512476179058,281.0336001027858,287.4410196836242,8057100
2025-08-08,283.33953857421875,285.7631740586469,279.36554536006525,283.55541003235584,6634100
2025-08-11,284.1244812011719,285.8514526951056,283.3591242790355,283.9674810703858,5510100
2025-08-12,287.3527526855469,289.2170807199043,284.88985973561466,286.02808831162713,8570900
2025-08-13,285.0762634277344,289.0207905053278,281.769528771024,288.43207746741234,8420400
2025-08-14,288.6381530761719,288.67741059714604,284.20301143696577,285.1253385944976,6322400
2025-08-15,285.03704833984375,289.9530125511936,284.37964203474183,289.30539816837313,7340500
2025-08-18,286.0575256347656,286.42057536605495,282.9960976961236,284.55624732082714,5386900
2025-08-19,285.203857421875,286.9897003409671,284.0950645111781,285.3706494849781,6031500
2025-08-20,286.754150390625,287.8236856501562,281.8774445149503,285.35100110061984,7374200
2025-08-21,285.9986572265625,287.27424223237057,284.0362003285711,286.45983579537915,6624000
2025-08-22,290.6790771484375,291.5818204071259,284.6837862966605,287.6961645212777,8552800
2025-08-25,289.3642578125,291.76827944217837,288.61854456863614,290.67910031440016,5856300
2025-08-26,292.9653625488281,293.13215460321874,287.99052751038425,288.63814183000835,6714700
2025-08-27,293.6620178222656,295.41842494390727,291.46407591230917,291.6701254801894,6056500
2025-08-28,295.4184265136719,295.5852185641284,293.0929201153854,294.38811877937053,6410500
2025-08-29,295.7618713378906,297.2631495608047,294.10359298088383,296.37022814205386,6796400
2025-09-02,294.07415771484375,294.8198709218748,288.9717581566039,294.62364321253557,7221900
2025-09-03,293.8877258300781,294.9278255320024,290.8164761661132,294.9278255320024,6316900
2025-09-04,298.1168212890625,298.7153562428407,292.68080753910596,294.36852159403367,6605800
2025-09-05,288.8540344238281,299.42185399614533,288.7853412459479,297.9500113286781,9837700
2025-09-08,287.41162109375,290.8949700189617,285.9692141135519,289.3544641521949,8188500
2025-09-09,292.2588806152344,293.3872872696363,286.8228669749493,287.1074315912692,7848200
2025-09-10,294.89837646484375,295.8796048140829,289.8548483762926,291.13046319713106,7787300
2025-09-11,299.82415771484375,299.9909797241969,295.1437088676121,295.5852436958139,7942500
2025-09-12,301.1488037109375,301.7767742987404,297.9990690164523,299.27465392414524,6846700
2025-09-15,303.1014404296875,304.13174819496044,301.40393449781925,301.40393449781925,7122000
2025-09-16,303.385986328125,305.06387836899023,301.3646583866889,304.1807788708881,10525600
2025-09-17,305.89794921875,307.03617773944126,302.973877849489,304.563492987762,8657800
2025-09-18,307.3501892089844,307.556238792954,303.7981171700278,305.9372178866198,8050700
2025-09-19,308.8710632324219,309.8719053836384,303.31730709863126,307.7132209495945,23568600
2025-09-22,306.5749816894531,307.8113389670314,303.74903930910966,303.9845245259009,7520200
2025-09-23,306.8693542480469,310.37234675445063,304.74989735202223,305.9666409066948,8584400
2025-09-24,307.53662109375,310.63727651453155,305.81947137817144,308.15476983779797,7310500
2025-09-25,307.5660705566406,309.7247551863121,305.947019653492,308.22347685107957,7083200
2025-09-26,310.12701416015625,311.8441636854759,307.8113297451866,308.988785738579,7258100
2025-09-29,309.7640075683594,312.0404647281687,307.7721150397051,311.10828573544467,6462400
2025-09-30,309.50885009765625,311.45169300349573,304.28870810842403,310.31346452838187,11823300
2025-10-01,304.8774719238281,308.68464295873514,301.6394301376976,308.07628613361976,9235200
2025-10-02,301.77679443359375,304.73030161726365,300.39328868596704,304.1808160870063,7600000
2025-10-03,304.2102355957031,305.80964265751953,302.4243927447969,302.718779227698,6029900
2025-10-06,304.85113525390625,307.38515966997034,300.857851711314,305.83713416223014,7214500
2025-10-07,303.3819885253906,305.66951307877287,300.43386159315816,305.01875022701944,8454200
2025-10-08,299.7732238769531,304.4567183318842,299.2999336047902,303.8946917756213,6489900
2025-10-09,301.2522277832031,303.7270945284432,299.1422058887319,300.77893750215213,7060300
2025-10-10,296.6772155761719,306.1230715472904,296.5983188157025,301.3804193716138,8597400
2025-10-13,303.6580810546875,305.1272097801061,301.17337467050265,301.3212684867699,10788700
2025-10-14,297.85052490234375,302.70165257420854,290.0907186231138,301.5578902761218,16178800
2025-10-15,301.4100036621094,307.7499693151439,301.1635039391426,302.1002149225357,11354800
2025-10-16,294.3600769042969,304.35808863852304,292.9106575300408,301.0747260223031,10549400
2025-10-17,293.3938293457031,295.3559575215809,290.08088749555986,294.97143359875633,10153500
2025-10-20,298.1265869140625,299.43798218705626,293.9854099500461,294.32064593592156,6894900
2025-10-21,292.9303894042969,299.7929328501146,292.8416531202475,297.436411288458,7372700
2025-10-22,289.9920959472656,293.8868032880077,286.4721030595595,293.6008552074487,8054100
2025-10-23,290.4161376953125,292.22050252499105,288.41456104050746,290.25837425327126,5438800
2025-10-24,296.2335205078125,298.3632818043669,291.31339548312707,291.9345495322769,7228300
2025-10-27,299.89154052734375,300.2662249001909,296.7955198233114,297.92941246883,5642200
2025-10-28,301.0845947265625,303.6580673748709,298.915415308335,300.59159530101573,6336000
2025-10-29,301.2325134277344,303.93414060421026,298.7675163425421,299.2605157595805,7520300
2025-10-30,305.1075134277344,308.233113206998,300.8282816526182,301.50862332627236,7514600
2025-10-31,306.7639465332031,308.4894444595929,302.9481359332913,304.22008283002725,7721300
2025-11-03,305.0187683105469,307.9471862719047,301.9227172950412,306.6456604912348,7770000
2025-11-04,304.920166015625,307.84858401169095,300.82827651560933,302.415720333495,7085200
2025-11-05,307.3161315917969,308.7162632770978,301.35085025066564,305.27510663609064,6865200
2025-11-06,309.03179931640625,310.4319009529449,305.9160390722913,306.63579903674446,7206100
2025-11-07,309.8106994628906,310.0276204199649,303.3327096940284,307.5232049313688,7302300
2025-11-10,312.45318603515625,315.08578608051664,309.8106862822301,310.5896337890794,5794100
2025-11-11,311.200927734375,314.58289630207906,310.86569176259013,313.0546102409576,5030200
2025-11-12,315.92388916015625,317.7381233989844,311.782682032414,311.83200002815875,10578300
2025-11-13,305.1469421386719,316.14082355780937,304.7722577523736,314.7604311532612,8973300
2025-11-14,299.35906982421875,303.3326737235763,297.012418045434,303.20448907001065,10327000
2025-11-17,296.1644592285156,301.31137424610444,293.5022804823602,299.74363974118836,8344000
2025-11-18,295.2179260253906,298.70837045931603,292.8613742767781,295.3066623130797,8077300
2025-11-19,299.02386474609375,300.1873662746028,295.0798692888629,295.5432899586994,5546600
2025-11-20,294.2023620605469,305.58079800315744,293.98544109490615,302.05090502503106,7501600
2025-11-21,293.8473815917969,297.45614117965755,288.7103357437745,297.07161725529045,11766800
2025-11-24,293.8276672363281,295.6221924256846,290.386540762355,294.0642973394352,10940200
2025-11-25,298.75762939453125,300.2366275598507,291.4217960873232,295.84892096661844,8877200
2025-11-26,303.33270263671875,304.21022597199055,298.95486530692773,300.7296512123902,7910900
2025-11-28,308.6965026855469,309.3275563846455,303.9242719247256,304.7722465716023,4322400
2025-12-01,304.59478759765625,309.6430970545817,304.2201032083801,308.5683618849884,7727300
2025-12-02,303.5693359375,306.1329390093465,302.7903884074122,304.4172805196406,7249000
2025-12-03,307.75982666015625,307.98658713845214,302.50443592551073,302.89885953876745,8535300
2025-12-04,311.6742858886719,314.0308078212495,308.61768301012796,308.87405237571005,9627800
2025-12-05,310.6291198730469,314.02095869272745,310.27414460153136,311.2207252653726,6518900
2025-12-08,310.79669189453125,312.0390600856641,308.96274846028484,310.64879808375287,7417200
2025-12-09,296.30255126953125,314.336450228146,295.8193913272319,310.5403783790639,18049200
2025-12-10,305.76806640625,306.8329619363725,294.2811866679717,296.292632599085,18874100
2025-12-11,312.9363098144531,313.5476242674454,304.9102649889192,304.9102649889192,9721900
2025-12-12,314.06036376953125,315.7858618718594,312.16726270211575,315.2041261224818,8982900
2025-12-15,315.5393371582031,318.3593094805321,313.9321843288561,315.1153648797306,10864100
2025-12-16,311.1319580078125,315.0463750601788,309.99806522837446,314.62240273148194,8331300
2025-12-17,310.5699462890625,314.8984658400699,310.2544194174254,313.9716244610726,8718700
2025-12-18,308.6176452636719,313.2518519730792,307.84856735129125,311.57564186364317,11444900
2025-12-19,312.7686767578125,314.099781180705,308.8049723403709,309.39657764946713,24494400
2025-12-22,318.5663757324219,318.7044300194866,313.064515200958,313.064515200958,8354600
2025-12-23,321.3666076660156,323.1907116116738,318.56637445826755,319.07908304324746,6668300
2025-12-24,324.5612487792969,325.36974495293686,320.9426198260136,321.6722493328215,4289300
2025-12-26,323.31890869140625,326.22758744424,321.96809498869885,324.50208933838474,4158300
2025-12-29,319.2171325683594,323.1808371734579,319.0002116144308,322.4216288798564,8635300
2025-12-30,318.89178466796875,320.39049219725354,317.97478280166575,320.2623075229155,7904300
2025-12-31,317.70855712890625,320.3313177342217,317.5310845539587,319.79886991908165,5048500
