Price,Close,High,Low,Open,Volume
Ticker,LIN,LIN,LIN,LIN,LIN
Date,,,,,
2021-01-04,239.9727020263672,247.8355016430695,238.63750910473135,247.29770067098858,1741300
2021-01-05,243.73724365234375,244.08030901432204,238.81372939520938,238.81372939520938,1620000
2021-01-06,251.73910522460938,254.59491761431826,242.3649664907742,242.374219407806,2586600
2021-01-07,251.01585388183594,253.83459773995796,249.42104162878553,249.47667231116338,1757800
2021-01-08,250.71908569335938,252.55498271762127,248.42886209241786,252.2304516072614,1879300
2021-01-11,248.0580291748047,249.50448348522954,244.96113195651662,245.0074814255975,1913200
2021-01-12,247.21424865722656,248.11364902990798,244.47897928408676,245.72144494285877,1785200
2021-01-13,248.24349975585938,248.98526108757153,246.83411361067286,247.24209083202885,1518800
2021-01-14,244.49752807617188,247.82622928702574,244.35845137027707,247.73350205096932,1903400
2021-01-15,239.30511474609375,242.84708577954785,238.20172571579585,242.84708577954785,1955300
2021-01-19,240.1859893798828,244.42334409165795,239.4812963152076,243.92266793174937,1643100
2021-01-20,238.66531372070312,241.72514248545235,238.5633335767335,238.69312905963824,1773300
2021-01-21,234.77098083496094,238.98053332159628,234.5855405495394,238.41494540292598,1559800
2021-01-22,233.17620849609375,236.0320346505703,232.9073221588161,232.9073221588161,1582000
2021-01-25,234.69686889648438,235.09557906474893,228.0950966430181,230.45021865144528,1990700
2021-01-26,237.2281494140625,238.9064076162352,235.7445985915753,236.01348492720416,1544600
2021-01-27,225.22996520996094,232.50859984089882,223.27353955067218,232.32315953372503,2681600
2021-01-28,231.37742614746094,232.91660778194074,228.16000031498172,228.99448888162283,2110400
2021-01-29,227.53875732421875,231.17345580109475,226.33338807276908,229.56936224047146,1647300
2021-02-01,232.20263671875,232.91659681769713,228.0394469980479,230.18131314669958,1629200
2021-02-02,233.8901824951172,235.17901187435592,232.03575091933826,232.49935881328298,1526000
2021-02-03,231.9244842529297,235.03992979498054,231.6277684164535,234.1405293694231,2365700
2021-02-04,231.04364013671875,234.0478246025944,229.30975101394696,231.7483332419069,2712300
2021-02-05,238.6375274658203,240.77939371399697,233.85310465942445,236.4863941529321,2806400
2021-02-08,238.6097412109375,241.05760481947522,237.0242099123617,240.2601844149785,1770400
2021-02-09,237.01490783691406,239.28659795717485,236.39367492361762,239.11970589756874,1389500
2021-02-10,234.32598876953125,236.54203406643222,233.06497465822835,235.68899718940244,1585200
2021-02-11,234.68763732910156,236.64406361337427,233.46370544402797,235.65193572336523,1204000
2021-02-12,234.2888641357422,235.2439093550788,232.63842126629197,233.68617956982212,1478200
2021-02-16,231.93373107910156,236.01347443732885,231.66484475542367,234.16832427743535,2248900
2021-02-17,231.13633728027344,232.07282007924016,229.2448234061477,230.77472370956457,1653200
2021-02-18,231.739013671875,232.95367812629934,228.5401223287549,229.80113624974064,2168500
2021-02-19,232.61990356445312,233.63056538712075,231.0158100497345,231.36815657984224,1962400
2021-02-22,232.7960662841797,233.65837014477344,231.08071147899975,231.89666587041805,2034700
2021-02-23,239.8151092529297,240.33434783972794,231.9986726641056,233.19477482668086,3013500
2021-02-24,236.0784149169922,240.47342289327554,235.96715354864256,239.22167590658128,2155900
2021-02-25,229.02227783203125,235.54987013289093,228.92955060278325,234.53920841575618,2104700
2021-02-26,226.49098205566406,230.14421416213446,226.40752189038875,228.81828835960752,2599300
2021-03-01,233.18548583984375,234.14051689681875,229.2633531689229,229.42097814308306,1517300
2021-03-02,235.52207946777344,238.28517858093133,234.5855966062905,234.7339545293542,1671200
2021-03-03,229.53228759765625,232.92590102049317,229.44884156632202,232.3232022261888,1782800
2021-03-04,228.53582763671875,232.49344019764558,225.78878175976368,230.47273148926766,2369400
2021-03-05,230.60311889648438,231.20839518530042,225.23939453298598,229.3366822011962,2136300
2021-03-08,236.22760009765625,239.03985170090752,230.77076346814627,231.39466785197388,2450500
2021-03-09,244.2918243408203,246.67570206677493,240.26902002149785,243.23956026294502,2812100
2021-03-10,247.3647918701172,248.64053550186884,245.73518653243636,245.94934504640057,2192800
2021-03-11,248.97573852539062,251.42480693239952,248.85467758997802,250.34460805541164,1567200
2021-03-12,250.02801513671875,250.0838850454273,247.15060116598312,248.06319037165835,1139100
2021-03-15,250.49359130859375,250.50291243178916,246.4801089034509,246.86190551970168,1680400
2021-03-16,252.16046142578125,253.02647337174525,249.65552315089306,249.65552315089306,1599500
2021-03-17,251.00576782226562,253.0823608299615,249.94421113508326,251.1361498884092,1670400
2021-03-18,249.46929931640625,251.88111188216277,248.2121694754588,249.1526936795413,1941900
2021-03-19,250.60537719726562,252.25362489466275,245.9493616327562,249.56243425770572,3845200
2021-03-22,251.7600860595703,252.9613461567877,249.21791948540175,250.04667556439563,1347400
2021-03-23,249.45071411132812,253.72493332659238,248.60331580156475,251.60179119839447,1539600
2021-03-24,251.21063232421875,252.5143393066443,248.33321835849523,248.44495817571766,1482100
2021-03-25,254.57237243652344,255.28938877443935,250.22364035526394,251.34109572522667,1847900
2021-03-26,262.04052734375,262.48751502930935,255.5500410783825,256.0808336265978,2235600
2021-03-29,261.6681213378906,263.7633287151513,258.6603245169183,260.85797903224085,2449600
2021-03-30,260.0477294921875,261.4910826118856,259.526258144551,260.9789323869752,1364100
2021-03-31,260.8673400878906,263.7633690875055,258.9304210574342,258.9304210574342,2218400
2021-04-01,261.51904296875,262.06844931988303,258.10154392697893,259.9266938210213,1594900
2021-04-05,265.7654113769531,267.2367284787231,263.12079746248224,263.12079746248224,1400000
2021-04-06,264.5640563964844,265.5977064480337,262.94377235779814,264.9272391875327,1615800
2021-04-07,261.9940490722656,264.85284996831984,261.15597180208596,263.9868093183342,3015900
2021-04-08,262.7855529785156,264.59208945013916,262.52481722065585,263.59569521122046,2003800
2021-04-09,265.2066345214844,265.6070734567554,262.3478625697804,264.2661387040977,1599000
2021-04-12,265.79327392578125,266.6686070470745,263.54907121421553,263.54907121421553,1479900
2021-04-13,266.5941467285156,267.99095139566145,265.5512037906036,265.8212322319126,1543600
2021-04-14,265.439453125,266.80832292618,264.5734409943525,265.2439084157073,1325400
2021-04-15,268.1585693359375,268.9314554381125,266.8921182882695,267.2553011535045,1449100
2021-04-16,270.0115966796875,270.64483627697393,268.6706621718763,268.9686539331807,1304400
2021-04-19,268.6055603027344,270.1699747762509,267.2832393242203,270.03959269442544,1675600
2021-04-20,266.1750183105469,268.0467451263322,266.03534356714255,267.394891766371,1603200
2021-04-21,271.8833923339844,272.3676077548236,267.7115918765268,267.89784387888494,1176400
2021-04-22,268.83837890625,271.7344072574254,268.34484234018197,270.6821430800564,930300
2021-04-23,271.5387878417969,272.30238108658136,268.04677675437165,268.53099206132674,1290600
2021-04-26,269.6019592285156,271.9579023537828,268.90355677930916,271.9392885189753,906300
2021-04-27,270.2444152832031,270.8403988452179,267.85124516552474,268.70793601334555,1199800
2021-04-28,267.3857116699219,270.570410832979,267.20878078107785,268.5869433871459,1366300
2021-04-29,269.4343566894531,269.4343566894531,266.25895005836924,268.521767234169,1290400
2021-04-30,266.1750183105469,268.77308221009054,265.76528678452365,268.4937043052262,1932700
2021-05-03,268.83837890625,269.6578138623491,267.35774078997906,267.57192775943,974900
2021-05-04,263.53045654296875,266.2030046825748,262.5527047322069,264.7223952803629,2301700
2021-05-05,271.548095703125,272.6282946032919,267.01314159803337,267.8046698389728,1763500
2021-05-06,276.00860595703125,276.1017319549629,271.52952111174665,274.68631340782184,2532800
2021-05-07,278.3645324707031,280.20832481673875,276.50212629339717,277.9641219629175,1883600
2021-05-10,280.3014831542969,282.96471065449435,280.3014831542969,281.3164912278868,1695700
2021-05-11,278.0665283203125,280.2362473346886,275.91545155444237,277.4798942716712,1634800
2021-05-12,273.755126953125,277.2843666199447,273.1125944717111,274.64907406802274,1776000
2021-05-13,277.4520263671875,278.23423370580247,273.61544501388255,274.31384746815326,1569300
2021-05-14,280.450439453125,281.07432959225565,278.41110246832534,278.9605088662397,1210600
2021-05-17,280.180419921875,282.35011084727887,278.42975338048507,281.4002938254479,1143000
2021-05-18,277.4984436035156,281.04632411574033,277.3215127922032,280.58072270029817,1305900
2021-05-19,275.7012939453125,276.092383312356,271.4829452638293,274.4069080646194,1882400
2021-05-20,277.61956787109375,280.12450633124286,277.04222653108525,277.04222653108525,1272900
2021-05-21,278.0292663574219,281.25122054659033,277.8150794524609,279.1187578742581,1923500
2021-05-24,280.5435791015625,282.21976191997874,279.8731116578093,280.43183926394806,1058300
2021-05-25,280.5250244140625,281.8659595842925,279.56588604822446,281.60522376886297,1330300
2021-05-26,279.14678955078125,280.84158629539934,276.99571230494604,280.3853057941822,1411600
2021-05-27,280.0873107910156,280.9533229882098,279.14678642013104,280.0500547041704,1710900
2021-05-28,279.9196472167969,282.14520776629837,279.3609196937968,281.77273222365244,1430900
2021-06-01,281.4654541015625,284.678087700089,280.54354372137516,284.1752584942373,1418200
2021-06-02,280.23193359375,282.558780221224,279.70862695076846,282.50271368933835,1562800
2021-06-03,278.7741394042969,279.13857185197884,276.65285110408774,278.1199918587199,1608200
2021-06-04,280.2131652832031,281.969992284789,278.9889987376854,280.3066189888748,1362200
2021-06-07,272.4757080078125,278.46572915671965,272.0645629808238,277.93309714804457,3591400
2021-06-08,273.3355407714844,274.9989148874218,272.2702193341576,274.2513419096382,1721800
2021-06-09,271.4478759765625,275.19512297609407,271.15818933495,273.15796255505177,1720800
2021-06-10,271.3077087402344,273.90556336770993,271.1862502314423,273.0084700803012,1311000
2021-06-11,272.13934326171875,273.50367646028764,270.9525635945202,272.4757424676367,1437700
2021-06-14,271.849609375,272.4476618097399,269.07420233664595,271.9337091618508,1489400
2021-06-15,271.849609375,274.4754961751517,270.01803636364286,274.45681683965245,2011500
2021-06-16,270.5881042480469,275.65299985094464,270.3825174482671,275.4287051942283,2364000
2021-06-17,268.42010498046875,270.4946523310367,266.67263142966243,269.8218253925262,2397800
2021-06-18,263.5421142578125,266.850182383346,263.5140809905654,265.5045285193349,3882300
2021-06-21,269.4385681152344,269.7189291868076,266.68186961216975,267.88735662839116,2282800
2021-06-22,271.3263244628906,272.39161703278927,270.39184428806965,271.74682343071703,2406900
2021-06-23,266.1025695800781,271.3263100578237,265.65400885347293,270.74693694308587,2685000
2021-06-24,266.4483642578125,268.88734407667266,266.15867765522165,268.48552440444337,3124300
2021-06-25,266.4296875,268.08373602446096,264.4579475865305,266.4577492887598,23412000
2021-06-28,270.7096252441406,270.868470939603,268.3827782092811,270.0367982256408,1969300
2021-06-29,271.3450622558594,273.89620394922,270.72830178543995,272.64400366736646,1181800
2021-06-30,270.158203125,270.8870964636569,269.08355671157966,269.3171767370219,1546800
2021-07-01,271.7842712402344,271.8403377817827,270.02744355684496,270.7096245031205,1434800
2021-07-02,272.64398193359375,273.19532188939496,270.56943452321985,271.6534350952966,1066400
2021-07-06,269.5975036621094,272.784084163958,268.6349903183539,272.3542313112892,1288100
2021-07-07,273.363525390625,273.5877915404279,270.37317697556523,271.260944681995,1228600
2021-07-08,268.1865234375,269.09297057490033,266.05590924582725,268.2332645687946,1587100
2021-07-09,273.5317077636719,274.56899567728726,271.0740201273655,271.84030078166523,1405800
2021-07-12,273.3541564941406,275.3539579473035,272.6159376187688,273.1953108194199,1382800
2021-07-13,270.7376403808594,273.38220714758756,269.9059392045267,272.8121878391066,1343000
2021-07-14,272.0179138183594,272.98042755192847,270.5320933083691,271.74690649975827,1106200
2021-07-15,272.9148864746094,274.2698939507585,270.05537981060564,270.27032048804256,1220900
2021-07-16,271.064697265625,273.9615917902348,270.20496287402216,273.5877768698404,1306300
2021-07-19,266.0185546875,266.72874041701743,264.22433972654784,266.5418614431778,1718100
2021-07-20,271.3450622558594,272.41970898480076,265.98115402262084,266.5698812224793,1973600
2021-07-21,274.92413330078125,275.4100528214408,272.42905819179464,272.7841652914632,1370200
2021-07-22,275.87725830078125,277.5873445964129,275.2418185802899,277.222912131277,914600
2021-07-23,279.2320556640625,279.4282885416517,276.7743679165491,277.72755607241925,1102700
2021-07-26,278.914306640625,280.37209347225536,277.400453278399,279.90485337191046,1398400
2021-07-27,279.2694091796875,280.9327827693893,276.21364072110526,278.1480215497005,1551300
2021-07-28,277.4097900390625,279.13858418469135,277.148136712886,278.521823804831,1063500
2021-07-29,279.8301086425781,280.8860473184739,277.84898665387254,278.21344762229955,1295000
2021-07-30,287.2499084472656,288.56750055299136,282.21304602327353,282.5868324335966,2516600
2021-08-02,280.5496520996094,289.86642101083424,280.45619837422447,288.5020878780479,1927600
2021-08-03,283.07281494140625,283.3437937240311,280.3908322417689,280.9889133856553,1133000
2021-08-04,285.5958251953125,287.55823925732034,284.5305326301533,284.5305326301533,1476700
2021-08-05,284.8575744628906,288.74501534844893,284.47446269341117,287.2591953170623,1586500
2021-08-06,285.8294372558594,286.77327132765487,284.01654349395346,284.9884108293631,858900
2021-08-09,283.3905334472656,286.11920022797835,281.97010499662974,286.053779756051,910300
2021-08-10,282.00750732421875,284.736202769376,281.2319011034487,282.1757069598441,1448400
2021-08-11,286.2313232421875,287.7264975237954,283.77366384729754,287.2125447323415,1803100
2021-08-12,286.56768798828125,288.4553276364158,284.8108607325565,287.8198879748344,784500
2021-08-13,289.1282043457031,289.1469122036098,287.17514390554817,287.950778538699,816500
2021-08-16,290.95037841796875,291.2867775578718,288.118904918176,289.56733763398444,1262500
2021-08-17,291.1092224121094,291.8474696556949,287.6142760608176,291.16528893510895,1408500
2021-08-18,289.604736328125,293.77250966267616,289.4085034887186,291.9502905463341,1278800
2021-08-19,290.78228759765625,291.50182726137314,287.5863519829854,288.0535921974176,1402500
2021-08-20,293.2865905761719,293.53888994138754,290.3616632455537,290.50182955956245,1165200
2021-08-23,292.3334045410156,293.7631579895142,292.3240791320666,292.38014565804144,988600
2021-08-24,292.0063781738281,293.7164643626609,291.4643636969674,293.18380381342354,689100
2021-08-25,292.35211181640625,293.015584717842,289.67015842966117,290.1934650164373,801400
2021-08-26,290.92242431640625,293.35207888751285,290.8289705794259,292.9969717978334,880100
2021-08-27,293.93145751953125,294.35195656653616,291.8755893405835,292.76335708105574,1268900
2021-08-30,294.8752136230469,295.5667483584588,293.9781206224343,294.90324688812626,747500
2021-08-31,293.9781799316406,294.80052723063835,292.9315664667628,294.4828073229489,1492900
2021-09-01,293.3146667480469,294.81916626861715,291.6793263032144,292.95020576023717,1050700
2021-09-02,295.8932189941406,295.9869894007113,294.23356578050056,294.8242878657141,893000
2021-09-03,293.8865661621094,296.4650943050169,293.8021814021059,294.8148557515543,1150800
2021-09-07,295.9588317871094,297.2621458806344,293.2865328457914,296.55891082316697,1382700
2021-09-08,292.16131591796875,296.12757154439436,290.9986432299548,294.46791866231104,1521800
2021-09-09,293.2021484375,295.83693350024674,292.7145538169695,293.41778887531206,1211200
2021-09-10,291.08306884765625,294.5992442747736,290.773629385833,293.6240836108679,971100
2021-09-13,293.9523010253906,295.8932369618931,291.7769533655825,294.94620444302996,1354000
2021-09-14,292.4895935058594,296.09015438020435,291.5988174524984,295.9401274336007,1128600
2021-09-15,294.9179992675781,295.40556522360265,292.1331875763834,293.93348173233653,1419000
2021-09-16,293.5584411621094,295.24622253418835,290.59550251956347,294.50547356619745,1232300
2021-09-17,290.03289794921875,291.86129193262894,286.901161255566,290.06102620697254,6512400
2021-09-20,283.3662109375,285.56968648120056,280.8908384440398,282.98177234351755,1885200
2021-09-21,285.94476318359375,287.0136942821222,284.15385434261515,286.4604860979523,1216200
2021-09-22,286.9761962890625,290.00480595456077,286.62927152848295,286.98558191438997,1334000
2021-09-23,291.0174255371094,292.4051530680688,289.310901535803,289.61095537190914,1066900
2021-09-24,290.914306640625,291.72066915721194,288.6170605243499,289.00149914785396,926200
2021-09-27,289.9297790527344,292.8177474205572,289.2359295294899,291.1299658950901,1021600
2021-09-28,281.22833251953125,286.61044335912396,279.634350498682,286.4885447250908,2278000
2021-09-29,280.4877014160156,281.7722730632514,279.7188241068909,280.9846531178232,1197700
2021-09-30,275.0867919921875,281.725318003155,275.01176423234256,280.62828739410196,2084800
2021-10-01,279.278076171875,279.92505468602974,274.3179171015908,277.11211457742877,1597400
2021-10-04,276.2776184082031,279.390612589887,273.79286016051014,277.99352804235014,1495200
2021-10-05,279.2593078613281,280.9752173698563,275.90254522023264,276.44636772314396,1359900
2021-10-06,277.5902404785156,277.7683956062853,272.1706447437826,275.51804968383266,2050200
2021-10-07,280.50640869140625,283.52563240896427,278.90304074086055,278.96865426700765,1375800
2021-10-08,277.7215881347656,281.58468809634905,277.25276476826843,280.9658378188079,909400
2021-10-11,276.4557800292969,279.58751691830554,276.32452435649424,277.1308868722078,748800
2021-10-12,277.36529541015625,278.5654821600108,275.86505481916083,277.28091063259336,1063900
2021-10-13,282.2222900390625,283.29122108394404,279.2968367168517,280.14071308061125,1430000
2021-10-14,289.5171813964844,289.8641347359718,284.7070775272476,285.37279871843725,1126400
2021-10-15,289.0202941894531,290.2392524248211,287.46379677841435,289.273477185921,1230500
2021-10-18,288.7670593261719,289.2921391962371,286.7042251118394,288.12008080507246,1010600
2021-10-19,291.3080749511719,291.5987431440469,287.8294136458333,288.8327024997992,984800
2021-10-20,291.8144226074219,292.5457859276527,290.86739023344956,291.7487804674082,745300
2021-10-21,291.8988342285156,292.17075982307693,289.1796641270342,291.767578551124,856900
2021-10-22,294.56170654296875,295.34932634111027,293.3427772728059,293.520932435866,1214800
2021-10-25,296.9339904785156,297.96540771175404,294.3835899630126,295.4243928212337,1225400
2021-10-26,297.01837158203125,299.21246169755096,296.9339868023624,298.02166054261073,1069800
2021-10-27,299.0811462402344,301.37839192596414,297.00895520334575,299.5780978087562,1536000
2021-10-28,298.1341857910156,298.59365220764147,295.9400955856461,296.71835849897917,1565000
2021-10-29,299.2969055175781,302.5974123438892,297.09342955319295,297.8341786252018,1890800
2021-11-01,302.8317565917969,304.09758536286563,300.49702545973446,301.37841564908865,1367700
2021-11-02,307.1449279785156,308.2419585632491,305.6915584644774,306.732361152633,2012300
2021-11-03,307.9326171875,309.5734992375869,305.01652049312383,309.320344879727,1856300
2021-11-04,310.8299255371094,310.951824203909,307.86695810727394,308.86086146234845,1628200
2021-11-05,311.2892761230469,311.8706124190384,310.0422187733911,310.8110958295681,1693200
2021-11-08,316.4838562011719,316.83078086531015,314.1678679513071,314.421022232372,1448700
2021-11-09,317.50592041015625,318.94990433770226,316.4838889427413,318.78113479953237,1813000
2021-11-10,315.6306457519531,317.5247105084392,314.5898715900769,316.6151920124743,1540100
2021-11-11,314.73052978515625,316.71833643204536,314.7117871503645,316.53079562528956,924900
2021-11-12,316.00567626953125,316.7182969086235,314.63672011811735,316.7182969086235,1044100
2021-11-15,313.1833801269531,315.7337802686944,312.0113217642909,315.7337802686944,1274900
2021-11-16,312.208251953125,314.41172762651297,312.1144815514408,313.1271561060957,1604300
2021-11-17,310.8111877441406,313.57722877929734,310.42674910236406,313.49284399666993,1304600
2021-11-18,310.3610534667969,311.0736741057831,308.64517261967165,310.79236293079623,1762900
2021-11-19,311.47686767578125,312.46138529054423,309.8641141651827,311.1299429660973,2067000
2021-11-22,309.17962646484375,313.52093544341466,309.17962646484375,312.02069493854043,955500
2021-11-23,309.6578063964844,310.7923508317243,308.0544386358902,308.4670054513783,986800
2021-11-24,306.8448486328125,307.8293661130258,304.585116902012,305.0351975695198,1327400
2021-11-26,300.58148193359375,304.2382992220297,299.2406536969528,303.028726675377,1319000
2021-11-29,300.7408447265625,302.53175366296875,298.7530379616709,301.4534654968864,1857200
2021-11-30,298.30291748046875,300.77828974449454,296.1087991494555,300.38446556298567,3243900
2021-12-01,298.443603515625,305.494697044756,298.3967040075015,301.6409824895169,2459500
2021-12-02,304.81268310546875,305.46182352372296,300.4850898872153,301.0495635609568,2183900
2021-12-03,301.7080383300781,307.6349385052268,299.41253373981937,305.92271269096045,2566700
2021-12-06,305.7816467285156,307.0987326611515,304.30461560283965,305.9039526919604,1672900
2021-12-07,311.0688781738281,312.8281320496233,310.44795997466656,311.078295160434,1797500
2021-12-08,313.4584045410156,314.2486560790755,311.2475664052009,314.1263501189616,1370100
2021-12-09,312.45184326171875,314.22051422285296,310.92778428339193,311.445201789748,1086500
2021-12-10,314.2204284667969,315.01067999135535,313.0820930372885,313.25142649748267,1116600
2021-12-13,314.39923095703125,315.6316503052123,311.7932810204811,313.9194240300685,1016800
2021-12-14,314.69085693359375,316.1584711892834,313.2984924326708,315.3399973209552,1631400
2021-12-15,321.14453125,321.19158745923306,314.80368552310927,316.2807164811345,1445100
2021-12-16,319.8745422363281,322.97910402669714,318.52920533086916,320.7118213112956,1449500
2021-12-17,314.06060791015625,318.9150366676816,313.3926620785598,318.1059795632591,2791400
2021-12-20,310.7583923339844,311.0876710080698,307.6444134736957,310.7960028547841,1621800
2021-12-21,313.1761779785156,314.2298466820537,310.06217065993667,310.83361692871233,1051900
2021-12-22,315.49053955078125,315.66929002540246,311.8120867624917,312.4706441648143,923400
2021-12-23,319.0843505859375,320.4672982708706,315.36825827238266,315.49056426042097,1151900
2021-12-27,323.08258056640625,323.50591420961786,320.4954363645015,321.5867155627703,1094400
2021-12-28,323.43072509765625,324.5220332108266,322.5840289421879,323.0450018990968,926400
2021-12-29,324.9453125,325.98017594347164,323.5811991197901,323.7881718084844,802100
2021-12-30,323.938720703125,325.71680844221453,323.40249799591425,324.8136678039574,925300
2021-12-31,325.9143371582031,326.42236628587364,323.2801652190243,323.36483195524926,817800
2022-01-03,318.5857238769531,326.06490696750535,318.32227793910585,325.90499045989753,1514700
2022-01-04,324.39031982421875,325.1617662441165,318.23761114824765,318.886751585683,1919900
2022-01-05,325.89556884765625,331.32385853899405,325.8109021018319,327.09976597214273,1654900
2022-01-06,317.9930725097656,325.03950586642435,317.70143299235576,324.2680593382886,1649400
2022-01-07,316.365478515625,318.1623716544477,313.5619439459396,318.00242643137614,1441000
2022-01-10,315.5657653808594,315.6786543646237,311.06883902887876,313.6748174821643,1415600
2022-01-11,316.50653076171875,316.5441699913645,311.3981035070497,314.3991932666774,1571700
2022-01-12,321.0787658691406,321.67146177350475,317.2121457222676,318.2752315557686,1274400
2022-01-13,313.6654052734375,319.8086963896182,313.08212637489174,318.2469984330128,1446200
2022-01-14,309.16851806640625,311.15354997034643,305.91342749404544,309.65771330232235,1850700
2022-01-18,302.140869140625,304.624513089809,299.6007519852491,303.71195545950377,2207400
2022-01-19,303.10986328125,307.4656785963948,302.7993898518294,306.09211933891925,1442400
2022-01-20,302.6300964355469,308.19952653790546,302.22556793548125,304.64337936944344,1611700
2022-01-21,297.3992919921875,302.94988681274674,296.81601313688503,301.70807935417236,1921800
2022-01-24,297.43701171875,298.02029073190926,286.1194293349948,295.2167559634514,2877700
2022-01-25,295.0191650390625,297.4934207667228,288.1608715374639,291.9898526163122,1941600
2022-01-26,290.6351013183594,298.9233691905682,287.6528453829908,298.3212850384165,2092900
2022-01-27,292.91180419921875,295.461309485586,289.10162868251183,292.32852530148296,2151600
2022-01-28,296.28924560546875,296.31746785611347,287.3330306401819,289.15811736575205,1898400
2022-01-31,299.8077087402344,300.0146814508374,291.2183843156917,291.6981912153446,2381400
2022-02-01,302.37603759765625,303.00634398302986,297.2205539812237,301.46348004736467,1875800
2022-02-02,303.2038879394531,305.2924199556534,301.04949445586453,301.35993911448264,1730400
2022-02-03,293.3351745605469,300.5979968643958,292.5637568276147,300.1746631165047,1556300
2022-02-04,280.33355712890625,286.3827639637811,279.8913895029017,283.5604247451101,3291600
2022-02-07,278.9129638671875,281.8952482028292,278.0098233776926,279.1387418119816,2533400
2022-02-08,281.020263671875,281.89521051160307,277.4547296923565,278.9599540701502,1993000
2022-02-09,286.1381530761719,286.9095993558675,283.8802874351558,284.8398724372498,1880800
2022-02-10,290.55987548828125,298.08611462692375,289.0922611530719,291.35012715259984,2497900
2022-02-11,277.2760925292969,290.7950961842849,276.12833981071395,288.80064722977306,2209700
2022-02-14,276.1283874511719,278.3298095285291,273.12729651456567,276.7963333101611,1774400
2022-02-15,284.0213928222656,284.698755371693,281.2178876204479,282.77016842237606,1697600
2022-02-16,285.837158203125,287.1918836214445,281.3966757120389,283.4664030762286,1805400
2022-02-17,281.2649230957031,284.72698568633166,280.352365589499,284.0872623466041,2055900
2022-02-18,284.9245300292969,287.1824243082054,280.9450502188734,282.0551633894684,2871400
2022-02-22,276.2035217285156,277.59588608602,272.58151397031037,273.9550730686407,3590700
2022-02-23,273.8515930175781,279.5244941559865,273.4376476019794,278.3297141261528,3391600
2022-02-24,268.3574523925781,268.96895355342394,260.3608236622121,260.3608236622121,4444500
2022-02-25,279.8725891113281,280.0231173329552,270.5682913001888,270.643541055841,2888900
2022-02-28,275.8742370605469,277.2666013876912,270.9069212665621,270.9069212665621,3233300
2022-03-01,265.8266906738281,275.77073828025743,263.9357144251206,274.707652701836,3439200
2022-03-02,273.01434326171875,274.7359578764295,265.7138819221265,267.2943852914224,2964500
2022-03-03,270.3895263671875,274.5665909853432,268.75257869883393,273.37178226206896,3092200
2022-03-04,264.7636413574219,264.8671420605411,260.0032980616157,261.8754405994788,3849600
2022-03-07,254.94190979003906,264.5660975165743,253.88824100365935,264.2085965975552,3732000
2022-03-08,255.36524963378906,262.08240190891024,251.6679922226362,257.3032535612273,3117300
2022-03-09,275.43212890625,278.75308090031797,265.2434949288585,267.4825557488858,4117600
2022-03-10,267.76239013671875,272.20178015363064,264.6264614576166,264.9853968736675,2525900
2022-03-11,265.1931457519531,273.4485433280898,264.78696538642146,272.3623113563114,2007300
2022-03-14,269.5380859375,276.41447107549027,268.8202440452024,272.65513340260856,2541100
2022-03-15,277.7935485839844,278.24691640070637,271.4083494602741,274.0814554569612,3413500
2022-03-16,287.64520263671875,291.2156177655921,282.0250914035301,286.27558697721355,3535700
2022-03-17,292.2168273925781,292.8969078003532,285.3877166577503,286.0961325481194,2265300
2022-03-18,294.37982177734375,295.2393697229278,287.81515730062006,287.81515730062006,3242700
2022-03-21,293.4731140136719,295.1355104418368,291.22506954349234,294.2570816170913,1556300
2022-03-22,294.8238220214844,296.02339594606303,292.44352606098914,294.6065640935846,1721900
2022-03-23,290.2615966796875,293.4919858682121,289.9310256533015,290.6772029805624,1854000
2022-03-24,300.4061279296875,300.49113437751544,292.52854668361726,292.52854668361726,2115900
2022-03-25,301.0672912597656,303.14532268413217,298.24308253686735,302.8619678651348,1813500
2022-03-28,304.7511291503906,304.807800123914,301.3507266113871,301.6624169657655,1722500
2022-03-29,308.2459716796875,310.7584905946215,302.95645969169607,309.55891652483297,2514200
2022-03-30,307.56585693359375,308.4348598281786,304.58106100943627,306.60242164166726,1526700
2022-03-31,301.71905517578125,306.866889040809,301.5207067899881,305.5917346239609,2311300
2022-04-01,304.8360595703125,304.99661768007104,302.6068961408764,303.09808288958124,1477700
2022-04-04,303.6175842285156,304.12765170184394,301.48288195076475,302.60690405050843,1301800
2022-04-05,303.9293212890625,307.01803325931576,302.8903342962317,303.04143766479285,1376900
2022-04-06,297.5819396972656,299.3482811581098,294.8238561805058,298.49815888771116,2257600
2022-04-07,300.4155578613281,301.7851734651639,296.9301493265342,299.2159839809218,1471400
2022-04-08,300.1983642578125,303.6365281770955,299.5466192465781,299.8960998532214,1357200
2022-04-11,299.56549072265625,301.7096481494758,299.19712941165756,300.2266904841155,1235700
2022-04-12,296.5901184082031,299.99994637913244,295.54167673033277,297.44966647793854,1827900
2022-04-13,301.5489807128906,301.71899358029117,296.14612859768465,296.5900703017938,1208900
2022-04-14,300.8594970703125,302.91864784319404,299.06484923705386,301.2751033675534,1785300
2022-04-18,299.933837890625,302.16297262896353,298.1864063361221,300.83114735203475,915800
2022-04-19,300.510009765625,301.46401903909396,297.11906255438885,297.6196752886267,1944600
2022-04-20,308.2742919921875,309.6911239464308,302.18193188425295,302.18193188425295,1957100
2022-04-21,306.3851623535156,313.8849279721533,305.6389561694044,312.82703146205637,1475000
2022-04-22,292.5474853515625,304.770025580661,291.8957402969188,304.770025580661,2339100
2022-04-25,296.5806579589844,296.75069967622045,289.52483469743123,294.0398040502721,2293300
2022-04-26,286.7006530761719,296.165079675154,286.7006530761719,294.36100577768985,2500300
2022-04-27,290.01605224609375,292.8685967588508,286.64398540839994,287.4940787826834,2610900
2022-04-28,297.7140808105469,298.9703253829807,286.2188419608835,288.56134707042287,3304900
2022-04-29,294.6632080078125,301.21841841613593,293.7281082951965,296.1461654620432,2534900
2022-05-02,295.9195556640625,298.1486909622217,289.8838371799815,297.11912977869673,2195400
2022-05-03,296.599609375,299.13100887197106,294.6254936521406,296.70349654832535,1771900
2022-05-04,304.37322998046875,304.9966394036414,294.833252681004,297.35519702989075,1730100
2022-05-05,295.2771911621094,301.9551989098245,292.27351453877696,301.1995667818036,1769500
2022-05-06,291.54620361328125,292.641890323101,286.9462276812343,288.5425271370865,2273000
2022-05-09,283.6214599609375,288.65595319685457,283.19642759544,286.8801855573763,2027000
2022-05-10,282.7807312011719,289.64763204819184,281.562247823394,289.2225998179315,2524900
2022-05-11,283.79144287109375,289.72324464308804,280.9105340278053,281.55282424168877,1759200
2022-05-12,284.6320495605469,285.5671492913477,279.89039634790566,280.0698640089403,2455200
2022-05-13,291.650146484375,293.9265267871607,285.8128053136171,286.47400513868325,1845400
2022-05-16,292.282958984375,294.3515357317476,288.0230087874223,290.30884345604784,1598800
2022-05-17,301.0956726074219,301.2184693228649,297.46858624416444,299.34826958156407,1396600
2022-05-18,292.8780212402344,298.75315139342763,291.78233455927534,297.17573269246947,1737200
2022-05-19,293.4731140136719,296.6845937601351,290.8755889675517,291.3667469627227,1957800
2022-05-20,297.7047424316406,299.1877002238033,290.28998229634885,298.0164616238897,2372000
2022-05-23,302.6541748046875,305.5917255530402,301.0578753449564,302.18189754028225,1981100
2022-05-24,302.72027587890625,303.80653666239556,298.18642560844927,303.20200791939226,1707700
2022-05-25,298.3375244140625,302.29520980745247,295.9194673636327,301.08618128223753,2260100
2022-05-26,302.569091796875,303.91037169941086,299.5937512656196,299.9432317740622,2651600
2022-05-27,311.353515625,311.52352852297986,305.43114024905043,305.9506625380113,1879000
2022-05-31,306.67791748046875,309.672167629333,304.99661179158494,306.4606884155172,2510400
2022-06-01,301.8890686035156,307.10302821472504,300.17942715868577,305.5917351560337,1853800
2022-06-02,315.863037109375,316.07160381585993,306.1457785658177,306.72408899665794,2282400
2022-06-03,314.6495056152344,316.2232306565343,312.67762625794273,313.12319918488566,1332800
2022-06-06,318.0718688964844,320.422952320413,316.03359205332356,318.8966459964223,1728400
2022-06-07,318.3088073730469,318.65957191039604,313.9858167181646,314.3081416695509,1726100
2022-06-08,311.5210266113281,316.4033496663359,310.27911615262013,313.72991217280355,1917000
2022-06-09,302.1261291503906,309.62501135469796,302.031320851683,307.39714652650804,1666100
2022-06-10,294.7315673828125,297.00682206932896,291.85902326172294,296.21048437561984,2007900
2022-06-13,285.66839599609375,288.6736483491309,284.170529039908,286.9008460080026,2039600
2022-06-14,280.2551574707031,284.5117806388277,277.979903162816,283.7059825006174,2420300
2022-06-15,284.3980407714844,287.09991809543567,278.77625886648207,284.02832602646333,1979500
2022-06-16,274.6618347167969,276.45358712180956,272.87005338035397,274.77559310042557,2986900
2022-06-17,275.5719299316406,277.3068320713232,268.92629363454716,270.2250833963227,5565600
2022-06-21,283.2509765625,284.9858500005088,277.6197043917186,278.1411356261592,3779400
2022-06-22,282.8906555175781,285.2607180285019,278.09365130998253,278.33065756107493,2768900
2022-06-23,281.4022521972656,284.2084270695475,277.7713291231966,281.5255000781234,2812400
2022-06-24,287.46966552734375,288.7874053905147,281.9995421073717,282.046960721896,23958800
2022-06-27,280.8619384765625,285.16595180056635,280.1319405994181,284.0472890739626,2714300
2022-06-28,278.1505126953125,283.4594581663179,277.0034106142345,280.85238957114274,2535500
2022-06-29,276.2640075683594,277.14566399879016,273.63798836441805,275.99856168829103,1951200
2022-06-30,272.58563232421875,274.5385615471853,267.8170676399573,269.3528635404041,2926900
2022-07-01,270.6042175292969,271.25835699521974,266.3286161656549,268.78399707381095,3307600
2022-07-05,256.5640869140625,259.2564752454513,252.96157348054894,258.0335145298332,4332700
2022-07-06,260.0338439941406,261.1619963130779,255.54018480735144,255.5970640056648,3484100
2022-07-07,259.6451110839844,261.90141538207536,259.37017571258417,260.5362569652712,2338000
2022-07-08,259.45550537109375,262.01518474273604,257.83439053248316,260.4793886923228,1711900
2022-07-11,262.3848876953125,263.71214593585944,256.67778720039115,256.85791427785307,2251700
2022-07-12,259.3227844238281,263.21915355453723,258.9151116579246,260.6689638147507,2146600
2022-07-13,260.450927734375,261.53166122766476,255.303129817241,256.0994963046267,2423300
2022-07-14,255.0283203125,255.13258921867342,251.3404876454317,253.90016777994546,2473800
2022-07-15,262.583984375,262.583984375,259.0573300906939,260.9533801589998,2370100
2022-07-18,262.7261657714844,266.00632408194656,261.91084924919915,265.21947608306107,2244100
2022-07-19,270.898193359375,271.53338295552464,265.73144459062155,266.22443619701596,2097500
2022-07-20,268.4237976074219,270.9455185089178,267.2766665899565,269.6182893682817,1997000
2022-07-21,272.1116027832031,272.3106799237637,267.42835717194004,267.81705087684213,1544800
2022-07-22,270.6990966796875,273.69485948433464,269.76053215202796,272.253842808102,1203700
2022-07-25,273.1165771484375,273.277754162712,269.77953885056263,272.0074038629852,1460700
2022-07-26,271.722900390625,272.69936490976966,269.5708942181401,269.7415317617363,1448500
2022-07-27,275.3538818359375,275.61932768736943,270.29140271056775,271.31528594568243,3179200
2022-07-28,281.4970397949219,281.8667834103191,271.5522673863007,271.5522673863007,1941300
2022-07-29,286.30364990234375,287.3938732464792,283.22256757723574,283.58282183197065,1711400
2022-08-01,284.47393798828125,286.57855515820006,282.97604192181103,284.8152131843272,1247900
2022-08-02,282.17022705078125,284.9953235569324,280.4448142882685,282.9191461086035,1428100
2022-08-03,284.4644470214844,285.66842864328316,280.41638972146126,284.29380942433505,1297100
2022-08-04,286.531005859375,288.3132971096992,285.7536475124339,285.7536475124339,1451100
2022-08-05,286.27508544921875,286.36989372723855,283.8386544680892,284.5117440586084,1113100
2022-08-08,285.33660888671875,289.9629471351194,285.0616735031861,289.7733594714038,1081700
2022-08-09,285.0427551269531,287.00514534101933,284.1895092853037,285.02377610646886,884200
2022-08-10,293.3188781738281,295.10116949272316,290.50324325651457,292.01059927245103,1246500
2022-08-11,289.972412109375,293.93514980233317,289.7259163428276,293.16725184039626,1165400
2022-08-12,295.357177734375,295.37615675052405,289.6880067397981,290.0767004623023,1149000
2022-08-15,295.98284912109375,296.1914157586006,292.18128890445297,293.73603471288425,1263500
2022-08-16,296.0587158203125,297.1868678104044,293.1767119096338,293.2146410079312,938400
2022-08-17,293.3758239746094,294.0394530824124,291.04369045159524,292.4277989242784,912200
2022-08-18,294.04888916015625,294.93054535321784,292.10542080126305,293.44213935110963,1113600
2022-08-19,287.96258544921875,292.49414366133544,287.46962287874254,292.4657040694123,1154000
2022-08-22,280.4162902832031,282.065844333567,279.145940402513,281.004061085911,1966500
2022-08-23,278.8900451660156,281.1273996725219,277.02243437297125,278.1980052891761,1461600
2022-08-24,277.89453125,279.6388935169206,276.82325853145,278.91838536679717,1439300
2022-08-25,281.6772155761719,282.07539885152556,277.6955274797869,279.06065701895443,1332400
2022-08-26,271.3721923828125,281.7720291747927,271.16362569778505,281.5350228932357,1782500
2022-08-29,272.5666809082031,273.8180519382244,270.8602185249292,271.46696842069616,1456100
2022-08-30,269.8553466796875,274.955726493213,267.9592964252278,274.4532743330384,1674300
2022-08-31,268.1583557128906,270.8981620349052,267.6369535002682,270.12077453889117,2947800
2022-09-01,265.73089599609375,266.16879072667336,260.1714079703463,264.48379806604737,3096300
2022-09-02,264.3695373535156,272.08044056923035,263.2176706903658,269.4625433019663,2400600
2022-09-06,263.6365966796875,265.7594843153163,260.62839055695474,263.08444195218544,2738500
2022-09-07,272.0994873046875,272.3660357001385,264.0268621558308,264.274352704152,1313700
2022-09-08,270.271728515625,270.4621036210556,266.08309852541043,266.2258871173823,1510300
2022-09-09,273.2418518066406,274.2223722226619,271.38551292652073,272.6040240168345,1679400
2022-09-12,280.3625183105469,281.00031699204476,276.78312959095194,278.839372320192,1752700
2022-09-13,271.86151123046875,277.57328776971883,271.25227017311295,274.76501506887956,1752500
2022-09-14,272.803955078125,273.65118676549594,269.65296089797795,271.89004997846735,1325300
2022-09-15,269.31024169921875,273.8511223658369,269.07225102450195,271.2617826628542,1382600
2022-09-16,269.7480773925781,270.2716741933637,265.1405824242491,266.87316112952857,3278300
2022-09-19,271.4426574707031,271.604474860361,266.66378613692206,267.04456540554787,1144000
2022-09-20,268.00604248046875,269.1579091473134,265.63566478919824,267.0731086291136,1589700
2022-09-21,263.2461853027344,270.07176911553034,263.0938678186614,268.348719338615,1428600
2022-09-22,260.9044494628906,264.13158822201615,260.1714195197827,263.3129141653904,1537400
2022-09-23,256.2207336425781,257.58203321828273,253.09829740763092,256.8585613813761,1947200
2022-09-26,251.55606079101562,256.6205076627652,250.33755009759184,253.45045664483573,2174000
2022-09-27,252.4605255126953,256.23028975763185,249.86165682287873,255.15456723344116,1947400
2022-09-28,258.4102783203125,259.7811068888591,252.2225209670324,253.6409360484277,1880200
2022-09-29,256.6586608886719,257.4963927497661,252.4795595587279,255.49729423313357,1463900
2022-09-30,256.6396179199219,260.971065587156,256.4206560428104,257.15368590658613,2625100
2022-10-03,262.57037353515625,264.00781753726574,258.24845450158995,259.43840794297734,3081000
2022-10-04,272.6991882324219,273.37510257071057,269.2721171881416,269.98608911188364,2425100
2022-10-05,270.1575012207031,272.56596567585,267.80615220310153,269.8052796719751,1861400
2022-10-06,265.42620849609375,268.6914331112102,264.00776452370144,266.93029656127896,2182300
2022-10-07,260.07623291015625,263.69367971155305,258.8101061935492,263.1986695439548,1587900
2022-10-10,258.7720031738281,261.59933350261707,257.1917706864498,260.74257289877704,1207900
2022-10-11,257.98187255859375,261.8373095868946,256.0208318662242,257.31548709739894,1092900
2022-10-12,258.5435485839844,260.66643588307784,257.0109025676586,258.0580383060096,1437300
2022-10-13,268.8913879394531,269.42448475078305,253.43152230769076,254.15502328803737,2124500
2022-10-14,262.1133728027344,273.77491438601083,261.76115129704533,271.9661912976987,1640000
2022-10-17,267.42535400390625,270.0718089453415,267.10166114527,267.73948888816705,1508200
2022-10-18,270.9857177734375,274.9553861408734,269.1960231692344,274.3271162962124,1692800
2022-10-19,270.271728515625,272.35652911320005,268.28212999656296,270.3574016708081,1186500
2022-10-20,268.6724548339844,274.36517343178144,267.97751157452336,270.74772663684956,1345100
2022-10-21,274.4698181152344,274.86012620245356,266.1115890406364,266.98737821795754,1610500
2022-10-24,264.7598571777344,280.7147610672393,263.3509709976272,279.23920147523535,4454300
2022-10-25,274.3366394042969,274.39375484955815,264.7408669296028,264.96932871064797,2999600
2022-10-26,280.6766357421875,282.35209913258484,276.28810231602887,277.69698830196154,2597200
2022-10-27,279.172607421875,282.4568615026551,278.15400029947403,279.87705056556274,2338500
2022-10-28,287.3022766113281,288.4446432547554,280.514808254247,281.8284921271207,2249300
2022-10-31,283.0660705566406,288.2161914474982,282.84710871117795,286.2360930710826,2016100
2022-11-01,283.84674072265625,289.4156994663158,282.21886353298623,289.4156994663158,1891500
2022-11-02,280.20074462890625,287.8164475062617,279.7628498479066,287.8164475062617,2587800
2022-11-03,283.3041076660156,283.89431989662626,276.012069837705,276.0596563524589,2396100
2022-11-04,294.0898132324219,295.1465068762248,288.4732394317986,291.43385836744636,2948000
2022-11-07,298.4307556152344,298.8686793422305,294.5562897899168,296.1460511133002,1575900
2022-11-08,299.5921325683594,303.20960776891417,298.62114120456636,299.58263269773255,1520000
2022-11-09,299.3351135253906,303.5523007478361,298.2784199634253,300.5345956628669,1165500
2022-11-10,312.5959777832031,314.2714413815054,308.94997353416494,314.1476815859587,2683400
2022-11-11,314.3570556640625,318.202992271005,313.66211258545974,317.16535663961605,2133700
2022-11-14,316.1278076171875,321.7919981446554,315.99454792621196,317.0036262140566,1908500
2022-11-15,316.58465576171875,322.953287393623,314.1000475101747,322.7343255537665,1865500
2022-11-16,317.69854736328125,320.00228100991484,317.298710215073,319.7071748737891,1418500
2022-11-17,314.4713134765625,315.43280497363014,312.24372453769803,313.8715724061774,1520600
2022-11-18,318.82177734375,319.5738358838193,315.09007140909375,318.1078054396767,1257400
2022-11-21,318.3077697753906,319.7833294211306,316.66089286417196,316.66089286417196,1065700
2022-11-22,323.4388732910156,323.92435453851107,318.1935492411205,320.0022726561058,1010400
2022-11-23,326.389892578125,326.9991626045988,324.00048613775743,324.3717364557199,954500
2022-11-25,327.8750305175781,328.02731899559996,326.04724921373514,326.77075021653104,458500
2022-11-28,321.477783203125,328.36045424155753,320.6209936176863,328.15102130647585,2881100
2022-11-29,316.0230407714844,319.3834677499792,315.1091647657222,318.679024688412,1888300
2022-11-30,320.3164367675781,320.88759117663705,312.62456147414485,316.16586406829833,3115200
2022-12-01,322.1792297363281,323.0103225093036,318.0237367184843,322.2078871025353,1420000
2022-12-02,322.26513671875,323.81269248717626,318.7019160911428,319.3897218941056,1200800
2022-12-05,319.3133850097656,321.2621442697005,317.70848500051045,320.1826973451634,2145000
2022-12-06,316.6767883300781,320.6412128812941,314.75665729813176,319.9438739057664,1242100
2022-12-07,316.58123779296875,318.9981061089491,314.84261322415415,317.2212911550588,1849300
2022-12-08,319.666748046875,320.2017048524745,316.1130897508444,316.4761024017068,966900
2022-12-09,317.35498046875,320.8226670474729,317.32632310665156,319.7527533251814,1262900
2022-12-12,321.0233459472656,321.74937149934465,318.7020115989745,320.99468857826093,1246900
2022-12-13,327.1370849609375,332.0567927454535,325.23604958467905,330.5760847481595,1969400
2022-12-14,326.716796875,330.0125102596111,324.7966660789379,327.7102715693429,1824800
2022-12-15,316.00799560546875,321.7397006949485,313.9063878977686,321.35759285290845,1882800
2022-12-16,314.8903503417969,315.18648612550805,309.53119056784135,312.91290495794885,3857600
2022-12-19,312.4257507324219,315.72149356700066,311.6137823164228,314.28856696987356,1254700
2022-12-20,314.2217102050781,316.1227461031291,311.7475269538139,313.36196002229013,1312900
2022-12-21,313.9732971191406,315.54951035046895,311.47998998892524,311.47998998892524,1723800
2022-12-22,313.0085144042969,313.18045861298964,308.604637817431,311.7379697275849,1202200
2022-12-23,314.603759765625,314.87123819846806,311.02144370810373,311.5946201078997,636600
2022-12-27,314.2408447265625,317.24042286638104,313.610353464646,315.8743730420464,682800
2022-12-28,311.33673095703125,315.68326315745406,311.0214707908584,314.1357071503227,908900
2022-12-29,315.0050048828125,316.103576021485,313.7058321995388,314.65155434847964,872300
2022-12-30,311.59466552734375,312.3302531896068,308.7574696301059,311.57557033398683,1238000
2023-01-03,304.1147766113281,307.6015586348256,300.389173501934,303.46519025440085,2374200
2023-01-04,302.60546875,305.9298693949346,300.98150254788237,304.46828523654364,2088900
2023-01-05,291.82977294921875,294.1893261865247,288.6582514308368,291.6196092504439,3133700
2023-01-06,302.0226745605469,302.9588636286172,293.81678628124473,294.05560734578654,2538900
2023-01-09,307.52508544921875,310.53422468186955,305.80555649273356,307.85941157832326,2471300
2023-01-10,307.6302185058594,308.786104408188,305.08915863285694,307.9741360318946,1613400
2023-01-11,314.88079833984375,314.9667704263144,310.42917011604646,311.4990838405198,1928000
2023-01-12,314.2026062011719,314.880849985436,311.26031382332366,313.5338954372153,1277500
2023-01-13,319.1700439453125,319.7527825652196,315.2438392139798,315.2438392139798,1882800
2023-01-17,315.2437744140625,321.2716151622886,315.07183026109226,320.4882751503677,1714700
2023-01-18,309.8369140625,319.01721157315376,309.6840650723464,318.5873219662865,2945700
2023-01-19,310.0279541015625,310.95458097656297,307.0856623291447,309.51209245131446,2703600
2023-01-20,313.925537109375,314.1261386591994,308.37533739150547,310.0088654602903,1792700
2023-01-23,311.8908386230469,313.8778467822738,309.77010578841316,311.27947167995654,1931100
2023-01-24,313.93511962890625,314.1452833647604,309.26376488090705,311.0023894999763,1625900
2023-01-25,311.76654052734375,312.62631963800936,309.502521615968,310.2094517548033,1887200
2023-01-26,314.7757568359375,314.7948520279514,310.19993661715006,311.80480733526275,1587100
2023-01-27,310.18084716796875,312.95116601544674,309.59810854166005,309.76051971216214,1819800
2023-01-30,310.4960632324219,313.8491205447531,309.6840657249415,309.8942294427251,2163800
2023-01-31,316.14178466796875,316.4474826369027,311.8525675429148,312.1487033400187,2330300
2023-02-01,316.2755432128906,318.8261653631005,311.4227113359423,315.94121699855305,1879500
2023-02-02,317.2021484375,319.55216886700396,312.4830415400242,316.8964796097696,2524000
2023-02-03,309.1300048828125,314.18346698564915,308.9771558966684,310.6298082284482,2663000
2023-02-06,308.423095703125,309.23509324294827,305.5381474195157,307.9645778663986,2322900
2023-02-07,322.04547119140625,322.33207400223193,304.6210931223628,304.6401883152314,5990100
2023-02-08,319.3038024902344,331.16844726048225,318.53958665107,325.36986410486037,3429500
2023-02-09,317.69891357421875,322.87653826744247,316.31373964783376,321.1856955146453,2655700
2023-02-10,317.19256591796875,317.7561800833756,313.5147160102859,316.37100636718355,2515900
2023-02-13,319.1222839355469,320.9277853295748,317.27859215809553,318.1669995966024,1782700
2023-02-14,319.0650329589844,320.2877959910317,315.60690762552093,318.48232338922156,2175000
2023-02-15,317.6607666015625,317.83271082187713,314.4605575651772,317.154466961989,2493000
2023-02-16,309.03448486328125,313.1040054921297,308.910293234256,311.1074647142435,3209100
2023-02-17,307.1430358886719,308.91988006747863,304.9554555593916,306.5316690200808,3231600
2023-02-21,310.0470886230469,313.6867196915357,307.72575463189384,308.49953262894485,3245700
2023-02-22,315.27252197265625,317.0302418405861,310.51519497535753,313.19954191445896,3595100
2023-02-23,317.04925537109375,319.3896839348658,311.8142879844396,316.8964064160501,3836400
2023-02-24,332.1141357421875,332.63953043414665,308.1842470753884,308.64279402410807,14737800
2023-02-27,329.07635498046875,332.74464329244734,328.80887653541714,330.76719774172767,3708600
2023-02-28,332.7923889160156,335.44807811977324,328.8088696868609,329.066785954336,3274400
2023-03-01,334.3973083496094,340.2532066626092,333.44202390449925,334.4450900636455,3474000
2023-03-02,336.0212707519531,338.53367326170866,333.91963351676776,334.7220980269039,2266600
2023-03-03,346.1759033203125,346.51979164908363,337.5305635623089,339.14499624039365,2940200
2023-03-06,342.0395812988281,344.55198403475896,340.4442726133372,343.9023976137563,3846400
2023-03-07,338.30438232421875,341.15111076528325,334.7889140860301,340.08119705699363,2218100
2023-03-08,339.0303649902344,339.8137050499855,334.7315859857438,337.2153307967083,2222800
2023-03-09,330.4519348144531,337.5019079678053,328.8183777853582,336.34602220832744,2489100
2023-03-10,326.267822265625,331.85624149582367,324.9017435005794,330.70988862446234,1534100
2023-03-13,321.0564270019531,326.6178558763296,320.34687699092535,324.80558883232715,2228900
2023-03-14,328.3533630371094,332.14088722519915,325.30418279507614,326.91506715741014,2580100
2023-03-15,317.3168029785156,319.00441269779014,310.777344578529,315.56209502983523,3395300
2023-03-16,324.37408447265625,325.6301938699098,314.62242550736374,315.05392597728644,1750100
2023-03-17,316.89495849609375,323.0508783388807,316.33883024356766,321.9865240674189,5702300
2023-03-20,324.8726501464844,325.57263127299603,318.294858354072,318.7550942621768,2305000
2023-03-21,327.2602233886719,329.9929912394032,325.0740149605274,329.15878436398265,1792600
2023-03-22,325.1986999511719,330.44368688237296,324.75763073143986,327.01096684671,1434200
2023-03-23,327.2889709472656,331.8819367843418,325.5821945382726,326.06162644262116,2082100
2023-03-24,330.5682678222656,331.23948413186025,324.0480062241968,325.5438312880149,1793800
2023-03-27,332.8216247558594,335.59272587092073,330.875132447886,333.5215765892712,1475900
2023-03-28,333.08050537109375,333.7037609733979,330.38610050002194,332.601073482829,1396600
2023-03-29,335.34344482421875,338.3350951761049,334.0489728513678,337.1460841746163,1132600
2023-03-30,337.0790100097656,337.2324317390448,334.0873594443294,336.03385191236663,1120700
2023-03-31,340.818603515625,341.00079000645286,335.65031279766606,335.95715628350297,1513500
2023-04-03,343.3691101074219,344.2224836170961,338.91039958235353,338.91039958235353,1878500
2023-04-04,343.0815124511719,346.56219330049896,341.84459901419893,342.56374698266467,2299100
2023-04-05,340.98150634765625,341.86367382711774,338.7569648026884,340.16649561232725,2199800
2023-04-06,341.91168212890625,342.515771077651,337.52969627415075,337.7598142499756,1627700
2023-04-10,343.8102111816406,343.9827996474284,340.0802461140638,340.5309132828663,1311500
2023-04-11,343.5129699707031,346.0155905420786,342.3527529201154,344.4430690640707,975100
2023-04-12,344.5677795410156,347.92380349512723,343.22537581181234,345.85265377198215,1613700
2023-04-13,347.07037353515625,349.16071910344107,342.52536795433446,343.5129966136077,1667600
2023-04-14,344.8745422363281,347.77030026386825,342.9568147118698,346.1210534223461,1078300
2023-04-17,347.4443054199219,347.4922369052674,344.72113572655184,345.0183811649767,1421500
2023-04-18,349.8606262207031,350.79072526708,346.89774062237683,349.08394889212246,1085000
2023-04-19,350.2825622558594,350.4647487343446,346.71558744572206,347.60732383270556,1163200
2023-04-20,352.2386474609375,352.39206919115065,347.8470345624204,348.0963485317921,1095500
2023-04-21,351.1455383300781,352.04687273116224,349.3812322770762,349.8702622267846,1677800
2023-04-24,352.8714904785156,353.88788380608514,351.0879885230244,352.2578035761782,1237600
2023-04-25,351.9605407714844,354.44399447862565,349.99488170488166,351.69206008050156,1735800
2023-04-26,349.9853210449219,351.0688419262738,347.3772100847291,349.9565562986118,2055500
2023-04-27,350.5989990234375,352.76601146856285,345.02797302464876,350.5510382726771,1898600
2023-04-28,354.2522277832031,355.2973857699808,349.88938011854435,350.5893611976302,1878900
2023-05-01,356.9946594238281,358.21240618964373,354.846813392088,355.5467653958921,1018000
2023-05-02,354.8179626464844,356.42884677986683,352.2290187261051,355.20150230745156,1124600
2023-05-03,348.5470275878906,355.98782081446996,348.41277259605664,354.309808989769,1418900
2023-05-04,345.9580993652344,350.1866928706547,342.7554973030455,347.7224347733171,1545800
2023-05-05,351.29901123046875,352.34416951539686,348.6237723838975,349.2374594111258,1113600
2023-05-08,350.6277770996094,353.5043688152894,350.0332568981173,352.8619171234177,1261700
2023-05-09,349.69769287109375,352.38250021547236,347.8087297266614,349.985340350061,1015500
2023-05-10,353.72491455078125,354.95225926838225,349.0264869253808,354.6262490283233,1304300
2023-05-11,351.9413757324219,354.4535941949559,350.0044521374905,353.274181191969,1336700
2023-05-12,355.09600830078125,355.5083419625839,351.375641440521,351.77834783848624,1189400
2023-05-15,353.6289367675781,356.04529212811497,350.42633537693246,355.82474293279955,1378800
2023-05-16,350.8482666015625,352.90981796632934,349.56339259160455,352.18110135993925,1065300
2023-05-17,349.99493408203125,352.02772094113874,349.0360701475688,352.02772094113874,1296300
2023-05-18,353.04412841796875,353.55232515296626,347.31970933097097,348.80593678364124,1116100
2023-05-19,356.2083740234375,357.0809437651709,353.7632825555895,354.36737155080544,1140900
2023-05-22,351.3182067871094,357.7234114989745,351.2510792819286,357.17685197771624,1207900
2023-05-23,339.3802795410156,349.03604570787945,339.15016157676325,349.0264477053013,2157000
2023-05-24,340.262451171875,341.8637668621968,336.609181821256,336.8680938185509,1801200
2023-05-25,341.9212951660156,344.3472198085172,340.33917548824604,341.49939268364966,1994800
2023-05-26,341.5569152832031,345.79510676604275,340.204913618677,342.4294849785585,1805800
2023-05-30,340.3103942871094,342.0842983755395,336.17769317018644,341.54733692616236,1801900
2023-05-31,339.1118469238281,342.7075869362592,337.9420316692956,339.54331816799555,2958100
2023-06-01,342.09979248046875,343.8704819025315,339.9249395928888,341.89771074771016,1239500
2023-06-02,346.89227294921875,348.0182157903801,343.6588179098409,344.13038117963214,1337700
2023-06-05,349.1441345214844,353.3880278050345,346.66132758421065,348.13369632600717,1724500
2023-06-06,346.1896667480469,351.01096451379203,344.31313500411494,348.6628696258578,1638000
2023-06-07,348.64373779296875,349.90439206042186,344.93874873228094,345.1119616771031,1441000
2023-06-08,348.5667419433594,349.02867250725484,345.8240861208892,348.4608993753462,1056300
2023-06-09,347.17138671875,348.83620460896594,345.2370872987461,348.83620460896594,1121600
2023-06-12,348.374267578125,348.8169326479632,345.0830749567782,348.8169326479632,1021400
2023-06-13,359.2005310058594,359.26787201600183,349.54832934146515,350.51066262552473,2065900
2023-06-14,360.2109375,362.270344643291,357.9205797866497,361.1059003270585,1553200
2023-06-15,362.2607421875,364.24314639438757,358.9406806250479,361.23103852980256,1228600
2023-06-16,361.1540832519531,362.79966502142753,359.2486526880842,362.5590816891852,4372200
2023-06-20,354.79302978515625,360.75950792158176,353.98467334691924,360.29757737055434,1721700
2023-06-21,356.68878173828125,358.0456750251182,351.74240454151715,353.3302483901723,1542700
2023-06-22,358.6038818359375,359.267864769912,351.81941469930507,354.40809353066066,1197500
2023-06-23,356.6310729980469,357.1603739025431,353.35914584547345,355.6976085776167,2070500
2023-06-26,356.74658203125,357.9880002551981,355.5436653637258,356.0440974929888,1089700
2023-06-27,361.5967102050781,362.2318536593484,357.4682924363611,357.6222692769187,1320000
2023-06-28,360.8460693359375,361.69292722303663,358.32476113357814,360.11468673015594,1094000
2023-06-29,364.9071350097656,366.2832644621367,359.3544829185698,359.42182392403924,1350600
2023-06-30,366.7259826660156,369.1318160578754,365.7059116573138,366.09086849447806,1642800
2023-07-03,363.9159240722656,367.9481025035199,363.9159240722656,367.6209127418147,1118700
2023-07-05,353.40728759765625,359.9511719529822,351.9156826627662,357.14114566857415,2926700
2023-07-06,350.79931640625,351.17464044684596,344.8713404345487,348.7303059223667,2129900
2023-07-07,350.78009033203125,355.9574477384662,348.36462455953756,349.3558265983401,1336800
2023-07-10,353.70556640625,354.85074529767064,350.1930559956591,350.1930559956591,1292100
2023-07-11,353.0223693847656,357.70892819057866,349.5868322107988,355.88050066400194,1162000
2023-07-12,360.4900817871094,360.8076388732986,352.2043763031722,356.41940111018374,1557000
2023-07-13,362.934326171875,363.85815774197323,359.56616025931413,361.9334915062242,1281100
2023-07-14,364.3200988769531,365.19582563461887,362.3184586937738,362.93436605357005,886400
2023-07-17,367.71710205078125,369.11249685109567,364.2430935118497,364.25272624103485,1152100
2023-07-18,369.7958068847656,370.06525903423636,362.69381179484037,362.69381179484037,1099400
2023-07-19,360.5959167480469,369.4108936455865,360.21098928658176,367.9866591013574,1607100
2023-07-20,367.2264099121094,367.33225248326033,360.6344206326655,361.943179883712,1085100
2023-07-21,370.05560302734375,370.8928281809497,364.5510561557348,366.0522935418029,1195700
2023-07-24,370.20001220703125,371.4606665237663,367.34188103340745,370.4983331908032,1467500
2023-07-25,376.31085205078125,376.85935975605224,370.39250765450123,371.0276218395518,1328400
2023-07-26,373.5873718261719,373.8472205916385,365.292064152832,372.6154352424107,1825500
2023-07-27,370.14227294921875,374.0878454708511,368.77574670038865,373.58741334431045,2336400
2023-07-28,374.06854248046875,374.4919714521002,370.70037616763307,372.08613837150324,1445400
2023-07-31,375.95477294921875,376.243461199447,371.4125584811054,373.88573280628066,1615200
2023-08-01,374.00115966796875,378.8416941103299,373.8760516628696,375.15594179672553,1468600
2023-08-02,369.32421875,372.54804070769444,368.9200259010868,371.0949082391756,1538900
2023-08-03,366.4083557128906,370.0459739330322,364.8301152120921,367.5246657180237,1926000
2023-08-04,363.58880615234375,369.92094689642965,363.30972124795,369.84397314767494,1648900
2023-08-07,370.4693908691406,371.43172401118915,366.3217373763577,366.6489271204849,1112000
2023-08-08,367.39959716796875,369.863168006634,364.6569414560251,369.4397390154808,946800
2023-08-09,365.26318359375,369.4108372971417,365.00336420471154,368.7756938669693,853400
2023-08-10,367.91925048828125,372.01877011061663,366.39874752658034,366.93765179024956,825000
2023-08-11,367.4380798339844,368.8142093004519,366.20629447797154,367.9288498095305,692600
2023-08-14,367.77490234375,368.90081577339674,364.7435291837485,366.7548021043327,1060700
2023-08-15,365.09002685546875,366.4180515622066,363.5117860827998,364.72433548774876,709700
2023-08-16,363.5695495605469,367.216801397577,363.1557532437143,364.49341077665184,1143800
2023-08-17,362.1837463378906,366.84146534925736,361.2503112311599,365.147749345124,1229800
2023-08-18,360.97125244140625,363.6369052999619,359.7202014413554,360.45158419929027,1254700
2023-08-21,363.2711486816406,364.26235069858296,359.40257980706605,362.04899609549335,947100
2023-08-22,363.3674011230469,366.0426863301645,363.15568663753055,364.3393670840191,913200
2023-08-23,364.0987854003906,365.42680996381876,361.57747702313657,363.3674027438755,929200
2023-08-24,363.7042541503906,366.4084084066504,362.9151337865067,363.18458593904245,820300
2023-08-25,367.2167663574219,368.83347927920994,363.6753868045292,365.1285195087994,1022100
2023-08-28,367.67864990234375,369.4974443647459,366.3987303102104,367.9962069339104,772000
2023-08-29,372.27862548828125,372.4133368725498,365.06112607737265,366.7163404503309,1060100
2023-08-30,372.5095520019531,373.5777571171473,370.7869673641252,372.3267063459116,780100
2023-08-31,372.4614562988281,374.51123074865444,371.46062153070915,373.05809819410393,1193100
2023-09-01,375.4980163574219,377.52560145110255,374.21386636319414,375.72973026579245,970000
2023-09-05,368.44012451171875,376.5214714556768,368.29530331409615,376.5214714556768,1092500
2023-09-06,370.07177734375,370.5931335592806,366.42213650932774,367.2331645319614,775400
2023-09-07,373.2869567871094,374.07868520898774,368.9324799319224,370.82490827667715,986400
2023-09-08,373.47039794921875,376.0579679123591,371.8290126709535,373.15179135362973,1064000
2023-09-11,375.9228515625,377.998700602537,374.1173452421169,375.1987161207327,862000
2023-09-12,374.5422058105469,376.1545976985265,373.64425539232053,374.0304845664669,1047900
2023-09-13,371.8677062988281,375.2759694952378,371.1339357048142,373.6152842585506,1207500
2023-09-14,376.35723876953125,377.4482739947999,372.34072759697904,373.9241547864224,1231500
2023-09-15,374.6097106933594,379.85247331281204,372.6980121205975,376.26076059820116,2820400
2023-09-18,374.16558837890625,375.95179492912666,371.81939674947336,374.30077446380113,652000
2023-09-19,376.3379821777344,376.92696094013303,372.2538480400929,374.6676326324036,1458800
2023-09-20,365.7559814453125,375.30489856247283,365.58219601552923,375.2469700858784,1747300
2023-09-21,359.5959777832031,364.4718109007575,359.4801208365502,364.13390462806797,1362200
2023-09-22,360.0884094238281,363.00425070232865,357.88703897992656,358.07045950720214,1017300
2023-09-25,363.58355712890625,363.9021637343596,356.274610221561,358.3794233403952,1558100
2023-09-26,358.39874267578125,362.32836153960295,356.24563624428845,360.822162333808,1769500
2023-09-27,359.18084716796875,361.02498231337137,357.24981930452896,358.62083258708896,1254900
2023-09-28,360.60980224609375,363.6801590558591,358.5918815900975,359.8374028582528,1065500
2023-09-29,359.5090637207031,363.8731754212446,359.1228640997499,362.8883619680426,1474100
2023-10-02,357.4429016113281,358.630494345492,353.8608532029526,358.1477373834143,1298400
2023-10-03,359.9725646972656,364.1242924961044,355.0870663089115,355.8884594139044,1747600
2023-10-04,365.55316162109375,366.77938299118756,359.90492952584157,361.22767870275067,1897900
2023-10-05,357.10498046875,367.8608201675769,354.44981706859033,365.2153213359015,1821900
2023-10-06,360.65802001953125,362.11592576834926,354.3725159806894,356.5062931510476,1571300
2023-10-09,360.8415222167969,361.55599307743967,356.50634474832475,357.61670931086445,846100
2023-10-10,365.89111328125,368.50767697913415,362.1545794683169,363.38077142669005,1335500
2023-10-11,365.6112060546875,368.4304904859461,364.3173913416112,367.2235979637961,931400
2023-10-12,364.68426513671875,368.2470139629091,362.3960017938309,367.58080698141674,888400
2023-10-13,364.8580627441406,369.2704388848751,363.1684134148344,366.6056405503828,1214200
2023-10-16,366.1614990234375,371.06632636385666,364.9739357289423,365.42772846163683,1182400
2023-10-17,367.9477233886719,369.14495130897114,363.4967180322925,364.60705322919733,920300
2023-10-18,358.59185791015625,366.55734761499275,358.1284300941137,366.05529099256466,1486600
2023-10-19,357.37530517578125,360.7063102288021,356.12978407788347,357.6649475403417,1249200
2023-10-20,353.7256774902344,358.95877607738424,353.320178130672,357.2401624205615,1334100
2023-10-23,352.8277587890625,355.9174152423745,348.5698386961869,352.41259485853584,1648700
2023-10-24,354.59466552734375,356.6801792117558,352.4512233626825,353.8898297307823,1590000
2023-10-25,351.81396484375,356.75739137105813,349.83464364014077,355.1449701693446,1492900
2023-10-26,357.5491027832031,361.382194018989,353.4939327502544,358.0994527597731,2168400
2023-10-27,357.7518310546875,363.5738781538643,355.1738962157825,355.1738962157825,1945300
2023-10-30,365.80426025390625,366.3353105978467,360.8029051365692,363.1008330188989,1478000
2023-10-31,368.98077392578125,370.8249089024736,363.7090765911116,365.16698245833265,2020700
2023-11-01,373.75042724609375,374.16559114108725,367.9187151855392,369.0869787251131,1564900
2023-11-02,376.2221374511719,378.2014290950951,374.07869548497666,374.1076597224194,1586700
2023-11-03,378.973876953125,381.5517826107787,375.22767824111116,376.646984877567,1339300
2023-11-06,379.4469299316406,379.9586510758435,376.7821023689237,379.0124369281043,1464000
2023-11-07,375.8745422363281,377.4772988152413,371.8387012837822,376.51178493385834,2647400
2023-11-08,378.73248291015625,380.53798914614873,375.7200843276293,377.9117902214837,1631400
2023-11-09,377.4966735839844,380.78907985331796,376.91735929209557,380.7311219054951,1305400
2023-11-10,386.0510559082031,386.56277707229776,378.00833846778295,378.00833846778295,1378100
2023-11-13,385.96417236328125,388.0883146789184,381.3779814471447,382.6910661767057,1420000
2023-11-14,389.83587646484375,392.75171764669426,385.79037112843463,385.79037112843463,1350500
2023-11-15,388.8606872558594,392.12412865041836,388.2331091719388,390.0386152835083,1139900
2023-11-16,394.3062744140625,394.8565949974939,388.44559739496555,389.275925287084,1228100
2023-11-17,393.81378173828125,396.90340828415435,392.4813679518447,396.90340828415435,1542500
2023-11-20,394.1903381347656,395.97654469199506,392.19174681211643,393.49516696793046,1678500
2023-11-21,397.704833984375,400.65930416041715,395.2910492349846,396.8648416060105,1225300
2023-11-22,397.4248352050781,398.2841567375141,394.03587191558927,396.57517824069316,1111000
2023-11-24,399.93511962890625,401.83718295648373,397.6661563500485,398.438585054097,711300
2023-11-27,398.5640869140625,399.7227152661084,395.860660046146,399.5585649545971,1301200
2023-11-28,396.5655517578125,399.54898630091435,395.88001564451406,397.8014084241959,1134300
2023-11-29,397.2027893066406,400.9682877358776,396.7779608207629,398.34208867097317,1405900
2023-11-30,399.5006408691406,401.6537472853575,395.6579147407849,396.3047924967499,4023900
2023-12-01,398.7307434082031,401.9751889174942,397.0552307868042,399.45711709945715,2107300
2023-12-04,393.83013916015625,398.28520742664085,393.2296454231252,396.1157808233982,2092400
2023-12-05,391.2442626953125,393.8010828593947,389.4815886811225,393.2103130784559,2207000
2023-12-06,387.69952392578125,391.43794246126316,385.8884369654287,391.2442309928555,2263700
2023-12-07,386.09185791015625,388.76492279056623,384.8618756567478,386.8279261076544,1914100
2023-12-08,388.6293029785156,388.9489239696399,384.93932681262874,385.4623241714177,1483700
2023-12-11,395.3797302246094,395.42817287256986,387.27340431196427,387.39931381795066,1653400
2023-12-12,413.2776184082031,420.5316616147746,407.05984597669607,412.28006628678054,6829000
2023-12-13,395.8639831542969,401.1229513524193,391.9222175612153,393.15219975411514,3359600
2023-12-14,396.8130798339844,398.16897138957745,393.04560768557366,393.96569278912926,2220500
2023-12-15,394.5467834472656,397.95588631551624,392.14489738059154,394.57583720969154,4241100
2023-12-18,396.212646484375,399.9800893694284,394.9245272392653,398.9244298063615,1717600
2023-12-19,399.1083984375,401.20035798484304,397.1907614633811,399.02123715088794,1344600
2023-12-20,393.5589294433594,398.817897333572,393.1521767352584,397.8009564508784,1578500
2023-12-21,396.24169921875,396.50318310961836,393.80106467909326,395.1666507771818,1534000
2023-12-22,397.8009948730469,399.2924905779899,395.88338709434356,397.6557260346941,838900
2023-12-26,397.0164794921875,398.7597940713674,396.72594184043464,397.6750512069746,619300
2023-12-27,398.25616455078125,398.39176849530196,395.14729338591354,395.14729338591354,850900
2023-12-28,396.8615417480469,397.9559495670656,396.3191850590819,397.5976099214519,814400
2023-12-29,397.77191162109375,399.13749771283443,395.1085414092258,395.844609543951,975900
2024-01-02,396.6775207519531,398.75981574215524,393.88827047487985,396.871232234463,1571900
2024-01-03,395.83489990234375,396.94866694601836,392.52265253572114,393.1134222639532,1536300
2024-01-04,395.71868896484375,398.6822911895075,394.7404962927836,394.7986333784115,1517800
2024-01-05,396.2320251464844,397.5588631065027,393.4524397167427,396.1642231710705,1400100
2024-01-08,395.42816162109375,397.0745909242395,391.6219410084055,395.0116849078611,1142300
2024-01-09,393.8785705566406,394.9342301423276,391.68975497085137,394.6436924788255,1256200
2024-01-10,393.0941162109375,393.2974925893073,391.28302901997864,391.68978177671823,1170600
2024-01-11,393.1715393066406,394.17878575729054,388.9876493505196,393.9657149611188,1110500
2024-01-12,396.03826904296875,396.65809247806044,392.7259924276228,395.86391691652716,849100
2024-01-16,393.8398132324219,397.6750580829775,393.2102952719254,394.6436833432056,1464700
2024-01-17,393.9366455078125,394.4983614628657,391.1958085880572,391.72847077916316,1369100
2024-01-18,395.0019836425781,395.51528648925574,391.0214408037459,394.2368618142864,1232200
2024-01-19,394.5467834472656,395.1472475748796,391.52507393009967,394.29496446876243,2265900
2024-01-22,393.6654968261719,394.4887262749402,388.7648978967039,389.2200932702895,2105400
2024-01-23,395.0407409667969,395.3215841614622,389.5009301368967,392.52263976116603,1293900
2024-01-24,388.6390075683594,395.5250460441965,388.36782921898407,394.2466211587601,1594800
2024-01-25,390.7600402832031,390.88594980086526,387.78674318043977,388.09666975372727,1550900
2024-01-26,391.31207275390625,392.551749431602,389.01673644534816,391.6704124063008,1146600
2024-01-29,392.83258056640625,393.08439958194253,389.588134912245,392.0287399835962,1400400
2024-01-30,395.0019836425781,397.6072460784187,392.62915130901615,393.2586692068331,1647600
2024-01-31,392.0771484375,397.6750673529122,390.6244010073111,396.56130023434514,1782000
2024-02-01,395.77679443359375,397.08427295089564,392.54201390313045,395.4087603784489,1893600
2024-02-02,394.2659606933594,396.0479939792586,391.5057346880712,394.1981587203633,2218600
2024-02-05,388.00946044921875,389.316939004105,383.5931107729701,384.3388437887337,3487800
2024-02-06,402.4691467285156,407.7377797866942,398.4014420910526,401.8202694261828,3227000
2024-02-07,403.6991271972656,410.6142191402734,402.2173260032243,405.8685834542484,1985600
2024-02-08,400.9582824707031,406.09131146245295,400.3384293929408,406.09131146245295,1488900
2024-02-09,406.2075500488281,406.61430276337484,399.3021527798386,400.7742594833285,1351500
2024-02-12,406.39154052734375,407.7280728545989,404.94848757851787,407.1179142220501,1272100
2024-02-13,403.1374816894531,406.4884780663113,401.17143100904855,405.7233855677327,1313300
2024-02-14,405.21966552734375,407.59249808363853,403.49573980911293,405.6748608911799,1345200
2024-02-15,415.18548583984375,415.718148014677,406.46900224732207,407.0113588619148,1721600
2024-02-16,418.03289794921875,421.07396703822724,417.0837590385722,418.652721450454,1460800
2024-02-20,422.22650146484375,425.5581379093204,420.51227015114097,421.8681618305857,1869200
2024-02-21,425.6162414550781,425.89711422911796,420.9384078157528,423.96981212982416,1230900
2024-02-22,432.94775390625,433.72254065224917,424.909230580684,427.8534438604568,1386900
2024-02-23,433.4610595703125,434.41019846306784,431.28193858239285,434.1777387927935,1164900
2024-02-26,430.9235534667969,433.9355684161641,430.5071063710185,433.4610137980081,1286000
2024-02-27,430.7880554199219,430.9333538177932,427.94066789874074,429.5871269206731,1086300
2024-02-28,436.98638916015625,437.499692011571,429.54830070019307,430.11971107771376,1562400
2024-02-29,434.681396484375,438.83623274252335,431.07858177212734,438.39073181831924,3684200
2024-03-01,435.05908203125,436.76364837564176,432.91870921668107,433.88720744759087,1656100
2024-03-04,441.2478332519531,442.27443908978444,434.5942546318911,435.05911490186895,2291800
2024-03-05,446.43896484375,448.4534578445762,441.9935612258436,441.9935612258436,4102900
2024-03-06,449.0054626464844,450.4582100316793,444.521340544742,444.521340544742,2599800
2024-03-07,450.6325988769531,453.0344558334173,447.08789142167524,450.3517260838679,2514000
2024-03-08,447.9788513183594,451.6010548522111,447.4268297815406,451.6010548522111,2469200
2024-03-11,454.69061279296875,459.048855337246,452.04660167586667,459.048855337246,4251500
2024-03-12,456.61785888671875,458.3030363386182,452.18215002519383,452.66639913723117,3259400
2024-03-13,461.2901916503906,464.0294104199154,456.5013536593682,456.5013536593682,3240000
2024-03-14,460.3673400878906,463.3397056393708,459.54167640278666,462.3003411139295,3551300
2024-03-15,454.82086181640625,460.27018866967705,453.0238361012153,459.07540268048564,33347400
2024-03-18,452.7615661621094,462.34893481950064,452.2273288740437,455.2191406893428,3026400
2024-03-19,453.36383056640625,454.82087367450316,451.54735859100646,453.62608765416127,1883100
2024-03-20,453.4220886230469,454.86940855648805,450.8382620754773,452.9364076098259,2146400
2024-03-21,452.94610595703125,455.19967299714716,450.0708826279691,451.34336452484126,2723800
2024-03-22,454.8305358886719,455.7727582195843,449.24520435803777,451.06164656502193,1687400
2024-03-25,453.52886962890625,454.85963070197863,451.14905073673566,453.82998944937026,1391000
2024-03-26,454.1603698730469,454.9277542861194,451.6251288430466,451.6251288430466,1265300
2024-03-27,452.878173828125,453.84953595230496,447.7493829981996,449.7115238173401,1590600
2024-03-28,451.0228271484375,452.5672892266575,449.3617767253942,450.3525849728832,1784900
2024-04-01,450.1292419433594,453.1890269744905,448.5847795875241,452.59651025564756,1027300
2024-04-02,448.128173828125,450.92570133277604,447.64249279311247,449.1286755745061,1451100
2024-04-03,449.2258605957031,451.04230309707833,447.00143294277717,447.6231189558792,1449200
2024-04-04,444.1650085449219,453.5677858220272,442.9119432338488,450.0514600384051,2258500
2024-04-05,451.39190673828125,452.45068769884426,443.49472939926,444.4175054588777,1575900
2024-04-08,448.44873046875,449.8280479787155,446.33113867153554,449.6143471420651,1744300
2024-04-09,444.8255615234375,448.5944512066042,440.6584098228621,447.47739072264346,1472300
2024-04-10,437.5888671875,440.8332127791691,436.4718067924992,440.4446738996405,1838200
2024-04-11,440.0269775390625,442.9119238093347,435.44214780147604,438.647630482394,1681800
2024-04-12,434.59710693359375,438.69625605132086,431.4401802087258,437.316908869879,1976700
2024-04-15,432.0132751464844,440.9109551519294,431.11960901024094,437.03523002780383,1712000
2024-04-16,433.0137634277344,434.0628213742299,430.17737326427897,433.94626267391,1577300
2024-04-17,433.9948425292969,436.2483798725976,431.26531764148376,432.81947314896945,1216800
2024-04-18,433.6451416015625,438.26883432540325,432.761198601792,438.05513349421017,1070300
2024-04-19,433.5188293457031,439.02646468246695,431.372127721965,439.02646468246695,1831200
2024-04-22,434.169677734375,436.1221248556605,429.0797503003714,430.68249168423125,1345900
2024-04-23,432.3144226074219,435.2673717514224,431.3722001656003,433.781188894077,1509900
2024-04-24,431.5955810546875,431.8772546978759,420.96887815451163,424.6891816583834,1969100
2024-04-25,431.1195983886719,432.49894551976456,426.525074941028,429.84711649597057,1442700
2024-04-26,430.48822021484375,432.9263484123778,426.8747522533758,426.8747522533758,1583800
2024-04-29,432.32415771484375,435.29652351204027,429.61404902553386,433.00409343131224,1260300
2024-04-30,428.3318176269531,431.97442545357427,427.642158845326,430.94478401273886,2172700
2024-05-01,429.94427490234375,436.5301085545984,429.32261859190413,430.10941949752083,1824100
2024-05-02,407.6029357910156,413.62539231580615,401.7650404259073,413.62539231580615,5267300
2024-05-03,411.4689636230469,413.5768026368724,406.10702622225426,406.10702622225426,2657400
2024-05-06,414.4024658203125,416.30632710498577,411.3232647757947,414.752171566911,1533500
2024-05-07,417.6856689453125,425.39828576197806,415.20870764971124,417.40396565906707,1556400
2024-05-08,415.46124267578125,418.5307502265719,414.7035814833695,417.6953931154892,1344800
2024-05-09,417.5496826171875,418.5987702467713,416.01494359920383,417.4817098018545,1740100
2024-05-10,421.9499816894531,422.3773537259706,418.14222935105374,418.1713690272622,1234500
2024-05-13,422.3287658691406,424.64061215402677,421.28940142280686,422.6104691471484,1269800
2024-05-14,419.7351989746094,422.9504343088107,417.8119212809906,422.05676826951463,1288100
2024-05-15,418.48223876953125,422.89220148376864,417.22917332518557,421.84314342954826,1745200
2024-05-16,417.38458251953125,420.24038946090894,415.59727981533894,419.3661695008914,1839700
2024-05-17,420.1335144042969,421.0563202338661,417.4914083720555,417.9868125167314,1150700
2024-05-20,420.2209167480469,420.5803456025037,418.686177772229,420.3375050931668,1499200
2024-05-21,422.5813293457031,424.6503351318659,419.1232830252975,419.1232830252975,1228300
2024-05-22,422.3385009765625,424.28122501656503,419.91978938910023,422.72703985583973,1655000
2024-05-23,419.9198303222656,424.446381333947,419.317590554138,423.45560264866793,1674800
2024-05-24,423.0962219238281,424.9903603441858,420.5706743863974,420.87179428363817,1157400
2024-05-28,417.6079406738281,420.90084225456155,414.9075556509451,418.64727542641936,1696500
2024-05-29,413.9750671386719,416.0926292716388,411.71180662841215,413.3922439858838,1465600
2024-05-30,417.7925109863281,418.2004960845529,413.0717057213064,413.65452887150605,1375900
2024-05-31,423.0475769042969,423.50411824011667,415.286403838977,417.79250481109176,3621600
2024-06-03,421.89166259765625,424.07722719184017,417.7439573506182,421.7071310818306,1809000
2024-06-04,420.13763427734375,423.02208889803524,417.69167813986337,420.30327934695964,2157400
2024-06-05,423.9770812988281,424.4448427754663,418.3738168584783,420.7223190882192,2116800
2024-06-06,422.77850341796875,424.8931101121992,420.936720420935,424.8931101121992,1282600
2024-06-07,422.63226318359375,427.00767171717774,420.5760935801156,422.93434980126096,1492000
2024-06-10,420.9757080078125,423.022123647276,420.1961352588712,421.6870897018471,1406100
2024-06-11,424.3668518066406,424.65918411138694,415.7134587206718,416.9218052320096,1582400
2024-06-12,423.0903015136719,429.2782302101937,422.83692701351634,426.4327632003483,1914800
2024-06-13,428.57659912109375,429.5998216973547,419.3872532754871,420.00118087348557,1650000
2024-06-14,425.7994079589844,426.97852142920806,423.03185624857673,426.2671397216941,1396100
2024-06-17,429.38543701171875,431.9678049274556,423.9088602179095,425.22438537620434,1939000
2024-06-18,428.7909851074219,429.5023667213993,424.12324398595246,428.3914444534447,1384500
2024-06-20,431.33441162109375,433.8583131509971,427.29032252676063,427.8749871755476,1626100
2024-06-21,431.4513854980469,432.65000761939996,428.77156322787266,432.08479208687453,4042800
2024-06-24,431.83135986328125,435.08612159287577,430.85687923506293,433.39050507739955,1440900
2024-06-25,429.91168212890625,433.71215107579377,429.0930921353069,432.6499706354324,1385500
2024-06-26,427.2318420410156,429.42442361838636,425.21465985252473,428.55712151982897,1634400
2024-06-27,428.9859313964844,430.262498842857,426.38405462132283,429.4244596442645,1236500
2024-06-28,427.61187744140625,430.97384778221965,426.93948337324355,428.888444790807,2470200
2024-07-01,417.9937744140625,429.53162290139176,414.544104239381,427.9432145239912,2462900
2024-07-02,419.1144104003906,419.5139510652983,413.7937539820338,417.0777492588796,1886400
2024-07-03,421.8916931152344,422.60307475998405,418.5394769972012,418.65640992756175,865100
2024-07-05,424.6007080078125,424.824849262221,418.24710490570016,421.3751794506069,1499400
2024-07-08,424.6202087402344,426.75432384248,423.23646280634887,425.48751083384786,1502200
2024-07-09,420.1960754394531,424.48378442581696,419.75754724385655,423.1195174399907,1052100
2024-07-10,423.8504333496094,424.92233843223687,419.32882818972115,422.0573625180718,1554000
2024-07-11,423.7919616699219,426.9395155637809,422.5348731339495,423.99659430733345,1368400
2024-07-12,429.45367431640625,433.0884684463429,425.50700947334747,426.4230237486969,1843900
2024-07-15,426.9979553222656,429.88243966924585,426.36454880117844,429.4536657727702,1271500
2024-07-16,434.35528564453125,436.5673460895114,426.8810057190471,426.8810057190471,1173300
2024-07-17,437.824462890625,440.23143152386007,435.3297945588663,435.6903476768388,1896500
2024-07-18,434.65740966796875,439.84162474726514,434.1701692844369,434.1701692844369,1458700
2024-07-19,433.4002990722656,434.22861362983036,430.642531727037,434.004472358859,1503800
2024-07-22,434.71588134765625,437.25926190557016,433.10799401047916,436.4504559442776,1096700
2024-07-23,435.992431640625,437.1715450096732,433.65368381137193,436.4601931019925,1060700
2024-07-24,432.4355773925781,438.09730804340205,431.33440941168334,437.02537329479685,1700700
2024-07-25,431.72418212890625,436.9571387151236,430.70098929227265,433.6244313841296,1777300
2024-07-26,439.8708801269531,441.1961596726637,432.14322517604137,432.78638603985706,1307400
2024-07-29,438.47735595703125,441.6541727620161,437.600329217761,439.94883142612673,1015200
2024-07-30,439.3446350097656,445.07458635527314,439.14000238708076,441.020743024174,1755600
2024-07-31,441.927001953125,446.48756453828616,440.9720001514291,441.99522274013,1874000
2024-08-01,441.7710876464844,447.7446592400658,438.4286259020104,444.4314307277468,2244000
2024-08-02,442.41424560546875,446.10753585049054,432.38683069869467,438.13626098237313,2714600
2024-08-05,432.18218994140625,444.041633131518,429.97012946097414,442.40448295596354,2281700
2024-08-06,434.2870788574219,439.70518925174576,432.27965096435616,432.737658089791,1598200
2024-08-07,430.58404541015625,439.49081364648123,430.0578472225985,437.8536931409397,1619300
2024-08-08,436.1191101074219,436.4114424281411,429.6777770788549,430.9446198591516,1491300
2024-08-09,435.61236572265625,436.7232880307617,430.8764036439966,435.57340790534124,1108500
2024-08-12,435.3785095214844,436.9571635827231,433.7413889941844,435.61237538572937,853000
2024-08-13,438.2240295410156,438.779460997922,434.37481846893644,437.0643950049227,1174800
2024-08-14,439.6662292480469,440.4555562972695,437.68803446290497,440.1339907263538,906700
2024-08-15,444.4996337890625,445.123285963093,439.87085053678555,440.5139816185453,1105000
2024-08-16,445.16229248046875,445.727478216597,440.7673748888887,444.499652723962,1115400
2024-08-19,446.87738037109375,447.04305518778546,444.51915355112976,445.54234646857634,1013700
2024-08-20,446.38043212890625,449.20642053239425,444.93818982299365,446.91638467931466,1115600
2024-08-21,449.96649169921875,450.3367991468586,446.6922506146419,448.21243822373725,853700
2024-08-22,449.927490234375,452.8022202879469,448.1734368131123,450.0541774876824,1179100
2024-08-23,453.8546447753906,454.5367931805571,449.7618435607674,452.6462981889959,1308000
2024-08-26,456.5052185058594,457.772061253891,453.2017444107023,453.7572055447133,1216200
2024-08-27,460.2862243652344,460.7247525891803,456.661154860668,460.6467774770695,1293400
2024-08-28,460.7734680175781,463.5020319238798,458.85373977653995,460.7734680175781,1327200
2024-08-29,460.666259765625,464.41798656981575,458.3177577724281,461.64074043970885,944700
2024-08-30,466.0454406738281,467.546149426488,459.4384620666866,462.9173656456188,1385600
2024-09-03,461.95257568359375,466.4059597331209,460.8124498893315,461.8453970784886,2104000
2024-09-04,461.4346008300781,466.7611212786742,460.8872891844655,465.42216136614866,1310300
2024-09-05,454.9743347167969,460.78955835775497,452.599389865615,459.68515203382105,1882200
2024-09-06,446.50079345703125,457.07569066821765,445.83620493733116,453.8308928467398,2012100
2024-09-09,452.5896301269531,454.98414112017167,449.1102787729395,449.6478372746059,2076200
2024-09-10,453.2151184082031,455.08185379508376,450.4003557269643,451.50476203986335,1247100
2024-09-11,454.5735778808594,455.2968345115833,443.22660029142975,453.3714608762532,1585400
2024-09-12,456.75311279296875,456.8508534088736,451.93480167396586,455.8637238928564,1916900
2024-09-13,458.1898193359375,461.09253969136546,454.4661314834312,454.9645877526836,1162700
2024-09-16,464.151611328125,464.7184591519019,459.73401606227776,463.68247428944113,1307200
2024-09-17,460.9752197265625,466.1747098808846,459.8512772998142,464.74776262136464,1357100
2024-09-18,456.45013427734375,460.975253340334,454.2022492599341,460.975253340334,1149900
2024-09-19,458.5416564941406,462.43147635628753,457.99431503074453,462.0893991265077,1897200
2024-09-20,461.2196044921875,461.415055902413,456.1764928188856,458.8641957760403,3672700
2024-09-23,466.5461120605469,468.3346728626052,461.4052897398655,463.9463966113088,1148400
2024-09-24,468.4910583496094,469.869120516142,464.71848528868514,468.1001257085094,1588600
2024-09-25,466.2040710449219,470.6900879732821,464.9237494953272,470.103674098554,1283800
2024-09-26,470.7682189941406,471.1884707987331,465.7055716692358,468.1489377325581,1092800
2024-09-27,468.6474609375,472.41022135182976,468.42266049009515,468.83315917095393,1252500
2024-09-30,466.05743408203125,468.7256007439201,463.40883343879045,468.45194491907876,1532600
2024-10-01,464.2591552734375,467.0348159431,463.1547787073616,466.1552099985151,1342100
2024-10-02,465.060546875,466.6243072129938,461.95259221747017,463.3208713283719,1024600
2024-10-03,459.1085205078125,462.04056002143346,457.54476013529836,461.26844793149706,1072300
2024-10-04,457.5740966796875,460.1640590496306,454.34886502296575,459.50925356947016,2131000
2024-10-07,452.7459716796875,455.77575171840795,450.33192469261405,453.9285823897146,2019600
2024-10-08,458.8055725097656,459.4115226060827,454.573645193067,454.9646076789168,1272300
2024-10-09,458.9325866699219,459.97835454563807,456.4501182977888,456.9094723293302,1245500
2024-10-10,458.7860107421875,461.92328468037783,457.14404594139535,461.2195940018236,1249500
2024-10-11,463.30133056640625,463.8583953882536,460.1738099212668,461.40527602205566,1105300
2024-10-14,466.7611389160156,467.31823359193027,462.6954036310475,463.6336479409441,1076800
2024-10-15,469.82025146484375,472.40046067215684,466.3897853579044,466.76115199266945,1477100
2024-10-16,473.01617431640625,474.3258150597404,467.48438949452554,467.67984090063976,1210100
2024-10-17,475.04901123046875,476.44660949016674,473.4070763592328,475.8895446838075,1051700
2024-10-18,475.4302673339844,476.2414518915621,470.60217272526484,472.19525246160873,1255200
2024-10-21,472.4101867675781,474.4919395708712,470.16230176309386,473.96419393929534,1065700
2024-10-22,471.03216552734375,471.5501579880055,467.1716348569179,470.8660034960001,1429700
2024-10-23,466.6145324707031,471.31556675095334,466.05743780724356,468.3151356630403,1541400
2024-10-24,463.7117919921875,467.59185862250047,460.9361316313303,467.51368402942916,994300
2024-10-25,463.0277099609375,467.80691906931554,462.2164956236849,464.35688694914705,2458400
2024-10-28,465.2168884277344,467.17158123625427,462.9787568106304,465.03119022482537,1440400
2024-10-29,463.9072570800781,465.5296557226658,462.040521831551,463.8974740714419,2056600
2024-10-30,462.6758117675781,464.2395720808895,461.6398268980869,462.5487519545986,1794300
2024-10-31,445.8165588378906,452.5113877098623,444.1746240278255,444.64376104194923,3615600
2024-11-01,446.9503479003906,448.9245771917586,443.22665993510634,446.1684825917547,2347400
2024-11-04,447.93743896484375,451.33858557400066,445.9534268340865,447.6051447459173,1616100
2024-11-05,444.5851745605469,450.4199046748613,443.88148387030935,447.93746597912667,1749000
2024-11-06,452.14984130859375,455.14051937944936,447.9374800445373,453.3128860946209,2626900
2024-11-07,454.9254455566406,457.37859464892136,453.08802948961335,454.4660915398838,1925500
2024-11-08,449.0711975097656,455.07208973664865,448.80729485600455,454.7886508895994,1496700
2024-11-11,446.1000671386719,451.91529111298445,445.03476296525787,449.0712090384572,1981200
2024-11-12,445.2693176269531,449.8628584094225,443.30484148841305,447.88859926083984,1749000
2024-11-13,445.9045715332031,447.1751399186091,440.6464424268864,443.558945825241,1538400
2024-11-14,443.216796875,447.4975787583084,442.8356472994113,445.327868618532,1666700
2024-11-15,438.9263610839844,441.45768518187174,436.7761866478923,440.8517350661324,2414000
2024-11-18,438.4082946777344,439.0826660996332,435.20259958466664,436.41449961184895,1750700
2024-11-19,434.00048828125,434.5966851612254,429.7979102242035,433.7463686445803,2084600
2024-11-20,439.9427490234375,440.68551204984306,431.5277805084444,433.6877078297795,1928700
2024-11-21,444.7610778808594,444.82949929400013,439.4247445283481,441.61402096511483,2072800
2024-11-22,444.4776611328125,446.8428528984059,443.27551414341485,443.5589529931915,1864800
2024-11-25,445.3670654296875,446.6473870633972,442.7575369375174,444.28219521622896,3835600
2024-11-26,446.25640869140625,446.3150470941009,441.05691825999435,443.19730943709345,2600000
2024-11-27,446.7646179199219,449.1884479264392,446.3345830828584,446.3345830828584,2069100
2024-11-29,450.54693603515625,451.2017712883353,445.7579443359448,446.63755018661675,1351500
2024-12-02,449.2763977050781,450.59582139462134,446.10980471117205,450.54693617575117,1801800
2024-12-03,449.0999755859375,452.8055491858474,447.59028858843016,452.8055491858474,1868300
2024-12-04,450.4037780761719,452.3251787354593,446.3452772830394,447.2961798903645,2188300
2024-12-05,439.747802734375,448.6392288144535,439.1890483185906,448.25692316154834,2303200
2024-12-06,440.5908508300781,441.9828752941922,438.14988671926807,439.2282045740827,2191300
2024-12-09,433.8659362792969,441.924092169848,433.22874024913256,439.08119686216105,2833900
2024-12-10,436.0520324707031,437.59112756406216,428.6408854214192,436.0520324707031,2326100
2024-12-11,431.8563232421875,436.8755098411785,431.49361302638175,434.5619906718703,1612500
2024-12-12,429.86627197265625,433.6698825409808,429.2780795282341,431.2779218725852,1719300
2024-12-13,426.7292785644531,429.180055560382,424.2393106766216,428.99379411535455,2254200
2024-12-16,419.86712646484375,427.1508588409252,418.99466536217415,427.1410461590449,3691400
2024-12-17,421.7297058105469,424.6608254435992,417.55357235115844,419.80827515862785,3320200
2024-12-18,413.955810546875,422.8080154422603,413.7401409847302,420.47490098214297,3271900
2024-12-19,411.32861328125,417.1908827535474,410.77964161551046,413.78920301224423,3292000
2024-12-20,415.95562744140625,416.96534625777036,410.0345424834505,410.97566228805425,6680900
2024-12-23,414.0146484375,417.2791001661878,409.45620918502203,414.1126855011825,2084300
2024-12-24,417.3868713378906,417.67116981441455,412.2990564680056,413.867559553944,824200
2024-12-26,415.9654541015625,418.20056135837535,414.5832123890098,415.76937998983664,991500
2024-12-27,414.65185546875,417.5731623828674,413.2402055829403,414.87730779654765,1444900
2024-12-30,409.4366149902344,411.98542907021175,407.2309156758387,410.9266766459433,1608000
2024-12-31,410.42669677734375,411.83831667175707,407.56417635014964,410.3678506115641,1386700
2025-01-02,406.01531982421875,414.3969648388477,405.6231715876313,412.4657514488241,2110900
2025-01-03,405.3585205078125,409.7601064775846,404.96640216660074,407.95633817464113,1995900
2025-01-06,404.78009033203125,410.1423909994774,404.0056365107617,407.2504624991937,2630600
2025-01-07,406.7799377441406,410.750184120387,402.603804580453,403.91741733107165,3209100
2025-01-08,411.7403564453125,412.14228747089686,406.0447529832505,408.5347209221702,2252300
2025-01-10,405.9956970214844,409.6620796230583,403.613549044422,407.42694236057764,2642600
2025-01-13,413.13232421875,414.35771257327735,405.5545417810461,407.60338751981084,2824500
2025-01-14,418.8769836425781,419.3867344563542,412.4363349135099,413.9656172715476,2344300
2025-01-15,419.55340576171875,425.3764540129244,418.01431070345006,424.69022452090235,2202300
2025-01-16,423.974609375,424.2294997569827,419.22990868118376,419.4946117445386,1511600
2025-01-17,427.41552734375,431.33677071387615,424.99415836602856,431.33677071387615,2412200
2025-01-21,433.748291015625,435.32660689781636,430.78776328687303,431.0132455319604,2281900
2025-01-22,433.8855285644531,439.8556172304783,433.75808338479385,436.89508964036025,2643900
2025-01-23,432.150390625,434.41493606401303,431.7582722939459,434.003192370544,1811300
2025-01-24,430.6015319824219,434.6404078144561,430.3956750848468,434.15025239956435,1547800
2025-01-27,430.8367614746094,432.709158595074,426.4253631044171,429.70941009668,2833400
2025-01-28,426.9351501464844,431.73866690385637,426.6704470936688,431.3367359008526,2158400
2025-01-29,429.6898193359375,430.3760189176443,425.9352123732414,426.6508499977785,2631100
2025-01-30,437.5910949707031,440.81632554977733,430.35639721938503,430.35639721938503,2545900
2025-01-31,437.3362731933594,439.34592839313854,430.0035671555972,435.6697626923739,2816500
2025-02-03,445.2669372558594,445.8551296890363,431.7876644471423,436.26769175339535,2701200
2025-02-04,445.8453063964844,449.7959574271765,443.9140930688234,446.9628749845919,2503800
2025-02-05,444.7669982910156,446.1100192289714,442.03192292768296,444.4728871166183,2696500
2025-02-06,451.60955810546875,452.42323279749763,441.13984626739966,441.1692543938157,2423300
2025-02-07,446.09039306640625,449.139175043605,443.5906126304215,447.55107642152433,1668100
2025-02-10,451.7860107421875,452.0409011177885,444.4729007157452,445.8649551837135,1876700
2025-02-11,451.6683654785156,453.43294277892,450.27634096657465,451.1880227842598,1587700
2025-02-12,449.53131103515625,451.08021882832816,445.6002552151927,448.3157352354853,1695200
2025-02-13,451.9722595214844,453.49175913468497,448.3745358207446,448.55098457581255,2265300
2025-02-14,448.00201416015625,454.9622264904066,447.70793290091456,451.97226074346923,1705500
2025-02-18,456.6581726074219,456.8542467365997,441.18886918338575,445.91397447948,2808500
2025-02-19,452.97222900390625,456.47194582079317,451.06061093304544,451.74684047558833,1883800
2025-02-20,452.8055419921875,453.0310242409528,449.3744542720871,450.6488762324365,1335400
2025-02-21,448.98236083984375,456.0112026652533,448.51180087069383,454.4524821164168,1939600
2025-02-24,449.5018615722656,455.0602363736777,447.04127215561533,449.97242147566135,2108300
2025-02-25,458.28546142578125,459.7559275459094,450.2469312524401,450.2469312524401,2342100
2025-02-26,452.4624328613281,458.30510670593156,452.1879470369764,457.1777253648014,1576100
2025-02-27,451.2174377441406,459.01092029303436,450.8253194214596,454.4132604115764,2071000
2025-02-28,457.8541259765625,459.11873522669555,451.5605476852876,455.9131298291179,2332900
2025-03-03,453.1486511230469,462.9321633278014,451.90366722150765,459.86378584666556,3072900
2025-03-04,452.2663879394531,460.04024530677526,450.8253298847041,459.37364115107516,5027000
2025-03-05,459.0305480957031,461.1578357691851,451.48214270598146,452.8349764437971,2385700
2025-03-06,456.981689453125,460.8931200003235,454.2270184783579,457.50125298424837,3712100
2025-03-07,459.5402526855469,460.7460456601623,454.29561418427215,456.99146870675185,1824000
2025-03-10,452.96240234375,461.90283198377887,449.00193836576835,456.81501657787766,3129200
2025-03-11,445.1296691894531,452.8054885046492,442.2377407717212,452.56041083930603,2845700
2025-03-12,442.28680419921875,445.99237755341943,439.9830680056806,444.3846535999003,2652600
2025-03-13,445.8178405761719,447.8735208349538,440.1524055938613,442.06055473675053,2213400
2025-03-14,448.02105712890625,450.48000914388376,445.4145739963309,447.09648876995436,1911900
2025-03-17,452.7521057128906,454.68976121822595,444.9129650156514,444.9129650156514,1890200
2025-03-18,453.14556884765625,457.16841131144724,450.2145168415955,456.4897380579548,2023000
2025-03-19,452.2012634277344,453.9913876505934,447.4308906433037,451.46357784302353,4051400
2025-03-20,450.234130859375,452.45703316971884,447.7555179410883,448.6210438690181,2298100
2025-03-21,450.8045654296875,451.099657673419,442.0015354636754,446.28993325407623,4969900
2025-03-24,451.5521240234375,454.3159837812306,447.5489428025396,449.6144685688792,2049500
2025-03-25,449.9390869140625,451.45377986192756,447.509640932505,451.4046128243824,2002500
2025-03-26,453.85369873046875,455.49629193667016,449.47678201265967,449.93906620703325,1597900
2025-03-27,457.09954833984375,458.98800680025175,451.88655172100664,454.404516345888,1493300
2025-03-28,451.57177734375,458.93881812094213,451.2570542928609,458.8699602593552,1334700
2025-03-31,457.9945983886719,460.35518640984,450.8832980840168,451.3357368674186,2373300
2025-04-01,459.4207763671875,459.8338935321177,453.2143835949751,454.4143534345751,1544600
2025-04-02,462.0272521972656,462.5879004776254,454.80777246457023,455.2995628824637,1527700
2025-04-03,459.54864501953125,464.26000568624,457.3552489224715,458.8994780578476,2445200
2025-04-04,430.76904296875,462.28298051302505,429.9428386906647,456.73557033894673,4430700
2025-04-07,418.8677062988281,434.3099369103609,410.96955365250756,422.04468309801337,4159300
2025-04-08,406.5434875488281,425.9495498630516,401.94033605746534,423.68732575870445,3780800
2025-04-09,438.64752197265625,440.9687582072037,406.1893562093182,407.35981973968006,4103300
2025-04-10,424.7889099121094,437.23120188425224,420.0873945655267,433.1395018729555,4239000
2025-04-11,434.5755310058594,442.2474799504268,425.60527810027855,430.1396016074259,3343000
2025-04-14,438.7065734863281,440.77209931305526,434.4968485706726,435.8148433322113,1897800
2025-04-15,443.56549072265625,447.04737560001024,440.58524172208,441.9917552401539,2321000
2025-04-16,440.6343688964844,447.3620582094172,437.93936701245855,443.11301181254197,1828900
2025-04-17,444.69659423828125,447.6866885959343,442.3064998416293,443.9490631447412,1730200
2025-04-21,436.5623779296875,445.0408402803763,433.04114158344623,443.142536393163,1303400
2025-04-22,447.1456604003906,447.78501194406067,440.00488408671015,440.92945245516677,1458600
2025-04-23,440.85076904296875,450.2931513062749,438.1852733158598,446.92932157289135,1973400
2025-04-24,442.14910888671875,443.72284428770155,434.81160397465004,439.73932373991636,2114500
2025-04-25,441.03765869140625,441.972072529989,435.82469205643434,440.56555908160124,1866600
2025-04-28,440.64422607421875,443.48678917266494,436.8771245808914,441.2835476310699,1644900
2025-04-29,443.1818542480469,444.9228115947816,439.4344135426943,441.47043314319467,1214000
2025-04-30,445.788330078125,447.79481326803244,437.61477615450684,441.9916926387054,2670400
2025-05-01,440.6933898925781,443.21135447900883,426.0380411624839,430.2576114332978,2540400
2025-05-02,447.4801330566406,449.6341775836883,444.68673694482504,446.2506569574813,1548600
2025-05-05,445.06048583984375,448.0112283674916,442.7490948730571,445.56212167482556,1462100
2025-05-06,439.7098083496094,446.0834230833184,438.91311025995896,445.4244107045122,1441300
2025-05-07,442.2770080566406,446.76213473131793,437.59515318781627,440.6147538705751,1573900
2025-05-08,445.788330078125,450.4799996175455,442.1490691663164,442.54249547709213,1626400
2025-05-09,445.22772216796875,447.5588040374468,443.1621963286127,447.5588040374468,1058900
2025-05-12,446.9588317871094,450.4800380915668,444.9424729953549,448.97516056235787,1944900
2025-05-13,443.2703857421875,448.4735067195817,442.6998920517007,446.84075894024744,1666300
2025-05-14,438.64752197265625,441.30320208716705,432.3526109794308,439.8868433616284,1941300
2025-05-15,446.7620849609375,447.5292768062309,438.64754312873663,438.64754312873663,2279500
2025-05-16,450.2538146972656,450.8341238223025,444.5392121088017,448.27683751305705,1850500
2025-05-19,452.77178955078125,454.07012356299066,447.8243787472859,450.25382480883377,1640500
2025-05-20,452.2996520996094,454.12909804123393,450.3423058305375,453.7848387463515,1329700
2025-05-21,448.02105712890625,451.5521086204335,446.3391423552828,449.22102691287546,1867600
2025-05-22,451.4635925292969,451.571772010652,446.1817683735883,448.59152335213184,1654400
2025-05-23,451.36529541015625,452.90952471745055,446.12282211375106,446.12282211375106,1627000
2025-05-27,460.2666320800781,460.4436694142374,454.9159503044664,455.65363587996615,3330800
2025-05-28,454.9159851074219,459.3814205208559,454.512713359983,458.4568521275093,2692900
2025-05-29,456.4601745605469,457.32573048634674,453.5684745597223,456.3323342675804,1306800
2025-05-30,459.9027099609375,461.3977720287991,453.0569958084549,458.8896229096125,4344700
2025-06-02,456.9421691894531,458.6929419267014,453.745531381474,457.5323237111504,1865400
2025-06-03,464.0731201171875,464.5255588999258,454.41434904393736,454.71925670366375,2606600
2025-06-04,467.477294921875,469.16460408997693,462.74106138841177,464.8822523263463,2092600
2025-06-05,464.0139465332031,468.5725781896749,463.0962760459057,467.7042616623014,1679000
2025-06-06,466.431396484375,468.91794479174354,464.99079682378573,467.1122342245126,1352700
2025-06-09,465.8985595703125,469.6184748574243,461.88261087414577,465.8985595703125,1616000
2025-06-10,469.2435302734375,469.67768852895597,465.4742609242721,466.11565160554153,1859600
2025-06-11,462.3168029785156,468.23711024637436,461.1820834412907,467.4575946913458,2734200
2025-06-12,464.28033447265625,465.8788125225216,460.2643857197676,462.19837432708147,1572800
2025-06-13,459.790771484375,466.60899509880886,458.95205533156275,464.3888800478433,1415800
2025-06-16,460.4025573730469,463.32323379373685,458.70540145719207,460.6097596912633,1586500
2025-06-17,454.7782287597656,459.38621414287314,454.0875443659505,458.89285524204627,1272700
2025-06-18,452.60748291015625,456.28792116247314,452.183171355851,454.7782440795769,1223200
2025-06-20,449.80517578125,457.0871581886769,449.33157049441803,456.3471198157634,4365000
2025-06-23,453.64349365234375,453.9493737513196,446.93382487758436,451.2358998904302,1611000
2025-06-24,457.0082092285156,457.7679710764332,452.794935160949,454.7486170876618,1470600
2025-06-25,454.0875549316406,457.6594686387803,453.62379634958313,455.59723199880847,1608900
2025-06-26,458.29095458984375,460.24466673236844,452.42000157253676,454.699317349363,1983000
2025-06-27,457.6298828125,461.16231948718433,455.7156477631033,458.369921204414,2643200
2025-06-30,462.94830322265625,463.79689628625334,457.39307655416866,460.00790311357105,1856200
2025-07-01,470.417724609375,471.49324342867874,462.7410611102233,463.5501769563104,1856300
2025-07-02,470.8321838378906,472.36158450630893,468.138433186292,469.7073110013198,1423100
2025-07-03,469.26324462890625,470.87159948332845,467.7042437325159,470.2894395866658,952700
2025-07-07,463.3528137207031,467.4082395863614,461.5767337040094,466.09588803355643,2099500
2025-07-08,463.70806884765625,465.523626090698,461.32019838481705,462.15891458554415,1627200
2025-07-09,465.010498046875,470.1315659620925,461.34978335149157,466.13537082003876,1522500
2025-07-10,464.09283447265625,465.94786870678524,462.8199601120487,465.7702667343014,2238500
2025-07-11,462.58319091796875,463.3824299641524,458.310715894694,462.7805465320403,1326400
2025-07-14,462.5535888671875,463.7573858391745,460.10651777809824,462.20823159996587,1133000
2025-07-15,454.4427795410156,463.0272370500529,453.959297420906,461.9517181858304,1263700
2025-07-16,453.5646057128906,456.3964811141554,449.94333796714704,454.3835682760334,1438000
2025-07-17,455.1630554199219,455.9820179319901,450.9991051632278,452.75546161582935,1515000
2025-07-18,458.83367919921875,459.2875609809036,454.906531297541,457.7285600200353,2267600
2025-07-21,464.1816711425781,469.90465274231366,458.05416172294395,458.8336772561967,1797700
2025-07-22,465.75054931640625,470.05265480631095,462.681871252829,464.18167154635444,1405300
2025-07-23,463.7474670410156,467.90157046145816,463.4613405734899,467.1812556614494,1193900
2025-07-24,465.2275695800781,465.888683760712,456.29778546406897,460.4420123018699,1383200
2025-07-25,466.6090393066406,467.3688012445475,462.34641077799654,466.16500420948336,1212100
2025-07-28,461.2510986328125,465.0894453642716,459.82037587689086,462.52397303803974,1283700
2025-07-29,465.247314453125,465.40519291287615,461.0438870349323,463.658683154042,1386100
2025-07-30,460.0374450683594,466.0662762982313,459.0803276096582,465.1387591686761,1301600
2025-07-31,454.1467590332031,461.38926430726787,452.32132502139075,452.32132502139075,2228600
2025-08-01,453.3080139160156,456.3668450226751,443.35203523925804,452.2423418625344,2219300
2025-08-04,461.1919250488281,462.2674439104721,453.75206389964876,453.75206389964876,1684900
2025-08-05,463.5994873046875,464.78356070898525,459.78089423857165,461.72472950808066,1691000
2025-08-06,465.21771240234375,467.0924701725655,461.73459982361095,465.50383887936147,1275900
2025-08-07,463.1949462890625,469.4704873811691,461.2807112792248,467.0431398250418,1090400
2025-08-08,466.1452331542969,467.1023506182753,462.4647649449288,462.77064505186894,939300
2025-08-11,464.13232421875,467.141801467984,459.93877356299646,464.84276224021426,1069200
2025-08-12,466.9444885253906,468.1778858102336,463.6981784402572,464.2507380148878,1347700
2025-08-13,469.3125915527344,469.82567396780496,462.27728882796026,468.26667309478137,1797800
2025-08-14,471.2860412597656,472.2431587579314,466.3425753029033,469.391529779599,1545400
2025-08-15,473.7034606933594,476.2590862537671,472.2233840167344,474.492852988235,1951300
2025-08-18,472.15435791015625,474.660599514577,470.82228281878577,474.0488392786595,1218100
2025-08-19,473.545654296875,476.407130102727,470.2203897745347,472.1149013378291,1512400
2025-08-20,475.95318603515625,479.9198108836654,474.1179053714634,476.37749757666865,1160900
2025-08-21,474.3251037597656,476.49589495803923,473.6738664002836,475.00594144866795,1263500
2025-08-22,475.2723693847656,479.27844118823424,473.3186573274523,477.63060923570026,1782500
2025-08-25,471.50311279296875,477.57142131826356,470.34863970279406,475.5190615173549,1151800
2025-08-26,475.51910400390625,475.68682918418784,468.70087969589525,469.96387740443225,1699500
2025-08-27,476.2985534667969,477.3938259122732,473.0127963548445,473.78243505481237,2259600
2025-08-28,475.7460021972656,476.5945952009974,472.76612515045076,476.15056012654907,2579200
2025-08-29,471.937255859375,476.9004450928261,470.6643814905842,475.77557236872326,2058200
2025-09-02,467.8423767089844,470.8321303398452,466.2241451165054,470.8321303398452,1262500
2025-09-03,465.5137023925781,467.9311729431592,463.75734598885447,465.54330272081137,1617900
2025-09-04,467.60235595703125,468.13686132319333,463.8606371441965,465.988871125029,1660600
2025-09-05,464.7614440917969,470.2353968065492,461.8611466411279,466.3749290145667,1066200
2025-09-08,469.81964111328125,470.2551841404472,461.87102617992736,464.9000107363104,1677200
2025-09-09,468.6416931152344,469.7107340352207,465.61270859894324,468.3249290618004,2966100
2025-09-10,467.9092102050781,470.11658988132103,464.73172171940263,468.13685982791816,1551500
2025-09-11,478.6888427734375,479.5302341196678,467.69145641010715,468.1170911377266,1907400
2025-09-12,477.154541015625,479.0154920799845,474.28393850940967,474.30372493475795,2069700
2025-09-15,471.89837646484375,478.40176688922867,470.7006180036093,476.50124290864596,1130700
2025-09-16,466.691650390625,473.5910106139532,466.1274200934998,471.6112806239971,1470500
2025-09-17,474.9966125488281,476.5012267079413,467.22619633214873,469.09702550593687,1698800
2025-09-18,471.17578125,475.0758521081019,466.52340325938553,474.0365058504233,1650900
2025-09-19,474.1552734375,476.00631627176284,469.1960398058129,472.6704758431778,3742100
2025-09-22,472.9179382324219,473.82859716616895,469.4831052840469,472.1458446980345,1562700
2025-09-23,475.0758056640625,478.0750953750953,469.83941140922985,473.57122175441253,1462900
2025-09-24,469.3246765136719,476.85753433033466,468.52288831581706,474.7392390323853,1579400
2025-09-25,468.978271484375,471.5222319633309,465.14749849820464,469.32473030040495,1536700
2025-09-26,469.6018981933594,470.3442970064668,465.94929361620825,467.93893210198723,1476400
2025-09-29,471.6607971191406,471.8785686426788,466.62238754230543,469.9285332481777,1859600
2025-09-30,470.1859130859375,473.92760188068996,468.4338627689998,468.8991005650162,2171200
2025-10-01,462.07891845703125,470.26509184465107,456.12981962251536,467.98841422978063,2286100
2025-10-02,464.72186279296875,465.5236510810294,458.25804511013445,458.7331610092611,1677500
2025-10-03,461.9997253417969,464.67234284997716,458.3075178328695,462.28676445613377,1250700
2025-10-06,463.8012390136719,465.80078567002465,460.386222849271,461.9997076511974,1539000
2025-10-07,465.6028137207031,465.8007988118844,461.1682376777646,463.355830956385,1283300
2025-10-08,463.08856201171875,466.9094568869698,462.7916145742857,465.54343825820865,1208500
2025-10-09,453.5165710449219,465.23656951145034,452.8731648095947,463.10836571385255,1499900
2025-10-10,449.2205505371094,458.3471072280269,448.3296780609431,453.4274768712733,2038900
2025-10-13,452.011962890625,455.1399096712874,450.38856980935867,451.93275677489964,1287400
2025-10-14,454.5955505371094,457.3869773897428,448.478191423855,448.6563598931842,1664800
2025-10-15,446.84490966796875,456.85243117074907,446.221289831504,454.37776845987935,1838000
2025-10-16,439.7376403808594,447.8842406217047,436.4810061145797,447.4586058999649,3033700
2025-10-17,446.32025146484375,446.75576428016643,438.4013313386069,439.6980520926155,2365300
2025-10-20,446.9834289550781,450.626124839664,445.1521726963128,447.7753088575422,1895900
2025-10-21,445.5184326171875,447.8644380774721,443.8356802168173,445.9836703825246,1766100
2025-10-22,445.3600769042969,450.4677537532656,443.21205654908687,445.7658949735712,1856800
2025-10-23,445.5184326171875,448.0822095890827,444.11284121265965,447.9930951544522,1527000
2025-10-24,441.47979736328125,445.8351973942669,441.0739490815184,444.9839279800445,1593300
2025-10-27,440.3117980957031,445.58776575187386,439.7574760600625,443.11310301837653,2337600
2025-10-28,438.2330627441406,442.687455536224,437.5104503717758,440.955191672636,2110300
2025-10-29,427.631591796875,434.9862815567424,426.8495899821917,434.34287534316263,4087200
2025-10-30,425.5528564453125,430.77934232239744,424.2660138485553,428.0671219485096,3635300
2025-10-31,414.0605163574219,422.0883371951917,410.2693467087649,420.6926239237684,4072800
2025-11-03,408.0025634765625,417.9705116436653,404.85479991061953,417.9705116436653,4908100
2025-11-04,413.7041931152344,417.04994175044794,409.8041224798026,411.9521428868607,3483500
2025-11-05,413.99127197265625,415.5354590386045,410.793996976627,412.0709313532594,3076400
2025-11-06,411.11077880859375,415.2384993411482,409.398301317998,412.13033864886427,3443900
2025-11-07,416.2481689453125,418.53475483316976,409.804137693196,412.77373289387134,2563300
2025-11-10,416.4065246582031,417.8913221646805,411.7046658876914,416.2580207409293,2624200
2025-11-11,422.3258972167969,424.0581609709333,417.6636415139832,421.425116439652,2477700
2025-11-12,424.6125183105469,427.1861735726418,420.59366848298737,423.66225628747424,2592700
2025-11-13,424.2957763671875,424.6521132909516,416.65401684975086,422.8703682555621,2873300
2025-11-14,419.0989685058594,425.74095438226567,418.7822044470618,424.2957599003913,2469700
2025-11-17,413.6150817871094,419.08903383681894,413.32801248885715,417.33695351495965,2249300
2025-11-18,410.516845703125,415.1296205842576,409.45768282136237,414.4862143262386,2586700
2025-11-19,409.01226806640625,411.8531760469032,406.567300081022,410.5267604487189,2635300
2025-11-20,404.3697814941406,411.7343798873927,404.07280385398514,410.39805602740313,2723600
2025-11-21,408.556884765625,412.19961105170745,402.30096070446035,403.25122267947665,3100100
2025-11-24,403.53826904296875,408.27970053962406,402.58797691372536,406.0821990792067,4038300
2025-11-25,403.71649169921875,408.6856036831324,401.9743194366195,407.4977836745031,3580000
2025-11-26,403.76593017578125,406.32967691804197,402.90475245331055,403.369990214773,2591500
2025-11-28,406.16143798828125,407.4086474201571,402.35045147201333,403.6867753424299,1160800
2025-12-01,403.013671875,407.3987668065006,402.597915261408,405.86445785053525,2074800
2025-12-02,404.6469421386719,407.151299506165,400.17273278057695,403.8649402910633,2139800
2025-12-03,406.494873046875,408.35273309599853,403.36532058897177,405.69013185254386,1957500
2025-12-04,401.1100769042969,406.0776302938055,399.32173949234993,404.9648728661422,2859800
2025-12-05,396.9770202636719,401.98429163743606,396.34115895425265,401.3385158397382,3183600
2025-12-08,386.8531799316406,396.82803530027417,385.263556835197,396.1723146360084,4569900
2025-12-09,387.8466491699219,394.2547739564685,387.5684674317087,388.6712495769173,3574700
2025-12-10,390.1317443847656,391.7909204667157,386.475632566736,387.09160430222016,5121700
2025-12-11,400.6828308105469,401.66642696591646,392.3075433538605,392.6751374412099,3272500
2025-12-12,413.5388488769531,415.307296559691,404.11044283848673,404.11044283848673,4726400
2025-12-15,414.28399658203125,418.7746841282301,407.33936683507113,414.72114369395393,4798100
2025-12-16,420.7616882324219,421.6955906315826,412.2075461123515,415.81399447854096,3960500
2025-12-17,419.5992736816406,421.6558479518714,418.0493995323607,420.2549943324188,4766000
2025-12-18,416.27099609375,421.7253898985101,415.7543814974015,418.7945215042015,3370800
2025-12-19,418.6951599121094,420.64246249506505,414.48268472035625,415.3172299761071,6048500
2025-12-22,420.7616882324219,422.53013590581475,417.8010156989616,418.8243304146967,2354200
2025-12-23,422.34136962890625,422.5698576664626,420.2549912679239,420.85110370242427,1656600
2025-12-24,422.1426696777344,423.86145401953473,421.3876222000252,421.85454309938353,830100
2025-12-26,422.01348876953125,423.23551772871105,420.6623289001134,422.63940530180537,1328200
2025-12-29,423.7720031738281,424.52705058289536,421.000100219198,421.0994573392041,2240300
2025-12-30,425.5801696777344,426.6730373595663,420.6523657809259,421.24847818188294,1501800
2025-12-31,423.6230163574219,426.21606457453174,423.5137144208581,424.33831491148925,1569200
