Price,Close,High,Low,Open,Volume
Ticker,LLY,LLY,LLY,LLY,LLY
Date,,,,,
2021-01-04,156.30087280273438,160.05964504421783,154.03427980731598,159.6252216852419,3164800
2021-01-05,157.07534790039062,157.396446028741,154.12875883306327,156.00815272073368,2322600
2021-01-06,155.1864776611328,157.98194155686087,153.91151002062966,153.92094899484275,3619700
2021-01-07,156.61256408691406,157.830854830238,152.78767501079975,155.05426847260463,3025500
2021-01-08,157.1603240966797,157.58530856078593,155.48870316650238,156.98088268923163,3438100
2021-01-11,175.60472106933594,178.77795954533045,171.90261191578318,174.7169676845867,11396500
2021-01-12,168.8616485595703,173.9992758791741,167.57724172966937,172.62986062452265,7179300
2021-01-13,175.18919372558594,177.1913513281857,169.37158685274713,169.8343559485343,7303900
2021-01-14,176.3130645751953,178.4568934071757,174.32034579539146,174.97199528608598,4413200
2021-01-15,180.16627502441406,181.12013015895533,176.41694171331912,176.41694171331912,6624600
2021-01-19,187.44772338867188,188.4299243068842,183.28285889770524,185.10557524705777,7729100
2021-01-20,190.07318115234375,190.55484259136267,187.6365858587332,187.72159426074293,5335800
2021-01-21,191.10263061523438,193.34089247724833,187.00385320970355,192.37758388408554,8698800
2021-01-22,194.6819610595703,195.05972178727967,189.41211676733118,190.8098487526334,6128800
2021-01-25,200.54678344726562,200.71677144413152,196.5235612603373,196.6652323350396,5959100
2021-01-26,200.89622497558594,201.3778720731493,198.89406714573636,200.73567594306482,6601500
2021-01-27,196.0325164794922,200.23516652193015,193.699806849408,199.33797383589405,7358000
2021-01-28,198.44070434570312,200.06510117438876,196.03245484318697,196.43854684503543,5460400
2021-01-29,196.41021728515625,205.88270960639704,193.095321965106,200.17844270844535,8401700
2021-02-01,191.84872436523438,198.22353431579165,191.81095405436105,197.81744222864543,5383800
2021-02-02,186.57884216308594,194.45526896809488,186.3805228523105,193.01976687366204,5314600
2021-02-03,186.01220703125,189.44042777885622,185.94609098513715,186.8149520941786,3679000
2021-02-04,190.41322326660156,190.65878074479053,184.76561742800706,185.8705828479071,2924300
2021-02-05,190.5548553466797,191.64092818185804,189.68599419640753,190.41318427427782,2732200
2021-02-08,194.33253479003906,194.95583855971506,190.68708750751156,191.1309642955623,2909300
2021-02-09,190.49818420410156,193.55808324700325,189.1854463578902,192.42478677146016,2661300
2021-02-10,193.0292205810547,194.1247467977815,190.4320761112515,193.10477560399934,3062700
2021-02-11,192.11878967285156,193.63615714149668,191.20835761500317,192.39380773308216,3544700
2021-02-12,196.5855712890625,197.46755376309588,190.7626404828349,191.2368205630516,2611300
2021-02-16,195.13458251953125,196.7752560254791,193.09561395124584,195.34322291368846,2741900
2021-02-17,195.7984619140625,196.01658071787213,193.7215506689241,194.42332798661474,3329900
2021-02-18,190.7342071533203,194.81215908622482,190.57298764875335,194.69836048790202,3919400
2021-02-19,190.54452514648438,192.40331746174067,189.98499611470027,190.74368715094423,3434900
2021-02-22,190.31690979003906,191.1988922628688,187.7373834703421,188.8943695513304,2263600
2021-02-23,192.0239715576172,193.7594724810254,188.42019986003436,189.9660316353231,3287700
2021-02-24,193.9586181640625,195.79843913467417,191.21785796260835,191.25578600070787,2848800
2021-02-25,193.29478454589844,194.9354436539518,191.33167196928656,193.0576944938919,2386700
2021-02-26,194.3095245361328,196.30108678276588,191.62566338201734,196.02605421581265,3887900
2021-03-01,195.80792236328125,197.48652388948668,194.2051913859762,195.1535515409896,2797400
2021-03-02,193.59825134277344,199.10822180918154,193.560323301802,198.1029623089125,3445300
2021-03-03,191.5687255859375,193.7594349344842,189.39698748977506,192.86797419315812,3660300
2021-03-04,190.1841278076172,194.16725179843075,188.35379976330123,193.2662981280921,4308400
2021-03-05,196.23472595214844,196.94599622938838,190.50663568660846,190.63940555952667,3875900
2021-03-08,196.33897399902344,199.9996442590854,195.66564648774465,196.31052435605818,3300300
2021-03-09,195.46653747558594,201.20412005159818,195.4191165675205,197.58137684367392,4227300
2021-03-10,194.84059143066406,197.29684076516753,193.83533197921955,196.20623237256135,3400200
2021-03-11,194.6129913330078,196.54763965777067,193.7215304831601,195.84584794237776,4037300
2021-03-12,197.3347930908203,197.69517459919894,191.83430101049998,194.3095217231027,4541400
2021-03-15,179.39181518554688,183.20421269150552,178.48138304525907,183.04299319734758,12388500
2021-03-16,181.0419158935547,181.72473624247766,177.56143647461883,181.64886570695012,6194200
2021-03-17,177.08731079101562,180.02723344333728,176.92609128013507,179.93239162713485,5134200
2021-03-18,174.43186950683594,177.4286909518398,174.30859253169427,176.413953150706,4240000
2021-03-19,174.77328491210938,176.20531799367717,174.38446825013844,175.16211604490775,6048600
2021-03-22,176.2432403564453,176.30963251051404,173.73957023085669,174.54568211720203,2666600
2021-03-23,174.19479370117188,177.0209175017479,173.7870057632502,175.77856796141953,3284700
2021-03-24,170.8660430908203,174.3465230356013,170.53412572741797,174.21375319607495,3931500
2021-03-25,173.63526916503906,174.15687018007932,170.91347996495884,171.65319977871465,2630500
2021-03-26,175.7406005859375,176.3096224108594,173.19900256849223,174.54567211859285,2868200
2021-03-29,176.71746826171875,177.97878929309437,174.03360667221244,175.12422978261117,3002600
2021-03-30,175.92079162597656,177.21056189004588,175.1715935436278,175.94924127019067,2523600
2021-03-31,177.17271423339844,178.2348733548029,175.69325970894306,175.9872636172479,3621300
2021-04-01,175.6742401123047,178.358101084255,175.124189486561,177.17265089191798,2340400
2021-04-05,175.34230041503906,176.3001389180397,173.64474218282473,176.00614959884282,2864800
2021-04-06,173.36024475097656,176.04410581162676,173.06625540889323,175.15264492219472,2488400
2021-04-07,172.905029296875,173.7206051329508,171.8618273447333,173.45506544891973,3406600
2021-04-08,173.18006896972656,174.46983951193312,173.04729911115365,173.50250798757088,2393200
2021-04-09,174.9630126953125,175.57944115743146,172.9904213573683,173.10421997293952,2611200
2021-04-12,172.4308624267578,174.44138146576162,171.53940150317578,173.95770849144495,2876100
2021-04-13,173.1042022705078,174.15688276938303,171.82391009293565,171.82391009293565,3089100
2021-04-14,173.54991149902344,174.9440021097146,172.64897222966948,173.16108035545318,2002100
2021-04-15,176.319091796875,178.02614271363083,173.9387133748706,174.29908033947848,2586600
2021-04-16,179.47718811035156,180.47296932692635,177.22957881329435,177.70375896682236,3731800
2021-04-19,179.84701538085938,181.02298715748447,178.35809749408483,179.46767711527826,2966400
2021-04-20,180.76695251464844,183.50771312932298,180.34967167850488,180.5772833539003,2460900
2021-04-21,181.08937072753906,183.04299035334677,179.99876232542783,181.6678710073894,2219800
2021-04-22,177.39077758789062,181.39285877339714,177.10626663487378,180.18843727242847,2982600
2021-04-23,178.97454833984375,179.3633795170855,177.37181719482754,177.37181719482754,2482800
2021-04-26,177.55198669433594,178.90813474950022,176.4518854581575,178.8322786725745,2797500
2021-04-27,172.8007049560547,176.27169201999735,171.45402084256966,174.49826321472972,6838700
2021-04-28,171.22640991210938,172.60152909036745,169.35813945604758,172.07992816873136,4682800
2021-04-29,172.7912139892578,173.19901637281396,170.7048245829648,171.7100840123988,2432500
2021-04-30,173.33181762695312,174.45087584492393,171.833406603105,172.44983501526454,3103900
2021-05-03,176.319091796875,176.72689412710088,173.47401175922374,173.54040390609845,3197000
2021-05-04,178.48141479492188,180.26433688178045,177.13474483578656,177.8460150975656,3703500
2021-05-05,182.85333251953125,183.5740955512806,178.45294165791125,178.90815051371231,4274400
2021-05-06,183.87754821777344,184.07671021569354,179.5435498732938,181.65838894806194,3101600
2021-05-07,185.32855224609375,186.1346642205126,183.88704066149367,184.75954479723504,2526700
2021-05-10,184.70263671875,186.45710896614537,183.50770801558878,186.03982814162998,2242000
2021-05-11,184.6931610107422,185.64152127267153,183.0430089454866,183.4033904756851,1850200
2021-05-12,183.22317504882812,185.54665448364992,182.77744462805012,184.69313615112836,2397400
2021-05-13,185.69029235839844,186.80477527277895,182.65165237404335,183.1279278691517,2174300
2021-05-14,186.9000701904297,187.90977209820122,185.6712710500079,186.42379460866746,1823700
2021-05-17,186.2522735595703,190.13868291826358,185.8331488442054,187.157193994232,2466000
2021-05-18,185.39501953125,187.03340853554576,184.39483800011496,185.7474587762613,2369400
2021-05-19,187.185791015625,188.02404054334121,183.94712344271647,184.423398940778,3070500
2021-05-20,190.0625,191.53895695798644,186.86192805637302,187.80495877955076,3494400
2021-05-21,190.3958740234375,192.3390714180089,190.0053246753629,190.51017547759673,2579000
2021-05-24,191.48179626464844,193.95842001670596,190.54828586750978,191.46274117588922,2074900
2021-05-25,189.7672119140625,192.27242570220415,189.6910060896762,191.87234149048226,2919100
2021-05-26,191.45323181152344,192.83442786242486,188.84323682415862,189.7767327397315,2891300
2021-05-27,189.74815368652344,191.82472239608103,186.22371794189266,191.12934971059536,9340300
2021-05-28,190.26254272460938,192.68201587887242,189.10994961475237,189.67195121862795,2386000
2021-06-01,189.00514221191406,191.3579440277124,187.34769846269594,190.8149975889443,3070200
2021-06-02,189.68148803710938,191.38654795658218,188.8432384938021,189.5671720318016,2030300
2021-06-03,193.08206176757812,193.97746192636362,189.18613213052237,189.5481061184841,3066600
2021-06-04,192.4343719482422,194.74906408027545,191.73899919951228,193.16782580983678,2817700
2021-06-07,211.96168518066406,222.25876074836378,192.25339963478214,192.4058113065627,17231400
2021-06-08,210.22802734375,211.72353956508977,207.05603039914706,211.1901132683595,4618500
2021-06-09,215.27655029296875,215.9719085316998,209.80890170345083,210.8471934570461,4934900
2021-06-10,222.45872497558594,224.65912970627647,215.514635491406,216.20047328425994,5598200
2021-06-11,213.45716857910156,218.69619953260667,211.04721550327127,216.25767108708482,5636000
2021-06-14,215.37179565429688,215.90522191038085,212.43793671105973,213.5905153283607,2720700
2021-06-15,212.91421508789062,215.90522480802522,212.29504818358848,215.3717985447822,2188900
2021-06-16,210.28517150878906,213.71436121592612,209.7517452287402,212.92374207414795,2548800
2021-06-17,211.66636657714844,212.51413639565774,209.81841529000403,209.81841529000403,1890700
2021-06-18,208.1800537109375,210.5614315512942,207.9609710193622,209.97083996323747,4016600
2021-06-21,212.10450744628906,213.15231925161845,207.73230229770908,208.70390828676238,3671300
2021-06-22,210.93289184570312,212.99992573311752,210.04701187408295,212.06642984020203,1658800
2021-06-23,206.79884338378906,211.69495530865862,206.70358246275302,211.6473248481406,2419600
2021-06-24,221.9158477783203,228.0121694672614,219.4868393819472,223.77331965739006,12290500
2021-06-25,219.29629516601562,222.41114104528512,218.5056760818084,222.05868728716504,6992200
2021-06-28,217.3911895751953,218.9724277176671,216.114774728283,218.1341781896532,2507500
2021-06-29,218.4866485595703,220.42032619531335,217.03878130354641,217.41979594254707,1621200
2021-06-30,218.62953186035156,219.89642656357628,218.19135196041563,219.17247842757573,1786700
2021-07-01,220.16314697265625,220.5155862390588,217.81034452257185,218.6200042608989,1977300
2021-07-02,222.8588409423828,223.09697869514727,220.35362713217282,220.9632591978588,1994000
2021-07-06,224.2495880126953,224.40199968369873,222.163498687014,222.54452786452254,3125400
2021-07-07,224.63055419921875,225.36400790754055,222.38253355402847,223.54463224891677,3141500
2021-07-08,225.86888122558594,226.01177259186846,221.08708582396898,222.734994931386,2431500
2021-07-09,223.8399658203125,227.15483924683292,221.70624633732905,225.9165200338048,4030100
2021-07-12,224.81153869628906,226.70712027056567,223.99234431896244,224.0113994072092,2928600
2021-07-13,224.13523864746094,225.42117369306365,222.92549488630718,224.78296630869363,1974000
2021-07-14,225.13540649414062,225.97364138561076,223.5922641835774,224.6019657916759,2103400
2021-07-15,220.4869842529297,224.79251890359495,219.74399562519753,223.85900844534686,3611200
2021-07-16,221.43003845214844,221.98250530790563,220.23934955913003,221.46813410142335,2229100
2021-07-19,223.03030395507812,223.1827156125788,219.62970423890164,220.87754379829002,2305600
2021-07-20,223.86851501464844,226.4689748836389,222.83975830570455,223.8494599270458,2297800
2021-07-21,226.0308380126953,226.10704384280817,222.50640194493775,225.16402758156053,1651500
2021-07-22,227.17391967773438,228.3264983824824,225.15450143891906,226.02132643820985,1703500
2021-07-23,232.56529235839844,232.94632143260617,227.24053640876238,227.92637420756333,2448100
2021-07-26,231.66993713378906,233.64171016297092,231.06030506984217,231.06030506984217,2678800
2021-07-27,232.02235412597656,232.47957449643732,231.14600902643784,232.14619039632422,2116500
2021-07-28,234.81336975097656,236.6136907740592,231.12700159294465,231.82235983604627,1688000
2021-07-29,233.6893310546875,236.4612578638404,230.74595204774334,235.756364914003,1924100
2021-07-30,231.9461669921875,234.27991402006157,231.11745227870264,233.27973256960848,1905100
2021-08-02,234.89910888671875,236.12789341990018,232.66060797053285,234.07037953967523,1958900
2021-08-03,243.843505859375,247.06311796142717,231.9461400939084,233.1368286980866,5406200
2021-08-04,250.01609802246094,257.80795934428664,243.30060960150118,243.85309100498256,3892400
2021-08-05,251.65444946289062,252.91182375182467,248.93013850353347,250.78762456989287,2262400
2021-08-06,250.94003295898438,251.7306374832391,248.3681336804275,251.00671850439898,2155200
2021-08-09,254.48358154296875,260.08458723827033,251.94979186797252,252.02598317320712,3238500
2021-08-10,256.6648864746094,258.2175202339575,253.55002600426297,254.0929870676601,2060200
2021-08-11,251.56874084472656,258.08418660897706,250.19706499229997,256.79823686363324,2813300
2021-08-12,251.77896118164062,252.80148872291795,249.8868098666667,251.52095247826716,2100900
2021-08-13,252.48611450195312,253.90045247342886,251.34891643073792,251.4731525640758,1482300
2021-08-16,257.9619140625,258.26772165353094,252.5434969944483,253.12644453756457,2623200
2021-08-17,260.6090087890625,263.6287933512566,255.3243930960776,259.12779873069445,2096100
2021-08-18,256.60491943359375,262.56805099858633,256.13667159447795,259.94007707741036,2527400
2021-08-19,258.40142822265625,259.78709846560974,253.6519628281057,254.34001515041075,1901000
2021-08-20,258.8888244628906,260.761844568842,257.1209092921179,257.42671682549286,1536800
2021-08-23,255.9358673095703,260.8000021453353,255.8211968086726,260.2170548812345,2438800
2021-08-24,251.11001586914062,255.57280536176592,250.16395477442686,254.38783759356585,3736000
2021-08-25,252.1611785888672,252.78233002724988,249.69567486792678,251.1195491262298,2388500
2021-08-26,249.72433471679688,253.80484954842345,249.01715124527325,252.28540684769962,1732900
2021-08-27,248.2240447998047,251.4540678352419,247.10594868622505,250.87112036101607,1839700
2021-08-30,250.67047119140625,252.35238374280317,248.09026708764202,249.4472700167766,1300700
2021-08-31,246.8288116455078,251.94141997389892,246.4178700283897,251.17690116808305,2733400
2021-09-01,245.97825622558594,247.28745986954124,243.19739418184685,247.06768443826513,2956800
2021-09-02,248.05203247070312,248.2049362441326,245.08958383275956,245.98787527452464,1469700
2021-09-03,248.0137481689453,249.40895471451498,245.38577525378108,249.2560509725693,1124500
2021-09-07,243.49368286132812,249.24655960224672,243.1209890365173,247.5073120319922,2403700
2021-09-08,243.53192138671875,244.36332658814965,242.42339083928238,243.3025802953231,1542400
2021-09-09,229.3503875732422,242.74827679685646,229.0350290405244,242.0506588691603,4976600
2021-09-10,228.8726043701172,233.06780517801724,227.9838785005924,231.45279365335543,4633500
2021-09-13,227.4009246826172,230.44936145596583,224.71560154001358,229.38861528824643,2832800
2021-09-14,222.74700927734375,229.14970482771335,221.68626312720258,228.12719190880003,3826000
2021-09-15,223.35862731933594,228.7579269913158,222.71835917208222,223.21528914521437,2802500
2021-09-16,220.78802490234375,224.27607171539162,219.53615603983644,223.69313874334142,2958700
2021-09-17,219.88970947265625,220.58731288068324,218.10267762834005,219.5170156429754,4480000
2021-09-20,221.36135864257812,222.4029882009733,217.20437684446492,217.96888108778182,2803400
2021-09-21,219.95660400390625,223.34908183194622,219.5456915067789,221.76273795109162,2172800
2021-09-22,218.1695556640625,220.77841219879917,217.4815033456279,219.79411796748118,2529600
2021-09-23,221.87741088867188,223.80778099848382,218.8480758536347,219.12521577573258,1912300
2021-09-24,221.3995819091797,224.94496330290204,221.07467233804994,222.44122607099888,1642500
2021-09-27,216.3538818359375,220.80710581494532,215.59894314915772,219.7654761981291,2785900
2021-09-28,211.76687622070312,216.3538725781837,210.42899013168312,216.34432156088354,3583300
2021-09-29,220.13815307617188,221.17023159578176,214.59551565532115,215.40780413090556,3971000
2021-09-30,220.79759216308594,226.63647294673345,220.55868544457616,222.45082257229515,3786100
2021-10-01,219.40231323242188,221.3995693781367,215.4460195900243,220.7497502726564,2215700
2021-10-04,214.87266540527344,219.97570839051005,214.27061592911758,217.6917612024708,4784700
2021-10-05,220.68287658691406,222.24055284291606,216.13409854325275,216.3921218465362,2802000
2021-10-06,217.73956298828125,220.60644326682763,216.01943190481197,220.32930334081215,2462700
2021-10-07,222.83299255371094,223.72173283018546,218.83848056274425,218.95315108292007,2001800
2021-10-08,223.5592803955078,225.34629740148677,221.2753334940824,223.06235050006134,2563000
2021-10-11,223.30125427246094,227.42956796922746,223.23436799642192,226.19680155351082,1892300
2021-10-12,222.4508056640625,224.63919920503182,221.6863013065985,224.28560737295138,1719200
2021-10-13,225.9483642578125,227.3626875968967,222.4698838843642,223.68353379554662,2105700
2021-10-14,226.18731689453125,227.85966384827898,223.72179792148674,226.4931098978711,1824700
2021-10-15,227.32444763183594,228.68143557856453,225.3558592783888,226.88485300433328,2598300
2021-10-18,228.37567138671875,231.89238532843342,226.1968436132993,227.3913770233629,2546000
2021-10-19,231.55787658691406,231.7872322178258,228.4520901707944,228.4520901707944,1573200
2021-10-20,232.90533447265625,234.98859362560935,232.2555007509596,232.9148854899952,1537500
2021-10-21,230.46849060058594,234.08075837746892,229.1879543160203,234.08075837746892,1717700
2021-10-22,232.9340057373047,233.21113106151324,228.92992757227557,230.2678136875853,1960700
2021-10-25,234.1763153076172,235.34218099615876,229.84732771621654,233.80362149450673,2763100
2021-10-26,237.4158935546875,237.87459027597336,226.56952495688955,233.65072212077268,4533000
2021-10-27,239.06910705566406,243.16875337457645,237.30120657780077,237.57833187849766,3181300
2021-10-28,242.10804748535156,245.35717266359848,238.98314387137336,239.05959576261188,3386500
2021-10-29,243.45541381835938,245.0895416293707,240.59809977565914,242.5189038853532,3152000
2021-11-01,238.24728393554688,245.09914002502293,237.04319957484321,243.78992156512857,2735800
2021-11-02,245.45269775390625,247.7939654231061,238.3332679269185,240.10118296752043,3987800
2021-11-03,254.4451141357422,254.95159500009993,246.3222891119709,246.33182554558894,4382900
2021-11-04,258.97479248046875,259.0798974014901,253.49904190447194,253.69974447563428,4133400
2021-11-05,253.2410888671875,257.53184364438056,247.0868502612665,257.05403026915945,3745700
2021-11-08,248.96939086914062,255.06629309482855,247.65062152710672,252.27585065887476,2386100
2021-11-09,250.39328002929688,250.52708175643377,246.924379846701,248.9694056775683,1963800
2021-11-10,252.9066162109375,254.19671816966945,249.99196625819235,250.37421112952404,2215100
2021-11-11,250.97622680664062,252.59123814636706,250.32640769667304,250.6799848840551,1739400
2021-11-12,248.93411254882812,251.68566157371032,248.24382612817348,250.97621109568573,1964000
2021-11-15,247.7644500732422,248.89574382664247,246.54687417845727,248.6848514308811,1903200
2021-11-16,247.08377075195312,249.60523404724805,245.42517279401247,246.35512696098047,2565700
2021-11-17,250.40098571777344,253.6318997344353,245.50189158760776,246.21134211714752,2873600
2021-11-18,250.54481506347656,252.91287854966396,249.09715313836114,251.18717682434297,1689200
2021-11-19,249.9408416748047,259.6239881291266,249.55732639264255,255.43434406866817,2786800
2021-11-22,249.69146728515625,253.09494467941784,248.43553421236018,251.39800431019876,1995400
2021-11-23,251.14874267578125,251.91574374222427,248.55059422255954,248.761515858569,1986200
2021-11-24,251.1871337890625,254.0058009134506,249.31759952517754,251.92534498522016,2518500
2021-11-26,249.62442016601562,254.90702960123173,248.33972601867356,250.9953964660032,1495500
2021-11-29,244.31307983398438,251.49397021918145,243.99669729222512,249.2888744569611,4041700
2021-11-30,237.8032684326172,243.51730292222058,236.30765269232586,242.8174344548385,8265900
2021-12-01,238.84829711914062,244.76365667839568,237.65946721244217,239.14550093855223,3241400
2021-12-02,237.64987182617188,239.66319498759967,235.0037690582223,236.3459991282253,3817700
2021-12-03,235.44480895996094,243.01876669216344,233.04798504102948,241.7244905533718,4169700
2021-12-06,236.1638641357422,236.74868977693464,231.5619591296928,235.77078148874912,3491200
2021-12-07,234.9942169189453,235.31059944792173,231.48526301108285,234.16012683376846,4035800
2021-12-08,234.23681640625,237.93749851586097,229.5869721234164,236.43230069265812,3636200
2021-12-09,232.87538146972656,235.76116652535012,232.73157790142835,234.3997724389411,2291100
2021-12-10,234.06422424316406,234.49564960101375,231.24555711593732,231.24555711593732,2380800
2021-12-13,238.2730712890625,240.35351280898303,235.32977896276037,235.37770374051811,3016700
2021-12-14,239.0879669189453,239.69195655499723,236.22136045315025,237.5156511272137,3424000
2021-12-15,263.9190368652344,264.1683158801414,246.59478900740487,251.25422926104167,10016700
2021-12-16,267.52398681640625,272.1833998658078,260.8224452373217,264.293071887744,5546400
2021-12-17,256.3835144042969,265.251764307667,254.37974354385884,265.251764307667,7582900
2021-12-20,252.6060028076172,258.86650387485906,249.6051754611487,258.1186962021046,3479400
2021-12-21,253.94830322265625,254.9741509250579,249.81618095324257,253.10461648640467,2702500
2021-12-22,255.50146484375,255.55898628505489,252.0021072931965,253.81409121051738,2721000
2021-12-23,261.8291320800781,263.90955950335496,255.67407347092896,257.94625857052216,2632200
2021-12-27,266.91986083984375,268.7318442260828,263.3821469459342,263.6889473817112,1677100
2021-12-28,265.0216369628906,267.86906526715467,264.5039440043755,267.81154382731967,1033900
2021-12-29,266.92950439453125,267.8306832885454,264.3600868660929,264.4368016175654,1112300
2021-12-30,265.8077392578125,269.06741352693734,264.96405266291174,267.66767672617976,1181500
2021-12-31,264.8202819824219,267.22670255650746,264.61895696576147,266.0186939403363,1315700
2022-01-03,260.515625,263.085013505864,256.03834454625644,263.085013505864,2621300
2022-01-04,255.7987060546875,258.74201368295996,252.70199814117044,257.89832674317125,2340500
2022-01-05,249.89283752441406,257.6777163582276,249.67234846530457,257.09290540898655,3004200
2022-01-06,248.6273193359375,250.51601770462946,244.91705531751268,249.36555980870926,2863200
2022-01-07,248.79031372070312,250.46809040282733,246.11545013236187,249.0203994459442,2245100
2022-01-10,249.37515258789062,249.42310662474915,245.32932696628401,247.53440806384162,2576700
2022-01-11,251.49392700195312,251.58020914513685,246.4510005186878,250.79404394088218,2294000
2022-01-12,245.3580780029297,246.81535109419102,240.61236939855831,242.4627105085829,6562800
2022-01-13,239.3660125732422,244.95540778223307,238.29224012453466,243.584431504262,3726500
2022-01-14,234.04505920410156,240.20010132107248,232.87540795209546,239.82619737192644,2894300
2022-01-18,236.87332153320312,238.26347648184657,232.0988377487128,232.731602774954,3241200
2022-01-19,234.93666076660156,240.07545133758953,234.62986031266757,236.16383332423595,2487600
2022-01-20,233.09591674804688,237.71698550404503,232.49191245912453,235.4448011852256,2655400
2022-01-21,233.02877807617188,237.64986105306167,232.1275700513643,236.69113160182815,2788600
2022-01-24,230.49774169921875,233.69989467746834,223.07717019725828,232.53984018950985,3712800
2022-01-25,229.577392578125,231.5619552095234,225.41649506626985,227.03675040357265,2525100
2022-01-26,228.04342651367188,232.424813241439,226.1739066926541,229.7403820261586,2913200
2022-01-27,226.95046997070312,233.23015171808547,226.0300831264835,230.0759231711639,2178500
2022-01-28,234.98460388183594,235.09964673935488,225.3493695802458,227.6886718768047,3081100
2022-01-31,235.26266479492188,235.358543610144,231.9358717876487,233.23016264788126,3237100
2022-02-01,238.03338623046875,238.57027247103684,233.22055949557134,236.8541529071458,2449400
2022-02-02,240.47811889648438,241.48478778329624,233.95875546133004,235.22428540567662,2586700
2022-02-03,234.7065887451172,237.87998134950323,231.14971015609424,237.28557368460025,3473600
2022-02-04,232.2714385986328,234.0259156302144,231.2647695308003,232.70286401940288,3569300
2022-02-07,233.49859619140625,233.95878230166642,230.38272500227387,232.40564503638038,3948300
2022-02-08,230.00885009765625,232.86586056043188,227.6695472456845,231.9167128733945,2615000
2022-02-09,233.23013305664062,234.37102351938776,231.11133439310288,231.30307737016636,1759900
2022-02-10,229.7499237060547,234.01626681219216,228.28306882494505,229.9991880953957,2283100
2022-02-11,226.0109100341797,230.69909696201563,225.15764131738507,229.35686681071996,2054300
2022-02-14,225.9435272216797,228.05191220224125,223.22861650969045,225.27923993299632,2572000
2022-02-15,234.7525177001953,235.6671099687185,227.83047373390616,227.83047373390616,3409600
2022-02-16,236.42767333984375,237.8140094595885,233.5394779870826,233.5394779870826,2459000
2022-02-17,231.98948669433594,236.43730297992005,231.45035922821927,236.42768095021142,2059100
2022-02-18,231.35406494140625,233.39505155453156,229.1494156932776,229.1494156932776,2517900
2022-02-22,230.21804809570312,231.88356991009496,228.6680493904814,230.29506839852343,2936700
2022-02-23,229.4285888671875,233.6357216915094,229.14940313809507,231.58511316166246,2296300
2022-02-24,234.02084350585938,234.83915670709678,225.27923715596714,226.41525360831596,3272300
2022-02-25,241.5012969970703,243.47488559098815,234.646636049917,234.7525371438935,2442200
2022-02-28,240.63479614257812,240.74069722187676,235.47455341425706,236.96679055342113,3188800
2022-03-01,240.2016143798828,241.0103056681975,236.29292512957178,238.3339121020203,2873200
2022-03-02,244.6975555419922,246.92147848237212,239.7779951407682,240.56744231867424,2452000
2022-03-03,249.00099182128906,249.90593277420197,244.90936657090947,245.33297095580278,3153700
2022-03-04,253.0733184814453,253.64132675129488,245.9972481484506,246.66152078990118,3497100
2022-03-07,251.88912963867188,253.8049562709235,248.24997570085426,250.1754390515358,3074800
2022-03-08,250.24290466308594,255.4127704500933,249.2609286668643,250.24290466308594,3482600
2022-03-09,252.9962615966797,257.80991990502883,252.30309362506787,253.48723476556899,2965900
2022-03-10,256.10589599609375,257.752188483752,253.0444160053923,253.0444160053923,2797200
2022-03-11,256.37548828125,261.59350800608235,255.1913468704087,255.1913468704087,2469600
2022-03-14,258.974853515625,260.80403805474253,257.35747114715747,258.9652167959727,2713800
2022-03-15,265.1940002441406,266.1760051385372,259.81233489824206,259.81233489824206,4396900
2022-03-16,266.1375732421875,268.2266847332367,262.8354103174698,267.4950285655209,3148600
2022-03-17,274.86956787109375,275.2354106589292,266.1472200420697,266.6863475040662,3270100
2022-03-18,276.9201965332031,280.4919233811955,274.2437738518887,275.18726161825657,4557900
2022-03-21,278.8456115722656,284.3235276773822,277.03567135408474,277.03567135408474,3495700
2022-03-22,274.3978271484375,279.731369937387,272.82859887895455,278.8745538503838,3791600
2022-03-23,273.5987548828125,277.4400453952916,272.7900636896718,273.8201937755537,3149200
2022-03-24,276.96826171875,278.0850339220081,274.05118608946145,275.6204433286928,2412400
2022-03-25,278.24871826171875,280.78070745098563,275.8996504543546,277.74810833138787,2399800
2022-03-28,280.79034423828125,281.5509105432066,277.56518701687406,280.4726263095347,2195000
2022-03-29,277.64227294921875,282.2152495764313,276.86243306296194,281.1466018658176,2798100
2022-03-30,279.08624267578125,281.39679235037744,277.2570293606692,279.7505003667766,2220100
2022-03-31,275.6975402832031,280.92516765336836,275.26432853941014,278.58573609614484,3227600
2022-04-01,281.7627258300781,282.21521094646494,273.4158282857385,275.48569575762775,3066200
2022-04-04,280.55926513671875,283.986587396366,280.10678009444996,281.8396852800288,3014100
2022-04-05,281.5894470214844,284.80496807602293,278.32580112353287,280.848154027496,2324200
2022-04-06,294.44195556640625,295.1351237915321,283.78450512269006,285.055318432129,4672900
2022-04-07,296.9353332519531,302.2977559096332,293.63317054916604,293.63317054916604,4270800
2022-04-08,300.0738525390625,300.738139777127,296.47324530335766,296.5213701373227,3024700
2022-04-11,297.4456481933594,302.0667790750522,296.5695586134119,301.421735756103,2178100
2022-04-12,296.5984191894531,298.0713977634599,292.84377080279313,295.1543213961035,2688100
2022-04-13,291.3900146484375,296.81016940436166,289.2142316190813,295.8281936537112,2528700
2022-04-14,290.6101989746094,293.1229441805513,289.002453366196,292.4297761285924,1898100
2022-04-18,287.6834716796875,290.8027127478465,285.73873499082094,289.84961783929515,1581400
2022-04-19,285.9410095214844,288.5211239486978,282.8506189849103,287.28882829836857,2021700
2022-04-20,282.00341796875,287.8568145138311,281.40649956025317,285.9505949311328,2608600
2022-04-21,278.8167724609375,282.5136888248723,275.97673097385365,282.003442091244,2716800
2022-04-22,268.3423156738281,278.826452451871,268.0245976434401,278.51837114369187,2772600
2022-04-25,274.57110595703125,275.29315476717744,266.5130165563968,268.36147443767726,2410200
2022-04-26,272.28948974609375,279.3944568969204,272.25100161830215,275.5146479537773,2166600
2022-04-27,274.4652404785156,277.3919537517159,270.1329468238148,272.5494133528935,2352100
2022-04-28,286.1912841796875,289.31055532726253,277.80589805983846,284.95898859677027,5886900
2022-04-29,281.2427978515625,286.22974068056675,278.3642396582615,284.766399169036,3910900
2022-05-02,278.7685546875,281.926313102995,273.68533310694136,280.37632935763213,2789900
2022-05-03,277.3341369628906,279.0092807741349,273.5216981521239,277.87326438214717,2109500
2022-05-04,283.9095764160156,285.91207483289554,273.53132972039293,277.74809932607786,2743600
2022-05-05,281.473876953125,283.9962294364482,277.55555168066917,282.48476291843394,3120200
2022-05-06,285.8351745605469,287.1348688622946,277.7674742987137,279.3560058787687,2931200
2022-05-09,278.450927734375,283.93848133949587,275.9670632495394,282.5714186430917,3460500
2022-05-10,275.0525207519531,282.4944196754728,274.37859665718776,281.1177200838555,3140800
2022-05-11,276.0055236816406,283.5244550979971,272.45304174102944,273.0980848378265,2625200
2022-05-12,280.9251403808594,281.1080617816739,272.7708004854092,272.7708004854092,2370000
2022-05-13,281.70758056640625,282.8377559578465,276.7617882513998,282.67355654915747,2337700
2022-05-16,289.1938781738281,298.9115936556211,281.67858662971446,282.171214307333,5118300
2022-05-17,291.1451721191406,293.0771241962142,283.40772409635036,289.79281156103895,2553000
2022-05-18,285.14642333984375,292.3043081723595,284.025887777745,289.7927649800171,2161400
2022-05-19,276.52984619140625,283.5911260255315,274.69449830261885,283.5911260255315,3157400
2022-05-20,288.68194580078125,289.0586611276296,279.0898107869406,280.83822506312606,3129100
2022-05-23,292.3043518066406,294.54542326537825,289.16492971738063,290.3723997517114,2873600
2022-05-24,295.5499572753906,297.20179717300266,289.5995426133482,293.37651165360495,2804900
2022-05-25,296.56439208984375,299.8583747969536,294.27503298483873,296.55472289352076,3195700
2022-05-26,302.7948303222656,303.2295313162855,293.27996077562136,294.8448666665439,3284200
2022-05-27,312.4739074707031,313.05346945091105,300.66968031278066,302.0123715392573,3694300
2022-05-31,302.7755432128906,307.62473249536384,298.5155851859454,305.8570092495296,6298900
2022-06-01,300.4958190917969,303.21987864983316,295.1926199677952,302.7755379174318,2731500
2022-06-02,292.14013671875,300.0997996071514,288.02509869314775,300.0031961039893,3703300
2022-06-03,291.3865966796875,295.40505957974995,290.468937349342,291.8792537752811,2490000
2022-06-06,293.0384826660156,304.40803973000925,292.7776797430091,304.40803973000925,3734400
2022-06-07,301.4811096191406,301.52939662650016,292.7100312017346,293.6470290826398,3652800
2022-06-08,302.82379150390625,304.76541259914876,300.23498302974724,301.7998593539889,2684500
2022-06-09,292.9322204589844,301.3072453057954,292.7969696696568,300.99812591240203,1963300
2022-06-10,286.9045715332031,291.3963545123546,286.76932072886143,289.0490396591482,2469800
2022-06-13,281.3695068359375,283.1855465535389,278.6937637503013,280.54842128541554,2898800
2022-06-14,280.8961486816406,282.06497130168134,277.5152329297369,279.33127239315314,2422600
2022-06-15,283.0212707519531,286.2572959270294,278.7130264732004,281.67857957425736,1970100
2022-06-16,278.26873779296875,280.32627157004816,273.4774751878235,280.32627157004816,2628600
2022-06-17,281.00238037109375,290.74907355903457,279.8238886066862,280.14267715861115,6900000
2022-06-21,287.2232666015625,289.0972621800198,280.43245729752226,282.43203445792426,2821300
2022-06-22,296.2552185058594,299.1144995659493,286.34429408448636,286.85626024875165,4535700
2022-06-23,302.0799865722656,302.5339964273588,296.73814099003926,298.96954297506767,3729300
2022-06-24,314.54107666015625,314.73428363727123,308.1559899321742,308.6775957077421,5449900
2022-06-27,316.1349792480469,319.59319010268814,311.04429594862285,313.19843320700835,3218900
2022-06-28,306.81329345703125,317.8737304867161,305.9825682442173,315.41047399070754,2742900
2022-06-29,312.0102233886719,313.65239425083683,306.8422463004717,307.3349034549703,2562500
2022-06-30,313.19842529296875,315.92245534964286,309.12200518294276,311.1698696921905,2732900
2022-07-01,313.6620788574219,314.3286046985835,306.9485629136525,312.86033169678177,1817800
2022-07-05,316.0480041503906,316.2894981378176,308.078702565301,311.46928758213437,2107700
2022-07-06,318.9169921875,321.4188666600941,315.6326794600473,316.8401495421439,2252500
2022-07-07,316.7918701171875,319.2550973519546,315.14002978026053,316.11567506331966,2395000
2022-07-08,319.22607421875,323.13826503488355,315.06272022159425,315.439435513881,1898200
2022-07-11,319.8056945800781,321.3609018541577,318.22147972472453,319.36132437669886,1342600
2022-07-12,312.5802001953125,320.69439347544335,312.3580150815351,318.77211048497,2058200
2022-07-13,311.4886169433594,313.63308487170303,309.9140713252593,311.0539454249948,2564200
2022-07-14,315.7679138183594,316.6083082350622,304.77510204662906,306.73603217868515,2615700
2022-07-15,320.317626953125,323.92069833533276,317.00433656063365,320.67503333352397,3340300
2022-07-18,310.8221130371094,320.67508085711034,308.83220466816516,318.8880192110292,2116300
2022-07-19,315.1014404296875,316.2412852424436,310.88976897275774,313.06321536894245,1628100
2022-07-20,311.07318115234375,316.66618920685886,309.411701621436,315.96101627062916,2051000
2022-07-21,315.7969055175781,316.88843369939156,308.8321969217188,310.5130153067475,1692100
2022-07-22,317.5646667480469,318.0186767283473,314.744003353132,315.8259214290365,1850800
2022-07-25,320.269287109375,320.96479091321305,316.89804076482704,317.564566471807,1741700
2022-07-26,320.2790222167969,321.2546674772195,317.42938102922085,319.72840878392964,1812300
2022-07-27,317.7481689453125,319.6124956743688,314.1257587042316,317.78681624207405,1643000
2022-07-28,319.5448303222656,322.2399114588547,310.7930906323813,319.0038861522383,2350900
2022-07-29,318.47259521484375,319.7959774744557,315.70024911257735,319.7959774744557,3399900
2022-08-01,313.1211242675781,319.1874525575623,312.45459844845533,316.3668190579911,2464300
2022-08-02,309.3055725097656,317.78684185871737,308.49412660861327,316.05773631006906,3405700
2022-08-03,303.1522216796875,310.0589733571214,299.6650626242054,309.72087587624924,5152200
2022-08-04,295.38580322265625,299.69404783991257,291.95657080559386,299.6457608326043,4696300
2022-08-05,291.06793212890625,294.93183661654575,290.0922868124167,292.1884679678319,2814300
2022-08-08,292.2077331542969,295.70456147569513,286.4408553902306,290.4206717003137,3218900
2022-08-09,292.7100524902344,296.26486676370763,291.04857250261364,294.70962999170376,2122900
2022-08-10,294.24591064453125,296.68018882802176,292.2946498999636,294.13966744344015,2351000
2022-08-11,290.9231262207031,295.02852593286497,289.43551430610336,290.78787537425757,2198800
2022-08-12,298.5694274902344,298.9667741664236,291.99873013192246,293.5687448922874,2305100
2022-08-15,304.2485046386719,304.89780481374765,297.823171595237,299.6645116517208,2795800
2022-08-16,300.73052978515625,304.6651926266001,300.0715289174865,304.23877334152417,2248000
2022-08-17,307.0396423339844,310.70295098365085,300.4398722236764,300.4398722236764,2747200
2022-08-18,306.9427185058594,309.1135592778842,304.50052263733147,306.9717912099316,2261600
2022-08-19,312.8059387207031,315.6939554685579,307.69863656567037,307.7083373254661,3393100
2022-08-22,313.12579345703125,315.7133530406468,310.49946040657244,312.3311000519364,2488000
2022-08-23,305.372802734375,311.90472805460894,304.1807624455351,311.3232442655286,2962000
2022-08-24,309.0263671875,310.95492572948984,305.4890498752437,306.7004619394061,1827000
2022-08-25,313.16455078125,313.3874316592586,306.08018624916537,310.70295333465583,1977900
2022-08-26,305.81854248046875,314.56978182211634,305.5374866077312,313.60065219590734,1858000
2022-08-29,300.57550048828125,305.149792789224,300.1200084524178,303.6670258768148,1697000
2022-08-30,297.5614929199219,302.3392936620526,296.56329084220005,300.5657999110351,1980300
2022-08-31,291.9308776855469,299.28656673291425,291.81455730701896,297.6584363393315,3183500
2022-09-01,299.5870666503906,299.85842178133964,291.2234726699213,291.70803751629387,2939200
2022-09-02,292.02777099609375,300.6433462046474,290.50626020131966,300.5367265833983,2525400
2022-09-06,297.34832763671875,303.17277596433297,292.90002667084264,293.5978011111067,2322200
2022-09-07,301.9807434082031,302.7560351402512,295.4681923023543,299.2380904945025,2228100
2022-09-08,305.7603759765625,305.98328642238954,298.0945576130045,302.3199778710464,2212500
2022-09-09,307.8924865722656,310.28623787367644,305.48903451067264,306.6810745690312,2177000
2022-09-12,305.4889831542969,310.5575407709201,305.1594826938687,309.045701211081,2077400
2022-09-13,297.018798828125,302.6688104008395,295.57477586378934,300.4398245384715,2272400
2022-09-14,300.05218505859375,302.18428189366756,296.4567227178657,297.72628005927754,2002900
2022-09-15,299.9164733886719,302.6397246074651,296.31131087626676,300.1490549780264,2348100
2022-09-16,299.3544616699219,302.3296671175211,297.27080933243406,298.4628494088328,4380200
2022-09-19,295.6717224121094,297.0575705308942,288.46139640009363,297.01882664435175,2515300
2022-09-20,292.4154968261719,294.4409742240329,289.71161685034286,294.4409742240329,1816800
2022-09-21,287.3274841308594,295.1289636712271,287.17241988375326,291.7079382035535,2241200
2022-09-22,301.2732238769531,302.95949941225194,290.70001955546815,291.5140846268358,5918300
2022-09-23,301.8451232910156,305.45028690082654,295.70084463957545,302.2424700107693,4572600
2022-09-26,298.00738525390625,302.1068145665272,295.4682701506508,299.26724204429524,3760000
2022-09-27,301.4961853027344,304.2582102189716,298.8020065477993,299.60637099807616,3019600
2022-09-28,324.0575256347656,331.1515606442633,317.9713935823377,323.2337596479918,9436300
2022-09-29,319.8224182128906,324.3482361673211,317.1669834172445,323.66016254120643,3743100
2022-09-30,313.3680725097656,319.33791459361066,312.46678904987147,317.05075328219783,4474100
2022-10-03,311.6235656738281,319.1827931984106,307.26248310885194,315.92650283731007,3340500
2022-10-04,319.7061767578125,319.90968569192313,311.84652035162725,312.2341662750959,2622500
2022-10-05,321.53778076171875,323.5438859025912,317.40927967334096,318.1651994919398,2186100
2022-10-06,322.6716613769531,328.78686582467043,316.77933777385243,317.81631338079876,4299200
2022-10-07,316.5758056640625,322.7879285162403,314.8701284973357,322.6910096634978,2601600
2022-10-10,313.8913879394531,316.9150674399197,310.354041378811,316.15914756480305,1956200
2022-10-11,317.4868469238281,318.87269508408275,309.5690454764218,310.12145641878465,2598900
2022-10-12,314.5504150390625,323.35009917624234,313.8817132199647,317.27366696736374,1764700
2022-10-13,321.847900390625,323.0786841607465,309.2492173789361,309.2685893210106,2657400
2022-10-14,321.15985107421875,324.93945034885,318.0973981919445,321.3245865330372,2231400
2022-10-17,322.48748779296875,327.1586687220976,321.5086576979937,322.51656049007295,2230000
2022-10-18,324.6874694824219,324.9781965150146,320.17132226473393,323.8249595687392,2087100
2022-10-19,319.12469482421875,325.2689729499245,315.9071774484647,324.9006989692012,2419000
2022-10-20,318.9114990234375,321.2083315474536,315.8393450389902,320.9272756695792,1761200
2022-10-21,330.2502136230469,331.8589719694418,316.68240207924,318.9114174352975,3274700
2022-10-24,337.16021728515625,340.9107444984211,333.5938270812422,333.5938270812422,3375900
2022-10-25,340.46490478515625,341.45340629332577,332.45988512183476,335.822765892155,2513100
2022-10-26,346.8126220703125,350.32089523229075,339.6216987088751,341.6181028445665,2373500
2022-10-27,345.32989501953125,349.97203351557124,344.35109435485805,347.90778298855713,2347600
2022-10-28,348.7897033691406,350.8248812472744,346.0180071776189,349.1967507749615,2942100
2022-10-31,350.9121398925781,352.6856636560952,339.64115770123226,347.5783316400489,4258200
2022-11-01,341.6956787109375,347.90780258432454,330.23088931591303,335.1540543444447,7013000
2022-11-02,344.002197265625,351.9393701957498,339.39883216435413,343.22690549981553,3774400
2022-11-03,350.5148010253906,351.6292941960648,340.65876915088063,343.13003790217937,2602500
2022-11-04,346.3766784667969,354.5852088922923,342.43231316125497,353.9262077395391,3004600
2022-11-07,353.80010986328125,355.67052268007643,346.4637925289573,346.94835727375306,2560300
2022-11-08,355.34100341796875,357.3664803950822,350.7570105273541,353.87760850189113,3278600
2022-11-09,352.0556640625,358.38407853685436,350.73766213407316,357.0660766084275,2323700
2022-11-10,357.3374328613281,357.6087879401603,351.79401090048293,355.9031105443663,2994000
2022-11-11,341.4242858886719,356.47486473282817,333.8844601166734,354.85643514922725,6646300
2022-11-14,346.03082275390625,350.6373012459934,330.53980383204214,348.956049296731,4717400
2022-11-15,340.0928955078125,346.9345769712047,336.6039897051607,346.8859971950716,4180700
2022-11-16,342.98907470703125,346.8278276044528,340.1027289962446,340.141610627412,3563800
2022-11-17,350.60821533203125,352.0951187824431,342.77524295169286,342.9696214340704,2929700
2022-11-18,351.4828186035156,354.3983173085838,349.2281591536795,352.3380066442936,2420900
2022-11-21,350.99688720703125,353.5139307562713,345.36023882245246,350.23885876231026,1999200
2022-11-22,350.715087890625,352.5809905895086,347.2359092403083,351.80353607463854,2460400
2022-11-23,351.5314025878906,352.26027727287124,348.528442444729,351.1621013355559,1993000
2022-11-25,354.96197509765625,355.5256251434373,351.366181419646,352.6781617971896,1039100
2022-11-28,355.4673156738281,359.1019909539028,350.8316833327062,353.2126858445579,2481300
2022-11-29,353.69866943359375,355.79780283545887,350.48190423772644,354.34978100363736,2207000
2022-11-30,360.6277770996094,361.86202399246514,351.60916803319674,354.7870809287965,5556400
2022-12-01,359.8988952636719,364.62201897951576,358.1107261353077,364.2332917182173,2516100
2022-12-02,364.2041320800781,364.4762441244264,354.7190328348155,355.76859938930494,1925600
2022-12-05,358.8882141113281,364.68033044250035,357.9066532983281,363.2323087742046,2296500
2022-12-06,358.15936279296875,360.20021814234076,355.22440798248454,356.6627315823638,1971000
2022-12-07,361.4927062988281,364.67058939219703,358.3731308102559,358.9173548936832,1629100
2022-12-08,361.31768798828125,362.7462832441977,356.1766846988976,362.7462832441977,2090900
2022-12-09,350.8219299316406,363.4654847610771,350.6470071371051,362.4936519141223,2787200
2022-12-12,356.9056396484375,357.4692896921733,352.2894332813032,352.7073143187269,2639200
2022-12-13,348.5576171875,362.2410123794668,348.227197536082,351.4439622997571,5032600
2022-12-14,353.2612609863281,359.0242229953685,347.00265470515563,348.89774073320126,5095500
2022-12-15,349.86956787109375,353.7180178074258,346.6430755615897,350.50125331736757,3437100
2022-12-16,349.7334899902344,350.32632346276245,345.1658932985253,347.8481318508273,6612200
2022-12-19,347.702392578125,349.5683248965417,344.621669069017,347.7315463803821,2658400
2022-12-20,349.510009765625,351.2690249992281,346.3029432964684,348.40210598773797,2276000
2022-12-21,357.644287109375,360.2390647218242,351.0358046320775,352.4158206005867,2211200
2022-12-22,355.0202941894531,359.3449626996093,352.0853693441216,356.97368791829956,1958100
2022-12-23,357.5373229980469,357.5373229980469,352.26027739487654,354.5440906735374,1030300
2022-12-27,354.6024169921875,359.31581280373894,354.06789106667804,359.0922805449271,1372100
2022-12-28,354.93280029296875,357.64422229171083,353.6888554115577,355.8560533783066,996000
2022-12-29,356.68206787109375,360.5013933611192,356.13784386918377,357.7316639161943,1077900
2022-12-30,355.53533935546875,357.58592216650584,351.9103920148315,357.1388576853214,1388000
2023-01-03,354.70928955078125,358.60634906779205,351.2787205143113,355.9435363457578,2006700
2023-01-04,352.8725280761719,356.7792856147229,350.1902598108462,354.36915903009856,1886200
2023-01-05,348.8102722167969,351.3078601917724,343.01812686706734,350.78309178749737,2008500
2023-01-06,352.71697998046875,356.37108060400755,347.50794102831884,349.8597893283156,2131300
2023-01-09,339.9762878417969,354.6898520747559,338.9656029870258,353.7471729824119,2980600
2023-01-10,342.8140869140625,343.26112178482333,333.6691349274317,339.1697132048414,2465200
2023-01-11,350.25830078125,351.5702811343398,341.11334958803684,344.35926793114123,2602800
2023-01-12,349.0046081542969,350.345742231835,343.1347294392975,349.1309511700048,2019700
2023-01-13,351.4341735839844,353.07657339419967,348.5381308112605,349.44192820041326,1690900
2023-01-17,347.66351318359375,351.80353107855507,346.50702959000586,351.43422980894036,2435200
2023-01-18,342.0948791503906,348.88798104565507,341.6769684993211,346.28347621593235,2302300
2023-01-19,341.1910400390625,345.77809195620694,340.54965650199745,342.444712632019,2658300
2023-01-20,336.32220458984375,339.2377031664779,331.95865488605136,337.2260020306839,5391900
2023-01-23,332.5709533691406,336.84701251852493,330.6370152435256,336.84701251852493,3403100
2023-01-24,336.6331787109375,336.8664090929947,331.7448312424496,336.2541496821111,2242500
2023-01-25,339.879150390625,339.92773017523143,335.37955905890976,335.81686609433217,2503300
2023-01-26,338.2076110839844,342.26013807668437,336.9636660330131,341.1133822570993,2576200
2023-01-27,332.4640808105469,338.28535108767466,331.91012887333375,336.36111103850857,2363600
2023-01-30,330.90911865234375,338.0034873065116,329.8984040826198,334.63122579207567,2647700
2023-01-31,334.456298828125,334.69925706200536,329.82066640256295,331.0840373555459,2406700
2023-02-01,332.92083740234375,336.19590986189513,328.0130629652978,333.13464184832577,2990900
2023-02-02,321.3851318359375,325.85553917055563,308.07101007366117,324.59216834259564,13036600
2023-02-03,329.5290832519531,332.6875401440723,320.09259419542707,323.5717725496798,5670700
2023-02-06,328.1491394042969,333.74690706126114,325.1947587344557,332.34746514702005,3055700
2023-02-07,330.1122741699219,331.35621940390484,323.31917000585787,326.58451512331555,2464100
2023-02-08,331.1326904296875,333.2123977635881,328.3046526557176,329.0237996322078,2399400
2023-02-09,332.16278076171875,337.5661694036314,330.9091079954731,331.2881370686585,3072800
2023-02-10,335.3990173339844,338.61578235553367,333.07635176758663,333.60112026061915,1980000
2023-02-13,340.5302734375,340.9287285219762,336.2542142172028,336.7109769083839,2291600
2023-02-14,338.8630676269531,344.96643431890607,338.5900752056422,341.7685103461456,2028900
2023-02-15,326.6271057128906,338.19032047142355,325.9836172211124,337.1958544862798,3600700
2023-02-16,317.9107971191406,324.6088851825976,317.569549175859,322.71742718674676,3654200
2023-02-17,320.1824951171875,323.29267465464915,312.4801814625038,315.06386499962696,3695600
2023-02-21,319.3147888183594,323.4194344545871,318.1642931218829,318.9637815581289,2515600
2023-02-22,320.8357849121094,324.27745356585166,318.16432689690896,320.48477761461737,2379800
2023-02-23,319.3244934082031,324.50161949905055,317.5402983827565,319.802252426357,2229500
2023-02-24,313.5916442871094,319.04176262849205,312.08041195113645,317.84253010104845,2594600
2023-02-27,308.697265625,315.30760962217914,307.99528087512516,314.52763979073677,3043500
2023-02-28,303.432373046875,307.59551453591996,301.8919223267274,307.59551453591996,3966900
2023-03-01,306.3085632324219,308.9799909183596,301.4629259401565,302.242895704916,3580800
2023-03-02,307.1665954589844,308.3853171196754,302.7597086453465,303.988189600586,2885200
2023-03-03,310.4620056152344,312.14872700739505,307.35182573690594,308.4535548150151,3002800
2023-03-06,310.9786376953125,312.2266069933474,308.5802027444198,309.00919498005067,2673700
2023-03-07,302.857177734375,312.3339574755574,301.8529523908336,311.01773228157083,2620800
2023-03-08,304.71942138671875,305.1971507545492,301.57999321108997,302.73045931326567,2313200
2023-03-09,308.9215393066406,310.79347891409685,304.49513437955864,304.49513437955864,3920300
2023-03-10,307.1372375488281,318.35923211064204,306.47426034332824,310.8714160446834,4597300
2023-03-13,316.3702697753906,323.4973490976198,309.3016866914721,309.3016866914721,5275600
2023-03-14,318.8857116699219,319.0904484941419,313.39658679280916,315.94126229849087,4214300
2023-03-15,321.2256774902344,323.06836857176444,316.38004054807703,317.84250606678927,4743500
2023-03-16,321.28424072265625,323.399954372613,316.9066025451091,319.44154925690077,3498200
2023-03-17,320.94293212890625,326.5685686438945,319.88997002648534,323.204885983218,8679800
2023-03-20,325.2523193359375,325.58380793138537,320.77717866648817,320.94290808724435,3540900
2023-03-21,322.7954406738281,326.07137956212927,319.8705090521757,326.0226426033456,3240400
2023-03-22,322.68817138671875,327.20232011208935,322.3761715743441,323.4681411637157,2472200
2023-03-23,324.31640625,326.94882664412995,321.9471892151601,322.61019627542026,2703400
2023-03-24,327.7190856933594,328.49905553916045,320.5432381454313,324.6576430530082,2791900
2023-03-27,326.22735595703125,327.8068141581763,315.171118795075,319.59749357375676,3102300
2023-03-28,329.2010192871094,330.3514851501048,326.344343460642,327.3973056606509,2433200
2023-03-29,327.465576171875,331.2679811706706,326.2078472959089,330.5172594638385,2743800
2023-03-30,332.1648864746094,332.76936739931983,327.6604979025445,327.6604979025445,2146900
2023-03-31,334.8266296386719,335.0508553163361,332.16493159636735,333.44214914406024,2933600
2023-04-03,341.9634704589844,342.74347001855136,333.73466106768296,334.65114195396114,3039600
2023-04-04,345.74639892578125,350.016803686825,342.48021945869516,343.2602190462956,3585900
2023-04-05,353.1756591796875,355.7203646233266,348.97351068737356,349.1197512866777,3442700
2023-04-06,359.0743408203125,360.2540548338611,355.13542482607284,355.72041706346545,3531700
2023-04-10,357.8166198730469,359.13284499775517,353.9557186273188,358.96708578782346,1868000
2023-04-11,354.9306945800781,359.5715656410609,354.491942955361,358.55761081486327,2027000
2023-04-12,359.8153381347656,363.12052525671623,354.2384671377852,354.9112038129797,2672600
2023-04-13,365.76263427734375,366.1623784382296,361.0437489268403,363.2959435315365,2839900
2023-04-14,365.3531494140625,366.8936000139218,363.1886992395166,364.8753904415876,2287900
2023-04-17,363.03271484375,366.49387151091366,361.8724897601111,365.61639810624644,2059700
2023-04-18,360.6537780761719,364.89493435839114,360.41003380425053,363.66645370664696,1925300
2023-04-19,361.1997375488281,361.98946655418683,358.1578140090855,361.27772261864374,2173000
2023-04-20,365.43121337890625,366.6499349170163,360.5075902665192,362.0968079128457,2766500
2023-04-21,375.6002197265625,376.6044450864132,368.5413940807748,368.551153374367,3682500
2023-04-24,373.7574768066406,377.3648742201347,372.0805150064085,375.60016805147615,2059700
2023-04-25,375.210205078125,380.70909051888316,374.391227837703,375.4149419497451,2648600
2023-04-26,366.85467529296875,371.9538169683319,361.4045560931852,371.5833208565922,3161200
2023-04-27,380.5823059082031,388.5576112141686,371.24200889863715,381.4695386139678,4981300
2023-04-28,385.95440673828125,394.19297484058546,382.68825737309606,388.04087193964637,5350100
2023-05-01,395.655517578125,397.1569908823351,382.4445876708837,387.3194739472007,4091100
2023-05-02,394.0858459472656,401.2421759292298,389.2694555902411,396.8157705507041,3884600
2023-05-03,420.4004211425781,423.3351120351017,403.94280125008663,404.64478602406774,10129800
2023-05-04,417.7192077636719,421.87261989657776,414.57978018630854,420.6538984729731,4070700
2023-05-05,417.10498046875,420.4783931438354,413.93630466813886,417.38773217898523,2753400
2023-05-08,421.89208984375,424.11503643074667,412.4153112878295,415.5352498941833,2478600
2023-05-09,417.66070556640625,424.7000415990348,417.3389464529509,420.9658625480935,2601600
2023-05-10,425.0120544433594,427.42024920604985,415.39876422427585,415.39876422427585,2766300
2023-05-11,424.65130615234375,425.91879436051266,420.3321643115913,425.7725537317854,2595900
2023-05-12,424.66107177734375,435.521259439326,424.6513169302048,430.26223340930795,3939200
2023-05-15,424.73931884765625,426.1958041368662,420.9856713084133,425.57996597714043,2234800
2023-05-16,426.8311767578125,428.6200428035317,420.97588163301236,424.43628707004973,2128800
2023-05-17,427.6326599121094,429.07939004907104,422.9992573331275,428.93273921802364,2274200
2023-05-18,428.0433044433594,429.63662603123123,423.8399794410956,426.69433134411827,2268100
2023-05-19,432.4323425292969,437.44699057888266,429.12834277093924,429.12834277093924,3442800
2023-05-22,424.23095703125,444.7196558052792,422.6669597287262,434.31890072174497,4398000
2023-05-23,413.6934509277344,426.088343909039,412.0316959932494,423.1851278246837,4492100
2023-05-24,416.1957702636719,419.3140396520797,410.8096930002411,414.46558269782224,3133000
2023-05-25,417.701171875,418.57117296030646,410.36003804284786,416.7920917394347,2882200
2023-05-26,416.2153625488281,421.9631450589254,414.14303929418594,415.34536146345954,2338400
2023-05-30,417.6327209472656,419.08923586892524,412.56920984081074,414.26031837934556,2595700
2023-05-31,419.8028259277344,420.87809645346834,414.47539669099683,417.39815172024674,3950900
2023-06-01,426.67474365234375,426.9680155225071,418.5027473027826,420.5946101195318,2914400
2023-06-02,432.3833923339844,434.7001236318545,426.9582061106127,430.06669086744904,2499000
2023-06-05,434.27001953125,437.7303947468491,431.7773429968249,433.03834336526734,2113800
2023-06-06,433.1067810058594,438.77634563754475,430.12534784483915,437.7597235560142,1495300
2023-06-07,426.55743408203125,436.6453775547357,425.8829475815615,430.30132637667754,2458300
2023-06-08,435.6385192871094,437.40781572354007,422.6180368118285,426.0784417575295,2040300
2023-06-09,436.010009765625,439.19668261233556,432.6473618655762,439.19668261233556,2082000
2023-06-12,435.29638671875,436.9386016824626,428.8154696379782,436.1174942006063,2566600
2023-06-13,435.6971740722656,437.33938904869774,432.3052021577294,433.693283993667,1766300
2023-06-14,437.6521911621094,438.6883527204052,433.5661933317479,434.29932819835346,2163300
2023-06-15,443.7225341796875,446.3129380443394,437.6228617087587,437.9258883968123,2287100
2023-06-16,437.6424255371094,446.70399197489945,437.437156118297,445.5505037294095,4295700
2023-06-20,441.787109375,444.6512159349316,435.1008927339865,435.8340276451091,2506300
2023-06-21,442.8134765625,445.10085385504937,440.0862064004339,444.27974635244203,2347500
2023-06-22,447.3882141113281,451.8652410716831,443.6150276479321,444.76848601257643,2912500
2023-06-23,448.52215576171875,449.6658593382726,442.1487803992943,446.72353504283825,4832100
2023-06-26,442.5789489746094,454.79786571384705,438.8253013320763,454.79786571384705,3214700
2023-06-27,454.05487060546875,457.4566271998774,441.54271387546225,452.0998442519468,4138700
2023-06-28,448.3853454589844,457.99428770395025,447.0363723836671,457.9747481779809,2854700
2023-06-29,454.0451354980469,455.3549997181508,447.222111871406,448.7372455282663,2112400
2023-06-30,458.4341735839844,459.3041448620252,453.56614687181167,454.20152451646385,3173200
2023-07-03,451.0442199707031,455.7753809722986,447.0852730317148,455.7753809722986,2113200
2023-07-05,455.22796630859375,456.7431000262253,449.65612843673335,451.7089123806471,2130200
2023-07-06,452.7938537597656,457.0851507684585,451.23961144509565,452.7058811568221,2191700
2023-07-07,441.9142150878906,453.1849426402213,441.09310746675885,451.93372676544817,2914700
2023-07-10,442.9699401855469,444.4459948464901,439.5975072950936,442.77442558878414,2011400
2023-07-11,429.509521484375,440.4283267707639,427.76951942233296,439.88092178793454,3570900
2023-07-12,430.6923522949219,434.3091334914803,425.22805670088036,428.6102442589028,3107800
2023-07-13,424.92498779296875,432.2954156311497,424.5730675387614,430.3306344407741,2865100
2023-07-14,439.3529968261719,440.32075500834634,430.95616350278743,431.1810022383088,2955000
2023-07-17,437.08526611328125,440.4869929536951,433.29251012820504,439.34331921643025,2347900
2023-07-18,441.053955078125,443.12627822946575,435.0324703596751,436.8995240976978,2237000
2023-07-19,443.36090087890625,444.76852232507935,438.4733346995098,441.2494687096466,2212800
2023-07-20,453.39019775390625,454.75871032248466,444.7685238248575,444.91514484446645,2624200
2023-07-21,451.650146484375,456.53771182646227,451.58171341006624,454.9443607519288,2226700
2023-07-24,448.99139404296875,455.169284954783,447.37850314352664,451.6111223986609,2190700
2023-07-25,447.25140380859375,450.55540324139827,446.3325390019084,447.46645790869746,1737800
2023-07-26,443.39019775390625,444.76849491130366,436.5182813224861,444.76849491130366,1959800
2023-07-27,444.7586975097656,448.36572341115374,442.0803210311922,443.1262672587132,1883500
2023-07-28,448.1703186035156,449.2358045447199,441.6209674136724,444.89564300859405,1437600
2023-07-31,444.3286437988281,448.6981292977008,440.66296904579195,448.6981292977008,2110200
2023-08-01,442.90142822265625,447.0851832988291,441.2983221737678,445.1106174810437,1738200
2023-08-02,444.26019287109375,451.25919069496535,441.1712476975638,444.9933277430328,2366600
2023-08-03,439.0597839355469,443.88870099601723,438.1800281191073,440.64335037140444,2414100
2023-08-04,439.38238525390625,442.2953852398969,436.84087487687765,439.13800696139697,1870400
2023-08-07,443.869140625,444.76846581353027,440.4478447341267,443.0578178680936,2446400
2023-08-08,509.870849609375,525.9020895882865,491.40564119541864,494.62166790273784,15094500
2023-08-09,514.3968505859375,520.5552326546261,505.26690896180315,508.66863645674937,5376600
2023-08-10,509.6168212890625,516.8503840706502,508.29714250741324,511.6988697742207,4108500
2023-08-11,516.4007568359375,519.851347774203,508.3069180413479,511.9432388938663,2524300
2023-08-14,527.0294189453125,531.2417239044208,518.4578438230607,520.4464779508934,3981100
2023-08-15,535.4737548828125,536.1300760342767,522.8956114343722,526.7650183431961,2826800
2023-08-16,535.1014404296875,541.596250817566,531.4377135012575,536.2378199910451,2597100
2023-08-17,526.6963500976562,537.6092045938738,526.4318964249403,532.1332258307349,2549900
2023-08-18,535.28759765625,536.6002996782349,523.0131312114622,524.1200938730441,2958600
2023-08-21,538.8336181640625,542.2132792884702,534.6213137699776,535.8360186864477,2305400
2023-08-22,542.3701782226562,544.7604260700724,536.1203291283629,538.324448913418,1936600
2023-08-23,542.0762329101562,546.0338901564035,537.0312841932931,545.3677036529335,2121300
2023-08-24,536.8256225585938,545.6224904522082,536.139884440276,541.4297958780692,1776700
2023-08-25,542.3602294921875,544.7602223057505,535.9241949523177,538.422184482907,1847600
2023-08-28,542.6248779296875,544.8877718167512,538.9023765289239,538.9121821832024,1373700
2023-08-29,542.6051635742188,545.0051565292116,538.6475070302008,542.1643277980064,1701200
2023-08-30,536.8157348632812,546.3767248594049,535.8850946871196,543.6926067233143,2191100
2023-08-31,542.8990478515625,546.0435529006862,531.9274205884948,535.8654659291452,3043400
2023-09-01,545.749755859375,547.8069698806503,542.2231886665696,544.9758865572747,2030800
2023-09-05,546.807861328125,550.4715888268298,545.3580593764866,547.826632998117,2257200
2023-09-06,548.53173828125,550.1383104150167,541.429577345733,549.5799264493581,2424300
2023-09-07,561.541015625,564.5582268381311,551.1473827846332,552.6853754532294,3707100
2023-09-08,574.501220703125,575.5689604821946,559.5719369840514,560.6593478565981,4308300
2023-09-11,583.4157104492188,585.9626689585856,572.5616301403331,575.1772282188994,3876500
2023-09-12,587.0794067382812,588.8721071709693,575.8628766021716,578.919250571359,3212100
2023-09-13,586.66796875,588.4998319413374,579.6343865893054,582.5339896093164,3126600
2023-09-14,579.546142578125,589.5675777107316,577.9787929694157,587.0205598583852,3244800
2023-09-15,563.9215087890625,581.9463324929828,563.3337674948219,579.9283409953314,5941200
2023-09-18,559.6307373046875,566.2136773102823,552.900772326579,566.2136773102823,2723600
2023-09-19,563.2357177734375,566.615319224522,558.9939962791292,559.96379911574,2185100
2023-09-20,558.0242919921875,563.5198822305669,557.5834561366315,561.7271816396087,1869900
2023-09-21,538.9121704101562,556.4177741189993,531.4377508090795,555.6242934172483,4049900
2023-09-22,539.313720703125,544.1627954432837,536.4630858603173,537.6190168839976,2353800
2023-09-25,541.0280151367188,541.3904655374615,534.621396382184,538.8826698993298,1686500
2023-09-26,538.79443359375,542.8304154780069,536.8254111142331,539.4703657913371,1864300
2023-09-27,538.5497436523438,540.4403814621692,532.5838997502985,538.6770975796367,2004200
2023-09-28,533.347900390625,540.4304512518908,530.3601061962548,540.0778065147753,2178800
2023-09-29,526.1771240234375,534.9544378020406,521.3476612415824,534.3666368214108,2967700
2023-10-02,527.3135375976562,529.6156538820692,516.0676490252686,525.0800608866405,2810100
2023-10-03,514.4806518554688,526.3829204659687,506.03643036178875,525.0702186115911,3266100
2023-10-04,520.622802734375,525.2367209270342,512.9524507337833,514.8430881375008,2220400
2023-10-05,530.4384765625,531.4376965258159,520.7697438992758,522.6603814327852,2950700
2023-10-06,553.6943969726562,554.811165232846,531.6434555087556,532.9071291986104,4745200
2023-10-09,560.1010131835938,567.9672390168142,552.0878221466453,552.5188523149425,4208100
2023-10-10,567.4969482421875,574.0015624645418,558.1122828894297,558.3767962943355,3526700
2023-10-11,592.9375610351562,596.3759372228196,573.0808742765396,584.0426976218306,5850600
2023-10-12,598.0510864257812,600.5001080737165,589.9203465127498,593.1138803081482,4063500
2023-10-13,596.7777099609375,617.1241446604007,590.2730929934398,605.2905130676697,3963800
2023-10-16,604.0658569335938,609.2969333357346,596.0232488631725,598.5310444687844,2941500
2023-10-17,595.90576171875,607.7492571263925,590.2436545636265,606.3777810398001,2911700
2023-10-18,594.8576049804688,603.3214388903237,590.9391699989329,594.8576049804688,2049100
2023-10-19,578.7527465820312,592.6632006039051,566.5468617413397,592.6632006039051,3493700
2023-10-20,572.7183227539062,584.747883937042,569.0349852598041,577.9690099180038,3666900
2023-10-23,564.891357421875,576.3429850431535,564.3917474390348,574.1094486000014,2781900
2023-10-24,580.3495483398438,582.39695673676,567.3011538796324,568.1730199323682,2633000
2023-10-25,574.501220703125,587.4712276375458,573.9232253820215,584.7674986192052,2283300
2023-10-26,556.5155639648438,569.152537509065,554.6151210865303,568.1729290107706,2846500
2023-10-27,548.8062133789062,559.1704911201707,545.2894513049506,551.5295545150301,2717400
2023-10-30,554.1743774414062,561.521441607456,551.0787809233963,559.5622244965094,2290900
2023-10-31,542.6345825195312,557.9948381331174,536.4434490166644,557.3678742818125,3661400
2023-11-01,543.1536865234375,547.0427031113616,540.018927734183,543.6826535265948,2935900
2023-11-02,568.4569091796875,585.2572163363187,560.3261718144494,566.5369150753061,5181300
2023-11-03,556.2315673828125,571.111824692231,555.614409169797,566.6350061299815,3056500
2023-11-06,583.0532836914062,585.5219166600967,559.3663533474505,559.4544846445792,3978500
2023-11-07,587.696533203125,589.6655558980791,578.0963816493199,584.8262874096333,3168200
2023-11-08,606.505126953125,613.1076798911564,580.1046610637234,595.2689843001787,7776400
2023-11-09,579.26220703125,603.0961027594619,571.5330802603764,602.2242366917519,6279800
2023-11-10,585.52197265625,586.6484868543513,574.0507325678725,582.8672113957067,3645900
2023-11-13,600.2160034179688,606.1328178037246,566.3607327860815,582.2303441834008,5744800
2023-11-14,599.47021484375,604.5931920241937,591.4716279803591,596.9184901242594,3827600
2023-11-15,577.6040649414062,601.5212307547977,573.5606252158627,599.5289822016903,4287000
2023-11-16,577.8101806640625,584.0324007282212,570.9402507028763,580.5090817202429,3030500
2023-11-17,580.7152709960938,585.1021837604845,576.2988869186863,581.4415112379894,2628200
2023-11-20,586.4959106445312,593.6210214422745,579.714332402401,580.4503965773571,2827200
2023-11-21,581.5886840820312,590.3822169931165,580.7741497087985,587.3201955126848,1851600
2023-11-22,584.0325927734375,588.0465624832206,575.8475328860493,584.3368302328613,2052200
2023-11-24,589.9308471679688,592.2862763699605,585.8874062953566,587.2417691013441,1341700
2023-11-27,580.53857421875,592.4725980590199,580.1558065878362,589.9994040143926,2630700
2023-11-28,580.6073608398438,584.3171528015188,578.4089922259853,580.9999523356265,1793900
2023-11-29,580.8624267578125,583.4926215469108,573.5803171603294,581.1961354546644,1908600
2023-11-30,580.0575561523438,585.1511204534164,575.3173480284263,580.4697950421863,5658400
2023-12-01,573.187744140625,590.7845738799203,572.1670902780892,580.7054447718815,3638600
2023-12-04,574.7973022460938,576.1811361702412,563.6582238603867,571.3132778096733,2577100
2023-12-05,577.2213745117188,580.8035164670619,568.6044904368702,572.441870713842,2157300
2023-12-06,578.301025390625,582.8646467512424,573.541168191699,579.7633298121118,2093100
2023-12-07,577.3391723632812,577.9279995969032,566.8772159379494,577.3489961340151,2095000
2023-12-08,586.9373779296875,587.1827325780906,573.9041701550542,578.0555516377028,2446800
2023-12-11,573.187744140625,590.0190984582791,556.8667467047601,587.5360804460813,5614100
2023-12-12,573.8944091796875,574.9641220191907,567.4268335836522,571.1856839807664,2846100
2023-12-13,586.3976440429688,587.5458870924854,571.4898923364457,572.4222520352158,3112500
2023-12-14,563.010498046875,583.4534681262674,558.1230516621933,583.4534681262674,5275900
2023-12-15,561.4107055664062,563.0497178482017,551.2138112707498,561.4695882896358,5317000
2023-12-18,568.9873046875,572.216150587058,565.0027472344326,565.7583988868995,3033900
2023-12-19,569.0363159179688,574.2378225163719,566.5238866986813,569.4681424978949,2192700
2023-12-20,559.61474609375,569.0854000598417,559.4380979261019,565.7682002538,2647100
2023-12-21,561.3714599609375,564.3157158698235,556.4840143205195,560.7923966090658,1786500
2023-12-22,559.7913208007812,565.198946399251,556.8764766644977,562.372456285717,2226100
2023-12-26,560.066162109375,562.1271772072206,557.0924947596395,558.9179190655002,1678700
2023-12-27,570.7047729492188,572.8344346631135,559.8993439489644,559.8993439489644,2163400
2023-12-28,570.0569458007812,575.7884565394444,569.2227639863876,571.1659535640789,1973500
2023-12-29,572.0885620117188,575.2781727319685,568.7026555746296,572.0198555157729,2000100
2024-01-02,581.196044921875,581.7063418067518,568.2903677477121,569.6250825251301,3226700
2024-01-03,606.2222290039062,608.3224790033217,587.6733951005632,588.8511092993684,5130300
2024-01-04,603.0818481445312,624.5847075372097,601.8747221977852,613.6419239386831,6272500
2024-01-05,607.0565185546875,608.420704909668,598.8518726847625,602.5910754966069,2404000
2024-01-08,614.3975830078125,614.4269944205328,598.2630570394862,610.8644397155908,2453900
2024-01-09,613.8577270507812,622.6316123067047,612.130420617242,618.4017002591121,2918900
2024-01-10,618.480224609375,625.2127422066307,614.1325471557171,616.8118009156159,2679100
2024-01-11,623.9075317382812,627.8725020330209,616.4684203516528,622.6022878610396,2690300
2024-01-12,630.9736938476562,632.0336428159753,621.2478608868697,626.3414263360402,2067800
2024-01-16,622.7788696289062,635.6943133225924,621.8955688413513,631.9452867126165,2413600
2024-01-17,617.2239990234375,628.6183154847083,613.5731502665755,627.5681903032988,2124100
2024-01-18,611.767333984375,612.287514657484,601.3152605769437,609.7358499507704,3385000
2024-01-19,616.9000854492188,617.8913277632893,608.4794975654588,610.8251022629674,3125000
2024-01-22,619.1572875976562,620.8845936847024,613.386542216402,618.2936345541332,2030200
2024-01-23,617.979736328125,618.2937975086357,603.3958684329817,616.0267226471459,2525000
2024-01-24,621.9249267578125,631.2189313695964,620.2565032972178,621.7482786127189,2276900
2024-01-25,615.9580688476562,620.8553391262432,613.0726951497104,615.7127141451134,2407900
2024-01-26,627.371826171875,627.715298713862,618.7844136118376,625.5071069127094,2410300
2024-01-29,633.0150146484375,633.6529607166385,627.8822143956672,629.5800494526708,2718500
2024-01-30,632.995361328125,634.78155040174,629.0893343952204,633.7020138819141,2006100
2024-01-31,633.6136474609375,651.2202995268402,625.1636476979721,638.2950333475102,4719000
2024-02-01,648.1583251953125,648.2466792320921,631.2190293628862,635.3017645756481,2494300
2024-02-02,655.2442016601562,660.1218237174631,647.4811464041895,650.072106079814,3019200
2024-02-05,693.0780029296875,698.6524548021573,669.8478355533358,678.1800719946008,7602400
2024-02-06,691.9296264648438,728.2126455648117,678.2584118210409,728.2126455648117,8187300
2024-02-07,711.9014892578125,727.2214205273066,693.8826566093436,697.1802090088589,5798000
2024-02-08,722.0100708007812,727.2312252470904,712.2645907194006,714.7868438574379,4636900
2024-02-09,726.4067993164062,731.8438969567736,719.9785191595666,721.8334147784149,2833900
2024-02-12,723.5606689453125,727.0348691400726,712.9515365345097,727.0348691400726,2932300
2024-02-13,729.1646728515625,729.174496623404,716.612348381085,716.612348381085,2860300
2024-02-14,744.5408325195312,751.1671783441641,732.4383964495787,733.2445774557905,3394300
2024-02-15,745.0029296875,750.1250443011518,737.3639222041786,743.0562741089916,2507000
2024-02-16,768.8736572265625,781.0743853900104,750.6266004207669,758.0296656364604,5009400
2024-02-20,742.9186401367188,780.0026669223455,740.5001570895461,776.6796529736971,4701100
2024-02-21,733.3331909179688,736.86268635869,720.8768364906219,725.6352556911141,3541800
2024-02-22,756.6630249023438,762.0506067834446,743.5184628268885,750.7052056669693,3167400
2024-02-23,756.5646362304688,764.5379377736955,749.4074167266616,760.9494570294769,2394800
2024-02-26,758.9044799804688,767.0645199578253,756.1517033624007,758.2949387295405,2243800
2024-02-27,752.1011962890625,759.917161898763,732.871003395952,742.1715182228221,2716700
2024-02-28,744.8652954101562,750.134904980789,738.9860845775037,749.3975508802181,2716300
2024-02-29,740.9721069335938,743.7052618341627,731.4848527060875,740.3822476055751,3905400
2024-03-01,768.9324951171875,770.8594687214019,751.2458381279628,756.0534011467541,4247500
2024-03-04,778.92138671875,787.2780681221487,772.9045209027445,783.0112185088138,3855600
2024-03-05,764.4789428710938,775.2344839821784,756.30906166191,772.0687457727425,3168700
2024-03-06,766.622314453125,774.5660343399804,760.9495832417535,771.0660619129087,2518600
2024-03-07,767.0056762695312,779.6193661194233,748.2867317892633,758.8260128035278,3977400
2024-03-08,749.2894287109375,766.8482734948989,742.2698031905752,766.8482734948989,4054900
2024-03-11,721.9877319335938,744.0395309544541,715.351544149568,739.526956864698,3968900
2024-03-12,742.2208251953125,743.223586205174,725.5664475708729,728.4667197203335,2701700
2024-03-13,745.06201171875,747.9426015002067,733.1365320398176,744.2361486386086,2357500
2024-03-14,747.9031372070312,755.0505752659702,736.7642181486589,752.0520140190494,2647500
2024-03-15,741.4539184570312,748.0606437012231,735.1028789583413,742.6435382421931,3730100
2024-03-18,749.8006591796875,756.7023132028862,745.465043194623,749.4271216171361,2521400
2024-03-19,759.7500610351562,760.8019667878957,742.2698236695524,745.6518236769768,2557100
2024-03-20,759.8287353515625,760.1236650279238,743.8822507872353,757.1251033071809,2038000
2024-03-21,757.2725219726562,767.3791579042287,746.0843973284977,760.9494515821787,3013200
2024-03-22,757.6167602539062,763.8990331130045,754.3429504592028,757.0170598417162,1981000
2024-03-25,760.1039428710938,765.3637114254147,755.1980898817599,758.0983013241064,1806600
2024-03-26,761.8342895507812,765.206448475791,756.0337465565824,761.146080381058,2099000
2024-03-27,765.05908203125,772.0197227911033,754.44119307933,765.5801744920346,2297700
2024-03-28,764.8427734375,780.2878474190196,763.3483830817945,767.162966880068,3209400
2024-04-01,747.7261962890625,764.3904108154411,741.1096914205252,762.9157026273728,2921300
2024-04-02,751.078857421875,752.1701272601238,740.7952023537155,742.3387377132927,2596800
2024-04-03,762.9058837890625,773.9760365098767,752.5042582655261,752.7795659381866,3044900
2024-04-04,755.12939453125,774.6152160567846,754.8737687988784,768.3624066224365,2354000
2024-04-05,770.9873657226562,773.4452129323338,750.2234772957834,752.5632926338438,2113400
2024-04-08,764.1840209960938,771.9606833698848,760.3104512942825,771.7837255669842,1664200
2024-04-09,744.4720458984375,764.7050600354203,737.9931945436242,764.5281022448734,2464100
2024-04-10,749.1322631835938,752.3569880234312,734.2377427971043,738.6127235069612,1700300
2024-04-11,746.782470703125,750.4594004269055,738.012828895376,746.9692694861743,1594800
2024-04-12,738.9664916992188,750.6265039338621,737.1476488425832,746.7627754954765,2495000
2024-04-15,738.1112670898438,755.0507324186041,736.8823433717145,747.254447551517,2358600
2024-04-16,734.1490478515625,740.4411600877587,730.4721183909094,739.005755857256,2569800
2024-04-17,738.1112670898438,758.8161714926435,732.320564128569,746.3991214441825,3069400
2024-04-18,733.3724365234375,739.5170543306149,731.2292010330181,736.7838995270864,1717300
2024-04-19,714.0636596679688,737.3640651526985,709.8951600550056,736.5283610283573,3505500
2024-04-22,718.9989624023438,725.4385099620523,713.1885781111768,717.4357452055123,2354100
2024-04-23,733.1168823242188,733.578928825487,719.1071523574542,728.7025980619729,2042000
2024-04-24,719.854248046875,739.9496077057524,716.5017111043612,739.9496077057524,2133400
2024-04-25,712.6478881835938,715.7152767448313,706.1886584230926,712.775701040815,2608800
2024-04-26,721.14208984375,725.0156587886279,708.8430148942056,711.2811797102215,2009200
2024-04-29,724.77001953125,728.0930338616455,717.307968770003,723.3444561044884,2665600
2024-04-30,767.9298706054688,782.087096608083,754.7164796717102,761.9327465383587,7437100
2024-05-01,763.6531372070312,769.4143167341738,755.296456593887,761.6967004056256,2802100
2024-05-02,743.1644897460938,764.2332089019861,741.5718095494725,764.2332089019861,3205600
2024-05-03,722.57763671875,732.4385496192081,718.025758387749,730.4722716336531,4595100
2024-05-06,753.7529296875,754.0577003482949,723.5902352346914,725.5958170019186,3398300
2024-05-07,764.6558837890625,765.9536342059747,749.2598965754479,755.9354474322776,2879400
2024-05-08,761.9326171875,768.1755249517195,759.1798403782229,765.9634625147235,2089800
2024-05-09,758.540771484375,770.7808622288848,756.2304191778115,763.8988902446984,2522100
2024-05-10,747.1856689453125,764.311934187077,747.1856689453125,760.9692974612117,2082300
2024-05-13,744.92431640625,750.6756546590426,737.8752276746357,750.6265097178971,1848900
2024-05-14,751.098388671875,751.6096400684889,738.8485171800479,738.8485171800479,1956200
2024-05-15,775.06884765625,775.6990833520265,751.5120378718909,752.5461413444841,3038300
2024-05-16,759.4103393554688,774.5370793728281,758.4452401425738,772.7939981524281,2299700
2024-05-17,758.3072509765625,763.1032933266713,755.4512645594292,761.1533796302491,1670300
2024-05-20,771.2872314453125,772.4197924845524,754.4862937190104,755.2544780986668,2188800
2024-05-21,790.9735717773438,804.209483180876,779.3724863662152,780.4262452629291,4334500
2024-05-22,790.717529296875,792.657645475317,783.1738752859491,788.8365597032948,1767500
2024-05-23,796.17333984375,808.1486583974128,789.9788178170055,797.6997903839338,3025800
2024-05-24,795.1688232421875,797.8179768471497,791.938662699972,795.7301747616381,1778100
2024-05-28,795.5923461914062,796.7150493148297,776.2801453923541,796.7150493148297,2483500
2024-05-29,799.2066650390625,803.2246655495278,789.9100123006622,790.8061671881727,2380000
2024-05-30,802.6829833984375,807.5381121508998,793.8688807295406,800.4474350275515,1984600
2024-05-31,807.8829956054688,813.6638536450806,798.7832564061133,806.3663423514137,4472100
2024-06-03,818.6370239257812,825.5504419050532,806.070779553289,811.3198583934145,2537200
2024-06-04,819.9468383789062,822.7830492106804,812.7773590280389,821.3354005580906,1748300
2024-06-05,819.1293334960938,825.7177450289595,805.2040417789993,817.8785998229841,2169000
2024-06-06,824.5753784179688,834.1083763436346,819.2475579854432,822.2020017267645,2109000
2024-06-07,837.0826416015625,843.7990851035912,824.2997659635543,825.0383769924065,2468800
2024-06-10,851.8646240234375,858.3939495919584,836.4916826332408,841.0119479601783,3417500
2024-06-11,852.6721801757812,868.7443615852084,839.2885233770528,868.7443615852084,4109100
2024-06-12,854.1297607421875,858.7584017641856,840.8839912621198,858.7584017641856,2594600
2024-06-13,869.916259765625,871.6199697151642,848.4177411485621,855.8334236173226,2243400
2024-06-14,865.1104125976562,871.1768441926279,862.6976047635839,868.9314981214843,2023300
2024-06-17,871.5707397460938,878.6515588074423,863.5444770720768,864.6671800918124,2532200
2024-06-18,877.9228515625,881.281042926117,870.5761129522136,873.5305567744496,2437000
2024-06-20,872.5360107421875,891.7005274163376,856.9168632330592,879.4395717570746,3360000
2024-06-21,870.4579467773438,878.4250633526099,866.4398863175275,872.2108855358464,3445900
2024-06-24,876.59326171875,889.8587449188417,869.5321582493859,876.4652310190169,2878200
2024-06-25,890.8731689453125,895.6101250225531,877.9622632687251,878.2281824597324,2830100
2024-06-26,887.5740966796875,892.5867697886043,884.206047271913,890.2724793115974,2232100
2024-06-27,895.23583984375,895.7578204322818,886.0573605843967,889.8095619038937,1948100
2024-06-28,891.6314697265625,901.6371598659348,891.6314697265625,897.4714132380817,3375400
2024-07-01,900.4849853515625,902.9076510797046,890.5777521718188,897.9244912518876,2546100
2024-07-02,892.9412841796875,898.1509318713958,865.1596421590144,889.0020257065673,4584600
2024-07-03,884.4620971679688,904.5523419803772,870.5762333267865,897.1662314035096,3078400
2024-07-05,900.681884765625,902.5431987625379,883.2802278297509,884.7869628927431,2880900
2024-07-08,904.0597534179688,914.50862132723,898.1508661407271,903.9514382438804,2364600
2024-07-09,918.339599609375,920.8016360694537,906.7976015365156,914.9419772728039,2416000
2024-07-10,925.5090942382812,931.329322080386,918.8320223939746,922.347817731245,2683300
2024-07-11,919.954833984375,928.5621049919397,904.6704903448632,919.9056052701987,2855100
2024-07-12,933.998291015625,936.351952480143,921.8161379136544,922.7713793262785,2315100
2024-07-15,936.0269165039062,951.4293713325902,933.6929106852647,941.6797427518673,2358700
2024-07-16,927.3015747070312,941.8670238024397,924.1304999609214,941.2367279159489,2111800
2024-07-17,891.8383178710938,910.953543619825,888.9331026562647,896.1911817573056,4200600
2024-07-18,836.0092163085938,896.0533392441062,823.9550339842608,893.2564991787269,7649600
2024-07-19,844.4490356445312,866.8437725113122,840.0469427683014,854.4842998856858,3782200
2024-07-22,852.8198852539062,861.1415807913893,843.8088675709947,851.6676689820438,2904500
2024-07-23,864.9528198242188,874.2396145729854,850.9586423999376,856.7887281797522,2087700
2024-07-24,846.8223876953125,865.0020869498883,841.2975921850444,859.2507432067264,2726100
2024-07-25,808.7200317382812,838.6879375449638,794.1349276088816,834.1380981817292,5468000
2024-07-26,792.4015502929688,809.527491296998,789.1319584773792,799.5414564281467,4173900
2024-07-29,795.5233764648438,812.245569506515,791.7909507117998,801.648954628415,2473700
2024-07-30,778.2105102539062,809.419293089019,764.0291533546842,802.8013064999407,3848600
2024-07-31,792.0568237304688,798.8224949346929,780.0617896280385,788.0190479780233,2961700
2024-08-01,819.7991333007812,828.1208293550177,807.7252957261315,820.961207408308,4060700
2024-08-02,792.2440185546875,807.7351338344631,775.0688485768153,804.2685670161518,3515900
2024-08-05,763.4874877929688,780.8990052480109,736.1982496069476,746.4895756999368,4661800
2024-08-06,781.1351928710938,794.026441700934,773.079417113406,777.1565637519474,3437600
2024-08-07,760.4148559570312,774.635582986054,751.433350476419,766.4812882135316,4407700
2024-08-08,832.4736328125,864.4505943494189,812.7083964423862,861.7127808907128,9434900
2024-08-09,878.1394653320312,894.6941961654993,846.9405463717081,846.9405463717081,6587600
2024-08-12,870.9503784179688,890.9814745874905,869.5913294025362,890.4792696107572,4206100
2024-08-13,894.2608642578125,900.8000474724156,876.8099788124921,880.5030334747332,3506800
2024-08-14,917.5321044921875,920.1911160647737,890.065609519805,896.1813301259217,3562900
2024-08-15,918.7155151367188,925.0074163850928,907.2954103997987,923.0744610154474,3080000
2024-08-16,909.38623046875,923.3704084019749,906.69394892093,915.5696658748592,2364900
2024-08-19,909.0804443359375,913.2125857656144,903.8437741405892,909.3861610444304,2374600
2024-08-20,936.8516235351562,953.646481359788,917.6603895377976,919.2283991655363,4961500
2024-08-21,938.8240356445312,943.2915089020532,926.2008053265414,942.4236561746624,2617000
2024-08-22,940.9934692382812,959.0999744252517,935.0467712121228,938.8337094136283,3183700
2024-08-23,939.5833740234375,947.236223943432,930.0863521996455,942.246101110985,2063300
2024-08-26,937.4039306640625,941.8121744626957,929.7510807465598,936.0922801012789,2166000
2024-08-27,941.29931640625,959.0507496914107,936.8319036628169,939.3466780064201,2912900
2024-08-28,935.8358764648438,945.1060938270507,930.2343200857491,940.9739520719819,1701800
2024-08-29,927.2164916992188,944.2973215427209,923.0744787943732,941.812101761353,1762800
2024-08-30,946.7628784179688,947.7293261070911,927.5222869429235,931.9502738514059,2555100
2024-09-03,943.3211059570312,956.2599243161305,938.4394495044158,944.5439729067771,2529400
2024-09-04,933.2420654296875,940.825873885788,925.0566951272125,936.6345636509718,1891700
2024-09-05,900.1456298828125,929.9779008266142,893.656477729455,928.1632833159955,3201100
2024-09-06,890.2442626953125,915.0864097911626,880.6683289608973,905.0864212625193,3440000
2024-09-09,895.7274169921875,902.7885156881395,883.5479261310003,899.9680248247367,2405900
2024-09-10,888.804443359375,902.4730331683787,882.6407509643724,901.4868423851783,1930400
2024-09-11,908.1731567382812,908.8141445698313,884.8102969416497,889.6919528836665,2721100
2024-09-12,922.1080322265625,924.6721039269607,905.9443524764627,911.5459083361453,2510800
2024-09-13,910.9542236328125,929.3367723422828,909.3664108762788,924.0705477670854,2045400
2024-09-16,910.7865600585938,919.7313171531122,907.7195213514742,918.2717741423527,1760300
2024-09-17,893.6663208007812,908.774770215614,889.8398959002784,908.774770215614,2248000
2024-09-18,892.4730834960938,902.8577017929689,890.983985909402,893.7946056884142,1777000
2024-09-19,902.4038696289062,904.1494463388574,891.3782653981517,900.244109700294,2446500
2024-09-20,908.7647705078125,926.8810870970514,900.5892720657538,909.2578658100614,9921800
2024-09-23,905.8359985351562,909.2679232790521,896.8912407002124,908.2817324728926,2292000
2024-09-24,911.664306640625,912.8970450765581,896.6446407987543,909.386208418713,2767400
2024-09-25,911.7924194335938,926.3288598957786,908.4689617786079,918.9225585283704,1805100
2024-09-26,896.7630004882812,909.1199395679198,892.7984943212242,907.5519299473101,2693000
2024-09-27,865.6683349609375,888.7649650824301,863.5184464031852,881.2797509939209,4377300
2024-09-30,873.705810546875,875.1752250917021,846.9504514469837,852.5816221381277,3244600
2024-10-01,872.2659301757812,878.9622035449564,866.7334148006341,876.5558958317434,2455200
2024-10-02,878.7649536132812,881.0134371075978,866.565779478811,867.8478153493893,1751600
2024-10-03,873.3211059570312,879.6820475997721,868.7156125392486,877.2559969651905,1974700
2024-10-04,874.908935546875,876.693938348251,864.7807977499456,873.6761971428223,1970500
2024-10-07,885.993896484375,892.7788944455339,877.2858142995412,878.2128361195925,2915700
2024-10-08,901.1021728515625,909.2382464456471,889.7708508949337,890.5302370252529,2200000
2024-10-09,907.0390014648438,908.6267540048656,899.4058952738798,903.6366315988671,1820100
2024-10-10,898.114013671875,909.267828114481,892.6505388467939,907.2954467085926,1682100
2024-10-11,919.1888427734375,919.3663498650329,898.5971774561739,903.3900495061491,2293900
2024-10-14,916.6741333007812,924.0606920622713,913.2125942899287,923.0745013556947,1550400
2024-10-15,900.7077026367188,913.7254319916294,895.2639106792116,911.6741384697377,2284200
2024-10-16,903.7648315429688,905.1356510122235,885.4414523424012,897.4631189455027,1645400
2024-10-17,904.4552612304688,917.6603698980481,903.3901583602568,908.2816861787235,2191200
2024-10-18,905.2933959960938,908.2026704324761,893.1139656274744,904.5143270570645,2286900
2024-10-21,893.6170043945312,906.1711930332316,892.0686777367828,905.3033403818528,1592200
2024-10-22,896.5953369140625,898.5381037829492,887.7689177371836,889.2284607733952,1391800
2024-10-23,890.77685546875,895.4119643471823,879.4159179951985,893.1141228896906,2646600
2024-10-24,879.0115356445312,887.5716640256127,876.0135374708304,885.9247423473219,1797100
2024-10-25,880.3723754882812,888.5183196122667,877.1672559842912,887.3052642230707,2228300
2024-10-28,883.2225952148438,885.8064101496499,878.4790201422243,882.5125065789143,2084100
2024-10-29,891.102294921875,895.4414983021614,885.8064551709509,885.8064551709509,3187500
2024-10-30,835.135986328125,848.6171979412825,758.3807381950567,787.4733672935666,18257200
2024-10-31,818.2818603515625,841.71376097322,813.8440022093487,824.9583906403857,6582800
2024-11-01,807.6212158203125,821.4969274481867,805.451584045493,816.5659735019191,5266300
2024-11-04,795.0078735351562,808.8638423687518,792.5818224748028,793.8836015662869,3918100
2024-11-05,794.9288940429688,798.0354189062089,786.4772322996552,792.7297079859383,3733300
2024-11-06,765.65869140625,809.3962220709578,757.0097802600676,806.0432100212523,8257900
2024-11-07,786.437744140625,791.4672923675748,767.4437026328895,773.8145158870195,4557600
2024-11-08,820.0570068359375,835.569827739269,790.1951832364284,792.4042408109073,7212900
2024-11-11,820.944580078125,832.344942042484,813.2424331998553,819.8203082458012,3342800
2024-11-12,807.5521240234375,822.4731945338674,799.5245170619062,818.7355533488856,3378600
2024-11-13,800.5994873046875,817.6605747501258,800.0866488679114,808.9919799763801,3059300
2024-11-14,775.3726806640625,798.0156403925002,772.6902709012697,798.0156403925002,3998800
2024-11-15,737.1143188476562,768.5073358337477,735.1386707458356,765.7513284368263,7334600
2024-11-18,718.345703125,725.0628949984662,702.7380942828878,724.262759882968,9148100
2024-11-19,720.8447265625,721.1114583131201,703.7454969969191,707.5881464982809,5832500
2024-11-20,744.2365112304688,748.1483162800155,726.5051172841468,726.831055819278,5158900
2024-11-21,740.7890014648438,743.8315164484102,726.0506833858984,737.0352820989349,4143200
2024-11-22,738.9021606445312,752.0106030121783,736.007843869966,747.8320669417429,4015500
2024-11-25,745.8071899414062,745.8071899414062,730.9997164394879,740.8680694782181,5690500
2024-11-26,779.709228515625,797.1739491884571,764.526378817266,775.6393985550234,6622600
2024-11-27,778.5930786132812,785.152245097442,770.7991320059878,778.5239236913461,2714700
2024-11-29,785.665771484375,790.585175860176,779.7191121754927,781.6947601181624,2206900
2024-12-02,790.0615844726562,795.5439953459255,785.5373338923343,788.3921595826853,2895600
2024-12-03,803.4268798828125,807.1805988799566,791.8495516965165,793.1534865613752,2782100
2024-12-04,819.7359008789062,836.1535310595285,810.5095981207551,818.0170364606524,3871100
2024-12-05,815.5672607421875,821.0101807269144,807.5066432855202,817.7009943841243,2423400
2024-12-06,816.64404296875,830.7600269534834,815.6364431432157,817.6022033581343,3047100
2024-12-09,793.795654296875,813.670669041937,791.5236710765776,813.670669041937,3176000
2024-12-10,789.84423828125,804.088641810936,787.2956357780296,799.4162541316862,2695200
2024-12-11,786.337646484375,789.765367167821,776.7952319243067,785.567114746979,3510900
2024-12-12,772.8240966796875,792.076837443609,768.912352153693,787.0290108876619,2823800
2024-12-13,779.5116577148438,784.5791995779701,763.5780520237569,767.6676577890853,3059400
2024-12-16,769.514892578125,790.0419041470018,765.8105525945974,782.3566045210205,3426200
2024-12-17,769.1394653320312,778.4052586402192,763.0248327795103,768.3887094967769,3924800
2024-12-18,755.3989868164062,769.514971455444,753.215873857222,765.5636750679962,3354200
2024-12-19,748.3162231445312,763.5583412864091,743.238853254371,755.784170690693,4032600
2024-12-20,758.4117431640625,801.4709563840075,757.275721478306,801.4709563840075,9942300
2024-12-23,786.5845336914062,789.6269882399721,763.6571166538976,775.6097630895318,3622300
2024-12-24,785.9818725585938,788.036563275026,777.5162139951101,781.7342415933846,1165400
2024-12-26,784.4705810546875,794.1215807234346,781.8627111739971,784.4508052808662,1274200
2024-12-27,773.6341552734375,783.6408178645004,769.7322381624788,780.3810105119005,2096500
2024-12-30,764.4177856445312,770.2656871101921,761.6123388277645,768.4480643385974,1719100
2024-12-31,762.6001586914062,764.486876078862,754.9939015268883,761.6123346516505,2327000
2025-01-02,768.5962524414062,777.417513819336,762.3729730931192,771.0855882975187,1938900
2025-01-03,772.4585571289062,776.2716034175696,766.0871408519936,768.6949502715903,1799100
2025-01-06,755.7841796875,775.2147227563845,754.055487547051,774.1774592385175,3991100
2025-01-07,763.8744506835938,774.4145768834541,752.3465607092234,755.5866525875224,3576100
2025-01-08,777.6348266601562,782.909833662842,761.2863505447473,764.4079083342004,3478400
2025-01-10,790.1605834960938,790.2593417970172,775.3036692834279,782.2875934515994,3973100
2025-01-13,787.7698974609375,795.5342402504131,774.0687828262753,784.727442822817,3683800
2025-01-14,735.8400268554688,774.6812778636581,720.1237718877424,774.6812778636581,10373000
2025-01-15,737.647705078125,745.4119874687171,726.31739241626,739.8801970282939,5736900
2025-01-16,748.3755493164062,756.1892720792097,737.3119671085448,738.3985495529594,3070300
2025-01-17,716.8836059570312,746.0837413432151,716.1822895023241,738.7244404682151,5560100
2025-01-21,733.3110961914062,734.2298255356702,717.683774124392,722.3660500710741,5122800
2025-01-22,744.7994384765625,751.1116476138056,730.0512350103805,736.5017539625208,3737800
2025-01-23,757.2659301757812,757.2659301757812,735.1880856799545,738.5565393290616,3127200
2025-01-24,775.8468627929688,779.6796249412507,751.2303042785771,752.6725491008054,4170600
2025-01-27,798.3297119140625,799.3965787247952,769.2284552161278,769.2284552161278,3915200
2025-01-28,795.1885375976562,806.2126886635617,790.3679510148302,797.411141892492,2808800
2025-01-29,794.28955078125,799.2681621112202,789.2713879038081,797.1640921361274,1827600
2025-01-30,813.2063598632812,814.5794497400237,795.1983470247186,798.5668004507186,2643000
2025-01-31,801.2044067382812,817.2762642244155,801.1550275905205,812.9792534052339,2561600
2025-02-03,800.5621948242188,808.0005384633696,791.9878897634711,794.477225529879,2808800
2025-02-04,816.0118408203125,818.9456493827244,796.1269373684206,801.1747039212822,4299700
2025-02-05,831.9256591796875,836.5882200922814,820.941060461605,824.9812873933654,4578900
2025-02-06,859.7723388671875,876.9308363013795,825.4355682260834,829.2979936894842,7138500
2025-02-07,867.61572265625,878.5311661454376,859.0315294112195,865.8574272320956,4426100
2025-02-10,858.3005981445312,869.2851971764005,848.9063814237803,867.0428172038813,3065600
2025-02-11,854.4678344726562,863.5459402355543,850.0226260852263,856.473146307589,1944200
2025-02-12,862.3407592773438,867.0922509885214,845.6860597373802,846.496082719053,2533400
2025-02-13,861.2443237304688,872.742610969863,857.2337602105838,866.3909091063899,2472900
2025-02-14,835.4276123046875,864.3514544710581,832.676699464131,859.9975134269789,3222300
2025-02-18,848.2221069335938,853.6941569375992,842.4432457420961,847.4502472926195,4289400
2025-02-19,857.9689331054688,872.0994004061386,848.2023114577311,848.2023114577311,3205500
2025-02-20,863.9754638671875,871.1000674969375,854.9509860681411,857.7612681983993,2990300
2025-02-21,864.5294799804688,885.0324998665182,864.2820983627059,871.3967961053999,3940400
2025-02-24,872.168701171875,883.7560180980598,860.9078845130937,870.0807543083152,3017100
2025-02-25,892.35498046875,902.4481627896572,881.4108198577729,881.4108198577729,5111300
2025-02-26,905.4266967773438,912.7689668561246,887.2094791983338,888.9609605158131,3032800
2025-02-27,895.6797485351562,915.8067434085758,894.5912935819565,906.129145590303,3085400
2025-02-28,910.9877319335938,911.5715187119024,883.2611817384828,892.3945518553593,4071100
2025-03-03,919.9825439453125,925.8306793524939,900.4691104538628,903.2397725606938,3979800
2025-03-04,901.51806640625,919.4284730051143,893.3346624186603,912.5809661126528,3343500
2025-03-05,919.9825439453125,920.7444986731551,892.1966834506443,895.3235606006599,3109500
2025-03-06,903.2001953125,921.6251734520221,888.8718712759832,910.7799415395566,3273100
2025-03-07,860.472412109375,898.4900007362851,852.368188211127,895.9073512424006,4818100
2025-03-10,821.069580078125,854.149446214445,817.131283638509,844.9666106135222,5962900
2025-03-11,815.4292602539062,823.6324137504785,803.1393572046143,818.5363881688003,3796500
2025-03-12,813.252197265625,825.9082792699604,804.7422939166955,806.4145960403595,3014800
2025-03-13,793.25390625,812.5100523973505,787.0495560548345,809.6701163051744,3566300
2025-03-14,804.9600219726562,806.6719439380813,791.6212236803327,794.6986366923725,3102300
2025-03-17,816.1219482421875,820.3175312598332,806.0386700199124,808.3937481017641,2546600
2025-03-18,813.8955078125,827.5311525254532,804.1090755515032,824.6912161045112,2354900
2025-03-19,828.2435302734375,833.3099007843822,810.9169127489176,813.1136324425981,3790500
2025-03-20,833.745361328125,845.4415719596052,823.7412627764459,830.2424592145377,4402700
2025-03-21,828.7977294921875,841.5230259658852,816.6760296969497,829.025301263694,5963800
2025-03-24,855.8414916992188,857.790829908925,828.9857280666611,836.4665459706409,3102400
2025-03-25,843.4228515625,865.7564709470644,839.0392566049945,860.442718704036,2670600
2025-03-26,818.1008911132812,842.4926816788527,817.7446760890633,836.8326194188325,2562100
2025-03-27,813.064208984375,818.1108302889947,806.751025186437,814.2021885990382,2128200
2025-03-28,813.8955078125,821.0893852947687,808.8686959318608,811.4117864613279,2124700
2025-03-31,817.259765625,819.3378074123203,781.1322055849639,800.5070900354771,3737000
2025-04-01,796.7964477539062,812.0648352346782,788.6526635411443,810.0264129492664,2987700
2025-04-02,809.6503295898438,811.2632625881279,786.7131129710551,786.7131129710551,2683800
2025-04-03,780.8255615234375,810.2144528561695,778.8167935607272,802.0212041173447,2675100
2025-04-04,730.4783935546875,760.2235583089973,727.0051458086009,754.1280411284046,5299400
2025-04-07,716.1500244140625,740.165852898295,669.9985524283524,690.6202517275007,6274400
2025-04-08,718.6337280273438,755.503495713319,705.809503020678,747.0727104619698,4115200
2025-04-09,745.8160400390625,746.9243048873627,681.783758483122,697.0224907411066,6619000
2025-04-10,713.3595581054688,734.1792353568163,684.5248003587942,731.1611914605321,4182700
2025-04-11,724.7390747070312,728.1332037383269,704.523055631612,715.3188235298305,3603400
2025-04-14,746.4492797851562,751.6047345144194,726.8270130730835,742.5901627312824,3461200
2025-04-15,749.2496337890625,757.2944886981631,743.6192258454813,747.6565106918698,2458100
2025-04-16,727.2030639648438,748.3788952628272,722.6908254478761,747.7258343335935,3302600
2025-04-17,831.1627197265625,849.0137564530492,813.2325039674083,831.9938881839001,10853400
2025-04-21,809.4525146484375,835.071310712146,798.5479129173493,832.6964832681513,3326600
2025-04-22,818.872802734375,823.2861130154225,805.4746346088389,813.2721088762827,3086500
2025-04-23,820.7330322265625,837.1493030258686,810.0659682287749,828.1941005036487,2714600
2025-04-24,850.7255859375,853.2192120073129,820.5252786733272,827.2441417664407,2939500
2025-04-25,875.2757568359375,876.3049030590383,842.1563335581026,850.656332451693,3398900
2025-04-28,868.1016845703125,873.0097577705222,855.3565783727186,861.3234521792518,3457600
2025-04-29,875.9288330078125,883.1226492907807,864.8758393789307,868.5073845702111,2454400
2025-04-30,889.5348510742188,893.0476580377349,872.8811033215096,878.897441297038,4374100
2025-05-01,785.782958984375,842.0177661382727,783.7742516221052,835.1603548324765,12601100
2025-05-02,814.9938354492188,822.8210241197909,799.1317565861522,816.4781252435673,6059400
2025-05-05,812.8564453125,820.9507646844282,803.5252178385797,808.4431354620668,2889600
2025-05-06,767.0017700195312,809.8482550647403,762.2817093237117,808.3343109371158,5982000
2025-05-07,768.5850219726562,776.1252697404332,764.1717722759315,772.3254612683859,3807800
2025-05-08,743.5797119140625,761.9156068345478,731.3392737529111,756.9877841156222,6162000
2025-05-09,726.8764038085938,754.0290102262759,725.3228401367821,744.1337463772065,4072600
2025-05-12,747.656494140625,757.3142817889034,714.6161920516583,720.2465998705965,9176100
2025-05-13,738.2461547851562,751.5453936602335,733.0906998616297,747.6367518181057,4523900
2025-05-14,708.0655517578125,751.5453468540529,706.5516076789065,741.3927957045696,7558500
2025-05-15,725.6099243164062,730.9434870791735,704.7507474890031,718.0994513937343,5212900
2025-05-16,750.99365234375,752.4611339795356,731.7673915821949,733.7505010444773,4645100
2025-05-19,748.73291015625,752.3124083622477,741.2466837236307,746.6407441098337,4062700
2025-05-20,740.7013549804688,757.0520838201646,736.7252105807233,749.6154228789056,3873500
2025-05-21,718.82763671875,744.1816992420295,717.8558718987254,740.7409727481104,4060000
2025-05-22,709.1600341796875,716.0909928330972,705.5408348032144,711.0439520652136,4249900
2025-05-23,707.6826171875,713.5625300477685,703.0123721664097,704.0039269931607,2635700
2025-05-27,719.0953979492188,725.1339937712683,708.2974113471694,710.9746216156627,3792700
2025-05-28,713.3146362304688,723.8250931108439,708.7038821112295,719.0953572548234,2948800
2025-05-29,716.4677734375,721.1875840631129,710.9051654229004,713.1559537105494,2785500
2025-05-30,731.4402465820312,739.6007841211203,711.0538813612909,718.8772636239413,6106200
2025-06-02,740.8103637695312,741.0582524516075,724.5290520762813,726.3138384832904,2946900
2025-06-03,744.4395141601562,750.6069557377663,735.1982165048254,739.9477420334321,3056500
2025-06-04,759.372314453125,766.0950241709232,749.6153891090696,750.0021099853218,3135900
2025-06-05,759.2136840820312,763.4972081485537,746.6903419171872,763.001430740665,3636400
2025-06-06,763.378173828125,766.0751736918032,758.7377048723029,761.9899729737795,2069900
2025-06-09,767.1759033203125,772.7087356543543,761.1075926496384,765.4307571499768,2262200
2025-06-10,800.3731689453125,801.8010103628615,770.4381253354915,770.5273919014595,4744400
2025-06-11,801.7811889648438,813.7889042162219,798.2314660156259,802.8124447880557,3125400
2025-06-12,805.1722412109375,811.6470623266997,799.5401569140131,803.486586014163,2271100
2025-06-13,812.4403686523438,818.0327525398911,801.2754513405858,803.4965850446405,2754600
2025-06-16,800.7598876953125,818.0327563443632,798.9552505947094,814.7407869594977,2821800
2025-06-17,784.5578002929688,798.3602259879503,782.2772363859073,798.3602259879503,2875600
2025-06-18,778.4002075195312,783.9528895769326,772.857390172488,783.2786396499407,2442900
2025-06-20,756.28857421875,779.3620738109855,749.1791432390443,779.3620738109855,6210600
2025-06-23,764.1318359375,786.5112359244652,757.3793499021725,764.0227794298983,3951500
2025-06-24,771.5089111328125,777.815184608074,756.5760995158913,766.3627397309018,2788500
2025-06-25,785.6088256835938,792.2026890575561,767.0667395336776,772.4211594553689,3023100
2025-06-26,788.405029296875,792.0539436131776,781.5930528217552,787.2449271535215,3118200
2025-06-27,768.9011840820312,795.7227293989528,768.098027112398,789.0793001149837,4115100
2025-06-30,772.9467163085938,778.3704918328007,767.4633893994747,771.9650262530463,3041500
2025-07-01,769.347412109375,783.3283109191647,766.4718789120434,772.9467609618836,2734000
2025-07-02,772.6988525390625,773.2541208055168,761.5140853608677,769.942301149367,1978300
2025-07-03,774.0770263671875,776.9327088763317,766.4718184133111,773.8688386032012,1450800
2025-07-07,766.3429565429688,774.5530593697288,755.5945363584027,774.0869971415931,2576900
2025-07-08,771.0924072265625,785.9955035301434,762.3072470426029,768.3061409192003,3301800
2025-07-09,780.2742309570312,787.2944553888858,775.38587340193,777.1805850419153,2703100
2025-07-10,783.972900390625,792.7382117540697,779.7885072717446,783.0011354420437,3130400
2025-07-11,786.3128051757812,789.0098049200875,770.6363277328367,779.7090169588527,2852500
2025-07-14,792.5894165039062,794.1163890626593,780.7105492055588,783.3282683231643,2401400
2025-07-15,765.2324829101562,798.618118960537,757.924728245354,794.899788139788,4174100
2025-07-16,783.1300048828125,789.3172974356654,765.6389628832209,766.9676730048795,3255400
2025-07-17,755.0689697265625,783.3282811345823,753.6014880092224,780.1453684836391,4107300
2025-07-18,765.19287109375,769.4069795147285,754.0775186244972,757.4091286396464,3357700
2025-07-21,755.7431640625,765.4802386087207,754.0773594066478,761.6825671115587,3058000
2025-07-22,769.8827514648438,771.7171034943192,756.0604762069091,756.8934088028072,2496600
2025-07-23,792.1432495117188,793.3331274069253,770.5174411762497,773.412764322813,2683600
2025-07-24,798.6280517578125,803.2982971000084,790.9137861455371,794.5924160730991,2786400
2025-07-25,805.82666015625,808.3055471172544,795.5938075188598,802.1678205810194,2976900
2025-07-28,801.285400390625,813.2931154752615,795.7227920327333,805.7870982831486,2587700
2025-07-29,756.5067749023438,772.907070117263,748.8023744534726,767.9592211643791,7100700
2025-07-30,753.6609497070312,771.5287251102649,752.0050097039041,767.4633748518748,4338700
2025-07-31,733.8200073242188,759.9772291880116,729.2291035132389,740.9889295451239,5810300
2025-08-01,755.8920288085938,761.5141278853548,739.6899958652792,740.5130033396312,4859500
2025-08-04,762.5055541992188,767.9392545169367,746.2143179563896,753.5517863273736,3353400
2025-08-05,759.4813842773438,763.4376781061336,753.1056944014155,759.1045886251067,3615200
2025-08-06,740.0667114257812,756.5562717043739,733.9389103537637,750.1706567150719,4752100
2025-08-07,635.44775390625,672.5616404309403,627.8524712533562,669.9538466323794,26101600
2025-08-08,620.3662719726562,650.6384079191122,618.5120693766552,649.4683805417218,14125100
2025-08-11,629.85546875,648.9131852234053,620.614230424126,624.1044624867036,11294200
2025-08-12,634.0299072265625,640.7229024297908,624.0846436022342,634.0993233280717,6897400
2025-08-13,654.9120483398438,656.1614171247376,639.0570960889964,644.9072938685231,6310000
2025-08-14,678.6498413085938,679.6909617397549,649.5675222159092,656.4092745115997,8395900
2025-08-15,696.8351440429688,702.360295287973,681.5018561512809,689.8492348794763,8224600
2025-08-18,693.6751098632812,703.3143293333104,689.15363813868,690.6641312749493,4997300
2025-08-19,698.8027954101562,709.7934766713447,694.1719670520258,702.1814502063534,5941000
2025-08-20,701.0187377929688,701.3764669774536,680.8559248856344,697.1233229280086,4139400
2025-08-21,705.371337890625,713.897581264071,700.7802977632224,700.7802977632224,3617300
2025-08-22,707.2196655273438,714.9509348812028,704.9837670001789,710.558592771279,3222700
2025-08-25,690.9721069335938,709.02821132403,689.878964680132,706.5438798197412,2898100
2025-08-26,731.4170532226562,731.5660767248572,708.6307107530253,711.7510457527129,7695600
2025-08-27,729.5686645507812,741.9108674271858,726.9650899246445,732.3412173931135,4326200
2025-08-28,727.37255859375,733.9610107910485,721.7877860584191,731.1884579322218,3117000
2025-08-29,727.9886474609375,732.7982792951271,723.9342014570021,727.7302672796764,2551200
2025-09-02,730.5823364257812,732.5201272955438,719.1047360239057,723.4274489503816,3222500
2025-09-03,733.2057495117188,733.2057495117188,724.4509676330648,727.4321654666944,2222500
2025-09-04,738.25390625,742.318299530301,730.7214563316198,731.7052419639261,2423400
2025-09-05,722.65234375,740.0327181303616,718.0414096877439,740.0327181303616,3958200
2025-09-08,734.0106811523438,738.0452331862986,714.7123498927086,725.1366560837786,4534600
2025-09-09,745.9056396484375,748.1217046713864,729.2705650195918,729.5786197107694,2986900
2025-09-10,749.8905029296875,751.0631001399662,737.8365214277803,743.4014604770889,2477400
2025-09-11,751.5402221679688,756.3598016731337,745.6672277368557,747.7639892517124,2197500
2025-09-12,750.65576171875,756.8268029919818,743.3120624806586,755.4057725037904,2198300
2025-09-15,743.5007934570312,751.5997383758043,737.4588822903752,748.3502133779148,2790900
2025-09-16,759.9172973632812,765.5517443632918,739.8736666507122,740.738209182098,3881300
2025-09-17,755.365966796875,772.0905034532561,751.5997420742965,756.7174285775095,3471200
2025-09-18,758.1484375,767.698193635726,754.2530225249793,756.608164034984,3464000
2025-09-19,747.2769775390625,760.2054485315817,744.5044853852454,760.2054485315817,7349500
2025-09-22,750.218505859375,757.2640366604928,741.5929133952355,743.8685394186093,2527400
2025-09-23,742.2984008789062,748.2806908841919,738.5122818810157,745.8659278054706,2910100
2025-09-24,737.2005615234375,742.2586875320785,731.5462201701722,741.3146293592324,2243000
2025-09-25,710.1114501953125,735.3621704698295,707.5873304141257,733.0467563827764,5136400
2025-09-26,719.9990844726562,724.431154247168,712.5858771851501,719.5817337122055,3559700
2025-09-29,721.9567260742188,723.2982409070536,711.592101686436,721.0027208836202,3309200
2025-09-30,758.218017578125,761.5469977192845,720.7642312955068,722.4039144412288,6234300
2025-10-01,820.246826171875,828.0774446802342,758.5161558565774,758.5161558565774,10124500
2025-10-02,814.711669921875,829.2301496972177,807.7158140632815,809.2560875044871,4291800
2025-10-03,834.6062622070312,842.8145038591455,810.9852169632413,819.7698405532567,5088500
2025-10-06,839.7537231445312,851.2015421277971,833.4037572614619,834.6857111356529,3651400
2025-10-07,838.3427124023438,843.2219132131077,831.3369090826978,839.7041213326489,2610800
2025-10-08,840.4195556640625,850.6351565168015,839.6941502314814,844.672760559908,2180900
2025-10-09,849.9892578125,854.8585724016762,840.3997734558359,846.3522227443658,3071700
2025-10-10,828.2661743164062,858.9327477678901,824.9073532792505,852.622570024678,3431000
2025-10-13,814.2646484375,830.0848570062501,812.2274477558103,827.4613879611802,2167500
2025-10-14,807.2587280273438,816.93773539494,800.9485496946477,816.93773539494,1928400
2025-10-15,821.3896484375,824.9869559738304,803.5124067966583,807.4078220136677,2355800
2025-10-16,814.24462890625,829.4686197337215,810.2597514451644,819.8989698698681,2272900
2025-10-17,797.7984008789062,799.3982958897717,778.9373139263776,784.0153338670358,3983000
2025-10-20,803.8899536132812,804.3370847654546,794.757548505903,800.5509659493778,2279700
2025-10-21,794.558837890625,807.8947133335893,793.7042423514212,801.8726957820681,2099500
2025-10-22,807.3382568359375,810.826268346103,788.8449056931656,793.3962184794094,2930600
2025-10-23,815.8942260742188,819.5313215072767,800.968403043919,801.3460262998677,2632900
2025-10-24,820.2766723632812,828.9221590156137,807.4078217204113,810.1008591822658,2211200
2025-10-27,821.2305297851562,821.2404768155582,806.3941093724563,819.8293935088595,2114800
2025-10-28,814.9600830078125,824.2614662627349,808.9480128935178,820.8231296233146,2493500
2025-10-29,808.4313354492188,825.0862433767649,804.5557539318775,822.1249395487472,3591200
2025-10-30,839.2072143554688,847.6539417942153,807.1593367202244,832.251085876501,6037200
2025-10-31,857.4522094726562,864.4580130937077,828.9619090656433,833.9007316240595,5015000
2025-11-03,890.9111328125,895.690984277278,857.2136257826133,861.0991542830842,5401500
2025-11-04,901.1763305664062,909.4839205410476,878.1018887208004,885.8231497746207,5911500
2025-11-05,920.0076293945312,949.4718269562402,902.1701160583799,905.290451160173,7272900
2025-11-06,931.564697265625,943.9466273802469,910.5174479337024,922.1838590321242,6417400
2025-11-07,918.57666015625,926.1588452544814,895.2537835848308,925.3340301584823,4373400
2025-11-10,960.581787109375,975.8355597206689,932.5286718782033,933.8503533456447,5696600
2025-11-11,982.4239501953125,993.6829579031884,959.2401508985852,960.4922637198348,4166400
2025-11-12,1011.4013061523438,1016.0121798282606,983.8947313800427,986.8958235714683,5185200
2025-11-13,1016.4592895507812,1026.476070782962,1003.7594180893059,1003.7594180893059,4153600
2025-11-14,1020.3505249023438,1028.6503925085228,1002.9445650830799,1004.1487693196433,3862300
2025-11-17,1016.7877807617188,1027.1775887158303,993.5002613240432,998.8941854985958,4720000
2025-11-18,1025.09765625,1035.7162780527724,1009.134736324086,1009.134736324086,3430500
2025-11-19,1044.5535888671875,1050.514779741933,1021.3158779624817,1024.6895937110564,3571200
2025-11-20,1038.27392578125,1051.9179695580667,1033.2581191046952,1040.473261279999,3135700
2025-11-21,1054.60498046875,1061.5216381959945,1033.0093612970395,1035.9949374857592,4266700
2025-11-24,1065.0146484375,1070.5478524936416,1044.3345306146582,1051.6890136839,5497200
2025-11-25,1104.6033935546875,1105.767811974447,1068.0898559525365,1070.6574076793615,4181500
2025-11-26,1099.0303955078125,1106.6436392711914,1092.8204066026697,1096.7016800392362,3093700
2025-11-28,1070.2991943359375,1093.7659012706424,1062.5565708176712,1091.4470259808966,2732200
2025-12-01,1052.8037109375,1078.9374633575874,1049.9275913934944,1069.2144177895186,3070200
2025-12-02,1041.09033203125,1063.0443275893056,1035.358015941903,1047.509272342548,3280000
2025-12-03,1028.5906982421875,1046.4244610705716,1017.4046891782,1041.3589678236021,3447000
2025-12-04,1009.6123657226562,1027.6651639560046,1002.3375143198804,1027.6651639560046,3854900
2025-12-05,1005.4524536132812,1022.4503504293466,999.1727943572973,1018.9174308844911,2502100
2025-12-08,992.793701171875,1009.3238271651829,984.1255562238156,1005.880440675848,3088600
2025-12-09,977.49755859375,1007.1344085874507,974.4721964665882,998.0184756471401,2569700
2025-12-10,988.8626708984375,998.1776541699105,972.4220783335878,980.2641967670606,2966300
2025-12-11,1004.5270385742188,1026.6004535040618,982.2546338114374,1003.302971689794,4517000
2025-12-12,1022.56982421875,1023.953155788472,998.6752526504147,1003.9099727118289,3275200
2025-12-15,1057.0830078125,1059.8795558446513,1027.5856217270668,1027.5856217270668,4648400
2025-12-16,1049.2210693359375,1063.1139115330961,1031.2478425312397,1058.3867492772738,4024500
2025-12-17,1036.7811279296875,1059.1829099005677,1031.426990030952,1059.1829099005677,3726600
2025-12-18,1051.798583984375,1074.070987035387,1034.5419877654272,1036.791131528478,3848600
2025-12-19,1066.2884521484375,1070.2095717776688,1053.918283688974,1053.918283688974,5829100
2025-12-22,1071.3043212890625,1078.2706656568955,1057.889151858066,1071.5431576630015,2625600
2025-12-23,1066.4876708984375,1083.246671757141,1058.3867926699036,1058.3867926699036,2108600
2025-12-24,1071.8018798828125,1080.5098100384805,1067.5523905295024,1069.4731645765346,932800
2025-12-26,1072.5682373046875,1076.190750962992,1063.1637209780502,1071.8019199849723,1014600
2025-12-29,1073.5435791015625,1080.2810492097053,1069.2145176644246,1072.7673000898237,1653000
2025-12-30,1074.5587158203125,1077.166114374219,1066.915586713523,1073.7724751530766,1251500
2025-12-31,1069.5130615234375,1078.29060208122,1069.2642635072675,1074.5685934779876,1646700
