Price,Close,High,Low,Open,Volume
Ticker,LMT,LMT,LMT,LMT,LMT
Date,,,,,
2021-01-04,296.88134765625,305.78847369234035,293.80605593007624,305.78847369234035,1887200
2021-01-05,300.45623779296875,302.5236511912826,295.7269997410573,296.88133162463197,1479100
2021-01-06,299.8016357421875,303.1525904264192,295.2791560905279,295.46867057509365,1897500
2021-01-07,295.0809631347656,299.6465289308248,294.03864681109644,296.640139435727,2048900
2021-01-08,289.5247497558594,295.87344345790126,288.5858003026261,294.5037817992259,3226300
2021-01-11,290.88580322265625,292.0228898108268,287.1300052229626,288.5771919959498,3196400
2021-01-12,294.4779968261719,295.78735271896755,289.1199349071255,289.88658911038215,3002200
2021-01-13,297.6135559082031,299.0866107993684,292.1693727948061,294.0989553520308,1648100
2021-01-14,299.2933654785156,305.6248415536685,298.78512811854995,299.77576115199463,1965600
2021-01-15,299.1468811035156,301.9292917438204,296.5712302225291,298.9918310004694,1853100
2021-01-19,294.17657470703125,302.3342687672885,294.15935567460446,302.1361315956838,2017200
2021-01-20,294.32293701171875,296.1405301902753,292.2124363527532,295.0723721626341,1780000
2021-01-21,292.60003662109375,295.99402456122573,291.98840637118,294.3228854158305,1661800
2021-01-22,292.7810363769531,294.46942145775716,290.48102082063355,291.79899958320436,1557600
2021-01-25,295.90789794921875,298.8195165673008,291.07529349489204,292.33296573213124,1976600
2021-01-26,284.8644714355469,296.31281045871975,284.8644714355469,292.02290696333074,3542400
2021-01-27,286.4322509765625,289.20603874446573,283.9858087043416,286.23411389007373,2666300
2021-01-28,282.4869079589844,288.3015228807989,281.8408396343383,286.1135237491139,1837800
2021-01-29,277.2236633300781,283.39146644825723,277.1375156147683,281.7719840393632,2101100
2021-02-01,279.12738037109375,280.5228838583573,275.49216792059474,279.8595964556155,1615500
2021-02-02,286.59588623046875,288.74944706391506,281.41871757451685,282.05616316886994,2065400
2021-02-03,286.32891845703125,287.1989393752684,282.80566891770553,285.7172880994635,2683100
2021-02-04,290.4981384277344,291.523235491136,286.1479297557686,287.7071057015641,2174100
2021-02-05,290.3345031738281,294.10754646041113,289.86932661132926,292.53112499972696,1454700
2021-02-08,291.023681640625,292.4536496210912,288.74953438285894,292.0315599824412,1549900
2021-02-09,294.9000549316406,296.76935763038125,289.9296451189136,291.626652405282,1677500
2021-02-10,294.7709045410156,296.10610223966603,292.15216623128816,295.6581708833497,1728900
2021-02-11,292.1434631347656,296.8554290350832,291.187268447797,293.5561853815697,1181600
2021-02-12,290.9289855957031,293.4357347324612,289.92110708745327,291.50612544729336,1207300
2021-02-16,288.60308837890625,292.8843697768946,287.56077195315333,292.23830131415144,1668400
2021-02-17,290.3000793457031,292.25550365069665,286.673489276107,288.3188133552195,2010900
2021-02-18,291.0925598144531,292.5225012581794,288.81838666274757,290.1966710314854,1296200
2021-02-19,288.9390563964844,292.10047001702327,288.7926026447172,292.08325098858893,1849200
2021-02-22,293.2892150878906,295.95101377005096,287.0352644958962,287.5435018214293,1657200
2021-02-23,298.2510681152344,299.3192262763402,291.4457923018572,297.3034957359013,2400000
2021-02-24,298.5094299316406,301.7569908218494,296.855483330212,299.15549830447236,2068700
2021-02-25,294.3401794433594,300.7233390090398,293.4615357980396,297.880622000194,1568000
2021-02-26,286.6667785644531,294.0537190188475,286.44977116205763,293.3940080387136,2024000
2021-03-01,289.46173095703125,293.1508554721722,288.8975172115695,289.9217854251957,1654500
2021-03-02,293.9061584472656,295.1387722161392,288.7674377112249,289.28823431340527,2076300
2021-03-03,295.91998291015625,300.62468864749934,293.90614782066234,294.7915285025196,4052300
2021-03-04,293.6109924316406,298.90597793316994,290.0520660132252,295.54670784577,2196700
2021-03-05,295.5033264160156,296.14568636820496,290.90277988227314,293.8019957248795,1451300
2021-03-08,296.38873291015625,300.39033685871766,293.7759552016,298.16818308651443,1599100
2021-03-09,292.9599609375,297.60392413483726,292.76030461284853,296.3539595156246,1448800
2021-03-10,295.85919189453125,297.89906665748043,291.3888449609362,294.61791598202853,1760100
2021-03-11,294.8956604003906,298.2809700241187,293.7932460234505,295.99804828717373,1673500
2021-03-12,295.29498291015625,298.29835781907224,293.9321701212829,294.8175772405012,2151900
2021-03-15,300.694091796875,300.8937481113754,297.3869016363185,298.9319930328773,2055800
2021-03-16,301.319091796875,302.94230276236254,297.1264943768783,300.78091773239873,1687700
2021-03-17,304.69573974609375,308.62791276275067,301.319118387056,301.9267232111457,2083000
2021-03-18,311.1451721191406,311.6225777285115,306.0151148055711,307.16958233758703,2272200
2021-03-19,308.2112731933594,311.995869494343,303.8971650670519,311.995869494343,5739100
2021-03-22,310.45947265625,311.0757662604469,305.54642189804724,305.54642189804724,2190900
2021-03-23,306.9438781738281,311.83957694044375,306.1279548695485,309.9819812198728,1474600
2021-03-24,309.1226806640625,314.8169524215214,308.14180302919806,308.14180302919806,1592300
2021-03-25,313.5495910644531,314.0443741960863,307.47338506801344,307.95079065738565,1598100
2021-03-26,316.57904052734375,317.0477838879133,312.2736215021952,314.4957749661531,2010500
2021-03-29,323.5927734375,324.8514005078851,316.8308151972771,316.8308151972771,2245500
2021-03-30,321.63970947265625,324.7559326941685,319.96439213884037,323.9920623743242,1518600
2021-03-31,320.7369384765625,323.43649782802964,318.896719955664,321.82197548088106,1375500
2021-04-01,322.05633544921875,323.7663548356588,319.7300224586778,320.2942364055399,1261600
2021-04-05,328.76611328125,330.1983563975139,322.95899486407984,322.95899486407984,1489300
2021-04-06,328.9571838378906,329.9380615400193,326.6569106590977,326.82183840495094,1035700
2021-04-07,330.0162048339844,330.19848364880704,326.43992680516294,328.75755120697016,976900
2021-04-08,335.0768127441406,336.2920755071563,328.38431122458684,329.5040769464335,1863400
2021-04-09,335.259033203125,338.757190922942,333.0281910978153,335.823247063065,1400900
2021-04-12,336.6652526855469,337.4117453531592,333.5750697314076,336.04027037515027,1067400
2021-04-13,336.0229187011719,336.9690942566917,333.61848629600183,335.5455130272378,1124300
2021-04-14,337.37713623046875,339.60795256630206,335.9275148852393,336.2747214888963,1078800
2021-04-15,339.0783996582031,340.2675959464269,336.5350793420584,337.37706909571597,1289400
2021-04-16,340.1026306152344,342.29874415407664,338.35788287242275,340.9793488724931,1499500
2021-04-19,340.033203125,340.6061057696971,335.59755863703117,340.26756155185694,1317600
2021-04-20,336.21380615234375,339.83350030164604,333.8614539634121,336.79539748924304,1370100
2021-04-21,336.1357727050781,339.30410192663066,334.1480040006296,336.37881993266035,1358500
2021-04-22,329.92938232421875,335.7278139553727,328.4624101150267,335.7278139553727,1670500
2021-04-23,327.4988708496094,328.6272986496391,324.0527925342409,328.6272986496391,1298000
2021-04-26,322.8896484375,325.78017524502775,321.79592270430345,324.8861058490503,1518100
2021-04-27,323.96600341796875,324.85138405997276,321.2924839465194,322.47299146919136,1564900
2021-04-28,323.72296142578125,324.53891136970634,321.995590997125,324.17432728171724,1110400
2021-04-29,330.15509033203125,331.5699829327695,325.3722383727619,325.5111262988023,1385600
2021-04-30,330.33734130859375,331.587306047462,327.76798111876946,328.8616803976584,1103700
2021-05-03,334.4604797363281,335.39796652951117,329.0352947901883,329.65158838282474,1347400
2021-05-04,336.34417724609375,338.66180184533874,333.7921676605175,336.14452086702744,1509600
2021-05-05,335.38055419921875,336.3440807206025,331.33553354409617,335.3545143737845,1079300
2021-05-06,336.2225341796875,337.9238645360343,335.0593778602351,336.78674804126524,1079500
2021-05-07,338.8266296386719,340.7883847727124,334.96391428298995,335.9274143064225,1203700
2021-05-10,341.2572021484375,344.5990952344713,339.65134193752044,339.7120838827809,1578600
2021-05-11,336.6392822265625,339.9898641295449,333.6792977917142,339.4256501265752,1353200
2021-05-12,330.3893737792969,338.83531008815754,330.02481623512,336.7693957039645,1633700
2021-05-13,336.59576416015625,338.8613347582784,330.6758235514858,331.3962763261964,1105800
2021-05-14,339.2086486816406,340.3544542553568,337.3076614993912,338.6791632743387,799800
2021-05-17,339.50372314453125,340.29363323662136,337.42045746250835,338.21036755459846,979100
2021-05-18,336.1184387207031,342.15125532302966,335.99690185565873,339.63394817145246,1171800
2021-05-19,334.66015625,334.82508400151636,331.0231099236769,334.1914128251556,995000
2021-05-20,337.0732421875,338.132239301166,335.1201756943573,335.74515803176934,1094700
2021-05-21,336.1184387207031,340.43254709701756,334.67750633751035,337.9239287187042,892500
2021-05-24,336.5437316894531,338.31451940067444,335.0246799666791,338.0975120117067,931400
2021-05-25,334.9293518066406,338.09765573435845,334.3477601013068,336.70880255654254,978500
2021-05-26,333.43621826171875,335.1201978239983,331.7695897551776,334.6861830190842,999500
2021-05-27,336.2660827636719,336.75217734088096,333.5664962640099,336.27474504850824,3979300
2021-05-28,334.0025939941406,337.32338347467606,333.4083252780131,336.18733093374345,935500
2021-06-01,333.7579345703125,335.9513925201169,333.0675501678834,335.77662955070684,962200
2021-06-02,336.5281677246094,336.88646781674936,332.63060412462454,333.836583295936,1007600
2021-06-03,338.50311279296875,338.66915491725126,334.78906036828477,335.3658340627689,1649700
2021-06-04,344.40191650390625,345.64283207885336,338.7303216028504,339.07115334683976,1836100
2021-06-07,342.13861083984375,345.81770100908443,340.47818914595575,345.2234588603017,1087900
2021-06-08,339.53436279296875,343.1435527670334,338.2584837876394,342.1385790299078,1065000
2021-06-09,338.0224304199219,340.1809512113163,336.5542938499197,340.1809512113163,1046100
2021-06-10,338.82647705078125,340.5917348631945,337.4020243264439,340.0674193430778,913700
2021-06-11,338.82647705078125,340.07614015564536,336.5980560828305,339.7528033618562,751000
2021-06-14,340.0411682128906,340.3470367045809,337.21850528146723,338.7303261077761,868400
2021-06-15,340.6441955566406,342.610458932743,339.9975219137407,340.8189851910668,943900
2021-06-16,335.22607421875,341.6928908602798,334.8765216079668,341.52684870305575,1524200
2021-06-17,334.61431884765625,336.90391899259356,331.70426085232566,335.8202979576836,1246400
2021-06-18,331.3722229003906,333.9152603643345,331.20618072902556,332.22864953852843,2416200
2021-06-21,334.26470947265625,336.83396192213485,332.61303575407055,333.15487284863406,1186900
2021-06-22,334.24737548828125,335.4708231774632,331.7742376570311,333.42591203929635,636200
2021-06-23,329.7467956542969,334.273592119486,329.6856432715523,334.01140761239407,1024000
2021-06-24,330.0962829589844,332.0712670154451,329.32725128992627,331.66053540443227,1032700
2021-06-25,333.83660888671875,335.06880393146446,329.36227113706894,329.36227113706894,1708100
2021-06-28,332.14117431640625,334.4657374837,331.04880591086317,333.5394112093315,778200
2021-06-29,326.3298034667969,332.4295720187309,326.18122961841095,331.9751563298694,1223900
2021-06-30,330.63812255859375,331.5906647468904,326.5045903081062,327.2736220448624,1077600
2021-07-01,332.2723083496094,333.058808398332,329.6506237410971,329.7292710790539,752800
2021-07-02,333.3821716308594,334.86780369431364,331.1624976883523,333.60939284905186,778700
2021-07-06,330.917724609375,332.37711385375445,326.55697183140245,332.0799928499236,1142700
2021-07-07,335.12115478515625,336.09991259853024,329.81660746647196,330.69050218114876,952900
2021-07-08,332.0101318359375,333.5569160668481,330.2710630086569,331.66930005485443,894500
2021-07-09,334.79779052734375,335.9164013618036,332.7528801002533,334.4395171640466,542900
2021-07-12,331.26727294921875,334.981325453589,328.78541518189047,333.7403832353499,1008200
2021-07-13,330.1924133300781,332.6830188838738,329.93025555353256,331.20613451464294,709500
2021-07-14,329.30108642578125,330.6731078352412,327.89410175255347,330.19244963319056,698900
2021-07-15,330.5506896972656,330.90024226397446,327.7105317553856,327.81539485848316,713400
2021-07-16,329.5806579589844,331.8352945368752,327.9551999588913,330.87400503887926,890800
2021-07-19,325.1064147949219,329.3011268802301,321.20885048441073,327.8417104666401,1357600
2021-07-20,332.0626220703125,332.63939595388376,325.9628255463235,325.97157303020066,1268000
2021-07-21,332.8577880859375,336.18732498948924,331.5556667579341,332.0625406536849,922800
2021-07-22,332.0188293457031,333.4345345880459,330.18364501819707,332.73542944859196,688400
2021-07-23,332.7529602050781,334.2648080226521,332.2461128842047,333.8016447802628,795900
2021-07-26,321.6369934082031,327.1512678558926,320.1950722192106,325.9627836443354,2720700
2021-07-27,327.4746398925781,328.191213429798,321.811791436266,321.811791436266,1460600
2021-07-28,325.7966613769531,328.79411361706184,323.85661419288004,328.58438743580473,775200
2021-07-29,325.6132507324219,328.46213002090445,324.52088208843844,327.57951429159215,754800
2021-07-30,324.8005065917969,326.5220804916381,323.4372061071411,325.15005919361585,798600
2021-08-02,321.8554382324219,327.7455072107432,321.6631803132039,325.3510173679101,1176500
2021-08-03,322.8604431152344,323.262427254113,319.8454954007628,322.7992640789053,872900
2021-08-04,316.0352783203125,319.2861408600909,314.2612465543312,318.5258567713267,1608100
2021-08-05,315.28375244140625,317.2412681820665,314.49725248625896,316.73442095248544,912600
2021-08-06,316.3935546875,317.62574937281585,315.09146016299155,316.6120283550564,704500
2021-08-09,315.5109558105469,316.71693478599116,314.4098399339847,315.21383480733095,945100
2021-08-10,316.5596923828125,317.2762926293463,314.6895710918677,314.76821843563505,842100
2021-08-11,317.4859619140625,318.40356743168593,315.47601459400533,316.7431726887058,900100
2021-08-12,314.3836669921875,318.35987782505254,313.55345623100936,316.6383039327837,1005400
2021-08-13,312.83685302734375,315.5371846116361,312.4261214269992,314.82058451415816,1222200
2021-08-16,314.8205871582031,315.0478083298365,310.7220186019868,312.8368556547282,1625700
2021-08-17,316.0003967285156,316.81311257348534,313.43989110813277,313.77194876337063,1571000
2021-08-18,311.6308898925781,315.0390742664849,311.59592663334115,314.16517946962915,961000
2021-08-19,309.3849792480469,314.51473752779464,308.98299510186064,310.4336636901843,1345700
2021-08-20,312.1290588378906,313.5622326319661,308.98303180690544,310.0054739237529,904300
2021-08-23,312.28631591796875,313.789416059045,311.4648526624298,312.8019106559512,827800
2021-08-24,313.7282409667969,315.0303357169032,312.7844462938591,313.702025188914,822600
2021-08-25,313.50970458984375,315.1700990852008,312.8455361240417,314.3311676914995,953500
2021-08-26,316.01788330078125,316.3324993465108,312.1902192042068,313.81567765730256,1172400
2021-08-27,316.3411560058594,318.38606654633736,315.63330338296896,317.47723519667045,1203900
2021-08-30,316.3935546875,318.06269670792864,316.1313969540919,316.5683442892046,986000
2021-08-31,316.7016906738281,317.6259335461765,315.2053396637382,316.3496096633399,1083900
2021-09-01,313.9378356933594,316.44645661710666,313.832214073338,315.3813759370846,1116000
2021-09-02,315.16143798828125,315.7687893890995,312.93449180597094,314.0699783634229,2071500
2021-09-03,313.35687255859375,315.3549530587808,313.03119696088635,315.1613044787847,893200
2021-09-07,307.3713684082031,312.23014995865924,307.25693605616146,312.23014995865924,2033500
2021-09-08,309.3606872558594,311.2267407537751,307.60025537298657,308.4188766136871,1215300
2021-09-09,307.1336669921875,309.5718817462379,306.19182971796624,308.52442288276796,1098900
2021-09-10,304.4490661621094,308.1459566593938,304.3962553594379,307.5826324768793,1222600
2021-09-13,304.82757568359375,307.44181806257984,301.69400913086366,306.2359265399132,1489200
2021-09-14,303.0935363769531,306.5791837804118,301.4563477151364,306.31512975820175,1325600
2021-09-15,303.7361755371094,305.37336458642545,302.71512163946625,303.4984999988087,1149700
2021-09-16,300.59381103515625,304.50197283564734,299.93364893185793,304.09708093366913,1451400
2021-09-17,300.13604736328125,301.7468307489083,298.52523711559496,299.2294260000144,2108000
2021-09-20,297.91790771484375,299.8455829547716,295.65577295020444,298.1291778266304,1709800
2021-09-21,295.7965393066406,299.3350243787527,294.9603503277616,298.16432220144196,1317000
2021-09-22,300.7962341308594,302.09015277171574,297.53061331313614,297.6362618010534,1335900
2021-09-23,302.9703063964844,303.48081977031734,299.37019993040474,299.52865919861,1366200
2021-09-24,307.65301513671875,310.66336497627935,305.8837996541683,307.1689071940723,1693000
2021-09-27,311.0330810546875,314.44832308331655,309.2374599390218,309.9592434320945,1866000
2021-09-28,309.968017578125,312.7495029896272,308.0051533523214,311.0330712743272,1140100
2021-09-29,308.330810546875,310.3464854564689,303.64805588537195,306.42954113103036,1547700
2021-09-30,303.762451171875,310.0999882559076,303.5863972825746,309.42223182000004,1054300
2021-10-01,306.1391296386719,307.7939401008369,301.7116440077806,305.7078323725768,960400
2021-10-04,304.5459289550781,308.31325240650114,302.5302536312004,306.0423069181359,1127400
2021-10-05,306.0950927734375,308.4716865534537,303.51606651917797,304.554714880257,889400
2021-10-06,308.0667419433594,308.19879581273216,302.9703114265524,305.46131050477607,995700
2021-10-07,309.6423645019531,312.01895830168706,308.22522972225784,308.22522972225784,1042600
2021-10-08,311.3763732910156,312.6174809281454,308.77972565231704,309.9064009250079,768500
2021-10-11,314.3075256347656,316.2880116862713,311.7020937283841,312.388661151757,996800
2021-10-12,315.222900390625,317.2121968357965,313.36565781447786,314.2194682756123,840200
2021-10-13,318.4269714355469,318.98151185297326,311.1123781035361,316.5432961675947,1102100
2021-10-14,318.69976806640625,320.53941602031404,317.19457958061713,318.65574115545564,973300
2021-10-15,321.824462890625,322.3701923317069,319.967220640359,320.48654468468055,952700
2021-10-18,321.2787780761719,323.8138039654963,318.53250898342225,320.68902165053595,1014600
2021-10-19,326.6217956542969,326.7186065317969,320.0905803533845,322.59920161832724,1051300
2021-10-20,326.6745300292969,327.94204306946716,325.5038278439728,327.2466649897213,955200
2021-10-21,328.4437561035156,328.5493777078892,323.16246098838894,327.11462157035083,803600
2021-10-22,329.7289123535156,331.85901998800244,327.6603994226263,329.1391558260476,1092000
2021-10-25,331.25164794921875,332.8096473315408,329.7376754804764,330.88197230267536,1350300
2021-10-26,292.1524353027344,309.13180594908175,286.95035659620925,306.6055639879276,9439700
2021-10-27,291.2986145019531,296.13099057346125,290.9465335598018,293.1118568729839,2822900
2021-10-28,291.69476318359375,294.7490866024084,286.193413748453,290.4712501754307,2874600
2021-10-29,292.5133361816406,294.30895716552374,289.4501753693984,290.4712289734791,1821500
2021-11-01,291.28985595703125,294.1681792861823,290.53288313883394,290.8849641440899,1865000
2021-11-02,287.2232971191406,292.2669447558531,286.34308106916325,291.74762050981394,2745000
2021-11-03,291.6595458984375,293.1999237343226,285.3924129440797,286.51027747463843,1902600
2021-11-04,295.31243896484375,295.52368218821493,291.61552138350095,291.61552138350095,1847900
2021-11-05,299.1766357421875,299.7311492703051,296.060663511983,296.5887984960609,2145300
2021-11-08,300.8401794433594,301.9316385280037,297.1432620387704,300.7081524350648,1733000
2021-11-09,297.66265869140625,301.0338741764735,296.72082111770226,300.48814455045755,1769200
2021-11-10,297.1872863769531,299.8895555255693,297.0728540167362,298.19071849336257,1268700
2021-11-11,295.6556701660156,296.8175344976463,293.3758878196929,296.7559398125972,1216500
2021-11-12,298.446044921875,299.6167472842903,294.898775396182,295.4180996303285,1097400
2021-11-15,300.0832214355469,300.72576186151093,298.7716814565462,298.8773030683727,1068600
2021-11-16,299.5990295410156,302.4773522257322,299.06211082907265,300.9369746683148,1307500
2021-11-17,301.0250549316406,302.39818971388115,298.8157310841714,298.8157310841714,1751000
2021-11-18,301.1042785644531,302.0108999732941,299.4582789363491,301.66762970030726,1431300
2021-11-19,300.5408935546875,301.914028093261,298.7012457031635,300.0479748414589,1426500
2021-11-22,303.6568908691406,305.9542414744801,300.57613521897014,300.79618919398234,1229400
2021-11-23,303.8328857421875,306.394316963404,303.3839939469198,303.6568586980615,1212700
2021-11-24,302.4245910644531,305.43494150027504,301.9580776749725,303.55126643123975,1134500
2021-11-26,301.6676330566406,302.1165518191402,297.5834178624393,298.6484985788772,1079900
2021-11-29,300.3561096191406,303.3224331846095,298.56927224771835,302.7942982222749,1492300
2021-11-30,295.82098388671875,300.29395648378835,295.56360175780594,299.2644821367426,2763200
2021-12-01,291.4722595214844,298.15512191920675,291.27700877465395,297.31198753873355,2248300
2021-12-02,293.3448486328125,296.34459759474817,291.3923412953685,292.87447555846944,1804100
2021-12-03,296.2558898925781,296.7617705681623,293.1762688294394,294.0726510351967,1603200
2021-12-06,301.7139587402344,303.88834072789535,299.30884557805257,299.30884557805257,1946900
2021-12-07,301.0129089355469,303.6221298747349,300.68451170615776,301.7495208487588,1540700
2021-12-08,302.7079162597656,303.8616803308857,300.8796718801148,301.4920478900687,1376900
2021-12-09,304.94439697265625,306.28450088143836,300.2140162437727,301.6961502036402,1591500
2021-12-10,306.0804443359375,308.17492750343223,305.83194587395843,306.93243519353695,1180700
2021-12-13,306.67510986328125,307.7844830390047,303.0896352600433,305.65449195847685,1740700
2021-12-14,306.7549743652344,309.2044516468053,305.0775893100894,305.0775893100894,1786000
2021-12-15,305.6722717285156,306.75502107554837,301.74951610209325,306.53314643135565,1208900
2021-12-16,306.04498291015625,308.81397392761295,305.00662482076257,306.7816218405994,1185900
2021-12-17,305.4236755371094,308.10391063147824,304.3409265363355,306.6750242959896,2749500
2021-12-20,299.459716796875,302.8055759558881,295.90972325909087,302.6369490960993,2315400
2021-12-21,302.43280029296875,304.7491850497309,300.551308141168,300.6578036087341,2352400
2021-12-22,304.5362243652344,305.6100898822631,302.6635885935155,302.77896772293974,1311400
2021-12-23,307.9797058105469,309.133470059023,305.1042194673883,305.1042194673883,1061200
2021-12-27,310.8728942871094,311.3432672888875,307.96190103219425,308.05065627644063,965900
2021-12-28,313.9525451660156,315.21280475557637,310.18956078280405,310.6776740475752,827500
2021-12-29,314.4140625,315.50569533124195,313.0118268822878,313.67745071210055,771700
2021-12-30,313.8016357421875,317.57350350210584,313.7395314455028,315.06189524023983,778500
2021-12-31,315.42578125,316.8901480615518,312.0089073001795,313.43779367961685,887200
2022-01-03,314.4938659667969,316.4729968089629,313.31350521477583,314.77787190621297,1205700
2022-01-04,321.2655029296875,322.6411415537435,315.24826550198077,315.53227145996254,1361100
2022-01-05,317.8486633300781,323.0493905176178,317.609021448215,322.16189219201993,1682200
2022-01-06,317.72442626953125,320.5999124101337,317.32504115698015,319.4994230643331,1368800
2022-01-07,319.62371826171875,322.15306728343654,317.8575778544159,318.6829449474881,1634600
2022-01-10,322.3838195800781,327.8951775012006,320.75082564360866,322.1619449623355,2389900
2022-01-11,323.17364501953125,323.97238807528413,320.6265021393889,323.05826590666607,1128000
2022-01-12,320.653076171875,324.9663313374884,319.0112262341063,322.4990875222287,1477100
2022-01-13,324.0966491699219,326.03138912174325,319.60590957180756,321.32765858120484,1244000
2022-01-14,330.6996765136719,331.0280466150323,323.02282014284566,324.09668571104413,2165000
2022-01-18,334.1787109375,334.9064391629832,327.36270150295206,328.77384802884154,2471600
2022-01-19,334.87982177734375,338.53633861774114,332.0842067130945,333.25571131969826,3336700
2022-01-20,332.9273376464844,338.2700692032655,331.9333435972513,334.595839265257,2109100
2022-01-21,329.43939208984375,334.6756268384233,328.09037728954144,331.9243765888748,2795400
2022-01-24,331.3298034667969,332.4036961537244,324.23869911066544,327.9750602163328,3022300
2022-01-25,343.6127624511719,344.3493741953735,329.066650886114,335.3412709831538,3182400
2022-01-26,347.2248840332031,349.3460183238063,340.5331652378189,344.3493977294497,3640500
2022-01-27,345.307861328125,351.0943681592477,341.4561215693889,345.58301074631464,2566200
2022-01-28,348.9200134277344,349.07975664997906,341.4916556660194,345.3256555057122,2145100
2022-01-31,345.3522644042969,347.0029984645356,341.40288560276286,346.5681329058431,2363400
2022-02-01,343.4706726074219,346.5769161768169,342.76065782669775,346.319534126036,1951100
2022-02-02,343.76361083984375,344.6599928486665,341.69575158218095,342.6719781088309,1620600
2022-02-03,345.85809326171875,348.0502151138799,342.9204760986277,344.50907853158986,1649000
2022-02-04,345.52972412109375,348.64485202751723,341.97087411956227,344.3493632209595,1645800
2022-02-07,348.2011413574219,351.076627691027,344.61564000765884,347.8993951321686,1243000
2022-02-08,351.48486328125,352.19485114604015,346.6568699646342,351.1653497830838,1311400
2022-02-09,350.1535949707031,352.88707788088436,349.3992159813816,351.00558577482076,1541900
2022-02-10,342.06842041015625,351.1475366319585,340.7371731269516,348.82229571078153,2301100
2022-02-11,351.61798095703125,353.9787298685274,341.9975018878392,343.24887783816047,3276400
2022-02-14,343.435302734375,351.0234042326581,340.61306394621334,349.6566760150787,2799800
2022-02-15,339.21966552734375,343.7281458277567,335.7584269189534,338.944543169004,2418600
2022-02-16,343.3731994628906,344.97956974595826,339.0244617835754,339.77884100283495,1776800
2022-02-17,345.0327453613281,347.62425262252185,342.3702501447861,342.6808800035764,1248800
2022-02-18,342.9826354980469,347.08287390905264,342.3170116758887,345.36115187329534,1459900
2022-02-22,342.7519226074219,349.1596626939171,341.74904499505107,347.2515193011671,1680900
2022-02-23,345.14813232421875,346.3728844851247,341.2431446681537,345.3877742331019,1839500
2022-02-24,351.1919860839844,354.09412320084175,343.8346438108971,353.42849939742337,4140900
2022-02-25,363.4217224121094,367.82373411323283,350.7571296019598,350.7660132532116,3376300
2022-02-28,387.6474304199219,387.73679674114146,369.5071853140237,369.78420182026355,5808600
2022-03-01,408.0306701660156,409.74641093117435,388.7197985509614,388.7197985509614,5719300
2022-03-02,402.1238708496094,403.51789808689307,383.60829952765874,397.9864586595446,5003400
2022-03-03,400.17584228515625,407.3961883601993,390.9001799007908,397.40564994610486,4603500
2022-03-04,409.4068298339844,413.43701388999904,395.93122232827903,402.16859374393755,3320300
2022-03-07,416.5556945800781,428.9232358500583,413.74083259862664,413.7497774123714,5210100
2022-03-08,401.22137451171875,418.20888517685364,400.65839664911834,414.4378552495989,4133700
2022-03-09,400.9801025390625,407.2532258829465,386.42320897752006,390.95381169460086,3477300
2022-03-10,397.083984375,408.34346045670634,395.18953812479964,402.68692887867314,3049600
2022-03-11,392.33001708984375,400.95333659749457,391.9457445781908,394.9750915148498,2649100
2022-03-14,397.1643981933594,401.92732057205535,392.4818700545127,401.62349688611204,2475700
2022-03-15,400.9354553222656,402.4992706560643,393.4380647176814,397.4324969754154,1778700
2022-03-16,376.5130920410156,390.40872389720244,367.5948672635788,388.76445986622383,5815500
2022-03-17,382.9917907714844,385.84240501362456,379.6050057973561,381.62457040384163,2947700
2022-03-18,380.8381042480469,390.9448152698889,376.83475519809514,388.42485975925683,5215700
2022-03-21,393.1878356933594,400.274146278029,385.7083350913345,385.7083350913345,3245200
2022-03-22,393.7149963378906,396.61922418857665,387.9959069476167,392.696296749527,2113800
2022-03-23,397.87933349609375,399.88995337339014,395.2878733306228,396.76232245315134,1715100
2022-03-24,401.8826599121094,403.464337530798,396.07420322561944,397.92395255229803,1375400
2022-03-25,405.39453125,408.8527925994852,402.12392009407534,402.15072726458396,1646300
2022-03-28,397.6380310058594,402.5349894978022,396.1456923956694,401.5162897045956,1676200
2022-03-29,390.6409912109375,391.5077926375001,383.64404792267464,387.15592315029375,2451100
2022-03-30,398.50482177734375,399.4967143720109,392.571246754038,392.5801915679347,1719500
2022-03-31,394.4389343261719,401.11419341464466,394.0814962463171,394.93935309212407,1660700
2022-04-01,398.5316162109375,401.2213598427934,392.1333746726544,395.1716387860538,1174200
2022-04-04,396.77117919921875,400.3366689302318,392.7856650476811,399.8720022569869,1166300
2022-04-05,399.6575622558594,406.42218693056884,396.2082456257871,397.65588741439876,2240200
2022-04-06,406.2165832519531,408.87954668342184,398.8890091329621,398.8890091329621,1941400
2022-04-07,415.98382568359375,417.6727320717335,402.8299035478738,404.80477128632333,2032700
2022-04-08,412.4183044433594,421.4169511872677,410.71150844197444,417.9586896548788,1710700
2022-04-11,414.85784912109375,423.9726689923223,413.01701733573475,414.44679674485724,1911200
2022-04-12,417.8067321777344,421.55095477118215,412.29318183105715,416.60038226263174,1502300
2022-04-13,419.27227783203125,424.1156218264201,416.64506601160446,420.889707434779,1212400
2022-04-14,417.90509033203125,423.32930223657655,416.45744845441874,421.7029276925133,1965200
2022-04-18,417.70843505859375,421.75648120576665,410.2646596340757,417.3152450657351,1638900
2022-04-19,410.97064208984375,424.910943481564,409.6570361895115,413.28508538647236,2044000
2022-04-20,405.5821228027344,412.27524235615454,404.60809272071776,410.952719107912,1636200
2022-04-21,392.77679443359375,407.44091717496667,392.16020221941943,406.59197796102393,1937600
2022-04-22,398.36181640625,402.92814361735583,391.7491177062036,393.98313937992015,1451700
2022-04-25,395.7704162597656,397.4950747063521,387.1738766585668,395.86870013822454,1499800
2022-04-26,398.6298522949219,404.19704362327127,396.0294480277845,399.47879136299366,1440400
2022-04-27,397.6380310058594,403.91115460728116,392.5355054133626,398.7550419422733,1017500
2022-04-28,394.7158508300781,401.2302652219473,390.97162857875065,401.2302652219473,1348800
2022-04-29,386.14617919921875,397.66480819708835,384.591308819602,397.14649989003425,1479500
2022-05-02,384.9754943847656,390.94479290944935,380.8112753001995,383.894235683111,1397100
2022-05-03,388.51434326171875,391.0432717960328,385.1096954324978,388.1658499610955,1332000
2022-05-04,398.31707763671875,398.5404797805489,388.62144641110683,390.5337545814926,1172600
2022-05-05,396.0027160644531,399.8631124480048,391.9457246631064,398.31715947758164,1183800
2022-05-06,401.614501953125,401.7485377874358,393.10735799603884,394.5549995481351,1409800
2022-05-09,392.1512756347656,401.033749132484,390.6142674349188,399.4699337599389,1354500
2022-05-10,392.410400390625,398.9962922737913,390.9538138181046,393.1342212699749,978500
2022-05-11,393.5542297363281,397.64694577970306,390.1674449648923,390.95382502197475,1018200
2022-05-12,388.35345458984375,394.3674517779798,382.77734426851384,392.5266197867516,1390200
2022-05-13,388.8717041015625,391.14145053030563,383.35812650674274,389.0414646628857,1114700
2022-05-16,390.99847412109375,393.518457189409,386.18193742929043,388.7197828540517,1004700
2022-05-17,394.08148193359375,395.1716857635608,385.37774092320547,393.01808527687274,798100
2022-05-18,388.1210021972656,395.03755114426275,387.0218810981635,394.0813834195526,986900
2022-05-19,380.33770751953125,386.9235988767487,374.6811767899022,385.0112905552491,1539800
2022-05-20,379.0241394042969,382.4645384873685,372.8939965736533,382.4645384873685,1632500
2022-05-23,386.9593811035156,389.3006315755362,381.96411165479657,381.96411165479657,1038200
2022-05-24,395.672119140625,396.1457307326673,386.93262581918896,386.93262581918896,1034100
2022-05-25,399.9256286621094,400.89965883225574,394.34949206104176,396.2975796721066,1032200
2022-05-26,400.3277282714844,405.7519392933076,400.13113327869235,402.12389037514026,1143100
2022-05-27,402.62432861328125,403.43751579251983,397.17331015786345,403.14263692437845,1265800
2022-05-31,395.7455139160156,400.1425997002813,394.21689573026134,398.34420599376324,2539100
2022-06-01,395.0171813964844,399.10854369622945,392.49044033986996,398.37119566313544,1199000
2022-06-02,396.6446228027344,397.9304948731141,387.0502098734113,397.2291225807725,1210000
2022-06-03,398.0654296875,401.56329093575135,394.8912661122493,395.64658812389246,928000
2022-06-06,398.7128601074219,401.04177654823144,397.0493405236125,399.08153409182466,690000
2022-06-07,410.303466796875,410.63619264567984,396.9054406856983,397.4449642249438,1126000
2022-06-08,398.7128601074219,408.8108501446712,398.2632617032198,406.4369573986561,1151600
2022-06-09,389.10040283203125,398.8386911617744,388.9025784574758,398.7218186397559,995100
2022-06-10,386.825439453125,390.56610110399924,382.83300381812006,387.55378660154963,1165700
2022-06-13,381.19647216796875,385.1799071900557,379.0294047045195,381.61909573870463,1483000
2022-06-14,374.21875,381.40332375963544,369.6687888770592,381.26844972585366,1497800
2022-06-15,372.3573913574219,376.763450082536,367.6545823283561,375.46860452656585,1241700
2022-06-16,363.98583984375,371.26933860135443,362.39424412245796,369.0572949618139,1580300
2022-06-17,363.2845153808594,364.5343846889472,354.87701964060716,362.888866585461,3757100
2022-06-21,376.7274475097656,378.1122181325086,367.7804566727217,370.4690460656208,1474400
2022-06-22,373.57135009765625,378.04035963298355,370.28028626508325,372.32145327826817,1073300
2022-06-23,369.2281494140625,374.308605347545,366.13491053012115,373.49933379517444,988700
2022-06-24,376.79937744140625,377.19502616852964,369.2820790673662,373.92193714256416,1768000
2022-06-27,376.98822021484375,380.5310574432943,375.3876511706178,376.7993965895361,779000
2022-06-28,378.3010559082031,384.4605591160424,377.0781615035887,380.3602241432776,953300
2022-06-29,376.66455078125,381.628107107359,374.45250695389774,380.4141859711404,733800
2022-06-30,386.61865234375,386.9423774644955,374.85717015530315,376.0081409732591,1269500
2022-07-01,389.81976318359375,391.11460869226323,381.69104436298846,386.4208005836632,1296900
2022-07-05,373.3914489746094,382.8509888686778,366.16189944936764,381.9697936195667,1712800
2022-07-06,382.95892333984375,384.7303146228785,373.4184313956529,374.8751257640476,1044900
2022-07-07,379.6318359375,384.8561662797787,377.25794360918195,381.69100394999197,1177100
2022-07-08,377.97735595703125,383.93003399797504,377.6356568044901,382.6441892429339,682000
2022-07-11,376.82635498046875,380.36019130669587,373.5083170737655,375.77428280268043,602600
2022-07-12,372.25848388671875,377.56376709424296,371.0086145725178,377.18609235449395,680500
2022-07-13,366.8722839355469,375.65742654209345,366.62951068534267,367.87037918324967,1155500
2022-07-14,359.9573974609375,364.50733017173246,357.44863120266575,362.54708812221116,1160700
2022-07-15,358.2219543457031,363.014660262545,357.7094056857043,363.014660262545,1223200
2022-07-18,348.2408752441406,359.6786576552291,348.0160760831061,359.6516828535571,2759700
2022-07-19,351.0284423828125,351.19929196583814,336.0028719147067,340.63372983046133,3023800
2022-07-20,355.3804931640625,357.41268632883833,346.79317632510333,351.28015872705356,1560300
2022-07-21,355.3626403808594,355.6773373556723,350.3631076078241,354.5713426859077,941000
2022-07-22,354.94891357421875,361.4501159054118,353.79794284075444,359.6337483633014,769400
2022-07-25,359.4989013671875,363.03276595822865,353.95087198904724,354.61626889850896,1038300
2022-07-26,356.810302734375,362.35835941785103,356.5945042698517,359.84059175273444,992400
2022-07-27,358.3658752441406,359.0042972438387,354.28351437463357,357.69147769139704,838600
2022-07-28,365.1457824707031,365.76623038664377,356.2077925527559,358.9143559493568,1014600
2022-07-29,372.09661865234375,372.4023422656679,361.4771068382945,365.5144916135534,1493500
2022-08-01,377.0152282714844,385.3058237566187,374.64136302003703,376.0800559281587,1721900
2022-08-02,385.5576171875,389.20835413636644,376.85339842475,382.1676550039268,2453900
2022-08-03,386.0251770019531,388.2372208976573,377.338960023186,384.19980858738484,1330500
2022-08-04,384.97314453125,390.8358980039703,383.85814923946697,387.2930602863846,1126400
2022-08-05,383.42645263671875,384.7122972798144,377.2399752002502,382.3923819617909,932500
2022-08-08,381.133544921875,386.0881281028869,379.1733024712104,384.4066344667063,814800
2022-08-09,385.350830078125,388.34517119654214,382.7881408026,383.91213695548373,747400
2022-08-10,386.6455993652344,388.6777927889117,383.3635367362499,386.7175504719223,1409300
2022-08-11,385.6205139160156,388.8935756653708,384.13684483529977,385.9711863628403,949300
2022-08-12,390.46722412109375,390.5122004275457,384.1278974226883,385.6655163241045,978000
2022-08-15,393.857177734375,395.6195956829822,386.52870225979274,389.0644436838332,884900
2022-08-16,395.7904968261719,400.1426063755918,392.87710775422966,392.87710775422966,851100
2022-08-17,397.0762634277344,400.5831250338611,391.15056052786656,392.16665717915697,996500
2022-08-18,395.06207275390625,399.76485389819516,392.8320550752894,397.36401409382444,866500
2022-08-19,395.67352294921875,396.47382118434047,392.0857368961138,394.27977904022714,1013600
2022-08-22,388.7496337890625,397.1211789457451,388.3090362591901,394.3066893434886,1086700
2022-08-23,389.4601135253906,390.9078346424994,386.92437196412766,389.2892639381298,915200
2022-08-24,389.9906005859375,391.555221534165,387.4998355578271,390.2423745691353,740200
2022-08-25,394.42364501953125,394.6034678908087,388.83961387711577,389.9905845302502,727600
2022-08-26,387.6707458496094,398.14638375892423,387.4998962512539,396.00629084589116,876200
2022-08-29,386.3668518066406,390.16146317802355,383.4894386799703,384.55048425590553,868100
2022-08-30,382.2575378417969,386.98732178316635,381.2684433164852,386.1510753464682,976100
2022-08-31,380.2662353515625,384.4571248515421,380.18477437753575,382.30284257199077,909300
2022-09-01,382.5290222167969,383.4070270708374,378.1752120212725,378.57348397299677,948800
2022-09-02,378.8722839355469,385.3170094640276,377.9490043820642,384.6833873243141,869800
2022-09-06,378.1572265625,383.12653932747804,376.34690903812145,379.27058178436397,962500
2022-09-07,380.29339599609375,380.98129783607476,373.1607408981066,375.95767801426115,1255700
2022-09-08,379.8498840332031,381.13522168051776,375.4327046795081,379.7774834835994,1112600
2022-09-09,381.5515441894531,383.44332255014336,379.2795870220434,380.7912141992655,1284600
2022-09-12,378.93560791015625,381.51528781030447,377.9037138514984,381.07176893767866,1349700
2022-09-13,370.5085144042969,380.8906834412773,368.7253510651788,377.740749559253,1621200
2022-09-14,377.1162109375,378.7183316259144,369.57622475035515,371.28698766824823,1004100
2022-09-15,374.3645935058594,375.48698148466286,371.77585281326367,375.48698148466286,1189200
2022-09-16,374.9981689453125,376.33778601164084,371.1240911924804,372.2464790314579,2023300
2022-09-19,377.01666259765625,378.0304634667168,373.5861312789284,374.7356727945807,695500
2022-09-20,380.69158935546875,381.44288645759684,373.233091379463,376.54597514868595,1112100
2022-09-21,380.3476867675781,392.6487898616681,380.1937976384023,387.39885296604706,2106400
2022-09-22,382.04931640625,384.43894828604857,373.83048875918723,380.0127096272956,1409900
2022-09-23,373.8939514160156,380.1757556856185,368.92461082989917,379.9675592176532,1874600
2022-09-26,368.98797607421875,373.11549795632664,367.95610941531885,372.64482532880703,1208300
2022-09-27,361.82806396484375,371.40465673478053,360.588001191533,370.3908835952344,1051900
2022-09-28,362.0633850097656,363.9551628816523,354.00748021794715,359.5289523639949,1161500
2022-09-29,352.8218078613281,361.52942990000867,349.29169455149145,361.14021829911974,1127700
2022-09-30,349.6537780761719,352.9213878746445,345.36330685657487,345.4357350249345,1343700
2022-10-03,361.82806396484375,364.6250005233849,352.17907066633063,352.7764786142588,1273800
2022-10-04,367.5939636230469,369.15989802139774,361.9095684441615,364.87848769128794,1060000
2022-10-05,364.3354187011719,368.99698024513617,362.76948428520916,367.5939677573314,828400
2022-10-06,361.71044921875,365.3220511593556,360.3255575342323,363.5298270168765,746700
2022-10-07,365.64788818359375,366.29057072730444,358.45189333921314,360.7600368957927,1124700
2022-10-10,371.1059875488281,378.92657157506693,367.6301816338053,368.9336123048451,1112500
2022-10-11,372.0744934082031,376.6908078114888,367.18664247312057,367.18664247312057,1013600
2022-10-12,359.7281799316406,370.1193840485545,359.4747366025269,368.3362203183879,921700
2022-10-13,367.4582214355469,368.44484111266564,354.11619091651204,355.72737231213057,1012700
2022-10-14,352.47784423828125,366.93322943593654,351.2920885795458,365.9827962497531,1369100
2022-10-17,359.62860107421875,362.615613736472,354.9579788649989,355.7273692850494,1617200
2022-10-18,390.88372802734375,394.2056725964169,363.4574305835295,364.9147228251582,4588500
2022-10-19,398.2336120605469,405.1218840995179,389.5350502532684,392.8117203122693,2623700
2022-10-20,402.1982727050781,403.07627787837777,396.4143221239331,397.9259219066389,1781300
2022-10-21,411.4941101074219,411.56653825955135,398.4055253695243,401.63694798295484,1620200
2022-10-24,414.0738525390625,421.966836771666,412.35405669415036,415.5402050765481,2013600
2022-10-25,416.50872802734375,419.57722896821826,409.3036732407757,410.987254992823,1537000
2022-10-26,418.69012451171875,426.0038208522134,416.7892860873045,418.33712705156455,1554600
2022-10-27,427.1714782714844,429.2080850585659,420.35563532898135,420.5185572423685,1513700
2022-10-28,438.8842468261719,444.5596089382221,427.5063965721963,429.04517724452455,2045300
2022-10-31,440.5226135253906,441.92562603350746,433.9602131881597,434.8834927075883,1288200
2022-11-01,439.5721435546875,444.57766914583567,437.97905569443543,439.9342014438594,1229700
2022-11-02,436.3407897949219,442.5139786040494,435.8339031454642,438.5855932591275,1291800
2022-11-03,438.8389892578125,443.50055041881006,433.1636272839812,434.2679218561906,1291100
2022-11-04,435.9877624511719,440.35966640949715,427.75081352605673,439.14675717960307,1481100
2022-11-07,442.2876892089844,443.4915380963801,435.3451099951514,436.72096886446155,944800
2022-11-08,447.2569885253906,447.74578193178263,440.66743464642923,442.51396603027143,1221000
2022-11-09,439.16485595703125,445.7363164275745,438.31400463791,443.3014375114241,1383200
2022-11-10,444.2247314453125,444.6320639152896,434.2046454903444,441.952801860462,1601000
2022-11-11,419.8668212890625,437.9428381873954,418.7353731297358,435.1459016523294,3061800
2022-11-14,418.219482421875,427.21676101125263,415.802696833711,423.0258723222002,2286700
2022-11-15,422.9354248046875,429.94134467148154,414.6079532776911,421.65914765581556,3272800
2022-11-16,422.02117919921875,424.75477612457496,417.81219681124935,421.1160205083328,1022600
2022-11-17,427.93182373046875,429.7512013659114,420.2289427859259,420.89875131416915,1401900
2022-11-18,431.5977783203125,435.263660009042,427.93186900833166,428.7103198550658,2160300
2022-11-21,435.3269958496094,438.06056498119926,432.87402368483083,433.1093461459715,1730500
2022-11-22,434.0235900878906,438.3321542741888,433.82445407197133,437.1644918343326,838400
2022-11-23,435.4446716308594,437.1825607428829,433.31754331170345,434.2770092559611,1020200
2022-11-25,437.6080017089844,438.54937445781053,435.761497915797,438.36833167498804,321500
2022-11-28,437.38165283203125,439.21912357360725,434.4761016368439,434.575655817644,939000
2022-11-29,438.187255859375,439.09241440169006,436.0510673354232,437.28209731705994,802600
2022-11-30,441.9125061035156,442.6047252722959,435.11792356299327,437.18543634934815,1470000
2022-12-01,440.5462341308594,444.4717922031119,437.7956195215552,443.1237939744775,913600
2022-12-02,451.9677734375,454.445158658569,438.83398221653425,438.83398221653425,1744400
2022-12-05,446.90374755859375,450.8293065049173,444.76335481865436,447.0858914924269,1357200
2022-12-06,440.8286437988281,447.4957283057142,439.18920954752883,447.4957283057142,1076500
2022-12-07,438.2784729003906,445.6013099797481,437.62269354151476,441.10194033880924,999800
2022-12-08,442.0856018066406,445.20964968873506,438.5972104574706,441.97630988471957,762200
2022-12-09,440.4461364746094,446.621380178988,440.10914378590275,442.3224163711587,856400
2022-12-12,442.9416809082031,443.715868946127,439.46240709715664,441.69388536020193,1129200
2022-12-13,437.3857727050781,446.63041664344115,435.974039318739,446.293424015444,1730900
2022-12-14,441.9125061035156,444.71776709006997,437.3129621101241,438.2692941339377,1071800
2022-12-15,436.0833740234375,441.8305387017351,432.7407147997382,438.0962408608686,1067300
2022-12-16,438.81573486328125,439.5625721131104,431.4200197981303,433.20518569080497,2590600
2022-12-19,438.81573486328125,444.4536070108061,437.12162702376963,438.8066179397655,929700
2022-12-20,442.786865234375,447.6141377282044,438.84310054259004,439.80854948225567,1014300
2022-12-21,444.15301513671875,446.81257175396587,442.3678492896749,444.3625098037358,988300
2022-12-22,436.5478820800781,443.3971386692229,431.67510809571917,443.1056750280885,1520700
2022-12-23,440.1819763183594,440.99257651014307,435.69169653980157,436.73002527018843,661600
2022-12-27,442.1948547363281,445.6012490481814,440.37324874359354,441.7394532381445,788800
2022-12-28,440.1181945800781,445.382634423199,439.8267309704764,442.7868405039639,810300
2022-12-29,443.6065673828125,445.9018086147467,440.19105630719645,440.82862949284487,764000
2022-12-30,443.0965270996094,446.12039962491633,438.31481151661814,444.4718484761347,910000
2023-01-03,434.9357604980469,441.0563578405086,431.72974390742485,440.27308059330915,1657200
2023-01-04,433.99761962890625,436.912200280816,427.4398270598598,431.0375099462327,1391300
2023-01-05,434.51678466796875,435.49135052822567,427.9863150664119,433.2598721073385,1210100
2023-01-06,431.0283508300781,444.4718103829413,424.2246521289947,437.18538726190945,1969200
2023-01-09,418.0494384765625,428.7969299985853,414.6885733565643,426.0645211397575,2377000
2023-01-10,421.0551452636719,423.95149226077206,416.14590353483914,420.95494247558196,1003400
2023-01-11,421.7017517089844,424.0242880354022,419.9165857695868,422.0387443419039,1056400
2023-01-12,420.55413818359375,424.32487567517927,418.23160181825466,421.69264185199523,936600
2023-01-13,409.70654296875,413.24046341578895,405.0705585622597,406.67358090001045,2208600
2023-01-17,407.2746887207031,413.0491766307532,406.828404127835,410.1345957987298,1753100
2023-01-18,401.9100036621094,408.24921214254823,401.3453102861191,407.2746463250167,1645100
2023-01-19,400.1248474121094,406.1452694506011,399.8698236943148,403.2671287523472,1469900
2023-01-20,403.74066162109375,403.8044244876256,398.5855144689309,401.97370197618125,1410000
2023-01-23,401.91912841796875,406.97407371948015,401.53657894537577,403.5858856020156,1739600
2023-01-24,409.1600646972656,410.7357361867207,398.64938970366876,402.72979737942904,2865000
2023-01-25,413.6502990722656,415.1531184822636,405.1616083334681,408.0397491855047,2352500
2023-01-26,418.79632568359375,422.39400865589414,412.43891072996865,414.73415208170525,2168900
2023-01-27,418.6050720214844,425.0535451495001,416.6468510947403,419.7526649215494,1587700
2023-01-30,419.50677490234375,425.07179601058544,418.8783185720488,420.7910105427072,1642000
2023-01-31,421.9386291503906,422.1390069328844,418.06771619419476,421.0460321564631,2062000
2023-02-01,421.0187072753906,423.77843938811225,418.78722869840146,421.2555249614964,1242500
2023-02-02,416.4100341796875,419.36102706455677,413.43171831608805,417.4847750704112,2104700
2023-02-03,418.1314392089844,421.33748363630684,414.3607291506706,418.30449400684563,1302900
2023-02-06,427.25762939453125,427.86785174840827,421.47402564452364,422.22997979221395,1393500
2023-02-07,426.5563049316406,430.80064973139554,421.8383526358116,430.39989423644886,1334800
2023-02-08,427.75860595703125,429.3343050891921,421.9932354320273,423.49605476167756,865000
2023-02-09,428.15936279296875,432.03027539703567,426.4379596415264,430.2906383971596,799000
2023-02-10,437.9413757324219,438.87950167091344,430.24510738532143,430.24510738532143,1436300
2023-02-13,438.97967529296875,445.83802002546287,437.2764783154322,441.91246174591635,1203100
2023-02-14,438.62445068359375,441.7394088481715,436.8757246717772,439.4168725590249,875600
2023-02-15,437.6498718261719,441.0562654775835,434.8172606030037,437.9413076039238,927100
2023-02-16,429.2158508300781,434.98122074489606,424.5252216267906,434.45296731235493,1939500
2023-02-17,433.2052307128906,433.2325536907789,428.8424766067218,429.7077505656858,1184200
2023-02-21,436.4476623535156,439.37133200356203,432.8135675232103,437.6499289033384,1379400
2023-02-22,436.7572937011719,438.706425160542,434.8810420359731,436.1015145311171,900300
2023-02-23,436.34747314453125,439.9998019362944,433.11413373029507,437.1854241040844,917400
2023-02-24,437.54974365234375,438.82486225830604,434.7262488706052,436.6935866321617,1009300
2023-02-27,436.720947265625,440.919763796282,434.62611136059655,437.6681902240872,1149000
2023-02-28,434.67706298828125,438.59066785741703,432.4407093572027,437.22503599805066,1155500
2023-03-01,434.74114990234375,437.38995627567834,431.9548964907983,433.7696225467851,957700
2023-03-02,438.3890075683594,439.17724428783,433.4947011416998,433.50387546638615,835700
2023-03-03,438.0041198730469,439.5164011559215,436.62013929567735,438.92980372931294,1060500
2023-03-06,440.09375,441.58768237965666,437.02334429495704,437.02334429495704,905700
2023-03-07,438.7098083496094,444.6031372947884,438.10489029107356,441.3127712869287,1137900
2023-03-08,439.4797058105469,446.9403340545278,436.922558501827,440.8911813105844,1252900
2023-03-09,436.13427734375,442.9258220549748,434.9977520782093,442.68751340775685,1035000
2023-03-10,435.81353759765625,442.04598078519484,434.82368950382437,436.00600262163704,1335000
2023-03-13,437.49072265625,438.92969288265556,431.5057354036913,432.4864369952287,1701000
2023-03-14,438.90228271484375,441.10196699326866,435.2361329273012,440.2037781964427,1761400
2023-03-15,433.80633544921875,435.474440310478,425.7958071379785,435.355285967459,2273300
2023-03-16,433.74212646484375,438.15066887970164,428.70117104098966,431.63410174852305,1633000
2023-03-17,426.9872741699219,435.2819544243054,424.62261998434894,434.54870772182034,6525100
2023-03-20,435.996826171875,437.8940372183021,426.3823304036088,429.1411167624111,1515400
2023-03-21,435.1352844238281,439.2505282049113,431.9640450308394,438.90223953408014,1069000
2023-03-22,429.764404296875,436.97754954614555,429.23282488340857,435.7585670458413,1261700
2023-03-23,428.84783935546875,431.6432951783684,427.56469260306466,429.5169217198123,1168500
2023-03-24,434.93365478515625,435.96934649661745,428.16043014216706,428.8478331750306,1126000
2023-03-27,433.879638671875,437.70158383831483,432.981421980595,437.2891308339361,1273000
2023-03-28,432.0923767089844,435.9143218497326,431.83574736612957,434.4387101209427,1076100
2023-03-29,434.61285400390625,434.71365968790445,431.3957989121377,431.9274062456753,1146400
2023-03-30,433.68719482421875,436.08851852854696,432.358232270478,434.93370033234186,950300
2023-03-31,433.2747497558594,435.67607334941016,431.71662493521063,434.612886573162,1409600
2023-04-03,446.00543212890625,447.1785989005415,433.2930626662061,433.5221970198107,1656700
2023-04-04,447.7651672363281,449.6807269517877,444.2914828291932,445.0613708509209,1081100
2023-04-05,449.0941162109375,452.613616192546,446.38117355291627,447.2702158795296,1305900
2023-04-06,449.2591552734375,455.50077280771586,448.1959685197048,450.450642720111,1093300
2023-04-10,455.28997802734375,456.82060787499057,450.7256114595707,450.7256114595707,1024400
2023-04-11,447.12359619140625,455.28994767834257,446.3628824660705,454.95083331992174,1224200
2023-04-12,447.3619689941406,450.249056587317,441.4869601359503,442.5043033570531,1105600
2023-04-13,451.0646667480469,452.32031833618703,445.41879379256085,446.1886817450592,909500
2023-04-14,447.2610778808594,450.4781331126517,444.62144568764535,449.04833700307773,843200
2023-04-17,448.77337646484375,451.17469992674637,445.95959999346877,445.95959999346877,1287800
2023-04-18,459.5610046386719,465.692641862806,456.4356088600975,457.3521462272864,2561800
2023-04-19,453.83270263671875,461.3207981961133,452.65953577937216,460.10181565289935,962200
2023-04-20,449.6532897949219,454.4467628770246,448.2418142549271,454.4467628770246,839900
2023-04-21,442.275146484375,450.2765286944291,440.49706154880744,450.23985936376164,1382500
2023-04-24,440.7811584472656,443.17330752543035,438.7647650717816,442.1284694821344,955200
2023-04-25,435.8868713378906,440.7812059705716,435.8685506581384,440.5795666112832,839100
2023-04-26,423.0920104980469,434.3929328480264,421.24061493022396,434.3929328480264,1571900
2023-04-27,426.18988037109375,427.40886277567233,422.6612058749963,423.3027932271962,1491400
2023-04-28,425.68585205078125,427.2531233403124,423.8069333979471,426.024966449694,1040300
2023-05-01,430.2501525878906,431.76243373056957,425.77744552140825,426.2265678753024,1524500
2023-05-02,420.58984375,429.42524938081726,419.08670904949344,429.2877743705272,1105500
2023-05-03,415.255615234375,421.12144912321827,414.9073265397949,419.9574566702025,1116700
2023-05-04,414.2107849121094,416.14469357827033,408.9681893027814,415.7964048536202,962700
2023-05-05,417.5194091796875,418.9492051290406,414.3481699851619,414.90727228242747,930600
2023-05-08,413.3216857910156,420.0490667506612,412.50598207391397,418.390136343594,808300
2023-05-09,414.31158447265625,416.0255049781707,412.5334996346192,415.0997932304961,623800
2023-05-10,415.32891845703125,415.45724711925556,411.2594901512304,415.01729909656024,850900
2023-05-11,413.0741882324219,414.47648914952913,411.10363867799634,412.9733545871407,645400
2023-05-12,413.16595458984375,415.988877831558,410.42548839758774,415.0081759767055,696500
2023-05-15,414.2015686035156,415.5122102918702,411.91022524464404,413.16587693002566,668300
2023-05-16,410.3612976074219,414.67818090270924,410.29713327690234,414.35738722061325,569500
2023-05-17,419.1325378417969,420.14990889077274,412.3868360678545,412.4418260736909,1101900
2023-05-18,417.7118835449219,418.6192465410642,411.89186596945007,417.4002642126154,1456500
2023-05-19,416.55706787109375,420.02157807350375,415.0631074557064,418.8850806647189,804100
2023-05-22,416.7679138183594,419.19673248678015,413.89914710093075,416.1080057300994,628000
2023-05-23,414.85235595703125,418.3076921198621,412.4418579563613,414.3757385756038,1027200
2023-05-24,414.9348449707031,418.61931553457094,413.5233694336875,415.41143438621964,858600
2023-05-25,405.8702697753906,413.8166618345846,403.0015310302099,413.8166618345846,1205000
2023-05-26,411.02117919921875,414.06406189480333,405.2011615260242,405.89771088090515,1135500
2023-05-30,410.581298828125,411.5711470062384,407.1626039350818,410.6821045257689,1163300
2023-05-31,409.6954345703125,411.4670347942788,408.76348172973036,410.2582782184137,1673500
2023-06-01,414.9180603027344,415.9422623960073,409.15108051877144,411.16259630923827,878700
2023-06-02,419.3655700683594,421.0910460638592,415.7392996240013,417.17873565014474,894700
2023-06-05,419.550048828125,421.4600791109273,417.5108528530447,420.8879992756714,807200
2023-06-06,423.1855773925781,423.8406983847988,419.2732674774618,421.238630454124,816800
2023-06-07,426.06439208984375,427.90982529867904,419.8452911869732,422.71492631035557,893100
2023-06-08,428.29742431640625,430.37353689764683,425.79684177735294,426.4611989297131,863400
2023-06-09,426.9317932128906,429.42313957257454,424.80955606136655,429.42313957257454,713100
2023-06-12,424.3297424316406,427.0978926497703,422.7703488893679,427.02408770061544,954400
2023-06-13,417.40936279296875,421.65386538429294,411.43017640225526,420.76806520772055,1486300
2023-06-14,417.5754089355469,418.37819607513654,413.903014688231,416.52352659665837,945700
2023-06-15,420.7126770019531,423.07482942471785,418.8395632879855,418.91336823160026,892400
2023-06-16,423.6838684082031,426.08290946446374,421.3124795693852,422.3551540169087,1642800
2023-06-20,422.95489501953125,426.1936397207034,422.1244556025609,423.9698890443083,774800
2023-06-21,430.02288818359375,431.0655625344199,422.6134743910628,425.427748993263,906900
2023-06-22,427.6146240234375,430.0321374444197,425.8337874235941,429.543098684901,688500
2023-06-23,423.859130859375,429.45081998176073,422.7242073373373,427.6976357200977,1348200
2023-06-26,417.80609130859375,420.90643392093136,412.15906986938626,420.7034351298909,997200
2023-06-27,418.12908935546875,420.41743703123154,417.4555241502236,417.796924842046,671100
2023-06-28,414.9088439941406,418.69198854541116,412.8788557493372,418.52587811877646,848900
2023-06-29,422.08758544921875,422.1706265841365,414.0968543889431,415.1487650827337,684200
2023-06-30,424.8003234863281,426.9133526369249,421.4877738762753,423.74841292049314,982700
2023-07-03,426.83026123046875,427.52229872715117,422.1889975457486,424.4496646318755,385400
2023-07-05,426.9964294433594,427.540828968702,423.47164455817665,425.89839421389627,625500
2023-07-06,425.9629821777344,427.21786346550743,423.8407167164744,427.21786346550743,675900
2023-07-07,423.2594299316406,426.1936908569828,422.69658618073385,424.449742528928,642200
2023-07-10,424.8003234863281,426.8395195310351,422.65037778278645,423.06561156594853,718400
2023-07-11,430.25360107421875,431.0009993887008,424.2559422015582,425.62154496921397,709200
2023-07-12,426.2582092285156,431.1117081996226,425.4831305607289,431.09326400244186,1067100
2023-07-13,430.336669921875,431.314747486768,424.75421633152155,425.3724489835981,821700
2023-07-14,428.4266357421875,430.4658319884381,426.6273267160898,429.9860293890503,933200
2023-07-17,433.6492004394531,437.3585117083133,429.6353768681685,430.2536094925191,1886300
2023-07-18,420.4820251464844,442.4426720579937,419.17175499982113,437.70913072739495,3122600
2023-07-19,416.6158447265625,423.7853436666356,413.47858527999813,421.6815506235857,2141500
2023-07-20,420.7680969238281,422.78884896829015,417.06799354540624,417.64930963478326,1353800
2023-07-21,419.6146240234375,421.62613952035474,418.31359019495153,419.6607485913457,934300
2023-07-24,421.49700927734375,422.55815609012114,418.9503301402888,420.7588471249675,892200
2023-07-25,419.0517883300781,419.61466016605436,412.8419228918789,417.46471446207795,1207800
2023-07-26,417.8153381347656,421.7276478518987,416.94798220176676,419.21785735283186,1322300
2023-07-27,413.9676513671875,417.4555195147993,410.9042250350408,416.6066077247889,1603600
2023-07-28,414.2998352050781,415.8223122638818,411.9838070708653,413.3771184228842,1163100
2023-07-31,411.873046875,414.95491725895624,410.26752883569577,414.95491725895624,1806000
2023-08-01,416.4035949707031,418.1013903347855,412.3620912831348,412.4820489606594,1047900
2023-08-02,413.8938293457031,418.1106517147369,413.2940690810083,416.403620069774,905700
2023-08-03,413.3033447265625,415.40713802270176,411.5132717810046,412.7497089835609,1240700
2023-08-04,411.2733154296875,415.4901377814373,410.89499817896456,413.91227184716047,846800
2023-08-07,415.01953125,415.6562080488149,411.79002268288434,412.74965597022685,746800
2023-08-08,414.73345947265625,415.69309268631935,412.9803034455002,414.2997815148633,791600
2023-08-09,417.8153381347656,418.9594978084755,415.213270335769,415.29631145798226,1211700
2023-08-10,415.2686767578125,418.88573893570765,414.53975077407557,417.06798574756846,688700
2023-08-11,418.95953369140625,418.99645024635566,415.70234465437056,416.3113410951722,690500
2023-08-14,415.2963562011719,420.3989788712652,414.90883092242535,419.4578178923707,752300
2023-08-15,409.2987365722656,415.2225912643,409.0219327750564,413.37715752534757,725300
2023-08-16,410.7288818359375,412.48203790278944,408.1175778525223,408.6342969425612,822000
2023-08-17,412.15911865234375,415.4255438914876,411.9376756392089,412.12223025620864,635800
2023-08-18,415.2779235839844,420.17754757263214,410.9596156887494,410.99653224554385,1075700
2023-08-21,416.5973815917969,418.01837328888945,414.2998258668266,415.07490456730955,573500
2023-08-22,417.9352722167969,418.8118642780296,415.64692483947334,416.8280009983004,671800
2023-08-23,419.43939208984375,419.7346682307504,417.1510442364411,419.44860010987776,1043200
2023-08-24,417.5754089355469,422.29974183990623,417.4739236203453,418.23055803196183,697800
2023-08-25,416.2282409667969,420.0759817012948,414.35512733552366,420.0759817012948,785200
2023-08-28,417.36328125,418.29520609553776,415.47169486235845,415.9699698326497,641000
2023-08-29,413.7462158203125,418.2306342013435,410.1383896805673,417.36327813914994,1053700
2023-08-30,417.4462890625,420.685033872236,413.8292270054349,414.7058191832804,875900
2023-08-31,416.461669921875,421.3568375258139,416.2666138476905,418.7559953798423,826300
2023-09-01,416.3037414550781,419.74989267409217,415.9321966329377,418.2915501914616,668600
2023-09-05,413.52642822265625,416.4430849651468,413.39637193848614,416.1365682692594,854000
2023-09-06,393.7877502441406,409.9501892951839,393.527666060682,408.9284198790786,2548000
2023-09-07,395.6455383300781,397.354667168547,391.9857637655456,393.8435162004534,1195700
2023-09-08,392.99822998046875,396.10997093511423,392.2179773702949,396.00777981214685,1162300
2023-09-11,390.7410888671875,392.66386951851365,386.89552756453526,392.1901335573613,1618300
2023-09-12,388.1123352050781,390.2301718346533,386.35677390478475,389.70073393754876,1307700
2023-09-13,391.0475769042969,392.217969971004,388.8089818919222,389.9608076398274,971500
2023-09-14,395.5990905761719,396.3143150310436,390.80608607761553,390.80608607761553,992400
2023-09-15,393.88995361328125,398.3764416742095,393.5741390970318,393.759925681674,1681600
2023-09-18,399.2867431640625,400.76368139115584,396.25862577446526,397.24323236115794,951200
2023-09-19,395.0603332519531,400.41993870606024,394.82811420260106,399.64898393491416,862300
2023-09-20,396.5837097167969,400.2063212711225,396.323625511539,396.5837097167969,1044100
2023-09-21,387.8429260253906,396.26781051952275,387.5178137282785,395.45042338139154,1669400
2023-09-22,384.22967529296875,387.80585471242244,383.83956312186035,386.3568099541955,1453300
2023-09-25,383.532958984375,384.50829595600203,382.2418358685353,383.8395039900766,748300
2023-09-26,379.6781921386719,382.01895023755935,378.7493158276293,381.4244841389609,1108000
2023-09-27,379.65032958984375,380.8392901422593,376.8637006375833,380.07760475868145,1317700
2023-09-28,381.7309875488281,383.4958468089077,379.7432070529229,380.74638096119253,819700
2023-09-29,379.8731994628906,382.18612045647717,378.60064361564775,381.73095184649816,764100
2023-10-02,378.8143310546875,381.75885298593,377.0216066388025,379.8732352726974,733200
2023-10-03,375.1080322265625,378.51702007020333,373.95623490525753,378.4148573032713,899200
2023-10-04,372.7858581542969,373.40821765642664,368.86599961118566,372.163526999218,1243400
2023-10-05,369.0890197753906,372.87882277406476,366.5531771594542,372.4422497599011,1162800
2023-10-06,372.22857666015625,373.7983797347213,365.7635777796665,367.27765054897327,1135600
2023-10-09,405.4823303222656,405.54735846017877,393.2769116782374,398.2278093987886,5343700
2023-10-10,404.154052734375,411.1391917685271,401.76683402357384,410.11742224765374,2626200
2023-10-11,405.59381103515625,407.59088931379273,402.4820699118115,403.8010866664812,1419500
2023-10-12,403.26239013671875,407.86031103751,399.51899125215647,406.8942717012663,1121900
2023-10-13,409.6901550292969,411.6036378293963,403.75465055440117,407.34009925944355,1519300
2023-10-16,409.0863952636719,411.9566194927642,403.4945704080781,408.1668168413856,1931300
2023-10-17,409.7551574707031,420.5858572276735,404.1819003410338,405.51018648697925,3103900
2023-10-18,414.34381103515625,416.0343725130558,408.95631209685854,411.78010366634385,2024100
2023-10-19,417.23260498046875,417.6877735947562,410.7397694093586,412.1052185581169,2012400
2023-10-20,412.5790100097656,420.4094306311912,412.43038639602463,419.2669025457761,1715100
2023-10-23,414.4274597167969,419.9078243007913,411.94734748534796,412.6161395654085,1502400
2023-10-24,409.54156494140625,418.5609460961586,409.0213964685446,417.1862272809052,1367100
2023-10-25,415.8486022949219,417.4184053937208,412.12379953602533,412.73686125038347,1228900
2023-10-26,414.2509460449219,419.00678795185473,412.1238114762553,416.1458615490152,1432000
2023-10-27,411.8544616699219,415.8207531254404,408.9284787509572,411.8823268240523,1288400
2023-10-30,414.13018798828125,415.07763156769886,411.30639622321866,412.811199574605,948800
2023-10-31,422.3043518066406,422.75949214108596,413.7308130041584,415.4863745420591,1418700
2023-11-01,420.2050476074219,424.2177998593876,419.3504689743527,423.8740918311936,1267000
2023-11-02,425.4625244140625,425.62971535106647,418.69100799484045,418.69100799484045,1242000
2023-11-03,421.09674072265625,425.2023860736172,419.043932220702,422.7408414214541,1365400
2023-11-06,419.0718688964844,422.4901271544128,418.58886338625234,422.4901271544128,1440800
2023-11-07,418.1336669921875,420.9295937678135,417.7063918250104,420.9295937678135,1220100
2023-11-08,413.0340881347656,419.638384208504,412.4488916022467,418.13360932319915,1386400
2023-11-09,410.9905700683594,413.91652453255955,408.4082952748008,413.7307662942129,1775500
2023-11-10,413.2291564941406,414.12086972177474,409.60654493151543,412.4303365572512,1525400
2023-11-13,413.37774658203125,416.6659760478985,411.76151117288214,413.3498814317718,1003800
2023-11-14,412.6253967285156,414.9568851182491,410.4332341027586,411.4921666030855,1336800
2023-11-15,413.47991943359375,416.1457892965103,411.92868387887063,411.92868387887063,1098400
2023-11-16,413.89794921875,415.83002762019925,412.00303380307355,414.0930052867152,912900
2023-11-17,413.05267333984375,415.42132472417734,412.6253982130943,414.8732911525295,898600
2023-11-20,412.2445068359375,413.89790518878317,409.411446020533,412.44886071537013,982000
2023-11-21,416.27587890625,416.6660193975225,412.5696718008998,413.3499244363918,1177800
2023-11-22,418.3658447265625,419.5734008234148,415.6721093521268,415.6721093521268,833800
2023-11-24,419.861328125,420.40006383276096,417.7527610696941,419.5640809462796,326600
2023-11-27,413.8050842285156,420.62303271090434,413.7493539195712,419.7220215868976,1496900
2023-11-28,416.3873291015625,418.8117107539131,414.2787903065108,416.0064864532219,1124900
2023-11-29,413.3592529296875,417.56706145104806,412.3374833263323,417.56706145104806,1272900
2023-11-30,418.887939453125,418.9721308492933,413.96723926588385,414.42562416140044,1514500
2023-12-01,420.4222106933594,421.5915833354553,419.2434739344029,419.4773484628221,856900
2023-12-04,421.6196594238281,421.8722336441922,417.33506195080946,418.5137987441169,1265700
2023-12-05,417.4566650390625,421.57287953839557,417.1385991094116,421.2454494919755,1055700
2023-12-06,420.4222106933594,421.3857726084809,416.7644096429869,416.7644096429869,864100
2023-12-07,418.2705383300781,422.27449757215317,417.5034515917623,421.36706328068834,861100
2023-12-08,419.1218566894531,421.4699661021457,418.59798002712813,419.6363977840081,761100
2023-12-11,422.1529235839844,424.0239199694307,420.5158017467188,422.73292789561043,1021600
2023-12-12,422.4990234375,424.4822748978107,421.32028666239046,422.54578692417,1008200
2023-12-13,422.3213195800781,424.8939396903129,421.44194896755755,423.73393103087733,1300300
2023-12-14,416.5492858886719,421.7880816776241,412.966340235464,421.451316018982,1891000
2023-12-15,413.31243896484375,415.875694782429,410.4123889647755,412.5546877406797,3973400
2023-12-18,418.08343505859375,418.41086508443834,413.74271042266093,414.1543318467282,1197300
2023-12-19,418.90673828125,419.6551254060684,417.3725075614918,418.8038186358326,695000
2023-12-20,414.0514831542969,419.61767996696204,414.0234193520162,419.1405953281915,1306800
2023-12-21,419.1218566894531,419.19671252643496,415.5669752595138,415.5856749441908,637200
2023-12-22,419.3089599609375,422.6019029986801,419.20604032427934,420.97414543870735,623600
2023-12-26,421.14251708984375,422.32125380157333,418.93475533360777,419.24345713713257,516900
2023-12-27,420.01055908203125,421.92831865771586,419.4866824599183,419.6176373408792,699900
2023-12-28,422.12481689453125,422.68609291383115,419.53346889250616,420.01058205804736,741800
2023-12-29,424.005126953125,424.2483655817947,422.0499394549507,422.845118507103,832400
2024-01-02,426.69940185546875,432.2468989063557,424.9967884095987,424.9967884095987,1206500
2024-01-03,429.50592041015625,434.1647116304986,428.2804200766427,429.19721857196305,1174300
2024-01-04,428.3365478515625,434.0243927833441,428.24299232357254,432.49016206189685,1087700
2024-01-05,427.0549011230469,430.4320357065456,424.03323185164993,430.3665725340575,705300
2024-01-08,429.0195007324219,429.1036921485486,424.276517779964,425.09976080316864,716000
2024-01-09,426.8584289550781,429.02876281369765,424.03320646854166,428.97263521256053,732900
2024-01-10,426.02581787109375,430.0110488084305,425.44581363214786,426.77423346097197,666100
2024-01-11,423.9022521972656,428.2710122705474,420.37540614226236,427.11100377984917,784800
2024-01-12,433.30401611328125,433.49112715855256,427.0829592713626,427.8687742730551,966500
2024-01-16,428.3085021972656,436.1947453507211,426.9239545521056,436.1947453507211,814900
2024-01-17,427.0268249511719,432.93917987945207,425.7264688700044,428.1494341068685,920800
2024-01-18,429.9268493652344,430.31040699490916,424.285797217481,426.68066996202117,780300
2024-01-19,428.2336120605469,431.12429771416316,426.5496983798929,430.85299527604957,866600
2024-01-22,429.16912841796875,431.10558783692557,426.0632677951037,428.07458305148265,1216800
2024-01-23,411.31048583984375,429.39365259104414,405.903307652885,429.01009492209243,3613500
2024-01-24,403.8077392578125,414.6127591774624,403.71418374027826,411.17010455649853,1768900
2024-01-25,403.2371520996094,405.9500911696325,398.2883586281222,402.2642259779038,1813900
2024-01-26,402.1800231933594,405.463630918053,399.18641761851825,404.10714714682905,1260500
2024-01-29,400.40252685546875,404.16321871378966,398.1199093447064,403.1996568706581,1903300
2024-01-30,403.8358154296875,403.99486266928164,400.1873785271682,403.45225778044187,1016400
2024-01-31,401.7122802734375,405.7442751791687,401.38485019785986,404.4626472296673,1120100
2024-02-01,402.04901123046875,403.9200074447608,399.1770537388742,402.47936091513424,1175000
2024-02-02,398.494140625,401.2351433013083,397.0067020202886,400.52418413405377,973900
2024-02-05,394.4995422363281,396.99730606214075,392.7501368876675,396.65117634875463,1379600
2024-02-06,399.4109191894531,401.3473785298976,393.2459616802129,394.7614925606253,1065700
2024-02-07,402.35772705078125,402.53547396864553,399.027356193643,399.027356193643,980700
2024-02-08,399.4576721191406,402.0302917873552,398.2695998591447,401.6654338399145,972200
2024-02-09,398.9899597167969,400.0845051104659,397.09089962025104,399.9535216662928,1038600
2024-02-12,400.4586486816406,402.7786655253348,398.5221609071307,399.2237844298545,1007200
2024-02-13,399.0086669921875,404.0416516869181,395.94023415346,401.64677866884483,1089300
2024-02-14,391.2159423828125,400.86092525495775,387.2213758790808,400.0938099814404,2503800
2024-02-15,395.82794189453125,396.0431167299965,391.58077262988263,391.58077262988263,1136700
2024-02-16,396.7167053222656,397.7363948747284,395.285394301947,395.82797066459096,806000
2024-02-20,396.90380859375,400.6645296060556,396.43605949662856,397.76447949407475,1363900
2024-02-21,399.97216796875,400.59896420523796,396.99729110997004,398.71860404490815,969600
2024-02-22,401.2257995605469,401.77774002155763,396.49215284152723,397.6708896001374,1236900
2024-02-23,403.3118896484375,403.6018917419587,400.5802514999537,401.20701916693196,842200
2024-02-26,401.4971008300781,404.5561981409037,399.2612750321714,403.66746345292773,980600
2024-02-27,402.6664733886719,403.4148890595959,398.98997240563716,401.0293515792701,887000
2024-02-28,404.5842590332031,406.9604038307623,403.0500283300813,404.0229544211064,1029300
2024-02-29,403.5570373535156,405.92237484614367,402.91623818501625,404.58420833912254,1503100
2024-03-01,401.879638671875,404.18843677775106,399.561436503063,403.2366420776679,1059000
2024-03-04,407.0437927246094,408.871977072393,402.3414161464311,403.86803779056737,1271900
2024-03-05,407.08154296875,410.8792606397426,404.98949819970414,408.740080516013,1038000
2024-03-06,408.4949951171875,408.80596185108527,406.0825512588921,407.0814524459082,775300
2024-03-07,405.2061767578125,410.4739762313123,404.7255917534633,408.98505711036375,1085800
2024-03-08,407.948486328125,408.02389138966896,402.92570974008714,403.80209945995375,763200
2024-03-11,409.69183349609375,410.8792186855173,407.66576117532065,409.277191961965,951000
2024-03-12,409.8426208496094,410.66247110817346,407.43017666587474,407.96732985548675,825100
2024-03-13,409.5505065917969,412.55664349368135,408.74006036552686,410.5965145454498,987100
2024-03-14,410.653076171875,412.3870187914896,408.32544089408583,411.2090662978433,1153600
2024-03-15,410.70013427734375,412.95236406709375,408.18401557039084,408.18401557039084,5151300
2024-03-18,408.2311706542969,410.9545814845561,406.7987622166835,410.7001541345809,965300
2024-03-19,411.9912109375,412.085452881411,408.9662372206001,410.1630265083197,898700
2024-03-20,415.02557373046875,415.5438612294438,411.3974749618421,411.8403861687955,845000
2024-03-21,417.6170959472656,418.3050304756542,414.007833826877,415.92082730097405,912100
2024-03-22,420.1802978515625,420.5289671276928,418.0976862572431,418.8798339232705,1008300
2024-03-25,420.5854797363281,422.6963609007269,419.1719370797542,422.04612897801496,775000
2024-03-26,420.283935546875,422.7623517150833,420.1614239098761,420.7645492739938,766700
2024-03-27,430.4520263671875,430.7629931106642,422.04614636926317,422.0650120109649,1277700
2024-03-28,428.6521911621094,430.763072804015,427.78523424144333,430.4709428895943,1119500
2024-04-01,426.6920166015625,429.1138646228311,425.21250164185096,427.96421081049533,717100
2024-04-02,427.1160888671875,429.4248869743513,426.4752896914841,427.4836238041541,837900
2024-04-03,422.0838928222656,427.9736547469975,421.7917629314872,426.8145680057163,758600
2024-04-04,427.8699951171875,429.6981794611002,421.37710797397744,424.3078683688776,1398300
2024-04-05,429.1327819824219,429.3118330505185,423.92152163925033,426.3339658889056,892100
2024-04-08,426.3056640625,430.65937126692944,426.201989303127,429.71700940420095,751100
2024-04-09,421.7728576660156,426.0040527440026,420.46296102219424,422.82829823043653,842800
2024-04-10,425.67425537109375,426.5223752687529,417.3155105169199,419.05888565903103,1247700
2024-04-11,426.2491455078125,427.5967161353865,423.07339047640386,425.4764018405003,942800
2024-04-12,424.4397888183594,431.58290803783314,424.16649581829233,427.93594337220065,1251200
2024-04-15,426.9653015136719,432.82679346944013,425.59889406338846,432.5346635917229,2442100
2024-04-16,428.1244812011719,432.40281276637785,427.48368193832516,428.5014202523402,1452300
2024-04-17,429.7641296386719,430.88554259161117,425.6931481189706,430.38609193885185,848300
2024-04-18,429.8018493652344,431.6488706963239,428.08674374992074,428.6238969522888,714900
2024-04-19,437.1334533691406,438.5375635368485,430.9232912823595,431.4133091659326,1388000
2024-04-22,434.7398376464844,442.47665017407746,433.8728807335584,438.4150723590262,1820900
2024-04-23,433.56182861328125,446.2460398590646,431.2813290341598,439.2442694357254,1789500
2024-04-24,432.676025390625,436.963760223201,429.7735348429667,436.0308312121827,1018900
2024-04-25,437.990966796875,438.76371046411197,431.15884295846257,431.55464761392153,927700
2024-04-26,434.7021179199219,439.1406343043664,432.7043153437762,437.16166861264776,858000
2024-04-29,440.6012878417969,440.6955297820203,435.33348835551794,435.3617580617247,951500
2024-04-30,438.13226318359375,441.00648391833386,436.8977715307571,440.15833529452874,711800
2024-05-01,435.11676025390625,438.5752122411254,434.01418420293254,435.94601454926675,994700
2024-05-02,436.5020446777344,436.87898368695875,432.5441131843708,434.52307893105257,1011400
2024-05-03,435.286376953125,436.24757571213263,430.81959087021613,436.24757571213263,910700
2024-05-06,436.106201171875,436.7847028314718,433.6560546922977,436.4643032642456,796300
2024-05-07,439.781494140625,439.904005802805,436.46439023198013,437.25597086613607,723400
2024-05-08,439.2913818359375,441.02532410360345,437.0485561418979,440.55414320178335,599000
2024-05-09,441.39288330078125,441.74155258593925,438.3961507437608,439.21600095666776,594800
2024-05-10,441.85467529296875,443.4943758816404,441.00655529050425,441.9677541254834,482500
2024-05-13,443.4378356933594,445.1246716317116,442.43893432974625,442.79703647115554,634300
2024-05-14,440.25262451171875,443.9560998680045,439.89452238917863,443.9560998680045,565500
2024-05-15,437.3313293457031,440.4599779807417,436.79420488061794,439.40453717822385,803900
2024-05-16,438.0380554199219,441.32691790238357,426.8899271505478,436.878968725217,1130800
2024-05-17,439.3291320800781,440.0830101014359,436.45491101161997,438.98986683944497,677200
2024-05-20,440.15838623046875,441.75098015168106,438.12290982186664,440.8086182460455,735200
2024-05-21,441.3175048828125,442.0808157311466,439.9322317212798,441.02537499066506,558900
2024-05-22,442.63677978515625,442.8158308386688,439.8756664462974,440.5258984282951,548700
2024-05-23,440.15838623046875,442.6085329368418,439.357401617561,441.11018095791366,867000
2024-05-24,440.41290283203125,441.64739479725733,438.64125760476134,440.7144655853127,513700
2024-05-28,432.0541076660156,439.1406590207205,430.8949921399666,438.77312406419134,1150400
2024-05-29,426.6260986328125,429.7170446457094,425.7591129942152,429.69820776000665,1268000
2024-05-30,434.372314453125,436.25703833108065,428.7746822349084,428.7746822349084,1173600
2024-05-31,443.23046875,443.24930563388955,433.0058369333454,434.3345705918944,1651600
2024-06-03,443.6195068359375,446.38974071460456,441.1623364272024,442.1015557895063,990100
2024-06-04,444.84332275390625,446.0481812816067,442.2533184450633,443.5340904428978,845800
2024-06-05,441.3710632324219,444.80540980516736,439.84361573504935,444.3974689586829,915300
2024-06-06,444.5871276855469,445.6971377461715,440.53612224272,441.3709966554113,768100
2024-06-07,446.0196838378906,450.91505996379874,444.5871139715532,444.7673722574832,1042800
2024-06-10,443.4866027832031,446.60788533012953,441.8738035746495,446.60788533012953,900400
2024-06-11,439.06561279296875,442.65175696791437,438.85689418162247,441.7979186314998,908300
2024-06-12,435.5648498535156,439.47358284616695,434.19872588582365,438.59125524384814,1026400
2024-06-13,435.0430908203125,436.1720648759418,432.6238772453965,435.11900429350993,742000
2024-06-14,434.8343811035156,435.0430997303228,431.1343954033039,433.08874756681337,702800
2024-06-17,435.47003173828125,435.64079362705826,432.90848759659684,434.2746406118275,669700
2024-06-18,436.4091796875,437.0732921941125,433.93304584777877,436.2194249848957,657900
2024-06-20,442.4241027832031,443.5151201135923,435.6123305944182,436.40924835624617,1041400
2024-06-21,443.6195068359375,445.7066641913359,439.872067904358,443.1925731517041,3363500
2024-06-24,447.3289489746094,451.29457365203297,443.82818572538696,444.9097065680909,1031500
2024-06-25,444.0653381347656,447.4332670876819,442.7276456033316,446.6743061539977,711200
2024-06-26,443.0407409667969,444.0938304621459,439.93845101226617,443.05023738871625,932100
2024-06-27,443.1735534667969,444.833805881457,441.4468840069493,444.833805881457,871000
2024-06-28,443.14508056640625,447.5566024952546,441.0294342694945,445.9437743286847,3472500
2024-07-01,442.5189514160156,447.4902123966539,440.92511599584986,446.62687763927113,562500
2024-07-02,441.81695556640625,442.7372110420196,440.22309103319895,441.72207819677953,502500
2024-07-03,442.1300048828125,442.5474421337984,440.3274507276501,441.61769026523757,313300
2024-07-05,438.4584655761719,441.1528147770687,436.11513656323433,441.13385088535694,631400
2024-07-08,438.0789489746094,440.7448376420035,437.4717570597916,438.95175116152984,447700
2024-07-09,436.69378662109375,438.8948137996073,436.18150103407135,438.02201164597454,537100
2024-07-10,437.367431640625,437.7279482369807,433.80025136405976,436.76023969886694,656000
2024-07-11,436.7697448730469,441.88330751420557,432.7187102462461,436.33334375147905,1132900
2024-07-12,439.9479675292969,441.0579487493444,435.9633497769295,438.64820262472193,579400
2024-07-15,440.09027099609375,443.28743847209483,439.0466778705055,442.7751238554411,783000
2024-07-16,444.5492248535156,445.12795653123527,439.9669404020169,439.9669404020169,736400
2024-07-17,451.6550598144531,452.32863980936486,445.61174584506097,445.89634895488183,1123100
2024-07-18,451.5886535644531,456.1993977687705,448.76147047848,450.16558007632983,981100
2024-07-19,450.5641174316406,454.9471797656326,448.56231205185793,454.9471797656326,889400
2024-07-22,450.2509765625,451.71200683413684,448.60022052406305,450.6399534703224,881600
2024-07-23,475.5816955566406,476.03706055748074,458.0968434150871,463.7701736547629,2579100
2024-07-24,488.7783203125,492.94319596306246,475.6955232356758,479.1014089856495,2580100
2024-07-25,494.6603698730469,499.6790548847455,486.56779747287896,488.588566467563,1923900
2024-07-26,497.885986328125,501.5290800837136,493.34165898417143,495.5047006632625,1141300
2024-07-29,500.580322265625,502.30699163790575,492.63008075935716,496.17826790365694,961200
2024-07-30,510.0864562988281,510.84547518062726,498.104230315321,500.8744639378532,1234200
2024-07-31,514.1279907226562,518.9474826432395,510.57980330539993,515.1526198816802,1481500
2024-08-01,520.712158203125,520.958833584508,512.9611660609211,516.1393409394632,1271700
2024-08-02,520.6268310546875,532.3434489894674,513.6253032405609,522.8562902066426,1484800
2024-08-05,517.41064453125,533.7475033462841,510.63679960086165,524.7916235856499,1683800
2024-08-06,513.7864379882812,521.3002496189067,513.387993634197,517.9797448898541,1033700
2024-08-07,520.3800048828125,523.8522785130348,509.2136037012556,512.1830881722814,1306600
2024-08-08,523.33056640625,525.2849184940588,515.8072576151458,517.5339271925322,846300
2024-08-09,523.2926025390625,525.2184652277637,520.0195219149056,523.842815932972,825100
2024-08-12,528.3492431640625,528.9659315405856,522.1731525019414,522.8087758173494,793700
2024-08-13,530.7305297851562,530.9867015581543,523.9851749396439,528.3398055555514,793600
2024-08-14,534.3355712890625,535.2842868870233,528.4345880641488,529.4592171233478,796700
2024-08-15,531.5559692382812,535.1516392775904,530.1708811917038,532.9885394001678,974600
2024-08-16,531.404052734375,533.5765905270214,528.4345683909091,532.5140337292639,912000
2024-08-19,529.75341796875,533.8993012924236,526.7744365241606,526.840853577322,709700
2024-08-20,528.4441528320312,530.2372394412897,522.7044343030146,529.3548828646611,972200
2024-08-21,525.36083984375,531.2713204013077,524.9339061777997,529.7439019501433,883100
2024-08-22,528.4631958007812,529.5541842400181,524.8960150879344,525.7593209974181,774500
2024-08-23,526.5467529296875,530.2087819335962,524.4311352754892,529.383403839581,870400
2024-08-26,529.4782104492188,531.4136275416939,527.5902754658816,527.5902754658816,795400
2024-08-27,531.6697998046875,533.3585417351812,528.4536972274844,530.7590696893808,749600
2024-08-28,535.0565795898438,539.5629784711292,532.9694516951448,533.3678960144052,829300
2024-08-29,537.7794799804688,539.4113011211624,534.1269476390802,535.0756633542472,662300
2024-08-30,538.9654541015625,539.904731438296,533.7000926869447,535.9959688428011,1082800
2024-09-03,541.1309814453125,545.6911557663065,539.1943805241477,541.2359663053762,1266900
2024-09-04,548.3433227539062,552.1115979894797,542.5619933826592,543.153530376883,941700
2024-09-05,542.43798828125,549.4308063552563,538.4501942314523,548.7439503757654,841000
2024-09-06,540.568115234375,545.7960464910793,538.9653930584775,542.8767921300031,976700
2024-09-09,550.0509643554688,551.4151852485829,541.3790286419343,541.4076767566388,810200
2024-09-10,545.8724365234375,551.2720823017276,544.1838280715335,550.9954416550036,756400
2024-09-11,540.8829956054688,546.0822791554639,535.2638890657829,544.9279697313822,809200
2024-09-12,542.1326904296875,542.8004476558932,537.9636913119799,539.0130740056212,739400
2024-09-13,543.6972045898438,546.1299649989471,538.5647089876318,540.9210744312793,638800
2024-09-16,546.5687866210938,550.4611451645362,542.8195521864338,547.990245426463,597700
2024-09-17,540.9306640625,541.9800468139608,537.6774727227975,540.5967272031265,739900
2024-09-18,539.48046875,543.3441787196089,536.4181488838004,540.2723094835801,731700
2024-09-19,539.184814453125,541.4267622855377,536.303699247874,540.41546057,917500
2024-09-20,545.6148071289062,547.1221521168342,537.0478564052278,537.1814311493969,3794400
2024-09-23,553.8097534179688,554.9927109456385,544.5654376052898,545.2141543711773,884500
2024-09-24,552.0161743164062,554.4297778094688,549.6502594499347,552.3023643038227,690100
2024-09-25,551.3578491210938,556.9006178233343,550.3275070489846,554.811343797375,844500
2024-09-26,550.8427124023438,555.7367645062614,548.0188356042034,548.5530762711094,746200
2024-09-27,555.5746459960938,557.2060164130198,548.8680174044841,551.081317219517,848100
2024-09-30,557.6734619140625,558.0455380398661,552.5695556963497,557.2727959012841,974900
2024-10-01,577.9937744140625,583.364830187449,555.1453304047222,559.1617146340417,2356200
2024-10-02,575.4561767578125,581.943403047852,573.7580188782251,577.1161371484063,1192500
2024-10-03,577.95556640625,580.9892966328506,573.3572533273287,576.6390342778179,856600
2024-10-04,577.2973022460938,578.4039229087817,571.7545331062919,575.8948840055865,559800
2024-10-07,577.6884765625,583.4602564902829,576.2193290365942,579.0813455715441,1102200
2024-10-08,580.0830078125,582.6588341978768,575.3511780007755,579.2911669775714,571800
2024-10-09,577.2783203125,579.2149796489085,575.2844811965258,578.8047642242243,543800
2024-10-10,570.0087280273438,579.3579701365921,568.7971224282379,578.2322506514175,853700
2024-10-11,576.3814697265625,576.74399646416,572.4891693247893,572.9566226896194,526000
2024-10-14,582.7732543945312,583.8417357482833,576.0093889441471,578.1272529113771,562300
2024-10-15,577.17333984375,586.3508682917958,575.9521848282538,584.3283812467716,849600
2024-10-16,584.6431884765625,584.8149024738156,574.9027716659506,575.2652984027758,549200
2024-10-17,581.5807495117188,586.2172016393009,579.3102120708962,584.6431277141392,617500
2024-10-18,583.6700439453125,585.1582900465734,580.5027390163996,583.2693779793992,864100
2024-10-21,586.3413696289062,590.4817795657968,583.2408514194536,587.3240233492849,1017500
2024-10-22,550.442138671875,580.3597988789601,547.5992205846884,578.9860284703292,2259200
2024-10-23,544.8324584960938,555.4028545901309,544.7370812476181,550.4802123658436,1402200
2024-10-24,538.259521484375,547.5324279832953,538.2308733669418,544.4795984123518,1102800
2024-10-25,536.4276733398438,543.7639771667291,535.2924045890974,540.6348697452613,1077600
2024-10-28,529.63525390625,537.2577490640556,528.9960864806745,537.1051337937237,1278700
2024-10-29,521.650146484375,527.9466171263958,521.2780703998278,527.374178943738,1041700
2024-10-30,520.8297119140625,525.905027644111,518.2157464269483,521.7455780627487,1005200
2024-10-31,520.9346923828125,526.3057480138102,517.7101491299192,521.8791485127184,1245300
2024-11-01,520.266845703125,524.0638269659921,519.5704403617781,522.7949834214025,792600
2024-11-04,518.120361328125,523.5677536696038,515.5540842160495,520.600810553213,827600
2024-11-05,521.6024169921875,522.0030829291476,517.0708916502343,519.9329076556785,610100
2024-11-06,526.4393310546875,535.5787202057348,515.1629788633338,535.5787202057348,1751300
2024-11-07,526.4584350585938,531.3810779522122,524.3882011432188,529.4730669003192,818200
2024-11-08,538.59326171875,540.7397737708042,529.2058233908388,529.9213274081902,1165700
2024-11-11,544.3365478515625,549.6503661900266,543.5923955118966,543.9930615720876,1171400
2024-11-12,539.928955078125,549.9173643684724,538.8222761287701,547.9044268077441,1133500
2024-11-13,532.0774536132812,539.0130920321722,530.7418808883325,538.0590865595487,1118300
2024-11-14,514.1994018554688,535.5309503101457,509.2385617379484,535.5309503101457,1972700
2024-11-15,510.2307434082031,517.5860880505888,506.9775522653114,513.1308989702939,1757100
2024-11-18,506.53875732421875,513.2358360230403,504.4208349357282,511.7285493282814,1298400
2024-11-19,508.7330017089844,514.5142729310426,506.77730200474036,512.3773098457491,935700
2024-11-20,510.1353759765625,510.612378757975,504.85975549263634,509.61068456258437,994300
2024-11-21,517.0805053710938,519.627683629135,509.1717628926343,510.5264925612042,1321700
2024-11-22,517.2808837890625,520.8870528737247,515.0866825745478,519.9330472823809,1311000
2024-11-25,497.8859558105469,509.5915639695737,491.2174665287725,508.46584444105093,3613500
2024-11-26,497.4661865234375,499.9561269382981,495.50093749528264,495.50093749528264,1345800
2024-11-27,501.5683898925781,505.61336388214676,499.1070394072747,499.46001678282556,890400
2024-11-29,505.0600280761719,505.1268154487736,500.4617727890261,503.4955033033427,658200
2024-12-02,499.5209045410156,505.71278922667193,498.5224780766946,504.23442666086896,1115600
2024-12-03,496.31451416015625,500.63446641106674,495.59452211833786,499.32889490424725,1188400
2024-12-04,496.7945251464844,499.03131690248847,492.6089853351315,495.4793443277478,1542800
2024-12-05,496.7752990722656,499.73208284884544,493.44416395810055,496.7177020516292,1113400
2024-12-06,492.50335693359375,496.73688412233423,489.21057124733517,495.08567199680454,1284700
2024-12-09,489.604248046875,495.70015785715043,488.20264230117056,490.7370286113039,1170500
2024-12-10,492.4169921875,494.0201581673606,487.77064675224636,488.7882332283342,1178900
2024-12-11,484.0650329589844,493.434538631633,483.1722498716207,493.24252903805876,1308000
2024-12-12,476.7115173339844,481.05068811691297,469.15640553895935,479.9946939309546,1862800
2024-12-13,474.8587646484375,479.2459233650855,472.4875895896773,475.74196781258297,990100
2024-12-16,471.9787902832031,475.0027510827942,470.5388061599167,475.0027510827942,1483700
2024-12-17,470.98040771484375,473.27479655154656,468.2444612328733,469.4924357931913,1354500
2024-12-18,463.6172790527344,470.62518989173134,463.10848584712556,469.91480711695147,1424400
2024-12-19,460.468505859375,464.63485621980954,458.2125249750307,460.7948987303896,1250400
2024-12-20,469.4540100097656,469.4540100097656,458.65412916386794,460.26693363556797,3973500
2024-12-23,467.0252380371094,469.29082827571995,462.5516838772346,467.9276304249604,1053900
2024-12-24,468.5996398925781,469.1756394034221,464.6444881728293,466.61245476361483,375900
2024-12-26,470.3756103515625,473.72596393702935,466.8140286325593,468.4748208186955,662100
2024-12-27,469.4060363769531,473.658782553459,466.9196672496755,468.8396461244739,820600
2024-12-30,464.0300598144531,467.0828189978082,462.5708865102424,466.5548365598279,887600
2024-12-31,466.4972839355469,467.0636742054878,462.71492309186004,464.9997027107581,731900
2025-01-02,462.954833984375,470.12595513521734,462.15805576608057,466.4971967996434,953700
2025-01-03,462.5420837402344,464.55806726981353,461.6684899008651,462.1580938528266,817200
2025-01-06,447.3550720214844,460.7949239706277,447.2206594396479,459.5949371894542,1698600
2025-01-07,445.39666748046875,454.4781881687048,444.4174888531665,447.0862581753129,1276600
2025-01-08,450.0910339355469,450.44622532443054,442.7854994016491,444.95508481035654,998700
2025-01-10,449.3230285644531,452.72139925568774,447.0958754138368,449.27504081290147,1127400
2025-01-13,463.8284606933594,465.42204653967457,450.04299830899015,450.2350078987824,1435200
2025-01-14,465.0764465332031,465.78685859560164,458.84612483589905,465.5948490011046,1162000
2025-01-15,464.6060791015625,468.24444719333724,461.1501113426573,468.24444719333724,882200
2025-01-16,467.38043212890625,467.5148447092374,462.23490293120705,462.52288803684246,956400
2025-01-17,470.7019958496094,472.3627587131631,464.8172563125589,468.033226567655,1337600
2025-01-21,486.0330505371094,489.1625961174569,474.9259659420797,475.1947618071995,1615900
2025-01-22,479.3611145019531,485.3034513683043,475.3675549905464,483.1050673887243,1324800
2025-01-23,477.3835144042969,485.7546229117125,474.2155611908842,483.37383871906286,913000
2025-01-24,477.07635498046875,477.3931679090969,474.8107939117916,475.19478383740005,759400
2025-01-27,483.5370788574219,486.8202263054629,476.903548373443,480.0811110464163,1948600
2025-01-28,439.14715576171875,460.5357180815612,438.9743354070892,454.74698326352296,4023900
2025-01-29,436.18072509765625,443.98544280863337,431.4191863638257,441.59507882207896,2396800
2025-01-30,441.2591247558594,441.4895421350314,433.2624258916932,438.31195024728333,1911800
2025-01-31,444.4270935058594,445.65587873574196,438.85913754502366,441.5951131269683,1473800
2025-02-03,437.1983642578125,442.8718755559862,435.43195806642314,440.44310366351345,1476300
2025-02-04,435.5279541015625,437.18874619645914,433.2047963189042,435.83515771967336,1234200
2025-02-05,431.87042236328125,438.81115620249483,430.81442817455184,438.71515140414647,1139700
2025-02-06,430.5744323730469,434.07841709776073,426.84008886526203,431.995227222671,1291800
2025-02-07,426.60968017578125,433.43519037380895,426.02407143963063,431.89920155857845,1347400
2025-02-10,430.2864685058594,430.97766207538444,423.0769384275617,427.00329172647724,1427800
2025-02-11,431.38079833984375,433.72317468717586,427.19525885475684,429.9792220980958,906100
2025-02-12,424.28656005859375,431.16969765713003,423.40335682900127,429.36491271150305,1282800
2025-02-13,417.32659912109375,427.48327422817914,414.7250360128419,424.79531558827523,2400000
2025-02-14,406.2579345703125,417.74900937045567,402.9075807904307,416.20341113361394,3252800
2025-02-18,411.3938903808594,415.60822886569923,406.55553531130965,412.4978723978368,2812500
2025-02-19,415.6274108886719,420.4753455052144,408.55226459835137,413.7554198921174,2802100
2025-02-20,418.8337707519531,420.4753443728403,412.13303439760944,412.39222098094405,1358000
2025-02-21,423.0865173339844,425.97609471951773,418.238582722466,418.9297762423874,1652400
2025-02-24,422.654541015625,430.3440658197237,420.99377803102186,424.31533329678086,1946200
2025-02-25,430.516845703125,433.59843282491425,423.3553328560326,424.0753249187129,1715500
2025-02-26,423.8352966308594,430.0752273853341,421.7617161260941,427.9920376122044,1466900
2025-02-27,428.59686279296875,429.19205153834207,423.7873357816625,424.4977185685207,1458100
2025-02-28,432.3504333496094,432.76322177185494,427.22409332739807,429.11527366957125,1433600
2025-03-03,437.0600891113281,439.46809758113244,434.0524690609643,437.9594622129657,1579400
2025-03-04,434.04278564453125,448.4715340033693,433.7236342371774,435.9382451541762,2268700
2025-03-05,445.26092529296875,448.22017403237555,434.57472305595286,436.27678542055907,2060100
2025-03-06,446.30535888671875,448.23950995448354,438.4817213591467,446.1312923736927,1395800
2025-03-07,458.0552978515625,461.76886417472775,442.9205724044933,442.9205724044933,2168700
2025-03-10,463.3935546875,477.9286974679602,458.10365081460486,459.80568353174954,2284400
2025-03-11,453.4423828125,462.8907001906713,451.1794295959498,461.0145712866179,1456900
2025-03-12,446.30535888671875,451.4502078100458,440.9864434503657,449.8255279961962,1271500
2025-03-13,452.52362060546875,453.10387179389045,444.7193144275606,444.9030611291075,1159200
2025-03-14,450.82159423828125,453.5584048898302,446.7501851754473,450.5798253657387,972400
2025-03-17,452.214111328125,456.72068621074277,447.5914921201453,448.5682477132737,1051600
2025-03-18,453.8291931152344,456.1018264611016,450.067284736588,452.70738198466154,881600
2025-03-19,455.0573425292969,460.0281245230449,451.40179849806924,455.7149762669574,1122700
2025-03-20,451.3728332519531,454.4287955348006,448.92613328831436,453.7131690711224,922000
2025-03-21,425.2231140136719,465.64685857042815,418.2698387282004,462.3491275362124,7141700
2025-03-24,420.65850830078125,421.4224766905454,410.33011961241573,411.6163465444524,3015400
2025-03-25,427.51507568359375,429.3912045247795,418.7436937680134,422.3895577981515,1600200
2025-03-26,430.51300048828125,436.34446439895004,428.4144337302005,429.6522891527916,1349700
2025-03-27,427.7181396484375,433.3852172752282,425.7259665321449,431.3446726775335,1559300
2025-03-28,426.9541320800781,431.08356315044506,425.0876835398255,427.6697879836325,1595700
2025-03-31,432.0022888183594,436.2090731505642,426.22884689647327,427.03153608952863,1690000
2025-04-01,433.8687744140625,436.39282734903855,429.84573671901484,433.2498319166078,1042400
2025-04-02,437.95947265625,440.90907060992623,430.3582734671419,431.5284265470505,1270300
2025-04-03,439.80657958984375,446.6728213063569,435.9576086075547,438.57840437167465,1813800
2025-04-04,417.92169189453125,439.9516716831681,417.90236100819305,435.1839963176938,2392700
2025-04-07,416.63543701171875,424.4590735707416,405.08855420561787,408.29925166370276,1968100
2025-04-08,428.7625732421875,436.5282177258866,423.0278226941443,433.6753332374959,2151500
2025-04-09,447.02093505859375,452.91042085597564,421.0453033062922,424.7878804794186,2291600
2025-04-10,448.43292236328125,453.6551241747904,435.55146958550375,444.8547311985201,1832600
2025-04-11,459.26416015625,462.4361666924633,445.16421201082943,449.04216479092497,1452300
2025-04-14,459.6896667480469,462.9873977597886,452.1948315884889,457.2332867031362,1079600
2025-04-15,454.11932373046875,459.689688341917,452.59135734728034,458.6549104204647,1224300
2025-04-16,461.3723449707031,466.9233781497232,458.90631436618844,461.6141138343928,1529700
2025-04-17,448.8003845214844,454.2063625313314,433.6269970962784,446.440747456064,3052800
2025-04-21,443.2396545410156,447.9783476053176,437.8820780809437,444.13905709161605,1532900
2025-04-22,446.8662414550781,455.2701300502821,427.7858604122745,442.9689283060454,2878000
2025-04-23,448.287841796875,455.8697397824647,442.58210217845226,451.62426411850316,1352700
2025-04-24,451.44049072265625,452.1948083969358,445.0094448503905,450.43472398601654,1105000
2025-04-25,461.9139404296875,462.7069198832517,452.49460530820886,454.51578949360265,1521700
2025-04-28,460.6083984375,467.861464691892,458.6742474363288,463.52895582465976,1159700
2025-04-29,460.2118835449219,463.5192651550444,457.76518376422126,460.30859699535614,897100
2025-04-30,462.0202941894531,462.85196490662224,455.6182594608802,462.5231627966158,1095000
2025-05-01,461.9913330078125,463.6643843342162,457.42673523049706,460.32796188100764,986400
2025-05-02,457.2332458496094,474.9017326256013,452.1174381373329,468.78980890044414,2090500
2025-05-05,456.03411865234375,458.86764277329445,453.8872098701486,458.3937852242268,1150200
2025-05-06,452.7944030761719,455.64728755264144,448.2007945375592,454.30303846677634,1135400
2025-05-07,455.802001953125,459.2641190312177,451.68225114828374,452.9781286920525,1204400
2025-05-08,458.9063415527344,463.2291702721115,456.19854192411447,457.42671719980945,1093100
2025-05-09,457.9295654296875,460.93718548475954,452.66867251760885,459.6219475003393,978800
2025-05-12,457.58148193359375,460.02818195422265,450.44445947857236,457.9102840870722,1364500
2025-05-13,444.6903381347656,457.24298942558374,444.02308315559867,457.24298942558374,1859400
2025-05-14,434.3909606933594,446.59544863202296,430.4066144041451,445.6670644269638,2129700
2025-05-15,449.82550048828125,450.08660024185343,440.0483520919689,443.85863182348197,1758700
2025-05-16,452.9007873535156,453.06517365485314,447.42713669818824,450.8602427824599,1319200
2025-05-19,457.4847106933594,458.8192795383835,452.3785534903109,453.954891198193,1199700
2025-05-20,460.15386962890625,461.3917250833794,455.3861945162935,455.7149966434252,1058500
2025-05-21,454.7962341308594,465.09558160515166,454.5737961563287,465.00854835758753,1435100
2025-05-22,454.960693359375,457.30099960691314,451.74031532816525,453.3553444434523,885000
2025-05-23,453.4423828125,454.0903068955515,450.2316849444496,452.5526603322342,866700
2025-05-27,461.14996337890625,461.14996337890625,453.2296125818303,455.2991388289643,1548000
2025-05-28,454.5061340332031,463.20981314864923,453.55838946046845,461.8172221291538,956500
2025-05-29,458.0939636230469,458.9353145266147,449.99954698141164,452.52359969211506,851000
2025-05-30,466.4978942871094,466.4978942871094,455.5505923122989,458.074674767387,2196300
2025-06-02,466.24468994140625,467.13079404899514,461.551271149334,465.6993996776732,1154200
2025-06-03,467.55926513671875,468.49404424978684,464.0245953989427,466.41997987697,1032300
2025-06-04,469.545654296875,474.0735248621713,469.0393218152211,469.33143099385,1273700
2025-06-05,465.4754333496094,472.38897104862025,459.36036701341095,471.64892152054125,1063100
2025-06-06,469.0393371582031,469.3022354275689,464.44329772885294,465.26123317186114,714400
2025-06-09,468.2018737792969,470.1590943455289,464.102449985215,467.66633040135696,1064100
2025-06-10,464.3751220703125,469.0003723493317,463.14823378218887,467.39371240615395,1150400
2025-06-11,444.6082458496094,451.9599470847092,431.7646545884735,451.9599470847092,3618200
2025-06-12,456.94549560546875,456.94549560546875,444.5108863286358,445.29961082522846,1700600
2025-06-13,473.67431640625,475.47570585850116,460.9183573553957,466.3907538576848,2729700
2025-06-16,454.7935485839844,470.052018695769,452.320248567676,469.3509269476852,2766600
2025-06-17,466.7510681152344,468.9322293837492,455.2220261420806,458.3964181222962,2191200
2025-06-18,456.2930908203125,469.69168958031275,455.66988497673145,465.88440467227866,1871200
2025-06-20,458.20166015625,461.8531737453795,448.99983402520627,456.6826328804596,2419400
2025-06-23,460.05169677734375,469.70143237883246,456.22491814737464,460.50935427847094,2666400
2025-06-24,448.1137390136719,456.3905027698246,445.6599029759016,455.5628204509909,1970200
2025-06-25,446.35125732421875,452.67080009034316,444.5108803794062,452.01838331350143,1265500
2025-06-26,445.8741149902344,451.88208466317315,444.64722671852155,447.2470875679936,1590100
2025-06-27,446.5459899902344,447.12049118061765,439.60324131613373,443.673484038318,1996400
2025-06-30,450.9765319824219,451.63866595702575,445.85466626737264,447.38344036563456,1205600
2025-07-01,453.70294189453125,457.1110208066452,447.91894273497076,450.84015323106837,1242800
2025-07-02,450.4019775390625,454.66694978619716,446.56545189221197,453.76138162854284,1127300
2025-07-03,450.3727722167969,453.12846423540964,448.86349193528906,451.5315214843124,707900
2025-07-07,456.7409973144531,458.1918556890307,449.25295867820233,452.3007597254368,1224100
2025-07-08,450.8499450683594,454.3651211188154,448.5519104632304,452.0086943913185,1243000
2025-07-09,450.8985595703125,453.75160125827256,448.12340375115934,453.15763607486514,892700
2025-07-10,452.11578369140625,454.22880586766723,444.02403232177704,446.6336401167183,1253300
2025-07-11,455.23175048828125,455.9133484929084,449.6911851151836,452.5442271182466,1209200
2025-07-14,461.132568359375,462.2913175911098,455.70884695921666,457.65632066417055,1488000
2025-07-15,457.7731628417969,461.49284473801265,456.20546077813543,460.85992172918094,1039500
2025-07-16,459.0877380371094,460.1880654901352,454.1606316938986,457.33502350123456,935000
2025-07-17,456.8773498535156,461.9407637319361,455.4264617148369,458.143195894098,926200
2025-07-18,451.77496337890625,458.8345558972715,448.86349955979193,456.896828977242,1845300
2025-07-21,448.4350280761719,455.0856376529904,448.4350280761719,452.4371019618187,1577800
2025-07-22,399.95269775390625,425.9612325910772,399.33923873245766,411.6472878109191,8886500
2025-07-23,408.3755187988281,412.2509725100889,400.2058522232956,402.89337548460117,4578600
2025-07-24,409.5050354003906,415.66880652796857,409.0960825494022,409.94322888539836,3083900
2025-07-25,410.1087951660156,414.49061134335307,407.5186513708139,410.46907307491074,2461800
2025-07-28,410.2742919921875,417.59678260591755,410.1087733641881,414.7145297718875,2423700
2025-07-29,409.0960693359375,412.5236123651494,406.389082069731,411.63750826183957,2428800
2025-07-30,407.6841125488281,411.6959033734181,406.19429644715103,409.0960427822995,1632100
2025-07-31,409.92376708984375,411.4817223426421,401.7151425141062,406.17487411610284,2178000
2025-08-01,409.9529724121094,412.8254783718272,406.0482780231691,409.70953819267106,2006300
2025-08-04,412.57232666015625,413.4486839062143,407.9957514519438,408.9694883289174,1548200
2025-08-05,416.9930725097656,418.7750276434319,410.780626452929,412.2120208569841,1643900
2025-08-06,423.429443359375,425.1529467566197,416.42827355648797,416.5353703382199,2032300
2025-08-07,419.4371643066406,423.42949148876136,416.8080628238536,419.1255613707668,1490000
2025-08-08,414.4516296386719,422.20256682031004,412.77680102996703,419.8656042704196,1477600
2025-08-11,415.0650634765625,416.5840905277677,412.9812524327283,414.8118823959985,1462100
2025-08-12,420.2258605957031,420.25507151172445,413.83814941959605,414.73400037106614,1492100
2025-08-13,430.9467468261719,431.8036400524708,420.0895863378844,421.16067315466614,1890600
2025-08-14,425.8345947265625,432.2417699492356,423.41971670682096,424.58821278129676,1733600
2025-08-15,426.06829833984375,429.83665523572927,424.99718184998324,426.34094347216364,1501700
2025-08-18,429.0674133300781,432.1151846627658,427.5873143222634,428.9797508647502,1154400
2025-08-19,429.51531982421875,432.8260190888798,427.08097775960186,428.3078659532278,1248100
2025-08-20,434.2866516113281,435.3382743742305,428.5805677171095,428.5805677171095,1282800
2025-08-21,435.45513916015625,436.7112383240142,433.02079699069225,433.3031592867646,1026000
2025-08-22,434.48138427734375,440.6743362359564,433.1765507784537,438.17182545764786,1890300
2025-08-25,435.96142578125,436.96437346094024,433.41024021054795,435.3285028269754,985200
2025-08-26,443.4981994628906,444.38430360644185,435.26039362222406,438.68793680709365,2051500
2025-08-27,442.5341796875,447.4028638525588,442.07652218734086,444.87114214351027,1293900
2025-08-28,444.1992492675781,444.5595271314172,438.53209392175575,441.94991962179824,1385800
2025-08-29,443.66375732421875,447.82160327210806,442.93345463469603,445.50410464944787,1373200
2025-09-02,443.83050537109375,447.03784432467586,439.01457298053475,445.1055865625403,1645600
2025-09-03,440.4564208984375,443.3400955962834,438.1318327085777,442.4279207250783,1541800
2025-09-04,448.09716796875,448.41104423841387,440.88798141837896,442.3200007409985,1449200
2025-09-05,455.0120544433594,455.0905384720712,448.0186545455279,448.0186545455279,1465200
2025-09-08,450.3138122558594,454.0606313534597,444.09528508002916,454.0606313534597,1477600
2025-09-09,448.3031005859375,449.0975792515925,443.75201476866005,448.8425510611253,1008400
2025-09-10,454.982666015625,455.48290445592215,446.97900063531546,447.46942108803376,1076900
2025-09-11,461.71124267578125,463.34923019877766,454.1195138369238,454.96305256696945,1623700
2025-09-12,462.2801208496094,463.91813831835094,458.21945510043605,459.9457147250874,1041100
2025-09-15,464.18292236328125,465.20300520673527,460.0045308528662,462.43702688482995,1148300
2025-09-16,465.232421875,469.2734812376343,462.63319970562463,464.51639730525704,1156900
2025-09-17,464.055419921875,468.04744938040085,463.58463546913816,465.83073947247385,1016500
2025-09-18,464.54583740234375,465.2716500509677,459.02369864167275,462.09373528360084,1107700
2025-09-19,463.87890625,467.8611179832768,462.348796812233,465.14419941569207,2839100
2025-09-22,471.1861572265625,472.83396269489526,463.94754685788007,464.5949054203439,1409800
2025-09-23,477.3458251953125,477.45370332002216,470.1562450693392,471.68635438646106,1135500
2025-09-24,476.9338684082031,485.75161816539065,476.20805574997223,477.8166191960572,1424200
2025-09-25,475.0604553222656,481.33783079716346,474.7858210806416,480.20005181532457,1205700
2025-09-26,478.10107421875,481.3476550912653,475.28606572199686,478.56207062318293,913900
2025-09-29,482.5541076660156,489.42978189110636,479.8469772544964,487.47791811540594,1391100
2025-09-30,489.64556884765625,490.31256339712735,481.730205670414,483.142589003753,1312700
2025-10-01,489.4395751953125,494.4124453977228,485.51621186709355,486.6638088110678,1187000
2025-10-02,489.7926940917969,493.9514798335943,487.48774193894076,489.67499797386756,915500
2025-10-03,494.82440185546875,497.099959862028,489.6848052655572,489.8515613842405,1006500
2025-10-06,504.3876037597656,505.5548067997618,496.9234190424859,496.9234190424859,1389700
2025-10-07,501.2783203125,506.0942223521372,499.38530473172597,504.34835683927827,922400
2025-10-08,504.17181396484375,506.11385961795855,501.4254417281154,505.3782290080488,798400
2025-10-09,498.0317687988281,505.31940926541336,494.1574353964147,504.04432810995183,1186000
2025-10-10,495.3736572265625,503.612744278065,490.95008536611385,499.08123442658376,1313800
2025-10-13,494.177001953125,497.7080347829725,490.4203948986708,492.6763167420505,926700
2025-10-14,495.50115966796875,497.2862971493206,489.4395705670828,491.6464624183372,1078000
2025-10-15,489.84173583984375,495.3246326368877,476.17862988981227,493.36295092347433,1678500
2025-10-16,483.79974365234375,491.70531841703945,482.5736926040611,491.1462319551297,1099700
2025-10-17,485.6633605957031,487.1640459597748,478.7484442957997,481.0828504027753,1915500
2025-10-20,496.2073974609375,496.2073974609375,486.91883308780075,486.91883308780075,1433300
2025-10-21,480.1216125488281,496.893997645896,473.461694567606,473.461694567606,2870000
2025-10-22,477.8067932128906,482.975813361455,473.29491962626537,482.0538206311621,1725700
2025-10-23,478.6993408203125,484.51574951760045,477.19865559251986,478.7680068602558,1445700
2025-10-24,476.1099548339844,482.3971481984148,474.80541975684014,480.8866449264693,1368400
2025-10-27,477.5812072753906,477.9735376168275,470.67607952113315,474.80541099227406,1423200
2025-10-28,476.4630126953125,480.02346949931416,474.3542110147569,477.05152314713575,1220600
2025-10-29,476.0314636230469,479.45461845088005,474.403294197236,475.7077993218134,971500
2025-10-30,480.3373718261719,484.98654777566577,476.1982223317606,476.2668883736621,1081000
2025-10-31,482.45599365234375,484.1528291361296,476.7376748344019,479.631167264469,1185000
2025-11-03,478.59149169921875,482.0931007538692,475.46260696068964,481.5928623366655,846600
2025-11-04,475.6882019042969,479.14075088921504,471.78444458078286,475.1781455098645,1169300
2025-11-05,464.0750732421875,476.5415525777087,464.0750732421875,473.7657560955157,1708000
2025-11-06,459.9359130859375,465.09511569829596,457.179722708044,464.0456087854309,1093600
2025-11-07,449.56842041015625,460.41651807775884,447.4596185184515,459.9162796536886,2514500
2025-11-10,443.43817138671875,448.34237582600366,439.8875321619386,447.2634448627833,1630100
2025-11-11,448.3129577636719,452.92289203822423,442.3592463112436,443.11448302910577,1322100
2025-11-12,448.28350830078125,450.9611846513049,446.4983707785074,447.40075752662085,935400
2025-11-13,447.1163024902344,452.0793547414486,446.3806718609095,449.2349222946365,819600
2025-11-14,456.84625244140625,457.4543989393378,445.3017658943894,447.11632753494206,1177300
2025-11-17,461.76025390625,462.56455058669104,455.8163607532205,458.32731093317875,1822400
2025-11-18,465.624755859375,475.70779830447185,462.17220694442705,466.1151762699982,1242100
2025-11-19,460.90692138671875,463.3688414665404,459.3277520737731,462.9568751444586,861300
2025-11-20,459.2885437011719,468.2828374882462,456.11059900871146,464.80086446132543,1044900
2025-11-21,451.95184326171875,460.40668655448485,451.1475465851039,459.6220258518134,1575300
2025-11-24,442.4180908203125,452.3540138560771,441.4372499272718,450.6277243058011,1411200
2025-11-25,443.7422180175781,445.33117542492874,439.8875206133923,442.41807686715674,1615900
2025-11-26,445.45867919921875,448.4992917878363,444.3012941926576,444.61514051226123,1299800
2025-11-28,449.0877685546875,449.0877685546875,443.93835419146956,445.83139974446544,748000
2025-12-01,434.0460510253906,448.7715308293948,433.36413014097747,447.9710202538046,1659200
2025-12-02,436.645263671875,437.56436396248597,432.1287818014613,435.81510565195424,1535600
2025-12-03,441.56689453125,443.2173481195609,433.9076655113001,438.21661519805673,1751500
2025-12-04,443.0987548828125,444.264927021302,440.21294179826566,442.93073271906337,1283700
2025-12-05,446.9036865234375,447.5164200396205,441.18149259624425,442.5354418484833,1290500
2025-12-08,459.9293212890625,460.10720583145905,446.1921286902056,448.1884589285522,1390700
2025-12-09,461.421630859375,467.27227680030563,459.55375274232676,460.8187597155127,1102300
2025-12-10,462.4593200683594,467.53910284802674,450.54057355839046,459.76128395704285,2313600
2025-12-11,469.3180236816406,474.0815771862604,464.781787184304,464.781787184304,1294000
2025-12-12,474.6251525878906,475.20823869283106,465.27595969284306,470.0889158106929,1384300
2025-12-15,478.7463073730469,479.09218391570397,471.6503792623343,473.3798826161998,1002300
2025-12-16,471.47247314453125,474.17050911070504,468.3099408067483,473.99259442359886,1262400
2025-12-17,469.2290954589844,471.3045055280186,456.8359600503126,465.4834768711677,1989200
2025-12-18,464.633544921875,470.6225653416171,463.50688258541663,466.87694690744047,1363900
2025-12-19,468.5768127441406,470.14818643618906,459.435152285519,460.878043761715,2826500
2025-12-22,477.90625,479.3392489479902,469.39707793775784,469.39707793775784,1120600
2025-12-23,476.8981628417969,479.2700771777121,475.36632914664995,478.33119190640036,864000
2025-12-24,480.0606994628906,485.4270938674484,478.77593765293534,479.3194837663448,581600
2025-12-26,477.37255859375,481.35535641844916,475.5442205002958,479.5171559578853,605700
2025-12-29,483.1441650390625,483.69760369468264,477.62953337765276,478.16318697833634,933400
2025-12-30,482.28436279296875,485.9410390831209,482.22506794805986,483.60866459617466,996400
2025-12-31,478.0050964355469,483.9446846471024,477.8568291613295,483.27265628987857,669900
