Price,Close,High,Low,Open,Volume
Ticker,LOW,LOW,LOW,LOW,LOW
Date,,,,,
2021-01-04,144.04042053222656,144.93854009917305,141.12153193965048,144.39068661516703,7243400
2021-01-05,144.525390625,145.56721255080427,142.90877275809964,143.1961775807558,3911900
2021-01-06,146.45632934570312,148.32440553862747,141.9028576518889,142.23515742686453,4937000
2021-01-07,147.0311737060547,148.04603959013113,146.20489156960872,146.7976538267128,4144100
2021-01-08,148.23460388183594,149.3123443786132,146.4293751881254,147.05806970677492,4971200
2021-01-11,149.37522888183594,150.3451857981257,147.5610238117692,148.10887720749264,3005200
2021-01-12,151.77320861816406,152.89585791460652,148.33340952935862,149.34827517447636,4036900
2021-01-13,152.52761840820312,154.19812103009528,151.97976502940477,152.79705696738853,3291800
2021-01-14,153.0305938720703,154.9974779344576,152.65338529498766,152.9946751189174,4090900
2021-01-15,153.8837890625,154.48552747212923,150.88407327567398,151.3241567562457,3727200
2021-01-19,153.9018096923828,156.65070290117256,153.79366102593,155.8305388409089,4683100
2021-01-20,155.37088012695312,156.867000730869,152.90138035009338,154.3344188213669,3899800
2021-01-21,155.32583618164062,157.78632851219112,155.25373248215888,156.45243070034067,5322600
2021-01-22,155.37989807128906,156.93009310503027,154.14515497846406,154.92025249533467,3612300
2021-01-25,156.91207885742188,157.85840718363505,154.51468259230188,155.83955875184853,4764100
2021-01-26,156.5515594482422,157.63308735199007,155.92066931708706,157.083308719332,2496200
2021-01-27,151.1529541015625,154.89324276559725,150.54908727885973,154.1541900884839,4762700
2021-01-28,155.32583618164062,156.57860873634007,151.1979922148388,152.21643806050344,3816600
2021-01-29,150.37786865234375,154.83918099086682,150.06241662994864,154.61386204697803,4400500
2021-02-01,147.2413787841797,151.58553343545904,146.13281373408225,150.62116201820993,3898500
2021-02-02,150.20657348632812,151.22500541822572,147.30446536586868,147.70102877398696,3181900
2021-02-03,153.10870361328125,153.41513401728088,149.7108907443023,149.84607658360383,2996500
2021-02-04,155.9477081298828,156.04684899099496,153.04559974355274,153.694519243128,2679800
2021-02-05,157.75022888183594,157.9034440463657,156.09188548088562,157.4347769974464,2562700
2021-02-08,161.48150634765625,161.51756506377384,158.1828351938057,158.6064357177774,3421800
2021-02-09,160.22882080078125,161.74297139218908,159.86831595883461,161.17516320136386,2723800
2021-02-10,159.74208068847656,161.3283206783704,157.84939656504358,161.3283206783704,2837900
2021-02-11,158.3811798095703,160.10261975039012,157.61510369229862,159.51679602821906,2783900
2021-02-12,159.67001342773438,160.12965910436168,158.09278088245023,158.41724069900374,2035500
2021-02-16,156.87603759765625,159.79617565747162,156.75886736227747,158.8678628372205,2947700
2021-02-17,159.6429443359375,159.9493747257532,156.37130965253414,156.68676159946853,2244100
2021-02-18,159.67001342773438,160.47214828638383,158.0387065384207,158.58848529001483,2758700
2021-02-19,160.012451171875,161.41845254738854,159.32748672152724,159.98541400622793,2842000
2021-02-22,155.38888549804688,159.0660905551274,155.1996116245953,158.8227423613669,3767700
2021-02-23,151.94606018066406,154.03702631247896,148.7104838626468,153.89281890634513,5149500
2021-02-24,146.2860107421875,152.86532403717993,144.3032075751358,152.0091151414498,9972300
2021-02-25,142.8701934814453,147.35854153818255,142.35645985476054,147.34953373420248,6639300
2021-02-26,143.97877502441406,146.38517919143862,143.41998856122925,144.5105243201786,6030400
2021-03-01,145.9525604248047,147.3585480405921,144.8890481562135,144.8890481562135,3361100
2021-03-02,146.95297241210938,148.52118297404527,146.36713508813094,146.39417225282827,4330900
2021-03-03,142.66290283203125,146.75470158983384,142.60882849862506,146.1778857795449,5238500
2021-03-04,138.58917236328125,142.6539209403695,135.94842733247245,141.6535043335078,7792700
2021-03-05,142.92430114746094,143.38394680036126,136.15572563909188,139.65266597879335,5143100
2021-03-08,146.8358154296875,148.98085570480472,143.56418068274382,143.9697656945005,4613400
2021-03-09,149.60272216796875,152.51383812338483,148.71045449017362,149.3774032975291,4585200
2021-03-10,151.82888793945312,153.57735098596038,150.02633680697764,150.51301956170158,3394900
2021-03-11,153.892822265625,156.0378627834697,153.54132530073556,153.95591816432653,4989600
2021-03-12,154.61378479003906,154.8661407809079,152.52281943441707,153.28890896179254,3638700
2021-03-15,157.00218200683594,158.0025983151433,155.52409080605833,155.52409080605833,3745200
2021-03-16,158.02066040039062,159.09318061772507,156.79492497377623,156.83999150647622,3737200
2021-03-17,157.21849060058594,158.5523744066078,156.71377855248966,157.55195811399844,3119900
2021-03-18,157.60609436035156,159.19234856599928,155.2988305183665,155.8396014979968,3888100
2021-03-19,161.76998901367188,162.72533910649227,157.03829133508373,157.03829133508373,8525100
2021-03-22,163.9330596923828,165.47424740825193,160.73352775470184,161.82407755688004,4700200
2021-03-23,162.5901336669922,165.6544793528469,162.17555453895883,163.35622352654988,3324400
2021-03-24,162.8424835205078,165.96991123527678,162.8154463502548,163.23904702071923,3555400
2021-03-25,166.8892059326172,167.79048155816614,161.79700414921538,161.96824871844964,4543300
2021-03-26,172.69342041015625,172.90973150769656,167.0424184773319,167.49305628292674,4795200
2021-03-29,169.9986114501953,173.86509175252536,169.25055099831823,173.04492759719773,3970900
2021-03-30,171.2604217529297,172.1616975023364,168.26817966375864,168.43942425652617,3547600
2021-03-31,171.4046173095703,173.2071688282443,170.49433374349556,172.1346622266297,3564200
2021-04-01,172.43203735351562,172.9367494392604,170.96295386992975,172.32387494058966,3192200
2021-04-05,174.6041259765625,175.4513272789793,172.368966238875,172.91874492965346,3507200
2021-04-06,175.02772521972656,175.72171130796644,173.4865515882601,173.8470563405959,2917700
2021-04-07,174.55003356933594,175.52341281055993,173.65776582678726,174.39681837660254,3276300
2021-04-08,175.03675842285156,175.84790104576012,174.2075726830386,175.09083276406204,2684300
2021-04-09,178.91221618652344,179.05642358452909,175.11785357407362,176.1092484925201,3168500
2021-04-12,180.8409423828125,181.1383649790313,178.59677495592146,178.59677495592146,3647900
2021-04-13,180.0028076171875,181.3547213452843,179.37191729455117,180.89507562858734,2964500
2021-04-14,181.62503051757812,184.02241273615064,180.90400741511124,181.20142996059278,3371900
2021-04-15,184.37393188476562,184.8245696255967,180.8048749263396,180.8409198945622,3656300
2021-04-16,187.69061279296875,188.348540021963,185.00481579790397,186.17647663544133,6359800
2021-04-19,183.8692169189453,186.82539957314467,183.4005635425192,185.67176798869482,3828800
2021-04-20,183.29071044921875,184.40254546425976,181.17549429802452,183.8782620621989,3006200
2021-04-21,184.3211669921875,185.24316964994208,183.69745038710025,184.22173371031943,2716600
2021-04-22,181.96197509765625,185.17094458154875,180.09987266956196,184.29412721795987,3713000
2021-04-23,181.62747192382812,182.49525472791626,180.34388715817212,182.40485580082427,3634000
2021-04-26,180.0546417236328,181.62747828376675,179.2501408989263,181.5370931464495,3017000
2021-04-27,179.92807006835938,181.80825449168242,179.59360510059236,180.8500866340042,3453900
2021-04-28,177.2252960205078,180.64216540212573,176.89987923211856,180.5517802788131,4939200
2021-04-29,179.37669372558594,180.27157970058104,178.01174434079073,178.35524372921978,3860200
2021-04-30,177.3970184326172,179.213920509451,176.51116711979103,178.7981186616276,4255500
2021-05-03,180.06369018554688,180.85915669663166,178.8614560423633,179.65692255344808,4629500
2021-05-04,181.05804443359375,181.2297941587784,177.87619181123014,179.61174402535312,4150100
2021-05-05,180.78680419921875,183.58900518148207,179.70208613261116,182.17885652265977,3715300
2021-05-06,186.15618896484375,186.26465664205654,181.17550329441576,181.96193533302733,4525200
2021-05-07,188.3798828125,189.13919802736638,185.035329012452,186.26468008301973,3694800
2021-05-10,191.0102996826172,194.54468508741826,188.47928161339308,189.41033257065635,4476900
2021-05-11,185.6138458251953,189.51884820048411,181.88964132475388,188.02734849064132,4449200
2021-05-12,176.75526428222656,184.3754357639544,176.08636188919118,183.67940265896132,5406600
2021-05-13,181.09414672851562,183.27263112893561,178.61737622532698,178.8252771976303,4494000
2021-05-14,179.80152893066406,182.7935484914444,178.27387814756128,182.33254708182648,3743000
2021-05-17,175.480712890625,179.61168412317713,173.67284487973657,178.6535162842764,5798800
2021-05-18,174.23329162597656,177.17107734729652,173.3022406392703,175.36320921109962,5691500
2021-05-19,172.39833068847656,173.23898286879856,168.47525959442487,171.33168116657527,6797900
2021-05-20,174.82992553710938,176.16774435693077,172.9949401242301,173.33842575793577,4397700
2021-05-21,173.9801788330078,177.05354892907377,172.9496946202856,175.6795791740697,4032700
2021-05-24,172.34405517578125,174.9293068988785,172.20845680361748,174.6762064890316,3396200
2021-05-25,174.4773406982422,174.75755802519882,172.29885649592958,172.8050573179077,4089300
2021-05-26,175.00161743164062,175.58916897926113,174.02536711498183,174.0886353188631,3565600
2021-05-27,175.15525817871094,176.82752745100092,174.97447417534653,175.6704932779463,5126500
2021-05-28,176.1134796142578,178.83431624740814,175.9778812256066,178.0750149255438,3619400
2021-06-01,173.41973876953125,177.26145816657328,173.13950765097334,176.2671252760461,4105600
2021-06-02,172.4435272216797,174.6219981108366,171.8017278855772,173.82654541236965,3997700
2021-06-03,172.0186309814453,172.4977148646531,170.37346459538298,171.74744804173932,3469200
2021-06-04,171.66612243652344,173.00394099726282,170.20173986484158,172.09097255259258,4210500
2021-06-07,171.97341918945312,172.75080287127795,170.42768619906857,171.7022362692005,2913500
2021-06-08,173.01296997070312,174.17905260791173,171.97345134048547,172.79603462829326,3604600
2021-06-09,172.2898406982422,174.0073099284118,172.07289155417195,173.55534288963668,3638900
2021-06-10,170.64468383789062,173.2389703754243,169.35206465351146,172.5339028579556,3905800
2021-06-11,172.47964477539062,173.27511111117053,171.11470939734852,171.63899277384544,3127800
2021-06-14,171.4401092529297,172.19941042955833,170.1294078376438,171.8559111288724,3257700
2021-06-15,169.83119201660156,171.431145903316,168.80974177578253,171.26844433908485,4472600
2021-06-16,168.3125457763672,170.12041418168357,166.84817678180215,169.9396300997402,4175800
2021-06-17,168.8910675048828,170.08426730402218,166.7397134258293,168.5837331782954,4260900
2021-06-18,168.92723083496094,169.84923380510062,166.76682860871028,166.98376399324127,9316900
2021-06-21,170.73509216308594,172.23561241776503,169.65940828308047,169.9125087497946,4539400
2021-06-22,173.30224609375,174.1700151023905,171.3587933033462,171.6751619613744,3995700
2021-06-23,172.77796936035156,173.7090204124538,172.51583453108424,172.78700373620896,2835900
2021-06-24,173.32936096191406,174.54062932664883,172.58812839090533,174.17001304114444,2767800
2021-06-25,174.15196228027344,174.33274635753074,172.83221230970727,173.66383009944366,4149500
2021-06-28,174.64910888671875,175.5168778756022,172.99490787254413,174.08866038041964,2510600
2021-06-29,175.5440216064453,177.03552133536317,174.49545460786211,174.49545460786211,2628800
2021-06-30,175.33609008789062,176.5021589521827,175.2276224148232,175.48072284727326,2715900
2021-07-01,177.00839233398438,177.26149279320742,175.22764095041768,175.8151926322696,2456300
2021-07-02,176.908935546875,177.6411199062363,176.45696853068273,177.52360406828592,2553000
2021-07-06,176.0411834716797,177.5146006148629,174.26043201425617,176.99031712960175,2588300
2021-07-07,177.06265258789062,177.5869361296121,174.72145230144045,175.06495174431308,3647100
2021-07-08,174.27850341796875,175.49880622047309,172.79605199312317,174.81182124557301,3993600
2021-07-09,176.56544494628906,177.84902968069972,175.52591248179453,175.52591248179453,2436300
2021-07-12,176.78237915039062,177.55071477527866,175.64341348194517,176.17673123209184,2405600
2021-07-13,175.61634826660156,177.30670093193132,175.12822983137934,177.10783428978166,3191900
2021-07-14,174.22427368164062,176.6287280469099,174.0977234518896,176.42082705366337,2943300
2021-07-15,176.94512939453125,177.10783093887957,173.12149137998355,173.12149137998355,3188000
2021-07-16,177.29762268066406,179.75632438159116,177.0083709591697,178.0207726738083,4920700
2021-07-19,174.36886596679688,175.0648990203316,171.7836141323206,173.53724832819492,5214000
2021-07-20,176.19334411621094,177.3733548540929,173.5247084960348,173.9876297126531,2882400
2021-07-21,177.11923217773438,177.39153067731792,176.02998277787435,176.60183732776272,2112900
2021-07-22,178.6078338623047,178.78029878963744,176.8105808988807,178.00874954116335,3244100
2021-07-23,182.3021240234375,182.82859070172236,179.37026238007067,179.72426416456153,3358100
2021-07-26,179.48828125,179.64258831135334,175.94824928533268,178.19026537450858,3422200
2021-07-27,175.64871215820312,179.47012851115556,173.81517136497735,179.4338128189932,4106100
2021-07-28,174.63211059570312,177.3552060447865,174.27810874133746,175.79396354594834,2152500
2021-07-29,175.74862670898438,176.38402691127652,174.24185731742534,175.41278260520068,2532800
2021-07-30,174.90443420410156,177.27352795178945,174.659351719753,174.82274465944556,2841600
2021-08-02,173.33412170410156,176.29321399953332,173.2342743092972,175.92105426886428,3051700
2021-08-03,176.0481414794922,176.6472258822366,173.79705281963084,173.89690022008824,2335100
2021-08-04,172.37196350097656,176.34768791414217,172.2902739487454,175.24029448262465,3162200
2021-08-05,173.07994079589844,174.80457623085752,172.45364047439395,173.34318111325427,2335500
2021-08-06,172.60794067382812,174.82272710914287,172.29932652474437,174.03302003893788,2855000
2021-08-09,170.6382598876953,172.60796413094445,170.50209679138638,172.23580439156686,2296200
2021-08-10,172.2176055908203,173.24330916751447,170.07543691185572,170.77436852564418,2548300
2021-08-11,176.56553649902344,176.73800145001135,173.37043353174516,173.63366003299197,3367300
2021-08-12,174.27810668945312,176.92858456664302,173.17978544375364,176.32950025080694,2753600
2021-08-13,172.92567443847656,174.59585057361386,172.24490041313163,174.21460493108364,2400900
2021-08-16,175.62155151367188,175.99371132789543,171.68214223490932,172.4083040101206,3485800
2021-08-17,165.43711853027344,170.51116351533906,165.27373945348603,170.12991796874275,8256400
2021-08-18,181.29461669921875,184.91633868382107,171.1011664688619,171.78194034075392,16992700
2021-08-19,183.89064025878906,184.55327015216213,180.14185478096545,180.40508125819372,5378300
2021-08-20,188.99191284179688,189.60914118035086,183.86340795059718,184.03587288354024,4915700
2021-08-23,187.0403594970703,190.15377270080194,186.74081731592665,189.53653048955363,4195200
2021-08-24,184.61679077148438,187.3943458662847,184.12663969314644,187.1311194048472,4110400
2021-08-25,187.14926147460938,187.739273782702,184.32633256580385,184.63494671751914,2628800
2021-08-26,186.66818237304688,187.87542298439732,185.21587315027608,186.34141037410708,3250400
2021-08-27,186.8951416015625,188.37469479444718,185.8512937215454,186.41406243768867,3128100
2021-08-30,186.06910705566406,190.08113247370696,185.9783316720716,189.20973588250746,3986100
2021-08-31,185.07064819335938,187.52143139423785,184.56233924507407,187.32173661450005,4877800
2021-09-01,184.65309143066406,186.11448650813665,182.9466277407854,185.6697231261098,2835000
2021-09-02,187.1220245361328,187.5577297518526,184.89816616778074,184.96171170563193,2655800
2021-09-03,186.96768188476562,187.7392309383564,185.30659242319598,185.9873661115257,2260900
2021-09-07,186.21434020996094,188.11144058571458,185.99650143598797,186.71357715094874,2591900
2021-09-08,185.252197265625,185.55173945486266,182.90126130054318,185.4882077573534,3344800
2021-09-09,184.27186584472656,185.8240363599605,183.799872601237,185.59711173699753,2566100
2021-09-10,185.4700469970703,187.5123687413262,185.31573990510557,185.87850857584533,2505600
2021-09-13,187.03126525878906,188.11142861225113,185.8512545234848,186.73172311326252,3159000
2021-09-14,185.3248291015625,188.26577767233096,185.09790444225456,187.48515629029635,2488600
2021-09-15,186.6318817138672,187.17650633235127,182.88308262589155,185.3247937098089,2956600
2021-09-16,189.23696899414062,190.00851821685853,186.67726656711804,186.67726656711804,3365500
2021-09-17,189.73622131347656,192.41392918849186,188.22036644084338,188.22036644084338,5835200
2021-09-20,186.32325744628906,189.21881760497402,184.2900080114134,187.4578804645588,3640400
2021-09-21,187.23095703125,189.0100381788056,186.40494814469554,187.5849588611478,2681200
2021-09-22,189.6091766357422,190.87087724642487,187.64854416363045,188.84671306893742,3169000
2021-09-23,188.78309631347656,192.114347549321,188.61063141332923,190.61665083292755,3128800
2021-09-24,188.68328857421875,189.5274554074162,187.79374789492778,188.86483936011436,2275800
2021-09-27,191.1885528564453,192.65902009714972,188.34745192065284,188.46545716602623,2886100
2021-09-28,186.46849060058594,190.12652818795547,185.79680259502362,189.7997561837648,4030200
2021-09-29,187.98435974121094,189.11898283513332,186.91326833835086,187.1311209585206,2678300
2021-09-30,184.1356964111328,188.3111145557539,183.60015768378074,187.83002166549957,3828600
2021-10-01,184.898193359375,186.45036398658803,183.20080148927755,184.92542320806464,3016400
2021-10-04,185.63343811035156,185.7060556613403,182.97388782599984,184.11758309071365,5195600
2021-10-05,185.41555786132812,188.57434444614677,185.31571048233548,186.86786700531923,3482800
2021-10-06,185.17051696777344,186.2506805328132,183.27343019155794,184.17204295377493,3079600
2021-10-07,188.71055603027344,190.2627269165797,186.64100408212047,186.91331646485284,3001100
2021-10-08,187.13113403320312,188.58344338466756,185.57896343810157,186.61373921804244,3042000
2021-10-11,189.57286071777344,192.1961091532881,188.65607625511214,188.9011587585384,3267900
2021-10-12,190.43515014648438,192.1870016224033,190.37160460260915,190.48053784205527,2793600
2021-10-13,192.54100036621094,193.9116339581812,191.16130862580548,191.18853847263057,3275600
2021-10-14,196.47132873535156,196.57117611988463,193.73916135913498,194.55608443231145,3177100
2021-10-15,198.93116760253906,199.6845588719539,197.32453769425982,198.56807996345992,2930500
2021-10-18,201.27308654785156,202.1535552716251,198.1233713917506,198.2413627879725,2786000
2021-10-19,203.06771850585938,203.85116635023005,201.79233085892528,202.10207639779279,2976300
2021-10-20,204.98077392578125,205.24496741689023,202.86729549956405,204.0606838821111,2293700
2021-10-21,207.17626953125,207.3949110013981,204.5252990453993,204.88970149564614,2883100
2021-10-22,208.4060516357422,209.39902199389567,207.23087314904097,207.23087314904097,2207500
2021-10-25,211.1846160888672,211.51255744796228,207.8048545549139,208.20569030562882,3018500
2021-10-26,210.50135803222656,212.86991122536497,209.98208979302143,212.3597617345515,2801000
2021-10-27,211.13905334472656,214.04509848961123,211.00239721816308,211.00239721816308,2801700
2021-10-28,211.12991333007812,213.78998829963993,210.66531590783444,212.22310663034838,2421700
2021-10-29,213.00656127929688,213.84466597612277,209.98208381200587,210.2371585501472,3316300
2021-11-01,211.12081909179688,214.90140209353038,209.7179080067301,214.08152097765813,3861500
2021-11-02,212.28688049316406,213.29807462332502,210.7017612376187,211.64008878409277,2167300
2021-11-03,213.44384765625,213.7900126001877,211.4214592816166,212.15935511280114,2629100
2021-11-04,216.61404418945312,217.66167153401327,214.02684974336043,214.0815066273507,2508800
2021-11-05,214.5734405517578,217.97142523990377,214.12706671536696,217.7254553521691,2356500
2021-11-08,213.89019775390625,216.88734668873244,212.40530140828426,215.49354051800594,2797200
2021-11-09,213.0885467529297,216.1494575132195,212.29598019410642,214.13617414953552,2307500
2021-11-10,211.849609375,214.7920876557239,210.71998273168754,211.91337111022273,2402900
2021-11-11,211.64004516601562,213.83550848578244,210.7108365594065,213.462015194371,1921300
2021-11-12,215.2840118408203,215.64840033133376,211.4032063042557,213.56223660663412,2462900
2021-11-15,214.00860595703125,216.040098723337,213.47112811446408,215.08357554269426,2219900
2021-11-16,222.99093627929688,224.75824963394456,218.08072704473338,219.1830251547712,5223200
2021-11-17,223.8563690185547,232.50162278733487,223.41910005432757,227.76450295670688,6823900
2021-11-18,225.3595428466797,227.74631983033126,223.40091615581952,224.5123193086341,3468600
2021-11-19,227.3090362548828,228.42043933663732,223.87461807927977,225.71481211800085,3685000
2021-11-22,229.8871307373047,233.56751888901056,227.60966763866102,227.98316102243456,4460500
2021-11-23,229.48626708984375,230.17861078341338,226.47090853815624,228.78480464864865,2550600
2021-11-24,230.1422119140625,230.85277930862404,226.83533095438852,227.21794309757306,1952500
2021-11-26,225.6419219970703,229.6684748342212,225.14998221439848,227.40011672641378,1891000
2021-11-29,226.4527130126953,230.0146686432855,226.27051874449154,228.02871358842887,3209100
2021-11-30,222.81785583496094,228.14712455454534,222.74497535446145,225.70567710966827,6235900
2021-12-01,223.50108337402344,229.90530758020213,223.3917696090796,226.19760541371795,4018600
2021-12-02,228.10157775878906,229.27674252009103,223.95659242613536,225.02244341444106,3706700
2021-12-03,226.55291748046875,231.25360457035774,225.07712586641134,230.0419925549097,3972000
2021-12-06,228.8212432861328,231.69085484871755,228.12889957638,230.01464550898115,3008500
2021-12-07,234.04122924804688,234.61515441679833,229.93267678056176,230.94387098713082,3405400
2021-12-08,233.8863067626953,235.6080819541912,231.89126106088477,233.7496645572732,3820700
2021-12-09,235.1708526611328,237.60319567590258,232.17371710179785,233.00271707159382,3812700
2021-12-10,238.1133575439453,238.20446164004352,234.77914779443242,235.40772991612312,2547700
2021-12-13,234.341796875,239.87148307233585,233.47637771563072,239.45243771305118,3915300
2021-12-14,229.9873504638672,233.95924685033958,228.21091804312496,233.13935175602802,5100500
2021-12-15,234.6151580810547,235.3439351886222,227.0630822841756,227.3819326941356,4939300
2021-12-16,230.69789123535156,236.4006534393704,230.57035386658853,236.15469744995426,4457200
2021-12-17,226.0063018798828,230.7434218662053,225.42327194157437,229.87798875629073,10173200
2021-12-20,223.7561798095703,224.04770174508744,220.73171618150045,223.39179129070487,3900900
2021-12-21,224.99510192871094,226.29781788370047,221.89775806876366,225.66013107730308,2963800
2021-12-22,227.47299194335938,227.70073823363117,224.220782146554,225.1135437122709,1771900
2021-12-23,227.8282928466797,229.3040983717195,226.87175557502255,227.9649489715058,2060300
2021-12-27,231.11695861816406,231.18983910732314,228.78483856720158,228.78483856720158,1590200
2021-12-28,231.408447265625,232.20099988278463,230.31526788665624,231.39022367082538,1531500
2021-12-29,234.6424560546875,235.52611277841206,232.26478421362475,232.3103223515345,1617500
2021-12-30,233.56748962402344,236.1728937379157,233.26684896407605,235.35301268534414,1488100
2021-12-31,235.47142028808594,236.6465709586541,233.07552521381183,233.34880960207028,1774200
2022-01-03,232.76577758789062,237.03831345872413,230.54298581427497,236.127328438208,5302100
2022-01-04,236.68304443359375,237.6122392579393,232.84780482006585,232.88423810903765,3638200
2022-01-05,232.07350158691406,236.34602480194184,232.04617314037918,235.6809955348404,3808600
2022-01-06,234.84292602539062,235.44417970497312,232.3012690619435,234.7062837802735,3616300
2022-01-07,228.73924255371094,234.4693465451326,228.39307767241306,232.93888436805443,4945500
2022-01-10,225.6419219970703,226.01542925788954,219.15571194815243,225.8241162533992,6292400
2022-01-11,227.29080200195312,227.70074255211105,222.8998467699813,225.84233890448087,3415000
2022-01-12,228.40220642089844,232.03704230887357,227.6916390894944,228.8303705693766,2825500
2022-01-13,228.38397216796875,231.16247962933375,227.82827067569573,230.55212125266178,2243400
2022-01-14,221.7337646484375,226.56198839035866,219.9755701025211,225.28661482858143,3258500
2022-01-18,217.9041748046875,218.99182421548025,214.12025996539325,218.62622015711318,4612500
2022-01-19,214.5132598876953,220.4176361855512,214.12025123064788,219.01923384196897,4146800
2022-01-20,204.6696014404297,217.15469766086605,204.130351142225,215.94823913019846,5946600
2022-01-21,205.66586303710938,210.08043274732893,202.4486170018928,203.71906148978357,5724400
2022-01-24,212.36541748046875,212.69445418329747,201.26043921977688,201.56205735956735,4911600
2022-01-25,210.22662353515625,211.99062971389088,205.1996835888184,207.93251596215586,4099200
2022-01-26,208.48095703125,214.78747738441484,206.3239418068964,212.5573413452597,4349200
2022-01-27,206.49755859375,213.11484495240165,204.68786401127988,210.82073724404998,3425800
2022-01-28,214.77833557128906,214.9154283781306,205.17229977601522,208.38041091979676,3215500
2022-01-31,216.9353485107422,217.17298068896397,212.64873680659517,213.86434415153005,4485900
2022-02-01,217.84933471679688,218.8821330449978,213.70896469344083,217.9407252703679,2723800
2022-02-02,218.54393005371094,220.00631816411894,216.11271574736344,218.08693551250425,2442900
2022-02-03,213.97402954101562,218.89129629905446,213.69982996948147,215.70146871140045,2512000
2022-02-04,209.3675079345703,214.01056069123683,205.80294176853397,214.01056069123683,3456700
2022-02-07,207.49386596679688,211.11325597977344,205.21802746652492,210.692828689096,2990100
2022-02-08,211.826171875,212.6122032929269,206.43364015770533,207.6583825692932,2572400
2022-02-09,213.56272888183594,216.14017128310022,212.81325101177438,214.34876018504656,2115100
2022-02-10,207.8411865234375,212.83157484487552,206.36966301358527,210.8482194961828,3053800
2022-02-11,206.4793243408203,209.96162131256153,205.42822828700514,207.95084765906572,2192800
2022-02-14,206.515869140625,207.49384433660822,203.9292778783835,204.52337926127223,2025700
2022-02-15,208.48095703125,210.2723681815957,207.45727957039733,208.6728869670309,1843600
2022-02-16,207.48471069335938,208.54494165261238,204.28574807057103,207.03686485184596,2461300
2022-02-17,204.5416259765625,207.6766160167673,204.04807797139853,206.49756220194988,2482200
2022-02-18,203.5362548828125,206.3056410118546,201.46149551723997,203.77388705143855,4241500
2022-02-22,196.13296508789062,202.40293238913625,192.6323843141532,199.51472278703434,7641100
2022-02-23,196.5899658203125,208.16107433113947,195.71254385483377,202.90563557195594,8936900
2022-02-24,195.054443359375,195.83132583083218,188.50114230632002,191.654402335294,5749300
2022-02-25,200.3281707763672,200.79431425131872,192.12969947566762,195.84049385219956,4613300
2022-02-28,202.0464630126953,202.2658254551678,197.25716822951813,198.57330104524524,5440400
2022-03-01,202.44857788085938,205.1357079631571,201.2878078634222,202.3389036559056,3953200
2022-03-02,208.99276733398438,210.22664434787555,201.17815712720173,201.62601684199706,4513700
2022-03-03,206.8175048828125,210.87561974740058,205.70243678231324,209.41323123798077,3180700
2022-03-04,204.79757690429688,207.192224264328,202.67711516078148,205.26370639874267,3144400
2022-03-07,203.14324951171875,208.37126923592913,202.9787381378764,204.76101441968234,4022700
2022-03-08,204.0572509765625,209.8702236214125,202.9787502710318,203.1432616547079,3725900
2022-03-09,206.45188903808594,210.47343601899962,206.18682435488225,208.37125802818937,3428500
2022-03-10,204.8889617919922,205.09004053611952,200.2458948804165,203.81959607806166,3318700
2022-03-11,203.09754943847656,207.98738336697915,202.89647069562855,204.64217949563667,2616300
2022-03-14,207.02769470214844,208.12449293119354,202.06473989583142,204.71530307449655,3607700
2022-03-15,211.1955108642578,212.36541603381937,207.9416972933969,208.2067619961207,3413600
2022-03-16,211.43313598632812,214.26649430838498,207.2836169595717,213.07831943424102,3497400
2022-03-17,214.22080993652344,214.24822849896137,208.68203718214798,210.2175324641505,3323900
2022-03-18,215.3998565673828,215.93910690702856,210.15355296688296,211.7256156779353,9149800
2022-03-21,208.02394104003906,217.86759437703842,206.27821837511001,216.15843908894038,4349200
2022-03-22,208.81910705566406,210.0986863167717,205.97660017543328,208.0696292410382,3248800
2022-03-23,201.91848754882812,208.34383035505158,200.92224269184453,207.47554342514508,3728100
2022-03-24,200.3190460205078,202.86908414058388,199.2131267067367,201.8362717026834,3399200
2022-03-25,194.60659790039062,201.95507959996223,193.20819540277992,201.74485202193307,6831700
2022-03-28,195.3926239013672,195.50229815029834,189.5796516197375,193.19905524452818,6579600
2022-03-29,200.6846160888672,202.30236693753272,197.91521597185002,199.0302839157301,4993600
2022-03-30,191.47158813476562,198.47273428121264,190.9597425062943,197.1931550759527,7090900
2022-03-31,184.7994842529297,190.78611648599838,184.61668919659138,189.05867740281917,7318500
2022-04-01,184.9914093017578,186.60003922639282,184.07742009780375,186.54520210557453,4827200
2022-04-04,186.5634765625,186.69143449643218,182.5876317926561,184.21453150109465,5426100
2022-04-05,187.24896240234375,190.23771098272664,184.3241997600336,185.7317509339496,4707100
2022-04-06,183.3919677734375,185.4027556131879,179.72687529529512,183.8946647333751,6356100
2022-04-07,185.21080017089844,186.6366213165856,180.55859775554538,181.98441890123254,4411600
2022-04-08,188.885009765625,189.85383607772494,183.29138642706118,183.73924615183324,5065500
2022-04-11,186.99305725097656,190.52105631271073,185.8597195070128,187.05704319271342,3576200
2022-04-12,186.58175659179688,192.47698420134384,185.90539955635577,191.03287957737084,4354700
2022-04-13,187.8339080810547,189.05866416010713,185.7408790318062,186.11561793619066,2803400
2022-04-14,183.9677734375,189.46999317520593,183.73927610225405,188.49201788609545,4001400
2022-04-18,181.4451446533203,184.62582324785456,180.35749524534216,183.36451365589753,3800400
2022-04-19,186.32723999023438,186.7585541802533,181.42679272812805,181.85810691814697,3392900
2022-04-20,191.5580596923828,192.76939969530014,188.3002668467319,188.89675801443244,3906100
2022-04-21,188.1534423828125,193.49438965523436,187.4651768478797,193.09977680041783,3797600
2022-04-22,180.83944702148438,187.49267957577752,179.95847510413694,187.3183167580452,4216300
2022-04-25,183.88616943359375,184.2165373925626,178.64616925160354,180.83026931383074,3895900
2022-04-26,183.1612091064453,187.54775338224746,181.92233962430882,182.53718844927386,3959100
2022-04-27,183.14285278320312,186.71265565637603,182.5922348273363,182.84918613932848,3028100
2022-04-28,188.25439453125,190.09894118242167,183.56501131092134,185.0241309306302,3250400
2022-04-29,181.45431518554688,188.29108311953527,180.85782401116847,186.74020326559187,4217600
2022-05-02,186.4190216064453,187.8047245671681,181.44515747924575,181.81222684547205,3697800
2022-05-03,185.03329467773438,188.0616515638248,183.7301803927895,185.8041486486375,3002600
2022-05-04,190.10813903808594,190.84229181229873,181.93154034585507,184.20740134339516,4452400
2022-05-05,179.79330444335938,187.76800977800318,177.59086039821028,187.1256314317345,4262900
2022-05-06,176.46209716796875,179.3619926006163,174.04858892110647,178.18735389421693,3910700
2022-05-09,179.93096923828125,182.1334133237059,172.75464728828285,173.9843450025983,3998300
2022-05-10,176.31529235839844,182.65650192776098,174.59003549000622,181.80305932975787,3638700
2022-05-11,172.31414794921875,179.123386023322,171.8828337987273,176.96681527086477,4598000
2022-05-12,175.92066955566406,178.8022073951272,171.8186058092935,172.3141648405964,4292900
2022-05-13,178.03134155273438,181.16065870049246,174.68178840814466,175.52605906919308,2911900
2022-05-16,178.70126342773438,180.0686226943326,173.90176224795434,176.71906928645444,4405300
2022-05-17,178.05886840820312,183.0510896366146,172.40591119351382,182.546358813375,8210000
2022-05-18,168.68927001953125,175.7003997586152,164.96344817672028,172.0663522381161,7847600
2022-05-19,172.396728515625,176.02159037717732,167.64310124689553,167.64310124689553,5132100
2022-05-20,169.48768615722656,173.68151024454983,164.46793501791785,173.37867172576833,5722600
2022-05-23,170.91928100585938,171.45154138677722,166.45931960983614,171.1487028595585,3546700
2022-05-24,169.4234161376953,172.34166888316796,167.37697748465388,169.75378410882814,4486500
2022-05-25,173.02992248535156,174.25961995935384,167.25766221834286,167.5696865050858,3986300
2022-05-26,179.43540954589844,180.83029826294077,174.6175508746094,174.8836880523046,3337900
2022-05-27,183.19793701171875,183.22546651302434,179.74742348490312,180.52746336269024,2779200
2022-05-31,179.224365234375,182.39038419723886,178.38926627813336,181.33504921055075,4733900
2022-06-01,175.9390106201172,180.91287411550357,175.86559395563805,180.22460863915825,3290200
2022-06-02,179.9860382080078,180.0686267151556,175.9665628265628,176.7098873964906,3359200
2022-06-03,179.3620147705078,181.65623346545624,177.34310511951313,178.00384122388223,2262700
2022-06-06,180.57334899902344,182.4178955848254,178.2148857200187,179.866725798318,2691600
2022-06-07,179.54551696777344,180.05024778986564,173.4520737770167,174.68178541705876,3269700
2022-06-08,176.60891723632812,178.68289948615848,175.62699911149792,177.9395610143787,2775700
2022-06-09,178.2882843017578,182.3811757470219,176.10418408633376,176.29690457708156,2999500
2022-06-10,170.99266052246094,176.41619532603943,170.82746954223845,173.7181926723691,3564600
2022-06-13,166.33999633789062,169.31330825558092,165.28466153524838,167.32192847838482,3899300
2022-06-14,163.29327392578125,167.80829358236736,161.9075571959526,165.94538955747907,4037200
2022-06-15,164.27523803710938,166.11979891548174,161.78831269761673,164.63313561006515,4164200
2022-06-16,157.484375,160.5310906550876,156.4473834955204,160.13649169489216,5536300
2022-06-17,158.27354431152344,160.85224362130214,156.13533102548388,156.8694837335813,8499000
2022-06-21,158.19094848632812,161.89839918657734,157.28243297678998,161.59556068339796,4753300
2022-06-22,159.31053161621094,160.93482816464987,156.1169695149999,157.23654921666622,4434100
2022-06-23,161.8158416748047,161.9167878618627,159.3105586722921,160.15482950823187,3611500
2022-06-24,167.78994750976562,167.88172184358552,162.54996071410727,163.1280942082211,5346100
2022-06-27,169.05636596679688,170.06582766025792,167.1384027520187,167.93678627143018,2829200
2022-06-28,160.33834838867188,170.33196391002397,160.20070087572168,169.29497263646954,4980300
2022-06-29,161.60476684570312,162.78857750449137,159.82445093793842,160.56777553796817,2802600
2022-06-30,160.29244995117188,161.58639249315914,156.70428900259637,157.8789277065457,4415400
2022-07-01,162.7610321044922,163.88978364604293,160.26492134398467,161.35697155205645,3095500
2022-07-05,165.07359313964844,165.12865213624525,160.11807340398516,160.64116187724824,3226300
2022-07-06,164.3210906982422,167.89089384376808,162.83444170789488,165.8995140225012,2177600
2022-07-07,166.62451171875,167.09252726235815,164.11004314470892,165.0644319011252,2935600
2022-07-08,166.6795654296875,167.90009134094274,164.65147013286835,166.00964355175452,2024700
2022-07-11,165.28469848632812,167.93681483814086,164.87174190613862,166.3033321856223,2285100
2022-07-12,166.10142517089844,170.1392442700659,165.27551208332292,167.00994076947063,3184700
2022-07-13,167.35865783691406,168.64342868441776,162.93541155488978,164.05499137790326,2935400
2022-07-14,167.62478637695312,167.89090956574208,163.9815662236917,164.6423022818972,3261900
2022-07-15,169.77215576171875,170.8183187560304,168.8177671013702,170.4237199261432,2901400
2022-07-18,170.49713134765625,173.51633065487925,169.9465273239875,171.2496417169744,2965800
2022-07-19,174.22564697265625,174.94551026770668,170.57095856430544,172.18603899747464,2683900
2022-07-20,176.3022003173828,176.6805940159117,173.49658073553644,173.8657363891738,2427300
2022-07-21,178.63714599609375,178.84018583220538,174.8163272074983,176.49601783671523,3266100
2022-07-22,180.50140380859375,183.76847483649937,179.26471693967468,179.8000024685467,3329500
2022-07-25,179.78155517578125,180.75060640076597,178.27721837811555,180.61216246440475,2492200
2022-07-26,174.05953979492188,176.24681575496322,173.1458606063857,173.67190807926326,3647200
2022-07-27,175.27777099609375,176.17298821106598,169.53731206565504,174.15182798514692,3713900
2022-07-28,176.0899658203125,176.93903523086374,169.57427028100466,173.03515791865863,6034600
2022-07-29,176.76364135742188,177.64963458852026,174.17028572734714,175.1762467933931,4507100
2022-08-01,179.12628173828125,180.20607681066056,176.53292595559435,176.78211376687742,3349500
2022-08-02,173.4596405029297,178.48945974599403,173.3858065626283,178.36949191509044,3401800
2022-08-03,180.353759765625,180.8705833563439,175.01015589725836,175.01015589725836,3292700
2022-08-04,181.95960998535156,183.7038965821522,180.35375324449296,180.66753697288573,3534100
2022-08-05,183.73153686523438,183.8699666867534,180.2706505034323,180.78747394694685,2409700
2022-08-08,186.27877807617188,188.55835010147544,184.3775997417631,184.580639571883,3040800
2022-08-09,180.15069580078125,185.27281120601734,178.7848030535132,185.27281120601734,3914500
2022-08-10,185.9003448486328,186.1126226783113,183.28854174665895,183.9068850678314,4094400
2022-08-11,186.59254455566406,188.53987068664708,184.64523250706497,184.6729184738537,3337200
2022-08-12,190.5518035888672,190.6717854978555,186.1772378388623,187.67235043221692,3014100
2022-08-15,192.0007781982422,192.90523348612058,189.10286267329158,190.1180618403447,4075500
2022-08-16,197.61203002929688,200.62992745700708,190.57951210355796,190.72717999634045,5892200
2022-08-17,198.76564025878906,204.1369431716193,195.19400969415258,195.66468521524618,8082100
2022-08-18,199.78085327148438,201.27595192248583,198.02734285567735,198.5257043785495,3011800
2022-08-19,195.06480407714844,199.19940611317847,193.67122543510192,198.885622432037,3347300
2022-08-22,193.80044555664062,196.19076143426753,192.40685272975475,193.0805821964471,4136600
2022-08-23,191.4747314453125,195.0648243940421,191.29937758100363,193.8096754563626,2533900
2022-08-24,192.34226989746094,194.31728229106704,189.91502984126046,190.8656190630848,2634300
2022-08-25,194.69566345214844,194.88946523620493,191.91771583333428,192.50837331252927,2634700
2022-08-26,185.49432373046875,196.23691667536693,185.44817575287396,195.4062953258175,3720500
2022-08-29,185.56813049316406,187.912298138281,183.73154828007384,184.691361294463,3273800
2022-08-30,182.01495361328125,187.62620624688034,181.26740434271144,186.85097100942897,3906900
2022-08-31,179.17242431640625,182.20876960802238,179.04321843340952,181.90422394854687,5145100
2022-09-01,180.66748046875,180.84283428635842,177.76034174409142,178.84936048993907,3462200
2022-09-02,180.43679809570312,183.68542127636533,179.31085507426428,182.18108456622969,3165900
2022-09-06,178.0834197998047,181.63658891242565,176.50524902404564,181.04593138748376,3128800
2022-09-07,185.7804412841797,186.37109884616652,178.6556265213708,178.77560845943265,4086500
2022-09-08,188.62294006347656,188.74290789044232,183.4085290996237,185.18050136154145,3564200
2022-09-09,189.79501342773438,190.60717264731568,187.64466163636894,188.25376696867147,3176400
2022-09-12,190.48719787597656,193.2743692347271,189.65659070293194,190.11804226181982,3218700
2022-09-13,178.70175170898438,187.24783029937973,178.07417020808387,185.7434935720782,4441400
2022-09-14,177.5573272705078,180.1691447396426,175.54540526723852,179.55080135104927,3963700
2022-09-15,176.31141662597656,179.4954438505145,175.36082748086042,178.41564882399572,3309700
2022-09-16,177.02206420898438,178.18493127782045,174.19798261161486,174.42870841639845,10187800
2022-09-19,180.0584259033203,180.796737221811,175.9699572693689,176.19145911434754,3351900
2022-09-20,175.72998046875,179.20931497323116,174.13334798625894,177.7695884082895,3650200
2022-09-21,173.83810424804688,179.79082902111364,173.80119430420822,177.1144144975301,2925700
2022-09-22,173.61651611328125,175.14853854593753,172.13064164929688,173.50577225437502,2864500
2022-09-23,173.6257781982422,174.57636733850217,171.25391028742905,172.35216731493335,3382500
2022-09-26,171.67845153808594,175.35160220972722,171.37389180225654,173.56116780766737,2938700
2022-09-27,173.20126342773438,176.14532725562302,171.85383247403666,173.4504512658406,3866500
2022-09-28,179.53233337402344,180.3998645144231,175.48078945339498,177.61269329539905,5384900
2022-09-29,175.776123046875,177.59422911972757,174.25332454807238,177.19738756337432,3622800
2022-09-30,173.33042907714844,176.35755012064178,171.62306679040324,174.82552759381494,6049000
2022-10-03,178.96937561035156,180.70443802370943,176.30218609321332,176.8374716054702,4346500
2022-10-04,182.19952392578125,184.2668318896703,181.19356295077117,181.78422035725615,4139100
2022-10-05,183.68540954589844,184.8759624743263,179.0432079106813,180.2614468065252,3196100
2022-10-06,184.56219482421875,186.6940991574577,183.03018607511885,183.15015392603743,3304900
2022-10-07,182.00575256347656,183.20551549906583,180.27991394376116,182.7533019281512,3466800
2022-10-10,179.87384033203125,181.7750328830821,177.85269401519506,180.84289157469237,2449700
2022-10-11,181.28585815429688,183.0762925101758,179.01552430196017,179.91074147989963,2766000
2022-10-12,178.9232177734375,183.08551972721577,178.84015987500672,182.54099620083014,2353900
2022-10-13,178.2680206298828,179.90154947654756,171.18011533395736,175.1947506782295,4851100
2022-10-14,174.39183044433594,181.77505755052076,174.1795525257137,179.81849279135787,4142800
2022-10-17,179.12628173828125,180.16916687828572,177.28047530705808,177.42814320132845,3504800
2022-10-18,179.27471923828125,184.25767533386423,178.68084908970857,182.0584882145247,3804300
2022-10-19,170.6821746826172,174.88566512894513,167.23029967041663,173.78143439130804,5362300
2022-10-20,165.44866943359375,172.03691406704849,164.6784916645245,170.17179398273584,4095600
2022-10-21,169.225341796875,169.50372157607717,163.7784373901839,165.30023080297414,3583600
2022-10-24,174.08766174316406,174.92278690979893,170.34813260274953,170.34813260274953,3704900
2022-10-25,179.8778839111328,181.01922526642434,175.27537948098586,176.21257663822766,3245700
2022-10-26,179.59951782226562,181.51103713203048,177.49312843264912,180.23049873038954,2567200
2022-10-27,179.70159912109375,182.31833501949166,178.65304143950686,181.16771938488438,2457600
2022-10-28,184.40615844726562,185.34336986414948,178.94998010686783,179.55312447380672,3292200
2022-10-31,180.8986358642578,183.70096806094645,180.3511645415593,182.79160723488968,3550200
2022-11-01,179.59951782226562,185.34336404425676,178.42105152740743,183.7287727621435,3260100
2022-11-02,172.3245849609375,180.64804116744062,172.1575514598171,179.2654449720179,4539400
2022-11-03,166.85914611816406,169.68002623866417,165.8291508646328,167.8149058212896,4187500
2022-11-04,169.02117919921875,174.3103519522515,165.44868392451843,169.60577525610773,4623400
2022-11-07,173.11334228515625,174.2639720996006,167.99120248273732,170.3388611013748,2715300
2022-11-08,174.7836456298828,176.31471351881945,172.38960164866438,174.50526578853427,2880800
2022-11-09,173.17828369140625,177.483846085476,172.88134151851352,173.80926457033013,3007200
2022-11-10,189.59323120117188,189.98295715601955,181.22336190711601,181.2326360397382,4837200
2022-11-11,193.95448303222656,196.03302163630732,189.76954094686587,190.30773802370317,4272500
2022-11-14,189.9087371826172,195.29996790500238,189.50972290346385,193.40699693033417,4165000
2022-11-15,193.78746032714844,196.02375843694003,189.1292964749728,191.84810441106436,5127800
2022-11-16,199.62411499023438,205.4607454673394,196.3485473509476,196.80322063998622,8173100
2022-11-17,193.37916564941406,197.638343379179,190.56755982878138,197.1836559693571,3507800
2022-11-18,194.79888916015625,196.57122567543144,191.53261004977577,196.55267740793968,2912500
2022-11-21,195.11441040039062,195.61548268603843,193.22143919020112,194.98450172196462,2326400
2022-11-22,199.01165771484375,199.99525388264692,195.85672500766572,196.39490791689298,2845700
2022-11-23,195.81039428710938,200.1530688798096,194.88247091338843,199.7169437614418,2593800
2022-11-25,195.76393127441406,196.56194568123342,194.8731188969715,196.1258207054727,975700
2022-11-28,193.97305297851562,196.2279136414005,193.49054312520175,195.22575492000541,2202300
2022-11-29,192.51622009277344,193.61116263069198,191.72747973926786,193.00801823729398,1980900
2022-11-30,197.2300567626953,197.61978276369257,188.60036914352,191.25422976277213,4701600
2022-12-01,199.94886779785156,201.09949755159803,197.3785309773678,199.3085985864516,2735100
2022-12-02,199.35499572753906,200.98814944792346,196.25573596669372,197.09086109444823,3242300
2022-12-05,191.3191680908203,196.35779762652973,190.5953892428814,195.70825432183867,3308400
2022-12-06,187.35699462890625,190.88310595793905,184.65673446049817,190.41914431356594,3627500
2022-12-07,191.97801208496094,194.8545793958986,187.68172354531063,188.14568510133392,3999300
2022-12-08,188.8880157470703,191.53260213052783,187.86730887689785,190.22422721833382,3150200
2022-12-09,187.22708129882812,189.86237997545703,185.77023497525704,186.5125764196697,3226900
2022-12-12,190.29849243164062,190.31705486024174,186.54967475734136,187.70957876268417,2719800
2022-12-13,195.9958953857422,202.12946692555323,193.86166967362232,201.09019770600875,4168600
2022-12-14,196.82177734375,201.0159938915184,194.91953207928321,195.74538310564407,3727700
2022-12-15,193.0265350341797,194.60400120929845,190.6788911154307,193.57400617371835,3373900
2022-12-16,191.2820587158203,192.41412597992658,188.66532305348017,191.4862029214121,9543500
2022-12-19,188.52613830566406,191.0964893086847,187.43119582203505,190.5490180668702,2442400
2022-12-20,186.3826446533203,187.56111101946095,183.44112996408975,186.68886099219074,2372200
2022-12-21,187.83944702148438,188.9436776623755,185.83514409241033,188.30340852377603,2345400
2022-12-22,184.79586791992188,185.79802650310816,181.19553614956595,184.21128603229968,2414800
2022-12-23,187.3291015625,187.73738995184192,182.81939517300967,184.11848172184168,1469200
2022-12-27,187.17132568359375,189.28698866447567,186.8001480454694,187.15276326194277,2076600
2022-12-28,185.64028930664062,188.83234697049804,185.2412891781497,187.40335165580876,1419900
2022-12-29,187.6817169189453,188.4797313334897,186.79091869186195,187.14351983388212,1270900
2022-12-30,184.87939453125,186.04857248303702,182.99571186276876,185.61244751457266,2154600
2023-01-03,184.6938018798828,187.71884015404143,182.93075370802217,186.9672247317326,2602000
2023-01-04,186.87440490722656,187.76521718144366,183.27405928077937,186.91151559578608,2507400
2023-01-05,186.29910278320312,186.92080948781378,183.2462282151664,184.93505485433246,1942300
2023-01-06,186.48472595214844,187.2456156106834,180.4346627458421,186.2620192877316,3121400
2023-01-09,185.06495666503906,189.41691759540845,184.97215870581925,187.83016311022573,2748500
2023-01-10,186.8837127685547,187.13425597823723,184.22985204968322,185.5103905003015,2200800
2023-01-11,193.5554656982422,193.67610022567686,187.57963898781344,187.58892728006663,2781000
2023-01-12,195.10513305664062,196.3207243803295,191.69965650486404,195.10513305664062,2690200
2023-01-13,196.86813354492188,198.16721999202673,192.83166310880696,192.83166310880696,3875900
2023-01-17,194.41842651367188,199.48487804969787,194.16788334484127,196.8774167442913,2943800
2023-01-18,193.4719696044922,198.74256610483985,193.11008015576397,195.53196005386297,3575000
2023-01-19,187.56109619140625,192.91520215426962,186.68884623309367,192.5533127203934,3508800
2023-01-20,189.78810119628906,190.21495203129348,184.35047153078546,186.846586812724,3517600
2023-01-23,190.32630920410156,191.9965736299108,187.24559768994416,188.85091486087964,3473500
2023-01-24,192.51815795898438,192.6767148785188,188.97390344232585,188.97390344232585,2862500
2023-01-25,192.23837280273438,192.4062516004935,188.2557486177467,190.75538649516437,2283400
2023-01-26,188.22772216796875,194.71930447743597,188.06916526543466,190.59678231603704,3426100
2023-01-27,188.8619842529297,189.72938638302972,186.94995090028792,187.89197056284374,2907900
2023-01-30,188.32102966308594,190.7926733168693,187.6121701760839,188.37698925798819,2786300
2023-01-31,194.2343292236328,194.308946760207,188.8713165319839,189.5708399265468,3415800
2023-02-01,199.18690490722656,200.66056888022408,190.6340692912025,193.49745786558134,3363900
2023-02-02,206.6485137939453,208.28073487683176,201.4440585761211,201.50935425071899,4156800
2023-02-03,201.43472290039062,203.69184962088733,200.36212624082611,202.52597749882267,3047900
2023-02-06,201.34146118164062,202.24617914866667,199.65328051074826,199.8304953624929,2380600
2023-02-07,200.27821350097656,201.0616905430782,196.25828788087827,198.5620528027355,2552300
2023-02-08,198.4407501220703,199.79317312206337,196.86450302264456,199.79317312206337,2421100
2023-02-09,194.59805297851562,200.7538636626973,193.9638253561336,200.3154945929412,2386700
2023-02-10,194.7286376953125,194.86853666693713,192.44353102380035,193.49748404950057,1836300
2023-02-13,199.72793579101562,199.87717087667545,193.46952636762728,195.21368118861415,2364000
2023-02-14,199.37347412109375,200.64194368256693,196.92981046972108,197.7599109321076,2316600
2023-02-15,200.55799865722656,200.9963677439856,197.05106019499286,198.0583754859388,1849900
2023-02-16,199.60659790039062,201.52796681148533,195.51205621801827,196.0530225057826,2479000
2023-02-17,198.4314422607422,199.32683834446797,194.84055030382908,198.88846927237194,3462000
2023-02-21,188.2650604248047,192.97517302445561,187.67745624474935,191.45488525740348,3942900
2023-02-22,188.9925537109375,190.6807343977367,186.59551361048042,187.6681245852064,2667400
2023-02-23,188.60081481933594,190.03716306589894,185.728104094372,188.92725048672673,2332200
2023-02-24,187.97589111328125,188.95522655984752,185.10319467671545,186.34367011295,2163500
2023-02-27,190.4942169189453,192.59278711351953,189.74805578117315,190.5781563110867,2764800
2023-02-28,191.90255737304688,194.26228148433609,189.61745078775485,190.2516784109741,4391400
2023-03-01,181.23251342773438,191.7999815703022,178.39711828095017,191.6134448503021,9814300
2023-03-02,181.9693145751953,182.29575020887077,179.10592599983818,179.6935300650251,4096900
2023-03-03,186.28770446777344,187.05252340004765,181.932007990674,182.60355146179964,3483200
2023-03-06,188.00387573242188,189.999848172269,186.59549314564802,186.81934570938455,3160900
2023-03-07,184.12384033203125,188.86194594307466,183.9839271501178,188.86194594307466,3320200
2023-03-08,187.60284423828125,188.47958249091056,184.38503951486663,184.87936823486575,2670400
2023-03-09,185.65347290039062,190.31696122126536,185.17778798328578,188.48886753747422,2440300
2023-03-10,183.42434692382812,188.11581556991533,182.89270236347176,185.7187754689489,2986800
2023-03-13,184.25445556640625,187.83601174805642,181.62424090586248,182.56627480415216,3116300
2023-03-14,183.58291625976562,186.62350607325072,180.77550090463538,185.979942291097,3909000
2023-03-15,185.2244110107422,186.95922909768052,181.51227858688938,182.65949263785055,3794100
2023-03-16,186.23175048828125,186.6141599659266,183.21914086277155,184.27309383175196,3153900
2023-03-17,184.07723999023438,187.752071631529,182.61289760012048,186.3436888328112,7271200
2023-03-20,183.54559326171875,184.57156653144554,182.25847997914389,183.7507879156641,2405100
2023-03-21,183.54559326171875,185.39234514722696,182.04394923884897,185.14051275705057,2940400
2023-03-22,178.6769256591797,184.19849496697287,178.48105285776526,183.6388705902223,3275700
2023-03-23,176.92344665527344,180.10394954547635,175.41248078459682,179.74951982989984,3346400
2023-03-24,176.70895385742188,177.46443689412595,174.82490007760128,176.04673207344032,2692400
2023-03-27,177.70689392089844,179.02200111040088,176.18659209621808,177.2778609432266,2488400
2023-03-28,177.35247802734375,179.4883639236472,176.8581493401131,177.64162629527908,1872300
2023-03-29,179.02203369140625,179.0686714318595,177.21259752380558,178.09865766505658,2436300
2023-03-30,179.68421936035156,182.06260151575313,179.35778368056768,181.01798456950303,2157000
2023-03-31,186.51156616210938,186.75406244838982,180.61690967863478,181.02729895683083,3151600
2023-04-03,190.2610321044922,190.48487047136118,187.44428072273075,187.53755619681894,3471100
2023-04-04,189.33766174316406,190.53151384122404,187.23909160069059,189.80401066371374,2500100
2023-04-05,186.0078887939453,189.66407617054614,185.2803857526413,189.34694814774838,2417800
2023-04-06,185.205810546875,186.05455473587037,182.3424214453255,184.7860851478467,2403300
2023-04-10,186.3343505859375,187.63079985597238,183.00462710424065,184.30107637427554,2387500
2023-04-11,187.7893524169922,189.28167443699556,187.2483860405369,187.46291675950476,2459000
2023-04-12,186.32504272460938,190.93257211475407,185.98927094871675,189.71072604703443,2665400
2023-04-13,187.91065979003906,188.25575348224405,183.03265342727363,186.32507609892022,2778700
2023-04-14,188.5728302001953,190.15842781058222,187.56552912250203,187.95726048201357,2028300
2023-04-17,191.2030029296875,191.23098271839868,188.7873196253871,188.8712589915206,2420000
2023-04-18,194.09437561035156,194.58870419816864,191.9025305648714,192.39685915268848,2685200
2023-04-19,194.7752685546875,194.98046319371966,192.37822855864712,193.2269869081131,2488700
2023-04-20,195.64266967773438,198.07701130932256,194.420837935046,194.4488177282497,2948800
2023-04-21,196.83651733398438,198.19826224482793,195.8758398367094,197.11632949175635,2864000
2023-04-24,196.83651733398438,197.7598931850806,195.9504573609044,196.14633014089605,2758700
2023-04-25,192.98399353027344,198.00825182917492,192.89025165745372,197.7739114501273,2723700
2023-04-26,188.22219848632812,192.82464704117172,187.56604827452807,192.61842635989143,3409000
2023-04-27,191.71853637695312,191.99974767277723,188.06283244024183,188.06283244024183,2498900
2023-04-28,194.81187438964844,194.85874533297866,191.54047706605053,191.78420025016615,2451900
2023-05-01,195.17738342285156,195.83353351391355,194.1650314382134,194.81181306475995,2282100
2023-05-02,193.068359375,195.43988294952385,190.5093663512929,195.43988294952385,2201800
2023-05-03,192.44967651367188,197.14586651995592,192.29969524933932,193.45266012802017,2386600
2023-05-04,190.096923828125,193.68702025506522,188.66276181121964,192.3840882820923,2375800
2023-05-05,192.91835021972656,193.58388311661702,190.57494668602791,191.26859928108274,2495600
2023-05-08,191.2686004638672,193.2089311642084,190.31248781136563,192.721513524345,1586500
2023-05-09,194.14630126953125,194.20254066872394,190.50934852606434,191.3154799548278,2249900
2023-05-10,191.52171325683594,195.683586404696,189.3282764225968,194.92432585949857,2715600
2023-05-11,190.56558227539062,191.63417373737224,189.19702828927362,191.2217324181863,3015600
2023-05-12,190.52809143066406,191.6904248280909,188.65336844946023,190.58434513462123,2261700
2023-05-15,188.9252166748047,190.2375170778406,186.86302419731894,189.7688363191847,2971500
2023-05-16,186.7411651611328,187.44418630867156,181.46381516998133,184.16342095349074,4683500
2023-05-17,194.2213134765625,194.4369026317486,186.3006111100924,186.88177070363858,3755900
2023-05-18,196.0585174560547,196.15224501597547,192.62777123635146,194.5024940707685,2275300
2023-05-19,193.34957885742188,195.46801089827073,192.1028862284037,195.28990990798204,2768400
2023-05-22,190.42498779296875,195.31801609026803,190.200030181232,193.75262406225875,3537000
2023-05-23,193.70571899414062,196.61154492641003,189.75943568491587,190.12500604257562,6507500
2023-05-24,190.87493896484375,195.8335753219765,189.44077692284682,193.79950245393513,2829800
2023-05-25,188.44717407226562,191.231139232054,188.31594401739022,190.28440914352453,3030400
2023-05-26,193.5839080810547,193.82761693090782,188.6158890883415,189.4032693444842,3072700
2023-05-30,192.81527709960938,194.44629142287982,191.01554455479518,194.03385003288022,2534100
2023-05-31,188.53152465820312,191.33422641286325,187.0036208233874,191.33422641286325,3894600
2023-06-01,191.14675903320312,191.91540234339993,185.11014856883435,188.37217694961853,2764800
2023-06-02,196.66781616210938,197.12712845117747,192.62779034171948,192.62779034171948,2834600
2023-06-05,193.82760620117188,195.53361096471016,193.34955699419194,195.25239965936856,2345700
2023-06-06,194.1837921142578,195.43985296437842,192.74963030868724,193.6026183170528,2804900
2023-06-07,197.9801483154297,198.58005916272225,194.9712113091168,194.9712113091168,3334600
2023-06-08,197.27711486816406,200.39851619178665,197.08963111883972,198.5800468291573,2409700
2023-06-09,196.0210418701172,198.2425984595843,195.69297391090623,198.02699500590046,2092700
2023-06-12,199.9954376220703,200.45474987723634,196.0960105948255,197.033372035817,2465100
2023-06-13,203.73553466796875,203.85738194106747,200.67972692022897,201.53272934692947,3056100
2023-06-14,201.40150451660156,204.6072793221166,200.36103261720618,203.21060545444098,3080300
2023-06-15,205.216552734375,205.84459754561752,202.2732381046341,202.28262087384783,3187000
2023-06-16,203.48245239257812,205.7414972207736,203.2668632351951,205.6008844027392,6874300
2023-06-20,201.96392822265625,203.1731183430029,200.98906418955292,202.3107474232591,3058300
2023-06-21,200.82972717285156,202.2920090122107,200.4641567130118,202.1326592531014,3364400
2023-06-22,201.364013671875,201.87955107847966,198.3644452898002,200.3985181231558,2780900
2023-06-23,201.73892211914062,202.84500170826058,199.75172052350146,200.52034943572042,3997300
2023-06-26,204.30731201171875,205.31028134566995,202.05763590503216,202.43258907431374,2498900
2023-06-27,209.5565185546875,209.95959140628665,205.27278426629812,205.27278426629812,4223500
2023-06-28,208.58168029785156,210.10956978247776,207.6724385190428,208.32858869369832,3372600
2023-06-29,208.86288452148438,209.79086320025175,207.92552307432504,209.24719184453926,3058200
2023-06-30,211.56251525878906,212.30303894996987,209.57531319679086,210.06274524515007,3633300
2023-07-03,210.52197265625,211.8905264587634,209.49088379961518,210.55009235124012,1498400
2023-07-05,211.3656463623047,212.73418612046873,210.08145140205343,210.35329424233336,2876400
2023-07-06,207.55059814453125,209.5565513421804,207.41936809619915,208.84416169452084,3011500
2023-07-07,208.0380096435547,209.87523013894724,206.90379595679613,207.20375849653433,2345400
2023-07-10,214.7682647705078,214.80576724061947,208.91913809722823,209.14409570589186,2536100
2023-07-11,215.058837890625,216.78359388731113,214.52454928359265,216.78359388731113,2219700
2023-07-12,217.57095336914062,220.3455493840545,216.62422351186584,217.23350269574567,2256000
2023-07-13,215.1619415283203,218.64892727610007,214.13085251229984,218.0021598883512,1882800
2023-07-14,214.4120635986328,216.39926529916255,214.17772323572126,215.54626294544434,1535900
2023-07-17,213.69029235839844,215.68687683747808,213.01539096555464,214.38394498521032,1951500
2023-07-18,215.5087890625,216.6429884844751,212.3592538041285,213.48408476004656,1858100
2023-07-19,216.42738342285156,217.683444326193,215.10570035293227,215.2181934523513,1649600
2023-07-20,216.5211639404297,216.88673439704945,214.11213773175356,216.88673439704945,1959700
2023-07-21,219.13638305664062,220.2987165332477,217.20542054294023,217.88969047285298,3348400
2023-07-24,219.34259033203125,221.03921235338427,218.94890021959034,219.53005977086008,2019000
2023-07-25,220.32205200195312,220.7458540451978,217.732133062557,218.85286392107542,1547800
2023-07-26,220.44447326660156,221.47101943249285,219.27665018275974,220.09600169876694,1720100
2023-07-27,221.22613525390625,223.4016789799814,220.7552409563283,222.33745326887808,1972800
2023-07-28,221.4050750732422,223.39224956308323,220.80233095346145,223.16622949976127,1767300
2023-07-31,220.63282775878906,222.2056130562951,219.18246521197474,221.3956742545889,2614800
2023-08-01,218.82461547851562,221.29209733353534,218.59858101165634,219.3802673760031,2029300
2023-08-02,216.13108825683594,218.44788035044365,215.93330631198907,216.3853608523544,2298100
2023-08-03,213.52235412597656,215.85798628509525,213.3622517572624,215.54719426210085,2436000
2023-08-04,210.1318817138672,213.0420196017196,209.47263252443062,210.96066033519003,2549600
2023-08-07,210.30142211914062,211.9401252797387,209.6515856090185,211.1490262111358,1902500
2023-08-08,208.050537109375,208.50259164411418,204.7636895002552,207.1935059766295,2152100
2023-08-09,206.85446166992188,208.28598446353698,205.78082316734918,207.73974531372917,2061300
2023-08-10,208.00343322753906,210.25430743330188,206.44948776740694,208.57792485514648,1815500
2023-08-11,210.668701171875,212.09079683131387,207.73973795458448,208.1541272515214,2356300
2023-08-14,212.74063110351562,213.28687022836917,210.63101941827648,211.30910837529785,2927400
2023-08-15,210.8099822998047,213.5600036203091,210.26374312119998,210.5180300977439,2079000
2023-08-16,209.21836853027344,213.6541999393038,209.18070330269404,211.70469029664062,1403500
2023-08-17,205.45120239257812,210.83823499106683,205.04624014306654,210.235490788396,1791100
2023-08-18,206.5813446044922,207.14640916799854,203.98199875247855,204.80136464392183,2250500
2023-08-21,204.9237823486328,207.77740071719532,203.66178904693962,205.89382347745484,2804800
2023-08-22,212.599365234375,214.05912607821074,208.35188942131293,209.13357568928348,4083500
2023-08-23,213.9649658203125,214.2569180026978,211.75175674327167,212.8065698038773,2390700
2023-08-24,209.9906463623047,215.61312655361212,209.981233647863,213.58827204525227,1994800
2023-08-25,210.08480834960938,212.9949319302449,208.84164039056807,210.78172277765842,1805000
2023-08-28,209.7551727294922,212.44868888764034,208.51200479316782,210.9512483584307,1726100
2023-08-29,213.23036193847656,213.49406159876588,209.7080673752495,209.77399947559869,1800600
2023-08-30,216.90335083007812,217.4119247700376,213.95554763267756,214.25692691125428,2839600
2023-08-31,217.06344604492188,218.33486648245605,216.9221834943312,217.4119176206364,3433100
2023-09-01,218.9752655029297,220.35028320263433,218.47611868707378,218.77749794146803,2562000
2023-09-05,217.016357421875,220.03950539082615,216.5548901684087,219.9453207751305,2569200
2023-09-06,216.24411010742188,217.73213802004022,215.46242373981224,216.83744160380695,2123900
2023-09-07,220.0112762451172,220.72703054053002,216.7526807614234,216.7526807614234,2576600
2023-09-08,217.82627868652344,219.67219066315667,217.25178706645147,219.18245656804115,2166300
2023-09-11,218.41021728515625,220.02066788824249,217.91107043198403,219.14481130946837,1657900
2023-09-12,217.0258026123047,220.23730571002906,216.969297586395,218.28779609280818,2192600
2023-09-13,215.5000762939453,217.49666354537987,214.85965256748003,216.1498983625425,2769400
2023-09-14,217.4307403564453,217.76978484422202,215.1987058614055,216.70557344498062,2621700
2023-09-15,207.21237182617188,215.0668868186171,206.82623497664298,215.0668868186171,9188500
2023-09-18,205.04624938964844,208.8887492439113,204.56594229682406,207.27828414587856,3447200
2023-09-19,204.83905029296875,205.3005319474886,201.74057167135177,203.8313294465343,3449600
2023-09-20,202.39979553222656,206.47774197643923,201.90064871386497,205.6207108843264,2490000
2023-09-21,198.35012817382812,201.2414121485013,197.94515154075938,200.61041541377168,2959600
2023-09-22,198.23709106445312,198.93400544352264,197.0504282104849,197.34238038231715,2940100
2023-09-25,200.1300811767578,200.46912565380882,197.78502234627547,198.1240668233265,3971600
2023-09-26,196.4005889892578,199.3860715075038,196.0427190920165,198.62321066764298,2782400
2023-09-27,194.91258239746094,198.0204733993051,194.26274593943944,196.90916970687437,2860000
2023-09-28,195.6848602294922,198.14292937780343,194.29101693954516,194.79016381440232,2379000
2023-09-29,195.74136352539062,198.13351491448546,195.23280394116912,196.6360599325806,2304800
2023-10-02,193.7636260986328,196.3441181230922,192.92543467081356,195.3081591017117,2264900
2023-10-03,188.50840759277344,193.0760736312009,187.1428170116055,192.9630635989963,3532500
2023-10-04,187.97158813476562,189.4407760898513,186.9167894737921,188.66851689036824,2569500
2023-10-05,188.1693572998047,188.40480443997697,186.03149324328547,187.27466104126057,2233600
2023-10-06,187.9245147705078,190.27898656931447,186.05977712960845,186.48357917928257,2250800
2023-10-09,189.0546875,189.27129489865683,185.0238326151828,186.11629669355415,1649600
2023-10-10,190.94764709472656,191.94594075558786,188.61201528718743,189.54437684526715,2209700
2023-10-11,191.4562225341797,192.24733598047135,189.24302766487796,191.92711689410203,2178900
2023-10-12,185.43817138671875,191.65398195510582,185.3157486395102,191.46562710739337,2488500
2023-10-13,184.35513305664062,186.42706526669116,183.43218417926946,185.55120869716188,2220300
2023-10-16,186.70960998535156,187.65139868641262,184.80719278545283,185.90908384122764,2139900
2023-10-17,186.6154327392578,187.29352178045406,185.50412892597024,185.98443600908604,1698900
2023-10-18,182.1984405517578,184.93903463171583,182.1325084476681,184.93903463171583,2694700
2023-10-19,179.37306213378906,182.5562978130377,178.77031800778752,182.28318544352052,2944200
2023-10-20,179.41075134277344,180.5973999577824,177.70611605712574,179.1187991385649,2776100
2023-10-23,177.41415405273438,180.4372876325082,176.99033765526946,179.32598390103,2322100
2023-10-24,176.42897033691406,179.21408038917892,175.2827062028305,178.24782391296927,2107500
2023-10-25,176.28683471679688,177.40468020994416,174.93217359882925,175.77528810465213,2406200
2023-10-26,174.9984893798828,178.5793592523122,174.78060974033295,177.10154177543174,2855500
2023-10-27,173.94699096679688,175.6805892700347,172.2702440374877,175.12167362693162,2371400
2023-10-30,177.83099365234375,178.45622861017387,174.10801681704874,175.0648197099301,2683200
2023-10-31,180.53085327148438,181.0139814655565,177.87835329421037,178.5414746747884,3181200
2023-11-01,181.21292114257812,182.07498621471504,178.75936466492328,181.10871531567187,3070100
2023-11-02,184.08331298828125,186.3000393264017,183.221247927358,183.52438294852942,2220100
2023-11-03,184.6706085205078,186.83049749519543,183.6664513863937,184.6232396178693,2755300
2023-11-06,183.99803161621094,185.4853315370971,183.0980801547324,184.3011810733196,1920400
2023-11-07,184.32962036132812,184.9169544321556,183.23072513755264,184.02647086995694,2150300
2023-11-08,184.42431640625,186.49895025862023,182.7191513623479,184.57589112947366,3077500
2023-11-09,180.455078125,184.62328233227063,180.36034029780447,182.16972583051344,3271000
2023-11-10,184.3485107421875,184.57585833166377,179.09088091116942,180.87183300022087,2381500
2023-11-13,183.62857055664062,184.18748608598088,181.9802424223177,182.83282494317706,3155700
2023-11-14,191.58604431152344,194.00169928100507,188.72513323236385,192.73229366987306,4237600
2023-11-15,194.05857849121094,195.39428919213796,191.76605053551995,191.77553299014696,2848500
2023-11-16,191.6239471435547,194.85431280229847,190.26928606696177,193.1870198403866,2705700
2023-11-17,192.96914672851562,193.41438843631735,191.59553515240773,192.58074192724843,2216300
2023-11-20,193.67018127441406,194.2006783757197,192.3912929762965,192.77969780223881,3159700
2023-11-21,187.62628173828125,191.11242843141414,186.26213800857545,187.11473506712287,5880600
2023-11-22,188.02415466308594,189.17988674263276,186.3474079116629,188.0336371185501,3232400
2023-11-24,188.58306884765625,188.90515429718332,185.89266807024276,187.5694291356629,1322200
2023-11-27,189.2935791015625,190.35457337910097,187.42735666020167,187.92943534189135,2345700
2023-11-28,189.51144409179688,190.42086355789192,187.55048397528142,189.0283014489072,2651100
2023-11-29,189.38829040527344,191.0461010857695,189.14199230795748,190.47771752543375,2119000
2023-11-30,188.35569763183594,189.6724722751693,185.9779288744385,189.6345713682609,3812100
2023-12-01,193.17758178710938,193.59440509220212,188.06205720906502,188.7062281678718,2965600
2023-12-04,196.61631774902344,197.7720495926127,192.98807951283223,193.01649796349756,3429700
2023-12-05,195.0721893310547,195.9626727025202,193.11124387800555,194.87326016804403,2552100
2023-12-06,197.70574951171875,198.70990674634652,196.0953078455255,196.0953078455255,2595400
2023-12-07,197.3268280029297,198.1509920659998,196.47423103134167,197.96153089063392,3069300
2023-12-08,196.88160705566406,197.4784235532257,195.31851967037466,197.09948670756646,2210400
2023-12-11,195.4700927734375,198.15101130732853,195.44167431712114,197.25105979573067,3390100
2023-12-12,197.70574951171875,197.8573242333504,194.9964127961377,195.91531467045806,3552100
2023-12-13,204.1001434326172,204.20434923752987,195.22375738263125,197.77205114871097,5170100
2023-12-14,213.6586456298828,214.0375824787762,208.44838321104197,208.80836960374995,7636600
2023-12-15,213.7059783935547,215.0417034569048,211.98186300136064,213.45021232564875,9581200
2023-12-18,212.256591796875,215.0417158925949,211.73556272200204,214.27438873458252,3132400
2023-12-19,213.54495239257812,214.4070173836202,212.68288740153605,212.79657567335175,3101100
2023-12-20,210.31459045410156,212.89130302074784,209.5851641756843,210.75983218506363,3727300
2023-12-21,211.77345275878906,212.6165672348619,210.52298304328664,212.00080037618193,2640200
2023-12-22,211.25242614746094,213.22285409903702,210.29563785165513,212.23763289576868,2368800
2023-12-26,211.08189392089844,211.91552586759937,210.90190077008918,211.15766681654105,1656400
2023-12-27,211.14822387695312,211.59346558022926,210.03986084591278,210.79771998691223,1449300
2023-12-28,211.15771484375,211.65032550722464,210.27671379567195,211.6408575068556,1543400
2023-12-29,210.82614135742188,212.18080248467524,209.3009550549774,211.1955957062147,2631400
2024-01-02,207.13160705566406,210.8735343329144,206.95162831542177,208.64732553163603,3277800
2024-01-03,201.08770751953125,205.4737911893608,200.95508324030243,204.97171252835432,3285400
2024-01-04,200.09300231933594,202.09184880442672,199.96984605019574,200.7371732087682,2487000
2024-01-05,201.31504821777344,203.03917824319686,199.3351520979988,199.5246132825055,2577900
2024-01-08,205.701171875,205.9664204574207,201.43822964399976,201.91188989188868,2462700
2024-01-09,205.57797241210938,206.0705830138519,203.98648125180972,204.04331815682607,2025000
2024-01-10,208.6094207763672,208.94097422611713,206.18426853654088,206.27900635359023,2311300
2024-01-11,208.56204223632812,209.22516356016607,206.6484511690008,208.5241413292741,1864800
2024-01-12,207.3778839111328,209.41461671098682,206.59160635192103,208.65675760349689,1603900
2024-01-16,208.8178253173828,208.9788825030375,206.23164471632032,207.52000101682447,2594400
2024-01-17,206.5631866455078,209.35777853587706,205.07588689128386,207.4441875534544,2824000
2024-01-18,206.7337188720703,208.61889159915634,204.46015578173353,207.46315959932934,3121900
2024-01-19,208.4199676513672,209.88831724444373,205.43591400653662,207.06530634202036,2851900
2024-01-22,208.2778778076172,208.76100604050382,204.87700081081354,206.33586796529048,2540800
2024-01-23,204.1934051513672,208.27783808924235,203.59358773377372,208.27783808924235,2375900
2024-01-24,200.46127319335938,204.98367183438143,200.31845188810686,204.85038066606774,3514800
2024-01-25,201.91793823242188,202.52727129594555,199.50916733070753,201.43238071431037,2892100
2024-01-26,201.82272338867188,202.803368557624,200.68022571420443,202.14644292734866,1912600
2024-01-29,201.68943786621094,202.5082305525068,199.75670882663698,201.63231516003975,2194700
2024-01-30,204.24102783203125,206.00237420570977,200.03281903536111,200.76591312653954,2742500
2024-01-31,202.64151000976562,206.2023086078657,202.51774899608898,204.80274427689014,3429300
2024-02-01,209.6774444580078,209.9916339051511,202.19406402214827,202.81292730687838,3265400
2024-02-02,208.97286987304688,210.3533884205794,202.32731476323204,207.116294917503,3304900
2024-02-05,207.56378173828125,207.8684555242196,204.5837693556677,206.91637173463087,2303700
2024-02-06,207.6685333251953,209.38228723179424,205.85957974623642,207.3638740349373,2147500
2024-02-07,211.06747436523438,211.69585320279631,208.39212102889428,208.81104025393557,3303000
2024-02-08,209.8297576904297,212.8764230841377,208.74438268993225,211.36261325958932,1909700
2024-02-09,211.61012268066406,211.65772977226126,208.6681874682805,210.22960419021356,1359100
2024-02-12,218.8459930419922,219.8742453372012,215.05670340924456,215.52321519527928,3258400
2024-02-13,214.6282501220703,216.89421427891034,212.93354207242155,214.15220820862638,3388600
2024-02-14,216.056396484375,216.28490185459094,212.1909381026864,215.17096541412755,2002100
2024-02-15,217.38931274414062,217.65589506671068,215.54226770372887,216.83710235377495,1925100
2024-02-16,215.98020935058594,217.97006094615344,214.57111490902594,216.38008279125174,2388400
2024-02-20,214.7044219970703,215.58033738846453,211.14363772539213,212.3051811749391,2580100
2024-02-21,216.87515258789062,217.1703107557459,214.24740664884976,214.89483115790475,1700000
2024-02-22,219.46482849121094,220.20745268279092,216.72283706370246,217.3797772010953,2115700
2024-02-23,221.41661071777344,221.9212139798495,220.08369918165664,220.3597970971215,2112600
2024-02-26,220.23605346679688,223.00660655900367,219.91233390162878,221.81650169078256,2928000
2024-02-27,224.1110076904297,228.0145571265924,218.99832227420083,221.29283321770234,5076700
2024-02-28,227.3576202392578,229.87112095530875,225.97710159900018,226.59595027398407,3288600
2024-02-29,229.1380157470703,229.82351727323714,227.11960265760487,227.51947612659444,3107400
2024-03-01,232.96539306640625,233.34622078469835,228.27161226278432,228.7571843103999,2712300
2024-03-04,230.49951171875,233.53664707374847,230.43285887429587,232.51792488289058,2321500
2024-03-05,229.2808074951172,231.3849043723149,228.60482166449117,230.17575398507128,2514600
2024-03-06,229.5664520263672,230.8517710280012,228.3668316117829,229.7663960259545,2367600
2024-03-07,230.13771057128906,232.45126736545225,229.85208250928642,230.52806843843774,1792900
2024-03-08,230.35667419433594,232.29893329606577,229.93775499483945,230.0329691865963,1502900
2024-03-11,229.4141082763672,230.5566058782296,227.4718492783204,229.75685900969043,2058900
2024-03-12,231.60391235351562,232.75594020533646,229.55693788501966,230.10914826189153,2095300
2024-03-13,235.5550537109375,236.6404286492355,232.53694984328112,232.53694984328112,2238000
2024-03-14,232.90829467773438,235.92639896961907,230.87083566409794,234.84102387875944,2492700
2024-03-15,233.00347900390625,235.40273439898994,231.93714972948985,232.52743707387796,5692800
2024-03-18,231.81336975097656,234.52681451136715,231.36588918308556,233.9269970421416,2480900
2024-03-19,236.13583374023438,236.30720185502582,232.7559332646005,232.78449461706575,2408400
2024-03-20,239.88706970214844,240.32502016772384,235.56460059100564,236.63092992734326,1882600
2024-03-21,248.49386596679688,248.81757096456315,240.82958865118073,240.83911878665037,3418500
2024-03-22,246.11366271972656,249.91246779051176,245.9898871766688,248.6176477668436,2493200
2024-03-25,241.8292999267578,247.02766965584294,241.57223321736228,246.32313689863213,2024600
2024-03-26,239.3729248046875,242.8194637645581,239.2396336440198,241.32469964333046,3048900
2024-03-27,241.19140625,241.2199676036182,239.20155446714892,240.2773993512771,2351900
2024-03-28,242.52430725097656,243.05747186542368,238.95399292818306,240.69630806102384,2631200
2024-04-01,237.33546447753906,243.08605915211027,236.61188597078538,241.210452777646,2363000
2024-04-02,232.73690795898438,235.1837705711253,231.8133854077827,234.4792232506026,2819700
2024-04-03,229.16659545898438,232.4417664513512,228.9666659722961,229.5093462495262,3144500
2024-04-04,226.60546875,233.5937751526047,226.41505488818342,231.88953694937717,2343600
2024-04-05,227.85272216796875,228.90952133301914,226.43411195038374,226.59596446739994,1680700
2024-04-08,230.9660186767578,231.08979422663631,226.56739591971467,226.84349384523588,2389200
2024-04-09,232.6797637939453,233.07963725434936,229.33795482136742,232.108507691856,2126100
2024-04-10,225.79617309570312,227.82410149177142,223.8063216553562,226.7292110511407,2955100
2024-04-11,224.15863037109375,228.77622845889877,222.01644164740614,227.5480466494826,2494600
2024-04-12,220.93106079101562,222.7114529456415,219.68383326915603,222.18780392144367,2117400
2024-04-15,218.98880004882812,223.5968969015403,218.18905310533341,223.5111983144436,1933100
2024-04-16,217.40834045410156,218.8364661469615,216.42769530721608,217.96053627101244,2201000
2024-04-17,217.89390563964844,219.8266346498952,216.3515344858437,219.20778597223548,1982300
2024-04-18,217.82725524902344,221.15954868730375,216.64668058572644,218.85550753901038,1993100
2024-04-19,219.20777893066406,220.98817098447694,217.9224599920173,218.49371608200383,2112200
2024-04-22,220.1503448486328,221.87361429490792,218.56036656042187,220.62638677424016,1872800
2024-04-23,223.43161010742188,224.05343145382292,220.23645354239162,221.20264938594735,2189900
2024-04-24,220.3033905029297,222.29319235708277,218.90671206688762,222.13056621574017,1485100
2024-04-25,219.9877166748047,220.64778234016927,214.93667215255127,217.89268439731538,1996800
2024-04-26,219.901611328125,223.1254801566424,219.75812196358447,219.99728063587662,2001200
2024-04-29,220.92520141601562,221.79574242327067,219.8728974954781,220.03552362918194,1527300
2024-04-30,218.10313415527344,221.250455659579,217.81614084737387,220.0259645031544,2435200
2024-05-01,217.653564453125,220.97308853962375,215.69246009756887,217.5100604678369,1713900
2024-05-02,219.6242218017578,220.24602859047073,216.56299332401406,220.1503738675627,1672800
2024-05-03,222.06361389160156,227.8225441799914,221.92010993073418,223.46986804499804,1834700
2024-05-06,221.65225219726562,224.76131490390878,221.16437376594362,224.6465234135005,1714000
2024-05-07,221.42266845703125,224.64652264302578,221.19307087991535,222.37930313271738,1912500
2024-05-08,222.0062255859375,222.90544995757486,219.06935000072326,219.62419988774676,1689200
2024-05-09,225.89016723632812,226.68417582713153,222.01579359574296,222.01579359574296,1652700
2024-05-10,224.83786010742188,227.04768400490357,224.2638734288425,225.54577506472475,1336700
2024-05-13,222.87673950195312,226.60762344261397,221.64268721048978,226.05277358691302,1983700
2024-05-14,221.53746032714844,224.9526385347224,219.89204751437822,222.76195154636068,2763200
2024-05-15,225.8423309326172,227.02856326391745,224.6465375088786,224.8856961936263,2103600
2024-05-16,222.18797302246094,224.79002060766769,221.67139670054056,224.19691175711333,1847300
2024-05-17,221.08786010742188,222.94373387853065,220.16948431452187,222.5802079984324,1968800
2024-05-20,219.23196411132812,221.05913982215296,218.34230088075827,220.22687233586674,2684400
2024-05-21,215.10888671875,221.7479341035412,211.80849980820537,221.7479341035412,5397700
2024-05-22,211.54063415527344,215.65415165402536,210.66053199010813,214.43923610484535,2769800
2024-05-23,208.0489044189453,212.22940786239937,207.4175366290911,212.1432996481171,2636600
2024-05-24,205.8773651123047,208.80466502847895,205.4373067171072,208.2976497931723,2632200
2024-05-28,206.0303955078125,207.39839061863805,204.69111286519438,205.46598457964387,3072400
2024-05-29,204.97811889648438,205.31293227937775,203.55272795494207,204.365873279416,2359800
2024-05-30,206.11651611328125,207.3505684369699,204.17453426907295,205.97301215195853,2778100
2024-05-31,211.6936798095703,211.81804698780147,206.66178669775465,207.11140616065094,4598400
2024-06-03,207.3314208984375,211.43539166768562,206.63308170024578,210.16306584815877,2480500
2024-06-04,207.14012145996094,208.86206693112612,205.7817018652328,205.96346480345133,2291200
2024-06-05,209.95262145996094,210.1248087015597,206.40350025488485,207.38883284071045,1727900
2024-06-06,208.9768524169922,210.65096318301974,208.5368086185768,209.72302633351177,2033900
2024-06-07,207.2740478515625,208.76639571393778,205.43731089809387,206.9105219784396,1602400
2024-06-10,208.6420440673828,208.91946172117164,206.72877457422786,207.0635879772773,1851500
2024-06-11,208.8811798095703,209.0533670384383,205.68600901318686,208.393286800272,1910100
2024-06-12,215.26194763183594,217.14651918793714,212.20071946360395,212.20071946360395,3609500
2024-06-13,217.02215576171875,217.53873209398583,213.69307098344058,216.1707514346075,2116600
2024-06-14,213.6643524169922,215.96026971130112,211.81803997360458,215.0610308152862,1936600
2024-06-17,216.93606567382812,217.37610948309813,211.99982687579194,212.71730293607322,1700800
2024-06-18,217.8927001953125,219.26068087556385,217.1082526969482,217.64396581920292,2072900
2024-06-20,217.66307067871094,218.46664024424106,215.33845559333764,216.96473150369684,2377800
2024-06-21,218.6771240234375,220.12165177217628,216.7255956451823,217.80658293734936,3627300
2024-06-24,218.48582458496094,220.03556831256813,217.87357888788623,218.83977479507152,3463000
2024-06-25,207.82888793945312,217.21347198222085,207.5705924840586,216.9647522159328,3892000
2024-06-26,209.29254150390625,209.65606736619478,206.50873098362675,207.07315655851872,2601200
2024-06-27,210.268310546875,210.76576467940188,208.62289769066751,210.02915187122957,2654600
2024-06-28,210.8997039794922,211.95199344909236,208.90032625278488,210.62227172687085,12630400
2024-07-01,204.2989044189453,210.9379515797091,204.2223718912115,209.92392113213876,2569200
2024-07-02,204.43283081054688,205.53296946486577,202.615230734141,203.46663502634394,2173700
2024-07-03,204.0501708984375,207.58971613430566,203.8110122392966,206.47045536117656,1423500
2024-07-05,204.61459350585938,205.52339354303302,203.313569742014,203.4666347958986,1907400
2024-07-08,207.7332000732422,208.83333863485024,205.47554180594867,205.67644149710543,2947500
2024-07-09,206.9488067626953,207.77151326951835,205.87738046435408,206.60441765293012,2571700
2024-07-10,211.16754150390625,211.33016764553446,207.48449219964405,208.13501136324356,2007000
2024-07-11,219.78683471679688,220.00685662301754,213.8461264721356,215.82636741938535,3006900
2024-07-12,223.9290313720703,227.73643303458414,220.35121267393603,221.09738650234112,3180600
2024-07-15,222.10186767578125,224.89523913655324,220.62865671934506,223.85251085850456,2074600
2024-07-16,230.52029418945312,230.55855315960807,222.034947990694,222.7237262301946,2356500
2024-07-17,232.50050354003906,234.97819863976537,227.43035103567095,229.06618828607262,3958800
2024-07-18,228.9896240234375,236.2600529649089,227.59294565440425,231.45774309150934,2606700
2024-07-19,228.17654418945312,230.57769236254353,227.5356006037379,229.01837291549523,2739300
2024-07-22,229.8506317138672,230.93161903768384,226.31108611612183,229.06618422508308,2308500
2024-07-23,227.97561645507812,231.48646410530563,227.21988145341408,230.63505979336585,2211000
2024-07-24,222.69822692871094,229.83087444068343,222.4867455881836,227.33157217570374,2756800
2024-07-25,225.67819213867188,229.43676051659992,222.09263128876455,222.84243814123505,2142600
2024-07-26,229.619384765625,233.12804166584226,226.9278308345533,227.10085301532126,1942500
2024-07-29,230.51339721679688,231.64769295042356,228.13905040583782,229.04264987791066,2082300
2024-07-30,232.05142211914062,232.9934807306555,229.07148300454568,230.8882893726531,1782500
2024-07-31,236.00225830078125,239.34750073514618,231.89763090192386,233.2434079723902,3054700
2024-08-01,232.01296997070312,238.65537330224203,229.76359352596637,237.2711371307519,2022800
2024-08-02,231.10935974121094,231.2054929527979,226.09151118804152,229.04262770290998,2258800
2024-08-05,227.84104919433594,231.65730616473078,223.72679978564676,227.17776813213524,3058000
2024-08-06,231.33045959472656,234.75260554151816,226.5433217195977,226.5433217195977,2319500
2024-08-07,222.621337890625,233.91630210142097,222.15032323863306,232.3398140663736,3355400
2024-08-08,227.17776489257812,227.6391720592326,222.0541754478577,223.19809324399364,2084300
2024-08-09,226.69711303710938,228.54275624856237,225.2263658737973,226.64904643240035,1675500
2024-08-12,222.12147521972656,225.658954667656,220.49692065396079,225.658954667656,2592300
2024-08-13,227.04318237304688,227.61993765215826,218.81468384762442,219.93937204315412,2860800
2024-08-14,228.43702697753906,230.3691813731041,226.6682873118395,226.69712434252935,2098500
2024-08-15,230.76332092285156,233.5317933788659,229.03302563784257,232.89734932971763,3029400
2024-08-16,231.8111114501953,232.78200712621006,229.8789568890037,231.11899331857165,1725700
2024-08-19,233.7913360595703,234.1085434091119,230.84982680753942,232.87811449374863,2708600
2024-08-20,231.02285766601562,236.3483063018986,229.4079105891257,230.70563565684316,3910400
2024-08-21,232.9838409423828,233.30106294042744,230.5614424138273,232.14753773618165,2676500
2024-08-22,231.00363159179688,233.89707420363249,230.4076467176987,233.58945964418214,1979900
2024-08-23,240.38568115234375,241.50074731099525,231.51311581860722,232.29174503903127,2685400
2024-08-26,240.79901123046875,243.3944467412951,240.43372260753858,242.1255733513249,2790500
2024-08-27,238.94375610351562,240.2510739559235,238.04015668492963,240.18379243957628,1772500
2024-08-28,239.2994384765625,240.73172667020233,237.3576618099782,238.85724619230004,1372000
2024-08-29,237.2134552001953,241.03931945381487,236.84816659264894,240.31836436073266,1612900
2024-08-30,238.87646484375,239.41477565710213,235.89651112543265,238.2516429356526,2586900
2024-09-03,235.95420837402344,239.78007293662887,234.1854539218993,237.6268149376217,2460200
2024-09-04,235.94456481933594,236.3194608772479,232.72430757005822,235.3774170054455,2094700
2024-09-05,234.65647888183594,236.80973684090196,232.2340655113704,236.80973684090196,2083100
2024-09-06,234.3680877685547,237.87674481553887,233.72403628897413,235.36782041437337,1889700
2024-09-09,235.25247192382812,236.22336759734017,232.95502872468225,235.75233827712788,1823000
2024-09-10,237.7998504638672,238.76112399353875,233.21457162033028,235.00254097223416,2112900
2024-09-11,237.7998504638672,238.2420280735089,230.70564712117272,235.56968883445157,1841500
2024-09-12,242.2889862060547,242.43317136247714,237.93441846766382,238.9629734751726,2222400
2024-09-13,245.51885986328125,247.4414067983503,242.82729122061076,243.192579831992,2118100
2024-09-16,246.7012481689453,248.13353631420352,244.37495336248065,247.0953444933636,1591300
2024-09-17,246.77813720703125,249.44085427476068,246.08601910486922,246.46092985575427,1343500
2024-09-18,246.69163513183594,251.824832354015,245.65345794063057,247.17227190547524,1625200
2024-09-19,250.89236450195312,252.12279331535316,249.49850629820307,250.7866385061137,2261300
2024-09-20,250.065673828125,251.42104349296977,247.96048275655687,249.23896345790314,4470300
2024-09-23,252.1324462890625,252.29584636366994,248.27772998683287,250.70012875895318,2131000
2024-09-24,255.73716735839844,257.7077659693386,253.24747293031797,255.05464216588152,3414100
2024-09-25,254.7086639404297,256.27554458353967,253.69933840671365,255.84295973438032,1815500
2024-09-26,255.3238067626953,256.4004575834905,249.24858133475212,255.83330981317272,2254500
2024-09-27,256.7945556640625,258.3037324041878,255.4487496162446,257.38091827814793,1852300
2024-09-30,260.3609313964844,260.7646498354535,256.72731876706774,258.03463663614343,2032800
2024-10-01,262.0816345214844,263.5427597553262,257.8327925265143,259.5534803935007,2552400
2024-10-02,261.331787109375,262.33151971548835,260.2647876566459,261.25489814078367,2244200
2024-10-03,259.7456970214844,261.7547550605095,258.21727571913715,260.96653310751884,1634600
2024-10-04,257.390625,259.98604608302577,252.96876063338274,259.5438684470866,2245600
2024-10-07,258.1403503417969,259.4572901208398,253.38203558548577,254.88161964556585,2302100
2024-10-08,262.687255859375,263.6389367794536,259.36125704072725,260.00532333339163,1947900
2024-10-09,266.44580078125,267.33018537234466,262.6968397297709,267.33018537234466,2431000
2024-10-10,262.6295166015625,264.3982562665916,260.49548832410835,262.25463520273667,1714400
2024-10-11,265.0808410644531,266.01327771339317,263.3986121137903,263.3986121137903,1303600
2024-10-14,269.8583068847656,270.50234366993607,264.84045828921967,265.0134804700949,1760300
2024-10-15,270.9156799316406,275.8950986321088,270.47350236448074,271.002220356448,2369100
2024-10-16,273.0497741699219,273.3862258214977,269.9352568672362,270.204412321348,1754900
2024-10-17,270.4158935546875,274.1936920343288,270.1275231882051,273.00172207187575,1574200
2024-10-18,270.7330627441406,271.4443956944786,268.28179789766716,270.88684067739996,2031100
2024-10-21,266.11895751953125,271.75203559629966,264.99428393014705,269.714111093693,2438300
2024-10-22,261.6778564453125,262.83139630511715,257.78471075601203,261.4855900234327,3102500
2024-10-23,260.7510986328125,263.1644775596729,259.9112474798958,261.28205967283697,2109400
2024-10-24,261.9577941894531,262.9424716690389,260.4422145778779,261.32068806291164,2025900
2024-10-25,258.3667297363281,261.7840533658484,257.0345397457515,261.09866194323087,1788000
2024-10-28,258.6852722167969,261.7937055806866,258.3280968345805,260.83801691365426,2140300
2024-10-29,253.85853576660156,255.88578021298227,251.49341233579142,254.08057726155704,2311100
2024-10-30,252.33328247070312,256.242944877435,251.19414513153424,253.433768034741,2356300
2024-10-31,252.75802612304688,254.40879876408025,251.91817484613324,252.34293195678782,2950700
2024-11-01,252.86422729492188,257.5268630552388,252.50705187864907,256.3491327998496,2262400
2024-11-04,255.79893493652344,258.2991926059825,253.28901432163573,253.31797369772215,1741700
2024-11-05,259.85333251953125,259.940210626938,254.9107371191094,254.9107371191094,1562500
2024-11-06,252.66151428222656,256.9283523531575,248.33672800517328,256.9283523531575,4439300
2024-11-07,257.0731201171875,257.88404138874785,253.40479580954556,253.68475602329394,1972500
2024-11-08,261.70684814453125,262.479117709778,258.6273739072824,259.6603072824514,2102400
2024-11-11,264.99871826171875,266.72667668249807,262.85563619878025,264.06232588601597,2252100
2024-11-12,260.5484313964844,267.1803932044243,260.1043778404018,266.19574502523324,2634600
2024-11-13,262.8846130371094,264.7959907741431,261.4365853162295,263.2707478706374,1819900
2024-11-14,260.9828186035156,263.91749580240827,260.4615204753782,263.21277850807803,2324000
2024-11-15,260.06573486328125,262.52739930601325,259.15830193367424,260.5484106998724,2264000
2024-11-18,262.3536071777344,264.13951362134003,258.0674434971586,259.1293362036426,2600600
2024-11-19,250.27708435058594,255.80853058635898,249.50478533550927,253.97436829836903,4214000
2024-11-20,253.91644287109375,254.524619123147,249.97782110855943,250.31567061730516,2864200
2024-11-21,256.03057861328125,256.4842950899109,253.173145835037,254.9107671079784,1844800
2024-11-22,255.50924682617188,257.6619914358816,253.81024809358163,256.88969250271145,2410900
2024-11-25,265.7806091308594,266.0702028262902,259.18724121635415,259.6216612196932,3691700
2024-11-26,264.9600830078125,265.2593396788218,261.5813520484985,265.1145428154618,2422300
2024-11-27,263.72442626953125,266.8135634114946,263.11625000106636,265.61650730238136,2263800
2024-11-29,262.9906921386719,264.6704237181401,262.50801640690753,263.26098937005236,1526400
2024-12-02,262.6239318847656,264.3132974477889,260.1140409021462,263.965784958576,2202700
2024-12-03,264.8828430175781,265.88678748294643,260.5870165591277,263.4637749692089,2459100
2024-12-04,262.8363037109375,264.6222102952519,260.89596677550753,262.981130037928,2081000
2024-12-05,260.7124938964844,263.37684407735065,260.200858765721,262.21843992137985,1959800
2024-12-06,263.9560852050781,267.3348158599599,261.73578827309024,262.4694649282693,1745700
2024-12-09,264.651123046875,270.9162746749668,263.2610144501471,264.50632620558906,2647000
2024-12-10,260.7510986328125,263.4733971327571,259.28377485095046,263.03900660203743,2214700
2024-12-11,258.61773681640625,263.8789158187052,257.98060110429714,261.95784573728275,3297100
2024-12-12,254.37013244628906,259.090715648518,253.935712466384,259.02313396983214,2391600
2024-12-13,253.29864501953125,255.5768608754877,252.98972540713845,254.01299584551833,1999300
2024-12-16,251.08795166015625,254.86247987032488,250.9431548153042,253.6654238790994,1964600
2024-12-17,248.8193817138672,250.96246350296275,247.43893595851026,249.4854766929235,2402100
2024-12-18,241.1544952392578,250.64391853160834,240.99038722506998,248.4911737293919,3084400
2024-12-19,236.04779052734375,241.94608972165898,235.68095218524417,240.37256181222892,4159000
2024-12-20,239.1369171142578,240.57529640685723,235.54580771979414,236.06709114088193,5693100
2024-12-23,238.7990264892578,239.3299728284194,236.73317460332652,237.71783738412645,2079000
2024-12-24,241.55029296875,241.55029296875,238.63492683806092,239.38789995266117,992100
2024-12-26,240.7876434326172,241.47304955246437,239.23344149160334,239.63888739753259,1435200
2024-12-27,239.73541259765625,241.41512968301174,238.7314534157828,239.74507554090945,1581100
2024-12-30,238.1812286376953,239.33964776971456,236.05745777397695,239.31068839617146,1622800
2024-12-31,238.24879455566406,239.60028099852582,237.27377994393757,238.68319986014836,1397900
2025-01-02,238.42254638671875,241.21241206594635,236.7428439430222,239.6678582640426,2741000
2025-01-03,239.8705596923828,240.15051990319296,237.39926197124012,239.52303252971612,1889200
2025-01-06,241.0869140625,243.94434655172805,238.72179085669953,240.1215624617966,2573400
2025-01-07,238.0267791748047,242.94041586349798,237.60202206385864,241.46342891958898,1803500
2025-01-08,238.33566284179688,238.67354180362722,234.54183801429758,236.93590592725099,2364900
2025-01-10,239.31068420410156,241.3379286971973,236.02849426585897,238.44187355283094,2537800
2025-01-13,240.04432678222656,242.45770572583433,238.19085352114732,239.48442109969804,2689700
2025-01-14,242.48667907714844,243.62578693376904,240.6428539226894,241.3475564904309,2055100
2025-01-15,247.82508850097656,250.75010296056882,247.17828990236498,248.89661474232025,2880600
2025-01-16,249.81369018554688,250.53770389805544,247.04313575931172,247.90228337885466,1882300
2025-01-17,252.01470947265625,252.94143884487056,249.4372369617674,250.95281672314215,2758500
2025-01-21,255.1907196044922,257.59443583315567,253.58823229865155,253.8874889592404,2804400
2025-01-22,250.14894104003906,254.56047060653611,249.89684349146867,254.56047060653611,2074100
2025-01-23,253.36790466308594,253.54242006886892,249.95500114246332,249.95500114246332,2614300
2025-01-24,254.2211151123047,254.97737808037243,251.4869222320172,252.96065710625135,2021600
2025-01-27,260.2518615722656,260.99841944490447,254.99678179523437,255.12283056608933,2178700
2025-01-28,256.3638916015625,258.82660657549945,255.588218198122,258.14789604610337,1459100
2025-01-29,253.76547241210938,258.4872718225037,253.45520302611243,257.1298802449136,2092400
2025-01-30,255.9663543701172,258.4484499847749,254.46353344328236,255.62699911888922,1630400
2025-01-31,252.1269073486328,256.1409104292614,251.70996989952044,254.29873395886978,1735100
2025-02-03,248.694580078125,250.8082345150716,244.69995841889352,248.24858638705217,1862000
2025-02-04,249.40240478515625,250.37197440819068,247.35659749431693,248.1613420567705,1976300
2025-02-05,250.60464477539062,251.54512842996544,247.114188449705,251.03125774791414,1693300
2025-02-06,249.1309051513672,252.67950362970504,247.92863359570086,252.19471885968014,2397400
2025-02-07,244.2733612060547,249.5187361599105,243.70131870720886,249.00486546847847,2163600
2025-02-10,248.6364288330078,249.04363149233552,244.87449407738185,247.55051562291285,1980600
2025-02-11,249.20846557617188,250.08107227202834,247.82198819139543,248.20981010189664,1549900
2025-02-12,242.64447021484375,243.36195700772373,239.00858440297537,243.11956462026583,2634000
2025-02-13,244.97145080566406,245.60166510760615,242.52813134982014,243.98248570303193,1832100
2025-02-14,244.12789916992188,248.61702550704015,243.60433814674946,246.75543903819994,1805900
2025-02-18,243.08079528808594,243.71100959568696,240.83138676691388,242.84809326347784,1989400
2025-02-19,239.17340087890625,241.30646564765038,237.66087480249254,239.72606260384177,2513300
2025-02-20,238.92132568359375,239.17340843947912,236.68162240006927,238.68862366661384,2025700
2025-02-21,231.89195251464844,240.20117083923995,231.48473507017403,239.8521252019108,3165000
2025-02-24,229.86553955078125,232.17311970218955,228.75052574563693,231.57197655008812,4871400
2025-02-25,235.0139617919922,237.0015823212732,230.75755207449717,230.75755207449717,4380900
2025-02-26,239.5515594482422,245.25261842836318,233.73414206012782,244.26365332993564,4664300
2025-02-27,238.02932739257812,240.8895546406443,237.47666564108064,239.5612490753683,2702100
2025-02-28,241.0737762451172,242.11122278184723,236.86584788027812,240.61807736564143,3011000
2025-03-03,238.66925048828125,242.08212474535685,236.3810656960936,241.11255516891222,2740900
2025-03-04,232.55125427246094,237.22457164529945,231.80468160287901,237.166399841467,2791800
2025-03-05,235.56663513183594,235.605411406045,230.56365247476606,230.7575634347272,3175800
2025-03-06,236.09019470214844,237.8451132894947,232.73547741776386,234.4613248954816,2596500
2025-03-07,235.27574157714844,235.65387309544323,231.10658971232345,234.69399395156108,2570600
2025-03-10,235.00428771972656,239.11525341365683,233.73415389280157,235.12063133915228,2497500
2025-03-11,225.58975219726562,234.66492404955687,224.5426152764869,234.4613227228391,3294600
2025-03-12,221.38180541992188,227.6064398264215,219.51052859425928,225.9193835726303,2825500
2025-03-13,215.8843536376953,221.41089696235755,213.470120198349,220.80006342837018,3193600
2025-03-14,217.61021423339844,217.92046882773852,214.29428781151955,217.51325135078412,2672300
2025-03-17,218.977294921875,219.73355800851184,216.60183762223969,218.1531548634965,2821300
2025-03-18,216.16552734375,218.71549998421514,215.7971009764635,218.0270990969241,1811800
2025-03-19,218.64761352539062,219.01605467114408,215.65164730864052,216.9896579584133,1944100
2025-03-20,219.3748016357422,222.57438411807468,217.19327014248694,218.67671037434394,1924200
2025-03-21,220.16018676757812,220.2765303909501,214.27489191103442,217.51325098019623,6353400
2025-03-24,225.80303955078125,226.03574155605136,221.43028644558223,221.43028644558223,2485100
2025-03-25,223.6699981689453,226.05513093772535,221.12973072405325,225.24069607982275,2476800
2025-03-26,224.98861694335938,226.46236680119802,223.64091586119494,223.77665500636053,1790500
2025-03-27,225.10494995117188,226.76292031244625,223.83481626814182,225.65761166974883,2425000
2025-03-28,221.46908569335938,225.55098020853862,220.51891163022438,225.41524105666218,2118300
2025-03-31,226.13272094726562,227.82946780190267,219.84022350909365,219.84022350909365,3465700
2025-04-01,226.88897705078125,227.37376185138118,223.46639754210227,225.3279694010711,2212800
2025-04-02,228.12033081054688,228.92507534155635,225.07588290495403,225.07588290495403,2534400
2025-04-03,215.74862670898438,219.28754975204913,213.8967452637339,216.01039984311976,4475000
2025-04-04,216.49517822265625,222.83617136199587,212.37450763681755,213.9355152034665,4829800
2025-04-07,210.3384246826172,218.7833673443792,205.25787481465045,211.41464749607064,4478000
2025-04-08,205.2482147216797,217.067271879299,201.26328261316803,213.32473219881246,3294400
2025-04-09,216.40792846679688,217.4841512981922,200.10946610601667,202.44613235711623,4106200
2025-04-10,214.4687957763672,216.6018459694537,206.86737354907862,214.23610853733192,3482500
2025-04-11,213.64466857910156,214.43970796282602,207.3230706061482,212.67509897319587,2904000
2025-04-14,217.31932067871094,218.73489874647203,213.79008807059373,216.1364446314531,2766100
2025-04-15,213.7998046875,218.1822637810213,212.1418488205533,217.18360819475393,2805200
2025-04-16,207.8854217529297,214.61423715266125,206.80919890377294,212.6750979501776,1916400
2025-04-17,212.33572387695312,213.97429872512578,209.21370885374458,210.41598037886965,2166900
2025-04-21,206.29531860351562,211.53098828891814,204.00713385923407,211.0462035108454,2769700
2025-04-22,212.40362548828125,213.8385843951444,208.04056216267193,208.26355903464358,2224000
2025-04-23,212.2476348876953,219.94766382365898,211.653075785504,216.5070231597987,2382500
2025-04-24,216.42904663085938,217.29651664552432,210.81484530221505,212.24763502691872,2243200
2025-04-25,215.31793212890625,216.7117262568519,213.222347874244,216.58502716410393,1493700
2025-04-28,215.5518341064453,217.88133338824562,213.74867366933674,214.91829406388587,2046700
2025-04-29,217.61817932128906,218.21273846344587,213.75841565092955,213.75841565092955,1603900
2025-04-30,217.90081787109375,218.32968212630368,212.66675837575738,216.31207479998315,3455500
2025-05-01,216.69224548339844,219.83072139885945,215.59084530619015,217.8326265651177,2067800
2025-05-02,221.43893432617188,221.9652582688611,218.27120454569587,218.83652426045356,2318800
2025-05-05,219.4895782470703,221.36097388527858,218.41741752451483,220.2888131627231,1878300
2025-05-06,217.36474609375,218.99247012814837,216.34133756659006,217.50120155553998,2175700
2025-05-07,217.85208129882812,219.36284770365953,216.08790186624626,217.3062594713475,2924000
2025-05-08,218.79754638671875,220.8931305672075,216.80919315192546,218.88527944478497,2405700
2025-05-09,216.63372802734375,219.47980966509067,215.77601436951446,218.0177805097223,2053800
2025-05-12,226.88743591308594,227.84262415517338,224.44097908346853,225.15249579331217,3496600
2025-05-13,224.92832946777344,229.39239386845782,223.76845055694213,229.18770323079855,2963100
2025-05-14,222.72552490234375,225.3181936088661,222.2674212259082,223.6904695368095,2291000
2025-05-15,226.56578063964844,226.76071488485786,221.2245049837564,221.43893711524564,2489200
2025-05-16,228.3007354736328,228.35921426372556,226.02971493233775,226.71200714350124,1818200
2025-05-19,228.4956512451172,230.02591553388126,224.13881813785923,224.52868662195576,3387000
2025-05-20,225.3961639404297,231.52693305569625,224.32400326564706,231.0006090978674,3459500
2025-05-21,221.6143798828125,227.23832299854135,219.4798148855975,226.809458723161,4541600
2025-05-22,218.0860137939453,221.69234937156276,217.32575982951627,220.3570341803914,3116700
2025-05-23,215.47386169433594,217.32575932181797,214.68435346616906,215.31790835006623,2958400
2025-05-27,220.0938720703125,220.10362845000665,216.38032030415675,217.64741524440782,3418200
2025-05-28,218.83653259277344,221.01981999079717,218.68057924362034,219.30437776770282,2214500
2025-05-29,219.2361297607422,220.27905099052902,216.04891703206476,219.83068885610453,2739400
2025-05-30,220.01589965820312,220.54223850586567,216.77994938593503,218.24197860550603,4127300
2025-06-02,219.81121826171875,220.17184736742598,215.72728103346128,218.41740937440574,3890400
2025-06-03,223.00819396972656,223.51503493175147,219.52855727735894,220.18159521278992,2456200
2025-06-04,222.6085662841797,224.27528612273468,222.08224231399555,222.88147721279813,2301100
2025-06-05,221.82882690429688,223.99263144069465,221.29274652410265,223.12516132457347,1985100
2025-06-06,219.5675506591797,223.3298397499756,219.08020758976326,223.0179330467346,2216900
2025-06-09,217.94955444335938,219.97690326980876,217.4817092903416,219.97690326980876,2523400
2025-06-10,219.19715881347656,220.21082582456685,216.51677200938104,218.37842604999634,2174400
2025-06-11,215.99044799804688,220.90285945019485,215.0742406747323,220.90285945019485,2378000
2025-06-12,217.84234619140625,218.65133744966178,214.18727326873164,215.99044852626304,2485900
2025-06-13,211.77005004882812,217.59866867823015,210.853842748473,215.6492965064207,2425900
2025-06-16,210.6101837158203,213.0761384695838,209.37232814901037,212.8324669336583,2392500
2025-06-17,206.55548095703125,210.3177699786175,205.77572908580296,209.60625327466678,2518600
2025-06-18,205.49307250976562,208.28067535422178,205.0837061319471,207.1792753006077,2528400
2025-06-20,207.36447143554688,207.53990779782958,205.00573281661227,206.30206713719966,6148400
2025-06-23,213.03717041015625,213.25158769196844,206.42878427475935,207.4034704772178,2639500
2025-06-24,214.4114532470703,214.83057602163927,212.19892641404365,213.45626499269002,2210000
2025-06-25,215.11322021484375,216.00018813904157,212.66676344749874,213.94359986435094,2082900
2025-06-26,215.62982177734375,217.1698277431613,214.47969921127614,215.649319665464,2254700
2025-06-27,217.96905517578125,219.51880249025535,215.66879540732057,215.81499237188248,3256700
2025-06-30,216.25360107421875,219.14841999208386,214.08979673414723,218.3979224004371,2735300
2025-07-01,222.85223388671875,226.29287470059077,213.59271574651848,213.96310123133605,3974500
2025-07-02,221.1952667236328,223.58324470287178,219.85019514149764,223.32983167005443,2174300
2025-07-03,222.53057861328125,222.7450107426764,218.36866484869432,221.23424433013025,1777900
2025-07-07,219.29464721679688,222.49161667151023,217.01387027093972,221.9750341900952,2740500
2025-07-08,218.00804138183594,221.0880530721635,217.74487196668946,218.3784268644473,2672000
2025-07-09,219.85997009277344,219.94768828009722,216.48754934563823,218.52463990476642,2339400
2025-07-10,222.14071655273438,224.52869456550036,218.81703332349156,219.0704463598668,2417100
2025-07-11,218.45640563964844,220.97109762321668,217.78386983476588,219.86969754434932,1840100
2025-07-14,216.77020263671875,218.50514286455387,214.23602746705882,217.61818973506493,2767000
2025-07-15,209.56724548339844,217.41347128122385,209.469785800415,217.3647340034676,2947200
2025-07-16,211.1170196533203,211.1657420613223,207.1792793978088,210.044858971738,3604400
2025-07-17,213.04690551757812,213.48551132100133,210.38601642911544,210.87335951570358,2474000
2025-07-18,213.61221313476562,214.2847489356156,212.05270939735902,213.75841010341566,2399100
2025-07-21,215.31793212890625,217.10160966058334,214.06057860160269,214.46020351322824,2904400
2025-07-22,221.08807373046875,221.48769864404485,215.8929944715732,217.01387765864337,2880000
2025-07-23,224.00807189941406,224.38042726831273,221.22524480456357,222.11691510391344,2337000
2025-07-24,221.01947021484375,224.86055874082845,220.97047372553598,223.46914516393826,2083500
2025-07-25,222.23451232910156,222.7538422174049,220.55892810060826,221.94054834758688,2053500
2025-07-28,225.36029052734375,227.18284919475647,220.96066916014962,222.18550657234556,3302200
2025-07-29,225.40928649902344,226.1931854833599,223.55733281123864,225.6934571697648,1852900
2025-07-30,222.85182189941406,226.47735277898653,220.98028160484319,225.61506241390387,2047400
2025-07-31,219.0695343017578,223.7239166153224,218.49139966167698,221.35261815287276,2778400
2025-08-01,221.84254455566406,223.55731692067533,217.29594871164215,219.01072107665343,3400900
2025-08-04,229.1033935546875,229.8285027095709,221.72497393271544,221.85236181237,3871300
2025-08-05,232.67994689941406,233.49322587735455,229.4169778632917,229.67173869178617,3107000
2025-08-06,233.4932098388672,234.88463836124689,231.80784723682595,232.77790894334413,2448700
2025-08-07,233.7577667236328,236.40341252863288,231.8470233617788,235.1687818067338,1948300
2025-08-08,236.29563903808594,237.2657156981701,233.50301857384312,234.28691754598523,2746100
2025-08-11,235.0218048095703,238.2749651485948,233.0228618124725,236.6875806727329,2689500
2025-08-12,239.94076538085938,240.42090706998036,236.08988340523453,237.0697534185697,2973200
2025-08-13,251.17005920410156,253.29639022142123,241.76331635254283,242.517820424765,6030300
2025-08-14,247.9561004638672,248.67140136002584,246.50589708557,246.9370273157227,3635000
2025-08-15,246.9860382080078,249.05356457639186,244.40897523583757,249.05356457639186,3026800
2025-08-18,245.83956909179688,247.9070952669899,245.42802551045028,246.63326135236736,2977000
2025-08-19,251.19944763183594,253.17880408155509,249.63166467280615,249.63166467280615,4702600
2025-08-20,251.96377563476562,262.13480069141536,251.28766297073074,260.05748116265926,5226000
2025-08-21,250.50375366210938,253.46298013100315,249.200539750015,250.9250905754755,2697300
2025-08-22,258.42108154296875,260.15544038033283,249.5140534073886,252.16950723066458,3796400
2025-08-25,253.658935546875,257.3628428548304,253.54135593444124,256.78472315819215,2336700
2025-08-26,253.1298065185547,253.55117334931978,250.98391870771547,253.26700267351532,2865300
2025-08-27,253.46299743652344,255.39334261931563,252.88484779569953,253.62955859817592,2148700
2025-08-28,252.355712890625,254.2174597972285,250.54294751975152,253.98230058051237,1779100
2025-08-29,252.865234375,253.60013683014782,250.80751647156336,252.58106371943077,2177600
2025-09-02,253.5315704345703,253.79615448956625,250.4645873056626,251.28768952150693,1783700
2025-09-03,255.43247985839844,256.12820902183716,251.8265657819597,252.26751920085712,2002400
2025-09-04,259.2442321777344,259.3813984381459,256.20662897327384,257.74503216340463,2258700
2025-09-05,264.5354919433594,265.23119123585644,259.8909179433317,261.9878240893782,4488200
2025-09-08,267.5240783691406,267.720064317063,263.2714464478878,263.79077631629923,4464800
2025-09-09,263.6144104003906,266.79898772518226,262.2132035542641,266.79898772518226,3120500
2025-09-10,261.184326171875,263.58501953789136,259.7439161329168,263.006899849229,1918300
2025-09-11,266.91656494140625,267.9062431471273,261.8310375745294,262.44836041955307,2253400
2025-09-12,266.3580322265625,267.1125512172966,264.1043433293024,264.62367320058013,2906300
2025-09-15,266.6128234863281,267.1615482915456,263.68302176883566,266.0151171426395,2648100
2025-09-16,265.07440185546875,267.7690441543996,263.98676059019095,267.43589196764987,1940700
2025-09-17,262.5561828613281,269.44466788063784,261.48809822856055,267.1125724570341,2854600
2025-09-18,262.1838073730469,265.1234171969763,262.1054010319179,263.6536122850116,2301700
2025-09-19,259.86151123046875,262.24258792708116,259.7732966239959,262.1445949557552,4079000
2025-09-22,255.14833068847656,260.06726668777816,255.11890588514933,259.66551645129306,3435300
2025-09-23,254.5800018310547,255.5304768507353,252.07153722507925,254.3350343507582,2972900
2025-09-24,252.14990234375,254.28604140253128,251.17984073435875,253.09059895621087,3156000
2025-09-25,250.38616943359375,252.24791637509014,249.05354569125424,249.7884481605232,2877900
2025-09-26,251.94415283203125,252.5026858716064,249.082934416829,250.46455461318246,1923600
2025-09-29,248.22067260742188,252.1499309262015,245.6827979745429,251.9539748705012,3282100
2025-09-30,246.25111389160156,248.49502444226246,244.60493955806987,247.72091881152434,3114400
2025-10-01,242.99795532226562,246.20211930729542,241.49875548848462,246.05514479481843,3106500
2025-10-02,242.3512420654297,243.9876231251256,241.3909736789436,241.66533607508248,1951900
2025-10-03,241.39097595214844,242.74318635967276,240.5874753904399,241.59674027537568,2023600
2025-10-06,236.80516052246094,241.52814068871695,235.68810941762132,241.16557865312305,3307700
2025-10-07,235.06100463867188,236.48181309356374,233.1600545197062,236.25644718870947,2597400
2025-10-08,232.80731201171875,234.59068260612048,232.46436647930827,234.59068260612048,1995600
2025-10-09,229.94607543945312,233.1698558927278,229.75989775987676,232.81710211869594,2284800
2025-10-10,227.54541015625,231.37670540355964,226.94768886459394,230.61240800788528,2158600
2025-10-13,229.75990295410156,231.22970788719113,227.95694582456935,228.309699606576,3072000
2025-10-14,235.90371704101562,236.87379378339745,228.53509000035993,229.21120273429602,3130200
2025-10-15,236.66799926757812,241.1264107459174,235.67833595282553,236.64839768117452,2569500
2025-10-16,238.20640563964844,238.30438366976435,235.59994782216253,237.46169486229257,2258700
2025-10-17,239.77418518066406,240.28372176535868,238.3141884547549,238.3141884547549,2549600
2025-10-20,237.3931121826172,241.1460161257594,237.3833039134463,240.04855154433773,2110500
2025-10-21,240.3327178955078,242.02788880065125,236.14866882978524,237.0109592100337,2056200
2025-10-22,239.8009796142578,242.37101495402442,238.80645050754282,240.53949534378683,2508200
2025-10-23,240.13577270507812,241.03184207375992,236.3151948352798,238.40272784790884,2234800
2025-10-24,238.99354553222656,242.2627007088045,238.99354553222656,241.583263828017,1804000
2025-10-27,239.9191436767578,240.72659477449443,238.0384016548564,239.72220914869615,1939300
2025-10-28,240.3327178955078,242.85351583298404,238.3830255632784,238.55042065793916,1612900
2025-10-29,234.83816528320312,239.84038039562802,233.2429610579888,238.78675738807468,3121400
2025-10-30,236.14779663085938,239.59420336493397,233.38081174609823,234.4245932638221,2076700
2025-10-31,234.48367309570312,235.67513672894313,232.829390043377,234.4344357085543,2404700
2025-11-03,232.03179931640625,233.68608239624788,229.4125265379894,232.79001302071455,2333700
2025-11-04,234.11932373046875,234.36549563610836,229.8950204407545,231.91363307202766,2632600
2025-11-05,230.7615509033203,234.48366892339797,228.07334286926584,232.92786067305292,2749600
2025-11-06,227.80747985839844,231.37204412461767,227.58099089469508,229.51098518132517,3272700
2025-11-07,229.5897674560547,230.59413800322633,227.58099631143023,228.28997259481056,3053800
2025-11-10,229.4617462158203,230.5252106082516,225.67069301201818,229.0481792340648,2588000
2025-11-11,231.7363739013672,233.23310324570247,230.1017888953918,230.17072423878196,1968100
2025-11-12,231.10618591308594,233.08541768394994,229.31406222283172,230.8009351489593,2587500
2025-11-13,227.92564392089844,233.02631856515717,227.37422125937215,230.86000881267222,3109000
2025-11-14,224.361083984375,228.58538733385643,223.49455405621842,226.74402626166466,2691900
2025-11-17,221.55471801757812,225.26699461095657,221.51533712321478,223.72102781094404,4411500
2025-11-18,216.2078857421875,220.29433369168802,215.44967200530218,215.69584393057673,6260400
2025-11-19,224.91250610351562,229.40267931084335,220.8260434070487,226.48799730293996,7728900
2025-11-20,224.93218994140625,226.92126317725112,222.32277371070307,224.58755828318294,4769200
2025-11-21,230.7024688720703,232.93771410240035,225.45409678400196,227.00989008910156,6090000
2025-11-24,225.2571258544922,230.8698570921344,225.2275864290427,230.41689419334224,4212600
2025-11-25,234.45413208007812,235.25172666100607,226.7637090238196,227.18713252026166,3330300
2025-11-26,237.91036987304688,239.3283224105561,233.0263128021974,233.86330326604778,2303300
2025-11-28,238.76705932617188,239.30864054360225,237.11279127126593,237.89068791074502,1289900
2025-12-01,242.6171875,245.6204878129874,237.56573508873169,238.2944093528283,4083100
2025-12-02,239.4464874267578,243.43447530401767,238.88522329485022,242.53840596126022,3886100
2025-12-03,243.15878295898438,244.19270804865965,239.45634759215793,239.45634759215793,3275600
2025-12-04,242.4005584716797,244.3600923161477,241.24847571719005,242.82398197682818,4092800
2025-12-05,244.66534423828125,244.872120232934,241.8983743159388,242.38086165355617,2642100
2025-12-08,241.07122802734375,244.3010021879422,241.07122802734375,243.32615604444538,3935000
2025-12-09,238.95413208007812,242.21344555009472,237.20138939816505,240.07667531484427,2865500
2025-12-10,242.43008422851562,244.63578986259924,238.66858540782692,239.09199386395784,4778900
2025-12-11,244.28131103515625,248.03296853186913,243.72003186943525,244.822892241078,2832100
2025-12-12,243.50340270996094,246.8907306348874,242.16422690301656,245.3349223426181,2046900
2025-12-15,244.9705810546875,245.6204784797156,240.12591984338263,243.94651255703087,3108400
2025-12-16,242.6959686279297,247.127063095478,242.27254512129048,246.37870588334292,2692000
2025-12-17,244.16314697265625,245.78787552299943,241.32724184100508,242.2331526413624,2030600
2025-12-18,243.91696166992188,250.15002069164285,243.67078978035457,246.9202467025311,2553400
2025-12-19,236.75830078125,243.34586355852016,236.64998453883072,243.25723025098358,5458200
2025-12-22,238.36334228515625,239.03292266283418,235.96070205910564,236.89615230445725,1776600
2025-12-23,238.44210815429688,238.50120203434525,235.8720727898431,237.80206719261335,1863800
2025-12-24,239.27908325195312,240.2440728786049,237.64449825415718,238.0482237702044,787900
2025-12-26,240.7462921142578,240.96292460210964,238.58982372845924,239.0132322114433,1179700
2025-12-29,240.0963897705078,241.6029606621284,238.91476760406002,241.35678875140422,1597100
2025-12-30,239.45632934570312,239.9092922640953,237.34909842999838,238.92460463946432,1371400
2025-12-31,237.46726989746094,239.6631190816551,237.33925569889558,238.698129421695,1615200
