Price,Close,High,Low,Open,Volume
Ticker,MCD,MCD,MCD,MCD,MCD
Date,,,,,
2021-01-04,185.23941040039062,189.2046722306701,183.4770718091553,189.0020070574394,4055400
2021-01-05,186.3496551513672,186.76380574323494,184.71067993232612,185.2041325237665,2576100
2021-01-06,185.92669677734375,186.55233281051466,184.19079241898987,186.19105022017055,3083400
2021-01-07,186.79022216796875,187.8828766930463,185.53896365866902,187.8828766930463,3142000
2021-01-08,190.21800231933594,190.4382946325591,187.01054677663,187.60092856259894,2639100
2021-01-11,188.77288818359375,190.43829755933274,187.79478976002795,189.53069429055083,2545400
2021-01-12,186.4553985595703,188.8609865877446,185.87382369038446,188.29703886641795,2952000
2021-01-13,186.88714599609375,187.80356936413583,185.83855264495574,185.8473729408775,2069800
2021-01-14,183.72377014160156,187.39824393096467,183.28318556092626,186.8959845006935,3666700
2021-01-15,184.9662322998047,185.662350060411,182.77211612410426,183.25676187924793,3593700
2021-01-19,184.24365234375,185.92668862889244,183.1774452133617,185.64470805008207,3331600
2021-01-20,188.24411010742188,188.931420750766,184.71943462542328,185.17763275727276,4077700
2021-01-21,188.1560516357422,190.29729970873476,187.97101363971998,188.6230702198023,2674900
2021-01-22,188.02386474609375,188.69354841415614,186.0764751409415,187.2572384947252,2196400
2021-01-25,187.9886016845703,188.6142376254051,185.53895280402418,187.00169665228486,2615300
2021-01-26,189.78623962402344,189.9007824848938,186.95768038184033,187.25727470346416,2907800
2021-01-27,182.4020538330078,187.82123990923589,182.4020538330078,187.15155604958045,5464000
2021-01-28,182.2433624267578,185.3626944864538,180.75418480116917,183.83827602012815,5401600
2021-01-29,183.1422119140625,184.51683377941762,178.97428516680992,180.73662364969098,5203300
2021-02-01,183.22149658203125,184.77236290538858,182.0495534339137,183.70614230808042,2812500
2021-02-02,184.8340606689453,187.3630256090949,182.97479297711422,183.36250960601942,2786000
2021-02-03,183.90884399414062,185.03673958247785,183.2215195945959,183.5916225195723,3020700
2021-02-04,185.95315551757812,186.9048199710259,183.8735954405426,185.04555221805947,2777500
2021-02-05,187.31893920898438,188.72880177929548,186.816666340444,187.32774606006302,2600200
2021-02-08,186.43777465820312,187.6802264152151,185.01028490495716,187.27488268084028,2696200
2021-02-09,190.31488037109375,190.49111148523502,186.60516634208122,186.8695197360792,3047300
2021-02-10,188.92266845703125,191.4868740200728,188.40278186324716,191.10797772325296,3161600
2021-02-11,188.80809020996094,189.27510871622565,187.1602949949481,189.04599616521654,2583600
2021-02-12,188.48208618164062,189.1870242295583,187.6802324296395,188.57020847972092,2781200
2021-02-16,189.47776794433594,191.1608039519464,188.42036783931007,188.89619318062157,2892900
2021-02-17,188.0855712890625,189.35445714393188,187.36301950511358,188.53497620591446,3280000
2021-02-18,189.83026123046875,190.2091709520761,187.38061209879686,187.9445598101406,2191000
2021-02-19,187.01934814453125,190.0946199206838,186.78142870557085,189.706903337363,3181600
2021-02-22,186.86074829101562,187.68904953414858,184.77238147906493,186.36729566418978,2910800
2021-02-23,186.2086639404297,190.06817552331083,185.42441051988777,189.0107752738307,3243000
2021-02-24,187.92694091796875,188.6583128968765,185.41560356202726,185.78569297685283,2887100
2021-02-25,185.88262939453125,187.61853369466064,184.81642225317717,187.42467540612822,3131400
2021-02-26,182.7618408203125,187.6380905898281,182.7618408203125,186.84902525916587,5334000
2021-03-01,184.63253784179688,186.52098061312503,183.83461151694675,183.83461151694675,2827500
2021-03-02,185.00489807128906,186.09540095238484,182.80615670541658,184.41088386684496,3016600
2021-03-03,182.47813415527344,185.28862550966136,182.29194412542762,183.98533588564862,3488600
2021-03-04,181.60928344726562,183.9587575364178,179.7385760377266,182.77958997227196,3926200
2021-03-05,183.85235595703125,184.61482469436362,179.94250025570165,182.41608298626952,3608100
2021-03-08,185.39501953125,186.70717024624403,183.64843441469503,184.14492314316286,3157100
2021-03-09,184.8985137939453,187.24797399942602,184.65913049034663,186.74262427883104,3646700
2021-03-10,189.11865234375,189.40236784976963,184.62364471268862,185.0492044434181,3447200
2021-03-11,187.5760498046875,190.82096233131858,187.5051209067961,190.3510702200541,3618000
2021-03-12,188.25868225097656,189.94321284344858,187.44302035992447,187.99270231234397,2818200
2021-03-15,195.4578094482422,195.53759937170568,189.28713166266462,189.42011486843714,5479700
2021-03-16,194.92584228515625,196.20253512607576,192.53204997258277,194.67759795812205,3583400
2021-03-17,198.6938934326172,199.3942943133448,195.0588652161772,199.09285664459136,5240600
2021-03-18,197.62109375,199.7932521408128,196.3000820503283,198.31263352617378,3254600
2021-03-19,197.21324157714844,199.64249148759637,195.9365487780484,197.4969435723369,7719400
2021-03-22,199.54501342773438,201.17633738029664,197.39945161932815,198.0555337327361,4220700
2021-03-23,198.9243621826172,200.7241403222575,198.3746802468555,198.5608702567464,2794000
2021-03-24,198.64068603515625,201.2738619868184,198.63181146839116,199.76666022177986,2442500
2021-03-25,198.77365112304688,199.76664200065136,197.21325621295662,199.61590966242343,3249600
2021-03-26,199.66912841796875,199.73118274186155,197.1955324060872,198.77366301419474,3263100
2021-03-29,201.56642150878906,202.03631354520385,198.86231689374983,199.33220893016465,3621300
2021-03-30,199.4652099609375,201.27386290992118,198.79140577054727,200.48479757748015,2419000
2021-03-31,198.72048950195312,200.80398358821557,198.59636731351435,198.60522835257999,3564100
2021-04-01,199.66912841796875,200.5645802934402,197.95800106728657,199.19036178998408,2441200
2021-04-05,202.89633178710938,203.47261045769432,200.53799675897685,200.90150227281828,2866300
2021-04-06,205.6092987060547,205.92847197093886,202.7810715727234,203.65880143323074,3230900
2021-04-07,206.22991943359375,206.40723491622444,205.0152941728541,205.40538282331997,2551300
2021-04-08,204.13755798339844,206.39836752014568,203.20663481787852,206.2299130819283,2772200
2021-04-09,205.22805786132812,205.3433190074511,202.9140550698739,204.08436155212823,2728900
2021-04-12,204.76702880859375,206.02598619305903,204.35033002654433,205.22804631053128,2292700
2021-04-13,205.08624267578125,205.38768037789833,203.64109497400617,204.3060382436614,2570900
2021-04-14,204.1907501220703,205.0596054251134,203.5524035852172,204.99755109619073,2129200
2021-04-15,205.0507049560547,205.12163383854397,203.20659459623647,203.74741548795384,2063000
2021-04-16,206.64659118652344,207.69276186680344,205.9639124631105,207.15194092223257,2694300
2021-04-19,205.5205841064453,206.841609094591,204.65172902484022,206.68201573690013,2254800
2021-04-20,206.58453369140625,206.7618626879997,204.87341980636472,205.01527759231823,1885700
2021-04-21,205.91957092285156,207.3381215906472,205.55607898238924,206.84163291540926,2065500
2021-04-22,206.54019165039062,207.49769777670852,205.63586527742197,206.42493052127946,1839500
2021-04-23,207.9764862060547,208.56163942225893,206.66433551711734,207.27607184863672,2137500
2021-04-26,205.9639129638672,208.65915665521018,205.60928204420216,208.15379338996996,2490100
2021-04-27,208.3311309814453,208.90742319750026,206.05259934752223,206.1944571417792,2623800
2021-04-28,206.05258178710938,208.74781200677685,205.9195850432139,208.52616429525378,2777000
2021-04-29,208.53509521484375,209.05818070860042,206.23881402142416,207.45345300805175,3146700
2021-04-30,209.30638122558594,209.49255773867387,207.34700938478588,207.46227053080457,2640400
2021-05-03,208.8453369140625,211.1682005947947,208.6857570558302,210.99975969831706,2458000
2021-05-04,207.33811950683594,209.35068435715732,206.78843755453295,208.02079819257784,2529700
2021-05-05,208.38430786132812,208.65916238916932,205.29897548488958,207.5686459010422,2070000
2021-05-06,208.2247314453125,208.92513227738743,206.72639071641348,208.82760674094123,1832600
2021-05-07,208.20693969726562,208.9871437784538,207.45334578093554,208.34879744444518,1406800
2021-05-10,210.21957397460938,210.9377104566208,208.4375310922734,208.4375310922734,2031500
2021-05-11,207.33811950683594,210.83128933032629,205.86637557124226,210.77809604827135,3028500
2021-05-12,202.08950805664062,207.08101856351857,201.7614737914177,205.7865900498545,3198200
2021-05-13,203.71197509765625,204.8734068993365,202.03631900051792,202.1427055691292,2819200
2021-05-14,205.44085693359375,206.25651898783929,204.33261824114527,204.54540494028493,1943100
2021-05-17,205.40533447265625,205.95502992621317,204.13751621839143,204.63400486420983,1630900
2021-05-18,205.62701416015625,206.7973206031357,205.37876979860965,205.59155647777948,2913000
2021-05-19,204.04885864257812,204.465557383349,202.3022737576367,204.11978752699673,2967000
2021-05-20,205.84861755371094,207.47995468614084,204.41234498141193,204.55420273697976,1890200
2021-05-21,205.0152587890625,206.9302846105836,204.19072232109633,206.06142942583688,2601100
2021-05-24,205.6092987060547,206.26536731343074,204.82023334679985,205.26352879645546,1823300
2021-05-25,205.81321716308594,206.37177377591013,204.54539863161355,205.83981380862005,2681900
2021-05-26,205.99940490722656,207.27608446350348,205.8309504685244,207.27608446350348,1564200
2021-05-27,208.2247314453125,208.41978251820487,206.04371196129023,206.58453293098214,5242900
2021-05-28,208.50997924804688,208.97355648667474,207.22623526601137,208.72394111272536,2853600
2021-06-01,207.9305419921875,210.38213252988055,207.4847982580615,210.37320894926572,2574300
2021-06-02,208.41192626953125,208.90224706715938,207.5471823909012,208.58131105444082,3172000
2021-06-03,207.22625732421875,207.50261626029277,205.1758334459333,207.3332450694551,3249400
2021-06-04,208.0553436279297,208.4297667213172,206.88749725505028,208.10883069798237,1615200
2021-06-07,206.5487060546875,208.67045029815387,206.07621884798544,208.60803965427903,1877000
2021-06-08,207.3956298828125,208.59021974382784,206.23669353275986,206.3793347826472,2106200
2021-06-09,206.3526153564453,208.893360205198,206.33478179737136,207.69875660160116,1982200
2021-06-10,209.13404846191406,209.41040740924376,206.7626884573758,206.86967620696961,2534000
2021-06-11,211.22012329101562,211.72827768691357,209.24103358909903,209.49955897441976,2654300
2021-06-14,211.26470947265625,211.96899223378736,209.33018317936728,211.44300425672054,1836800
2021-06-15,210.7030792236328,212.00464337544594,210.08795066293183,211.755027959947,1948300
2021-06-16,210.01663208007812,211.53215814698206,208.41195181975985,211.46976109400802,2951700
2021-06-17,208.50112915039062,210.63178402043877,207.96623113658728,209.57091157497578,1895600
2021-06-18,204.70335388183594,207.61852179410363,203.9901747695306,206.35261118583614,4408200
2021-06-21,207.62744140625,207.92163392508587,204.56964569144563,205.6037744965013,2193000
2021-06-22,208.50112915039062,209.374783210116,207.20846121753613,208.15344952232493,1758300
2021-06-23,207.9305419921875,209.00923421108166,207.44913114164063,207.98402906379954,1701500
2021-06-24,208.01077270507812,209.64219640516885,207.48479836326734,208.69722186482562,1839800
2021-06-25,207.19955444335938,208.08213209888007,207.1282338002143,207.48483701593963,3000100
2021-06-28,206.01382446289062,207.4936968436644,205.05101641767703,207.42237621775763,2901700
2021-06-29,205.3719482421875,206.56655169797713,205.08667934739978,206.40607689220673,1932100
2021-06-30,205.92466735839844,207.04793651950195,205.57698783688897,205.86225671460622,2450700
2021-07-01,207.06581115722656,207.18169528537624,205.7107463109265,206.29913134191443,2210500
2021-07-02,208.27821350097656,208.7061236603334,207.217341278326,207.78789269180797,1851500
2021-07-06,207.49371337890625,208.51891855160062,205.93361027079416,208.30497025984923,1762700
2021-07-07,209.16970825195312,209.49064428345247,206.5754764642517,206.75377123663597,2069400
2021-07-08,207.57395935058594,208.45653692843763,206.77162599109934,207.67202352590277,1932600
2021-07-09,210.1057586669922,210.5960794920514,207.77006586782545,208.67047691103028,2560500
2021-07-12,210.04335021972656,210.60499164368107,209.05379864576872,209.13402924832837,2158600
2021-07-13,210.54257202148438,211.70150833123984,209.6778281782604,210.08791835667276,1884600
2021-07-14,211.39842224121094,213.1100765036972,210.96158849595966,211.30926805548,1993200
2021-07-15,211.17555236816406,211.63020607242706,209.4282309737265,210.91701338892153,2165800
2021-07-16,209.27667236328125,212.0670323477576,208.9468263700303,211.9867881414648,1680900
2021-07-19,204.3824005126953,208.00185085558655,201.85057951080637,207.27973462061553,3774900
2021-07-20,208.84877014160156,209.96312946168499,205.22933324645362,205.621576300587,3275600
2021-07-21,210.32862854003906,212.2720782637657,209.69568006524747,210.37320563335288,2146600
2021-07-22,212.77130126953125,213.6806222483598,209.64218531696926,210.07900544759804,2538300
2021-07-23,216.59576416015625,218.45896938483537,213.60036623594246,214.07285342491818,3996400
2021-07-26,217.50509643554688,218.03108435046272,215.38336563075208,215.73995515674594,2638400
2021-07-27,219.61793518066406,220.24197366492177,217.5764213356411,217.67448549766866,3135200
2021-07-28,215.5438232421875,217.34463160536905,213.37751538201368,216.18569526068748,4948500
2021-07-29,217.540771484375,218.59272014653777,216.61361691814514,216.91673298961584,2572300
2021-07-30,216.37294006347656,218.77995362572454,215.92719630739288,217.3892352832266,2336800
2021-08-02,214.04611206054688,218.12911203623332,213.68059899276602,217.736869039975,2693900
2021-08-03,211.2379608154297,213.91242332063374,209.72243478308465,213.56474373907798,3300000
2021-08-04,209.3479766845703,210.92591310782737,207.7611302848718,210.7921818431006,2240600
2021-08-05,210.76547241210938,211.11315199182474,208.91117678595418,210.15926744358808,2230500
2021-08-06,210.62281799316406,211.40733129450655,210.09684366749983,210.99724108616329,1558600
2021-08-09,209.21426391601562,210.4534445048232,208.6348025266898,210.20381550920092,2093100
2021-08-10,208.1177520751953,209.58871459731148,207.9305473197566,209.58871459731148,2027500
2021-08-11,209.98989868164062,210.33757828791167,208.38521834384326,208.7774750489738,1969100
2021-08-12,210.9883270263672,211.06855762981058,209.54412175231178,210.39103208459096,1490800
2021-08-13,212.90505981445312,213.06552104143628,210.6317638777166,211.09532760212588,1699700
2021-08-16,214.82174682617188,214.89306745948474,212.67325865781424,213.065515339525,2175300
2021-08-17,214.2066192626953,214.70585009518717,212.36124717809008,214.2690299182668,1652000
2021-08-18,212.24533081054688,213.74302317650844,211.9778818586198,213.45775427,2215500
2021-08-19,211.48757934570312,212.2810026898239,210.45346416673962,210.99725849191614,1455400
2021-08-20,212.61082458496094,213.4131577647405,210.67629865338876,211.24685001752516,1989700
2021-08-23,213.6538848876953,214.0193980058181,212.16510248304533,213.47559011883655,2086900
2021-08-24,212.55734252929688,214.30466388666363,212.45929197037637,214.30466388666363,1687700
2021-08-25,212.9139404296875,213.60038954638316,212.03136299393591,212.11159359636287,1668000
2021-08-26,211.2379608154297,212.9941922820886,210.31972977688451,212.87829455389675,2008000
2021-08-27,211.71044921875,212.50387255535415,210.7208975424891,211.66587212282442,1784000
2021-08-30,210.91702270507812,211.9600614395304,210.26624064403074,211.58563832483108,2245600
2021-08-31,212.8531494140625,213.0951607433071,210.35225625779154,211.32034260754872,2938100
2021-09-01,213.4716796875,214.2694528115744,212.62909875993032,213.2296683092811,2197100
2021-09-02,215.0134735107422,215.0851851542676,213.67788347317398,214.41290388351396,2140200
2021-09-03,214.07229614257812,214.81627539826584,212.89803333714812,213.68684775848178,1339300
2021-09-07,211.7147674560547,213.88399284360867,211.49963257884494,213.88399284360867,1820000
2021-09-08,213.89297485351562,214.64594016657344,211.54447698584235,212.26157964334737,2718400
2021-09-09,213.88404846191406,216.41181895787713,213.1310967122738,213.7137350162007,2992200
2021-09-10,214.39495849609375,216.31321406003102,214.2694665475517,215.4168390911317,2035200
2021-09-13,216.214599609375,216.74345752744364,214.98655667310558,215.8739727643023,2294800
2021-09-14,216.1428680419922,217.14680347897598,214.681772686129,216.680684735693,2013800
2021-09-15,216.00840759277344,216.26836395881014,213.49855527644695,215.55126134306047,2507200
2021-09-16,218.00732421875,218.34793734681796,215.08513357563623,215.38989772933698,3410700
2021-09-17,217.36195373535156,219.2801954681621,216.81516450098243,218.57205163995522,4756600
2021-09-20,214.31423950195312,216.88684438091624,212.11812406095999,215.02238322648478,4549900
2021-09-21,215.5781707763672,217.23646986876227,214.59215288181943,215.12998331113567,2008300
2021-09-22,217.93563842773438,220.38273812681504,216.4476527796094,216.74345814418334,3361900
2021-09-23,219.41465759277344,220.4634146354384,218.29418891331136,218.4824336696033,2941700
2021-09-24,220.88465881347656,221.74518457042353,219.826943199772,221.08186234782707,2508800
2021-09-27,222.39956665039062,223.1076967703392,219.86282415997076,220.50821515218476,2463300
2021-09-28,218.50929260253906,222.04101156399793,217.73840971411101,221.6645221052078,3007500
2021-09-29,218.96646118164062,220.24828441096457,217.9535531599283,219.0561041433764,1719000
2021-09-30,216.1249542236328,219.98832788170188,215.8650115189256,219.40568966359515,3136800
2021-10-01,217.75634765625,219.33397623220492,215.3540694920939,217.88185327260595,2076000
2021-10-04,217.89080810546875,219.44153282265253,216.79722965448033,216.97650189548273,2236500
2021-10-05,219.80905151367188,221.29703711297492,217.82805698958825,218.68858290171391,2463100
2021-10-06,221.49424743652344,221.548027743122,217.8370361342683,219.217447488149,2107900
2021-10-07,222.5878448486328,224.04892678659886,222.014151722564,222.3009982855984,2423900
2021-10-08,222.0320587158203,223.762069375207,221.50320081048886,223.42144253833808,1687500
2021-10-11,221.0281219482422,223.32283947750776,220.91158883574818,222.39061561034188,1504000
2021-10-12,219.1815948486328,222.8388060898017,218.8768169870054,222.05895062436124,2346700
2021-10-13,217.50537109375,218.59894960155356,215.04034003851336,218.06113285060496,3214300
2021-10-14,219.20843505859375,219.9882766687651,216.95852581370204,217.71149095474215,2512000
2021-10-15,217.1468048095703,220.84883727252452,216.913752275298,219.8269705028774,2564700
2021-10-18,217.15576171875,218.2224499564708,216.14286746008952,217.29918497438857,2484900
2021-10-19,217.6129608154297,218.6527454120259,216.5014509005063,218.01632682663998,2071600
2021-10-20,214.87899780273438,217.5053697639191,214.493549473195,215.48852618560198,3040200
2021-10-21,216.38491821289062,216.84207821377225,214.5114977569082,215.2823807993235,2702400
2021-10-22,213.73162841796875,217.13785569497537,213.3372212826444,215.76640322379455,3283700
2021-10-25,212.74562072753906,214.4577001113646,211.99266907560178,214.43976878319583,3178400
2021-10-26,211.9209442138672,213.69576261911755,211.6699603455528,212.86214055884366,3066400
2021-10-27,217.57708740234375,219.27123550776994,214.0991619032063,216.07118405422995,5249400
2021-10-28,220.06005859375,220.579957725833,217.39782379679914,218.17766565612524,3448500
2021-10-29,220.10482788085938,220.58886423933595,217.34399194328407,217.81906947797916,4329400
2021-11-01,224.6136016845703,225.60857827145387,219.91659275302737,220.3289311840505,4456200
2021-11-02,223.41246032714844,226.08365340442572,222.4443739007486,225.6713149778207,2624300
2021-11-03,224.45228576660156,225.10664933892585,222.22032085739704,222.29203249590913,2399000
2021-11-04,227.19520568847656,227.84058308284608,224.27301453551982,225.0976778657884,2711000
2021-11-05,228.31564331054688,230.84341326688195,228.23495917934028,228.29771198387934,3224300
2021-11-08,226.8725128173828,229.158258073382,225.82374205492138,228.378416217928,2471300
2021-11-09,226.46913146972656,227.40136910115137,224.49710926453864,226.70219771638108,2258900
2021-11-10,226.89938354492188,227.428241455003,224.81978720497537,224.81978720497537,1794300
2021-11-11,224.23715209960938,227.07865893986906,223.430406469262,227.07865893986906,1640500
2021-11-12,224.69427490234375,224.99903905908297,223.0987288140097,224.22815616535797,1625200
2021-11-15,226.7290496826172,227.46406992436496,224.69427500679353,224.69427500679353,1709200
2021-11-16,226.298828125,227.84955297405324,226.22711648698183,227.23105206404338,2195500
2021-11-17,226.50497436523438,227.08761257584143,224.55984248474562,226.25399048888715,1412000
2021-11-18,227.21311950683594,227.22209201003747,225.06182508830628,226.92628663391028,1751200
2021-11-19,225.8416748046875,227.069717835281,224.2999087358056,227.04281400233367,2743100
2021-11-22,227.21311950683594,228.97897926039755,226.07473316314213,226.4870579825221,2438700
2021-11-23,229.15823364257812,229.2837255792447,226.82766715054188,228.4052820225785,2770000
2021-11-24,230.4669647216797,231.07652051586476,227.72407306862408,228.1274390859088,2642800
2021-11-26,224.10267639160156,226.9262654395007,222.54299287099724,226.3436135672699,2573300
2021-11-29,224.3626251220703,226.17330612806862,223.94132785318564,225.75200885918395,2084600
2021-11-30,220.46884155273438,223.4432670134847,219.88295945181096,222.97457783685456,3836100
2021-12-01,220.09027099609375,226.14730651956694,220.02718403929936,221.51439681148307,3275300
2021-12-02,224.2545166015625,225.64258109398747,220.82940471649903,221.42429539329217,3290500
2021-12-03,224.73219299316406,225.9489996382852,223.14583185622726,225.62452886899175,3229900
2021-12-06,230.55484008789062,231.58237198467862,227.47224439752662,227.49928362480355,3616800
2021-12-07,234.26841735839844,234.69205031049432,231.14977355541308,231.60044573820247,2596200
2021-12-08,233.97096252441406,236.8823147800905,233.52931257952372,234.34953926778266,3453100
2021-12-09,236.45863342285156,237.14366381500054,232.8712736150739,233.8988192032974,2955100
2021-12-10,238.8291778564453,239.09957011833015,236.53975584739774,237.8467159624737,2529600
2021-12-13,237.13467407226562,239.6313879385626,236.51274429032972,238.15319755592427,2878800
2021-12-14,236.62088012695312,237.58532506598496,235.92685496419253,237.05353526488113,3695500
2021-12-15,238.4236297607422,239.46019790871713,235.62046165693607,236.29647001073695,2641800
2021-12-16,239.35195922851562,240.5597847529714,238.0360042999005,239.3609814733806,2347700
2021-12-17,235.88180541992188,238.72103435651306,235.1426965201437,237.95488622902806,5943200
2021-12-20,235.90892028808594,236.11621193135488,232.93446675240526,234.01609122117148,2824500
2021-12-21,238.306396484375,240.19020248442584,237.43209154589772,238.21625656669715,2851800
2021-12-22,238.8021697998047,239.25284196633157,238.01800463114333,238.24334071440677,1795100
2021-12-23,239.71250915527344,240.99240255902401,239.26183703992743,239.6854699286264,1509800
2021-12-27,241.7765350341797,241.79457952073966,239.75753303188918,240.1811658634597,1485500
2021-12-28,241.45211791992188,242.65991599328004,240.8842666041004,241.1816981230879,1304000
2021-12-29,242.0019073486328,243.11057067157955,241.51520126164064,241.96587338378825,1318500
2021-12-30,240.84823608398438,242.69600865920296,240.38856913192666,242.46165030652915,1714600
2021-12-31,241.62338256835938,242.56978311769706,240.84821213643224,241.56028186324454,1519200
2022-01-03,242.0830535888672,244.0209659481964,239.36100355243303,242.90328024876098,2750600
2022-01-04,242.02000427246094,244.39953928937715,241.8036629023054,242.91232646544833,2506000
2022-01-05,240.83021545410156,243.61536638417715,240.56881787290882,242.73203895864393,2473000
2022-01-06,243.08352661132812,244.0479715351905,241.37997282019688,241.66840957427883,2908400
2022-01-07,240.71304321289062,243.51623871631668,240.65896474720324,242.0650598687738,2209100
2022-01-10,238.32449340820312,240.40659692282492,236.1612721925136,240.39757467597846,3122400
2022-01-11,236.2603759765625,237.90985153639807,234.63796715372587,237.4952133315993,3206200
2022-01-12,235.1787872314453,237.90985959675146,234.6019136261878,237.38706445363093,3044000
2022-01-13,235.62046813964844,237.8197509117383,234.8813590508467,235.62046813964844,2371300
2022-01-14,232.28546142578125,235.46720610960875,231.78973300040292,235.37709367361165,3460100
2022-01-18,231.17678833007812,231.7356173765233,229.22085916067584,231.60941597540642,3076500
2022-01-19,230.04107666015625,232.50175632313415,229.91488901744623,232.14119662381142,2304700
2022-01-20,228.1573028564453,232.64598017683565,227.94998375062747,231.3029858790446,2602200
2022-01-21,229.47328186035156,232.9614805056193,228.66207735093928,228.97753965863296,3738100
2022-01-24,228.58993530273438,228.86934984353488,223.33509622632448,227.4812856315695,5153100
2022-01-25,225.94898986816406,227.6164823787448,222.6951500426644,226.08419976961338,3908600
2022-01-26,225.20089721679688,229.1307592353319,223.4072169623276,228.04012649190767,3839000
2022-01-27,224.2003936767578,227.5533956858479,221.05469701268447,224.9755503509759,5199000
2022-01-28,230.82528686523438,231.05964521423823,222.77628787828462,225.3361027041823,3833200
2022-01-31,233.8538055419922,233.89886175731837,229.33806148968876,229.8608428696535,3174200
2022-02-01,233.43919372558594,234.25942048793263,230.36561955862942,234.12422431982054,2496500
2022-02-02,236.4045867919922,236.7020183141305,232.98848412243893,233.29493788995424,2371500
2022-02-03,234.92642211914062,236.87330185440538,234.4126491996561,236.15223732333314,2242200
2022-02-04,234.40359497070312,235.9088520451676,232.35755332514478,234.23233735424176,1989700
2022-02-07,234.21432495117188,235.77363300639502,233.60141742071602,235.25086540849924,1959300
2022-02-08,234.421630859375,236.49473940752162,233.53833098412343,234.8002075965165,2920000
2022-02-09,234.22332763671875,236.94540515542667,233.81773918670513,236.14319548732243,2379300
2022-02-10,231.5283203125,234.74612626489474,230.71711589351185,233.0876559507632,3246600
2022-02-11,229.9870147705078,233.23185975020755,229.59942956992745,231.52830582079827,3592700
2022-02-14,228.39161682128906,230.96946190231617,226.85031211669883,230.66300816100357,2825800
2022-02-15,228.77020263671875,231.57339781196973,228.54486655378537,229.68056921396027,2171500
2022-02-16,228.1212158203125,229.4822544572369,226.41767571637794,228.7341370698531,2941800
2022-02-17,226.17433166503906,227.9319641543279,225.33608801925064,226.67007380936607,2831900
2022-02-18,225.8769073486328,227.4001677994355,225.34510371131452,225.6425490074141,2813500
2022-02-22,227.7697296142578,229.57241843392495,224.97557019582828,225.34511095125765,3980500
2022-02-23,223.34414672851562,228.8063059299945,222.70419983794105,228.51786908948017,3497200
2022-02-24,220.85641479492188,221.35215696013697,215.97112985123422,218.96358607443665,4856000
2022-02-25,224.84033203125,224.9124412253871,219.59451537693283,221.73069695873275,4549700
2022-02-28,221.84938049316406,222.71041832769924,219.66505312423502,221.55028051970655,4410400
2022-03-01,217.19065856933594,220.7889023705129,215.98520028907404,219.61063373469867,3910700
2022-03-02,218.3780059814453,220.00945394865857,217.1725475898359,218.29643704056775,4482000
2022-03-03,214.48974609375,219.64692847451056,213.61057719070644,218.44146993910098,4707400
2022-03-04,213.7283935546875,214.25408313907118,209.94888030672516,212.64982473758414,4184100
2022-03-07,203.32339477539062,212.36884832420003,203.1965051443227,212.36884832420003,5425000
2022-03-08,201.9276123046875,208.2268151986516,201.39286408722265,203.3234121959578,5258800
2022-03-09,201.63758850097656,205.96998128025677,201.2206574812009,205.55305026048111,5630500
2022-03-10,201.2115936279297,201.25691432040918,197.2961181405856,199.58014550820297,5444900
2022-03-11,205.6255340576172,207.6557819340979,203.20555869181948,203.69499999227827,6126300
2022-03-14,205.00013732910156,207.04851617480415,202.26294490455956,205.54395790387414,4436100
2022-03-15,210.7917938232422,212.6045107444691,206.6315979782776,206.6315979782776,5087400
2022-03-16,215.84019470214844,215.903646430244,212.41416096322007,212.87639878103573,4173200
2022-03-17,215.23294067382812,215.23294067382812,212.57730324293803,214.29939258346332,3752800
2022-03-18,216.54713439941406,216.79185502525164,213.89151108360002,215.01538658165393,5336500
2022-03-21,213.2843017578125,217.60762210673525,212.15135356429175,217.145384222555,3704000
2022-03-22,215.8220672607422,216.1121085998472,214.32658136703716,214.84319848616113,2938100
2022-03-23,214.00936889648438,215.7223859427225,213.85528960797902,214.9247998510438,2200500
2022-03-24,217.76170349121094,218.4686620643575,214.3266106206621,215.3145381357087,2337500
2022-03-25,218.95809936523438,219.202820045218,217.00942019192374,218.01547873192985,2134800
2022-03-28,220.19070434570312,220.1997629506166,217.3991189099964,219.25715633216305,2041800
2022-03-29,224.93096923828125,225.36601741099426,221.84935611750487,223.28140409219782,2657400
2022-03-30,225.71044921875,227.04279727923836,224.33278046866647,224.33278046866647,2227300
2022-03-31,224.124267578125,227.81315230427012,224.124267578125,226.33578392707605,3803400
2022-04-01,225.90985107421875,226.07298896220348,223.1273239030612,224.8856615665385,2023000
2022-04-04,223.71649169921875,224.11529169030683,219.68319875286784,223.68022961097373,2500700
2022-04-05,225.23912048339844,226.35395127036642,222.4475349582741,223.05480725520704,2532500
2022-04-06,227.91285705566406,228.7467050059224,222.94600376987833,224.45056181987758,2886000
2022-04-07,230.5413360595703,231.55645309871574,226.17268168908797,227.30562975239576,4041800
2022-04-08,227.91285705566406,231.18481096925052,227.4234158442524,229.34489095441597,2551000
2022-04-11,226.99749755859375,229.25433534155528,226.52618723714542,227.72258716929872,2326700
2022-04-12,225.8373260498047,228.6651598971057,225.5019778596889,227.2512429734552,2724900
2022-04-13,227.79507446289062,228.09417441566316,225.7013886234154,226.00954718205404,2133800
2022-04-14,227.05184936523438,229.97032466821878,226.97933902995084,227.79506992944155,2105900
2022-04-18,227.5503387451172,228.84643845468455,225.8010736633826,226.2542528654815,1426600
2022-04-19,231.48394775390625,231.99152011435473,226.62586580050413,226.62586580050413,2324500
2022-04-20,231.89183044433594,233.6501681675024,230.95828228491183,232.02777868893816,2278700
2022-04-21,231.3480224609375,235.29973250615842,231.01267421928605,233.52327747316073,2476900
2022-04-22,226.74368286132812,231.121395662288,226.5352242984058,231.121395662288,2643600
2022-04-25,229.199951171875,229.42654080603575,224.71346535154487,226.09113419962375,2523000
2022-04-26,225.3025665283203,228.77392076433506,225.075976934559,226.70742477562658,2948500
2022-04-27,223.99745178222656,227.4688066927884,223.91588283180567,224.75878964602273,2706500
2022-04-28,230.38723754882812,232.37216460282224,224.84938732450615,226.53521445516526,3547400
2022-04-29,225.82827758789062,230.98545944664605,225.50198798855132,230.46882848522029,3388000
2022-05-02,223.5442352294922,227.99445829280896,219.57438101179525,227.36906878400117,3418700
2022-05-03,222.84634399414062,224.6318712175354,219.5925205315828,224.22401268776036,2562000
2022-05-04,230.50509643554688,230.92201359368903,223.10920788222887,223.10920788222887,3289300
2022-05-05,225.61074829101562,230.65917159829255,223.6711417218672,229.2089925169021,2925900
2022-05-06,227.29653930664062,228.81015604759833,224.50495401010764,224.94907456748692,2964500
2022-05-09,224.31466674804688,226.498980189231,223.68020474370496,223.87054611099413,2918900
2022-05-10,222.67413330078125,227.3872082188607,221.99436447566583,225.6741913327671,3070800
2022-05-11,221.54119873046875,223.68020531676535,220.4354540979134,222.302550371643,2833200
2022-05-12,221.32366943359375,223.30859662780543,218.54114238747874,222.34785889524852,2861000
2022-05-13,222.0940704345703,224.03367698124342,219.59252606958793,224.00648733390153,3255200
2022-05-16,221.18771362304688,222.49287202490277,218.187669317912,221.56839634853205,2147100
2022-05-17,219.00338745117188,223.87052769656765,217.0365913573161,222.96416928484064,3204900
2022-05-18,209.41412353515625,217.5985392673057,208.7977925949524,217.03660145147796,3946100
2022-05-19,207.55609130859375,210.41111498021044,206.95789139437198,208.00927054725878,3518300
2022-05-20,212.00631713867188,212.14226537982904,207.18448334661383,209.71323127160105,3208200
2022-05-23,215.7133026123047,216.51996104786772,211.63468974778633,213.68305478541342,3053500
2022-05-24,221.6227264404297,222.78286391119508,215.21476687978264,215.26008755893886,5258200
2022-05-25,221.16055297851562,222.69230119740254,218.967166866063,219.86446684249407,2641700
2022-05-26,224.85848999023438,225.98237957420903,222.60166604546947,222.96420393452763,1972300
2022-05-27,228.28451538085938,228.28451538085938,225.48387088092286,226.13645011992816,2063800
2022-05-31,228.59266662597656,230.46882139198476,225.3479017740605,226.58960840252806,3924700
2022-06-01,225.93702697753906,229.6893503021799,224.9490996139103,229.4808917369032,2264100
2022-06-02,226.9340362548828,226.98841554984085,223.16358173188914,226.22707776056308,2089700
2022-06-03,226.35076904296875,228.09151150041308,226.17760428766735,226.4145585332167,1838900
2022-06-06,226.08645629882812,227.41706574196718,225.41202886039753,227.00694677405667,1569300
2022-06-07,226.87937927246094,227.6540454303607,223.77156410981632,224.19991465277704,2782000
2022-06-08,223.84446716308594,226.4601282769291,223.1882712052481,225.93152520497188,2101300
2022-06-09,220.70018005371094,224.19988219428643,220.5816959910636,222.0307894530328,2682600
2022-06-10,216.34376525878906,218.2849985798132,216.14326019741316,217.9842409877493,1992300
2022-06-13,217.33718872070312,218.82274529812614,212.06028104518575,212.16053358550104,4697000
2022-06-14,217.6014862060547,221.37460582745703,217.4738933263582,218.69515535383115,3564800
2022-06-15,217.72909545898438,220.17160579102622,215.19545529549546,218.60402806168435,3152100
2022-06-16,214.3478546142578,216.28910199811503,213.09926619148118,215.15898373453862,3272000
2022-06-17,213.60964965820312,214.621283912653,211.59548996003483,213.46382524701113,7236300
2022-06-21,218.35791015625,218.8227236638394,213.39088330969588,215.28655867132386,3263500
2022-06-22,221.5203857421875,222.8783491870942,217.23689546234115,217.62878283320487,3054300
2022-06-23,221.9943389892578,223.3705202434765,219.15083275523557,222.10370033469556,1937000
2022-06-24,225.93148803710938,226.0226317577079,222.82368741944114,223.52544122304855,3104800
2022-06-27,225.1386260986328,226.72443530427924,224.71939829340613,225.9315237481653,2059200
2022-06-28,221.31080627441406,227.80896184603728,221.0282801898357,225.16594673457146,2381700
2022-06-29,225.78570556640625,226.81555742273022,223.38876726438744,224.32748929538576,2997200
2022-06-30,225.00192260742188,226.5603775548668,223.69863952147526,226.25051110885312,2786200
2022-07-01,230.5430908203125,230.70713282971428,224.19986889843744,224.51885801437993,2531400
2022-07-05,229.9324493408203,230.5795363720636,227.53552527690465,228.89347491105917,2390700
2022-07-06,229.17601013183594,230.45193873614198,227.27121212790786,230.09650048875824,1948600
2022-07-07,230.52488708496094,232.3294189388158,228.92084640901794,230.81652199458085,2396700
2022-07-08,230.7982940673828,232.05599128799,229.95982461811792,230.21501036760807,1450300
2022-07-11,230.83474731445312,232.76687199679046,229.74109209627312,229.74109209627312,1478100
2022-07-12,229.19424438476562,232.96736371029596,228.5380485101882,230.55220799593442,2112800
2022-07-13,230.27880859375,232.22005603217744,226.25961202682876,226.89759033135408,2205300
2022-07-14,230.2150115966797,230.67070242414218,227.49908425226536,227.74516119293762,2371000
2022-07-15,232.41140747070312,233.66913238484935,230.9896544568858,231.5091486231693,2627200
2022-07-18,230.05096435546875,232.9400426419001,229.73198910814685,232.6210673945782,2164400
2022-07-19,233.76937866210938,233.8787400031909,230.5522027505529,231.38156333796638,2181300
2022-07-20,232.01954650878906,234.1430674621934,231.00791230191544,234.02458339534945,2183700
2022-07-21,231.0079345703125,232.22007397334644,229.9598511146139,231.48185697679224,2056500
2022-07-22,231.4818572998047,231.97399732933357,230.0783216073513,231.26312067191296,2226600
2022-07-25,228.19174194335938,232.220047166974,226.62416439306477,232.0104332813475,2860400
2022-07-26,234.30709838867188,236.24834569799765,226.6606071191805,227.44439587212415,5272300
2022-07-27,235.94760131835938,236.8772005594648,232.11978738315386,233.13142153918733,2718300
2022-07-28,240.11257934570312,240.6047331785253,234.73543367442073,235.86553791489715,2849100
2022-07-29,240.03057861328125,240.92374263521566,238.87313394063153,240.2857643605253,2653800
2022-08-01,240.8143768310547,241.93535842958977,239.1556555980893,239.27413965946684,2384000
2022-08-02,237.9161376953125,241.92623868481743,237.77034112583698,241.16977643823293,2375200
2022-08-03,238.8639678955078,239.620430096551,236.74046129254268,237.9161233720373,2305300
2022-08-04,237.5425567626953,238.946064656397,235.76535119431216,238.5086192092855,2089600
2022-08-05,236.25750732421875,236.98660161826854,234.28891935448686,236.63117718919773,1818500
2022-08-08,234.04278564453125,237.78857851361968,232.7121762854717,236.95921791334385,2253500
2022-08-09,237.01388549804688,237.15058716897087,233.641762611746,234.1339164402303,2315800
2022-08-10,238.19869995117188,240.34045243857648,237.41492506518964,238.78199757036347,2967900
2022-08-11,236.30307006835938,239.9394745205522,235.71067746581352,239.87569893307685,2007000
2022-08-12,238.94606018066406,239.24683173308367,236.54912173166088,236.54912173166088,1530800
2022-08-15,241.9171600341797,242.08120206458753,238.0984684962114,238.97338713821543,2342700
2022-08-16,242.6918487548828,243.45740607077292,240.84174495485757,241.55262159198148,1828000
2022-08-17,243.1748809814453,244.2229644130868,242.0447487181465,242.39107822723017,1699100
2022-08-18,242.9561004638672,243.66697701623423,241.8989222583243,242.42751136109572,1591900
2022-08-19,242.91966247558594,244.02242643762872,242.0082808642409,242.372827946147,1833800
2022-08-22,239.64781188964844,242.23613239375337,239.11919496632913,241.06044229769788,1986700
2022-08-23,237.4513397216797,240.01231946766634,237.44221700662632,239.34700097135075,2211100
2022-08-24,237.74301147460938,238.78199993916604,236.83162979545224,237.60630978536813,1777200
2022-08-25,239.2923583984375,239.40171974386365,237.1415111032964,238.77286419450323,1330400
2022-08-26,234.17953491210938,239.87567043912932,233.66916339394132,239.51109551487065,2357800
2022-08-29,233.0038604736328,233.9608001814772,232.02867533044736,232.85803605672217,2017500
2022-08-30,231.026123046875,233.96988167333274,230.1876536572509,233.3136858194392,2051300
2022-08-31,231.18190002441406,234.2975534763879,231.1085887219004,232.91383934603326,3119200
2022-09-01,235.02149963378906,235.07647961635217,230.70538922746633,230.76038319273098,2577800
2022-09-02,233.2254180908203,236.9550382298073,232.17159775724494,235.88290055635738,1791300
2022-09-06,233.11544799804688,235.25976519993924,232.189918997294,233.18875930246816,2645700
2022-09-07,236.80841064453125,238.09132339242962,233.63776344943918,233.80270338158314,4185200
2022-09-08,238.32960510253906,239.24597551705506,235.8095864626201,236.28611697602807,2448900
2022-09-09,237.8164825439453,238.93445576870394,236.61603932294352,238.49461578874036,2007000
2022-09-12,238.59535217285156,239.53921254882667,237.724817088151,238.25629960556995,2204300
2022-09-13,233.0605010986328,237.294142138046,232.45569323833044,236.18531374478803,2604900
2022-09-14,234.334228515625,236.67096173687145,233.09712294215174,233.67444074079953,2745200
2022-09-15,232.2724151611328,233.88522209214773,231.3743760504418,233.6927921312084,2289500
2022-09-16,233.5919647216797,234.42586507977555,230.69623111626862,230.78787374256325,4304100
2022-09-19,235.516357421875,236.01117728590998,232.16243851639425,232.75807366300216,2195800
2022-09-20,234.0409698486328,235.03981012329143,231.6400841286677,234.6824402470459,2140200
2022-09-21,230.082275390625,235.4247163538171,230.082275390625,233.79357820523316,2438800
2022-09-22,227.20484924316406,229.48660228925357,226.93909403190574,229.44995363047698,2300500
2022-09-23,225.38131713867188,228.26789254515097,223.76851012493165,226.53595289434506,2672100
2022-09-26,223.37440490722656,225.6561718410359,222.16480346013861,225.3720993035645,3179100
2022-09-27,216.9048614501953,224.4465855990465,216.77657015908287,224.12586436261637,4193800
2022-09-28,217.1248016357422,218.58182719457085,214.21073653538238,216.38254385983709,4202400
2022-09-29,214.7971954345703,217.78457159915672,213.01944877562966,216.55663873752616,3053200
2022-09-30,211.4433135986328,215.19126522254612,211.2966909770722,213.8075509361625,3629300
2022-10-03,215.65863037109375,217.04235877667304,212.33221496036938,213.99084333011288,3286700
2022-10-04,218.55435180664062,220.8910992451391,216.4558696335072,216.9140548574205,3685700
2022-10-05,219.094970703125,220.3045862054771,216.39168112660917,217.0972901696479,3033000
2022-10-06,215.11793518066406,219.81891945268686,214.85219393708942,219.32407164368362,2999200
2022-10-07,213.6884002685547,214.9804857944111,212.67122863924033,214.39400934038218,2294300
2022-10-10,215.30120849609375,216.50165140375762,213.89000432547482,213.89000432547482,2668700
2022-10-11,217.22561645507812,219.122496002352,214.36653116276634,214.57730643234376,3169200
2022-10-12,217.2347412109375,219.9655207914175,217.2347412109375,217.42718512644132,2709300
2022-10-13,226.11439514160156,228.4511424472042,214.85220913070685,214.85220913070685,5026900
2022-10-14,222.8246307373047,228.57026310141578,222.13735293447488,228.24954184971685,2918300
2022-10-17,225.866943359375,226.5450624023292,223.16365382201437,225.2438182788502,2758200
2022-10-18,228.35031127929688,229.477442803451,226.57255070689237,228.5152512172557,3123600
2022-10-19,229.77984619140625,231.40182549144296,228.28615817041364,229.09256848594842,3021300
2022-10-20,228.88182067871094,230.6962300125109,228.22203292411066,228.68021808798855,2410700
2022-10-21,233.26206970214844,234.00432743032002,228.63439675093,229.2850258359566,3254900
2022-10-24,233.96771240234375,235.3880754282305,231.90587886872336,233.9310497536543,4125100
2022-10-25,234.3433837890625,235.76376061657902,233.12460955552646,233.2804048185401,2689000
2022-10-26,235.14981079101562,238.88861793597704,234.70079821364118,236.2769565266333,3582600
2022-10-27,242.93893432617188,244.66171508885347,240.32730115518774,241.00540627715228,4145700
2022-10-28,251.56199645996094,251.82775171083762,243.74535793235964,245.13825886213615,4647600
2022-10-31,249.85755920410156,250.74643961991137,248.16226835348627,250.2241017748116,3336100
2022-11-01,250.1233367919922,250.89308464885212,247.1084700452347,250.8014420066385,2740900
2022-11-02,247.75904846191406,253.53219847893865,247.70406847783417,250.16910697056397,3069900
2022-11-03,250.1233367919922,251.70863984411483,245.93551693496124,246.80605212247053,3225400
2022-11-04,251.6536102294922,252.6524505122256,249.37185710496368,252.55166320145005,3256500
2022-11-07,253.29391479492188,254.82423751606035,252.06598196420538,252.06598196420538,3029500
2022-11-08,255.1174774169922,256.1438076442926,253.37637949815024,253.70625937175342,2628800
2022-11-09,254.5585174560547,256.8127805990647,254.45770217946583,255.21830520100914,2610800
2022-11-10,252.8082275390625,258.11401908528023,249.7841889528294,257.94905118755804,4510900
2022-11-11,248.6937713623047,253.83459578126752,246.66857268325444,253.2206153206286,4742800
2022-11-14,249.5001678466797,251.7361139415194,247.95149957692416,248.27223482171138,3357400
2022-11-15,245.4405975341797,248.36382078708965,244.066042197654,247.6490531307123,5429100
2022-11-16,249.72010803222656,251.4795235493175,246.4303416339046,246.4303416339046,4132700
2022-11-17,250.49899291992188,251.4062186099406,247.9331670495967,249.31689526827452,2467400
2022-11-18,250.50816345214844,252.09349425903275,249.36270049019845,251.01218393464902,2699200
2022-11-21,251.56199645996094,251.98354698629106,250.2607661302448,251.68112908847138,2974200
2022-11-22,251.78195190429688,252.27677180849625,251.36040136536272,252.00187186171883,2770400
2022-11-23,250.41653442382812,252.59750049630773,250.05916450229896,252.50585786129318,2514800
2022-11-25,252.0018768310547,252.29512209033763,250.04083062068307,251.5528642539951,1596600
2022-11-28,250.05914306640625,252.8632340719596,249.60095789601644,251.8918837479655,3160500
2022-11-29,248.71209716796875,249.17945502756575,246.93433632937484,248.33638194276017,2873500
2022-11-30,251.38453674316406,251.86372290548243,247.7352524662254,248.46327008368746,5196500
2022-12-01,251.9466094970703,252.72069228436413,250.09435101861322,251.72545102152887,2599600
2022-12-02,251.9466094970703,251.99270292807395,248.46322289279885,248.6383160602354,2807500
2022-12-05,250.27865600585938,251.18176670889142,248.81342476808427,249.75337647074176,2586900
2022-12-06,250.44451904296875,251.91897455777772,248.84106378667263,250.47216385349455,3573000
2022-12-07,249.12672424316406,252.48111108139184,248.50931413009477,251.1172348741621,2766400
2022-12-08,251.93748474121094,252.10335364489598,249.3848247463513,249.73501118051306,3022700
2022-12-09,250.693359375,252.64700104935898,250.39846263697203,252.14014200782947,1677400
2022-12-12,254.91397094726562,254.99690538536615,249.9377078009205,250.83159424209543,3230500
2022-12-13,252.75759887695312,257.93660018161455,252.16783348044117,256.81233089277004,3390100
2022-12-14,252.98797607421875,255.33786954169278,250.93295123699514,253.6238348944345,2660900
2022-12-15,250.40769958496094,252.84975180114483,248.0854228094257,252.3060517321003,2735300
2022-12-16,245.2379150390625,249.753412968291,244.90617725655235,249.1912923514028,5932500
2022-12-19,244.9706573486328,247.35744820513506,243.90170577027004,245.35771287541544,2160800
2022-12-20,246.27928161621094,246.91514057068414,243.7819392448631,245.9751886098103,1785600
2022-12-21,247.1178436279297,248.75816826245065,246.33453637665133,246.49120907606869,2366800
2022-12-22,244.91534423828125,247.08094824775043,242.96170253540734,246.29764107969973,2366700
2022-12-23,246.5741424560547,247.29293576194584,244.0122865070678,245.03517277499196,1269000
2022-12-27,245.90142822265625,247.77213578512846,245.68026969244258,247.57862207119152,1674700
2022-12-28,244.3071746826172,247.09944180806488,244.27033367530174,246.97041391374177,1427800
2022-12-29,245.06280517578125,246.79528847219493,244.09520858633238,245.07202948785877,1393900
2022-12-30,242.8511505126953,244.55598909948006,240.88828427816887,244.39012020941132,1720100
2023-01-03,243.58834838867188,243.60679701274188,239.1465890376937,242.8511346213376,2743800
2023-01-04,243.64369201660156,245.63417502440382,242.26139496385218,245.35772686301615,2584100
2023-01-05,241.58863830566406,243.98462520435336,240.86984504834749,243.98462520435336,1945600
2023-01-06,248.3250274658203,248.71208296552595,242.72212983079527,243.06309189418485,2855400
2023-01-09,246.27928161621094,248.76742779657636,245.83693639308362,248.7489791687951,2654600
2023-01-10,247.80899047851562,247.98408367903673,246.01199315649563,246.03044178154252,1718400
2023-01-11,247.71676635742188,248.57378350884088,246.01192824177667,248.3710455471496,2391400
2023-01-12,245.76324462890625,248.73980157862326,245.3024788664497,248.35274596407922,1933000
2023-01-13,247.7905731201172,247.84586275015118,245.01675481415836,245.48674479235189,2168900
2023-01-17,252.60093688964844,253.78052397846656,248.8318771616661,248.8318771616661,3640200
2023-01-18,245.1642303466797,252.84057481064718,244.86933353857745,252.04807127714338,3276500
2023-01-19,242.89720153808594,248.02094130959955,242.8511362234121,245.7908232459122,2845400
2023-01-20,247.5048828125,247.56939675785355,242.20607743859716,243.68053325417733,2588600
2023-01-23,248.15924072265625,249.89172454853056,246.74929856613704,247.74454027306948,2434000
2023-01-24,248.40794372558594,248.96086806060237,240.72237702526718,240.72237702526718,2517100
2023-01-25,251.5780792236328,251.6425931729315,247.72608461358922,249.11757794286095,3097400
2023-01-26,253.1630859375,253.19073075224742,250.38007146894554,251.57805093853884,2222500
2023-01-27,251.08047485351562,253.70684536018908,250.62893339943486,253.42117283337342,2203200
2023-01-30,249.63365173339844,251.18181771908425,248.86876493087925,250.35244509267443,2862400
2023-01-31,246.41748046875,246.51886354243737,242.59313094266793,244.28874527327355,5477900
2023-02-01,245.37615966796875,247.3943157159947,242.82352777349578,246.06730822899388,3557700
2023-02-02,242.55624389648438,245.10890357822967,241.4596194073475,244.10443784302677,3735600
2023-02-03,243.49623107910156,244.4085380875886,240.84221637488034,242.0217753408782,3008500
2023-02-06,246.89666748046875,247.1546951082766,243.61599032276618,244.19655951605932,2863900
2023-02-07,246.36219787597656,246.75844962329143,242.9433243011489,244.2242383064683,2514000
2023-02-08,242.1968994140625,245.02600767973192,241.85593728148555,244.28876565519343,2801800
2023-02-09,240.2063446044922,243.2381903621469,239.77322378197007,242.9985832322275,3534600
2023-02-10,241.8282470703125,242.07705038775646,239.86538097510288,240.39985673502406,3049900
2023-02-13,245.31167602539062,245.85537619015332,242.36276422294478,243.0078474681383,2418300
2023-02-14,245.689453125,246.52805000572292,243.82796997224742,245.72632225242305,2202100
2023-02-15,245.6433563232422,246.6754667755658,244.3439939464382,245.37610439876178,1862000
2023-02-16,244.9706573486328,246.70314072230977,242.62076374208618,244.27031267207485,2785400
2023-02-17,248.8042449951172,248.81346930812504,244.50990544638384,245.4037919980737,3055600
2023-02-21,247.47723388671875,249.03462412493187,246.6109921640592,248.15918621230705,2824300
2023-02-22,247.56016540527344,249.25577950933538,246.65705466731475,247.15468941050844,2192000
2023-02-23,245.8460693359375,246.85053487491015,243.24734484635803,246.69389033443707,4217000
2023-02-24,242.98936462402344,245.38535161075197,241.67158162433887,245.04438953195697,2645300
2023-02-27,244.00306701660156,245.4037845287903,242.8603771546293,244.23344985154145,2024800
2023-02-28,244.60556030273438,245.2265354187131,243.58601725566078,243.89189431242465,2853400
2023-03-01,243.5025634765625,244.2533113488634,242.53862945726695,243.33573690166872,2058900
2023-03-02,247.99783325195312,248.82271694608966,243.12258195677163,243.2523548329743,2385900
2023-03-03,249.38807678222656,249.6753986421161,246.7280160427651,248.78562863359625,2725800
2023-03-06,250.84324645996094,250.97299103554877,249.23050469708969,249.46221770411287,2217600
2023-03-07,247.58993530273438,253.169573168844,247.3026134965977,251.6588001515795,2766600
2023-03-08,245.92164611816406,246.6909491723629,243.89186611697414,246.4128765815169,2314000
2023-03-09,242.49227905273438,248.0348355848399,241.78786252279056,247.55288275582797,2339300
2023-03-10,242.863037109375,247.08020254600012,242.14937122656625,244.438696879806,3093100
2023-03-13,243.83619689941406,247.84020408460435,241.3244360519022,241.3244360519022,3552400
2023-03-14,246.44993591308594,247.41386989250844,243.39133569210313,243.87328853917552,3194400
2023-03-15,246.85777282714844,246.9226592594374,243.3635507640183,245.22650415976798,3419400
2023-03-16,250.77835083007812,250.8802909724948,246.08848200279226,246.3387218584971,3097900
2023-03-17,247.65487670898438,250.222246680265,246.27384793368304,249.85151152086152,5075300
2023-03-20,250.93592834472656,251.52912726528817,248.24806291347505,248.24806291347505,2108900
2023-03-21,250.44467163085938,251.0563973466334,248.0441283390471,250.25004063024716,3120100
2023-03-22,248.27584838867188,252.08522493476613,248.12754866985446,250.28712973636394,2240800
2023-03-23,249.8979034423828,251.6218633655546,248.3871297231019,248.3871297231019,2263800
2023-03-24,251.4827880859375,251.94621417323242,249.17493522249956,250.59301791821065,2229200
2023-03-27,253.8091278076172,254.83794815295332,250.77833219485186,252.10372365944815,2799100
2023-03-28,255.67213439941406,256.0150651198622,253.5033040751153,253.9481749404409,2036000
2023-03-29,257.1458435058594,257.8039005632103,256.2282689973503,256.7380263275707,2053400
2023-03-30,257.47021484375,258.0355809645151,256.27456789103536,256.9789844345381,1788800
2023-03-31,259.1571350097656,260.11181994785403,258.1283426250729,258.51763300202566,2902500
2023-04-03,261.5020446777344,262.178628555391,259.22196832414323,260.4361422176335,2352700
2023-04-04,261.6318054199219,262.68843037374677,259.88006968763443,260.8254486316244,2282300
2023-04-05,261.39080810546875,264.13431057190223,261.1683726620801,262.75328176678426,2600800
2023-04-06,262.1971740722656,262.7532626402579,260.97372265212636,261.77080178976735,1731000
2023-04-10,263.0221252441406,263.3836111915282,261.36305182911576,262.4660082479288,1941800
2023-04-11,263.67083740234375,264.6532981487063,262.0673734405039,262.4566636821169,2732900
2023-04-12,264.4308776855469,265.8119064695178,262.76255531511833,263.0869591886127,2557400
2023-04-13,267.92510986328125,268.3607314272698,265.1816076246275,265.6079799027629,3229300
2023-04-14,267.8417053222656,268.7314753362722,266.58117187425074,268.1290271839269,2054700
2023-04-17,268.1475830078125,269.2598168594274,267.1002355926862,268.63881349713137,2371000
2023-04-18,269.6304931640625,269.89001056805955,267.86020261758176,268.2309377253952,2086700
2023-04-19,269.9642639160156,270.2701410200766,268.9632758601978,269.63061065917236,2254000
2023-04-20,269.7138977050781,270.3349009116382,268.67582812271627,269.6768157099153,2274200
2023-04-21,270.6963806152344,271.13200216694497,269.2597713943147,270.9373711756249,2171200
2023-04-24,271.7530212402344,271.9661791004221,270.3719925083256,271.4100622361505,2995200
2023-04-25,270.18670654296875,273.4214118213605,268.2588380368073,273.4214118213605,5845200
2023-04-26,268.5646057128906,270.17731890825934,268.5646057128906,268.7685142547984,3290000
2023-04-27,273.161865234375,273.4677139966206,268.78712197970776,269.45445665534453,3142300
2023-04-28,274.1164855957031,274.5150251768259,272.4110812689016,273.2637692896629,2838200
2023-05-01,275.8126525878906,276.94341335147067,274.02383471235396,274.088721151848,2124400
2023-05-02,276.2668151855469,276.6282728000603,273.9589341979111,275.6180073945061,2083800
2023-05-03,273.6252746582031,275.5160608383442,273.0969621793683,275.05263479416226,2425500
2023-05-04,273.56964111328125,274.6355152616765,272.00325896244846,274.40380226049155,2005300
2023-05-05,274.9043273925781,275.29358941906844,272.9208504019079,274.13502434095176,1815800
2023-05-08,274.98779296875,275.61804570261125,273.94972298702896,275.3678057808596,2969600
2023-05-09,274.9599304199219,276.9989879429782,274.62624897615797,276.78583007570643,1637500
2023-05-10,274.87646484375,276.20185622441477,272.34614906543834,274.7003607262883,1849300
2023-05-11,273.22674560546875,275.2194720153889,271.90132557108393,274.81165481792925,1955100
2023-05-12,274.47796630859375,274.7467330246148,272.78181129986723,273.5974455898255,1801700
2023-05-15,274.2554931640625,274.94138285809726,273.1062057687876,274.13499788192354,1700500
2023-05-16,272.6335144042969,274.5243004337284,272.4759654015902,274.29258743010666,2859500
2023-05-17,271.9939880371094,273.90330095070425,271.24324015774823,273.90330095070425,2802100
2023-05-18,272.5408020019531,272.8930102652614,269.8344101733424,271.79933176308685,2410700
2023-05-19,273.9311218261719,274.3482165776489,271.07642985595504,272.34621268406477,2371200
2023-05-22,268.18463134765625,274.94139033470015,267.99000034790384,273.9310967655742,2514700
2023-05-23,265.4225769042969,267.39677599796755,264.5606114165824,267.0723721724574,2943900
2023-05-24,265.0055236816406,266.11772905757624,263.76351716966656,265.4967540868662,2262100
2023-05-25,264.634765625,265.92310344672416,263.88401778833975,265.81188573540817,2748100
2023-05-26,265.11676025390625,267.62852131328003,264.78307881769007,264.78307881769007,2148200
2023-05-30,264.0787353515625,265.40412717939245,262.92941941532507,263.1611324601324,3385200
2023-05-31,264.2547912597656,264.80165889520566,262.623550781672,264.04163337724384,3104900
2023-06-01,266.8128662109375,266.9704434878944,262.85521856876755,264.07866993073,2605300
2023-06-02,270.1300048828125,270.40022670567555,266.6172349272843,267.13902493565394,2869400
2023-06-05,268.7509765625,270.6797513224143,268.37827346979475,270.2138653476769,1974500
2023-06-06,265.1263427734375,270.4281263270983,262.7410093586754,270.08334689246095,2771500
2023-06-07,262.6664733886719,265.3127019756239,262.1167314208063,265.0425086182216,3614800
2023-06-08,266.28173828125,266.5426332423609,260.89609852763203,261.7999182920909,3043700
2023-06-09,267.222900390625,267.67945957222656,265.31275072544787,266.03953174952323,1975900
2023-06-12,268.8814392089844,269.04915133596495,266.95266444243794,268.4994092961353,1885000
2023-06-13,268.86279296875,269.9250266730332,267.93102099043455,268.8162157440039,2027800
2023-06-14,268.7602844238281,269.8038643839613,267.7073776455226,268.4434853956035,1964500
2023-06-15,272.645751953125,273.4564173619769,268.5925670859691,269.8877151927767,2619200
2023-06-16,273.6614074707031,276.33558816719534,273.1396175023837,274.4161404047159,4891200
2023-06-20,273.0464782714844,276.9039996135154,272.7110255608501,273.61484554961936,2729800
2023-06-21,274.4254150390625,275.0217626286327,272.8320932535205,273.3073059617456,2837100
2023-06-22,273.2886962890625,274.9472491906519,271.6301433874731,274.5186420638383,1799400
2023-06-23,270.1300048828125,272.49671355783227,269.8784366973059,271.47175874302667,3720600
2023-06-26,269.3659362792969,269.98090914810575,267.48376727021895,269.8784278876819,1851800
2023-06-27,271.42510986328125,272.53392056335525,269.88769210360283,270.5026648945579,1815000
2023-06-28,271.8351135253906,271.9096711980778,269.32864494542054,271.5649201593062,1666500
2023-06-29,274.3788757324219,274.55591467032167,270.40951829276446,271.65808924108467,1744000
2023-06-30,278.0500183105469,278.6929431090217,274.77019190495287,275.0031348483012,2644700
2023-07-03,274.7236633300781,278.040769499155,274.6863844867666,277.4724022069275,1601300
2023-07-05,276.6430969238281,277.02512685029416,274.49070591125485,274.9752171071652,2356000
2023-07-06,274.79815673828125,276.34487293109066,273.41912421258587,275.1708597779392,2569600
2023-07-07,272.17059326171875,274.2763785402103,271.65810162612013,273.6800592764841,2586500
2023-07-10,274.3975524902344,275.4504594970192,272.3849213723446,272.4501522428633,1703700
2023-07-11,274.63043212890625,275.3385878501228,271.86306853492476,275.14292371915224,1529600
2023-07-12,275.4410705566406,276.82942998767095,275.0590691107326,276.5778333825351,2156000
2023-07-13,275.0777282714844,276.4194822131196,274.88206411532803,275.236142021513,1656900
2023-07-14,274.81683349609375,275.8510867578365,273.95029236834847,275.1056805386755,1550000
2023-07-17,274.57452392578125,276.60577974901895,274.4533890347351,274.9472269814015,1669900
2023-07-18,273.773193359375,275.5715060843005,272.50596894227397,274.3788393340151,1991600
2023-07-19,274.0620422363281,275.24538217760096,273.2141264917933,274.87267914719695,1969200
2023-07-20,276.857421875,277.25807701478936,274.0434522061886,274.22981798235463,2104300
2023-07-21,275.4410705566406,278.92591670822407,275.17087718616136,277.35121996328604,2835500
2023-07-24,275.16156005859375,276.6896796377268,274.74225132554767,275.8044849503726,2034400
2023-07-25,272.41278076171875,274.8074410327765,271.7512307675829,274.1272658400093,2780600
2023-07-26,271.8444519042969,272.61781006993687,269.74796512868534,272.31033785443276,2896900
2023-07-27,275.04974365234375,278.5066093667379,271.620829956945,272.0773890790099,4698300
2023-07-28,273.9689025878906,277.3885181218618,272.96260140351603,275.61812868618506,2843000
2023-07-31,273.19549560546875,274.16451777726303,270.26039176801913,273.57749700977314,3296000
2023-08-01,271.2108459472656,273.8570746548098,270.4467861867675,273.0091588379772,1916200
2023-08-02,269.85980224609375,273.4285049319915,269.6361860653006,270.45614997544186,2388300
2023-08-03,271.164306640625,271.3972496659131,268.9560113105622,269.0957714386495,1910700
2023-08-04,267.43719482421875,272.84148959906065,267.19495343521623,272.4594596587802,2520500
2023-08-07,271.51837158203125,271.51837158203125,268.21989054004086,268.2385441798442,2176800
2023-08-08,269.8225402832031,271.7047380407044,268.8535178155314,271.1922463470942,1948400
2023-08-09,268.56463623046875,269.95296732032483,268.23851036471507,269.2820903867886,1895800
2023-08-10,267.9776306152344,270.5586287966004,267.21357075720994,269.1050667637573,2436300
2023-08-11,268.927978515625,269.2447775226187,267.1948965769974,267.6514556701031,1761800
2023-08-14,269.10504150390625,270.0740922466488,267.9962306625523,269.08641630256534,1712400
2023-08-15,268.6298828125,269.3566639070135,267.53039856818447,268.30378532856554,1883800
2023-08-16,265.9277038574219,269.1702804193839,265.5829527920528,267.94966146260134,1829400
2023-08-17,262.6292419433594,266.9899565088421,262.55471269503926,266.6265517802916,2148400
2023-08-18,262.5174560546875,264.3810002099656,261.1757019880531,262.4988308498885,2624500
2023-08-21,260.9333801269531,263.0298666552038,259.6661557056818,262.4801247111572,2682600
2023-08-22,261.1849670410156,261.66017978756605,260.04820423770985,261.60427575096253,2052300
2023-08-23,262.6385192871094,263.8311860835312,261.50175652525274,262.7782793735222,2308800
2023-08-24,263.0858154296875,265.3220624197137,262.51741975450176,262.51741975450176,2006400
2023-08-25,265.1636047363281,266.6171948961638,264.1666305272474,265.3313452702367,3725200
2023-08-28,264.3250732421875,266.6731568729238,264.16668792656066,265.1636623522685,2317600
2023-08-29,264.2411804199219,265.154327086574,261.2967779071754,264.5766330785491,2348500
2023-08-30,264.8468017578125,266.46810399176985,263.9616356276959,264.43681989960885,2410700
2023-08-31,263.3760986328125,265.8585637546641,263.1231779334053,265.30586613042556,2979800
2023-09-01,263.17938232421875,265.24031294542135,261.4838101901707,264.6782383588842,2136400
2023-09-05,261.51190185546875,263.8351300441391,261.4182179968055,263.2355762193339,2410300
2023-09-06,258.027099609375,261.0341602308651,257.61491346077355,260.4252579712547,2705800
2023-09-07,260.73431396484375,261.3525930233587,258.64531006398823,259.7226027889162,3732800
2023-09-08,261.568115234375,262.6266828373788,260.2847292336716,260.50017066870015,2351300
2023-09-11,262.0740051269531,262.4206097125048,260.94985587645306,262.008423559875,2433200
2023-09-12,262.9638977050781,263.7039630127507,260.1348281805302,261.8210232582582,1450200
2023-09-13,263.95684814453125,265.0060671810535,262.87017844078343,263.86319288817185,1724300
2023-09-14,266.7579650878906,267.54485828248426,264.70641088515026,265.4183455345586,2219700
2023-09-15,260.6407165527344,265.91477217141573,260.172325821575,265.91477217141573,5730700
2023-09-18,260.1629638671875,262.55174529858573,259.4228984645378,261.09974538354805,2884800
2023-09-19,260.5470886230469,260.6688748134216,258.96392532479086,258.96392532479086,2128100
2023-09-20,259.67584228515625,262.55173975252325,259.6196376824261,261.1184652062998,1979300
2023-09-21,254.07386779785156,259.6664542371814,253.88650007121453,259.4322588730358,2370100
2023-09-22,255.0106658935547,256.3409082275511,253.70852586155735,254.24249818784273,1958300
2023-09-25,252.72491455078125,254.57975223183095,251.9099192114467,253.35257074115202,1895500
2023-09-26,250.79513549804688,252.27523763710892,249.72719090324262,251.8256008294453,2251600
2023-09-27,246.97311401367188,251.00126344639898,245.7084531397627,250.79517035147816,2735000
2023-09-28,248.7998046875,249.47428853687583,246.49533011392572,247.52579552106988,2182400
2023-09-29,246.78567504882812,250.46721880240193,245.20251231928265,250.26112576694933,3367100
2023-10-02,241.4553985595703,245.5023009465713,241.1837239570493,245.43671938935955,4425000
2023-10-03,238.40150451660156,241.97062508263284,237.8206903264243,240.94953678343953,3408100
2023-10-04,239.6380615234375,240.05024765036953,237.95185204696574,239.18841042776188,2820000
2023-10-05,236.28436279296875,241.549083853393,235.6754606153862,239.81603258773592,3799600
2023-10-06,232.5278778076172,234.96351513967804,230.19528700023926,234.19534753855976,5130700
2023-10-09,234.1204376220703,234.1860191901838,231.62859532848813,232.0595211205365,2782300
2023-10-10,235.61927795410156,237.4085196877473,234.6637568579465,235.80663138817195,3129600
2023-10-11,235.05722045898438,236.71532777414967,233.62394585755138,236.62164390322326,2919400
2023-10-12,230.62623596191406,236.20944560494974,230.33583598877593,235.77853412679352,3528300
2023-10-13,232.61224365234375,233.0806344661237,230.4482803797448,231.21644817553752,2646500
2023-10-16,234.13914489746094,234.65437752517832,232.3873682573717,233.46466114738547,2774700
2023-10-17,235.2633056640625,235.50686370850536,233.61457536767358,234.27968222886997,2627500
2023-10-18,239.8441619873047,240.83714807237928,236.38743602741783,236.86520373208091,4559200
2023-10-19,242.0456085205078,245.96134832893307,240.05963631483004,240.05963631483004,5646200
2023-10-20,241.79266357421875,243.88169664843176,241.27744517530988,242.58893358114406,3779200
2023-10-23,238.6450653076172,240.9776418811118,238.44833492117607,240.38746501593846,3409800
2023-10-24,241.00575256347656,241.46479491252376,238.5794920464879,238.5794920464879,2468000
2023-10-25,241.71771240234375,243.0292006929936,240.69662406932704,241.80201930085332,2759100
2023-10-26,239.6568145751953,243.13228025449104,239.51628877269897,242.02685634947105,2702600
2023-10-27,239.5912322998047,242.98239106406217,238.7574973330711,240.33128339848452,3209000
2023-10-30,243.70370483398438,245.4929609540047,238.50457887333545,243.65687719366622,6305100
2023-10-31,245.59597778320312,247.01987513573297,243.32895434958402,246.8044051346083,3990600
2023-11-01,245.4086151123047,246.738857228262,243.40388927062082,246.37349877385665,3543000
2023-11-02,249.98013305664062,250.51410533879297,246.85128647669822,246.92621641306835,4109700
2023-11-03,250.93565368652344,251.62886284234287,248.70610916144742,250.64525371106924,3126500
2023-11-06,251.90989685058594,252.0972359829205,250.40166388788575,251.06679928432948,3090600
2023-11-07,251.68507385253906,252.73426445698155,251.16044996201796,251.80683142159413,2360800
2023-11-08,250.5796661376953,252.987201375593,250.38295003381742,251.8349498762762,2223300
2023-11-09,250.03634643554688,251.37593708099368,249.12766726303573,251.28225321601587,2501700
2023-11-10,250.8607635498047,251.17926587702303,248.44385090752,250.42982341153257,2664900
2023-11-13,252.18153381347656,252.6686497907711,250.36417583022555,250.4953103444488,2591900
2023-11-14,254.32681274414062,254.4860781857949,252.3221151018642,252.93101738902882,2647800
2023-11-15,253.2963409423828,255.8350105764997,252.0129263875421,255.20735444856155,2575900
2023-11-16,258.6640625,258.70154175882664,253.8958488459684,253.93332810479504,3593700
2023-11-17,258.3174743652344,259.60086032557734,257.7553998003608,259.0668880595325,2604800
2023-11-20,261.3901062011719,262.1114175689027,257.6336037351645,257.9427575986912,3499400
2023-11-21,262.73907470703125,262.92644241829015,260.82803268772653,262.1770001615535,2940800
2023-11-22,264.1068115234375,264.5564769524049,263.4229792988268,263.46980694029475,2285000
2023-11-24,264.6782531738281,264.72508081353527,263.263703959721,264.17238315879933,1218000
2023-11-27,264.0224914550781,265.95225903554336,263.31990533825916,264.7906591373261,3703900
2023-11-28,264.25665283203125,265.6149972517911,263.5634437675379,263.7039552551651,2199600
2023-11-29,262.6548156738281,264.6126856835568,261.830443335352,264.36911333219683,2433400
2023-11-30,265.60443115234375,266.0190869842834,262.0421815122038,264.2662472252976,5030400
2023-12-01,269.4871520996094,270.33530148874763,266.69767213281654,266.9332707831106,4967400
2023-12-04,269.6473693847656,270.84420016392295,268.57302574458305,268.57302574458305,3522900
2023-12-05,270.0337219238281,272.12583881649556,268.7803211620406,270.0431263120871,3005300
2023-12-06,270.3353271484375,270.81595764373003,267.0746495715597,270.2128399967231,2765100
2023-12-07,270.2693786621094,271.5510216238752,269.1856305306979,270.9290376831583,3131900
2023-12-08,269.0819091796875,271.3153796157389,268.62954945153075,270.7782078309775,3623600
2023-12-11,272.49334716796875,272.6441337298489,269.1101545721467,269.1101545721467,3353000
2023-12-12,274.6325988769531,274.89646816834534,271.89022762020096,272.46507442089273,2252200
2023-12-13,278.8827819824219,278.92048581301367,274.7550897003029,274.88703872757617,3312300
2023-12-14,273.31329345703125,278.2608655038041,271.41909971565406,277.62947717654606,4626800
2023-12-15,270.7216796875,274.9436177444527,269.2609795974963,273.6808124628624,6328500
2023-12-18,273.5111999511719,273.8504482085664,270.99499367042387,272.0222003514479,2490100
2023-12-19,273.98236083984375,274.9153221832642,272.9080173150344,273.9258194711272,2054200
2023-12-20,272.342529296875,274.8681679685184,272.08809318022566,273.98231499406,2398500
2023-12-21,274.6044006347656,274.73632093546433,272.6253660474583,273.8316300919765,2313100
2023-12-22,274.896484375,275.6221177792096,273.7655994825926,273.95408988452635,1700300
2023-12-26,275.9896545410156,276.16871180656426,274.1331648838208,274.4441424315846,1381500
2023-12-27,277.5823059082031,277.6577135783148,275.61270473062933,275.65040856568515,1892100
2023-12-28,278.7979431152344,279.3916561616612,277.0639409495584,277.50686744771866,1907100
2023-12-29,279.429443359375,279.749854085192,278.2985582897605,278.78859314813906,2227800
2024-01-02,279.9288330078125,280.154998454585,278.0534486463442,278.0534486463442,4458400
2024-01-03,277.4315185546875,280.82411559898316,277.2995695258378,279.8911542877615,3114800
2024-01-04,274.9341735839844,280.1456142338761,274.16143191935805,278.3079621387245,4615400
2024-01-05,272.342529296875,273.6053342529003,270.6556641464341,272.5498572006758,3407300
2024-01-08,275.0849609375,275.17920614357854,270.95726824381046,271.8902583965095,3097000
2024-01-09,274.11431884765625,274.11431884765625,270.9572911149377,272.9457587205228,2176400
2024-01-10,277.1488037109375,277.43153932552775,274.1142921757668,274.2368080661294,2199700
2024-01-11,277.205322265625,277.9592550828787,273.90694168408015,277.4880578569438,2047400
2024-01-12,276.5644836425781,278.7131417080672,275.9707705734992,278.439839281432,1714800
2024-01-16,274.3216247558594,277.299594970329,273.27558061512434,276.56452837533703,2859000
2024-01-17,274.38763427734375,275.4996530804069,273.4169689221949,273.42640207192346,2008200
2024-01-18,277.40325927734375,277.5163707868482,274.52896726542116,275.26403389939617,2221200
2024-01-19,283.2177734375,283.73607882722854,279.43876288315937,280.833516877481,4250900
2024-01-22,281.2199401855469,284.9706805688363,280.5885232298193,283.61363021707314,3250200
2024-01-23,282.76544189453125,282.9162284569767,280.0136662187911,280.3058061961554,1874000
2024-01-24,283.13299560546875,284.6408325026668,282.0680852575802,282.7183397397494,3209700
2024-01-25,280.0890808105469,283.95290428172007,279.03360349853074,283.41573247698335,3219600
2024-01-26,275.42425537109375,278.929964438213,274.896516695149,278.31738493970494,4210500
2024-01-29,275.4712829589844,275.89537190925455,271.70170565735594,274.8398948663334,3899700
2024-01-30,277.6765441894531,277.931009120233,273.4829057613872,275.31115346139575,2524200
2024-01-31,275.8576965332031,280.3057993582484,274.8493275987206,278.85450389476114,3476200
2024-02-01,280.9089660644531,280.95610304960127,273.5582997837869,274.89651275262634,3380600
2024-02-02,279.9383544921875,280.9938607910259,276.45151110433784,279.01482602516205,3971600
2024-02-05,269.49658203125,274.651481588524,267.0086465092396,270.4766804574602,7581900
2024-02-06,268.2525939941406,268.2808646793175,265.32176084561155,266.6693781050394,5927200
2024-02-07,270.7781982421875,273.793872137244,267.743686810641,268.62953993882894,3954700
2024-02-08,275.11322021484375,276.2629426582874,267.8285291165999,269.71331812161577,4605000
2024-02-09,272.7950134277344,275.65990156237774,272.2767078114864,275.3206244924145,3323000
2024-02-12,272.76666259765625,274.41585294978296,272.1258412488475,272.3520067226395,2392300
2024-02-13,270.57086181640625,273.20015043397314,269.213840241749,272.00331981345045,2756100
2024-02-14,271.56988525390625,271.7112387027697,270.0808855669361,270.76884403087575,2139300
2024-02-15,275.04730224609375,275.2734965297269,270.7311471914445,271.3154273015897,2401400
2024-02-16,275.19805908203125,276.7813038577978,272.59706955821605,274.038932137153,2837500
2024-02-20,275.791748046875,278.4775781566506,275.02841079330483,275.17919736630114,2264000
2024-02-21,276.9792175292969,278.1949146914436,275.4148389450435,276.20644700702667,2076400
2024-02-22,278.87335205078125,279.5801478217579,276.3571464518831,277.0639422228598,3146600
2024-02-23,280.5980224609375,281.5309840126462,278.07241156241855,278.94883173278754,2199000
2024-02-26,280.0042724609375,281.4744057020968,279.3257472142793,281.0314790999783,2595300
2024-02-27,276.8377990722656,279.7026574544169,276.423143219134,279.7026574544169,2811200
2024-02-28,278.1854553222656,279.0430378318192,275.8577395847916,277.09227417029405,2507300
2024-02-29,277.0102233886719,279.3511827179961,276.46999533039053,278.8299282974828,3601700
2024-03-01,275.5411682128906,277.3798175398983,274.4038492127869,276.16669077062534,3028900
2024-03-04,275.740234375,276.0245497102881,273.4277065705623,274.2522499661261,2832000
2024-03-05,277.2566223144531,278.17594703667055,273.825749306763,276.3278107742748,2969600
2024-03-06,277.6262512207031,279.72081350768286,276.8870024497772,278.00534796316276,2348000
2024-03-07,275.90130615234375,279.51228404931777,275.8254983790855,278.82989839709296,2237700
2024-03-08,277.2660827636719,278.14751806861744,273.7404283135669,274.88723421483326,2482300
2024-03-11,279.4175109863281,280.01460206526264,276.621618415301,276.88698901446895,2893300
2024-03-12,278.9342041015625,280.87709329388707,278.2044420327332,280.2326258364872,2233100
2024-03-13,268.08233642578125,278.13804593230134,267.83593945255086,276.99126889372724,5441300
2024-03-14,267.01141357421875,267.76012028471496,263.31514057821437,267.66536778592854,4659300
2024-03-15,264.5567321777344,269.38080872457033,263.8364280670172,267.163062246195,5071700
2024-03-18,264.02593994140625,265.6560819504723,263.542603891416,264.86945693990526,3319400
2024-03-19,268.09185791015625,269.54192409752983,264.0259747089985,264.61360799370715,4055400
2024-03-20,269.5893249511719,269.73148262937434,266.6702189836717,268.68894478383856,2867300
2024-03-21,268.7173767089844,270.66026580143915,267.87388853494,269.63670159366706,3653300
2024-03-22,267.8643493652344,269.5324095945121,267.38098442988115,269.04904465915894,2556100
2024-03-25,264.0638427734375,265.92143693215303,263.1350601556925,265.3717510312361,2985500
2024-03-26,264.0638427734375,264.85049666100065,262.68961355953246,264.6325023102924,2572100
2024-03-27,267.2862548828125,267.551625523212,263.57106591721936,263.57106591721936,2605000
2024-03-28,267.2198791503906,268.57516361027433,266.5564382237439,267.50419444853947,3453900
2024-04-01,265.580322265625,266.8408256591464,264.08287975185107,266.79344940438887,2408800
2024-04-02,263.2298278808594,265.82669983407703,262.95499937610384,265.37176639361195,2907700
2024-04-03,261.144775390625,263.43832940791344,260.7751365555857,262.1209632092018,2748000
2024-04-04,255.9795379638672,261.80823438894026,255.8184355632099,261.80823438894026,4095100
2024-04-05,252.75717163085938,256.48184756234167,252.44439580328753,255.3445571687821,6816000
2024-04-08,253.58164978027344,254.65261892759753,251.97993946806344,253.27836085084598,3753200
2024-04-09,255.3634796142578,255.58147399254628,251.62931718845033,252.31170293436514,3934900
2024-04-10,254.6337127685547,254.93697282067302,251.25967353346985,253.022515394849,3817500
2024-04-11,254.5863037109375,255.7804859561207,253.1931007326331,255.420333918797,2519200
2024-04-12,253.42062377929688,254.21673576650198,252.65291440685783,253.9134467456906,2708400
2024-04-15,252.32118225097656,254.491523457242,252.15056412714915,253.86600079848375,3686700
2024-04-16,251.5629425048828,253.04143998809542,251.2975719033633,252.22638347029482,2912900
2024-04-17,255.8468475341797,256.00794992251673,251.64826476969714,252.57707643875762,3383100
2024-04-18,256.8230285644531,257.11683072187367,254.804302892143,256.8230285644531,3402700
2024-04-19,257.7802429199219,257.99823729493113,256.34915048512255,257.79921655797494,3017100
2024-04-22,261.18267822265625,262.05462677757595,258.09301223658184,259.4482968548333,3129300
2024-04-23,262.414794921875,262.90761783424847,259.9127041592947,262.35793185210997,3275700
2024-04-24,262.2915954589844,262.5569661059522,258.6332694741257,261.1448182620768,4071600
2024-04-25,261.2016296386719,265.2011621913338,260.36759950663236,262.54742732364207,4179800
2024-04-26,258.8227233886719,261.6849365477189,256.24482550517763,257.0599108337996,3636500
2024-04-29,259.2586975097656,260.09272759531206,258.35834647172373,259.52406808941913,3148900
2024-04-30,258.7754211425781,262.40531550674194,248.90927333473797,250.52044189559206,6894400
2024-05-01,260.0928039550781,261.9883169157359,255.94162594352045,257.20215825936805,4843200
2024-05-02,259.0028076171875,261.87450768459104,258.46257965321473,260.1685581305145,3084000
2024-05-03,256.1975402832031,260.2728816044435,254.84225544955504,259.8179770019505,2642100
2024-05-06,255.23077392578125,257.6760015100053,254.98437694215178,256.89883436009046,2481300
2024-05-07,253.52481079101562,256.5292109946468,253.04144582155152,255.9321198966563,3160000
2024-05-08,254.4630889892578,254.8801040902875,252.16004803804472,253.524819473555,3259800
2024-05-09,253.95130920410156,254.4536188803371,253.06987387368886,254.43464524369227,3140000
2024-05-10,260.6329650878906,260.99311708554626,253.84702696245162,254.15980271756308,4983500
2024-05-13,257.145263671875,262.2820869687421,256.9746744678969,260.9931521966022,3840700
2024-05-14,256.5197448730469,258.5194969485119,254.67160836569855,257.9034610871389,3143200
2024-05-15,259.5620422363281,260.035920439242,256.1122239591948,256.9462253008099,2982500
2024-05-16,259.2208557128906,261.16374471483135,258.6616829217137,260.1686120891016,2339900
2024-05-17,258.1498107910156,259.7420340952549,256.7660949854187,259.7420340952549,2454500
2024-05-20,253.87547302246094,257.9129240772355,253.3163002816022,257.54328524062583,2651100
2024-05-21,251.97998046875,255.02227030592746,251.5724521728349,254.4820711588156,2362600
2024-05-22,251.88519287109375,252.88035438519785,250.72892897568465,251.979974290041,1906100
2024-05-23,244.4547882080078,251.74303684722682,244.1420413389918,251.2786454915511,5636200
2024-05-24,244.62539672851562,246.85263010968035,244.06622390911352,245.22248790338432,3382900
2024-05-28,240.2941131591797,245.2887926437963,239.45061067550472,243.9429949663778,4324700
2024-05-29,236.3419647216797,240.54053230996132,236.1429440133358,240.12351725794827,4029300
2024-05-30,238.90093994140625,239.74444247862328,237.0338588542607,237.5172093660546,3597800
2024-05-31,245.36463928222656,245.7058176627561,240.26569136348283,240.9101731593585,6125400
2024-06-03,247.77804565429688,247.96883923953348,243.81932620425584,246.0419230060912,4342800
2024-06-04,250.61114501953125,250.96408693312426,247.3010773615723,247.3869257369588,4592700
2024-06-05,248.0069580078125,249.67629987794533,246.7382709953568,249.44737087985095,4136800
2024-06-06,248.70330810546875,249.72399834781427,246.99580179764897,248.88455325545573,3354300
2024-06-07,244.40115356445312,249.35194637498415,243.5712569276026,248.08325950355922,2290100
2024-06-10,242.11180114746094,244.20086556850998,241.48221729759572,244.20086556850998,2866200
2024-06-11,242.56015014648438,242.9512566051885,240.48063404889822,241.34868078792826,2729400
2024-06-12,242.7509307861328,244.49658724356405,241.73025499951842,243.1325033906434,3169600
2024-06-13,242.00686645507812,242.99894060592803,239.60301014933248,241.90193581519026,3153000
2024-06-14,241.8923797607422,241.93052973742513,239.05926729926807,241.20556373641486,2806600
2024-06-17,241.8256378173828,242.789095910028,240.2707749362093,240.67141525528197,2532900
2024-06-18,239.23098754882812,242.6269180276702,237.85736992062346,242.24534544580303,2956300
2024-06-20,242.1022491455078,243.90513763099065,238.00996898360717,238.73494956444995,4046500
2024-06-21,247.43463134765625,249.40920214500753,243.82883957779796,246.37577652726884,8425800
2024-06-24,248.3789825439453,249.32334371811908,245.91787951105385,247.0625826581211,3901200
2024-06-25,245.5172576904297,248.1405090924028,243.80975135406237,248.1405090924028,3903800
2024-06-26,245.94650268554688,246.27085757162317,242.9416932271094,244.82089632896577,2796100
2024-06-27,246.27084350585938,246.90039819672754,245.12614039135286,246.108666072084,2651000
2024-06-28,243.0943145751953,247.52998831279,241.2055776768878,245.66988209302977,8958700
2024-07-01,238.46786499023438,243.57127259224,238.21030532393897,243.08478393857564,3817600
2024-07-02,236.3692626953125,239.45993516110337,236.00678693077035,238.17215132814735,3944900
2024-07-03,238.47740173339844,239.41222907265183,236.74127926213666,237.04653732299803,2026100
2024-07-05,239.5171661376953,239.83195806308967,237.3422533399759,239.43131776408936,2814300
2024-07-08,236.426513671875,240.93850226177184,235.6729168937944,240.15628935849892,3163900
2024-07-09,234.4900665283203,235.9972308982073,232.30560537768295,235.83506801171328,4927300
2024-07-10,238.94480895996094,239.01157505974956,234.56635305337363,235.61565938294893,4092700
2024-07-11,243.05618286132812,243.86699733429478,238.35340069609668,239.64118455178743,5546400
2024-07-12,242.19764709472656,245.0784727829189,240.20397947896413,242.53152128447877,4543000
2024-07-15,239.93687438964844,243.94329169612456,239.61254862726102,241.94962417641332,3393600
2024-07-16,245.41232299804688,245.45048753479168,238.57280717039924,239.4313200255794,4173000
2024-07-17,248.97042846679688,249.97202199438436,245.975138074408,247.03399296538456,3711500
2024-07-18,247.55860900878906,250.23909265695582,245.72711887823928,246.137293019757,3421800
2024-07-19,245.421875,248.4362330046696,243.27557827514775,248.38854916630007,3470600
2024-07-22,247.57772827148438,247.81620569319242,244.5824378815452,246.3948604643235,2759500
2024-07-23,242.3407440185547,248.15006471799313,241.82562466810901,247.71124532897826,2653100
2024-07-24,241.69207763671875,242.60783728344583,234.7762328380647,234.96702640794942,5983300
2024-07-25,239.8701171875,244.28670878870497,239.5267091453183,242.4742863499995,3323100
2024-07-26,240.38522338867188,242.34074101384752,239.19283636789473,241.24373622142917,4002900
2024-07-29,249.37107849121094,251.7653719650311,238.69681241018333,241.8637994980637,9381000
2024-07-30,254.15969848632812,255.04682750563907,248.3122274667391,248.97042747745712,4936600
2024-07-31,253.16761779785156,255.33301135586842,251.06903401365233,253.18671462208874,4652100
2024-08-01,256.3631896972656,256.3822574081636,250.3058582766354,254.52215126580276,4936000
2024-08-02,263.9372863769531,264.0517508871613,256.410924609603,256.98327627165867,9585900
2024-08-05,256.0770568847656,265.0628694749966,255.3425278240844,261.4094083286526,6794900
2024-08-06,257.6128234863281,260.6081135947675,255.72407200394218,257.4220299224873,3369300
2024-08-07,256.95458984375,260.5508471846384,256.2009932097034,257.1358349723309,3540000
2024-08-08,258.6907653808594,261.0373750147526,255.7240911735075,256.53492021409636,3227200
2024-08-09,255.5619354248047,259.1772611154361,254.6557096214103,259.1772611154361,2664900
2024-08-12,257.04046630859375,257.1072469655849,253.10081510025518,255.13264715577196,3008100
2024-08-13,257.8512878417969,259.46339730836564,255.20896887123013,257.8512878417969,2603600
2024-08-14,258.652587890625,258.9960104918826,256.12473321738565,257.42203632855325,2242100
2024-08-15,262.20111083984375,263.050104304498,259.3203145063942,259.4633951153222,2445200
2024-08-16,265.65423583984375,266.61769370866006,262.0389399512681,262.0866237798009,3286000
2024-08-19,274.2967224121094,275.03125151168024,268.7354416735742,269.3173126169089,5268800
2024-08-20,272.4652404785156,276.8913664821537,272.0645855835973,273.2951372847594,3697600
2024-08-21,276.357177734375,276.6052035779112,273.0757259579567,273.91517117206575,2686300
2024-08-22,275.88018798828125,277.1107395265908,274.29669455480797,276.2045137598103,1746400
2024-08-23,276.1759033203125,277.37783875972514,273.8960744611378,276.9962807330738,2145900
2024-08-26,275.37457275390625,278.74187194447546,274.6019084290877,275.91830812648413,2018500
2024-08-27,276.2904357910156,276.9199906124868,274.7832420738766,275.75621954534756,2897600
2024-08-28,273.8197326660156,277.5495226085747,272.1122554816626,276.58609373047324,2603800
2024-08-29,274.5923767089844,275.7847635927224,271.6543482362973,274.51607675726865,1797100
2024-08-30,275.35552978515625,275.56539104723464,273.09476884563486,274.3062234747642,2528500
2024-09-03,273.94512939453125,276.52608027446195,272.20850837158423,274.75107263608606,2902800
2024-09-04,276.35333251953125,277.25522749005535,274.3960254260105,274.93332081946284,2558300
2024-09-05,276.2958068847656,277.8117414022526,274.6359298859087,277.2840499052532,2412500
2024-09-06,277.77337646484375,280.3447231863456,275.9120210355938,276.15188612410117,3863600
2024-09-09,279.4812316894531,279.91297130673104,276.13269493994363,278.2723022002588,3208600
2024-09-10,279.4620666503906,284.2210121078466,279.2414094611493,280.9396441106724,2497100
2024-09-11,278.4642028808594,279.6251417682126,274.24255368974264,279.03985569745913,2747500
2024-09-12,280.4982604980469,280.8244735281922,276.57407088193486,278.4066438033696,2274200
2024-09-13,284.5088195800781,284.71029808563276,280.75732552875115,282.55151197060087,2205500
2024-09-16,284.6622619628906,287.94359959836345,283.0791584173272,285.3626784815327,2916200
2024-09-17,281.84149169921875,285.33394159989155,280.3255571549053,284.95973799035903,2997400
2024-09-18,280.1912536621094,283.1368044771638,278.5985456899341,281.96626147498256,1788200
2024-09-19,281.9374694824219,283.1175871399659,279.1070493384126,282.3212478204883,2271400
2024-09-20,284.796630859375,285.9671737728888,280.95878908135046,281.06434495605885,5817300
2024-09-23,286.93621826171875,288.0491958136904,284.8542056387808,286.87865298147943,2312400
2024-09-24,288.0971984863281,289.22938414788035,285.63140721427965,286.93625946093476,2408100
2024-09-25,288.2890625,289.56513192622674,286.3029724795563,288.15472399176184,1986200
2024-09-26,291.3401184082031,291.9541870635851,288.5480853815986,288.9414676238767,1971100
2024-09-27,291.3785095214844,294.51593425491524,291.2153883822515,291.2153883822515,3402800
2024-09-30,292.165283203125,292.6641920487123,289.8529802249645,291.4360839607688,2286500
2024-10-01,290.6973876953125,292.85617407922336,289.99697090536114,292.1653612651553,3036200
2024-10-02,291.4457092285156,291.7527143126279,287.4351423829317,288.3946028117531,2352400
2024-10-03,291.1482849121094,291.69515511483615,289.04706418672106,291.19624622238763,1802500
2024-10-04,291.4457092285156,293.48936462677057,289.16218872305535,290.76447124215827,2432400
2024-10-07,288.6536865234375,292.7505721648055,287.8381392727494,291.4457199880323,2091800
2024-10-08,289.6611022949219,291.05233165140135,288.1835250120995,290.3711229344233,2038300
2024-10-09,291.51287841796875,292.645064090545,289.71869192114247,290.6589737765603,1854100
2024-10-10,291.7143249511719,293.3549939058193,290.6493087662917,291.7047209782073,1739500
2024-10-11,292.6737976074219,293.11514117630935,290.68770762681834,292.0789368666591,1775600
2024-10-14,297.2792053222656,297.8357087484858,292.15569032576803,292.77933372653956,2376300
2024-10-15,300.6373291015625,302.57542863875005,298.40179917204443,299.3516556326866,3067100
2024-10-16,300.2343444824219,301.0115050205826,297.53823397103235,300.6181227649052,1821300
2024-10-17,301.94219970703125,302.27798742283284,299.8121964470046,301.25138704755216,3095200
2024-10-18,303.7267761230469,304.32163687490333,301.4912463168109,302.7769197147862,2531200
2024-10-21,302.1244812011719,305.0124369204339,301.66392969598314,304.27366299790754,2404100
2024-10-22,301.9326171875,302.9400389673038,300.59895308163175,301.35693505029366,5889100
2024-10-23,286.4661560058594,289.3733204286578,279.03991111244693,280.9012670035233,18792000
2024-10-24,289.3540954589844,290.1312854308426,286.18788740349277,286.9938307397922,5522600
2024-10-25,280.7476806640625,289.3732491736272,280.35432768493087,288.7975671040495,8863200
2024-10-28,284.7582702636719,287.76138610546286,284.51840515529125,287.0705734221103,6656000
2024-10-29,283.0408020019531,290.4286583765394,283.0408020019531,285.5354047570346,9048900
2024-10-30,279.701904296875,283.39583294427695,278.0900177425064,282.56110702435075,4924000
2024-10-31,280.2679443359375,282.4459380353318,279.36607855922415,280.40228283740043,4277400
2024-11-01,283.2423400878906,284.84465208593036,281.3905882581293,282.5707352727482,4131800
2024-11-04,280.97802734375,283.0024750454744,279.9705762000816,282.79139255369347,2583100
2024-11-05,285.2667541503906,285.3243194281229,280.69971358092334,281.84147372329016,3032100
2024-11-06,282.0813293457031,288.1547001859927,280.8532213279312,288.10673888295975,4646400
2024-11-07,282.714599609375,284.5183898119893,281.8990524287793,282.8872954507979,3357400
2024-11-08,286.8498840332031,289.5939267902781,283.2806900859672,283.6165070903303,3279100
2024-11-11,289.30609130859375,291.4936598347673,287.8572967445393,288.3082443007439,2872400
2024-11-12,286.54290771484375,289.18142441439187,285.45871253161766,287.9725239463716,2452900
2024-11-13,285.29559326171875,287.0034318267795,283.25193765647623,286.7827453648517,2327100
2024-11-14,286.45648193359375,287.943633775249,284.5663438584929,285.91918647593724,1932600
2024-11-15,280.76690673828125,287.3583951235282,277.97487340890785,285.65055675110557,4039400
2024-11-18,279.2989807128906,283.4630361167214,279.00155027550363,281.1315539344636,2865000
2024-11-19,278.9439392089844,280.2296126616449,275.9408234013214,278.24352255952545,2353300
2024-11-20,279.1166076660156,279.509989914333,276.57404365167713,278.8383559722486,2524600
2024-11-21,276.7755432128906,276.9002777499603,271.968637231281,273.44621444821706,4475700
2024-11-22,278.51220703125,278.81924143427165,276.4589766819187,276.7755857797514,2879100
2024-11-25,284.1825866699219,284.58554365287733,279.9417586924218,279.9417586924218,5021800
2024-11-26,284.3169250488281,285.2284242615347,282.8777342584987,284.959776485223,2254200
2024-11-27,283.11761474609375,287.35844338832834,283.0216921125317,284.9597919410134,2240300
2024-11-29,284.0098876953125,285.00770544811536,282.1005415528592,282.2348800659721,1655900
2024-12-02,282.2724609375,284.0002345418498,280.8246128733793,283.2956045462884,3149900
2024-12-03,284.2608642578125,284.59870139696653,280.19724521014354,282.1566652693803,3031000
2024-12-04,284.830322265625,285.7473044962769,281.6740240646425,282.11802256006865,3742500
2024-12-05,289.05804443359375,289.3186464838573,284.6758826599349,285.26468953036766,2594800
2024-12-06,288.5850830078125,293.23747900663307,288.227922413124,290.11013665472456,4158700
2024-12-09,290.8919677734375,292.0985077927098,286.76077592571073,287.2337301871716,2391600
2024-12-10,290.2549133300781,292.29156821560093,285.5542380920612,289.69509171773,3523000
2024-12-11,285.80523681640625,291.40357133356997,285.67975192767403,290.8630437025285,3037600
2024-12-12,286.3167724609375,288.17000140260603,284.830306935245,285.90172977110524,2040700
2024-12-13,286.2878723144531,288.79748188984973,285.1585376957326,285.988652693259,2547600
2024-12-16,287.3592224121094,291.6158992437619,286.83801831916395,286.84765060911496,3179900
2024-12-17,285.7859191894531,289.569642140976,284.5697467229132,287.27238493361006,3295800
2024-12-18,280.7667541503906,288.58514105944835,280.5640636310978,284.7628002420558,3800900
2024-12-19,280.1393127441406,282.6778483308211,278.8072877817984,280.7667076948909,3438500
2024-12-20,282.5041198730469,285.80522656818874,279.2416307091794,279.45398294637033,7678000
2024-12-23,281.1624450683594,282.90951267869076,279.6566854644997,282.0987213117312,2492200
2024-12-24,283.7685546875,284.0388184772705,280.679829869629,281.15278413759137,1461000
2024-12-26,284.5504150390625,285.1681777303278,282.42692206506734,282.813009018835,1433900
2024-12-27,283.41143798828125,286.17201704836515,282.562029046717,283.14117418474217,1617200
2024-12-30,279.5312194824219,281.3361987797868,278.95207433643503,281.3361987797868,1936700
2024-12-31,279.8111572265625,281.1141970411173,278.546676032074,279.99452423184334,1915600
2025-01-02,282.3400573730469,285.47706176888835,280.15862335168987,280.8342976195667,3117000
2025-01-03,284.5310974121094,284.70483210841934,280.59296367969637,282.6488831657859,2240100
2025-01-06,282.021484375,285.3225908424177,281.596779929916,283.08324548771,2838900
2025-01-07,279.2802734375,284.67591775048874,278.2571296905103,283.56590664270345,3419500
2025-01-08,276.9250793457031,279.0872192469485,276.5872422245824,278.9231168315885,2724200
2025-01-10,272.4946594238281,277.7648182027418,271.9830876123142,277.50421615192914,3946000
2025-01-13,273.768798828125,274.6085460837694,270.6028385612032,273.1027862895351,3394300
2025-01-14,271.7900390625,275.42898289561174,269.6665461374807,275.1104398101041,2238900
2025-01-15,272.4849853515625,274.7532864722914,270.85374089388154,274.4444051587148,2867800
2025-01-16,270.0140075683594,271.1819595719644,266.9156208975096,270.49662359930676,3403700
2025-01-17,271.1819763183594,274.2031281151587,270.26499402031465,271.21093210374255,3312800
2025-01-21,272.78424072265625,273.06416629086004,269.03916476602575,270.99858483035774,3858600
2025-01-22,271.5680236816406,273.6722223301544,270.65104151728985,273.4502083702215,3660600
2025-01-23,274.54095458984375,275.0911439473093,270.8923784904886,270.9889075902003,2279400
2025-01-24,275.5351257324219,276.87681238691545,273.43092698654726,274.61817298218625,2523000
2025-01-27,282.8998718261719,283.2280472044258,275.8729833370013,276.64515723212276,4343000
2025-01-28,281.0273132324219,284.2511848337287,279.91730223555544,282.2338533282648,3180100
2025-01-29,280.02349853515625,282.9481803703807,279.91733713262875,281.2493622775491,2358300
2025-01-30,280.2261657714844,281.9249540880842,279.2995218280189,280.79564912576683,2125200
2025-01-31,278.6625671386719,281.123897635781,277.3594976875048,279.75325485638245,2556500
2025-02-03,279.9655456542969,280.78599879201636,274.30929995347856,277.04089370711876,3048800
2025-02-04,279.6953125,280.5350892230039,278.3439933668208,279.685680208849,2976900
2025-02-05,278.7879943847656,280.1779310645167,276.3845757102805,279.91732898326893,2362900
2025-02-06,284.1257019042969,286.81870766456746,280.22618549643306,281.4520196378817,3590000
2025-02-07,284.0677795410156,286.52913893385244,283.60448701082095,284.12569110729,2858000
2025-02-10,297.6968688964844,299.49218629239397,291.02711218578634,291.76066848148656,8052000
2025-02-11,299.4246520996094,300.7566771578407,295.52513548619095,296.6833963732921,4180400
2025-02-12,296.9053649902344,299.30878321094286,295.138973958969,298.8165054716488,3110200
2025-02-13,299.24127197265625,300.6987820009429,295.0039179896516,296.80889746607227,3096800
2025-02-14,297.8223571777344,300.18718764112714,297.07913905384777,299.4150137320643,2674400
2025-02-18,294.231689453125,296.6640932086485,292.9865612470363,296.6640932086485,3367800
2025-02-19,291.4421691894531,293.227854383408,289.096662364197,292.7741941390686,2990700
2025-02-20,292.5135498046875,292.59078486140436,287.7839188315257,290.3707335572167,3020000
2025-02-21,294.21234130859375,295.32235213332143,291.1042933254318,293.3533002109759,3036700
2025-02-24,296.8764343261719,299.646645649235,293.54637190781153,294.3957808409901,3397600
2025-02-25,299.91693115234375,300.872501543043,297.281836810766,298.4304654117193,3891600
2025-02-26,293.6911315917969,303.61371542611096,293.12164824356455,300.8628277767695,4140900
2025-02-27,299.1736755371094,300.94003716784414,293.642885473766,294.57916170878485,3350400
2025-02-28,297.6099853515625,297.7933817977931,293.3147203981407,296.91501709651624,4972900
2025-03-03,295.4062805175781,300.45444906240266,293.6005676969898,299.1147333370092,4371300
2025-03-04,296.8430480957031,303.79401577664817,295.6975052524065,295.6975052524065,3954500
2025-03-05,298.4740295410156,299.4545225120628,294.51312827885585,295.12474021099956,2327500
2025-03-06,301.3087463378906,302.26014591366595,295.4936338061065,298.8137703507719,2954900
2025-03-07,311.90997314453125,313.7350914392623,301.2893631755069,301.74564274918964,7607600
2025-03-10,307.9879150390625,316.79312432251453,306.5219898715181,310.7449979415858,4707600
2025-03-11,297.8041687011719,308.4247783925752,297.3672945749691,308.34709739712537,4513100
2025-03-12,290.6590576171875,297.4838166749545,287.6981137437059,294.8238200295334,4546200
2025-03-13,288.8144836425781,294.6004730698473,288.5911878299782,291.6589351441993,4178600
2025-03-14,291.07647705078125,291.89197939767195,287.0767648209029,288.29998871461873,2696800
2025-03-17,295.0956115722656,296.3188354130425,291.27063731370777,292.503549058862,2758400
2025-03-18,294.7364196777344,296.06641785855834,293.44523236782015,296.06641785855834,2435400
2025-03-19,297.95947265625,299.0855803433309,294.7655160284907,295.11499159483657,2812200
2025-03-20,298.03717041015625,300.61951557216184,296.5906802688146,299.0370984938942,2723500
2025-03-21,296.5226745605469,298.0371279546169,292.83362749840023,297.4449511393919,6016100
2025-03-24,296.74603271484375,298.95946734248014,295.63930058771405,297.35761509251637,3443400
2025-03-25,297.95947265625,299.6486638134877,295.1538320888582,297.9691605597932,2657100
2025-03-26,304.4250183105469,304.89101537528154,298.8040787019358,298.9108530309652,2624400
2025-03-27,303.56103515625,307.39572697589307,301.60970751429375,305.9589248282562,3119500
2025-03-28,298.1244812011719,300.9495270913197,297.05658985713774,299.9787221652187,3211600
2025-03-31,303.2503662109375,304.05615098665527,295.55188933873166,296.0955377920893,4418800
2025-04-01,304.4736022949219,305.5900222127502,301.87185178822523,303.9396417243988,2411200
2025-04-02,302.4833984375,304.7647960341823,300.78448974606243,303.58041278994403,2776800
2025-04-03,308.9781494140625,310.38582875494143,302.21163622423705,302.2893172283997,7023900
2025-04-04,291.3482971191406,305.76475842215206,290.56194737776,305.38615984837827,8831100
2025-04-07,291.134765625,295.9790737592968,282.01889120319584,284.0575879083023,7725900
2025-04-08,291.07647705078125,299.25066894294037,286.3098501310964,294.91116900629424,5562500
2025-04-09,295.0859069824219,302.5514004977247,288.0475700770245,288.7271454909523,8265700
2025-04-10,297.82354736328125,298.6487375126938,288.2514245846221,292.54236595898084,6049500
2025-04-11,300.85247802734375,301.81359516961476,295.0858936801931,297.5226238277689,4439900
2025-04-14,306.84234619140625,308.91016560006943,302.04656707859255,303.30860173917813,4068300
2025-04-15,303.357177734375,307.9393788316412,302.7358482712653,306.9006103004781,2901200
2025-04-16,300.0758361816406,305.11431658163184,298.39633283943755,304.4153357854881,3098900
2025-04-17,302.21160888671875,303.85227183842926,298.1633683029557,300.19234736048566,2728500
2025-04-21,299.7069396972656,302.1921982839618,296.21203555140556,301.92037405187375,2669900
2025-04-22,309.76446533203125,310.6576190224332,302.1048288188514,302.6581948131237,4200700
2025-04-23,309.1819763183594,310.56050277953574,305.59970362275044,309.2013817521025,3210100
2025-04-24,306.9880065917969,309.58006938538796,304.3765383607345,309.133477683949,2479500
2025-04-25,307.4927673339844,312.3856328471714,305.8326990734204,307.25978361365753,2282900
2025-04-28,307.5607604980469,308.7354263702978,305.0755018191486,308.4247912554008,2578300
2025-04-29,305.31817626953125,307.48308211184195,303.8619687515526,306.83262971809967,3164500
2025-04-30,310.3178405761719,311.6284333708124,303.95907909791396,307.5413522441753,5564600
2025-05-01,304.4832763671875,309.929477873492,302.50282598916056,304.00756179929397,5186900
2025-05-02,302.8523254394531,306.7452630462594,301.60969620016635,304.395901864508,3994600
2025-05-05,306.5025939941406,308.13353948706856,301.62916295219367,303.8620028798959,3534100
2025-05-06,307.5413818359375,307.97822639177093,303.7358124875914,305.9104066142903,2691700
2025-05-07,308.8421936035156,309.91977291254875,306.89086610955985,307.2403713088523,2725900
2025-05-08,304.337646484375,310.32752630149383,304.03669930795064,308.79363782815335,2131500
2025-05-09,304.5221252441406,305.0754912407894,302.08542468056993,303.76489847958624,1917800
2025-05-12,302.8135681152344,303.06595731870954,296.10530069238285,302.90093702720156,4137900
2025-05-13,299.67779541015625,303.05620744856975,299.44481169254743,302.55136989159445,3018600
2025-05-14,298.5225524902344,299.89139116416436,296.7653977221287,299.24093874579034,2656600
2025-05-15,305.29876708984375,305.9297844145704,298.81376717309917,298.81376717309917,2928500
2025-05-16,309.30816650390625,309.3567245298256,304.2211577897741,305.1919627887531,2636900
2025-05-19,311.85174560546875,312.2206266720909,308.74515730863624,308.8228086840773,2748600
2025-05-20,310.46343994140625,312.3273986539188,309.5411929293773,311.8419961339187,2035000
2025-05-21,307.2015380859375,309.36644391220193,305.9686263954363,308.2499944553992,2386700
2025-05-22,305.13372802734375,307.37628528693705,303.502782679752,306.890882769681,2642000
2025-05-23,305.38616943359375,306.4346259128028,303.8911212742695,305.8715719867984,2701500
2025-05-27,305.75506591796875,306.4054887181561,303.04651150139193,305.32790932085203,2526700
2025-05-28,303.7066345214844,306.4345942182117,303.0756171929087,305.7550484899831,1935600
2025-05-29,302.7552795410156,304.3474142061261,300.98843668609953,303.2503996475159,2248800
2025-05-30,304.68719482421875,306.0851565762647,301.5126431000797,302.89119941518265,4062900
2025-06-02,305.27294921875,305.82945369942195,302.06090713483735,303.3691604404281,2577000
2025-06-03,304.9898376464844,306.9424598389044,301.8265694344018,304.4528486667788,3028100
2025-06-04,304.1892395019531,306.8057459523586,302.14875299285455,305.58535714586554,2069500
2025-06-05,301.66058349609375,304.6090319899232,300.4792257339868,304.6090319899232,3813500
2025-06-06,300.0789794921875,302.5197573568545,299.54202027982143,299.87396249405793,2622800
2025-06-09,297.56011962890625,297.99947157685233,292.746912672247,296.53500480990226,4059800
2025-06-10,293.3131408691406,295.246247601204,292.3563750458639,292.9031068862079,4698700
2025-06-11,294.5725402832031,296.017491211633,290.149852882638,293.0885583690165,3312100
2025-06-12,295.9784851074219,295.9980006039053,292.9616872975904,294.52379106114955,2584700
2025-06-13,294.75811767578125,297.8822956358988,294.0161116302262,294.66048059694714,2435500
2025-06-16,289.271240234375,296.7985908911176,288.74402386857906,295.958977599898,4045700
2025-06-17,285.3854675292969,288.9978301661788,284.87779653269644,288.98805752184023,3379000
2025-06-18,282.76898193359375,286.16652541219634,281.7633827163011,286.0591454951828,4008700
2025-06-20,280.650390625,283.7257647424199,278.8051780724086,282.90566696408473,7085000
2025-06-23,282.6615905761719,282.6615905761719,279.0980608734788,281.6852794360011,5172500
2025-06-24,284.5653991699219,285.18047993365644,281.7438457730191,282.7592176654483,4461200
2025-06-25,278.78558349609375,284.1845819283288,277.5749674365675,283.9697923247374,4259800
2025-06-26,278.8637390136719,279.99626344372285,276.75490350198896,279.17616571051,5354900
2025-06-27,284.6434631347656,285.2683164827877,278.4829430433518,279.23472158985635,7422200
2025-06-30,285.24884033203125,286.6254128271286,283.98939061253293,283.98939061253293,5054800
2025-07-01,290.4427795410156,292.5516150919112,285.42455598133427,285.57099668737214,5121900
2025-07-02,287.6505432128906,291.01879862000857,285.6686328782032,291.01879862000857,4021500
2025-07-03,287.113525390625,287.8457586396566,285.67834703073726,287.6895750991527,1678600
2025-07-07,286.5765686035156,288.6756313089813,285.56119681405113,287.1525885221082,3404300
2025-07-08,284.76068115234375,286.07867734562,283.38407888003286,286.06893449465696,3123600
2025-07-09,286.07861328125,286.8596798892014,284.438418096519,285.3268646035761,3265800
2025-07-10,291.3215026855469,293.6548708755545,288.0313090335728,289.2809861323851,5366800
2025-07-11,292.8054504394531,295.56839759997337,290.2475202568322,291.0773906078612,4524100
2025-07-14,294.7287902832031,294.9142917698891,287.8457793698155,292.0927384789867,5707500
2025-07-15,292.5223388671875,295.6172582892326,292.15133586701126,294.16253443092836,2937600
2025-07-16,291.81939697265625,293.3619852757004,289.19311759381486,292.6785555523793,2804700
2025-07-17,293.25457763671875,295.28532152950106,291.35078875621883,292.66878498323723,3134300
2025-07-18,290.03271484375,293.28381735203305,289.4078615046396,292.6394485190681,3481300
2025-07-21,288.7342224121094,291.721731862432,288.28512766847007,291.0480748496486,3037500
2025-07-22,292.0830078125,292.99096999384807,288.06058101283804,288.85139062816063,2672000
2025-07-23,291.057861328125,292.77617840409994,289.88630588103786,292.3954027724076,2467600
2025-07-24,287.50408935546875,290.41347722222224,287.43574043110436,289.87651806141366,4426000
2025-07-25,291.3995361328125,291.5655221072003,287.91409882248513,289.7788563487837,3401000
2025-07-28,292.1318054199219,292.8054624553133,288.00199878486785,290.0229698910421,3070500
2025-07-29,295.5000915527344,295.65627510828256,291.23358704990443,291.8682130959129,3147700
2025-07-30,296.41778564453125,298.1946789185685,293.9477198626889,295.4024435976376,2805900
2025-07-31,292.9616394042969,296.28109073754,292.89329048580174,293.88911694738084,3639600
2025-08-01,295.7148742675781,296.5056838506362,294.2406350177207,296.3104097187938,3344800
2025-08-04,297.0231628417969,299.092937788965,293.4107995357486,293.4107995357486,4734500
2025-08-05,291.6924743652344,297.38438510949027,291.3019558604083,295.8222812955339,4222900
2025-08-06,300.3718566894531,303.04693939183153,294.5920822509531,299.72748783081084,6474300
2025-08-07,300.6159362792969,302.8224087667555,297.1402713561037,301.8363250808295,3603300
2025-08-08,298.2142028808594,301.240743104678,296.69116012479356,299.7274729927687,2622000
2025-08-11,297.1500244140625,300.02038135744374,296.58377710034455,298.26303334072645,2649000
2025-08-12,294.4945068359375,298.2630535382947,292.7859623394006,297.94088397145157,3438300
2025-08-13,297.84320068359375,298.0775057867601,294.2601262428918,294.5530374164966,2999100
2025-08-14,301.6313171386719,301.96325932727274,295.52937294825244,298.2630320277006,4699400
2025-08-15,301.61175537109375,302.8126286482362,299.2393267501846,302.8126286482362,3416600
2025-08-18,301.3872375488281,302.63691451968435,299.2979175692291,301.0650382125184,3272600
2025-08-19,303.56439208984375,306.77646383408046,301.1431597188136,301.38723748490287,2893600
2025-08-20,305.6634826660156,308.6607650563874,304.98985538153767,306.2395324655688,3879900
2025-08-21,305.8001403808594,306.17114333742853,303.7987146978706,304.48211453844453,2282200
2025-08-22,306.6300354003906,309.2953456441384,305.7318160756023,307.1767672347312,2796700
2025-08-25,306.01495361328125,308.07495573315686,304.56025960835206,306.2980921748256,2944300
2025-08-26,305.52679443359375,307.6551454559111,304.90194103549146,306.005177332694,2807600
2025-08-27,304.05255126953125,308.2409341283702,303.96468684804296,305.936824495629,3234400
2025-08-28,304.8238525390625,305.1167339509192,302.0218444519157,303.7499043711708,3471700
2025-08-29,306.1125793457031,306.46403702730765,304.05254750746815,304.8336142354491,2492500
2025-09-02,310.0301818847656,310.3934630157843,306.6624004000377,307.36933637200434,3228700
2025-09-03,310.6487731933594,311.1200438936678,307.300647762169,309.30360816608663,3219500
2025-09-04,311.23785400390625,313.6335798849225,310.73712889699897,312.0528095097206,2881300
2025-09-05,308.67523193359375,312.26882078063426,307.58535853027513,311.61096548770104,2533100
2025-09-08,307.1238708496094,307.39878872776393,304.13905673358863,307.1435271033499,2873600
2025-09-09,306.8489685058594,308.0075788745532,305.0914716075904,305.5627423003986,2310800
2025-09-10,300.3883972167969,306.4267929634003,299.08251469505757,306.4267929634003,3479500
2025-09-11,302.8331604003906,303.333915426902,299.7108725071077,300.67310001825905,2761500
2025-09-12,299.858154296875,302.9117352955393,299.7108822148367,302.03787100244404,2072600
2025-09-15,296.5885925292969,300.1625248761843,295.0569029572307,299.60289096763,3584500
2025-09-16,297.7864685058594,300.44728410265554,297.2071783184419,297.99264942861424,3578500
2025-09-17,299.4359436035156,301.01671378092095,298.3951810107869,299.3672066487244,2681600
2025-09-18,295.6755065917969,297.1973681963803,292.4746531945136,295.9995052043261,4654100
2025-09-19,296.89300537109375,299.26907517578013,295.29257862126514,296.2253518692649,5696900
2025-09-22,297.49188232421875,298.7290277382726,294.96854075393884,296.8340570379337,3657900
2025-09-23,297.6882629394531,298.92540834462903,294.87034726215313,298.2282705564867,2976900
2025-09-24,298.80755615234375,300.42763890630084,296.5296780906701,297.00094874159555,2427300
2025-09-25,296.81439208984375,300.7712617097625,296.47076723049554,300.32944547754335,2558400
2025-09-26,299.7010803222656,300.2312898278159,296.52971134416777,297.86501828993454,2284700
2025-09-29,297.49188232421875,300.5552614792083,296.3725845393422,300.3294542751706,3073800
2025-09-30,298.37554931640625,298.9548394310105,296.5198313534584,297.25622166311103,2640100
2025-10-01,295.06671142578125,299.23959033368817,292.88699465651075,297.75701137944066,3055300
2025-10-02,294.4383239746094,296.8929584882515,293.52520712684657,294.1634061076335,2690400
2025-10-03,295.51837158203125,295.920935241233,293.24046354333876,293.47609887016887,2599100
2025-10-06,290.66802978515625,294.21250789421134,289.5585301112807,293.61359141259135,3814200
2025-10-07,290.94293212890625,292.66117631978364,288.79266985864706,289.64687789076083,2515700
2025-10-08,289.0577697753906,291.27676908267955,288.10537033466767,291.00185120101736,2464600
2025-10-09,288.4784851074219,289.7647112887559,286.74061453268416,288.3213848914983,2802700
2025-10-10,291.62042236328125,292.54336738187413,287.57518928458137,289.3523423607694,4016200
2025-10-13,294.6641540527344,294.96855632275805,288.6650412182057,289.254159539983,3369300
2025-10-14,299.03338623046875,299.9759574737887,294.664124903628,294.71323557113607,2992800
2025-10-15,299.7109069824219,303.49105054072663,298.12030843736255,298.12030843736255,2522100
2025-10-16,299.7894287109375,301.7040557414761,299.1806841062171,300.2411030647254,2021600
2025-10-17,302.49932861328125,302.73496393294465,300.7516300769119,301.23272884249127,2194200
2025-10-20,302.1851501464844,303.09829700406357,300.29017939777157,302.3619066128621,2329600
2025-10-21,301.90045166015625,302.95101257354537,300.8302344916922,302.95101257354537,2461100
2025-10-22,304.4826965332031,307.1140877402953,301.57641739828364,302.62700825565014,2735700
2025-10-23,301.3996887207031,306.30895815293024,300.6632983058691,306.30895815293024,2081500
2025-10-24,300.2410888671875,302.1164332644123,299.48504224679067,302.04769630550334,1994500
2025-10-27,304.37469482421875,304.463058075447,299.7992522676565,300.34908802894455,2139700
2025-10-28,300.84002685546875,304.94416893734666,300.7712898916385,302.94120856934484,2336500
2025-10-29,296.8634948730469,299.2493923550577,295.7539953130552,299.17085723712694,2502300
2025-10-30,296.94207763671875,298.86653291850064,294.65437115789763,295.047106738166,3128400
2025-10-31,293.0146484375,295.25327410231176,291.610604569773,294.5561662320939,3582700
2025-11-03,290.99200439453125,292.513895754876,289.0970337617238,292.2684323061559,3899300
2025-11-04,293.78045654296875,294.31066596576494,291.0411061134195,292.79860277827896,4151300
2025-11-05,300.1232604980469,304.5416025431049,293.78046345498336,294.12411827347,6070300
2025-11-06,292.9950256347656,300.84985682779825,292.11136311831007,298.73887693743137,3544900
2025-11-07,294.22235107421875,297.05989333931,292.9164685728491,294.89000455261623,3250100
2025-11-10,293.6724853515625,294.57577409176076,290.668015041084,293.5742939762016,3824300
2025-11-11,301.26220703125,301.71388138131437,295.3907401184322,295.4005382816583,2755800
2025-11-12,301.3702087402344,303.48118842427675,300.2312547329082,301.2131085360721,2818600
2025-11-13,301.99859619140625,304.47288708820236,300.9382072097806,301.72367830996245,2294300
2025-11-14,301.4585876464844,305.1110851825394,297.8257164005441,302.85283330347494,3112500
2025-11-17,299.36724853515625,302.116457437276,298.581777399581,301.5960760681017,2435700
2025-11-18,299.0628967285156,302.8430405007444,298.64070671329097,300.13311395873427,2773800
2025-11-19,297.2464294433594,299.3083285522152,296.55914971627544,299.06286508601335,2008300
2025-11-20,298.64068603515625,300.09384059517396,296.3922322126689,296.9617242548096,4205100
2025-11-21,303.7364807128906,304.90488913849623,300.6043646763581,300.71235421233496,3348900
2025-11-24,299.36724853515625,304.7085361557169,298.5130404351723,303.3830273961059,3687300
2025-11-25,304.8165283203125,305.80818029634753,301.18365722563226,301.18365722563226,4189600
2025-11-26,306.73114013671875,307.1926126498702,304.0997789809537,305.91621461628625,2786600
2025-11-28,306.1616516113281,307.61477602291814,305.0521520502848,306.7016592025867,1850700
2025-12-01,299.8499755859375,305.7073004736322,299.6524143844083,305.6875564109221,3354100
2025-12-02,297.034912109375,300.09693005549923,295.9187545552154,300.0771558479933,3947800
2025-12-03,303.9392395019531,304.9665035330115,298.35848198424077,298.6943119255542,4986900
2025-12-04,304.75909423828125,309.95461659179,303.5540431697196,304.7492071344343,4632200
2025-12-05,307.4161071777344,308.2260357481657,304.42323889188754,304.8775934768037,3147200
2025-12-08,305.9937744140625,309.9052392727204,305.2628220373268,308.17668415327097,3575000
2025-12-09,306.98150634765625,308.8681043244349,304.640553771616,306.8827257451365,2355100
2025-12-10,306.7247009277344,307.5050285470435,302.2601007800349,305.70732396326173,4103900
2025-12-11,305.91473388671875,309.1446818454749,305.2727051651499,307.6828072546526,4844000
2025-12-12,312.8388366699219,313.8957318620371,306.5666450981416,306.7246880361446,3771900
2025-12-15,314.8241882324219,315.7427844710029,311.9300705103505,312.81906572818315,3814900
2025-12-16,310.6460266113281,316.65150728072257,310.4583525144464,315.1995198774627,2972300
2025-12-17,314.7846984863281,315.28845846959547,311.13991422251854,311.6831623327653,3328600
2025-12-18,315.73291015625,317.8467004444706,314.44885279076,315.46622966626245,3335200
2025-12-19,311.9696044921875,315.41682740797927,311.88071099464753,314.79457292519953,7128600
2025-12-22,312.344970703125,314.3698374878471,310.6164155939592,311.1399196498479,2514600
2025-12-23,307.0308837890625,310.27068862723996,306.82346562280213,308.27545307384065,2922800
2025-12-24,309.4903564453125,309.5595058809068,306.4777440250134,306.8728362884548,1011500
2025-12-26,306.8728332519531,309.4212340916076,306.0727616297285,309.1446664955745,1308900
2025-12-29,304.74920654296875,307.28772045073805,304.4430077604015,306.65554867794805,2148300
2025-12-30,304.25531005859375,304.8578506167912,303.0107408171681,303.31693957599396,1678300
2025-12-31,301.8847351074219,304.43310585147805,301.6081675061785,304.00838241806997,1903600
