Price,Close,High,Low,Open,Volume
Ticker,META,META,META,META,META
Date,,,,,
2021-01-04,266.59881591796875,272.60605976016683,262.8913831858434,272.38797370228207,15106100
2021-01-05,268.6111145019531,270.0286586014506,265.87513156715966,265.95445208081543,9871600
2021-01-06,261.017822265625,265.41917344429424,257.7465616404671,259.7192285430629,24354100
2021-01-07,266.4005432128906,269.24555432407766,262.4750244472199,263.5852697343255,15789800
2021-01-08,265.24078369140625,266.6087754939091,260.88898455886226,265.97433223689694,18528300
2021-01-11,254.60414123535156,261.1764303010855,253.6723217455299,258.21246866434865,30412300
2021-01-12,248.9042510986328,257.4591315544968,248.1211347255168,254.3960337186707,26383500
2021-01-13,249.44943237304688,251.73932102815726,247.03067054871875,249.36021946787713,19528900
2021-01-14,243.50164794921875,252.80990528231948,242.48061554094787,251.19408995860863,29739400
2021-01-15,249.17189025878906,251.65012754449234,245.00845464399956,245.74200319995333,24942900
2021-01-19,258.8271179199219,259.9175484170947,250.52006138498896,254.6636670223244,28028500
2021-01-20,265.15155029296875,267.9668239616114,261.3053215373007,266.58890963596116,25199900
2021-01-21,270.49462890625,271.21828505891534,265.16145761467874,266.91606891247517,20838700
2021-01-22,272.1105041503906,276.04594689590317,269.63226640767306,269.6421890392601,21954000
2021-01-25,275.5899353027344,277.66173824259187,269.146517740259,275.7188084942915,19087000
2021-01-26,279.5947265625,282.90567829369337,275.3916456849432,275.7187899571974,19373600
2021-01-27,269.77105712890625,280.98260204430113,265.7860315529168,280.0705972614201,35346200
2021-01-28,262.6931457519531,284.2934698675285,262.39576938583184,274.76711024718605,37758800
2021-01-29,256.0812072753906,264.23957548201406,252.63152026244686,262.9905341831644,30389500
2021-02-01,259.7291259765625,261.8703260924195,252.69092777434898,257.2607816787748,22914300
2021-02-02,264.75494384765625,266.50955462033033,260.9781139075654,261.70176984365395,17320800
2021-02-03,264.32879638671875,266.85661669881154,261.54325995501324,263.3077637827689,14223400
2021-02-04,264.1701965332031,265.82567250447573,261.7018816482722,264.6856892976803,16060000
2021-02-05,265.76617431640625,266.8268671421213,263.35733491932723,264.4774727682164,12454400
2021-02-08,264.2593994140625,267.51084570093855,262.6931666745466,266.4105228067336,13755200
2021-02-09,267.1044006347656,271.010104635264,263.43659770981697,264.1205935539394,14613400
2021-02-10,269.50335693359375,271.41654895302236,265.3894888847332,270.0783249536004,14687200
2021-02-11,268.0362548828125,271.1984579277582,266.1527702844874,269.5231973013296,12828600
2021-02-12,268.1452941894531,268.8193675206695,266.0040933856579,268.16510919851635,9097600
2021-02-16,271.5851135253906,274.192224418877,267.6992235117075,268.44269481964807,15417200
2021-02-17,271.18853759765625,271.58504948467396,267.23325060077394,268.8788036712196,12763200
2021-02-18,267.044921875,269.5826341540799,263.71415560125973,267.22334767932983,15249100
2021-02-19,259.2831115722656,267.91728234501386,257.8853820254984,267.5108477745137,25622600
2021-02-22,258.06378173828125,260.779950269616,255.2881681864634,255.7045253451955,17434900
2021-02-23,263.5456237792969,265.131701526364,252.74053152198047,257.24100330589897,21924600
2021-02-24,262.0091247558594,264.061112241261,256.1406765125581,260.046350171747,15736100
2021-02-25,252.472900390625,264.6162629103088,251.82854963033122,260.01664005540107,19053100
2021-02-26,255.37738037109375,263.23834145442027,254.2373973173974,254.2373973173974,26619500
2021-03-01,262.60394287109375,264.3287863643085,255.6549557487879,258.549550247898,22157300
2021-03-02,256.745361328125,264.3882360075489,256.3984020867575,263.46633907482317,15191700
2021-03-03,253.18663024902344,258.71804239737355,252.87933125477727,258.02415412891276,15513500
2021-03-04,255.3971710205078,264.17010457018654,251.2931966024144,254.2373429561168,31626500
2021-03-05,261.9794006347656,263.13922891518143,253.38487613689907,258.4008407623917,26820100
2021-03-08,253.08750915527344,263.2680973162432,252.82977791576698,263.23835967806787,18391800
2021-03-09,263.42669677734375,266.19241801606705,257.5483252867858,258.9063944580968,22039700
2021-03-10,262.593994140625,266.62857135494477,260.58166684791667,266.3014573722322,14210300
2021-03-11,271.4958190917969,275.4808132153141,265.4885751472502,265.77602885197024,21834000
2021-03-12,266.06353759765625,267.3918690959222,261.72166121793634,266.79711637424987,20600200
2021-03-15,271.366943359375,273.5576963311189,266.1626458154966,266.73758347140597,16844800
2021-03-16,276.84881591796875,279.68393483210156,272.4078042369118,273.6766603955113,22437700
2021-03-17,281.53765869140625,283.7383344580266,273.0125169715293,273.3098933243491,21315000
2021-03-18,276.194580078125,282.7073948287662,275.85754344250125,277.4336987025886,18728300
2021-03-19,287.58453369140625,290.2511192513727,278.7521232217431,278.7719382280029,38930500
2021-03-22,290.9847412109375,297.1010143870792,284.253839726475,287.9216433075856,28273100
2021-03-23,288.10003662109375,295.4058750668356,287.287167556758,290.59808883499494,23000900
2021-03-24,279.6839294433594,289.1805203182288,278.71244964849427,288.4667868520234,18675000
2021-03-25,276.3135070800781,285.55238201726075,275.33213489374356,278.53402803720337,24505600
2021-03-26,280.5563049316406,282.0234324480734,275.3520060903317,275.8773912394726,17629200
2021-03-29,288.2884216308594,290.62786332998365,282.2217010191801,283.28236368680797,21718800
2021-03-30,285.492919921875,289.92400915990584,284.20424870355055,287.30697620636784,17474500
2021-03-31,291.96612548828125,293.91897791757447,286.0976455694347,287.465637558229,19498200
2021-04-01,296.0601806640625,299.76761443789854,294.01811529914414,295.8024342727096,17616000
2021-04-05,306.22088623046875,308.0646800732676,298.0625189777315,298.2707126711446,28237000
2021-04-06,303.593994140625,308.6396816907689,302.59277658335463,306.1515217424256,17335200
2021-04-07,310.3645324707031,311.5144382436948,302.84060742545347,303.6732915537741,22855200
2021-04-08,310.2951354980469,313.13025479645944,307.35098827565594,312.10922220428597,20894100
2021-04-09,309.7399597167969,312.00011061408475,307.62849698671556,308.68918966598244,15988600
2021-04-12,308.8280334472656,309.43270883850846,305.24944299017716,308.3422783563518,10881900
2021-04-13,307.0635070800781,311.692837158811,306.6273349193004,309.492161348312,14036900
2021-04-14,300.1839599609375,305.3485984541713,299.32153814894536,304.62494221154947,17421400
2021-04-15,305.1403503417969,307.44016137052574,301.45273274466757,303.6732232541082,14558300
2021-04-16,303.5146789550781,306.2605853135544,301.9583386311956,305.4873764666447,13059200
2021-04-19,299.60894775390625,305.02143945188504,297.9435796554135,302.3548538676935,14553500
2021-04-20,300.015380859375,302.4440653471533,294.6227344452051,299.3611226269296,16796400
2021-04-21,298.84576416015625,299.35133439109194,294.80129306845623,299.32159674526804,14863500
2021-04-22,293.93878173828125,300.28309392317766,293.4629795007598,298.70690825562025,16375400
2021-04-23,298.5086669921875,299.95594921584023,294.5633020173308,296.1593026919247,17536800
2021-04-26,300.4020080566406,303.1379613464025,298.9348807476967,300.6993844190325,16172600
2021-04-27,300.9273986816406,302.6819797559511,298.48879145737527,301.6312095868947,15309300
2021-04-28,304.4266662597656,308.2134199936871,302.71171521224556,304.6843823594291,33907200
2021-04-29,326.6416015625,328.92156779722495,318.81034742600906,327.2462769479481,56526800
2021-04-30,322.2501525878906,326.9489112739997,321.67521482139733,323.30095307824286,26332400
2021-05-03,319.77191162109375,325.6899436819477,319.0383630387981,323.3306871128496,18719500
2021-05-04,315.5886535644531,319.3853302579071,310.3942775786296,317.2342068523723,24032600
2021-05-05,312.2777099609375,318.265139655346,311.75232487156865,315.4201281194098,15577600
2021-05-06,317.23419189453125,317.45227798871764,310.54295113207814,311.7820697917917,19012200
2021-05-07,316.3023376464844,320.1287513801617,315.9752236669433,319.57362870148063,15916700
2021-05-10,303.3065185546875,311.8415535952815,302.1764277852022,311.6135751168887,24239200
2021-05-11,303.86163330078125,304.16893230854123,297.0811796183367,298.13194982266197,18920100
2021-05-12,299.916259765625,302.3052841038309,295.59422852439974,298.50863794930353,24645500
2021-05-13,302.6026306152344,306.171267343287,300.1342862343046,303.415469279963,18079200
2021-05-14,313.1896667480469,314.09174860369416,306.3893690100581,306.8453863779117,19245700
2021-05-17,312.7138977050781,312.93198380502577,308.8676684434134,310.82052071278764,15401300
2021-05-18,307.2617492675781,313.7448261843899,307.1130610875427,312.8427442229503,14522400
2021-05-19,310.8601379394531,311.9208306537847,300.92737476678593,301.54197271283465,19106200
2021-05-20,315.83642578125,316.470868982354,310.43388720270923,310.85021408300645,17320200
2021-05-21,313.4771423339844,317.1449146718476,313.0607852379029,316.5105017777166,13600900
2021-05-24,321.8041076660156,323.1126243548416,315.261554473809,315.43998031721526,16445400
2021-05-25,324.9365539550781,326.31443809358075,321.97256172204254,324.2327128158944,16437000
2021-05-26,324.80767822265625,326.9587711328472,322.9836993061915,325.4916740978203,9686900
2021-05-27,329.8534240722656,330.87445675187894,323.91557647206116,325.144772639228,20477700
2021-05-28,325.868408203125,329.97235367090116,325.4718660113677,328.1186369069308,12037400
2021-06-01,326.264892578125,328.5349663508822,323.7965779781596,327.2760024770691,11765900
2021-06-02,326.2846984863281,328.9810217269072,324.2723711221696,327.50400205992975,11654300
2021-06-03,323.2018127441406,324.53014434187793,320.664100101908,322.9440663775023,12610800
2021-06-04,327.4742736816406,329.5658913832166,322.3492657782319,323.06299931067736,13289400
2021-06-07,333.64996337890625,334.750316248548,326.06656482510414,326.61179507197824,20136700
2021-06-08,330.7752990722656,335.3550770036472,329.3478318921049,333.76902924962127,14580500
2021-06-09,327.3750915527344,333.86806007171225,327.1272678649579,332.81729005569315,13727900
2021-06-10,329.56591796875,331.03304541821626,325.6899509974329,327.9104723063442,13240200
2021-06-11,328.3763427734375,329.932652701607,326.06660882425405,329.6848289882906,13587900
2021-06-14,333.8383483886719,333.8879312812303,326.9389448552168,329.0107474158406,12250800
2021-06-15,333.81854248046875,336.9609604822202,332.11351411948954,334.05644356509714,15795200
2021-06-16,328.1978759765625,334.6115546775463,325.858434720274,333.7689782813565,17232200
2021-06-17,333.58062744140625,335.0378320276333,327.2759766952282,327.61301330165884,17794100
2021-06-18,326.7903137207031,333.2238085977751,326.1360553896907,331.6179155361639,23039500
2021-06-21,329.39739990234375,330.0219205469245,324.79777691820135,328.2078338886737,11337500
2021-06-22,336.0787353515625,336.9610024033521,329.7047159002539,329.7939288180885,15345300
2021-06-23,337.6250915527344,340.43047277158377,335.25591271698704,336.3958956840747,14817800
2021-06-24,340.19256591796875,341.8975943029009,338.8146817809146,338.87415705290726,12329100
2021-06-25,338.3983459472656,341.1244070090632,336.72305509277095,339.607726973849,14594400
2021-06-28,352.5441589355469,355.02239636957165,338.7948722399633,339.47886819190785,29156100
2021-06-29,348.8268127441406,353.63456930188124,346.01150831701534,353.1686594409052,21417300
2021-06-30,344.6831359863281,349.8478041184627,344.1478585298199,349.1043329547267,15107500
2021-07-01,351.3049621582031,351.5825234790626,343.4836320334063,343.80085361493576,17137000
2021-07-02,351.6123046875,353.33714809146704,349.5503944039377,352.00881658759465,11521300
2021-07-06,349.7090148925781,355.6667069440098,346.1403471891255,353.3966331441592,13488500
2021-07-07,347.43890380859375,353.3866725921118,346.953179038553,352.1673993527171,14218900
2021-07-08,342.64105224609375,345.2977151324137,339.5779548488796,342.7203727736386,14406500
2021-07-09,347.36956787109375,347.65702160715523,342.26437499772095,342.3139578932592,13018700
2021-07-12,350.0857238769531,351.106756452849,346.59637658645624,348.17253190738757,10018600
2021-07-13,349.0249938964844,355.36927477322456,345.76362542747296,348.4401335756202,11456000
2021-07-14,344.60382080078125,352.1079297982053,343.711661519161,351.47348659674924,13894200
2021-07-15,341.46142578125,346.1899217185131,337.25834517205516,346.1899217185131,14781600
2021-07-16,338.190185546875,342.9781267988666,337.17907559820964,341.9075415739222,11026100
2021-07-19,334.016845703125,336.832119732579,331.627821241965,334.6314437321854,14372300
2021-07-20,338.6858215332031,340.460247887152,331.5881463693273,335.8507023683744,11024300
2021-07-21,343.216064453125,343.5035182097744,338.27940466793854,338.52722840762203,9279700
2021-07-22,348.1328430175781,348.47980226768016,342.20488888598493,343.66209353487886,12385400
2021-07-23,366.5709533691406,372.0627053911015,354.0806314483372,357.7682497249188,33694300
2021-07-26,369.21771240234375,371.1804873142144,365.01463145174716,366.3627780766852,14925200
2021-07-27,364.6081237792969,369.90163417507245,361.37649317644093,368.6724383515193,15705400
2021-07-28,370.0305480957031,374.2633663025684,363.7358196168697,371.2994043200226,29676900
2021-07-29,355.2008056640625,362.3381109905446,353.6345427376173,357.8574688091655,33413200
2021-07-30,353.1983642578125,357.58982369964633,349.86762788183586,350.91839806606083,15976200
2021-08-02,348.88623046875,356.2713588635334,347.68674193292895,354.98268767440595,13180400
2021-08-03,348.18243408203125,350.69040913524873,344.67327168473423,349.6594841522741,12406100
2021-08-04,355.7955322265625,357.34194964790186,348.4500343492428,349.35211622034336,14180600
2021-08-05,359.810302734375,360.73219970957473,353.79313557019657,356.5093041046294,10247200
2021-08-06,360.3456115722656,361.9713194447513,358.25396364410295,358.25396364410295,8925000
2021-08-09,358.462158203125,362.5958715229837,357.6096590531238,360.59346658197126,7798900
2021-08-10,357.9863586425781,360.93050592413266,355.91455577806516,358.6802469729181,7469900
2021-08-11,356.8265075683594,359.20560930354424,354.69522956083796,358.9478931980798,8400300
2021-08-12,359.4930725097656,359.8400317588148,354.00129055177996,355.32965227693023,7170700
2021-08-13,360.0184326171875,361.48555978911224,358.33324963448615,359.81026918295413,7195700
2021-08-16,363.36907958984375,363.75569914673264,354.2689990806307,359.36423946467784,11222100
2021-08-17,355.3296813964844,361.495537099571,351.979099677339,359.82024623999826,12328700
2021-08-18,352.3557434082031,356.72732678810877,352.05833682157106,353.14876713538985,10042400
2021-08-19,352.0286560058594,354.45734072172434,347.94452567302466,348.29148495413693,12004500
2021-08-20,356.2416076660156,356.85620560210634,350.23436359428507,351.51314235764846,8697700
2021-08-23,360.1869812011719,362.50660746457834,355.97397818922514,356.3110147999508,10942000
2021-08-24,362.3282165527344,364.75687096002576,358.69015087883326,360.49431489699504,9235100
2021-08-25,365.18316650390625,367.63163602444916,362.21917398865673,362.4174450823312,9684500
2021-08-26,361.2080078125,366.2239571323963,360.9601841099284,365.17318705364596,7888700
2021-08-27,369.38623046875,370.48655330780355,360.9106407610319,361.9217809395353,11219100
2021-08-30,377.3463439941406,378.1691055020364,367.2945985551023,369.3168487488116,13547300
2021-08-31,376.07745361328125,379.4280351230296,375.5024856460896,376.6424989511328,12345400
2021-09-01,378.7242431640625,380.984394557058,375.5124570403117,376.28566593128585,11567200
2021-09-02,372.0131530761719,378.42683236190425,370.80377207439494,378.1790086340969,14832900
2021-09-03,372.984619140625,373.8767784772449,369.862016084577,371.48775419959367,7509600
2021-09-07,378.8530578613281,379.62626663292235,369.9016665912914,372.60791241783016,10793800
2021-09-08,374.283203125,377.5544640235521,371.5274046568623,376.85065315181134,11067200
2021-09-09,374.70941162109375,376.52346768397246,373.29186740372745,374.352560035707,9098900
2021-09-10,375.3934631347656,380.4490731082647,374.9672135938655,378.04020354167477,11549600
2021-09-13,373.232421875,378.42679704445317,371.09122143634556,378.357399146683,13026300
2021-09-14,373.25225830078125,375.2943233243702,371.84460626658046,374.114680002249,8711600
2021-09-15,370.6650085449219,374.27330631053246,364.4694153158542,373.7181835773616,17940300
2021-09-16,369.8124694824219,370.30811692774245,366.4916255483903,369.5448307526397,11934200
2021-09-17,361.5450744628906,368.17683971497365,358.4423166085418,368.17683971497365,26299000
2021-09-20,352.6036376953125,357.8872266459762,346.7549730917287,356.17227543400634,19822800
2021-09-21,354.3680725097656,356.90578475265596,352.0979989695533,355.37918230513225,11751900
2021-09-22,340.2223205566406,346.7946107075454,337.7242682523536,344.207345490811,43692900
2021-09-23,342.9483642578125,346.6260900015658,340.0141399174007,342.3535812862905,21806300
2021-09-24,349.887451171875,351.2653656500242,339.38964145891316,340.2520632105395,18801900
2021-09-27,350.5020446777344,352.05838496337213,344.05862769451767,346.76487371815995,15205800
2021-09-28,337.68463134765625,346.5567335840848,335.96971038098803,344.94091791460124,21710300
2021-09-29,336.65362548828125,342.22472789071014,335.9299996176052,340.1628176861306,14452200
2021-09-30,336.4355773925781,339.8158662468685,335.2063511936451,337.4863475250749,16547100
2021-10-01,340.02410888671875,342.0165912727719,335.6921545610234,338.63627168005377,14905300
2021-10-04,323.3901062011719,333.0155700215492,319.89083684616867,332.60913553248565,42885000
2021-10-05,330.0615539550781,332.2622299266424,323.320760480119,325.71967728805225,35377900
2021-10-06,330.7356872558594,331.4692358950612,322.9639076242102,326.869612449878,26443000
2021-10-07,326.3541259765625,335.890378594045,326.11622486820954,334.06639950885625,28307500
2021-10-08,327.1768798828125,330.49772395211795,325.8485483054744,328.62419226348635,15946100
2021-10-11,322.6169738769531,327.58334131762484,322.47817805429816,324.7779897434607,14708200
2021-10-12,320.9515686035156,321.55627427951157,314.6072867063975,320.2180199902008,31658700
2021-10-13,321.71484375,324.15342064578897,319.8512045646959,324.1236830099349,14761500
2021-10-14,325.67010498046875,327.6427721065974,324.25256056573227,325.5015715404052,14302200
2021-10-15,321.9329528808594,326.20543163201086,319.70253927634974,325.8188120863073,21596400
2021-10-18,332.4207763671875,332.9660066284294,324.6490291917283,326.08641867364844,21585000
2021-10-19,337.0303649902344,339.4788647603777,334.3439641094444,336.6933283328445,18786300
2021-10-20,337.8134460449219,340.98560155556015,336.4950372510375,340.46021651337685,13639500
2021-10-21,338.90386962890625,339.330119130641,334.85936992096316,337.31779190524065,16354400
2021-10-22,321.7842102050781,326.7605297669298,318.31467819269096,323.5090838339694,35224500
2021-10-25,325.8287048339844,326.6911265083267,316.9367888694215,317.51172656834376,38409000
2021-10-26,313.0608825683594,327.3355250212981,306.90494887183974,325.40251785429393,65654000
2021-10-27,309.5021057128906,316.4709078935472,309.3434948931129,311.4549579442683,29971800
2021-10-28,314.1611633300781,322.6862744629049,305.42782825462723,310.2653517497801,50806800
2021-10-29,320.7533264160156,323.16216597555615,316.81788410494806,317.4027445174339,37059400
2021-11-01,327.1075439453125,330.54733889955435,323.1621788466154,323.20183911823943,31518900
2021-11-02,325.2240295410156,331.87564034805075,320.98128842176436,328.4953209834724,28353000
2021-11-03,328.7332458496094,329.25863099399135,320.38655881984874,324.6391926245561,20786500
2021-11-04,332.9263916015625,334.33401339052415,329.7542358838118,331.1024126520275,22495300
2021-11-05,338.1604919433594,343.77122566769896,336.68347197022587,337.3476227258004,26872800
2021-11-08,335.67230224609375,341.7886056010098,335.39474086097783,341.42183129766966,18342500
2021-11-09,332.4505615234375,338.33885557432916,331.55840217522467,337.04026169208083,17556700
2021-11-10,324.7878723144531,330.2895468537602,322.67640935822544,329.59562832992003,21872600
2021-11-11,324.886962890625,329.56587577012334,324.15341438577855,326.94887310974923,12376600
2021-11-12,337.9224853515625,338.884012227192,326.9091848338951,327.30569668762257,25414300
2021-11-15,344.5344543457031,350.57143667963453,340.2124230860424,341.3424835453799,25076600
2021-11-16,339.9744873046875,343.6323678721777,337.9026846129846,340.83690901944357,18181100
2021-11-17,337.80352783203125,344.27668185234273,337.13937723798097,341.24332209715345,13602800
2021-11-18,335.7416687011719,339.4788395456353,332.3811645032816,336.7627012277553,17487200
2021-11-19,342.29412841796875,349.0349521165506,336.94114182774706,339.2211383258241,26488500
2021-11-22,338.04144287109375,350.7498189691129,337.5457954807086,346.01143112710747,27116800
2021-11-23,334.314208984375,338.42807681771274,330.59685306534936,335.9795771756377,17225000
2021-11-24,338.091064453125,338.8047980509013,329.91288084406926,333.07511425972456,13566200
2021-11-26,330.2201232910156,334.8098231158565,329.0107424089883,332.8767861295948,14750700
2021-11-29,335.0873718261719,337.70440455498925,332.3910488261399,333.95731151284855,16650900
2021-11-30,321.6354675292969,332.8866683420481,320.6144352058721,332.0837220610982,25390000
2021-12-01,307.89617919921875,327.62294019861577,307.5888802231193,327.414776755562,30329600
2021-12-02,307.68804931640625,311.8613925211447,304.5258160544162,308.68923662919264,24396200
2021-12-03,304.1689453125,311.018797193266,296.8928438546077,310.9989821845351,27471000
2021-12-06,315.1029357910156,317.31353452456125,303.67330568804266,305.4477322028446,21758300
2021-12-07,319.99993896484375,323.69748023367185,318.2056974213445,318.77074283610557,18794000
2021-12-08,327.68243408203125,329.85337229580705,320.25764508948055,322.1708369530798,19937700
2021-12-09,326.9488830566406,333.2039513001033,325.1447191229976,326.6713217016124,16879200
2021-12-10,326.8795166015625,332.1135528369936,323.52893476015333,329.66505304918854,14528000
2021-12-13,331.57818603515625,338.1207377273347,326.72084759390367,328.06902424502766,22948700
2021-12-14,330.83477783203125,332.77773777942696,324.797795017868,325.19430696054724,20461000
2021-12-15,338.6858215332031,339.1318860901714,321.1597348390758,329.59563392577627,24681300
2021-12-16,331.984619140625,341.46139491344286,330.8347135539258,336.02911882514184,22635000
2021-12-17,330.88433837890625,334.17541450753987,327.87079336466917,329.90293584106695,40012600
2021-12-20,322.6169738769531,327.0282185308509,319.7223791299833,326.90926796967403,17901800
2021-12-21,331.2908020019531,333.0751209060378,320.9317571230052,323.5686054604087,16116800
2021-12-22,327.5733947753906,331.5980494399973,325.40245663710306,330.89420831620754,16764600
2021-12-23,332.32171630859375,333.73929110820535,325.5016020696293,327.226475890015,13987700
2021-12-27,343.1663818359375,344.8416722495416,335.0675213175436,335.90020521068624,17795000
2021-12-28,343.2060852050781,349.63957874532895,342.1949754046615,343.6125197013411,16637600
2021-12-29,339.9546203613281,346.6458598525013,338.665949300831,343.89006168695397,10747000
2021-12-30,341.3622741699219,344.2073157522339,340.2322137913024,341.0054225509634,10593300
2021-12-31,333.4220275878906,340.4503044176008,333.3427070591163,340.03394727133025,12870500
2022-01-03,335.593017578125,338.1108850952971,334.25476327850777,335.355086206954,14537900
2022-01-04,333.6004638671875,340.103355842502,328.9810261084693,336.9907056585959,15998000
2022-01-05,321.3480529785156,332.8371562358702,321.0209087490122,330.12098787578486,20564500
2022-01-06,329.56591796875,336.2175290132258,319.9107146206738,320.00985016827264,27962800
2022-01-07,328.9017639160156,334.0664021975525,326.0170919463344,329.8434759787728,14722000
2022-01-10,325.2141418457031,325.4817805917903,312.6841591437298,322.4781581002386,24942400
2022-01-11,331.4592590332031,331.71700537861085,322.4483923442952,323.9353346411827,16226800
2022-01-12,330.35894775390625,333.44186036917864,327.15705433912973,332.2622170190989,14104900
2022-01-13,323.6379699707031,332.7083122589069,322.92423643234406,332.06397662403594,14797100
2022-01-14,329.0107727050781,329.8335644167679,318.4138277573684,318.9887957429694,16868500
2022-01-18,315.3804626464844,321.38770724912837,314.8749228247817,320.4757328930127,22645600
2022-01-19,316.8079833984375,324.2526189515315,316.5502370031953,316.79806076725913,20814700
2022-01-20,313.8043212890625,324.96631190525255,313.2293835392829,321.08042246053043,16925000
2022-01-21,300.5308532714844,315.5390405849981,300.40198010913116,312.0695088375882,28710700
2022-01-24,306.0226135253906,306.83548253324034,286.4941238429113,295.24724373871493,38878100
2022-01-25,297.5372009277344,303.5642917266394,294.9895654082896,297.33896007040755,25108500
2022-01-26,292.065185546875,304.8330671393812,288.3180924927191,304.3374197499325,28348800
2022-01-27,292.0751953125,299.0836284987334,291.69849834382927,295.1581084737027,21629900
2022-01-28,299.0835876464844,299.27193610509295,290.47915483437316,293.046605096765,21871600
2022-01-31,310.5330505371094,311.0584356248489,296.7143971894849,298.0625437346582,21579500
2022-02-01,316.22308349609375,316.87734178183337,309.40296951956975,311.8217315752421,18023800
2022-02-02,320.1882629394531,325.1447375979586,314.11162016781816,324.96631177071333,58458300
2022-02-03,235.6902618408203,245.84112671168018,233.6977646059621,242.52028286095725,188119900
2022-02-04,235.02610778808594,240.49805995464288,228.1068735160375,232.92456740840566,89342200
2022-02-07,222.95211791992188,236.2255547358029,222.0599435210588,235.63077180322753,88613800
2022-02-08,218.26329040527344,223.80464005138572,214.26837341391084,218.927471258292,94729700
2022-02-09,229.9803924560547,231.33846148499288,220.2756230677488,222.2482900293233,86563300
2022-02-10,226.08465576171875,232.95432278596698,224.7265713389725,226.28291173464223,49310400
2022-02-11,217.63877868652344,228.4141484371467,216.86556994435307,226.47121907896008,46156900
2022-02-14,215.80490112304688,219.07617738521267,212.91032177090045,217.40088654976037,38184000
2022-02-15,219.076171875,219.22486005892043,213.18787777639622,218.55078679053494,42685500
2022-02-16,214.6549835205078,215.56698810761435,210.51137824316746,210.56094601163443,45817500
2022-02-17,205.90187072753906,215.60664116164554,205.35665550630617,212.15693913832794,38747500
2022-02-18,204.3653564453125,208.91539632217007,203.39387657053754,207.56723467799455,37128400
2022-02-22,200.3208770751953,205.67386353473034,198.31845712325313,200.57860830625324,39852400
2022-02-23,196.72244262695312,205.1385406073783,196.32593077226764,202.38274237722837,44481400
2022-02-24,205.7928009033203,206.5362719829913,188.5640929101041,189.39677688910578,49957200
2022-02-25,208.6477508544922,209.48045008433152,201.41129490191867,203.15598364447717,37627600
2022-02-28,209.1929473876953,211.29448759324586,205.02951211449042,205.87210364692402,34239800
2022-03-01,201.71859741210938,209.9066875471143,200.45964869899032,208.0430483616429,27094900
2022-03-02,206.29835510253906,207.32929500748185,200.26137358602065,202.99734170471942,29452100
2022-03-03,201.20314025878906,207.25995310005763,199.66663003782656,207.20047782231057,27263500
2022-03-04,198.3184356689453,204.09768617974882,197.0594870351308,200.60832424142328,32130900
2022-03-07,185.8380584716797,199.14123438340457,185.64971001813566,199.04209884176245,38560600
2022-03-08,188.63351440429688,194.9877188332705,184.48990866339375,186.21476736768085,37508100
2022-03-09,196.77203369140625,197.36681666982452,192.23190132562794,194.03606526779308,31894700
2022-03-10,193.5106658935547,194.57134347134718,189.40670599838367,193.14387652938188,24853000
2022-03-11,185.9768524169922,191.8750545422777,185.04503271256127,190.96306497278132,34694500
2022-03-14,185.00537109375,190.61608870370827,184.20242464895531,185.40188300136523,31010500
2022-03-15,190.3583526611328,190.60617637861344,184.29163289751435,189.1390642063968,31721700
2022-03-16,201.85740661621094,201.9565270410888,192.82670851974942,193.0051343601064,40640300
2022-03-17,206.03073120117188,206.22898715868908,199.35932066827604,199.9441810370378,29499700
2022-03-18,214.6054229736328,214.91272195046668,204.20673477217082,204.90063812727288,52128000
2022-03-21,209.64894104003906,212.84091148088274,205.82254253724898,212.6327329191068,30142300
2022-03-22,214.76402282714844,217.5495740565906,208.3503439487697,209.52998723836356,31998800
2022-03-23,211.60177612304688,214.91269683471674,210.31308997076886,211.472902970032,23717300
2022-03-24,217.65863037109375,218.74904569512475,212.9202267914641,213.12840537772053,31502300
2022-03-25,219.8890380859375,223.53699599289988,216.98453621485453,218.59042908411953,40039000
2022-03-28,221.6436309814453,222.0897106771945,217.628883467782,220.1963488462626,26224100
2022-03-29,227.85906982421875,228.8801024664683,223.32884440343514,224.10206842108136,31417900
2022-03-30,225.86656188964844,229.13782314534063,224.73648624427318,226.91733212338818,25588000
2022-03-31,220.42433166503906,226.50097416228894,220.3251961259612,226.46131389627396,24192300
2022-04-01,222.89266967773438,225.30150908222552,220.76137651588385,222.59527817538776,19544800
2022-04-04,231.8539581298828,232.3099604286333,223.89386147924975,224.01281202415882,28054800
2022-04-05,229.82180786132812,234.7981125352081,229.00895390219355,232.04231390079502,29727200
2022-04-06,221.35617065429688,226.99664147485188,219.48262375902627,224.93474611442295,28995100
2022-04-07,221.00918579101562,223.5568208391309,216.6574019650015,221.98065051757655,21037200
2022-04-08,220.39462280273438,223.17025187373847,218.11464123991095,220.44419057874475,18375700
2022-04-11,214.57569885253906,218.6895666015548,213.34648774183083,216.51862836918798,20516600
2022-04-12,212.27587890625,220.09719467995484,211.27467655152802,218.3227835510992,20128800
2022-04-13,213.1184844970703,214.72437730811373,209.49034172860436,209.97608164874075,19231800
2022-04-14,208.35032653808594,213.11846706561946,208.17190074076785,213.01933153869314,18379500
2022-04-18,208.93524169921875,211.5225221343132,206.4867419526521,208.17194034933556,16580800
2022-04-19,215.41827392578125,216.5285192787811,207.18061642952617,208.687388784282,20089900
2022-04-20,198.67532348632812,212.29572095663042,197.18838112552498,211.7505057324773,43036500
2022-04-21,186.43283081054688,201.20311811315037,183.96450117399772,199.8450490008672,49954100
2022-04-22,182.50730895996094,191.04235885583572,181.67462485450002,188.71280973536275,36426800
2022-04-25,185.3622283935547,185.55056170817895,180.07862505796282,181.139302675937,29281100
2022-04-26,179.3748016357422,185.56048699865713,177.93742711598594,185.00536429800306,31747400
2022-04-27,173.4270477294922,179.6325637703488,167.5288458276173,172.91157012244597,71062900
2022-04-28,203.9390869140625,206.7147155418311,191.22077206999722,201.1535507830585,100890600
2022-04-29,198.72486877441406,210.63031381765938,198.15982348077375,202.68014045202173,49193400
2022-05-02,209.29209899902344,210.03557018084996,199.240369225767,199.41879504894462,49915300
2022-05-03,210.18423461914062,213.02924584651242,206.27853069841137,208.61798702460686,41556300
2022-05-04,221.46517944335938,222.3474312284275,205.15838267388668,208.8162478551521,41375900
2022-05-05,206.46688842773438,218.25338349099627,204.36534820355035,216.83583912776692,41129200
2022-05-06,201.99615478515625,207.55731947021067,199.27009396161898,205.53506951603146,34747200
2022-05-09,194.50196838378906,200.80660420921586,193.8774477905192,198.10035838901905,36303200
2022-05-10,195.929443359375,201.1932323179815,192.499571258409,197.77325259533754,34452500
2022-05-11,187.0970001220703,198.92314071841457,186.6310903208202,194.62092459185249,31153400
2022-05-12,189.57525634765625,196.32597270309722,183.17148415767517,185.43163548920708,38262200
2022-05-13,196.89097595214844,198.14992463211743,189.61487546891254,190.90356178395524,24549800
2022-05-16,198.29859924316406,203.5822021852509,194.2243771312112,195.334637559866,27112600
2022-05-17,200.85614013671875,203.67142876073973,196.63322988962383,200.360492754977,24872700
2022-05-18,190.5665283203125,199.25026580247822,189.96183785388354,198.25897094773953,23960000
2022-05-19,189.62478637695312,193.58996580154144,187.9495107758702,189.53557347013006,24446900
2022-05-20,191.85520935058594,196.1871783731729,186.23456905164684,193.2727689309171,31465600
2022-05-23,194.5217742919922,195.27516802030826,189.57522292255692,193.49083435582054,25059200
2022-05-24,179.7019500732422,182.08105193923015,174.57695691850554,178.97830898394798,50406300
2022-05-25,182.22975158691406,183.83564455779268,177.75901682951374,178.82960205945918,28030200
2022-05-26,189.96182250976562,191.15137321417458,180.6733801854834,181.28799323142837,23056500
2022-05-27,193.43136596679688,193.62962190857738,188.14776268187097,189.69418020410123,22562700
2022-05-31,191.954345703125,195.87988020083372,190.33853016005855,193.19346434021034,26131100
2022-06-01,186.9978485107422,197.79304816477324,183.38953608152775,194.79933366482274,36623500
2022-06-02,197.12889099121094,199.19078605787604,186.09577466544653,186.80950815490593,31951600
2022-06-03,189.11923217773438,194.89848302655813,188.12793731775005,194.27396242446108,19465000
2022-06-06,192.5590362548828,195.2057918492942,186.75995498137883,192.30130502364528,30574200
2022-06-07,193.94683837890625,194.81918271881858,189.8230631492287,190.2592201932253,18828700
2022-06-08,194.92822265625,200.27130140118285,192.7176393311409,192.97537055202793,22267200
2022-06-09,182.39828491210938,197.71379004937404,182.08106324310495,192.58879657646986,23501600
2022-06-10,174.0416717529297,181.50612195042973,173.49645647353194,181.44663154416335,27450800
2022-06-13,162.830078125,171.07765810739633,162.60208455665708,169.10497601341515,31749300
2022-06-14,162.30470275878906,165.29841746325724,159.9553387871744,164.58468395588787,27244300
2022-06-15,167.8757781982422,170.6613141290513,162.55251490737075,165.74448533100573,30008300
2022-06-16,159.46961975097656,163.64297830252244,158.22059351244727,162.29481651488845,26944100
2022-06-17,162.31463623046875,164.45582176964723,158.5080522282356,160.2725559821109,31374200
2022-06-21,155.682861328125,166.2996208450085,154.61226106049688,164.4855494298019,50724900
2022-06-22,154.49330139160156,159.390285021925,154.086866891369,157.00127603788218,47267800
2022-06-23,157.36807250976562,158.35936745470903,152.90724525752032,154.90966528157492,40499200
2022-06-24,168.67872619628906,168.7679390977407,159.89585369459297,160.32210319661192,68736000
2022-06-27,168.0145721435547,170.25489309350084,166.54744485240766,169.8286435619368,29174600
2022-06-28,159.28125,169.8088116430463,159.21186722566654,168.42098977082756,27744500
2022-06-29,162.51287841796875,164.88207247948387,158.92439593906067,162.1461041676376,28595200
2022-06-30,159.8463134765625,163.7916632111336,157.11034481217,160.73847289674504,35250600
2022-07-01,158.63693237304688,159.2217927733983,153.6507198986701,158.9144937537547,31423900
2022-07-05,166.72589111328125,166.7853663869358,155.65312893111812,156.76337437522923,28618600
2022-07-06,168.29214477539062,170.09629368542892,164.0196660402876,166.7358044722956,23085900
2022-07-07,170.69107055664062,171.21645564142614,166.31945643519762,167.97491709634667,24083400
2022-07-08,169.3924560546875,170.89921322255273,166.68621042725124,168.50028168128424,19249200
2022-07-11,161.46209716796875,166.0319666680864,160.50054002986025,165.61562467931125,21885600
2022-07-12,161.84873962402344,164.4657578309303,160.68892628384486,163.36541977086938,16639700
2022-07-13,162.06680297851562,163.54382264724677,158.2205740607195,158.7657892618441,16555100
2022-07-14,156.67416381835938,161.17463606202577,155.91086250108654,159.81656687331278,23765200
2022-07-15,163.26626586914062,163.54382722913314,158.42875707644262,159.14247548359506,23342800
2022-07-18,165.77423095703125,170.19541257482624,164.198075800227,165.29841367168555,23574300
2022-07-19,174.24981689453125,174.9536429313068,168.03439361548112,168.8869078373699,25933700
2022-07-20,181.49618530273438,182.00175539820398,175.16181129811827,175.9449427642158,24784300
2022-07-21,181.5754852294922,182.24957362777684,177.31291412933265,179.05760283598016,27195800
2022-07-22,167.7965087890625,174.07140795058012,166.94399448451284,171.563432812095,42583900
2022-07-25,165.19927978515625,169.08516888643103,163.37530090151066,167.52882872010937,26166300
2022-07-26,157.7645721435547,164.55494803766118,156.57502132751043,164.49547276575285,28468400
2022-07-27,168.10379028320312,169.38255404365438,160.60960328940018,161.17463351463593,43846600
2022-07-28,159.3209228515625,160.1040391932578,153.50202643480458,159.6579594985726,73214300
2022-07-29,157.71505737304688,158.74599762758905,153.8192597420021,156.31732764372745,42065400
2022-08-01,158.5377960205078,163.75201720151597,153.8787127240558,155.88113278266974,40596700
2022-08-02,158.79554748535156,160.827705247941,156.63451653325376,156.93190805660169,27374500
2022-08-03,167.33059692382812,168.06414553400086,160.16353839910235,161.27378394485208,31721900
2022-08-04,169.08517456054688,170.65140715656858,165.34798863611059,166.83493095275554,23938200
2022-08-05,165.6552734375,170.1161000053061,164.35667967902532,165.53632290266512,25832700
2022-08-08,168.76797485351562,175.9647711552269,165.67513927360025,166.5375610889317,27299100
2022-08-09,167.0629119873047,168.05420679058827,165.14972027742735,167.47925398956878,18655100
2022-08-10,176.7875213623047,178.90889175358808,172.43573754030913,174.4579875213586,30262100
2022-08-11,175.94493103027344,181.50609582783787,174.8346704958459,178.14560684060112,24079100
2022-08-12,178.92872619628906,179.8803759384062,177.35257096418084,179.23602518954743,21274000
2022-08-15,179.3153076171875,179.86052275759945,176.6487223062289,177.4021160006009,15878700
2022-08-16,177.90773010253906,179.4145028669028,175.4988751806576,177.87799246006816,21156700
2022-08-17,173.3279266357422,176.5892803390604,172.65383820977354,175.22128847897727,20118100
2022-08-18,173.13954162597656,174.22995675626117,170.36391334950784,172.8223200510854,18844500
2022-08-19,166.49790954589844,170.81995621310926,165.59582749443462,168.718400594473,26240800
2022-08-22,161.630615234375,164.0493768927399,160.84748389572914,164.0493768927399,19499700
2022-08-23,159.70751953125,163.61322379839797,159.30108499815987,161.06558868342577,18111800
2022-08-24,161.8387908935547,164.0196516525699,158.37918156631125,159.20195810249263,20891500
2022-08-25,167.31076049804688,167.409896043459,162.59220198006366,163.74209262665752,15550500
2022-08-26,160.37168884277344,169.43212368762408,160.26264579796614,167.01336169441478,24023600
2022-08-29,157.7843780517578,161.63060638822202,157.6257672670474,159.26141262320422,20052700
2022-08-30,155.7919158935547,160.25274310903546,154.5527972225878,158.95414916201582,19567900
2022-08-31,161.51165771484375,166.3789189098485,160.72854146269484,165.61563278936217,40953000
2022-09-01,163.92051696777344,165.9031066673711,158.95413521562654,162.15601334520824,30145700
2022-09-02,158.92442321777344,166.46816372077225,157.8339926567037,165.99234635137884,22634200
2022-09-06,157.15989685058594,160.2824850610427,156.3173052072264,158.7063296993813,19339800
2022-09-07,158.99380493164062,159.55885034383166,155.4449670056623,156.38669423335267,16831200
2022-09-08,160.64923095703125,160.81774925591185,156.36684533746566,157.32840249210523,22530800
2022-09-09,167.6775360107422,168.06414043912878,161.6009082069204,161.82890181187642,22086800
2022-09-12,167.4891815185547,169.89802070055077,165.82379833481477,165.93284137140463,23220400
2022-09-13,151.7969970703125,160.22300395305948,151.3409947482943,160.13377591386535,44444100
2022-09-14,150.1514434814453,152.20341611044483,147.75251157835422,151.995252646758,43064200
2022-09-15,148.24815368652344,152.85766887034347,147.4055469804249,148.49597740879247,34606300
2022-09-16,145.0165252685547,147.28659907579265,143.03393545484252,146.7612139852357,40122800
2022-09-19,146.73146057128906,147.28658323928715,143.83688156961458,143.97566223661408,22169500
2022-09-20,144.8182830810547,147.54434433409074,143.9558612704018,144.51098405086626,23217400
2022-09-21,140.88282775878906,148.29772457574842,140.76387720990476,145.11566125945427,38338600
2022-09-22,141.57672119140625,143.32139447816127,139.64368435905283,140.3177726437709,34418500
2022-09-23,139.18772888183594,141.3784822716074,137.68095630825457,140.1889313455003,31710700
2022-09-26,135.18287658691406,141.00178775969545,135.0044507707675,138.90023234956038,30497000
2022-09-27,133.23001098632812,138.20631496508062,132.9524496609116,136.71937281065303,30826500
2022-09-28,140.37725830078125,140.79360030483306,133.10115804366748,133.44810215073147,32658500
2022-09-29,135.2225341796875,138.6226682562599,134.0230607552248,138.14685096331397,38985400
2022-09-30,134.49887084960938,139.76265892956278,134.32044504653885,134.86566021029577,33166400
2022-10-03,137.4033660888672,138.4045683423802,134.91522170833778,135.9461615943145,27723100
2022-10-04,139.05885314941406,141.15048608050412,138.12703348447909,139.26703174250054,34670700
2022-10-05,137.77017211914062,138.98947583553354,133.60673622730505,137.03662351437458,27979300
2022-10-06,137.85939025878906,140.2186618566196,135.41089062341658,136.5211360812192,36231100
2022-10-07,132.2882843017578,137.08614736813666,131.28708202735578,135.5694675770126,33214800
2022-10-10,132.6253204345703,134.92513155816465,130.72203629398763,132.3874193707211,24024000
2022-10-11,127.42103576660156,131.50518091127628,125.88453325791248,130.4742257772965,38481400
2022-10-12,126.39008331298828,128.54119115112186,125.15096484913546,127.20295228573549,34605200
2022-10-13,129.1558380126953,129.9984449378056,121.46339311937763,122.45468826611275,34325700
2022-10-14,125.65653991699219,130.6427443431372,125.41862370269885,129.8596280507722,23559400
2022-10-17,132.87313842773438,133.61660947229097,129.0467401800448,129.1657058328247,29612200
2022-10-18,131.64395141601562,136.6400705127759,130.25612963150132,135.89659941870124,25445000
2022-10-19,132.07022094726562,135.80740711556882,131.06901850073749,131.73318429706333,30691000
2022-10-20,130.385009765625,135.57940019928222,130.1669236896268,131.7728164983782,26356300
2022-10-21,128.87826538085938,128.98730844256184,124.3480548195021,125.21047668190013,46348600
2022-10-24,128.59078979492188,132.3180535839191,123.48561898528632,126.14228991228431,63563400
2022-10-25,136.3129425048828,137.1456416326247,129.45318430388568,129.740668266427,38433200
2022-10-26,128.68991088867188,134.37002641761245,127.411132000014,130.53370487759855,82791500
2022-10-27,97.08743286132812,101.60773555462907,95.54100754810898,97.12708556812662,232316600
2022-10-28,98.3364486694336,99.97208672735346,96.66116547189773,98.71314556260309,95928300
2022-10-31,92.34902954101562,98.45540173117791,91.79389929610683,97.36497893611102,121361400
2022-11-01,94.37126922607422,96.64133540102044,92.73563873008625,93.50884752374887,110189600
2022-11-02,89.75183868408203,94.37126885823125,89.69236341187202,93.38988905186778,71821100
2022-11-03,88.13603973388672,89.6725424051938,87.64039224708178,89.295853037895,60664000
2022-11-04,89.99967193603516,90.59444741007951,87.32317095836484,89.56349972567841,55638100
2022-11-07,95.87803649902344,96.03663973796807,92.289546516777,93.95492212208184,81987300
2022-11-08,95.63021087646484,96.94863477985906,93.96483530454036,95.08499570950359,52088300
2022-11-09,100.5866928100586,103.98683455524989,99.86304421903829,100.83451653036997,107677300
2022-11-10,110.89616394042969,111.76850073569403,103.69936079981403,106.18751313338271,80671000
2022-11-11,112.0361328125,113.89977184094667,107.86278269236072,108.2791322482135,59961700
2022-11-14,113.2257080078125,115.25785807460645,109.83548116552747,110.02382205922324,53395000
2022-11-15,116.0608139038086,117.70635957873935,113.41405821741367,115.05960389234444,50670500
2022-11-16,112.24432373046875,115.0695126545756,111.67928594564738,113.50326491314802,33287800
2022-11-17,110.47982025146484,111.35216465645112,108.84418961807627,109.44888014863072,35093800
2022-11-18,111.07459259033203,113.32482860499377,109.65704063160446,112.80935860317447,33357700
2022-11-21,108.90365600585938,111.39180826964389,108.23949025208182,110.54920157215746,24351100
2022-11-22,110.46990966796875,110.64834305828951,107.37706675673539,108.90366185992863,29029000
2022-11-23,111.262939453125,111.68919657028627,109.7660895726345,110.74746942359464,21343100
2022-11-25,110.4401626586914,111.74867155568367,110.05355070998553,110.33111962036043,12007600
2022-11-28,107.83306121826172,111.06468480598609,107.43654173387552,109.8156510772126,23309400
2022-11-29,108.50714111328125,109.97426092364222,107.59515160134391,108.5864465220532,23899200
2022-11-30,117.07191467285156,117.13139750383256,108.42782278422197,108.55669594886484,43348600
2022-12-01,119.39155578613281,120.14493443708561,117.36931335693296,118.16234470998532,36551400
2022-12-02,122.41500091552734,122.96021611715648,116.58618982465244,116.80427590530408,39950500
2022-12-05,121.36422729492188,123.58472561396967,120.29362705497797,120.69014650269564,35474900
2022-12-06,113.12657165527344,119.5005978799502,112.74987476980014,118.8661697773399,43689200
2022-12-07,112.93822479248047,114.87124676294755,111.89736215424148,112.7697064797689,29461100
2022-12-08,114.32604217529297,116.31853947098587,113.59247850687862,115.37681234494076,30619400
2022-12-09,114.89108276367188,116.51680582776,112.8787552857445,114.29630732414842,26033400
2022-12-12,113.71144104003906,114.71265104161625,112.15510829524132,114.17735086937637,24747100
2022-12-13,119.10408020019531,122.22666055478824,117.6072228281434,121.06683980846766,44701100
2022-12-14,120.53154754638672,123.05935265645726,118.35070171403657,118.35070171403657,36922000
2022-12-15,115.1388931274414,117.59730000887403,113.01752284952003,117.29991610512512,34531000
2022-12-16,118.39033508300781,122.2365560809106,117.78564466622959,119.18337392687468,67064000
2022-12-19,113.48343658447266,116.77453514998675,113.33474084591141,115.81297794533405,29769900
2022-12-20,116.07070922851562,116.30862543554926,111.48101684028215,112.2740557377687,28742500
2022-12-21,118.71747589111328,119.29242116853779,114.61351572943319,115.68410844245172,20392800
2022-12-22,116.10045623779297,117.58739852154194,113.38430288746622,116.17975407839512,23618100
2022-12-23,117.012451171875,117.15123185315484,114.53421391619223,115.01994630067168,17796600
2022-12-27,115.862548828125,117.56757731975019,115.0397797831497,116.90341153100645,21392300
2022-12-28,114.6135025024414,117.12147702703714,114.50445947415648,115.23801547654516,19612500
2022-12-29,119.21311950683594,119.97641320548192,114.76220023247431,115.38672082161865,22366200
2022-12-30,119.29241943359375,119.37172483725053,116.71505431858502,117.13140390629331,19583800
2023-01-03,123.65412139892578,125.26993689605494,121.21553689802785,121.75083704158786,35528500
2023-01-04,126.26123046875,127.92660615490277,124.75445802924148,126.27113797211675,32397100
2023-01-05,125.83499145507812,127.40123939178781,123.45588190968051,125.03203735118072,25447100
2023-01-06,128.88816833496094,129.1954673366725,124.94281126846515,127.84730565506447,27584500
2023-01-09,128.3429412841797,131.79264301521917,128.15459284862445,130.01823194659175,26649100
2023-01-10,131.8323211669922,132.27840087038675,126.04315471213991,126.16210526612231,28684400
2023-01-11,131.7332000732422,132.68484998738444,129.20539464207775,129.82000786565467,25423000
2023-01-12,135.51992797851562,136.48147008401705,130.6130062840878,132.27838952682893,30757700
2023-01-13,135.78756713867188,136.19400166584558,133.66619672063948,133.79506989412366,22423800
2023-01-17,134.18170166015625,135.5596012063191,133.0813635243023,134.99455575435732,21147600
2023-01-18,131.862060546875,136.0552340156963,131.64397444438683,134.62776684521396,20215500
2023-01-19,134.9647979736328,136.25348440118418,130.98971077016242,131.3366700442586,28625200
2023-01-20,138.15675354003906,138.72179884510555,133.43819566551292,134.70705181876295,28688600
2023-01-23,142.02281188964844,142.5085366667069,137.4529422032484,138.07744764888903,27470100
2023-01-24,141.89395141601562,143.73776053550952,140.1294477036565,140.45657683585247,21970200
2023-01-25,140.26820373535156,141.92366411273167,139.088560591205,139.99064242213555,26622000
2023-01-26,146.0177459716797,146.22590943609623,142.05256625826522,143.14298160387807,25482100
2023-01-27,150.4190673828125,151.8564417123682,146.10692926818828,146.94953583687118,35771900
2023-01-30,145.7798309326172,149.80448595440728,145.67078788457044,148.1093800836338,28040100
2023-01-31,147.67320251464844,148.5752845041938,146.23582793433843,146.66207748102659,29842100
2023-02-01,151.78707885742188,152.24308119270972,145.77983384283002,146.74139116044864,55661000
2023-02-02,187.12672424316406,195.4436870373218,178.59167538221652,181.78364585873078,150475700
2023-02-03,184.90623474121094,195.05709986672147,181.29792194431568,181.87287479600266,76809700
2023-02-06,184.4403076171875,189.03991487291054,183.90501508191707,184.90621738212576,42483800
2023-02-07,189.95193481445312,192.0931355517408,182.7947840150465,183.96451992977168,47080700
2023-02-08,181.8332061767578,189.16879710609436,181.32765125110058,188.34602056954392,36139100
2023-02-09,176.37120056152344,185.0252014788401,175.72686487660647,184.50973898129092,37118800
2023-02-10,172.6339874267578,177.33273033452983,171.84096366888724,174.8148481387777,33433600
2023-02-13,177.86805725097656,179.42439768472548,174.28949676835344,176.6685987535674,31463200
2023-02-14,177.91758728027344,179.9299145233757,174.34893505957058,175.61779119928158,24034600
2023-02-15,175.61782836914062,176.6388610238248,173.80375667779919,174.8842646131894,25308900
2023-02-16,170.9389190673828,174.31923878301757,170.29456821599553,171.24621810953835,25827500
2023-02-17,171.37506103515625,171.67243739377372,168.22273550017792,168.73821306504692,24171300
2023-02-21,170.58203125,176.61901366845885,170.3837752916554,172.7926146811642,34592600
2023-02-22,169.63038635253906,171.25610945926005,168.2128418399416,169.58083370599772,22433200
2023-02-23,170.5424041748047,172.17805018289746,167.90557067630027,170.50275902580378,20017800
2023-02-24,168.90672302246094,169.23385212671894,166.20049241118272,167.17195709518748,19791300
2023-02-27,168.06410217285156,171.61293912778723,167.5882849368587,170.38374334097588,19277000
2023-02-28,173.4171142578125,176.00439428377393,170.3738319696767,170.4035696035187,46051100
2023-03-01,171.91038513183594,176.30183005289493,171.54361080497523,173.07019852101027,30998400
2023-03-02,173.01071166992188,173.48652902510946,169.9376911811716,170.87943351305253,17352000
2023-03-03,183.6373748779297,184.99544401107892,175.50875995980698,177.36247652852418,45877700
2023-03-06,183.29042053222656,188.00899392583824,183.03268930417306,186.36344076544492,33209400
2023-03-07,182.90379333496094,188.7028738141815,182.40814594788083,187.35471231628523,36701500
2023-03-08,183.3598175048828,183.64728636833115,179.76141220423,181.2780921799188,19432400
2023-03-09,180.1083526611328,187.28531725397823,178.73045350925022,184.72779000880985,26582800
2023-03-10,177.94732666015625,183.16154706370955,177.24351581257753,179.43426888152695,25665000
2023-03-13,179.3252410888672,182.18017523686387,173.29818141681156,176.4108467930736,24728000
2023-03-14,192.33103942871094,192.62843092188572,184.93597286944848,185.94709789585886,41642600
2023-03-15,196.028564453125,196.05830208974152,189.1787131345453,191.2703459570102,42123600
2023-03-16,203.1460418701172,203.96881839258782,194.38299921959626,196.53410718154342,50447100
2023-03-17,193.90719604492188,200.14243431213578,193.72875509737597,198.81410277601756,50141100
2023-03-20,196.08804321289062,197.62455334455456,191.95434526414255,196.75220898573428,25186300
2023-03-21,200.4001922607422,201.77809164678217,196.22683383377986,201.4311323612343,31827000
2023-03-22,198.0706329345703,205.56482001084692,197.93185225263778,200.7372186543796,28477800
2023-03-23,202.50172424316406,206.07039199137296,200.39026123164382,201.07425714388052,27389700
2023-03-24,204.2166290283203,205.7729690693424,201.77805237772068,203.39385255851317,27716400
2023-03-27,201.07424926757812,204.06796403208844,199.6071370845429,203.02710138580258,18527200
2023-03-28,198.93304443359375,199.2800036835634,196.17724594410166,198.40765937001166,19127300
2023-03-29,203.5623779296875,203.9291521378124,200.77682704525753,201.787951900525,18851100
2023-03-30,206.03073120117188,206.27855492955837,201.0544416258621,201.60956435729426,22608300
2023-03-31,210.0950164794922,210.3230100418726,204.97002432137518,205.4359340744729,25440300
2023-04-03,211.2152099609375,211.63155200058463,206.387593549827,207.02202167585494,17924600
2023-04-04,212.850830078125,214.35760247602127,210.6897994530681,211.53240612071065,21026400
2023-04-05,209.63902282714844,213.31673323896115,208.11243547048335,212.2857781628593,19396600
2023-04-06,214.21885681152344,215.05154098619485,206.83369691727685,207.42847997116294,26104400
2023-04-10,212.8805694580078,213.78265140351988,208.82617714372924,212.84092431935147,16106100
2023-04-11,211.98843383789062,214.13954209197752,211.55226163411987,213.6042343415459,16710100
2023-04-12,212.13710021972656,214.95237399428152,210.7294633324491,212.96978427260183,18972200
2023-04-13,218.4318389892578,219.22486281474858,213.81240108857065,213.85204622946125,23310400
2023-04-14,219.56190490722656,220.17650288269624,215.656200722299,215.98332984258553,21591200
2023-04-17,216.95481872558594,219.05635923123276,215.2398826549583,217.87671579141596,15481900
2023-04-18,215.99325561523438,218.52106075783294,214.32788736305116,217.99567564546845,12281000
2023-04-19,213.82229614257812,215.4381115885571,211.07640517251718,211.61171286211123,15898100
2023-04-20,211.2152099609375,214.8631679041083,210.91781846805821,211.62162937104753,16475400
2023-04-21,211.03677368164062,211.55225127229988,207.75558993575115,208.38011057201217,17717200
2023-04-24,210.93765258789062,212.05782075798314,208.8757723359463,211.81990451693062,15750900
2023-04-25,205.74325561523438,209.42095115389515,205.32691358025164,208.9847941119795,19198200
2023-04-26,207.57716369628906,212.2461697285354,207.06170119505998,210.65018419851057,41992700
2023-04-27,236.48330688476562,239.58606473531918,234.7088956844878,237.80173090551267,71196500
2023-04-28,238.2279815673828,238.3370094781109,233.69775691934507,236.92937263012743,39554000
2023-05-01,241.06309509277344,241.8759642001365,234.4016070438007,236.54279260820323,29143900
2023-05-02,237.15737915039062,242.78792649051843,236.90955544437884,241.06306805133124,24350100
2023-05-03,234.9666290283203,239.6455421682171,230.72388806474677,237.38539100541473,34463900
2023-05-04,231.48716735839844,236.1264197905397,230.90229192706437,234.00504951049967,17889400
2023-05-05,230.75360107421875,232.6370551335535,227.84911458653457,230.2183085405626,27000500
2023-05-08,231.2393798828125,233.56891396654385,228.2654949985898,229.40547815382422,16400500
2023-05-09,231.33847045898438,233.82663017174102,229.06841194563827,229.44510882268386,16865600
2023-05-10,231.05104064941406,234.6890914879879,228.71158384200328,234.1141385722895,19119000
2023-05-11,233.7374267578125,236.13637381843506,230.27781710507037,231.0212883085138,20449000
2023-05-12,231.77462768554688,234.8972152857054,229.43517142399494,234.6791292262928,16161400
2023-05-15,236.78067016601562,238.16847679831426,233.2814008261875,234.85755588557478,20653200
2023-05-16,236.7410430908203,237.55389700147478,233.46976706403657,233.73740578256724,18163800
2023-05-17,240.3791046142578,241.71734364737938,236.06696576918233,236.37426476658152,21193100
2023-05-18,244.701171875,244.93907298959624,239.09043865770303,239.19948171054665,22943300
2023-05-19,243.50164794921875,246.5251000384491,241.2910648360258,245.31571920275695,21733600
2023-05-22,246.15835571289062,251.36265391430516,242.98619994649877,243.2736839367334,27738500
2023-05-23,244.5921173095703,249.41971879486397,244.50288926983555,244.66150008940815,17748100
2023-05-24,247.0406036376953,247.41728540634753,242.81767776935007,243.14480689478242,17724300
2023-05-25,250.49029541015625,253.3947820293933,247.00093333989307,251.19410627565514,22371400
2023-05-26,259.7588806152344,260.0265193027739,250.510098930214,250.7281698558531,25727200
2023-05-30,260.23468017578125,266.31132167705607,259.0154070259148,262.940925664259,23816500
2023-05-31,262.4155578613281,262.6931191922848,256.20015042244955,257.7366452452606,25473700
2023-06-01,270.2369079589844,271.6148224918179,263.57543478497155,263.58532716339073,25609500
2023-06-02,270.2369079589844,272.95307675520934,268.7598881304285,270.28649085876737,19416900
2023-06-05,269.0274963378906,273.17110112649306,267.2134100069179,267.9469584402539,20742900
2023-06-06,268.7598571777344,274.1624262569552,267.3423127906372,267.7884075776989,19419000
2023-06-07,261.3053283691406,271.8626124655505,260.5122743384185,269.30508506477685,26163600
2023-06-08,262.27679443359375,265.320077073053,256.6264315879081,258.3512750536968,20899400
2023-06-09,262.6435546875,265.6174389213562,259.4218467674891,260.1950554582151,16949800
2023-06-12,268.69049072265625,269.3844093055368,263.0202822587517,264.8442916334225,15442500
2023-06-13,268.9581298828125,273.3198212360052,266.7475314444002,272.4871371800981,16164000
2023-06-14,270.9704895019531,272.5961975421648,265.98427695032746,269.5232072981204,19175100
2023-06-15,279.3766174316406,281.5178179621432,269.05726454784934,269.9295786141267,25973500
2023-06-16,278.5538024902344,285.3441770354856,277.6913809669585,282.27115750567344,43127700
2023-06-20,281.8548889160156,282.3207987676239,273.8155011330665,276.30366121845566,20701600
2023-06-21,279.1882629394531,281.52770398687585,275.9367871755133,281.06179425259563,20556200
2023-06-22,282.40008544921875,282.77678233751567,275.3718084998464,276.6505570919048,17563100
2023-06-23,286.2165832519531,287.1484028647073,276.5217204794401,279.05943296679476,51092000
2023-06-26,276.0458679199219,287.2673324689784,275.18344627250076,286.18682475251495,24232700
2023-06-27,284.5511779785156,286.8311743118034,278.2068969133884,279.555073656432,26108300
2023-06-28,282.80657958984375,287.02947602567934,281.5872757604683,282.3406696958799,16722100
2023-06-29,279.0791931152344,284.07532682783864,278.2465092051192,282.0233395572442,15395700
2023-06-30,284.4818115234375,286.53376890451335,281.9440990867374,282.2811357109331,19694900
2023-07-03,283.53009033203125,286.8806711535022,282.3702925103913,284.2041936983937,8629300
2023-07-05,291.80743408203125,295.5247894373961,283.8671533623589,285.1459320751407,33865500
2023-07-06,289.4482116699219,295.5248547405756,288.7741383436563,293.31428629533394,47600500
2023-07-07,288.00091552734375,293.6215711054286,286.1471988438877,289.6365461155744,25586000
2023-07-10,291.5398254394531,295.5347425297434,284.5511784998187,292.9771848405433,37058300
2023-07-11,295.6933288574219,297.5668602635445,289.35894068243334,291.3415302455222,27585900
2023-07-12,306.64715576171875,306.75621392994793,297.48760071490796,299.1232312229929,36677100
2023-07-13,310.6817321777344,313.4870833791565,307.58889699038366,310.88989563213556,30281000
2023-07-14,306.18121337890625,312.1389046779914,304.68434858283683,309.07580744281717,23054100
2023-07-17,307.916015625,308.9965234309528,302.05745916188715,304.8628406574557,25323100
2023-07-18,309.33355712890625,311.4648653357093,304.9421280436291,308.17375905316084,20731900
2023-07-19,313.2591247558594,315.9058653137581,307.81689494508896,310.3050549337283,21763700
2023-07-20,299.8865051269531,312.7931833489161,299.5891287747079,310.7709333978952,23836900
2023-07-21,291.698486328125,302.8009725555887,288.66512594483504,301.9187357065024,42139300
2023-07-24,289.07147216796875,294.9300282701008,285.79028868592326,293.2051849386824,24915700
2023-07-25,291.9065856933594,295.7032315280009,289.3192904924628,292.6203191709946,19585600
2023-07-26,295.97088623046875,299.14301133786523,289.35893681509447,298.56807368309666,47256900
2023-07-27,308.99652099609375,322.51779778619095,307.14280439627186,322.28978907131307,64229200
2023-07-28,322.64666748046875,323.3604010020382,311.51441512024616,314.12152548725567,39220300
2023-07-31,315.8265380859375,322.82507714780235,314.8253206295678,320.87222512758746,25799600
2023-08-01,319.9007263183594,321.31830082897517,311.9208155315466,314.77574930554596,22817900
2023-08-02,311.5738525390625,315.61835208722226,307.9457100995338,315.2317326112138,20461100
2023-08-03,310.4636535644531,313.1996371815222,307.23202249512775,307.23202249512775,15180200
2023-08-04,308.0250549316406,315.6381920030264,307.4996698792332,312.21821272193796,17612800
2023-08-07,313.8043212890625,314.30989138505396,307.75741615279827,310.50332247597623,16236500
2023-08-08,309.9184265136719,315.12272430973746,307.41042158153704,311.6630848225731,15183500
2023-08-09,302.5531005859375,310.89981675139177,300.21365919986573,310.1563455945085,19955800
2023-08-10,303.0784912109375,309.6210435617212,301.22477459946464,305.2593520785052,14358900
2023-08-11,299.0141906738281,302.0673654764671,297.745304234176,299.93608761646493,14046300
2023-08-14,303.5245361328125,303.54435113674515,295.65365354779925,298.35989905436605,15641900
2023-08-15,299.3215026855469,304.5555384693023,297.4182031951271,303.4750306746695,11623600
2023-08-16,291.7281799316406,298.4590504137435,291.7182573021849,297.5867363272898,18547700
2023-08-17,282.6082458496094,293.47282896172703,282.4694803012663,290.49894440443103,23950100
2023-08-18,280.7843322753906,283.2030946981994,271.99154972899885,276.6010658148206,35347900
2023-08-21,287.37640380859375,287.97118683695453,279.39649145484435,280.98256944649927,20181500
2023-08-22,285.0964050292969,290.35025563572106,284.2537983560618,290.0032963876927,12980200
2023-08-23,291.6786193847656,294.81111508897186,285.1658344882448,285.98859599429807,18287000
2023-08-24,284.2538146972656,296.8531644997961,284.144786778373,295.90152985922856,18360900
2023-08-25,283.01470947265625,285.87956641170797,273.62714504469477,283.6392301342168,23701400
2023-08-28,287.7332763671875,288.91291975529066,283.3120791933217,285.49294014239996,14239300
2023-08-29,295.3959655761719,296.54587132156684,285.67136476377044,286.0678766841328,20844500
2023-08-30,292.5310974121094,295.69333019974454,290.875621808572,294.58308487968134,17717000
2023-08-31,293.3142395019531,298.47887705578745,293.0862308021256,293.22499634625575,17229900
2023-09-01,293.79998779296875,299.1133139449209,291.90661090057637,296.76394986830445,12842300
2023-09-05,297.5372009277344,298.7664273516259,292.93760766197164,294.43444260469624,14956000
2023-09-06,296.5657043457031,300.65972681313633,293.08624961534355,299.0835715746785,15418100
2023-09-07,296.0700378417969,304.37706303978695,289.67617413817516,295.4058570001141,33748700
2023-09-08,295.2968444824219,302.59276023279784,294.19649144148667,296.61525335375495,17548000
2023-09-11,304.8826599121094,306.34978726869906,298.65732909121135,298.78620226973936,19489300
2023-09-12,299.0340270996094,305.97309149092956,297.61648263441475,303.6633574024578,13480400
2023-09-13,302.40435791015625,304.50589782793134,298.6969254232102,299.727850126929,13210900
2023-09-14,309.0064392089844,310.1464222632418,302.37467408444013,304.06977984776057,19343100
2023-09-15,297.6957702636719,309.2840101140606,296.14935263325515,308.89739058049656,28131100
2023-09-18,299.916259765625,300.9571375613304,295.2076089926441,295.59422852439974,14234200
2023-09-19,302.4143371582031,303.50476757967397,297.2001163940275,299.84688704196486,15924400
2023-09-20,297.06134033203125,305.3782883735429,296.8234089972703,302.39448120124234,19379500
2023-09-21,293.1556701660156,297.6462351362966,290.7170627767557,293.1259325272159,21319600
2023-09-22,296.4764404296875,302.72161592524503,295.67349404841707,296.69452649941013,25369600
2023-09-25,298.2112731933594,298.3302540096242,291.1433649787579,293.0664797740678,18987000
2023-09-26,296.3575134277344,297.6858449572033,293.4332116377571,295.0688421646148,19417200
2023-09-27,295.14813232421875,298.677139729877,284.2934713763144,297.8345632707552,36429800
2023-09-28,301.3139953613281,303.6633594810206,294.1172148146599,296.3377057544672,22167100
2023-09-29,297.59661865234375,307.93584693640213,296.75401197888146,304.704216042569,25373700
2023-10-02,304.1490783691406,304.5059299768926,299.00425592730016,300.104578636452,16265600
2023-10-03,298.3203125,304.099548899281,297.03164113195834,301.61141908080776,17362300
2023-10-04,302.9198913574219,304.2284079253051,295.9015365648199,296.1295452893803,16880500
2023-10-05,302.13677978515625,303.54440159622794,296.89282131542484,301.97816897158543,19130000
2023-10-06,312.68414306640625,313.5564874187688,298.2905520081828,298.81593709513936,21803900
2023-10-09,315.5886535644531,317.541505874317,309.1056062125338,309.7796795347402,22503700
2023-10-10,319.0382995605469,321.8337580234611,315.3903421312785,316.34197662328,19038000
2023-10-11,324.96624755859375,325.97735729844595,320.1386470354326,320.1981222994289,22036300
2023-10-12,321.3381652832031,327.662631720703,319.8809605389769,325.1447341503426,20530500
2023-10-13,311.9505920410156,322.22039260310345,309.65078063069194,320.71363525767725,21341000
2023-10-16,318.3543395996094,319.0185204694929,312.7733446736432,315.8662100616769,16536100
2023-10-17,321.1795349121094,321.57604680606164,314.5378472437151,315.4101915615611,16387800
2023-10-18,314.21075439453125,323.1026711047013,312.81302491646005,318.5922912851323,16851000
2023-10-19,310.0869140625,319.08788750004817,309.03614402821887,317.09537533508325,18709200
2023-10-20,305.9631042480469,312.55520797729986,303.8020890544301,311.4053327426864,22312300
2023-10-23,311.2765197753906,314.59733347334077,304.5852792316508,306.80577011666287,17796800
2023-10-24,309.8291931152344,315.5787213935738,307.9259239452391,314.0223812193745,19525500
2023-10-25,296.92254638671875,308.1737490291754,296.2385505173556,307.3014047174126,42192500
2023-10-26,285.83990478515625,292.4320101500182,276.9678028849212,292.4320101500182,66684100
2023-10-27,294.14697265625,296.70450041423834,290.419693821055,291.9165589334296,29596300
2023-10-30,300.02532958984375,306.7066477918955,296.4467391323724,296.4863994004334,28435100
2023-10-31,298.64739990234375,301.0364242117363,294.2757858177128,300.6696499436243,19434200
2023-11-01,309.13531494140625,310.0175516552152,299.222366123352,299.222366123352,20434600
2023-11-02,308.1637878417969,316.0445930452188,305.64589075733045,314.5378056945549,21631800
2023-11-03,311.8613586425781,312.8030705771321,308.31250622063965,309.82918609596044,16764300
2023-11-06,313.0509338378906,315.5589088571514,311.7127098538126,313.22938992076604,12887700
2023-11-07,316.0447082519531,318.20572429041033,312.37690431356765,314.3000192107416,14055600
2023-11-08,316.9963073730469,318.53280249069024,312.1389680232896,315.37059933746826,13609700
2023-11-09,317.7596130371094,321.3580188733632,316.0248467167497,316.63947505329315,16103100
2023-11-10,325.9079895019531,326.23513373605715,316.67903707934255,317.1548694871678,19096200
2023-11-13,326.3243713378906,329.43702160039675,322.86476180916407,323.36040926035906,16908900
2023-11-14,333.38238525390625,335.1568115946723,330.4283155624995,331.62780417236013,17179400
2023-11-15,329.8136901855469,335.45416011600383,327.14710470691955,334.9882503418072,14531200
2023-11-16,331.2808532714844,331.667442561079,323.5388423305294,326.5028044744622,18932600
2023-11-17,332.1234436035156,332.5794307757708,326.4829733409951,327.38505530805384,14494400
2023-11-20,337.0105285644531,338.89398282519466,331.2808452491062,331.97476378028864,16960500
2023-11-21,334.0465393066406,336.94110323972745,332.97592396005564,335.38476311199616,12027900
2023-11-22,338.5173034667969,339.9348782395706,335.6326315263406,336.2571521863876,10702700
2023-11-24,335.2856750488281,338.88405001830046,333.83836275604654,337.16912925300625,5467500
2023-11-27,331.78643798828125,336.94115367224947,331.290790504135,333.25353518012435,15684500
2023-11-28,336.0390319824219,336.42565149537353,330.4976973935413,330.4976973935413,12637200
2023-11-29,329.3081970214844,336.94115004399055,327.90054487082136,336.7329865734287,16024500
2023-11-30,324.3021545410156,330.5968838674368,319.5935032715394,329.0009134317583,23146400
2023-12-01,321.99237060546875,324.0145901307329,317.9677163074989,322.6466287760831,15276400
2023-12-04,317.23419189453125,318.0668760036283,310.92957067483053,314.52797610294596,19037100
2023-12-05,315.5192565917969,319.078001589407,312.644507483201,316.2032524808111,16952100
2023-12-06,314.6865234375,319.4447260301232,314.2800889688766,319.1275044567712,11294300
2023-12-07,323.7469482421875,325.38257852662645,315.0037213010435,315.0037213010435,15905100
2023-12-08,329.8534240722656,330.2697812992964,320.1882974465569,320.2775103697941,14087400
2023-12-11,322.4483947753906,327.0182798666103,317.2143590609615,326.5325248079935,25802500
2023-12-12,331.310546875,331.55837057321145,321.7346355458796,321.77429580813003,18485500
2023-12-13,331.8260498046875,335.4244551825213,329.74435468699323,331.02310334456655,16353300
2023-12-14,330.26971435546875,331.7863942469266,325.77914995119795,330.9437875845794,19607300
2023-12-15,332.0045166015625,335.7119500187242,328.3367132008549,329.0999994185291,31776900
2023-12-18,341.6199951171875,344.5344041297469,334.08614889595844,334.5421662666255,18993900
2023-12-19,347.31005859375,350.5218745666176,342.11568311875016,342.57167029164464,17729400
2023-12-20,346.239501953125,351.8700500578923,344.76248214532603,345.6149812888574,16369900
2023-12-21,351.0075988769531,353.30741024884486,346.17007504363573,349.90727608593943,15289600
2023-12-22,350.313720703125,354.0905518678329,348.1625974502464,352.4846287114761,11772800
2023-12-26,351.7411193847656,353.872427399098,350.3731579769973,351.89973018245973,9898600
2023-12-27,354.71502685546875,355.87485515386163,352.21697469605425,352.9703684711443,13207900
2023-12-28,355.2008056640625,358.7496281934857,354.69523557044886,356.5687975042497,11798800
2023-12-29,350.87872314453125,356.8661526201397,348.7573678571759,355.8649351224526,14987100
2024-01-02,343.2755432128906,350.0857348081717,337.05021201896517,348.2617556958284,19042200
2024-01-03,341.4713439941406,344.92106102147176,340.192565145366,341.97691405684844,15451100
2024-01-04,344.0982971191406,345.11932970434566,340.41067870668667,341.501109198634,12099900
2024-01-05,348.88623046875,350.42272536747254,343.24576041821206,343.96938628900244,13920700
2024-01-08,355.537841796875,355.85506343366256,348.9853666048785,351.61232236037006,13890200
2024-01-09,354.31854248046875,357.500621013295,352.266554698049,353.2975099042569,13463900
2024-01-10,367.2449951171875,369.69349454560995,355.9541325367698,357.0346705179699,22117200
2024-01-11,366.45196533203125,369.53487766691745,359.77061774846607,368.8905420914892,17205400
2024-01-12,371.2299499511719,373.7775846416125,366.3230592391268,366.93765712511953,19310000
2024-01-16,364.26123046875,372.3402781857288,364.0332519935997,370.3973485723364,15306900
2024-01-17,365.1632995605469,365.33183300535507,355.48825160061466,363.1113118453537,12724800
2024-01-18,372.855712890625,373.5694463469894,367.72081315695874,368.25609056029504,16354300
2024-01-19,380.1119689941406,381.01402055937257,374.67966308773725,375.7006954298844,21670800
2024-01-22,378.4565124511719,386.95191580906175,377.84191453997227,384.5728144342601,17680500
2024-01-23,381.8467712402344,384.9990814617669,378.75390603497135,381.2718033118794,15506100
2024-01-24,387.29888916015625,392.70142765086376,384.434032676857,386.60497070171994,15698500
2024-01-25,389.7572937011719,392.04718233656905,382.3027674759573,386.7735168364553,15091100
2024-01-26,390.708984375,393.3359097959545,388.18116424199445,390.91714783237995,13163700
2024-01-29,397.5290222167969,399.42239887888377,389.6779844917402,391.55151589697937,18742400
2024-01-30,396.577392578125,402.8225376750017,396.0916678100326,400.0766619883151,18614700
2024-01-31,386.7438049316406,394.53536828693876,383.7302599797155,385.6137142301989,20180800
2024-02-01,391.3433837890625,397.01359160077834,389.6284327898342,390.51069973653455,29727100
2024-02-02,470.8551940917969,481.72970126070106,449.0665497360696,455.59918004099586,84707600
2024-02-05,455.4107666015625,467.7920294868746,455.2224181615912,465.7896247984481,40832400
2024-02-06,450.7616271972656,463.0536781539214,449.056598724922,459.9608428440702,21655200
2024-02-07,465.502197265625,467.4153892805509,452.2089282038192,454.0130922939199,23066000
2024-02-08,465.9085998535156,466.49346021033546,460.98186302371124,464.24323169322327,18815100
2024-02-09,464.0350036621094,469.4673101663156,463.40059070831603,468.83289721252225,18413100
2024-02-12,464.818115234375,474.97888670626406,462.5183040895462,464.11430441271233,19382000
2024-02-13,456.1145935058594,463.8169740536251,451.1283814896447,452.892885158852,20916600
2024-02-14,469.1600036621094,469.9827650386476,462.03259160066335,463.85657040992965,16858400
2024-02-15,479.81646728515625,484.3665072274175,468.1092769839316,471.1426369454391,24212300
2024-02-16,469.19970703125,474.7905945088787,465.12546928119934,473.9479877976202,23324600
2024-02-20,467.64337158203125,472.0348007521129,462.49854860329634,465.63104413431995,18015500
2024-02-21,464.447998046875,465.41057550181085,458.25576468630754,462.92970889465835,12921800
2024-02-22,482.4095458984375,486.2399899399872,472.41660653720356,476.56460881710507,21625800
2024-02-23,480.32550048828125,490.5764270483582,478.6583655486156,484.3147227261983,18374300
2024-02-26,478.0530700683594,482.41941959747976,476.92181062419036,479.7698406915825,12101400
2024-02-27,483.32244873046875,483.5407662161046,476.2470421891275,476.3065805684811,10809600
2024-02-28,480.3156433105469,487.29183946523705,479.05537389204176,481.28815398786173,12715500
2024-02-29,486.3788757324219,487.93686726454155,478.91640943030325,484.70180744595217,17732000
2024-03-01,498.4556884765625,500.3907764734073,488.0856846060254,488.34367413066025,16273600
2024-03-04,494.3772277832031,500.5595589126642,492.62078494513406,499.1504132084591,12324100
2024-03-05,486.4681701660156,491.7871336101802,484.15601582408954,491.2115858850194,15325300
2024-03-06,492.2932434082031,499.120593170195,490.50703156108455,493.8214657207925,11757900
2024-03-07,508.27001953125,515.8713680175964,497.542754953555,499.4282074814689,18586400
2024-03-08,502.07781982421875,519.5629636532714,495.52832561465306,510.2547468573878,18597100
2024-03-11,479.888916015625,493.51384651254926,472.3570085263561,493.2062214717345,20428300
2024-03-12,495.92523193359375,498.46563690206807,481.0201963453091,489.48491194914317,15448200
2024-03-13,491.77728271484375,497.1458822287544,487.2720200219319,491.59866756926175,12090700
2024-03-14,488.06585693359375,497.5130167599525,484.4239615573876,496.4313625069967,12620000
2024-03-15,480.39501953125,488.0658397573239,477.61643073962875,485.2674452189563,29153600
2024-03-18,493.1764831542969,493.61311813323977,483.0843037003027,488.14527802239974,11755300
2024-03-19,492.4420471191406,492.82907681376946,477.596551064814,484.43383339781366,10903100
2024-03-20,501.65106201171875,504.3105740199144,491.3802985259637,495.6771461475813,11711100
2024-03-21,503.87396240234375,511.09821477284595,502.1373557038148,510.7707839758228,9712500
2024-03-22,505.67999267578125,506.06702240568086,500.4801059197025,503.11975164327384,8120600
2024-03-25,499.17022705078125,503.3380953120619,496.41150443106284,501.9190467966136,8380600
2024-03-26,492.0948486328125,506.0968468595986,491.4200298211447,501.26412299091186,11205400
2024-03-27,490.080322265625,496.0642018848251,484.3346567294072,495.4786906872178,9989700
2024-03-28,481.8636779785156,489.1177599265289,481.4369761827551,489.06812442310434,15212800
2024-04-01,487.5895690917969,493.6230238511937,478.09280367110387,483.4713362423317,9247000
2024-04-02,493.5634460449219,493.7222251422253,480.94079550745505,481.3873636113719,11081000
2024-04-03,502.8617248535156,503.3578981717305,494.9328849193272,495.11150004572073,12099200
2024-04-04,507.009765625,525.9437264523161,506.672341112813,512.4676419362434,26476300
2024-04-05,523.3040771484375,526.6383471527769,510.4729824465434,512.9042437043852,19263300
2024-04-08,515.2760009765625,527.4223143515474,514.9187707168354,525.2292670059732,13260600
2024-04-09,512.9441528320312,521.8454757299324,502.86187409553503,518.2333183649653,10863800
2024-04-10,515.8515014648438,518.5605880459885,501.92885090513613,505.39216080616353,11418500
2024-04-11,519.1560668945312,519.8507216900733,513.3309966786047,517.1217682967572,10369500
2024-04-12,507.98223876953125,516.2088008915841,505.43190063751956,513.787472668167,11984500
2024-04-15,496.40155029296875,514.5615112314049,493.4741157112928,512.7653057412805,13512900
2024-04-16,495.9351501464844,500.90678605584037,493.30540740997316,494.29775401725584,9847900
2024-04-17,490.38800048828125,499.30918796557245,483.41180413654007,499.24964958405695,12193700
2024-04-18,497.9595642089844,508.28992732102284,495.22070789767196,495.99473711582823,14808700
2024-04-19,477.38824462890625,498.95191950753076,472.0891167696375,498.95191950753076,25215400
2024-04-22,478.04315185546875,488.2444739766785,469.7768874878293,485.9719917197624,17271100
2024-04-23,492.30316162109375,494.9428072503399,485.2277254126733,487.4902744828821,15079200
2024-04-24,489.7230529785156,506.0967720750617,480.8713078752949,504.17161722523144,37772700
2024-04-25,438.0019836425781,442.35836983181287,411.32769996695043,418.17488602057387,82890700
2024-04-26,439.8973388671875,443.02322464354364,428.65403477490287,438.0813276050655,32691400
2024-04-29,429.3090515136719,436.3944219336963,425.2801260809591,436.1959404676039,21502600
2024-04-30,426.8778076171875,436.2554660770885,426.4312394735651,427.751047303974,18429500
2024-05-01,435.8287048339844,446.5162667930731,423.8411409701157,425.3197579943867,20344900
2024-05-02,438.2996826171875,440.562231878881,428.9716297061358,435.48142162693887,15221300
2024-05-03,448.5010070800781,450.69411509659585,440.4530898609674,442.5171576767287,16489100
2024-05-06,462.115966796875,462.592304076786,449.8704131384758,452.093259876696,15094600
2024-05-07,464.6563720703125,467.9212009325345,457.7794172557727,462.7213143300044,13406800
2024-05-08,468.9830322265625,471.9402058578811,459.4564983423583,459.9526716667021,11683900
2024-05-09,471.78143310546875,472.4363552104369,464.0510446249137,466.40290121752565,9437700
2024-05-10,472.5555114746094,473.8455500732435,466.00601718642696,473.4386842914545,10750000
2024-05-13,464.4281921386719,469.7273199211645,459.30767949531514,469.13190584002666,14668800
2024-05-14,468.23876953125,468.9234911376046,456.55883016199584,459.82365909681533,10478600
2024-05-15,477.8546142578125,478.8072585621629,467.59375353224107,471.34482265738814,13100500
2024-05-16,469.6082763671875,474.03413451482754,469.1319390117923,471.364719260923,16608200
2024-05-17,468.29833984375,469.1815126685142,464.83505951456476,467.2265884372279,10807300
2024-05-20,465.2518005371094,469.5784476860999,463.4655886777014,466.3533210681569,11745100
2024-05-21,461.073974609375,467.0975253346267,458.7320210431168,463.5449077863905,11742200
2024-05-22,464.1999206542969,470.09446225330197,462.0862174173585,464.28922821985554,10078600
2024-05-23,462.21527099609375,470.72959284124823,458.0077304397397,469.26093902351244,11747900
2024-05-24,474.5600280761719,476.17755800168163,462.73124238654253,464.0411472655585,12024300
2024-05-28,476.2470397949219,477.17981782811154,471.205901618862,472.9325751794718,10175800
2024-05-29,470.72955322265625,476.17755705003367,470.07463106847433,471.0272753949379,9226200
2024-05-30,463.4754943847656,468.1196997588506,461.1534068397315,468.06016138210737,10719600
2024-05-31,463.2571716308594,465.52965393072293,450.9818484598858,462.2350557963907,16919800
2024-06-03,473.83563232421875,475.9294996806374,464.6564250347683,467.25636863239123,11279400
2024-06-04,473.33941650390625,475.22489935660434,469.60821371186694,473.3493496612414,7088700
2024-06-05,491.2711486816406,492.84897628065335,480.2064891730306,480.7423648637953,15690500
2024-06-06,489.9810791015625,498.97173709860135,487.133049134123,489.20704994565904,10667300
2024-06-07,489.18719482421875,495.0916694898727,486.4185694824564,492.1146295476639,9380700
2024-06-10,498.75341796875,498.8129563433123,489.6337500954303,490.0802879046476,11220900
2024-06-11,503.5861511230469,503.71516103182034,494.4565499121785,496.332099600009,9673700
2024-06-12,504.9457092285156,510.0761551757221,500.6091588400746,510.056288859241,11983200
2024-06-13,500.2420349121094,505.4617585597582,497.52298404906105,501.8396987460569,9954600
2024-06-14,500.7981872558594,503.7682397757163,497.41092202237064,499.2982464674773,10243300
2024-06-17,503.251708984375,507.3442312664129,492.7025298188683,498.32479160431706,11266600
2024-06-18,496.1593322753906,502.6259325307895,491.71913754817786,501.19553219490325,13060400
2024-06-20,498.3546447753906,500.31150990328194,493.45749528868265,498.652632230771,11801200
2024-06-21,491.48077392578125,500.09297514636967,489.1067263628177,500.09297514636967,22359200
2024-06-24,495.58319091796875,504.41389519417567,490.99400267681284,495.87126563892224,13525300
2024-06-25,507.1953430175781,507.30459499064085,492.1960232296981,493.73567575796005,12063200
2024-06-26,509.6984558105469,510.38385724147327,501.3147322130294,503.27159725374554,8882300
2024-06-27,516.0955810546875,519.3934506311559,510.4733485069415,510.8209904621114,10121200
2024-06-28,500.8578186035156,518.4000638324243,500.48034762615777,513.7016232829023,15855100
2024-07-01,501.314697265625,503.2020216669204,489.8814685939762,501.58291625890564,10328200
2024-07-02,506.1026306152344,507.0959625693369,496.11965660213826,497.4209190368857,7739500
2024-07-03,506.5595397949219,507.87074521081,502.6458095867641,502.9934818232005,6005600
2024-07-05,536.3097534179688,537.2633737862543,508.18856248198745,508.18856248198745,21354100
2024-07-08,525.7904052734375,539.1904418001548,523.1382262947874,538.7334873376542,14917500
2024-07-09,526.4659423828125,533.8960460931625,524.6680139481037,530.1909372581625,8753200
2024-07-10,531.124755859375,535.2868198844751,524.8369465379404,527.2507363241182,10983300
2024-07-11,509.2812805175781,531.8895244068907,504.98013638714235,527.3499903194348,16458300
2024-07-12,495.5434265136719,504.7019468538142,490.93438275942685,494.4408427746678,19750500
2024-07-15,492.8515319824219,503.3013720814987,490.0801276462005,495.30506285278,12539200
2024-07-16,486.5240783691406,500.5896628261979,482.5507504540652,498.15598735257976,14075800
2024-07-17,458.90936279296875,475.97482668415233,456.05850528893654,475.97482668415233,28076600
2024-07-18,472.677001953125,476.04438141112735,461.4424203212603,471.83266375516723,19267200
2024-07-19,473.61077880859375,483.46461539838543,472.53796325902186,472.88563552627363,15149400
2024-07-22,484.1499938964844,488.77892449316187,480.6733320174168,483.3354544094365,12023100
2024-07-23,485.431396484375,491.91785295092694,484.4678632735356,486.5737221720912,9455500
2024-07-24,458.1941833496094,473.1239602274661,457.5087819303117,469.16057574428834,17649700
2024-07-25,450.38665771484375,460.4590282516497,439.6983958852032,460.17098380293606,18240500
2024-07-26,462.5946960449219,466.63753399730916,456.3565726815499,461.1046981366571,14222400
2024-07-29,462.6045837402344,470.7995717926328,461.91918231436165,466.7467910394615,11339600
2024-07-30,460.1014404296875,469.57783596951856,453.6547256053789,463.88603283345884,11390400
2024-07-31,471.6637878417969,473.3226655061121,463.6376791709923,467.87919560673834,24285800
2024-08-01,494.4210205078125,523.6547716585801,488.8186442383986,517.5259306837595,43083100
2024-08-02,484.8850402832031,497.80826747717975,472.9749703834954,485.73929115246585,24044700
2024-08-05,472.55780029296875,480.2561225927905,447.79401274658,448.34036348534045,21396200
2024-08-06,490.79541015625,499.20893351019396,475.4583614663161,475.8060337333228,20955000
2024-08-07,485.6598815917969,506.74829997819876,483.6135898383969,499.77512044060245,20105300
2024-08-08,506.23175048828125,506.55953668319745,491.4211679453795,494.18262946631637,16156800
2024-08-09,514.3175048828125,514.8837113715979,502.3279809305961,504.3245575432351,13696600
2024-08-12,512.5095825195312,514.5657867339853,505.70525325253175,513.4134878308477,9767400
2024-08-13,525.015625,527.9559092747828,514.6949525499102,516.5425353486345,13743800
2024-08-14,523.2474975585938,530.4392104871642,519.6416980752537,524.538816844259,11444200
2024-08-15,533.7470703125,536.1708026803833,523.1879469001557,528.2439725420813,13482100
2024-08-16,523.9031372070312,530.1015190770014,521.1615312349661,528.3533057155574,14776700
2024-08-19,525.7507934570312,528.1148678543794,519.2742493741875,523.3568293697928,9879700
2024-08-20,523.2177124023438,527.5486857302659,522.3734045061494,524.8269052919596,7944400
2024-08-21,531.5914916992188,535.8032700316064,523.4163892745524,523.6349538269176,13423300
2024-08-22,528.3829956054688,540.6009650477762,525.0653012290355,533.4191952832433,15708300
2024-08-23,524.479248046875,536.2700929585844,521.55884980876,533.3397517008707,11323900
2024-08-26,517.6451416015625,524.479270276633,511.5163004380435,524.081913244852,9584000
2024-08-27,515.638671875,520.5159664663109,511.8739650201228,515.5194768725571,6282700
2024-08-28,513.3341674804688,517.6154262040186,509.03302271484114,514.2181869302751,9106100
2024-08-29,514.7645263671875,523.6846897588916,512.2414846857666,515.5890089774397,8317400
2024-08-30,517.8338623046875,520.0489730917525,511.7646188064961,517.8735737554629,9157500
2024-09-03,508.3475036621094,521.9859301968734,505.22842718576123,516.174963281038,12459100
2024-09-04,509.321044921875,513.1454095358904,500.7088733741923,502.69553739347066,8335200
2024-09-05,513.41357421875,518.1517873635855,507.74165686241577,508.3078633902029,8640900
2024-09-06,496.93414306640625,521.0820696565472,494.9276235238455,518.4000613773472,14744500
2024-09-09,501.42401123046875,507.92037993887993,498.7320599932226,502.7848710640587,11047800
2024-09-10,501.42401123046875,510.7513818768451,496.6957417525211,504.7715348360927,9899000
2024-09-11,508.41705322265625,509.69845986206315,492.29529588084,503.6292165016286,10782500
2024-09-12,522.09521484375,523.1978593142228,511.7844250205015,513.6022393471186,11970500
2024-09-13,521.121826171875,524.0621107021185,513.6618931917054,516.8703967615143,10321400
2024-09-16,530.2294921875,531.0447481141917,514.4403261539426,521.5394368849483,9527600
2024-09-17,533.2520751953125,538.9989800805172,527.5349671432173,534.5247216049645,11690800
2024-09-18,534.8727416992188,541.0869894169668,530.8459213153205,533.9977707656788,10323500
2024-09-19,555.9016723632812,558.8547141847413,543.3936793129712,546.8537527288971,15647000
2024-09-20,558.1388549804688,561.2708601396214,553.1177549056164,556.7966017328396,22066800
2024-09-23,561.1812133789062,570.6964745858071,559.1926545649918,566.2421222621582,12830700
2024-09-24,560.1074829101562,564.5021812702805,551.0197537936696,563.4382949321094,12993000
2024-09-25,565.0589599609375,573.5799422527921,560.4951905177006,560.8233197330189,16543400
2024-09-26,564.5916748046875,574.0969840070431,559.1330295975274,572.4364936162849,14400800
2024-09-27,564.1144409179688,567.5745750797583,561.2807684246667,566.8387572234752,9398400
2024-09-30,569.1653442382812,571.3925205491627,561.5690344960939,564.4524692436476,12792300
2024-10-01,573.1723022460938,579.7047261626475,566.8387463764593,574.6736740742251,15259300
2024-10-02,569.5333251953125,572.7050797135277,566.0832039311861,571.5715863452846,6524700
2024-10-03,579.4364013671875,580.0229924072113,565.4766755117405,566.8885963825447,11581000
2024-10-04,592.5309448242188,593.4357124935896,578.1039391514795,580.3907699305325,14169500
2024-10-07,581.434814453125,599.5008565761534,580.698996622439,594.7978731184487,12014200
2024-10-08,589.4983520507812,590.1645022838451,582.6178946285061,586.3166457039373,7857400
2024-10-09,587.1320190429688,590.9898285010107,578.2829068901802,590.5920924118491,9529700
2024-10-10,580.490234375,586.8535869486327,579.1877306195246,584.2088301034865,7740400
2024-10-11,586.5751953125,587.8279971754954,579.3766215385939,581.4844891955055,8587100
2024-10-14,587.04248046875,596.6670986656153,586.585150741633,590.8207303998246,8252000
2024-10-15,582.9161987304688,587.2313373087973,576.8212612009235,586.7838994450725,9564200
2024-10-16,573.490478515625,578.7502561624128,570.7463179400054,578.074153352245,11268400
2024-10-17,573.629638671875,581.6236236428501,571.9095546343025,579.9930514580655,8701200
2024-10-18,573.1723022460938,580.6293988605148,571.9593103260983,577.7758214109436,7694300
2024-10-21,571.869873046875,573.9379917697427,565.8544931305977,572.7349521980965,8171900
2024-10-22,578.6806640625,580.1919884331684,568.8472245196812,571.0047942012734,8544500
2024-10-23,560.4653930664062,581.6534860008076,559.2821980776996,576.6522311713827,14248400
2024-10-24,564.5320434570312,565.6257266322763,558.3078440792799,563.885737507838,7184700
2024-10-25,569.9707641601562,577.9647500652169,568.4494872870167,570.6468669862153,11337900
2024-10-28,574.8526000976562,580.410649118249,570.8357328269512,578.67066002025,10925100
2024-10-29,589.8861694335938,590.2738923162734,572.1084471625843,576.8312747759295,13019100
2024-10-30,588.4146728515625,597.7609256472491,586.0085331392311,597.5421525719394,26864900
2024-10-31,564.3331909179688,586.5255172425846,559.7893261973286,581.6535232859577,26838400
2024-11-01,563.9155883789062,570.3883582518947,559.3419265164682,564.3630263338429,15303200
2024-11-04,557.47265625,565.4368452329544,554.6986381254013,560.87307535209,12064600
2024-11-05,569.1554565429688,570.1994379718212,563.4283964137084,564.0547974082218,9775400
2024-11-06,568.777587890625,569.7221655728422,551.9941447200907,559.5308004818795,18305400
2024-11-07,588.315185546875,591.39742768716,571.9195264894807,573.5899087480227,14653700
2024-11-08,585.9686889648438,589.7071287920577,581.1762546419226,588.156055247851,9415700
2024-11-11,579.8338623046875,583.6419691465638,573.2119886410802,583.0056158080686,10209100
2024-11-12,581.4745483398438,596.2296222338206,577.059944903041,585.1732389751623,16287700
2024-11-13,576.68212890625,582.2898800347385,571.8797417717248,579.2771839216865,10757600
2024-11-14,573.8583374023438,577.4377800631241,569.7321138322568,573.6992793820006,11053700
2024-11-15,550.910400390625,569.2946185704093,548.3451422976771,567.9523048385856,17712900
2024-11-18,551.2286376953125,556.6971755268692,546.943295022024,553.8534897330912,14327300
2024-11-19,557.88037109375,558.2183921757821,547.4503270456743,548.7031290595829,9522400
2024-11-20,562.2849731445312,563.1101814515828,551.0297217043255,559.7097624878369,9797300
2024-11-21,559.8688354492188,566.739279664007,545.9091133005595,566.2620449532839,11154700
2024-11-22,555.9415283203125,560.6047022245103,551.4175681293176,560.3262747981044,9164000
2024-11-25,561.8773803710938,569.3146337097819,553.2072906140769,558.884588798054,13599800
2024-11-26,570.2590942382812,574.1964632618979,561.9668364413141,562.7622479761632,10356600
2024-11-27,565.94384765625,571.6907510420818,560.872986295341,571.6012998800768,7200200
2024-11-29,571.03466796875,575.1510000832634,563.6571303183109,565.7450932068846,7130500
2024-12-02,589.4387817382812,591.0992116485587,572.2775064388576,574.196458750282,12522400
2024-12-03,610.1396484375,610.6864900333547,587.8677630350062,591.5963112149323,14907200
2024-12-04,610.268798828125,614.2459161646224,601.6384008042504,609.4534824918237,14697000
2024-12-05,605.4466552734375,616.353933785045,603.5774048146206,613.5500580968196,8081200
2024-12-06,620.2017822265625,626.1873039273537,605.0489714012239,606.6099369109293,16935500
2024-12-09,610.06005859375,622.8166811211822,602.7023662786942,620.3508267816162,11426000
2024-12-10,615.7772216796875,622.0113739130567,609.234845211511,614.0272799520044,10938900
2024-12-11,629.0608520507812,634.7481632992731,617.9746701821156,619.8041107841092,10837200
2024-12-12,627.1815795898438,633.0179957315453,623.6221024715439,627.8875399219128,7474700
2024-12-13,616.8013916015625,627.4700541179118,613.3612226564097,623.632088329768,8453300
2024-12-16,621.1697387695312,628.0457867533739,615.5376035416824,626.8814975325155,10885600
2024-12-17,616.3932495117188,629.2596452404018,613.5074890422593,623.0901281665253,12897800
2024-12-18,594.2527465820312,624.2743396016706,593.3870305020766,617.9456355913278,17075500
2024-12-19,592.6407470703125,608.512310503509,592.0735432784724,607.3878634532757,14958100
2024-12-20,582.3714599609375,600.143601343373,577.1472819775203,587.6752614717944,48989400
2024-12-23,596.899658203125,598.1336103729398,583.3665730831542,586.7000720639313,10205800
2024-12-24,604.7608032226562,604.9996130735921,596.3324917694366,599.7555139461255,4726100
2024-12-26,600.3824462890625,603.3179490935831,595.994163249834,602.5019749107529,6081400
2024-12-27,596.8599243164062,598.8898690255031,586.8991472446073,596.4618673609139,8084200
2024-12-30,588.3319702148438,594.0039468527602,582.6998357068834,585.8542270232425,7025900
2024-12-31,582.6301879882812,591.048538740922,580.9783186606066,589.3569487521584,6019500
2025-01-02,596.2926025390625,601.934697394125,584.9287893065956,586.8194076338101,12682300
2025-01-03,601.6561889648438,606.5022314682295,593.4765866809927,601.7855544308446,11436800
2025-01-06,627.1004028320312,627.8864953892827,602.641281410124,608.8207596792694,14560800
2025-01-07,614.8509521484375,628.9910220723464,605.2384303850833,628.5930258941997,12071500
2025-01-08,607.7161254882812,613.4080230721381,599.82513672869,610.382997271492,10085800
2025-01-10,612.8308715820312,626.8117543633127,594.4020036952091,607.0295902270824,19256600
2025-01-13,605.3380126953125,605.9748187670136,595.5066015316934,604.1140210154849,10785000
2025-01-14,591.3272705078125,602.5119785361296,585.6552929558646,602.0940612489228,13598000
2025-01-15,614.084716796875,619.3984789584875,603.5169556717734,607.2087300599234,15524300
2025-01-16,608.2933959960938,613.2190622741323,606.7112501958828,608.4924244716136,8355300
2025-01-17,609.756103515625,621.896049094774,600.7008255237737,620.9805911305821,17280600
2025-01-21,613.4280395507812,618.443229069153,606.0146693079478,614.7912965163201,11674000
2025-01-22,620.433349609375,630.5831936184607,616.3833603918935,620.2343211513619,12274000
2025-01-23,633.3196411132812,633.468866899262,618.0949061109532,624.2743234364817,9910200
2025-01-24,644.3053588867188,648.7931865048288,631.0807466276091,633.2699382382675,19065300
2025-01-27,656.6343994140625,660.6047649681485,622.0254349357211,623.5280177511174,28399200
2025-01-28,671.0133666992188,679.222789585596,656.2264085295512,662.7243202820943,20950100
2025-01-29,673.1627197265625,677.7002892439266,662.3959298804792,671.6800579089199,21377800
2025-01-30,683.6210327148438,707.294001197109,672.774619401076,693.3927409364592,29322900
2025-01-31,685.790283203125,701.8309926464267,682.2080139805101,687.6013388802664,19303900
2025-02-03,694.0296020507812,700.5374135449807,671.9288188867163,672.5855459885331,21415700
2025-02-04,700.7265014648438,704.2292080677055,688.2083581609453,699.0448111623289,13826300
2025-02-05,701.4031982421875,714.6079511816394,695.5720343457091,700.0896831751202,17778200
2025-02-06,708.4881591796875,715.364207246352,700.0399258686745,702.4082250040422,13080700
2025-02-07,711.005615234375,721.4440099000519,708.249220189881,713.2743693522815,16427100
2025-02-10,713.8715209960938,717.652818700605,707.8313687608933,715.0257888589608,12904300
2025-02-11,716.2597045898438,720.1007048878689,706.5476987131067,709.8115954275665,12998000
2025-02-12,721.8123168945312,723.5238281436095,709.0951445232752,711.7818770685368,12016500
2025-02-13,724.9766235351562,725.4144618537392,714.5083460221898,717.9712711727863,12569100
2025-02-14,733.0466918945312,737.2658278537506,722.0510531620941,722.5685149916063,16901200
2025-02-18,712.8464965820312,733.3750318437257,702.9653450286946,732.3799503893923,21938700
2025-02-19,700.30859375,703.5226878675882,691.9698051227019,700.6369269472729,17535500
2025-02-20,691.4224853515625,702.1593933249234,690.228375354197,693.8504867433877,12587400
2025-02-21,680.18798828125,700.4080528713276,679.0038387952945,693.1539301625503,15660400
2025-02-24,664.8438110351562,683.8896856241412,659.1917553729045,682.9045646514273,15677000
2025-02-25,654.2661743164062,664.71453147279,638.7030829851732,662.6944866031068,20579700
2025-02-26,670.386474609375,679.6506817176414,654.763681609393,656.4055905153153,14488700
2025-02-27,655.00244140625,685.2629040436697,654.3357538023921,679.0933865536915,12500000
2025-02-28,664.9135131835938,666.3364725318584,639.4393887052988,654.8034504822056,17534200
2025-03-03,651.828125,677.8992724698688,647.638870751695,670.3664982200642,10843800
2025-03-04,636.8521728515625,646.554217672348,620.5826142922276,642.3350817447994,21495200
2025-03-05,653.2412719726562,656.2563987573362,634.5237871228655,637.8473868134231,13770000
2025-03-06,624.841552734375,647.3602531536812,621.040333910999,644.812846805576,13446500
2025-03-07,622.5827026367188,631.6678021460568,597.6559216844704,622.294150848658,21375700
2025-03-10,595.048828125,607.109212093194,583.9835257431913,605.0792675215534,21999900
2025-03-11,602.7308349609375,611.9054572036264,590.4117211785095,592.1232321992892,17401500
2025-03-12,616.5127563476562,630.2150494744315,606.352951302888,626.801926859784,15747000
2025-03-13,587.7349853515625,617.4481060645986,583.6252936627146,617.1993356753703,16480300
2025-03-14,605.1494140625,606.4043419789234,592.381172955088,600.3687854957838,12364500
2025-03-17,602.4603271484375,610.62720608086,595.5881320780952,605.0099996635669,15473900
2025-03-18,580.01123046875,597.8290917063831,572.34227369431,597.6298861819188,20297700
2025-03-19,581.7044067382812,589.9311027976759,572.4518964146898,581.9235510596104,20537500
2025-03-20,583.6365966796875,607.7390075399582,577.1727812993547,580.4096736870833,24336500
2025-03-21,593.84521484375,595.1299901540924,578.6069346961235,581.0669435562578,25015900
2025-03-24,616.3540649414062,620.0291850741187,609.7309218178737,612.4897086743648,15741300
2025-03-25,623.7840576171875,631.3235347184631,618.6747423038911,624.2322549021957,15312500
2025-03-26,608.5158081054688,624.2222248223229,604.163437823038,622.3697410659778,12609800
2025-03-27,600.1497802734375,611.7726975303846,597.6797409070035,599.572102422941,10436500
2025-03-28,574.4139404296875,599.3230823357646,571.605306475786,597.8888875675808,17602800
2025-03-31,574.0355224609375,576.3661119756351,551.0685259953154,561.2274014987903,21124700
2025-04-01,583.6365966796875,587.5308004666896,567.7011264631773,568.5377653967017,12836600
2025-04-02,581.5748901367188,590.2696609066593,571.0475136953103,572.5912500878843,13470800
2025-04-03,529.4758911132812,550.3314393515183,528.1612075786397,544.016982785148,34777500
2025-04-04,502.69439697265625,515.9108671247398,492.2068664686997,504.5767586556749,38589800
2025-04-07,514.1678466796875,537.1945936136326,479.9563819403582,483.14348777248983,36606100
2025-04-08,508.39129638671875,545.2221314563009,500.8318811641039,541.0589972717423,28034200
2025-04-09,583.4075317382812,585.5189766353849,500.0849095170737,507.21603593950647,39216600
2025-04-10,544.086669921875,578.9554765876964,533.1410047447706,573.1689120321386,28173500
2025-04-11,541.377685546875,545.1922554454453,526.4581222037267,533.3501954996136,17642300
2025-04-14,529.3365478515625,555.5205604797574,526.1495019253548,553.926976727649,14130900
2025-04-15,519.4166259765625,535.7703838427552,515.4128199804695,529.9638803667925,15558700
2025-04-16,500.28411865234375,511.2995098605443,493.6310672206579,506.4591254364096,18735100
2025-04-17,499.45751953125,505.2540241094821,496.0015129816489,503.2123040095489,14593500
2025-04-21,482.705322265625,491.50966603004946,477.8649073178194,489.34840447960073,16166000
2025-04-22,498.2623291015625,504.8357168469179,484.3984562132767,489.8862436640875,17399400
2025-04-23,518.1716918945312,533.1809196011152,514.4368162114096,526.398387792126,18173900
2025-04-24,530.9996948242188,531.7466698835482,515.4127909372843,516.637810582109,13910000
2025-04-25,545.062744140625,547.6422639879924,534.0871710746434,544.5946081566364,17098900
2025-04-28,547.5228271484375,556.2375374162976,538.409766598872,553.3990561017924,15179000
2025-04-29,552.2039184570312,554.3253329246786,541.9255322333729,543.7979549633997,11835000
2025-04-30,546.7857666015625,546.8853389647652,527.3644142359332,536.2285429645594,29244000
2025-05-01,569.9022827148438,590.558627980007,568.1991573093333,589.6921415778174,31159000
2025-05-02,594.6121826171875,601.9026676753685,575.9975586829169,581.1068737819331,24739300
2025-05-05,596.8531494140625,600.7772617327329,585.6783683283057,588.8355666226496,13887700
2025-05-06,584.9413452148438,593.6262086030198,584.2143087960085,590.1403242884969,10600700
2025-05-07,594.4030151367188,600.6477471780503,584.3038959778277,587.9790163444538,13139100
2025-05-08,595.5982055664062,608.8345844494372,594.2137969163823,603.8447803031055,14622800
2025-05-09,590.1004028320312,604.5219836999701,589.3235802814015,601.2850913628599,10427300
2025-05-12,636.85107421875,637.8072242767122,618.5253206919152,628.3753866174048,21965100
2025-05-13,653.3842163085938,658.2544484118764,640.2374406337076,642.9364721174845,18570800
2025-05-14,656.70068359375,659.9973314154452,651.671063189936,658.5432587283299,12348200
2025-05-15,641.283203125,654.6590319374474,636.0045904601806,651.6412836963046,14341800
2025-05-16,637.7574462890625,637.8570186595293,623.6246741050281,635.3870402976211,18519000
2025-05-19,637.8471069335938,640.4067492915384,625.2680394833011,625.7162367689098,9592400
2025-05-20,634.530517578125,636.7714432087338,629.7100715967877,633.4449476478025,6743500
2025-05-21,632.9368896484375,644.0020660016361,627.6283696820823,629.2418310050065,11464600
2025-05-22,634.0026245117188,640.6556757699244,628.1662733645643,631.492768599171,8228400
2025-05-23,624.5309448242188,629.8992205141227,620.1387579436545,621.4832888202177,8454100
2025-05-27,639.7293701171875,640.4863145733809,630.1979610255678,632.8472058332585,9508400
2025-05-28,640.984375,648.2549209907568,639.958499945528,640.0082861312126,9042900
2025-05-29,642.4484252929688,650.6850908623647,636.9208212538034,649.0218431897822,8858800
2025-05-30,644.8785400390625,646.7907792932219,630.227907169861,639.9086753837215,16241000
2025-06-02,668.1942749023438,670.5447423988156,641.6616998186762,641.7911803899141,15766300
2025-06-03,664.1605224609375,672.8553550898889,662.3479161440031,668.7420068089284,11585000
2025-06-04,685.1754760742188,686.2212292149324,665.8736317013958,666.6206069146197,14031900
2025-06-05,681.8588256835938,691.5794719470881,679.4983890924821,688.8704104821669,13083100
2025-06-06,694.8960571289062,699.9754637799698,689.0795839414949,693.3622292653906,11728000
2025-06-09,691.2607421875,702.3458579741853,691.1412310298801,695.6430205968694,12773200
2025-06-10,699.567138671875,700.3937473880201,688.7708312874433,698.5213248498013,10850100
2025-06-11,691.3403930664062,706.0109642368116,689.199040180601,700.871802415462,9582500
2025-06-12,690.5635375976562,692.575410020333,684.2292032313352,690.5037820202001,7322700
2025-06-13,680.1159057617188,691.768730540237,678.2634219344503,685.1754345871889,9274400
2025-06-16,699.8262939453125,704.839891030923,691.2444358848513,697.0454302800655,13720300
2025-06-17,694.9522705078125,703.6637089538638,693.7861096962511,699.7067073456836,10066100
2025-06-18,693.4970703125,699.2980647722242,692.6299173050131,695.8991705300261,10068300
2025-06-20,680.120849609375,699.5272759324512,676.4528788689065,698.4607641474819,22538600
2025-06-23,696.248046875,696.7663067524254,676.5326356722177,681.4564999402276,11080100
2025-06-24,709.8734130859375,710.860169242287,699.8163481052391,702.5872956643889,13823200
2025-06-25,706.3648681640625,714.2390846812559,703.0756608117819,710.9897247556078,9320400
2025-06-26,723.718017578125,725.84100327131,708.7271116959034,712.0262960706955,13964800
2025-06-27,731.2334594726562,733.0275672546455,723.4888222247378,724.1467002741234,18775700
2025-06-30,735.6788330078125,745.4567832484664,731.851350759088,742.1176905331245,15402100
2025-07-01,716.8704223632812,735.3399177465482,713.0330238804761,734.4727647300622,13431200
2025-07-02,711.2388916015625,717.946886332231,710.4713875973353,712.9931517050737,9336700
2025-07-03,716.6610717773438,726.6483568484324,712.0860401073405,724.2362189587787,8601700
2025-07-07,716.0032348632812,724.6250009558648,711.1790804792781,715.2556849998467,9457100
2025-07-08,718.315673828125,720.5483463866185,712.4748320749653,719.2127580119818,7770700
2025-07-09,730.3861694335938,735.1206520424314,720.3589752323313,720.3589752323313,11418000
2025-07-10,724.8642578125,733.3962917497249,717.2492014044612,729.1601755610233,9913600
2025-07-11,715.166015625,722.7909877576628,707.3815321195434,720.1397043336653,10873900
2025-07-14,718.5648193359375,725.6217068153527,714.2091004956787,715.2556580979717,8939400
2025-07-15,708.0692749023438,722.1032338104419,707.5011297082585,721.5351494521201,11529500
2025-07-16,700.6136474609375,711.6375132851348,696.985585155631,711.0394977501286,13067600
2025-07-17,699.1185913085938,703.5939743779064,694.8326508122145,702.0888975460598,11803300
2025-07-18,701.9793090820312,702.4078970710398,689.3905635084973,699.896109861645,12779800
2025-07-21,710.6408081054688,714.6576719200774,703.4544009949688,704.4909815749821,9404400
2025-07-22,702.5075073242188,714.258969568067,699.1185901916039,713.8503357336546,8921100
2025-07-23,711.2489013671875,712.2954590710364,702.6271347622425,704.062433018762,8771600
2025-07-24,712.4649047851562,721.256099225235,711.6675303636672,714.7075545657141,10920800
2025-07-25,710.3517456054688,718.2957401275581,709.5743254141869,714.5778842585692,8271700
2025-07-28,715.28564453125,722.3724029167645,710.3518030699777,712.8635901780652,8715700
2025-07-29,697.7132568359375,722.1032896273051,697.6235240780348,717.6479213169642,13267000
2025-07-30,692.9389038085938,706.1854660197899,688.9419939778502,705.7768321791035,27077300
2025-07-31,770.913330078125,782.1863801577031,763.0092430876867,772.667590247117,38831100
2025-08-01,747.5598754882812,763.497629588928,742.8752172910131,758.2448261685668,19028700
2025-08-04,773.8338012695312,774.3122137700193,755.9324499017634,757.5172825632864,15801700
2025-08-05,760.9658813476562,780.5716045689521,760.5073622166124,773.9134347006891,11640300
2025-08-06,769.468017578125,771.1126516160077,757.9757159507556,767.4845283360178,9733900
2025-08-07,759.3412475585938,772.4682063669705,757.0686667309535,770.9631295472946,9019700
2025-08-08,766.786865234375,767.3849416766147,756.101914160301,760.2582747146965,7320800
2025-08-11,763.3681030273438,770.9333352985195,762.1720109386977,767.5643719861222,7612000
2025-08-12,787.419189453125,791.077183084039,769.9065806861354,770.4747258826147,14563100
2025-08-13,777.5316162109375,792.8613769942957,775.6876233736197,788.5654595317508,8811800
2025-08-14,779.5748901367188,785.2363270315518,769.986322264654,775.3387743217048,8116200
2025-08-15,782.664794921875,793.6488143059948,778.269228256533,781.5883668624648,13375400
2025-08-18,764.8631591796875,773.2755899130946,754.0884756033142,772.5579712024165,16513700
2025-08-19,749.0250854492188,764.663832621222,746.9120158198551,764.6140081257292,12286700
2025-08-20,745.27734375,747.7492835360712,728.611993296026,745.1278702665168,11898200
2025-08-21,736.6854858398438,743.0646026719377,730.7150636889187,742.2772053426181,8876300
2025-08-22,752.32421875,754.4273720053774,731.9908982789533,736.81505282597,10612700
2025-08-25,750.8390502929688,756.40083816002,747.679423323267,752.3541041091971,6861200
2025-08-26,751.636474609375,752.4039786334924,745.4966249237331,748.3472672479323,7601800
2025-08-27,744.9384155273438,751.6863183207686,740.4132689939565,749.8423255190061,8315400
2025-08-28,748.6563110351562,750.5899760103364,738.3799934657852,741.5695520935569,7468000
2025-08-29,736.286865234375,744.69929631257,732.9477723395529,742.845387064901,9070500
2025-09-02,732.70849609375,733.5956032036421,719.3722015925617,723.6681190637612,9350900
2025-09-03,734.6422119140625,737.8317704037993,731.5922106765231,733.5956541941185,7699300
2025-09-04,746.204345703125,758.6734271200463,743.3835736708148,746.1245900119145,11439100
2025-09-05,749.9918823242188,755.4739147328357,742.596139272426,750.1613099282893,9663400
2025-09-08,749.8423461914062,764.0059463353695,749.5632925404257,753.5302710608411,13087800
2025-09-09,763.1985473632812,763.7965628893893,750.9686127504068,755.0153467057662,10999000
2025-09-10,749.5233764648438,763.1985869501963,748.5465974429485,762.6304417530438,12478300
2025-09-11,748.4469604492188,754.6266574243845,745.9251963321232,752.1847098305358,7923300
2025-09-12,753.1216430664062,755.095155276553,741.330272625368,746.2840072815898,8248600
2025-09-15,762.2018432617188,771.5412279036273,749.5333431691193,754.9954213012545,10533800
2025-09-16,776.4551391601562,778.8074148399552,762.6005237676653,764.494341124313,11782500
2025-09-17,773.1858520507812,780.7311297077449,763.8066193659058,777.4419223006557,9400900
2025-09-18,777.7011108398438,786.203274581819,770.8336042127465,778.1994774600552,10955000
2025-09-19,775.837158203125,788.2165669565625,766.6771780735046,783.8508708699721,23696800
2025-09-22,763.175048828125,783.6916948825968,762.4868363426395,779.8217552362186,11706900
2025-09-23,753.4404907226562,768.6010126974617,749.1217058463387,767.2545389947088,10872600
2025-09-24,758.6867065429688,759.1355513505183,750.5778529948334,755.5349308449814,8828200
2025-09-25,746.9672241210938,754.8068807440363,742.6185490172081,751.4954858581857,10591100
2025-09-26,741.8206787109375,749.9794521140951,735.4372562509625,748.0544659269957,9696300
2025-09-29,741.4716186523438,748.832479543402,737.2326433015477,746.7777648139662,9246800
2025-09-30,732.4749755859375,741.0426584785586,724.4159185837501,740.3245554260684,16226800
2025-10-01,715.4791870117188,719.9774365591268,708.3576941566364,719.618385039583,20419600
2025-10-02,725.1640014648438,725.8821654223162,716.2771410193245,720.7056259804448,11415300
2025-10-03,708.7167358398438,729.1037149276121,708.3377167266436,727.7372737109582,16154300
2025-10-06,713.8035278320312,715.0203947681905,688.718804278428,703.3607165744016,21654700
2025-10-07,711.230224609375,716.636147605649,703.9192222306009,715.8581417735932,12062900
2025-10-08,715.9779663085938,717.783268775081,705.9739546774089,711.5993392573523,10790600
2025-10-09,731.6072387695312,731.6072387695312,710.5918883665408,716.4167658258609,12717200
2025-10-10,703.4703979492188,733.3626856542741,702.6824691715568,729.0239332852144,16980100
2025-10-13,713.8433837890625,718.072374881022,705.8042950194317,711.1603595995662,9251800
2025-10-14,706.8117065429688,713.6937706407739,697.5158763660478,705.9439682909708,8829800
2025-10-15,715.6885986328125,722.0221626881838,707.6694770310874,715.1998794771447,10246800
2025-10-16,710.2228393554688,723.6080097298942,702.0540824517458,715.6886043056783,9017000
2025-10-17,715.0602416992188,716.6760344343375,704.2882698394852,705.2458014471516,12232400
2025-10-20,730.2706298828125,731.866515781436,718.3117433877071,719.3191330444083,8900200
2025-10-21,731.367919921875,736.5843338414116,726.859625303898,734.1107864324557,7647300
2025-10-22,731.5075073242188,738.6788588958609,722.1518950553793,731.9264616753367,8734500
2025-10-23,732.095947265625,740.4841042897723,731.1982575844598,732.7941435868839,9856000
2025-10-24,736.444580078125,739.2872233202683,729.2533227506186,734.8786455644157,9151300
2025-10-27,748.872314453125,753.7895182960361,746.069606274355,747.7851152228061,11321100
2025-10-28,749.4906616210938,756.4326283200122,743.5860359773924,750.677577029167,12193800
2025-10-29,749.7200317382812,757.1905917498632,740.5838210171188,752.7920587752158,26818600
2025-10-30,664.7410888671875,679.1935516668058,648.4833846789722,667.414190282622,88440100
2025-10-31,646.6681518554688,673.139345897249,643.8953948481166,672.7603267493847,56953200
2025-11-03,636.0557250976562,657.619635334369,634.5296648817072,654.298256711345,33003600
2025-11-04,625.6926879882812,640.0752642850032,624.3860886703497,626.410791028598,27356600
2025-11-05,634.30029296875,640.5639703518489,624.9146693781357,630.6697208898194,20219900
2025-11-06,617.3344116210938,634.3501538797125,616.3968476378337,634.2005186436334,23628800
2025-11-07,620.0972900390625,620.516183502649,599.6404837711106,614.8907991985972,29946800
2025-11-10,630.1212158203125,633.3528014765299,616.5065997528014,629.4529708548182,19245000
2025-11-11,625.4533081054688,627.9268552540688,617.7832543081277,626.3709044869131,13302200
2025-11-12,607.43017578125,627.3583261459861,606.1934022078184,626.5005716840028,24493300
2025-11-13,608.3079223632812,616.0478021853295,601.4357808374693,611.4796659420805,20973800
2025-11-14,607.8790283203125,612.088052043071,593.6560102918138,600.2288811530552,20724100
2025-11-17,600.4483642578125,610.1032465254069,593.855525554584,607.4600964135232,16501300
2025-11-18,596.1395874023438,602.0940719298206,582.2656968950795,590.065358149623,25500600
2025-11-19,588.7886962890625,593.7857099116716,579.7422168855177,592.1798400423816,24744700
2025-11-20,587.6217041015625,605.1460720070379,581.8367012414765,601.9344542639864,20603000
2025-11-21,592.70849609375,596.5684523172222,580.3506215479276,586.9734117815261,21052600
2025-11-24,611.4596557617188,615.1002115339802,596.0796743085915,597.1668126146857,23554900
2025-11-25,634.5695190429688,635.3973829418613,616.6960233021972,622.3812488080194,25213000
2025-11-26,631.9663696289062,636.7040478933542,629.9915253276793,636.0358029520913,15209500
2025-11-28,646.2691650390625,646.3688812783262,633.8514494094911,634.4299618769652,11033200
2025-12-01,639.2074584960938,643.6459265392308,636.1055410281542,637.8908755177382,13029900
2025-12-02,645.4213256835938,646.1893476978298,636.4147821721649,640.6737247939117,11640900
2025-12-03,637.9407958984375,647.1668005690203,635.8961259576193,642.7383158920676,11134300
2025-12-04,659.81396484375,674.3461154685141,658.3377626918029,674.2463992276428,29874600
2025-12-05,671.673095703125,672.9398207362489,660.6717397649775,662.2775487290173,21207900
2025-12-08,665.0702514648438,674.9545781663558,663.344758713728,667.603701448277,13161000
2025-12-09,655.2557983398438,662.7562492699393,651.6451938720459,662.0481300460407,12997100
2025-12-10,648.4435424804688,652.812185461044,641.7310198416047,648.2640167126568,16910900
2025-12-11,651.016845703125,653.5801862453618,639.1377070000864,641.6212380225077,13056700
2025-12-12,642.5587158203125,709.1555202318053,636.9533001226623,648.1142734035774,14016900
2025-12-15,646.3570556640625,651.8372704406642,637.5627451568915,644.5502809809109,15549100
2025-12-16,655.9798583984375,661.3602142938313,642.054686531657,642.3541401459643,14309100
2025-12-17,648.343505859375,660.0526000253047,648.0440522221027,654.4426118233187,15598500
2025-12-18,663.2669067382812,669.366012780715,655.2911433094866,655.8601356908653,20260300
2025-12-19,657.5969848632812,669.8051880946751,657.0080086354003,665.2333263832898,49977100
2025-12-22,660.3220825195312,672.380589007267,655.4807431709672,660.4718397886508,15659400
2025-12-23,663.7559814453125,664.8140915262984,657.0778915122911,658.8746741689592,8486800
2025-12-24,666.3613891601562,666.9902722948509,661.0209394131572,661.3503688947783,5627500
2025-12-26,662.10888671875,667.7588423243637,660.1424238558649,666.8704124858896,7133800
2025-12-29,657.5171508789062,659.0743707339258,653.2248195668056,656.8383689858442,8506500
2025-12-30,664.7642211914062,671.0230153954109,656.6686764849229,657.5171386037911,9187500
2025-12-31,658.9146728515625,663.8159033150052,658.2658058687088,663.5663484641349,7940400
