Price,Close,High,Low,Open,Volume
Ticker,MS,MS,MS,MS,MS
Date,,,,,
2021-01-04,57.30785369873047,58.649760270017154,56.79625081862816,58.104608925793265,14014600
2021-01-05,58.280731201171875,58.7755630285146,57.098178282714855,57.16527520823845,11120400
2021-01-06,61.794857025146484,62.80128535766685,59.17813440239213,59.89102806986895,18334300
2021-01-07,62.851600646972656,64.16834725252707,62.73418424128354,62.73418424128354,13530400
2021-01-08,63.111610412597656,63.18708966595996,61.93743963680614,62.45743128859385,12896700
2021-01-11,63.79095458984375,64.15998136686335,61.78647986688089,62.26453437405788,9077500
2021-01-12,63.572879791259766,64.72188416320027,63.338040569045404,64.21028134112657,11831100
2021-01-13,63.37158966064453,64.1012542826858,62.91031272380754,63.58126274067442,9852200
2021-01-14,64.13481140136719,64.44512350652539,63.505792076361566,63.614819789158304,9854300
2021-01-15,63.10322189331055,63.379991953936376,62.189050139912226,62.96064570403638,12882600
2021-01-19,62.893531799316406,64.24382687157413,62.641927956490186,64.17672995400143,14897700
2021-01-20,62.767738342285156,65.21672509905437,62.3148500612977,64.16835956234826,16133000
2021-01-21,62.65032196044922,63.648367999721195,61.84517799550875,62.90193224893112,13591300
2021-01-22,62.172264099121094,62.65031850187363,60.72971857410149,60.84713499592036,15460000
2021-01-25,60.704551696777344,62.08000667756481,60.31875397277257,61.6606604907707,15933100
2021-01-26,59.72328186035156,61.4929232421476,59.664573651422,61.006480140322694,10899700
2021-01-27,57.3833122253418,58.92650902417649,56.905257981965725,58.4820032328091,17002600
2021-01-28,58.437076568603516,59.6594306231578,57.87226504996751,58.53823943244266,14986200
2021-01-29,56.523475646972656,59.06091551962009,56.35487082432103,58.17576431926041,17566100
2021-02-01,57.0461311340332,57.42548713878274,56.70892794035005,57.22316136360327,11961600
2021-02-02,59.81117248535156,60.165239297612004,58.18417338577641,58.26847898921885,13893900
2021-02-03,59.51612854003906,60.13152478033566,59.2716564134344,59.7437434031192,8014300
2021-02-04,60.94080352783203,60.966092636865824,59.65943292945912,59.79431675312562,8889400
2021-02-05,61.72480392456055,62.146306266103174,61.1599923304811,61.6236410472088,8832200
2021-02-08,62.576229095458984,62.626807309145406,61.87653379193079,62.07885307829063,9018100
2021-02-09,62.58466720581055,62.95559133239371,61.851257232122606,62.29804869462571,7429900
2021-02-10,62.6605339050293,63.10732531713285,62.002991341434296,62.8881423187296,7465900
2021-02-11,62.14632034301758,63.03147160178567,61.35389370330605,62.660553830709084,6972900
2021-02-12,62.896583557128906,63.242212152743235,62.28118727297463,62.28118727297463,7281200
2021-02-16,64.11051940917969,64.42242707768573,63.46140209328476,64.27911780125774,8550600
2021-02-17,63.60470199584961,63.98405796954152,62.98088031915804,63.22535245377315,7807200
2021-02-18,63.082061767578125,63.68902635886158,62.525675415029184,63.3518230935244,7155800
2021-02-19,64.06835174560547,64.37183392629805,63.58783936477802,63.6046966274321,7685300
2021-02-22,65.24857330322266,65.74594305183459,63.71430481280311,63.81546127333909,11193700
2021-02-23,65.3328628540039,65.6363450540485,64.28753884919213,65.13054353117927,12174600
2021-02-24,67.33920288085938,67.52466491571604,65.45930628742556,65.48459539552158,12681500
2021-02-25,66.11686706542969,68.62059236352118,65.84710578529013,67.86188675324857,11674600
2021-02-26,64.80176544189453,66.47091093594285,64.346542189441,65.78807927306987,30392200
2021-03-01,66.73226928710938,67.05260882564312,65.78810150755444,65.7965333571944,11450000
2021-03-02,68.10633850097656,68.74702376109555,67.10316102637617,67.28019121043253,11955500
2021-03-03,69.17696380615234,69.91881206034087,68.41826471944566,68.41826471944566,13053000
2021-03-04,68.37611389160156,70.3740374090996,67.28020517433448,69.24440773097339,15809900
2021-03-05,68.17378997802734,69.59846349682368,66.07470371897222,69.47201794161633,16362500
2021-03-08,68.36767578125,69.93566494369148,68.1063463980481,69.06737118385223,10151900
2021-03-09,68.15692138671875,69.40457103859711,66.9598563849047,67.60896710426127,11588700
2021-03-10,70.0452651977539,70.32345832316905,68.63744873633718,68.90721001296563,10775800
2021-03-11,70.18013763427734,70.65221818367036,69.53945229466174,69.59003694753606,8951500
2021-03-12,71.09901428222656,71.72284239951284,70.63536554986115,71.27605093146695,8691300
2021-03-15,70.69438171386719,71.72284857959632,69.94410797049747,71.57110746118356,9018400
2021-03-16,69.58161163330078,70.55949378194697,68.99150445953786,70.39932725571599,9472000
2021-03-17,70.69438171386719,70.93042202437235,69.50574188103124,70.47519866913407,8049300
2021-03-18,70.76181030273438,73.03792021829986,70.58478010322283,71.42778472848633,10227400
2021-03-19,69.9188003540039,70.48361186633934,68.62057255814861,69.6406073052604,11557600
2021-03-22,69.05894470214844,69.60689905316549,68.6964524174709,69.52259986799723,7169900
2021-03-23,66.69853973388672,69.05894923148708,66.47092484422681,68.40140653978686,10235500
2021-03-24,66.87556457519531,68.65430501152831,66.84184361531038,67.52467536603754,8459000
2021-03-25,67.54997253417969,67.76072373488343,66.01570405032113,66.84185158699093,11363800
2021-03-26,67.42352294921875,68.9072066831713,66.63952827196216,68.81447564584728,11107400
2021-03-29,65.6532211303711,66.47093693526935,64.06837418948702,64.9113791130329,21931700
2021-03-30,66.67324829101562,67.47410673096007,66.17587853316516,66.31918780933057,12063000
2021-03-31,65.46774291992188,66.59736604155279,65.45931107273532,66.31917296893087,12085500
2021-04-01,65.93983459472656,65.99041282315942,65.33287012706813,65.65320962650296,13195600
2021-04-05,65.75435638427734,66.85869031158897,65.61104715112985,66.7659592944666,10458800
2021-04-06,66.67324829101562,66.69011198916238,65.34130556016,65.58577773035672,9445000
2021-04-07,66.63108825683594,67.20433167566213,66.13371216927648,66.63108825683594,8329300
2021-04-08,67.60897064208984,67.85344276341326,65.88924680866847,66.17586530370033,9352700
2021-04-09,68.0473403930664,68.05577224091626,66.90928533472386,67.84502106597817,10693500
2021-04-12,67.59210968017578,68.34238326625014,67.0357235521037,68.24122039797847,8939700
2021-04-13,67.04415893554688,67.46566126149058,66.56364654123566,67.35607297212664,7085200
2021-04-14,68.10633850097656,69.16852603692908,66.85026351984463,67.11159287274485,10585500
2021-04-15,68.13163757324219,68.62901367591027,67.31392200946968,68.57842902191412,9930800
2021-04-16,66.25171661376953,68.85660370774308,65.55202780855515,68.28336042469101,29086400
2021-04-19,67.46566772460938,67.75229267814922,65.84710018151662,66.0072731388364,15151000
2021-04-20,65.15584564208984,67.12847390433156,64.57417023734938,66.8587126095391,13052800
2021-04-21,66.8081283569336,66.8839956994377,64.27911403427365,64.68375915581028,11075900
2021-04-22,65.99884033203125,67.01887527192325,65.88082018570428,66.5299309905026,9871700
2021-04-23,68.2412338256836,68.53629064163009,65.99884447315594,65.99884447315594,12002000
2021-04-26,68.72174835205078,69.48045395711502,68.60372819477593,68.96622051543905,8033500
2021-04-27,69.0926742553711,69.1685480335896,68.45198879150429,68.62902546347536,7057400
2021-04-28,69.74177551269531,69.92723112778916,69.18538937256915,69.46358244263223,7228200
2021-04-29,70.8084716796875,70.93546090583067,69.53012466534288,70.43597167205164,9974800
2021-04-30,69.88570404052734,70.50370844367264,69.61479667361273,70.17354029208738,9298600
2021-05-03,69.80949401855469,70.6814767304243,69.67404359152573,70.35977631465818,6759000
2021-05-04,69.9618911743164,70.12274463785339,68.36184358725566,69.49626612667825,8802700
2021-05-05,71.54499816894531,71.82436669286844,69.62324396930732,70.19046160513385,9424400
2021-05-06,73.50909423828125,73.57682269635126,71.45188915172864,71.90057888329528,11887900
2021-05-07,74.24561309814453,74.53345578782884,72.24766898953806,72.36619700924851,9947600
2021-05-10,73.20431518554688,75.24458472046317,73.1704509599584,74.5588519143831,9344500
2021-05-11,71.8921127319336,72.75563444323801,70.97779790547294,72.01063430659241,10397800
2021-05-12,70.84233856201172,72.96727188512038,70.57143121691368,72.29846796401637,12602200
2021-05-13,71.84130859375,72.5101124961014,70.61376113358706,70.8508042465338,8639700
2021-05-14,73.94930267333984,74.1440203396808,72.47624450589203,72.47624450589203,7755900
2021-05-17,74.57576751708984,74.60117052596283,73.06038406024693,73.47520944668673,7157900
2021-05-18,73.6275863647461,74.98212268972398,73.54292905548598,74.69428654645185,6631700
2021-05-19,72.8487548828125,72.89108032313601,71.38415771806989,72.22227636019096,10165600
2021-05-20,73.20431518554688,73.6784014259044,72.23073969143502,72.95880439423584,7722100
2021-05-21,74.78742980957031,75.1599298442867,73.42443182396161,73.60221416991058,9326800
2021-05-24,75.93032836914062,76.3620827377037,74.77050279680265,75.10067094167606,7788800
2021-05-25,75.22765350341797,77.33565142411666,75.12606082980415,76.42980440928305,10599600
2021-05-26,75.64248657226562,76.06577973322844,74.45726442978156,75.05834640221687,8665200
2021-05-27,76.44674682617188,76.97162620773656,74.99907854368986,76.27742568781149,21840900
2021-05-28,76.99703216552734,77.2764072337295,76.10812030162293,76.65840276534001,9484800
2021-06-01,77.97904968261719,78.99495046457257,77.77587081801404,78.21609276781079,9576400
2021-06-02,78.52935791015625,78.85952609632625,77.5134503336055,78.31771130574256,6878400
2021-06-03,79.0288314819336,79.51138542476525,78.02139815574108,78.16531627963415,7926800
2021-06-04,79.54524993896484,79.723032291286,78.42775625370255,79.46059259866064,6406800
2021-06-07,78.91031646728516,79.8076959718958,78.5124198314094,79.77383820023714,6773800
2021-06-08,78.55474090576172,78.8933767061421,77.62349729892114,78.18224087944922,7036300
2021-06-09,78.45316314697266,78.91878826840865,77.70816941161696,78.20765230648294,7811700
2021-06-10,77.61503601074219,79.56218717885712,77.4880467677884,79.15582289319322,6584900
2021-06-11,77.92826080322266,78.36001510652859,77.6234892603361,77.64888581241998,6509400
2021-06-14,76.80233001708984,77.79283469391542,76.0996616563568,77.708177333826,10163100
2021-06-15,76.7853775024414,77.20867066719343,76.10811231420283,77.11554565423269,7459000
2021-06-16,77.12401580810547,77.58117321582324,75.72714702768027,76.61606528584393,11370300
2021-06-17,74.42340850830078,77.67429696490531,73.70380494964732,77.66582929297235,11131600
2021-06-18,71.1894302368164,73.56834184351422,71.03705092187174,73.13658107435069,22453900
2021-06-21,72.755615234375,73.18736951709448,71.29948603422223,71.59578989263943,10672700
2021-06-22,72.55245208740234,72.99268063356847,71.94291530330885,72.6879090120509,9664100
2021-06-23,72.69635772705078,73.07731892513107,72.44237928903728,72.84027582775312,7139000
2021-06-24,73.72075653076172,73.98319628801572,72.67098458386042,73.19587055731107,7953500
2021-06-25,74.83824157714844,75.02449162486397,73.41597611879749,74.1017090590757,11139000
2021-06-28,74.24561309814453,74.6689062320198,73.17045138003526,74.55038467124997,6174600
2021-06-29,76.73457336425781,77.57269190154189,76.00650870877784,77.11553457422143,15413700
2021-06-30,77.62349700927734,77.80974702173862,76.30281803861587,76.33668226442161,9780300
2021-07-01,77.90287017822266,78.08065898895701,77.08168687487469,77.81821283816979,6792200
2021-07-02,77.91133117675781,77.95366307262901,77.31872338820392,77.80127729000937,4818000
2021-07-06,76.37055969238281,77.79282512738747,75.9049410396789,77.6743035460489,6701200
2021-07-07,76.21815490722656,76.58218723327808,74.98213982454797,75.88798680440544,6771600
2021-07-08,74.19482421875,75.04141053476398,73.61067759383923,74.5842531490435,8778800
2021-07-09,76.47213745117188,76.71764823854737,75.01600806891193,75.65094775590153,7306500
2021-07-12,78.52088165283203,79.17275028122334,75.98959034929275,76.39594816833275,11951100
2021-07-13,78.91031646728516,79.18122385314544,77.66583344322832,78.2838443485348,12280100
2021-07-14,78.27537536621094,79.43520102382828,77.41186010665145,78.83412547335172,12572000
2021-07-15,78.41930389404297,79.62992282770612,77.29334877615642,77.34414189846854,12465900
2021-07-16,77.25099182128906,79.08808235061954,77.12400259774,78.8595069153834,12595400
2021-07-19,75.64248657226562,75.93032928036969,74.14403162439135,75.77794348406543,14043000
2021-07-20,78.15685272216797,79.24048223266145,75.3461862572225,75.46470783124889,11522300
2021-07-21,81.00138092041016,81.3146201900788,78.88491507953295,78.93570819285283,14116900
2021-07-22,80.90824890136719,81.46699893527193,80.29023808740655,80.78125967012151,9235300
2021-07-23,80.04474639892578,82.2627986247612,79.73997477937041,81.50933724834421,13222800
2021-07-26,81.72945404052734,81.83104673649277,79.87542770754472,79.89236305300987,11420600
2021-07-27,81.67864990234375,82.1612038399276,80.86592136215323,81.17069294998943,8972900
2021-07-28,81.33154296875,82.02574345408165,80.89132094883216,81.70404299563941,10054000
2021-07-29,82.10759735107422,82.59369317602479,81.46799723896301,82.00526549719966,9016200
2021-07-30,81.85173797607422,82.90067821863512,81.46797411393122,81.81762519901616,8320800
2021-08-02,82.06494903564453,83.91552352311916,81.85174902999958,82.48281922493123,9409600
2021-08-03,82.3804931640625,82.74719748870665,80.87103976180795,82.50841448779396,7044800
2021-08-04,82.11612701416016,83.1821271989327,81.49358004345953,81.67266729373947,7137500
2021-08-05,83.42943572998047,83.5147144391048,82.58515894250891,82.58515894250891,5675000
2021-08-06,85.04974365234375,85.2629436442959,83.82170961666822,84.11165848267638,9317900
2021-08-09,85.91108703613281,86.124287077968,84.40163360273316,84.91331240186784,8297700
2021-08-10,87.01972198486328,87.77871354463423,85.78315795026295,85.91107926506275,8490500
2021-08-11,88.58885192871094,88.6314945265669,86.8576691598485,87.22437337983021,8793200
2021-08-12,89.26258087158203,89.30522347719433,88.2733361835885,88.29038932202454,6302100
2021-08-13,88.64004516601562,89.34786430970057,87.57404503271776,89.11761114370155,8312200
2021-08-16,88.45243072509766,88.5377094370212,87.14764756425608,88.01750083603424,6540300
2021-08-17,87.7275390625,88.56327942580647,86.64447941005373,87.67636663776348,6492900
2021-08-18,86.35454559326172,87.88958196980666,86.23515409196429,87.3096776036411,7839800
2021-08-19,85.04974365234375,85.91959675671566,84.17988404162443,84.89623939788432,10644700
2021-08-20,85.84285736083984,86.14985939730838,84.86213598830594,85.10091896464154,6496900
2021-08-23,87.12206268310547,87.73607329924532,86.74682855128512,86.97708171904401,5430700
2021-08-24,87.91517639160156,88.21366169009607,87.43761032416985,87.5740614899216,5339700
2021-08-25,88.76795196533203,89.51842015550453,87.87251583798698,88.06865620125633,5612100
2021-08-26,88.55476379394531,90.09833647827553,88.40978933104789,89.23700651140771,6882800
2021-08-27,89.92778015136719,89.94483979923838,88.41832663223185,88.59741389678355,5900600
2021-08-30,88.76795196533203,90.23476905738057,88.58886473986303,90.08126479178601,6459700
2021-08-31,89.05792236328125,89.29670537080365,88.15395626156105,88.92147121249761,7215100
2021-09-01,88.95557403564453,89.61223373912296,88.32450379983332,89.15172091633697,5762400
2021-09-02,89.39903259277344,89.97893689863692,88.99821552023347,89.55253686510048,5708400
2021-09-03,88.90441131591797,89.82543699467126,88.49506440102257,89.32228154732793,7195400
2021-09-07,88.84471893310547,89.85955318273827,88.75091039710503,88.75944022029108,6792100
2021-09-08,88.32451629638672,89.17731649486737,87.8981161971464,88.56329931094542,5601000
2021-09-09,88.55476379394531,89.7401619794647,88.09425744195924,88.13689354533268,6145700
2021-09-10,88.36714172363281,89.36491620028897,88.01749058720662,89.05790766803356,5958600
2021-09-13,89.03234100341797,89.1346728620007,88.0260365204769,88.55476847341856,6112200
2021-09-14,86.90886688232422,89.88513760023721,86.69566684366443,88.98969483532656,8400600
2021-09-15,87.87252807617188,88.12836421689505,86.82358103079538,87.12206628782893,6691900
2021-09-16,87.38643646240234,88.8361941820678,86.77241928492315,88.27334944027794,5881600
2021-09-17,86.77239990234375,88.59739137978204,86.48245102571694,87.09646155969388,17485600
2021-09-20,84.11166381835938,84.64040217422667,82.61074046437426,84.21400216327338,15443800
2021-09-21,83.83024597167969,85.04975028094552,83.53176075460543,84.79390766812412,8985600
2021-09-22,85.96224212646484,86.83209525885448,84.79390379065016,84.79390379065016,9497700
2021-09-23,88.30745697021484,88.68268460694819,86.64449279584099,86.78094394108854,6087900
2021-09-24,87.76165771484375,88.80206832765718,87.67637250335983,88.1709981020347,5529300
2021-09-27,89.62928771972656,90.19213889942321,88.54623447351254,88.56328761243593,8195200
2021-09-28,87.01972198486328,90.35416695424772,86.74682621625291,88.92146254245625,14183500
2021-09-29,84.89625549316406,86.65302167787974,84.52102135415737,86.20103865026637,11543000
2021-09-30,82.9859848022461,85.60408113776576,82.08201867857095,85.4761663137356,12258400
2021-10-01,84.46986389160156,85.20327259695144,82.77278677931443,83.51472530859144,7912700
2021-10-04,82.84953308105469,85.71494200897459,82.69602879897509,84.4698546127062,9482100
2021-10-05,84.59776306152344,85.04975255711746,83.12242260629986,83.76202264912291,8850300
2021-10-06,84.51249694824219,84.81950553504501,82.90923494432117,83.76203512847366,6912700
2021-10-07,84.25665283203125,86.06458488746746,84.16284430013427,85.75757632968613,7959600
2021-10-08,85.31413269042969,85.86845412106062,83.90701106078168,84.44427284387673,5301100
2021-10-11,82.96893310546875,85.85992529316059,82.90070752723224,85.34824646908534,7003900
2021-10-12,83.38678741455078,84.18842153941536,82.45723848792952,82.96891721400027,7913300
2021-10-13,84.06050872802734,84.58071732891315,82.44871699949545,83.67675127127161,10170900
2021-10-14,86.14134216308594,86.62743797247407,83.41237786830374,86.3204294079817,14766800
2021-10-15,87.10501098632812,88.02603675411177,86.85769815018163,87.3779067871882,11678100
2021-10-18,86.48245239257812,88.64003538323504,85.74904386130414,86.78093109569015,8924300
2021-10-19,86.77239990234375,87.36935729913286,86.3886425053147,86.60184250507476,6189500
2021-10-20,85.84285736083984,86.91738075435005,85.22031045280934,86.20103182534324,7426900
2021-10-21,85.51878356933594,86.77240061929868,84.91329634577626,85.5870091313463,5931400
2021-10-22,86.81505584716797,87.19028348009682,85.76610882434615,85.91108328494022,6761500
2021-10-25,86.90886688232422,87.6166860658496,86.69566684366443,87.24145842212559,3836000
2021-10-26,88.23922729492188,88.67415716724058,86.72124415953913,87.08794846240617,7649500
2021-10-27,86.874755859375,88.55476673279387,86.84064307173492,87.81283474725608,7542400
2021-10-28,88.0168228149414,88.12845154880011,86.55703422782557,87.49301485749439,6663000
2021-10-29,88.25724792480469,88.71235820131571,87.52735371428518,87.68192008662531,8056900
2021-11-01,89.30487060546875,89.58824340183324,88.17997481254861,89.2104130066806,5432400
2021-11-02,89.87161254882812,90.45552269745711,88.7638879318656,89.24475819608524,7191700
2021-11-03,88.11128997802734,89.93173804007968,87.48443550882251,89.63977636015626,9009000
2021-11-04,85.68974304199219,87.85366590831059,84.29864555919484,87.78497483182778,14823800
2021-11-05,85.7584457397461,87.57030483534282,85.63822815958612,87.01214804096197,8449600
2021-11-08,85.93018341064453,87.41573858417995,85.84431464629742,86.265076177555,7332000
2021-11-09,85.62104034423828,86.1362594198666,84.39309816245166,85.40636518344597,8756900
2021-11-10,83.95515441894531,85.54375576321733,83.91222331994904,84.78809504558767,9191500
2021-11-11,84.9083251953125,85.27756676853359,83.69756058168673,84.18701973210848,6249600
2021-11-12,85.74127197265625,85.77562079018051,84.19561449226694,85.19170399500221,7270300
2021-11-15,86.0503921508789,86.55702894580259,85.83571698638174,85.89582577038631,5652200
2021-11-16,86.46257781982422,87.2096432553074,85.44931070551415,85.87007222503418,6448500
2021-11-17,83.87787628173828,86.41104047382575,83.5945035066413,86.30800059296558,9670700
2021-11-18,83.87787628173828,84.3759242104483,82.8560204541032,84.09255143535131,6850200
2021-11-19,83.21669006347656,84.04962426016617,81.53363088416924,82.62418446921667,9923400
2021-11-22,85.28614044189453,86.32516734654601,83.99808958551189,84.40167990206359,10430400
2021-11-23,87.46724700927734,87.69909329760699,86.02462968365425,86.13625840746246,8559200
2021-11-24,86.83180236816406,87.78496050709465,85.96451297434972,87.45006126382025,7146400
2021-11-26,84.09255981445312,84.29006385805764,82.32363846886096,84.19560625694675,11738200
2021-11-29,83.49147033691406,85.52658676387632,82.40091680013518,85.04571647756731,13793400
2021-11-30,81.42200469970703,82.86462221904667,80.61482389978879,82.80451342871446,20586200
2021-12-01,81.79984283447266,84.67648930238835,81.79984283447266,83.27680930910499,11708200
2021-12-02,84.89116668701172,85.65540992058978,81.83419375269948,82.43528172808641,10685800
2021-12-03,84.3329849243164,86.6171316591346,83.16515158719164,85.90440859062826,9811800
2021-12-06,85.24323272705078,86.47976407983882,84.83964882014088,85.87008724655242,9624500
2021-12-07,88.0168228149414,88.54063077238843,86.16202613584379,86.18779266030334,10674400
2021-12-08,86.94345092773438,88.58357250470623,86.92627979533769,88.15422212975444,9089700
2021-12-09,86.36811828613281,87.43290532354497,86.08474548179497,86.53126696478508,7749600
2021-12-10,84.52189636230469,86.95202051884154,84.47895871376899,86.67723660176296,10429000
2021-12-13,83.43994903564453,84.32440974646889,83.12223395585328,84.28147864044217,10057100
2021-12-14,84.85680389404297,85.38920069269663,82.92472729668192,83.07929368652546,11105900
2021-12-15,85.380615234375,85.72409684223386,83.40560090271156,85.11442010018358,7055000
2021-12-16,86.127685546875,87.08942616833224,85.57811760565183,86.97779743230356,7889900
2021-12-17,83.40559387207031,85.45788795303714,83.13080991921937,85.41495685027786,20851400
2021-12-20,81.894287109375,82.3408085852771,80.89819116498104,82.10037344045548,11931400
2021-12-21,83.95515441894531,84.59059757720037,82.49536602575905,82.58982361546276,8235100
2021-12-22,84.41027069091797,84.73657455691,83.68895878798088,83.88646280645342,4798400
2021-12-23,85.30332946777344,85.8443151338295,84.81387030171169,85.01996319895534,4482200
2021-12-27,86.21353912353516,86.3251678399014,85.10581459455149,85.62962246991661,4196000
2021-12-28,85.84430694580078,86.72876758683405,85.5094142089312,86.38528600889019,4269700
2021-12-29,84.77952575683594,86.30801200443554,84.74517694155243,85.91301045572516,6923100
2021-12-30,84.83963012695312,85.84430835404319,84.77093249996416,84.8911500715117,3564900
2021-12-31,84.2900619506836,85.19169373447598,83.7061452258325,84.77952107656125,5124800
2022-01-03,86.03321838378906,87.0722453619499,85.26897534570907,85.29473531644072,8481900
2022-01-04,89.52813720703125,89.88878993027699,87.57030065070703,87.58747178218071,8967000
2022-01-05,87.31268310546875,90.189328997452,87.21822550904656,89.04725555079544,10288800
2022-01-06,88.80683135986328,89.48520574897096,86.402473153668,89.40792582493728,10059200
2022-01-07,89.34780883789062,89.75998149766298,88.3860617128113,88.884109682122,6128400
2022-01-10,89.41648864746094,90.2494292546516,88.30018182914225,89.92312539416439,8904900
2022-01-11,90.95356750488281,91.09954503700297,88.94421121184321,89.44225914052278,7320200
2022-01-12,88.4891128540039,91.4258677785068,87.88801841213665,91.06521504420644,10855200
2022-01-13,88.05974578857422,89.60540287874424,87.70767541136016,88.81539992923298,6267700
2022-01-14,84.9083251953125,86.27366275261527,83.62886295146731,85.65539718337375,16724900
2022-01-18,80.72644805908203,82.8130908519953,79.80763864705489,82.37515169632154,21803100
2022-01-19,82.20340728759766,84.36732981083199,81.54220418927234,84.16124351132522,19716100
2022-01-20,85.72408294677734,87.55311287645135,82.95047711076091,82.95047711076091,22637600
2022-01-21,84.89116668701172,85.49225466239865,82.73582571577987,84.27290102583225,22568300
2022-01-24,84.22135925292969,84.42744556947856,80.4430751755822,82.452431502507,19527300
2022-01-25,85.04573059082031,85.72410502950538,81.5851673103561,82.93332734508361,16060700
2022-01-26,86.01603698730469,87.37278549907757,84.92549011478194,85.99886585801384,13344400
2022-01-27,86.85755920410156,87.7849573411878,85.57809725932604,86.99494788105966,17843100
2022-01-28,88.02490234375,88.12866028240926,84.86880196812744,85.69024976860898,14044800
2022-01-31,88.6647720336914,88.8377063389869,86.71058271815194,87.30721728635694,8467000
2022-02-01,89.88396453857422,90.01366855231791,88.40535461474455,89.02792860309813,7885700
2022-02-02,89.85802459716797,90.18660897657969,88.45723972753325,89.75426666431808,9596300
2022-02-03,88.4485855102539,90.01366247185092,88.31023281240104,89.64184784264603,5986500
2022-02-04,90.0223159790039,90.8091755498082,88.25835856916407,88.32753492178996,7881800
2022-02-07,90.9475326538086,91.81221731239319,89.61591748794586,89.97044136453535,9129000
2022-02-08,91.95922088623047,92.79796614052643,91.06859665852107,91.63064305957703,9249000
2022-02-09,94.01715087890625,94.31978914187778,92.39153975719748,92.46071610216794,11054300
2022-02-10,93.01412963867188,94.88185169145082,92.65096366074947,93.55023650871483,8116200
2022-02-11,90.42007446289062,93.72316959402049,89.7715609691058,92.52125844663425,9755900
2022-02-14,88.69070434570312,90.35954598519568,87.85195917912111,89.9531431439017,11110300
2022-02-15,89.43433380126953,90.22984209765589,88.30159901843632,89.51215225336325,6714100
2022-02-16,87.46283721923828,89.09709037265013,87.04778576260108,88.63015995781544,10190700
2022-02-17,83.1394271850586,86.65004461654526,82.91460733763223,86.48575242838523,15620300
2022-02-18,82.5082015991211,83.04430841727914,80.51078231683945,82.36985549583441,16321800
2022-02-22,81.92887115478516,83.67553125719029,81.19389051660013,81.86834349274687,9143700
2022-02-23,80.89124298095703,82.76760688716952,80.48484018346906,82.75030950169109,8722200
2022-02-24,79.3866958618164,79.7066315582769,76.55053125618085,77.6919147339859,18518000
2022-02-25,81.75592803955078,81.88562544633601,79.23104410281033,79.6115074214328,9717400
2022-02-28,78.46148681640625,79.74122305854966,77.75244563545427,79.19646748249954,17955100
2022-03-01,75.77230834960938,77.82161320561781,74.78656844343314,77.82161320561781,18341800
2022-03-02,76.42082214355469,77.19903959858476,75.24485056640256,76.14412333699066,18007500
2022-03-03,75.90201568603516,78.03778777541176,75.28809039102336,77.54491780071102,12197100
2022-03-04,74.67416381835938,75.1410943017216,73.29066975488988,74.53581111350239,11950700
2022-03-07,72.15792083740234,74.43204535598883,72.13198135722399,73.52412396763022,12680900
2022-03-08,72.03688049316406,74.14671327945105,70.87820615775776,72.31357933423278,11641200
2022-03-09,75.57344055175781,76.94828599364845,74.44934785571785,74.57040318027347,12994600
2022-03-10,74.24183654785156,75.91932715038425,73.50685579624401,74.16401148635212,11351600
2022-03-11,73.65383911132812,75.88472710253053,73.56737196530904,75.33132945158394,8568100
2022-03-14,73.25608825683594,74.97680894898332,73.0399170835554,74.23317958513658,8280700
2022-03-15,74.64823150634766,74.9681606222775,73.13503328596819,73.88730475057787,8672400
2022-03-16,79.34347534179688,79.85363618309323,76.09225880043073,76.10090749518761,17635900
2022-03-17,81.15930938720703,81.44465693174944,77.7524494356935,77.99456010487339,15156800
2022-03-18,81.9894027709961,82.05857913009619,79.9141581771382,80.83072844266269,16325400
2022-03-21,80.07843017578125,82.06720711747674,79.73255506457086,81.90291495532252,8568700
2022-03-22,81.47059631347656,81.79917413593834,80.30327324741867,80.55403261075304,7565100
2022-03-23,79.87955474853516,81.28034606630702,79.45586117471666,80.77018535863039,7465400
2022-03-24,79.66339111328125,80.50213624438855,79.42128047688328,80.02656366489828,6488300
2022-03-25,79.87955474853516,81.25440658585153,79.5423283085748,79.96602847941274,6592800
2022-03-28,78.91976928710938,79.81040006532739,77.94267795573165,79.7931026770789,8680800
2022-03-29,79.41264343261719,80.75290741973505,78.7295482927283,80.75290741973505,7431600
2022-03-30,78.05509185791016,79.49912044814131,77.6141073718299,79.42994408274866,7289800
2022-03-31,75.57344055175781,77.9859115431516,75.57344055175781,77.57950869770606,8422700
2022-04-01,75.21891021728516,76.55052527009842,74.28505587903028,76.2132988096414,8192300
2022-04-04,75.46967315673828,75.72043249010339,74.19858570006903,74.82980838019776,8098900
2022-04-05,73.74031829833984,75.08058237005753,73.44632863446556,74.8384716828619,11587400
2022-04-06,71.8812255859375,73.33389592048174,71.55264782583357,73.25607747612278,10493200
2022-04-07,71.8812255859375,72.2962770802443,70.38532498131153,71.66505444446972,11902900
2022-04-08,72.68538665771484,73.29931194299155,71.73423490020193,72.22710486708716,6937500
2022-04-11,72.65078735351562,74.20722206160637,71.78610287058056,72.27033066699717,8290400
2022-04-12,72.57298278808594,74.3455889557231,72.23575630304595,72.42598798117524,8057300
2022-04-13,72.74591064453125,72.84967516806569,71.5785877921027,71.7082917972658,8760300
2022-04-14,73.2906723022461,76.00578155774252,73.14367089897121,74.37152810768322,16348400
2022-04-18,74.77794647216797,75.38322321007801,72.91022408600837,72.97075175979938,7897500
2022-04-19,76.87910461425781,77.05203888119223,75.1583776522691,75.23620269030317,12637700
2022-04-20,78.34909057617188,79.18783589112537,77.48440577263572,77.48440577263572,11828400
2022-04-21,76.87910461425781,80.3551335169872,76.70616375030399,79.14457385738801,9563900
2022-04-22,73.27336120605469,76.2738174161054,73.17824538521016,76.19599897924299,11455400
2022-04-25,73.54142761230469,73.7662408576662,71.67370571624949,72.65944562904976,11577600
2022-04-26,71.22407531738281,73.68842519241848,71.14625027026581,72.88426822298366,10062000
2022-04-27,71.0857162475586,72.34815490217866,70.73984110726087,71.23271103815377,9522900
2022-04-28,72.7340316772461,73.12647881980345,71.17295276944935,72.12355021210789,6974600
2022-04-29,70.28337097167969,73.03051994630513,70.03918113458836,72.43748463322305,8097300
2022-05-02,71.47816467285156,71.63514480460165,69.79499140329325,70.28337107821619,8737100
2022-05-03,73.03926086425781,73.96369594721429,71.7310949980323,71.94039967359919,9430500
2022-05-04,76.06547546386719,76.33582757756876,73.2049542167189,73.31832618131236,10495000
2022-05-05,74.07706451416016,75.14104033869256,72.74273657652272,74.78347185675062,8556500
2022-05-06,73.45787048339844,73.75438486020266,71.7834132633963,73.37937707833696,7333600
2022-05-09,70.77177429199219,72.59448219482711,70.3967664796549,71.9840074555225,11161000
2022-05-10,69.9955825805664,72.08864887170608,68.65253176586573,71.52177578086159,9261000
2022-05-11,68.80079650878906,71.56538518469489,68.68742453961289,69.82988716039021,8060000
2022-05-12,68.53914642333984,69.35020928197828,66.93446663841037,68.0682127087389,10315600
2022-05-13,70.2397689819336,71.0769941265788,69.30661116568253,69.41998311681947,7948000
2022-05-16,69.68163299560547,70.57990578101511,68.76591427345807,70.10896529422577,5703600
2022-05-17,72.3241195678711,72.61191761199248,70.92874418471771,71.19909629385768,6507100
2022-05-18,70.37059783935547,71.70492582962649,70.04791456148484,71.42585073789448,5949400
2022-05-19,69.73394775390625,70.79792352126884,69.3327777627764,69.53336608517853,7852800
2022-05-20,69.21941375732422,70.82409390620953,67.64961217369714,70.30955189771103,8705000
2022-05-23,71.78340911865234,72.68168181891998,69.85604581968472,70.45780416026875,7787700
2022-05-24,71.47816467285156,71.70491523064038,69.81243733663996,71.33863047444818,6225700
2022-05-25,71.71363067626953,72.22817254357534,70.6409321128653,70.8851219247171,6747800
2022-05-26,74.12939453125,74.60905798086348,72.5944781461621,72.6904108360848,8573400
2022-05-27,75.39395904541016,75.42012795261479,74.05963088603616,74.62650410930426,6300000
2022-05-31,75.12360382080078,75.71663927338969,74.0683508316026,74.53056836821186,10780700
2022-06-01,74.12939453125,75.68175019919872,73.00437115698176,75.38523581483784,6543900
2022-06-02,74.30379486083984,74.46077498090716,72.96946716710445,74.28635558246505,7468700
2022-06-03,73.36194610595703,74.12067807000406,72.97821531257868,73.40554764377448,5276900
2022-06-06,74.01602172851562,75.24569409351088,73.90264310332817,74.30381314138141,4022400
2022-06-07,74.41719055175781,74.4782380206025,73.15262633472481,73.38809989575081,4514300
2022-06-08,72.5595932006836,74.24276678430604,72.15842315661753,73.69333954749986,6787200
2022-06-09,70.78047943115234,72.28050364896998,70.77175646459513,72.12352351930984,6951700
2022-06-10,67.50135040283203,69.5159234203815,67.10889670671966,69.3676662402317,9671600
2022-06-13,65.56527709960938,66.5071581721519,64.65828125053244,65.42573620574706,10446400
2022-06-14,65.3733901977539,66.95190778180016,64.77163193480861,65.77456015515949,7400300
2022-06-15,66.29784393310547,67.32693469248656,64.82398156475281,66.10598519294606,9273300
2022-06-16,64.49256896972656,64.85013746935661,63.21928843508377,64.61466390772826,11068400
2022-06-17,63.57686233520508,65.07689359084515,63.36755765994794,64.37047949962937,17285900
2022-06-21,65.0855941772461,65.62630499913973,64.67570789457687,65.4693248672141,8063800
2022-06-22,64.88502502441406,65.32980325953693,63.74255570100731,64.2222191559119,6322600
2022-06-23,64.51000213623047,64.99838179156372,62.99253202596376,64.89373281037732,7958000
2022-06-24,67.86763000488281,68.50427351458443,65.42571826144341,65.93154388244751,10795400
2022-06-27,67.53623962402344,68.37346491022929,67.074022121046,68.37346491022929,5937600
2022-06-28,68.16416931152344,70.83282568183972,68.06823661094694,70.10024930049886,10259100
2022-06-29,68.19031524658203,69.14963536909113,67.59727990024787,68.26880198990192,8534900
2022-06-30,66.33271026611328,67.00423895331147,64.99838251181085,66.77748840210538,10182400
2022-07-01,66.93447875976562,67.19611456296755,65.12921034796194,66.07109125507904,6017500
2022-07-05,66.37633514404297,66.39377442759687,64.18733577903656,65.46061639608824,8706900
2022-07-06,65.80073547363281,66.42865610690572,65.13793627511157,66.07109425687126,6895900
2022-07-07,67.14379119873047,67.33565658951142,66.3937755731371,66.53331645867803,6258300
2022-07-08,66.91704559326172,67.6060070742173,66.62924751417366,67.49263509776237,5890500
2022-07-11,66.1234130859375,66.59435352049195,65.65247265138305,66.15829830186834,4918900
2022-07-12,66.22808074951172,67.37926646939106,65.46061916714162,65.58271411821399,6558400
2022-07-13,65.39083099365234,65.84432540658474,64.5448829668873,65.61757487328188,7780100
2022-07-14,65.13793182373047,65.46933140034399,62.835560761518835,64.5448964499078,13296200
2022-07-15,68.0682373046875,68.6961513689387,65.98389343214765,66.22808334385802,11663900
2022-07-18,68.77462005615234,70.11767074131322,68.3908893879139,69.3327701261317,11596800
2022-07-19,71.20782470703125,71.50433908764488,69.62058383974458,69.64674609054283,9952000
2022-07-20,71.34735107421875,71.74852106753386,70.58861926990137,71.05083672624977,7653400
2022-07-21,72.40261840820312,72.47238885243372,70.8328233350692,71.07701323620053,9053400
2022-07-22,71.8880844116211,72.84740483946909,71.21656210823045,72.47239697678492,6564000
2022-07-25,71.99272155761719,72.54214875532361,71.61771379146604,72.28923592199611,6208200
2022-07-26,70.45780944824219,72.01016510350371,70.31826857179497,71.33864293320836,7121600
2022-07-27,71.95783996582031,72.26307731325736,70.60606601530255,70.98107380034666,7751300
2022-07-28,73.02749633789062,73.13314432413496,71.22272191104238,71.97984902054932,6324800
2022-07-29,74.21601104736328,74.50653124225508,73.04510443985149,73.04510443985149,8597700
2022-08-01,74.03112030029297,74.4272951661931,73.08031539901252,73.65256350524811,5439200
2022-08-02,73.53810119628906,74.47130135037558,73.036285131972,73.36202797668274,7684700
2022-08-03,74.87629699707031,75.35169612955828,74.0575435983746,74.55055408644456,7043600
2022-08-04,75.14920043945312,75.4045113201087,74.65619003088405,75.00833648456877,5722600
2022-08-05,75.82710266113281,76.33772450937957,74.57696507412663,74.82347032037977,6219300
2022-08-08,75.73905944824219,76.78671337050298,75.66862746493177,76.38173954161347,5719700
2022-08-09,76.02957916259766,76.45215758903024,75.59819505989185,76.10881009876765,4920100
2022-08-10,78.2569580078125,78.93485419894273,77.03323065250248,77.05964097118671,7271700
2022-08-11,79.41024017333984,79.97368260085939,79.05809369371279,79.21656229625039,8808100
2022-08-12,80.69561767578125,80.77484863568186,79.28700458774156,79.78002185526145,6259000
2022-08-15,81.01252746582031,81.25023371811976,79.63913744547074,79.80641171806936,7348900
2022-08-16,80.83647155761719,81.23263977400245,80.41388630561016,80.53714565488427,5953800
2022-08-17,80.42268371582031,80.84526892438097,79.54230402168596,79.57752001546302,5499000
2022-08-18,80.75723266601562,80.994932229138,80.10574685331983,80.2642154676561,4664800
2022-08-19,79.24298858642578,80.04413072088518,78.93485699624908,79.80643112753884,6264100
2022-08-22,77.87838745117188,78.23054067450292,77.21810267621271,77.85197713485576,6452800
2022-08-23,77.7375259399414,78.57388392243836,77.43819336561499,77.878383191511,7487700
2022-08-24,78.00164794921875,78.38901720567976,77.30614711001137,77.4646157406759,5262400
2022-08-25,79.15493774414062,79.32220531063984,78.1777157929712,78.41541534366152,4943300
2022-08-26,76.42576599121094,79.66556382649043,76.3465350356398,79.53350551710724,7911500
2022-08-29,75.14038848876953,76.09119995455576,74.88507762943273,75.83588909521896,7505300
2022-08-30,74.33045959472656,75.91514576818932,74.13677498277399,75.8359081011341,8849400
2022-08-31,75.02595520019531,75.65982962585579,74.00471157735038,74.48892307383095,9223100
2022-09-01,75.86231231689453,75.8975283086687,73.41485798108128,74.54174285079988,7830800
2022-09-02,76.06481170654297,78.38020802988729,75.4661532081621,76.90997546012224,9974400
2022-09-06,74.94670104980469,76.4521491211573,73.2123591548047,76.37291819376297,10689300
2022-09-07,76.46977233886719,76.82192552104796,74.27762902285586,74.27762902285586,7592700
2022-09-08,77.86077117919922,77.90478612756169,75.71264288292417,76.1792429794973,8446700
2022-09-09,78.7587661743164,79.07570339970714,78.17771907227606,78.5474769296439,5976200
2022-09-12,79.36624145507812,80.14977895100854,79.10212482457273,79.23418313982543,8030800
2022-09-13,76.63705444335938,78.0720709151962,76.41695952159989,77.48221813690414,7890700
2022-09-14,76.75149536132812,77.57024867468978,75.82709407577794,77.06843256113028,8341100
2022-09-15,77.70232391357422,78.75877699889926,76.81313842475396,76.89236938360912,8883100
2022-09-16,76.97160339355469,77.20930297556497,75.3429021659247,76.94519307519406,20988900
2022-09-19,78.10728454589844,78.37139441396197,75.78308277976782,75.8182987721957,6011500
2022-09-20,76.76029968261719,77.86957314557155,76.03838867731974,77.56144162808422,8092300
2022-09-21,76.02957916259766,78.48583893531215,76.02077348632443,77.38536448786459,9707800
2022-09-22,74.62976837158203,76.81311251948863,74.18957861502336,76.5137867090748,8376300
2022-09-23,71.75975036621094,73.67897835784098,70.62405976083332,73.31801946112756,9990500
2022-09-26,70.21908569335938,71.89180844147727,69.55880092832052,71.24032263723555,8496000
2022-09-27,69.97258758544922,71.17870358041888,68.97775413936225,71.04664527060255,6855400
2022-09-28,71.72453308105469,72.09429093193398,70.15745833676866,70.21908464524854,6693500
2022-09-29,70.30712127685547,71.33716388302938,69.57640453568366,71.1346803194724,5892700
2022-09-30,69.55880737304688,71.45162521821675,69.4267490644509,70.22789116087446,8090900
2022-10-03,70.76490783691406,71.29314095544733,68.9513280613567,70.47438768183649,8169200
2022-10-04,73.92548370361328,74.60337311008394,72.01506138679562,72.36720788966848,7875000
2022-10-05,73.1683578491211,73.59093634630202,71.64529800348645,72.21754615531788,5956500
2022-10-06,71.58366394042969,73.23878190597429,71.42519534195762,72.58729615849835,6434800
2022-10-07,69.48837280273438,71.1258796483659,69.00416126142665,71.04664197944084,7180900
2022-10-10,69.03057098388672,70.18386616605393,68.51114350215923,69.93736094086677,5418000
2022-10-11,67.78923034667969,69.03056882772377,67.384256529841,68.59917798035706,6271100
2022-10-12,67.43708038330078,68.49354000176614,67.19938083128524,67.780427912192,6411600
2022-10-13,69.83171081542969,70.13104337734225,65.73794426101969,66.01086650915597,11811500
2022-10-14,66.29259490966797,69.6028177861919,65.87881537091144,67.99172802017542,13658500
2022-10-17,67.9124755859375,68.8808917138788,67.19937032462155,67.6219487325263,11412400
2022-10-18,69.9373550415039,70.9497861714414,69.00414813188866,70.25429222337127,9767800
2022-10-19,68.35267639160156,70.06941404507428,68.11497683833755,69.68205156135652,7429600
2022-10-20,67.43708038330078,69.14501906725667,67.03210654708971,68.34387035533469,7638100
2022-10-21,69.74368286132812,70.01659842660456,67.10254368738293,67.44589124265467,8149000
2022-10-24,69.92855834960938,71.39879080525779,69.17143128640137,70.01659497438065,8143300
2022-10-25,70.87936401367188,71.02022125802208,69.20664141764675,69.20664141764675,8173600
2022-10-26,71.23151397705078,72.23514614590705,70.94098710797053,70.95859174393158,7733400
2022-10-27,71.03784942626953,72.61373010123236,70.95861175019668,72.19114483462869,6466400
2022-10-28,73.08679962158203,73.15791465087956,70.67783395482343,71.3534063874426,7816100
2022-10-31,73.0423583984375,74.100172524726,72.61568174343087,72.68678999799654,9087400
2022-11-01,74.42015838623047,74.64238771405275,73.77124576495301,74.00236616482043,8195600
2022-11-02,74.99796295166016,77.0869174705781,74.15348735846251,74.1801537951706,10907500
2022-11-03,74.33128356933594,75.22908535868308,73.38014211845464,73.8334851591301,6447200
2022-11-04,75.42464447021484,76.22467153365399,74.66906599215085,75.69132241866187,6929700
2022-11-07,76.06466674804688,76.56245835522307,75.65576553045186,76.02021816230528,4599600
2022-11-08,75.80687713623047,76.65135276154258,75.12241370105491,76.10022151497789,4850300
2022-11-09,74.18014526367188,75.86019840207197,73.94903165084804,75.45129726180588,5200800
2022-11-10,78.93586730957031,79.09587271178586,76.9091299542063,77.06025106544985,10013900
2022-11-11,80.6959228515625,81.50484096457932,79.11365091830076,79.11365091830076,9119100
2022-11-14,79.83366394042969,81.21148852682879,79.81588857770953,80.242565102004,4873400
2022-11-15,80.447021484375,81.6559496426039,79.43365623143332,80.95370411084583,7336100
2022-11-16,79.84256744384766,80.42036515977863,79.16698826297903,80.42036515977863,4368600
2022-11-17,79.06919860839844,79.22031971795097,77.78916218689895,78.8380849714855,4967300
2022-11-18,79.29144287109375,80.33148156046435,78.74920262219455,80.24258437980333,5450700
2022-11-21,79.18476104736328,79.71811011365729,78.73141128915778,79.16697890207607,4667100
2022-11-22,79.70921325683594,80.17145405414209,79.38031819380357,79.63809824465024,3804100
2022-11-23,79.94033813476562,80.40257217607117,79.70921772316224,79.75366630374408,4961400
2022-11-25,80.81146240234375,80.96257669213358,79.53141951965398,79.6914248799902,2450100
2022-11-28,79.90479278564453,80.98038213676362,79.73589629201433,80.18035503786034,6147700
2022-11-29,80.96260833740234,81.30928562331745,79.64700744020737,79.68256495439128,5307100
2022-11-30,82.73153686523438,82.89154225829587,79.22920036261115,81.14037400698426,10520600
2022-12-01,82.6693115234375,83.10487911532763,81.81595170218498,82.72264439292172,7310400
2022-12-02,81.8692855834961,82.36708390513814,81.34482760868346,81.65594732102156,5197800
2022-12-05,79.83366394042969,81.53149931100018,79.1936423720869,81.31816104885294,8272500
2022-12-06,77.78915405273438,79.78921795795726,76.81134638878333,79.6647700797399,10424700
2022-12-07,77.584716796875,78.2514049088306,77.07803410306484,77.17581556870383,7066700
2022-12-08,78.83808135986328,78.926971737827,77.33580887924205,77.940272944057,6141400
2022-12-09,79.53144836425781,79.78923524839963,78.55364048841439,78.82920273819605,6488300
2022-12-12,80.99816131591797,81.18483316850359,78.47363220544624,79.12254493463607,7496200
2022-12-13,82.41152954101562,84.58938119261109,81.84262295998776,83.2560051217205,10330500
2022-12-14,80.447021484375,82.38486161019179,79.88700598624447,82.2337472858885,7704600
2022-12-15,78.03805541992188,79.28254107347186,77.26469487948197,79.24698356543885,8795200
2022-12-16,77.21135711669922,77.22024818861948,76.29577338403485,76.91801278043759,17262000
2022-12-19,76.04688262939453,77.37136759283256,75.52241786200153,77.10468967288341,5129600
2022-12-20,75.70021057128906,76.84690807242188,75.68242842506433,76.37578292599179,5206800
2022-12-21,77.22026062011719,78.06472947716996,76.75801975245948,76.8113594106673,5422400
2022-12-22,76.77581024169922,76.96248211095583,75.3535367545777,76.96248211095583,5635200
2022-12-23,76.54468536376953,76.9624776678493,75.86910617457882,76.74024829605386,3316100
2022-12-27,75.61131286621094,76.76690821413906,75.5046471172279,76.76690821413906,7064700
2022-12-28,75.07796478271484,75.74465285040851,74.72239645689788,75.52242349451063,3714900
2022-12-29,75.77130889892578,76.08242859814452,75.16684486248617,75.52241313955078,3461700
2022-12-30,75.57575988769531,75.73576530266595,74.82907247243367,75.29130657018106,4455600
2023-01-03,76.19800567626953,76.98025059876318,75.54020865549302,76.12689065188775,5108900
2023-01-04,77.02469635009766,77.64693583578591,75.71798664825057,76.0468885374868,7726800
2023-01-05,76.37577819824219,76.59800753898328,75.40686152792364,76.35800283501946,5339900
2023-01-06,77.83360290527344,78.18917121037678,76.18910712380946,76.83801978926567,5710900
2023-01-09,77.90471649169922,79.03364533102327,77.70026929780354,78.446956621094,5039700
2023-01-10,79.04254913330078,79.05144020798268,77.19359894983222,77.82473639609255,4536600
2023-01-11,79.49588012695312,79.83366628375958,78.9803064282212,79.44254725532612,6122600
2023-01-12,80.47367858886719,81.61149159834704,79.4247559491466,80.02032888662427,7895600
2023-01-13,81.4781723022461,81.76262559953886,78.46473607087064,79.14031519515405,8414600
2023-01-17,86.29610443115234,88.09171462864694,84.44715457696863,85.24718160828866,27914300
2023-01-18,85.85164642333984,87.06945895360079,85.63830135864598,86.0472093416917,14134800
2023-01-19,83.6915512084961,84.42935407223545,82.61596226851564,84.1004522845457,13457100
2023-01-20,85.54939270019531,85.58495020338292,83.4515474854286,83.67377679392592,10785000
2023-01-23,86.3405532836914,86.42055938430781,84.88272914396943,85.22052213027965,8735300
2023-01-24,84.90050506591797,86.05609364798707,82.59820541114885,85.58496849836722,4801600
2023-01-25,85.01604461669922,85.2738314311147,83.9493466373734,84.34046561277934,5891000
2023-01-26,85.78053283691406,85.81609034829125,84.72271891462331,85.5316370391755,6085100
2023-01-27,86.10052490234375,86.60720746077125,85.07826871410573,85.70051485481166,7990800
2023-01-30,85.98853302001953,86.57099110885194,85.05660144520834,85.15517159116166,5870100
2023-01-31,87.21617126464844,87.25201557404681,85.80931459462683,86.28423973009993,7182100
2023-02-01,87.98680114746094,88.766392607609,86.85772940238137,86.87564813762278,9815200
2023-02-02,88.90080261230469,89.85065277454319,87.78069370906034,88.60509222106366,11118900
2023-02-03,89.09794616699219,89.77001153378437,87.87926708828084,88.03160026396915,6948600
2023-02-06,88.62303161621094,88.89185369296149,87.87927754765488,88.21978824618022,4737700
2023-02-07,88.90977478027344,89.44742574324765,87.86135437698327,88.50653143059058,5060700
2023-02-08,88.67678833007812,89.55495679258372,87.87030848422661,88.10329307005101,4705200
2023-02-09,87.86135864257812,89.42951134873711,87.57461099263031,88.9097790967682,4983800
2023-02-10,88.2108154296875,88.35418580922088,87.42225441414708,87.44913593302196,5224900
2023-02-13,89.09794616699219,89.39365656916533,87.95991848732918,88.22874053208459,4910300
2023-02-14,90.11053466796875,90.49585247174258,88.68575917467228,88.7574477978403,7679500
2023-02-15,90.35248565673828,90.46897454656835,89.16068788641638,89.16965067381982,6464200
2023-02-16,89.2234115600586,89.8237884060515,88.54238330259903,89.41158907134279,6051800
2023-02-17,89.16963958740234,89.62663913910427,88.08537489091682,88.62302584601503,8133000
2023-02-21,87.47604370117188,88.71264170005601,87.08176310590295,88.22875374311784,6556000
2023-02-22,87.16240692138672,87.879279481705,86.57995565730695,87.25202111887906,5072400
2023-02-23,87.76277923583984,88.19289724707187,86.65162622751832,87.70900935698394,5916100
2023-02-24,87.54772186279297,87.79863203632043,86.57099003882306,87.05487797572123,5414200
2023-02-27,86.6516342163086,88.2466752617718,86.54410812188856,88.18394942782572,5645000
2023-02-28,86.47241973876953,87.18032948759328,86.25736071273546,87.02799629567762,6745300
2023-03-01,86.19464874267578,86.70541828453887,85.3612871915724,85.98854563364837,5429600
2023-03-02,86.0960693359375,86.35593547306176,84.66233102473777,85.53152996209381,4632400
2023-03-03,88.11225128173828,88.21082141536947,86.42760306084347,86.51721724530994,6504000
2023-03-06,88.15705871582031,88.89184996670197,87.90615538672945,88.21082859819904,5215200
2023-03-07,86.078125,88.0495207302453,85.99748044223008,87.8165361690177,5461400
2023-03-08,85.93476867675781,86.47241965965263,85.45088074117152,85.70178407741555,4121300
2023-03-09,82.61923217773438,85.9795589773158,82.23391443125162,85.45087084241747,9162400
2023-03-10,80.6926498413086,83.34506696023598,79.95785865860981,82.23391398222135,16206500
2023-03-13,78.84669494628906,80.80912770707319,77.64594162150338,79.33954554174672,15175400
2023-03-14,80.62095642089844,82.80741110386484,79.85928376323288,82.80741110386484,11089300
2023-03-15,76.51689147949219,77.97751126919994,74.98458306736111,77.89686669642619,14814000
2023-03-16,77.96855163574219,79.10657940738973,74.62614326663044,75.76417787488097,15342400
2023-03-17,75.4326171875,77.511539119317,75.00249234381953,77.50257633349383,19935800
2023-03-20,76.74090576171875,77.34128253320401,75.6028780480586,75.80897427153437,8649800
2023-03-21,79.53671264648438,79.9130676810886,78.85568436724549,79.06178745949279,8905600
2023-03-22,78.45243835449219,80.71953791304261,78.37178695016357,79.52774027711912,7299300
2023-03-23,76.92012023925781,79.57254430791043,76.38246929865085,78.81086473573104,9373000
2023-03-24,75.22652435302734,75.72833787826183,73.22825354894034,75.72833787826183,10978700
2023-03-27,75.84481811523438,77.350244846076,75.59391479952787,77.11726026580456,6626900
2023-03-28,76.05989074707031,76.31975689534204,75.20861051107288,75.77314307252976,5209900
2023-03-29,77.27855682373047,77.37712696088569,76.48103977700374,77.00077198443991,4873500
2023-03-30,77.16207885742188,78.50620982323002,76.57962073825094,78.19258063186219,4113700
2023-03-31,78.67646789550781,78.73919373321975,77.21584121698116,77.78038059299224,6142400
2023-04-03,78.10295104980469,79.1424084792963,77.66386347019545,78.8108538075386,7728400
2023-04-04,76.00611877441406,78.1388039262286,75.50431211201135,77.95958921439993,6222800
2023-04-05,75.11003875732422,75.74625993301696,74.5544621587204,75.11900154475755,6045400
2023-04-06,75.44158935546875,75.62976686154302,74.56342082385218,75.18172322709857,3877800
2023-04-10,75.27132415771484,75.59391609389041,74.76055473153731,75.22651706345606,6185800
2023-04-11,76.24805450439453,76.848438107976,75.38781163605108,75.53118886574296,5582100
2023-04-12,76.58857727050781,77.0814211490907,75.97923767564293,76.62442158039434,4641800
2023-04-13,76.78572082519531,76.86636539842058,75.66561173082195,76.51689190790437,5086000
2023-04-14,77.69972229003906,78.31802466165465,77.06350118206784,77.44881896144229,7865900
2023-04-17,80.0116195678711,80.02953830212195,77.30543264364776,77.65491290925989,8876900
2023-04-18,80.51343536376953,81.13173773339066,79.51877800246723,79.86825147140014,10227600
2023-04-19,81.05109405517578,81.27511588157108,77.51155193277158,78.08504726141524,13886200
2023-04-20,81.03317260742188,82.27873337359989,80.39695146212689,80.51344034677977,6776000
2023-04-21,81.65147399902344,81.84860745445849,79.9040997313591,81.07797869669554,6531000
2023-04-24,80.82706451416016,81.97406189857476,80.24461329040791,81.75004009356145,5004400
2023-04-25,78.90943908691406,80.49551730850837,78.75710589898328,80.32525854752515,5806700
2023-04-26,79.24993896484375,80.45965508564113,78.77501393373527,78.99007290626334,6429100
2023-04-27,80.88084411621094,81.50810251098859,79.6532020160275,80.11917125495128,6375800
2023-04-28,81.3191909790039,81.64457675191196,80.58707643786667,80.8491862422204,6374500
2023-05-01,79.47534942626953,81.81631227458308,79.38496601167513,81.51804769600284,7745400
2023-05-02,77.99303436279297,79.14995854541945,77.12534122582312,79.14995854541945,6319100
2023-05-03,76.60111236572266,78.79746312000596,76.43841946185677,78.09246283519126,6546500
2023-05-04,74.6668701171875,76.32994682173076,73.76302228320223,76.07687053154476,10359200
2023-05-05,76.71859741210938,76.8451355501858,75.57975416942156,75.73340663768417,8288000
2023-05-08,76.3118896484375,77.34227585366892,76.21246581321225,77.26093284074639,5825300
2023-05-09,76.25765991210938,76.74573867029314,75.65207649803261,75.92323366229463,4381400
2023-05-10,75.6701431274414,77.02591490283757,74.83860476019326,76.89033634613558,4884900
2023-05-11,74.6849365234375,74.85666980127127,73.77205526796895,74.82051506405305,6717800
2023-05-12,74.46802520751953,75.26340884795576,73.81725363997535,75.01937295803268,5208900
2023-05-15,74.97418212890625,75.36283700994079,74.34149134387903,74.72110581489537,5032100
2023-05-16,73.98899841308594,75.08265367418255,73.9438032544056,74.76630825085924,6862900
2023-05-17,75.84188842773438,75.85092194268206,74.56745944719216,74.60361419442168,8216700
2023-05-18,76.36609649658203,76.42033205217521,75.03743916543483,75.65205592760458,5367700
2023-05-19,74.33245086669922,76.30283960433385,74.32341735250155,75.73341789832385,11183600
2023-05-22,74.35957336425781,75.16400444396672,74.03419442211161,74.34149943806591,5520000
2023-05-23,74.6939926147461,75.53457146808056,74.01610666514773,74.1155304894205,5521200
2023-05-24,73.4105224609375,74.32341070758828,72.9766724648048,74.12456308001961,6827800
2023-05-25,75.01937866210938,75.13687641125632,73.19360886617699,73.40149002973024,6962700
2023-05-26,75.83283996582031,76.50168547902301,74.86572299150114,74.99226114546349,7411600
2023-05-30,75.39899444580078,76.43842096900448,75.11880378754537,76.06784689477757,5876800
2023-05-31,73.89860534667969,75.27245110401078,73.32917676320352,75.07360346507068,9559200
2023-06-01,74.17879486083984,74.87475469076489,73.6364875147433,74.63975920813733,6857500
2023-06-02,76.23957061767578,76.53784208605494,74.9651486372203,74.9651486372203,6218500
2023-06-05,75.688232421875,76.58304694034962,75.21823447844261,76.28477543419142,6631900
2023-06-06,77.60438537597656,77.93881159926802,75.26341560456157,75.5616870824313,6903900
2023-06-07,78.1828384399414,78.64380277081924,77.53206688948137,77.77610966880978,7410800
2023-06-08,78.0111083984375,78.55342264365927,76.98976277545239,78.0924582935456,6795900
2023-06-09,77.92073059082031,78.59861655026513,77.42361835804832,78.39976889883131,6282600
2023-06-12,79.03247833251953,79.21324519021847,77.73997530211267,77.91170174818258,7053500
2023-06-13,79.79170227050781,80.42440002332972,79.16804492873266,79.39400693420909,6089200
2023-06-14,79.5205307006836,80.88533588319268,79.21321886973078,80.0809119108384,5772500
2023-06-15,80.4876480102539,80.7407242867168,78.99629778588464,79.20417891477429,8603200
2023-06-16,79.61995697021484,81.02996436157073,79.48438530396035,81.00285002831984,13153100
2023-06-20,78.39073181152344,78.8245749441397,77.9568817830949,78.72515112295426,7382000
2023-06-21,78.03823852539062,78.88785791209794,78.0020906711513,78.23708620277434,6343100
2023-06-22,76.37515258789062,77.39649829976867,76.24861442520884,77.29707447254546,6214600
2023-06-23,75.54361724853516,75.85092225754235,74.65784317726727,75.25438616531129,10026600
2023-06-26,75.55264282226562,76.14014533775976,75.24533784555892,75.52552848853412,6377400
2023-06-27,76.3118896484375,76.70958498933848,75.36284645612861,75.84189170576535,6639900
2023-06-28,75.9141845703125,76.42937760684636,75.5978391787237,76.41130368267515,4781600
2023-06-29,77.04399108886719,77.78514607202285,76.49264333234518,77.13437449738626,9066500
2023-06-30,77.18861389160156,78.17380481625516,77.18861389160156,77.74899518973025,6191700
2023-07-03,78.10149383544922,79.23130361622488,77.58629395543633,78.0382178677466,5839300
2023-07-05,77.65861511230469,77.98400092975447,77.14342205064463,77.68572944779005,6734300
2023-07-06,75.31765747070312,76.75477251841082,75.03745989420024,76.69150343258369,8546800
2023-07-07,75.34475708007812,75.95937389189093,74.9289878979418,75.02841171278003,8217700
2023-07-10,75.38091278076172,76.27572022988143,75.1820651485547,75.39898670377512,6141200
2023-07-11,76.79092407226562,77.2157337290666,75.57977108087066,75.83284741365092,11053100
2023-07-12,77.52303314208984,79.2765003153106,77.36938065053052,78.34553806010572,8602300
2023-07-13,77.92073059082031,78.30938548340119,77.49592095290488,77.93881141139389,6026500
2023-07-14,77.53206634521484,79.01437624605181,77.33321871776886,79.00534273266734,7732700
2023-07-17,78.06534576416016,78.54438404880385,77.44168850523266,77.44168850523266,7911800
2023-07-18,83.09978485107422,83.66016618105985,78.7251570755739,79.12285239038651,21630800
2023-07-19,84.20247650146484,84.83516729438537,82.548433133928,82.63881654780059,12004300
2023-07-20,84.78092956542969,85.08823451891998,83.93131039503136,84.15727235347248,9541800
2023-07-21,84.97074127197266,85.3232413940982,84.11208164704696,85.20573675618164,6298600
2023-07-24,85.5672836303711,86.22709566694034,84.69055001698715,84.97074757017756,7259800
2023-07-25,85.34132385253906,86.38075039939558,85.33229033780518,85.5944001813432,7760100
2023-07-26,84.54593658447266,86.00113231006036,84.31997460094428,85.32324635947525,7201100
2023-07-27,83.83189392089844,85.60343500267278,83.65112709664461,84.6453584216653,8427800
2023-07-28,83.5308609008789,84.47043374185583,83.09299813170122,84.34272521742747,5798400
2023-07-31,83.52175903320312,84.10557157392982,83.04741395371059,83.83191336023607,5242900
2023-08-01,82.9561767578125,83.40315661603282,82.67338761683833,83.19334576689668,4468500
2023-08-02,81.47840118408203,82.22641130873482,80.99493215906897,81.66083996196095,6407400
2023-08-03,81.31420135498047,81.660837807643,80.73951295618895,81.04053623578847,5137700
2023-08-04,80.99491882324219,82.14430242149432,80.74861885810638,81.50575288486885,6191700
2023-08-07,81.25947570800781,81.83416413928244,81.16825631631885,81.59698815321634,4663300
2023-08-08,80.70303344726562,80.7486396661819,78.68705483788717,80.13746204787135,6921200
2023-08-09,79.87291717529297,81.1956227344825,79.79082180933996,80.70302965998367,5200500
2023-08-10,79.94588470458984,81.1226335085583,79.65397851008863,80.19218468845838,4250100
2023-08-11,80.00061798095703,80.45672186217023,79.38031642412338,79.41680556977158,3922300
2023-08-14,79.6631088256836,79.72696309328494,78.92421577533291,79.32558943430892,3637500
2023-08-15,78.59581756591797,78.87859972150682,78.1944439570107,78.82386948741667,9308700
2023-08-16,78.44075012207031,79.17051917706256,78.07586559457418,78.21269816233442,5746300
2023-08-17,78.25830841064453,79.270859630762,77.72010218681234,78.99719450547876,7611200
2023-08-18,77.43731689453125,78.72353318844405,77.27311921785287,77.50117115992879,6650000
2023-08-21,76.85350799560547,77.82044604717468,76.31530872828849,77.55590494711281,5385300
2023-08-22,75.69499969482422,77.32784538976524,75.56728421115348,77.27311515361535,6002300
2023-08-23,76.06901550292969,76.37004577737781,75.60378752965477,75.71325498207061,5878600
2023-08-24,76.11461639404297,77.30960631173281,75.80446214206371,75.86831640576638,5023000
2023-08-25,75.91393280029297,76.76228631670463,75.47607000231567,76.34267157175596,5461400
2023-08-28,76.97208404541016,77.41907083410679,76.41563678567965,76.44300886303063,6439700
2023-08-29,78.03937530517578,78.07585749050449,76.91735671751665,76.9994590334882,6212300
2023-08-30,77.77483367919922,78.4498654565346,77.56502283726908,78.10322902159865,5051800
2023-08-31,77.67447662353516,78.14882150166065,77.31871622504316,78.14882150166065,5581200
2023-09-01,78.2218246459961,78.86036736947285,77.80220986205512,78.44987661289404,4981800
2023-09-05,77.3917007446289,78.69615808149781,77.36433562616755,78.30390847783534,4919400
2023-09-06,76.77140808105469,77.3096073164585,76.03251506621494,76.88086855762882,5384000
2023-09-07,76.47949981689453,77.41907971176283,76.42476957510168,76.61633238096998,5504200
2023-09-08,77.46469116210938,77.49205628485525,76.31531424921992,76.76229415978804,6127600
2023-09-11,76.17848205566406,78.1488474587214,76.03252545416673,77.88430633820285,7780900
2023-09-12,78.03937530517578,78.93333499717743,75.92305361687912,76.02339006592223,8942600
2023-09-13,79.59013366699219,80.09185076047824,78.58670643961356,78.58670643961356,10617400
2023-09-14,81.2503433227539,81.28683246759455,80.20130302726167,80.34725960662428,8109600
2023-09-15,80.64827728271484,80.94018343642568,80.21953859704136,80.4475904971152,17629500
2023-09-18,80.92196655273438,81.232120875273,79.86380894784848,80.79425799627563,5501900
2023-09-19,80.739501953125,81.61522047176743,80.2195438651938,80.98579495915888,5769000
2023-09-20,79.48978424072266,81.32332380064297,79.4168059490777,81.03141759365604,5268200
2023-09-21,77.42818450927734,78.91508746523081,77.38257830154143,78.7600068720705,6933900
2023-09-22,75.97779083251953,77.74747624598508,75.72237375420356,77.74747624598508,7420600
2023-09-25,75.7406005859375,75.96865250000312,75.07469289423749,75.3757161315141,4748800
2023-09-26,74.95612335205078,75.50344671385487,74.54563257059624,74.87402797959753,5557000
2023-09-27,74.48175811767578,75.35747665125376,73.97091708672777,75.17503789993877,5708200
2023-09-28,74.97434997558594,75.30274529071157,74.29931129472094,74.32668337064153,5665400
2023-09-29,74.50000762939453,75.79534100507689,73.91619520769,75.7223696720586,6830500
2023-10-02,73.35063934326172,74.31757747389366,72.88541137341694,73.98005805112882,6722200
2023-10-03,71.17044067382812,72.83065838569833,70.99712594582991,72.59348939799712,7526800
2023-10-04,72.1465072631836,72.3289529880701,70.7964436969874,71.24342354367195,6848700
2023-10-05,72.20126342773438,72.55702398523046,71.17046395021453,71.59008574789183,5589300
2023-10-06,73.27765655517578,73.6972713212575,71.51709516727125,71.80900139409303,6306400
2023-10-09,72.89452362060547,73.04959726562797,72.0005569759244,72.61173448954906,5125000
2023-10-10,73.09520721435547,73.9891739047483,72.99486380136464,73.20467465387084,6245400
2023-10-11,71.97319030761719,73.16818019055472,71.79986861421064,72.89452205104145,8928700
2023-10-12,70.97889709472656,71.9458422369808,70.50455203142,71.9458422369808,11654600
2023-10-13,70.96064758300781,72.27422907883864,70.55014988576399,71.33464917248591,6442800
2023-10-16,71.818115234375,72.22860591525884,71.03361605614117,71.8728454692682,7901500
2023-10-17,73.27765655517578,73.5513147280499,71.13396954949143,71.14308661687183,12324800
2023-10-18,68.30611419677734,70.30385140752608,66.95605061659457,69.72003900102658,34732300
2023-10-19,66.51818084716797,69.74739679630481,66.49081573092317,68.29698995859339,17486100
2023-10-20,66.7097396850586,67.50336280730015,65.9982188663001,66.7006226199096,11270600
2023-10-23,65.40528869628906,66.47257698462735,64.98567399335286,66.34486846458556,12847100
2023-10-24,65.27758026123047,65.77017325042965,64.839724466115,65.45090194990955,9265500
2023-10-25,65.13164520263672,65.58774915089104,64.88534517320677,64.99481262624164,8461700
2023-10-26,65.74281311035156,66.30838442808495,65.13163558028681,65.19548984522503,10903200
2023-10-27,64.21942901611328,65.68808409667268,64.02786621772637,65.596864710716,11099100
2023-10-30,65.17972564697266,65.45673538803044,64.09940033721794,64.68111938450922,9769600
2023-10-31,65.39208221435547,65.57675062636379,64.88423351436003,65.34591158902921,8949000
2023-11-01,65.51211547851562,66.3985435744167,65.28127644293996,65.71525495696594,9429000
2023-11-02,67.82974243164062,67.89437708082923,66.1584700421578,66.18616959971743,11638000
2023-11-03,70.41515350341797,70.80296145921382,68.82697953817838,68.87314312644959,14951100
2023-11-06,70.10121154785156,70.87683453562684,69.58413425243457,70.80296433781018,8140300
2023-11-07,69.7226333618164,70.33204483191821,69.1870850387896,70.04580664479836,7657700
2023-11-08,70.14737701416016,70.35051652086365,69.3071194263683,69.66722780837931,8075200
2023-11-09,68.50379180908203,70.23969875357234,68.29141680489985,69.8795904355379,9497200
2023-11-10,69.55643463134766,69.611833757339,68.37453964586706,68.9377875756117,8924000
2023-11-13,69.28866577148438,69.73187290276671,68.83622310361064,69.02089156753655,4868400
2023-11-14,72.30802154541016,72.90820448249471,70.7937179456376,70.80295348011084,12287700
2023-11-15,73.57302856445312,73.90543738833833,72.4834678738626,72.54810253158197,9841600
2023-11-16,73.55455017089844,74.1270264432611,72.98206685388782,73.85002384056406,6757600
2023-11-17,74.12703704833984,74.2747774266333,73.81309931143971,74.17320767771879,6080700
2023-11-20,73.59149932861328,74.05317751020972,73.25909047429184,73.89620861918293,7644600
2023-11-21,72.45576477050781,73.25908018508431,72.22492571213084,73.00977710168274,7394800
2023-11-22,72.47422790527344,72.82510777827166,72.2156892902109,72.75123758978268,4265400
2023-11-24,72.6219711303711,72.86204573005118,72.06795878427404,72.26186275317555,2398000
2023-11-27,71.9756088256836,72.34495269333574,71.6432000492615,72.27108251087564,5237800
2023-11-28,70.98764038085938,71.51395326846269,70.47979856701087,71.43085457051768,9197900
2023-11-29,72.52964782714844,73.43453315151544,71.41238038710206,71.54165676380474,7420700
2023-11-30,73.25907897949219,73.38835533113293,72.21568898887251,72.73276621683995,8480500
2023-12-01,74.69029235839844,74.77339809063565,72.70507485622785,73.01901966907444,9617100
2023-12-04,74.98575592041016,75.23506603862803,73.92389488482564,74.00700060578119,6713800
2023-12-05,74.02546691894531,74.64411389940922,73.48991861735763,74.49638056652407,6103200
2023-12-06,73.32371520996094,75.49360075225964,73.24984502728861,74.58870862614465,7321800
2023-12-07,74.19166564941406,74.39480513066901,73.51761960122998,73.64688889936524,5430400
2023-12-08,75.9737548828125,76.32463478375305,74.00700850905152,74.12704229141832,10343400
2023-12-11,76.47237396240234,76.49083799007924,75.67828692394502,76.05686641549677,6378100
2023-12-12,77.19258117675781,77.24798734218072,76.24152536534595,76.58316971429888,7395300
2023-12-13,79.06700134277344,79.51021548833607,76.91558641132004,77.07255529936623,10144600
2023-12-14,84.0623550415039,84.94877620875913,80.52589886296693,80.54436993323326,19849500
2023-12-15,84.56096649169922,84.80103404292223,83.34213653175884,84.02541817961884,16905700
2023-12-18,83.80381774902344,84.6440682986378,83.66531289841797,84.63483980800696,9145500
2023-12-19,84.87490844726562,85.28118746896763,83.74841264683694,83.95155215768793,8114900
2023-12-20,84.15467834472656,85.23500334177385,83.96077439997308,84.45015202882449,10467000
2023-12-21,85.53048706054688,85.55819366560368,84.616366343848,85.07804446970691,7748000
2023-12-22,85.32735443115234,86.48154974347949,85.16115002439128,85.77979702108283,5800800
2023-12-26,85.72438049316406,85.89058487983395,85.29040902569382,85.51201252637092,2726200
2023-12-27,86.48153686523438,86.50923642146154,85.31810619115709,85.58588030909976,4073200
2023-12-28,86.46308135986328,86.74931955192604,86.09373743951335,86.1583720972259,4089500
2023-12-29,86.10296630859375,86.58310843662086,85.92752637496423,86.32456982578712,4772100
2024-01-02,86.70313262939453,86.93397163690375,85.19805779186001,85.55817312465005,6132200
2024-01-03,84.86568450927734,86.05680798744086,84.27472997116742,86.05680798744086,7487900
2024-01-04,85.08728790283203,86.00140870438287,84.63484526999473,85.08728790283203,8735600
2024-01-05,86.09373474121094,86.73085280773012,85.0041740848842,85.14267893125565,6027800
2024-01-08,86.34305572509766,86.63852948032194,85.20732429569343,86.06604599754053,6738400
2024-01-09,85.0041732788086,85.72439001953151,84.6348364181859,85.64129133928613,7594100
2024-01-10,84.46864318847656,84.92108583385308,84.29320322521527,84.51480677983744,6929200
2024-01-11,83.57298278808594,83.97925477994553,82.6773260274085,83.97925477994553,9400700
2024-01-12,82.8250503540039,84.85643827062714,82.57574727353345,84.28395487650943,8303100
2024-01-16,79.38092041015625,81.40307240539727,78.30059552693744,80.09190146600649,20369000
2024-01-17,77.94049072265625,78.61453672148822,77.46957714555793,78.34676261077145,17198500
2024-01-18,77.46958923339844,78.46681565415503,76.89710583378285,78.32831081049734,15016400
2024-01-19,78.79922485351562,79.0300639331821,76.82324289514258,77.47883208068706,14787400
2024-01-22,79.15934753417969,80.11963199407225,78.89157333193359,78.9100373603487,11626500
2024-01-23,80.09191131591797,80.19348105705183,78.66071349524277,79.10392050687373,8555700
2024-01-24,80.85830688476562,81.53236004986269,80.516662534696,80.62746782125485,12480900
2024-01-25,81.27381896972656,81.64316290112578,80.63670790882868,81.3846242625412,8792400
2024-01-26,81.00604248046875,81.7170236544268,80.93217229379425,81.14454027467252,6384400
2024-01-29,80.90447998046875,81.20918219965381,79.15010163540158,80.7013404712458,7440300
2024-01-30,81.69701385498047,82.11659164273253,80.90446696798048,81.10027752350018,6569300
2024-01-31,81.34270477294922,82.75063302812548,81.33338587979455,81.78093461562162,8414700
2024-02-01,80.95109558105469,82.20983614655793,79.85086155864369,81.29608668689548,8365000
2024-02-02,81.37066650390625,81.74362848414407,80.18651986383361,80.6247496570887,7728600
2024-02-05,80.0839614868164,80.72732077586126,79.33803746723807,80.72732077586126,7788700
2024-02-06,80.2797622680664,80.69934718272904,79.83221356214969,79.83221356214969,7335500
2024-02-07,80.1865234375,80.55015942818204,79.50586725970687,80.4289498025075,4952200
2024-02-08,79.86018371582031,80.40097825123598,79.4033090080111,79.88815462046968,6218200
2024-02-09,80.0839614868164,80.21449712319382,79.5524929348059,79.89748403875114,5664500
2024-02-12,80.99771881103516,81.71566481781122,79.85086186512058,80.05599132810194,7888000
2024-02-13,78.29373931884766,80.05597722970566,77.47322161142088,80.05597722970566,11339400
2024-02-14,78.32171630859375,79.21682078419586,78.03267415573022,78.82521390993082,5973700
2024-02-15,79.87882232666016,80.40097192242773,78.70400174191315,78.74129153607146,7993500
2024-02-16,80.65271759033203,80.92311483820446,79.31938336180681,79.7389611280853,9673900
2024-02-20,79.58045959472656,80.64339664203581,79.34735924025246,80.13058013038774,6626400
2024-02-21,79.68302917480469,79.7016811879477,78.815895518781,79.26345135665011,6444000
2024-02-22,80.04666137695312,80.87649808091484,79.81356101935359,80.13990009726128,6782100
2024-02-23,80.6993408203125,81.35201892900758,80.14922031699133,80.25178503602311,5810100
2024-02-26,79.87882232666016,81.43593088127882,79.77625760858034,80.65271715811416,5608100
2024-02-27,79.71099853515625,80.60610307987845,79.36601454894601,80.15855436434664,8066700
2024-02-28,80.2331314086914,80.27042119913835,79.51517845358863,79.65504006556449,5624100
2024-02-29,80.22381591796875,80.78325532553234,79.58045668675872,80.64339369522693,7657100
2024-03-01,80.63407897949219,80.9231211470778,79.3566864565748,80.39165261531741,5523700
2024-03-04,83.95342254638672,85.07230137608227,81.6317450622565,81.939432116545,19876000
2024-03-05,83.10494232177734,84.97907131028325,82.62942268325969,83.16089124851852,13883600
2024-03-06,79.86952209472656,82.00471543519176,78.72266503083117,80.90448129537337,25614600
2024-03-07,80.31707000732422,81.23082666838715,79.85086922617482,80.26112818995729,9145700
2024-03-08,81.15621948242188,82.34969214760102,80.57812804800027,80.76461259797088,9689300
2024-03-11,81.06297302246094,81.35201515523808,80.03732587972102,80.95108230316453,4737200
2024-03-12,81.1655502319336,81.82755441728817,80.74596530522133,81.34270167268627,5110900
2024-03-13,83.31006622314453,84.1399029255105,81.35202464580524,81.53850208606295,10345800
2024-03-14,83.07696533203125,83.35668860427829,82.29375155159285,82.98372661250167,9235300
2024-03-15,82.40563201904297,83.31006250258423,82.2098285814193,82.4988778486659,20363000
2024-03-18,82.01402282714844,82.70399784218853,81.77159648156112,82.38698479413098,5960000
2024-03-19,82.44293212890625,83.0676393751483,81.92078960830491,82.05132523845525,8546400
2024-03-20,85.17488098144531,85.2960977368424,81.96742445616805,82.09796010531925,10811700
2024-03-21,87.08628845214844,87.98139290416518,85.74362821729441,85.74362821729441,13659900
2024-03-22,85.73430633544922,87.51519643337157,85.53850289405838,87.198176256602,5909300
2024-03-25,84.97904968261719,86.29373886472699,84.83918807184807,85.56645991145902,3670400
2024-03-26,85.10960388183594,85.6970213526604,84.7925908009187,85.24013951676169,4211900
2024-03-27,87.17952728271484,87.21682419080628,85.6970125327838,85.80889614340028,6394500
2024-03-28,87.79492950439453,88.3263980799927,87.13291817296655,87.41264147113779,6707700
2024-04-01,87.2074966430664,88.05598528141061,86.87183158983767,87.79491404304554,3416000
2024-04-02,86.44293975830078,87.43128304388293,86.28443321507699,86.62009831464425,5245400
2024-04-03,86.71334075927734,87.92546557234375,86.4802403808922,86.6667178381367,4821100
2024-04-04,86.04199981689453,88.33570640093974,85.6503929372508,87.83220879268717,5466100
2024-04-05,86.21916198730469,86.98373088082991,85.41729618267354,86.01403253305135,4654800
2024-04-08,86.90912628173828,87.08628480910882,85.96739895565035,86.713322857956,4601900
2024-04-09,87.72032928466797,87.77627109476244,86.55482748331022,87.2820994691721,4951600
2024-04-10,85.45459747314453,86.61077332204579,85.0163676372647,86.03268184076576,5994200
2024-04-11,80.9697265625,85.5944433324932,79.26343756701405,85.51984952021581,24631800
2024-04-12,80.36367797851562,80.94176228684107,79.36600877702766,80.0000420059696,12789800
2024-04-15,81.10960388183594,83.10494250770395,79.71100164237748,81.86485392843151,9553900
2024-04-16,83.1142578125,84.94176364977334,82.05132081647018,84.57812768342934,18291600
2024-04-17,83.99073028564453,85.25879691675522,83.60844224945043,84.0373460932586,9544600
2024-04-18,84.15856170654297,84.95110156186912,83.67370894102322,84.53152373071379,6752000
2024-04-19,84.5315170288086,85.42662154765671,84.25179375444303,84.25179375444303,8143000
2024-04-22,85.86483764648438,86.39631324967334,84.57812633331893,84.95108829926275,7294400
2024-04-23,87.42195892333984,87.69235618813647,85.9301180776156,85.9301180776156,6393900
2024-04-24,87.50588989257812,87.71101938547193,86.74132085503017,86.81591469129333,5100900
2024-04-25,86.3030776977539,87.31939899810745,85.45459606003215,86.71333662050124,6770600
2024-04-26,86.55482482910156,87.0023735234501,86.15389193718279,86.24713065570054,4606100
2024-04-29,86.67716217041016,87.33587185013587,85.94316933317377,85.94316933317377,4416100
2024-04-30,85.4820556640625,86.41366847874818,85.20916681304139,86.1972312203495,5860000
2024-05-01,86.14078521728516,87.02534440014578,85.3785629644611,85.89611853660934,4713600
2024-05-02,87.18531036376953,87.4393820392713,86.19723869142487,87.08179781983259,4449200
2024-05-03,88.11691284179688,88.85090563227108,87.77814583397854,87.83460460881606,5043500
2024-05-06,89.19908142089844,89.31200614565543,88.17336824769554,88.98264415996326,5105100
2024-05-07,90.14009857177734,90.27184049329614,89.12379759486412,89.32141047714231,7418000
2024-05-08,89.99895477294922,90.38477557259802,89.4908042262737,89.80134186803048,4662600
2024-05-09,92.3232650756836,92.46441919401325,89.95189599005626,89.95189599005626,6766700
2024-05-10,92.48323059082031,93.15135238430967,91.8715675693622,92.9160979283178,6118400
2024-05-13,92.74671936035156,93.13254013478662,92.61497743234852,92.92551505381138,5379000
2024-05-14,93.51834869384766,94.2711658242371,92.94432724728985,93.1607645055806,6216600
2024-05-15,94.59111785888672,95.02399241858052,94.09237951157506,94.13943327918433,6938500
2024-05-16,93.70657348632812,94.48762014374302,93.58423655239716,94.24295345527861,4339300
2024-05-17,94.30880737304688,94.3840905219446,93.44307269891183,94.00768195685224,4690800
2024-05-20,94.4123306274414,94.9392983707645,93.51835928642167,94.14884675577986,5690200
2024-05-21,95.54154968261719,97.16010167767028,94.24294751838478,94.39350665452616,8337100
2024-05-22,94.79814910888672,96.4731599612952,94.26176914851548,95.30629967861694,5194300
2024-05-23,93.08549499511719,94.62876387707155,92.67145197419595,94.45938035688644,5594500
2024-05-24,93.13253021240234,94.01708921709282,92.98196392249935,93.58421472331962,3550500
2024-05-28,92.85022735595703,93.59363230152654,92.59615570135807,92.6243850874917,5541600
2024-05-29,91.53280639648438,91.93744437368625,90.77999639709725,91.62691392837988,4679600
2024-05-30,91.49517059326172,92.04095550112797,90.8929125518498,91.92803795162295,4548800
2024-05-31,92.06917572021484,92.18210043787134,90.71411500531617,91.58926182381542,7155500
2024-06-03,91.66455841064453,92.37032184585037,90.83645805185566,92.37032184585037,5671200
2024-06-04,90.88350677490234,91.79629524914203,90.02717707493841,90.57296915759257,5409600
2024-06-05,90.95877838134766,91.85274236442571,90.8082120965285,91.1281546826758,4499700
2024-06-06,91.1375732421875,91.70218249094266,90.58237618174049,90.78940124814315,4741200
2024-06-07,91.41047668457031,91.91862720349772,90.2718459063687,90.45064160174965,4018400
2024-06-10,90.70471954345703,91.11876973848666,89.78252597376019,90.92115683069449,4566000
2024-06-11,89.80134582519531,90.77059319272519,89.14263611310628,90.77059319272519,5330000
2024-06-12,90.00836181640625,92.11623986108768,89.96130805056471,91.57985995571885,5435700
2024-06-13,89.59431457519531,89.91426439868742,89.02970526365286,89.86721063131017,3955900
2024-06-14,89.8672103881836,89.88602758744544,88.44627133411835,88.8226799339273,3406600
2024-06-17,91.3163833618164,91.45753749117323,89.09558041008745,89.40611805879298,4874100
2024-06-18,91.81511688232422,91.92804161572681,91.09994126290154,91.29755416180842,4558400
2024-06-20,91.69278717041016,92.24798428952002,91.38224953799437,91.88098788008203,3956800
2024-06-21,90.48828125,91.61749981506198,90.2342024062533,91.5798582389737,10785300
2024-06-24,91.37283325195312,91.89980813832162,90.50709853924305,91.02466123673089,8418200
2024-06-25,92.03154754638672,92.53969086169072,90.97760498189008,91.08111751855478,7439700
2024-06-26,91.17520904541016,91.91861392798843,90.41298696680266,91.6363057317805,6514200
2024-06-27,90.12128448486328,90.65766442069005,89.55667515968726,90.41300492673193,5437800
2024-06-28,91.45752716064453,91.57985689659088,90.48827992361758,91.03406482040602,9058800
2024-07-01,93.31134033203125,93.51835824360184,91.69278836199067,91.76806433919953,7420600
2024-07-02,93.77243041992188,93.9135845336497,92.80318318073205,93.132537993166,5570900
2024-07-03,94.28999328613281,94.6664018923032,93.63128360988239,94.03592160512108,3112000
2024-07-05,93.7159652709961,94.20529857886547,93.07608001814563,94.19588639003045,3633200
2024-07-08,94.656982421875,95.29687484932553,93.94181402249816,93.94181402249816,3884400
2024-07-09,96.557861328125,96.83075742031832,94.08298647598254,94.66641306397017,7113600
2024-07-10,97.35770416259766,97.40475792601679,96.04027776022144,96.46374009280468,5619000
2024-07-11,98.46810913085938,99.07977218092435,97.80939949503345,98.1011127366997,7761000
2024-07-12,97.95054626464844,99.5785103324081,97.83762871549749,98.80687596915816,7060600
2024-07-15,99.05154418945312,100.24663373969219,97.15068404888811,97.80940087339346,10093900
2024-07-16,99.95491790771484,102.67445893977946,96.74604356960462,97.9881868535255,16716400
2024-07-17,100.65127563476562,101.35703907317456,98.3646018071448,98.89156954374977,11412000
2024-07-18,98.6280746459961,101.28174459048131,98.17639011638798,100.2466264324502,9130700
2024-07-19,96.06851196289062,98.54339358312983,95.72975213099521,98.53398139409487,12555900
2024-07-22,96.39786529541016,97.14127021559077,95.93676140632095,96.4260946805797,8931200
2024-07-23,97.39533996582031,98.02582015365515,96.15319678676539,96.40726842774204,7400600
2024-07-24,95.9555892944336,97.86585434104089,95.74856422308568,96.79309458896195,7967400
2024-07-25,97.45182800292969,98.04467397558541,95.84268798174621,96.05912529449631,5582300
2024-07-26,98.0446548461914,99.64438236442155,97.90350072884247,98.67513510036709,6599600
2024-07-29,96.43551635742188,98.40224029797068,96.29436223828948,98.30813994501466,5183400
2024-07-30,97.64002227783203,97.97878930646614,96.7178215489065,97.4518143844814,6225500
2024-07-31,97.99607849121094,99.05000454394035,97.08457624852149,97.87264838596346,5444600
2024-08-01,96.61932373046875,98.73666526538943,96.07811909324045,98.50879153497102,5678100
2024-08-02,91.00788879394531,94.01774633624123,90.23881034940293,93.99875987513106,11120700
2024-08-05,87.4188461303711,88.65317617411299,86.34593360347075,87.96954767259292,9659500
2024-08-06,88.27337646484375,89.099421484675,86.8966226918324,87.54227098856086,6068300
2024-08-07,87.45681762695312,90.51415187569431,87.36187084314864,89.8305234419416,7215700
2024-08-08,89.84950256347656,90.23879376245101,88.09296185262954,88.7670933797557,6592300
2024-08-09,89.93497467041016,90.3147690816689,89.27033263971337,89.52669694600279,3542600
2024-08-12,90.04889678955078,90.40970469542621,88.81457416053873,90.10587065277979,4196300
2024-08-13,91.82444763183594,91.90990481991237,90.15335647766219,90.93193180336081,5941500
2024-08-14,94.4165267944336,95.50842569703902,92.58402557708631,92.82139616356147,10161700
2024-08-15,95.55590057373047,96.09710520902463,95.09065626296274,95.70782122278334,5885100
2024-08-16,96.31549835205078,96.37246497879353,95.38500239938888,95.54641267114397,4159700
2024-08-19,96.60982513427734,96.88517587371594,96.18256099196151,96.39144101542082,4070500
2024-08-20,95.68882751464844,96.49588604176758,95.51792040646053,96.13508536624879,3396900
2024-08-21,95.60338592529297,96.11610729459888,94.91026058049725,95.99266994548441,3576000
2024-08-22,95.47994232177734,95.87873041220996,94.85328774076966,95.6698431372156,2777300
2024-08-23,96.74275970458984,97.39790486882985,95.72681384159596,95.84075433571726,3814800
2024-08-26,97.16053009033203,97.84415853768316,96.8282127184184,97.83466168592122,2679000
2024-08-27,96.92315673828125,97.65425493562839,96.88517657629274,97.28395741120936,2537200
2024-08-28,97.0370864868164,97.51182762861879,96.2964914646407,96.74274929697091,2836800
2024-08-29,97.4168930053711,97.72072708428001,96.16357652437476,97.72072708428001,3325600
2024-08-30,98.37586212158203,98.56575568483952,96.94214181387014,97.71122740620571,4951400
2024-09-03,94.25511169433594,98.04355156677207,93.48603329261198,97.6542603179151,6634000
2024-09-04,95.09066772460938,96.20156043980151,94.64440981919644,94.70137644747004,4212500
2024-09-05,94.53046417236328,96.18256874211738,94.11269684780683,95.89772112830441,4462400
2024-09-06,91.71050262451172,95.70782995052868,91.28323843704432,94.66339350298453,9246800
2024-09-09,93.22018432617188,94.01774608221258,92.66948278377653,92.82140344815151,5281500
2024-09-10,91.7389907836914,93.45755158503862,90.09638306783621,93.42906827248216,7798600
2024-09-11,92.12828063964844,92.2327242882983,89.33679992841793,90.66607680252656,6764100
2024-09-12,91.75796508789062,92.7549243591434,90.84646298696155,92.45109032550037,4751200
2024-09-13,93.2866439819336,93.7518883205532,91.95736719904475,91.97636090330104,5354800
2024-09-16,95.03369140625,95.1286454428968,93.7708853001734,94.14118286237287,4467200
2024-09-17,94.79631805419922,95.72681398093837,94.41653089452682,95.59388702625789,4748600
2024-09-18,94.2835922241211,95.90720603508952,94.22661836206925,95.06216739506456,5195900
2024-09-19,95.64136505126953,96.30599983167727,94.49248497603132,96.10660939755495,9091900
2024-09-20,97.29345703125,97.3504236538662,95.12863844412966,95.77428672835637,14513400
2024-09-23,97.29345703125,97.3504236538662,96.1920540341675,96.55286196133783,3962400
2024-09-24,97.39789581298828,97.68273615584414,96.79971732943838,97.57829252360447,4749700
2024-09-25,97.1700210571289,97.61627892450085,96.58134663121318,97.55931230108332,3825100
2024-09-26,99.31585693359375,99.49626090647149,97.7682032396727,97.86315003024885,5183000
2024-09-27,98.85060119628906,99.82856679006524,98.76514402383656,99.62917637964266,3113300
2024-09-30,98.97402954101562,99.12595018093141,97.91061403750442,98.49928840724102,3378600
2024-10-01,99.14495086669922,99.87605637425507,97.8536542180072,98.91707711809941,5437400
2024-10-02,99.2398910522461,100.07544014811904,98.66071348893696,99.5342355037356,3293600
2024-10-03,99.28736114501953,99.41079123286154,97.94859490497208,98.34737572166921,4587200
2024-10-04,102.43016052246094,102.62006135221746,101.23381789288662,102.17380345725958,5608900
2024-10-07,102.20228576660156,103.41762208919896,101.85097466798555,102.24976278456823,4439900
2024-10-08,102.05986022949219,102.74348871037797,101.96491343914155,102.21178088923381,3679400
2024-10-09,103.53156280517578,103.84489373887716,101.80350510957774,101.80350510957774,4445800
2024-10-10,102.62004852294922,103.52205380860472,102.21177084498436,102.96186272980238,4065500
2024-10-11,104.87982177734375,105.84829785189108,103.49357838567508,103.49357838567508,5826200
2024-10-14,106.60787200927734,106.75979265513254,104.96527167882483,105.44001283115968,7179300
2024-10-15,106.55091094970703,110.19691971280712,106.3705069843329,109.5987484374791,8925200
2024-10-16,113.47264099121094,115.31463187810995,110.61469700592075,110.97549770162813,21458500
2024-10-17,113.40617370605469,114.27969572567996,112.73204210978027,113.71949737476294,9357200
2024-10-18,114.94432830810547,115.0013021736879,113.09284066611978,113.4916215053205,6852900
2024-10-21,112.30477142333984,114.59302736851981,111.92497703378595,114.28919330567179,7469100
2024-10-22,112.3427505493164,112.618101298101,111.32680473192693,111.70659911797378,4429600
2024-10-23,112.30477142333984,112.7415324359354,111.27932874473699,111.93447388561805,5661600
2024-10-24,113.1498031616211,113.31121341293895,111.98194399740952,112.4187049830799,5611800
2024-10-25,110.97550201416016,113.93788975563808,110.45329103249904,113.93788975563808,7271700
2024-10-28,113.11183166503906,113.63404986398142,111.57367486810989,112.15285969094575,5994000
2024-10-29,113.27325439453125,114.0233391236261,112.81749965044646,112.883963129378,4622200
2024-10-30,111.96295928955078,113.29223605584376,111.83952918932863,112.61810444267549,5673000
2024-10-31,111.25000762939453,112.83861339347617,110.72366058677734,112.09215559633299,5374600
2024-11-01,111.82420349121094,112.94387927244306,111.29786373226598,111.65194511707912,4372100
2024-11-04,111.14473724365234,112.39839089618289,110.95334230324656,111.97732056704035,4366300
2024-11-05,112.74291229248047,112.82904513009944,111.09688945242189,111.09688945242189,4798400
2024-11-06,125.83453369140625,127.77722088522667,122.16926276347209,123.93968428263189,22798700
2024-11-07,122.91571044921875,125.89194781493552,122.5711937103336,125.11678880306846,7780000
2024-11-08,123.95882415771484,124.90624883152647,122.26495629154233,123.43247711670838,6979300
2024-11-11,127.7772216796875,128.2270078409054,124.93496215135255,124.93496215135255,6861300
2024-11-12,126.61927032470703,128.06433372304886,126.0450854228659,127.46142570374067,5683300
2024-11-13,127.04988861083984,128.85859772401344,126.77236815117179,127.71979277330927,6134800
2024-11-14,126.73407745361328,129.1074212715549,126.3034352181188,127.3752730916236,7344200
2024-11-15,128.2939910888672,128.61936396622028,126.83936317496683,127.63366609497496,7281900
2024-11-18,128.02601623535156,129.6816034914585,127.6814995332574,128.89687992710302,6434100
2024-11-19,126.55226135253906,128.32268267102384,126.25558242439055,127.52837985581299,7244800
2024-11-20,126.02590942382812,127.90160006859865,125.41343692313829,127.43268470865415,5125600
2024-11-21,129.18399047851562,129.73904602315952,127.41355443779807,127.47097145922713,5547400
2024-11-22,128.8968963623047,129.83474182550495,128.19829823377276,128.88731712331895,6334100
2024-11-25,127.91117095947266,130.38020467371715,127.83461007657027,129.6146104471886,8012300
2024-11-26,125.63353729248047,126.12159651314856,123.00181707030747,125.12633419967952,8817300
2024-11-27,125.56656646728516,126.73407992309879,124.95409392870386,125.8345222902584,5507800
2024-11-29,125.9493637084961,127.0211870631971,125.76753340314546,126.59054479407602,4068200
2024-12-02,125.39430236816406,127.27957239057004,125.20290743544463,126.60968282480334,5512100
2024-12-03,124.82968139648438,127.46140186118258,124.418168421433,127.46140186118258,4791300
2024-12-04,124.39904022216797,125.5569890592165,124.06408813732068,124.5904351552961,6203700
2024-12-05,124.71485900878906,126.18861618159765,123.85355983292808,124.35119838325896,4991900
2024-12-06,124.37032318115234,124.95408717877324,123.62385816891076,124.90623479814928,5013200
2024-12-09,123.0496826171875,125.145491463885,122.81043529866034,124.90624414535783,7753900
2024-12-10,121.33666229248047,123.07838235517241,121.08784305459642,122.14052972083911,6551300
2024-12-11,122.10225677490234,122.44677349428417,120.84860317458158,122.25537856184923,8835400
2024-12-12,122.40850067138672,123.28892904490554,121.88215365393053,122.38935679734358,3610500
2024-12-13,121.92044830322266,123.2697995305022,121.26012329553826,122.4946404701767,6091500
2024-12-16,123.4803237915039,123.74827961771408,121.91086197977404,122.24580676253674,5659700
2024-12-17,122.24580383300781,123.16451262996166,121.70989219343018,122.59032784577006,7141400
2024-12-18,115.833984375,122.86785418636745,115.11624240850846,122.64775073867607,7858800
2024-12-19,115.31719970703125,119.56623413222088,115.12580478569316,119.41311235415182,8632400
2024-12-20,118.13075256347656,119.18343925333856,115.34591040721828,115.98709143725942,14884000
2024-12-23,119.09732055664062,119.30785937984227,117.50872204736774,117.8053864066523,5074100
2024-12-24,121.59506225585938,121.74818405366503,119.23129743629102,119.69065552845882,2902800
2024-12-26,122.52334594726562,122.65732387286,121.04958146447807,121.08786191482636,3013500
2024-12-27,121.30796813964844,122.36065493046227,120.40839584324888,121.58549591835147,3088100
2024-12-30,120.3414077758789,120.7337769042408,118.6858130289176,119.19302350487912,2637900
2024-12-31,120.31269073486328,121.3749493957926,119.8150522317935,120.89645476659015,2970000
2025-01-02,119.41313171386719,121.80560512471162,118.86764806824463,121.06872652672128,5014300
2025-01-03,120.52323913574219,120.58065615941835,118.74323838928893,120.2457113525587,3988400
2025-01-06,123.10710144042969,124.36075507147514,122.14054021507275,122.14054021507275,6665200
2025-01-07,121.42279815673828,124.08323450875658,120.06387512093139,124.07365527028408,7268800
2025-01-08,122.36064910888672,122.49462702309333,120.35097309453884,121.45151221944919,5744500
2025-01-10,118.14031982421875,121.05913995307289,117.98720534108546,120.87730965943159,6873800
2025-01-13,118.65709686279297,118.95376849964153,117.18333251929093,117.18333251929093,5433000
2025-01-14,119.26001739501953,120.00646793214722,118.37001699277128,120.00646793214722,8999900
2025-01-15,124.93495178222656,125.78667164613078,122.93484771791739,124.13108430219283,11349500
2025-01-16,129.9687042236328,130.29407705531526,126.22687285179462,126.657529684753,16235700
2025-01-17,131.9401092529297,132.14108342971076,128.74376851649097,130.3036657380604,12481500
2025-01-21,131.39463806152344,131.700867054132,129.47108016069174,130.57162665279657,11213300
2025-01-22,130.1505584716797,132.42819791773388,129.97830738878451,131.35635985944398,7177500
2025-01-23,131.8731231689453,132.2559130325863,130.1218310679181,130.1218310679181,6911000
2025-01-24,131.8922882080078,133.05980186021625,130.60034665652768,130.60034665652768,6475500
2025-01-27,130.77256774902344,130.87783714464837,128.35138625214626,129.44235335112452,6460700
2025-01-28,132.581298828125,132.8683985551497,129.80603553938323,130.21754855536832,5885100
2025-01-29,132.74398803710938,135.39483780061835,132.2367702898252,132.51430535546166,5719800
2025-01-30,133.9210968017578,134.44744388372646,132.91625502754476,133.79668350897455,4545700
2025-01-31,133.35751342773438,134.63878010712514,132.72170892715857,134.04150342186873,5502700
2025-02-03,132.13406372070312,132.9432801589691,129.00315313724914,130.83352575232635,5307000
2025-02-04,131.75836181640625,132.82768884328695,131.29593979961314,132.6831764506653,5997300
2025-02-05,133.8391876220703,134.1185693977995,131.5078653298825,132.43269456380872,5871200
2025-02-06,135.910400390625,136.21866697107524,134.869973119742,134.8796013973728,4576600
2025-02-07,134.85072326660156,136.8256082692155,134.6965973017458,136.81597999005666,3529000
2025-02-10,132.278564453125,135.16863582749843,130.6408602809127,135.11083675195707,5517700
2025-02-11,132.740966796875,133.14558970987096,130.47708645801006,131.79688096576382,5096800
2025-02-12,132.08587646484375,132.2496453879172,130.6312127130775,131.09361994879444,4688900
2025-02-13,131.82579040527344,133.03962983612035,131.35375480408962,132.91438870127712,4699800
2025-02-14,133.85845947265625,134.46537911947672,131.45006684198714,131.45006684198714,5044500
2025-02-18,135.5540008544922,135.62142821604692,133.80068365876485,134.30163352892475,3797000
2025-02-19,135.5347137451172,135.76591004302887,134.15710543818753,134.87962326848734,3623100
2025-02-20,129.41737365722656,135.90077674102736,127.57735829051362,135.11081695858726,8860800
2025-02-21,126.86448669433594,130.63121612231348,126.11306940431245,130.22659324338267,6704100
2025-02-24,125.20751953125,128.097590740497,124.17672041078066,127.89527928799828,7784500
2025-02-25,124.85108184814453,126.47914294476766,121.74906356448655,126.2286753990554,7458500
2025-02-26,126.2479476928711,127.39434496474074,125.38091750506415,125.63139975249527,5493600
2025-02-27,124.50428009033203,128.0012564572846,124.09002888287878,126.97047197766202,5538700
2025-02-28,128.23245239257812,128.52146243596903,124.26342620897134,125.14006991771981,7424200
2025-03-03,124.39830780029297,129.08022392338756,123.04960638194163,128.44440470551552,5969400
2025-03-04,117.25982666015625,121.93210709618971,114.88033346195243,121.83577285675393,12996500
2025-03-05,119.21543884277344,119.82235115821558,116.990086336321,117.52956395004735,7291900
2025-03-06,114.99593353271484,118.61815074342744,114.2541444894172,116.37353440615091,8611500
2025-03-07,114.91886901855469,115.11153749808156,111.21957394302139,114.37939139601433,8513500
2025-03-10,107.59734344482422,112.01914845496908,105.2178505283248,111.7494096765503,16765700
2025-03-11,107.93452453613281,109.35066057261635,106.29681314469137,107.61661494634447,13490400
2025-03-12,109.82270812988281,111.36407800209034,108.42584329097033,110.78606521874143,7925500
2025-03-13,107.58771514892578,110.64155521958432,107.1542074183288,109.82270320077282,7435500
2025-03-14,111.11359405517578,111.52783786365427,108.41619883586782,109.81306356106028,6879400
2025-03-17,113.6375961303711,114.92849839240316,110.63191950445116,110.75716062417551,8374900
2025-03-18,113.7821044921875,114.84179580263462,112.98251635755248,113.94587343065554,7234900
2025-03-19,115.45834350585938,116.80704487541807,111.9709956122337,112.93435268337116,8430800
2025-03-20,116.05562591552734,117.34652084490902,114.46608530037756,114.46608530037756,7026000
2025-03-21,115.73771667480469,116.45059884171019,113.96514321118427,114.97666371493578,10989900
2025-03-24,119.71636962890625,120.24621891207946,117.52955250072797,117.82819081497259,6184400
2025-03-25,120.6123046875,121.43116409358963,119.60078415323902,120.32330197049599,4326300
2025-03-26,117.72223663330078,121.71053450548763,117.1538594627894,121.16142124337007,5084600
2025-03-27,114.63948822021484,115.44870460914456,113.23298781814823,114.57205352113738,8239400
2025-03-28,111.10397338867188,115.05373593207008,110.4296190252719,114.36011766106724,7349400
2025-03-31,112.39486694335938,112.7416760745415,108.06939578201097,109.54333091461945,7616600
2025-04-01,111.49893951416016,112.5971659297352,109.3795570086229,111.73977876932716,6651000
2025-04-02,114.89960479736328,115.94003229012138,109.70711031292048,109.79381627889956,8415300
2025-04-03,103.97514343261719,107.30835848003267,102.96361542740537,106.07526243357054,15186100
2025-04-04,96.17194366455078,99.90013103874419,93.74427959082189,97.81928346823673,18876900
2025-04-07,97.22198486328125,100.51666397789073,90.87346587957171,92.74237342684003,20721400
2025-04-08,96.63434600830078,103.02140813048042,94.66909668992483,101.36443278264396,10710100
2025-04-09,107.60697174072266,109.72636150690958,94.30301419705657,94.60165250895149,16919500
2025-04-10,102.67459869384766,104.88068727492146,99.62075853373372,104.78434568767247,10956700
2025-04-11,104.15817260742188,105.19859269264138,99.11981172552571,99.11981172552571,10573200
2025-04-14,105.11189270019531,107.41431555779747,104.57241508162683,106.4316945597147,8224500
2025-04-15,106.3931655883789,108.04050542655756,106.02708516889582,106.0559847073115,6003800
2025-04-16,103.9076919555664,106.27754941555078,102.74203080755566,105.56466725681507,6520100
2025-04-17,105.1793212890625,106.69179153877927,104.18706471979894,104.54350211856494,5233100
2025-04-21,102.40486145019531,104.36047516392911,100.940554559731,104.17743496516324,7784500
2025-04-22,106.3353500366211,106.64362400298678,104.01366333520504,104.06182677848746,6571300
2025-04-23,108.19462585449219,112.33706402982374,107.82855282846579,109.10018381603696,9243800
2025-04-24,111.36407470703125,111.65308476507009,107.16383733589849,107.77075698781383,6640700
2025-04-25,111.7590560913086,112.80911177290913,110.75716385345703,111.47004602949002,5013200
2025-04-28,111.58564758300781,113.57979635959586,109.6589335051515,111.63381102505566,4171200
2025-04-29,111.95172119140625,112.20219608077687,110.04427836035948,111.1521330809972,4689800
2025-04-30,112.08281707763672,112.47125321147062,108.79083399401979,109.8396093327304,6502400
2025-05-01,113.38408660888672,114.41343615316451,111.35451152748952,112.19935963440658,7743600
2025-05-02,116.7440414428711,117.02565746813332,115.03492681763976,115.85064347853783,6894400
2025-05-05,116.14196014404297,117.3752443202701,114.96694620394196,115.30682504466489,6540300
2025-05-06,114.90868377685547,115.70497452452405,113.82106407395078,114.40371457561993,5739600
2025-05-07,115.65642547607422,116.53040499529969,114.78244595684875,114.9086919705613,4680600
2025-05-08,118.35603332519531,119.69613758823925,116.52068022553354,116.52068022553354,6449300
2025-05-09,118.18124389648438,119.6670127139285,117.95789811297541,118.94840324913488,4240100
2025-05-12,123.38626861572266,125.46439347486158,122.78419962831806,123.73586040593325,9162100
2025-05-13,125.61006164550781,126.3480821507215,123.5513553206414,124.06603004965726,6086700
2025-05-14,127.25119018554688,127.76587975069523,125.39642591497497,125.61977169921222,6273400
2025-05-15,128.67868041992188,129.18364960237508,126.26068426189369,126.49373556332928,7209300
2025-05-16,128.35821533203125,129.13508754926377,127.9794921635511,128.45532991578722,6303800
2025-05-19,127.05696868896484,128.30967871562487,125.33815605533293,126.53258843851569,7703500
2025-05-20,125.39642333984375,126.61998717946773,124.41561634411393,126.11501797461703,5220100
2025-05-21,121.67716217041016,124.92058807748074,121.45380897743547,124.38648744784777,6371600
2025-05-22,122.60940551757812,123.3959833525976,121.0071110239282,121.0071110239282,5689200
2025-05-23,122.42488861083984,122.91043191577835,120.29820656439233,120.51184680397373,3361400
2025-05-27,125.47410583496094,125.78484584113544,123.15320204987111,123.85238558577065,5472400
2025-05-28,123.82325744628906,125.67802904473642,123.59019132229335,125.47410915164537,4050900
2025-05-29,124.4544677734375,124.68751908458376,123.26002794219107,124.39620494565094,4337500
2025-05-30,124.3282241821289,124.61955314432444,122.6967982932011,123.92036956209778,6436100
2025-06-02,124.68750762939453,124.75549080063733,122.70649757861786,123.79411718646594,3607900
2025-06-03,124.95941925048828,125.44496256088203,123.45423943354938,124.41561311366421,4145600
2025-06-04,124.4544677734375,125.6780316097741,124.4544677734375,125.11479957849356,3123200
2025-06-05,126.84332275390625,127.2608976832462,123.658159996692,124.65837797619254,6193300
2025-06-06,128.00865173339844,129.70805340299833,127.03756506505565,128.26112893282917,5004400
2025-06-09,128.13487243652344,129.05740173241912,127.31916325810654,128.40677549599573,4838600
2025-06-10,128.00865173339844,128.63014660843356,127.35801062611493,127.79501148095449,3816900
2025-06-11,127.99893188476562,129.59151343438103,127.6202086753329,128.2125721380463,5810200
2025-06-12,128.10574340820312,128.18343211487027,126.04704454314357,126.88217961780832,4258700
2025-06-13,125.74601745605469,127.28033616329184,125.08567081937741,126.42577515733531,4367500
2025-06-16,127.11524200439453,128.9603156090132,126.5228785298096,126.5228785298096,6240500
2025-06-17,126.32864379882812,127.37741903488102,125.91108370117247,126.08587216504564,4767700
2025-06-18,128.6884002685547,129.11568074299848,126.17327471537074,126.26068377067466,6170400
2025-06-20,128.8729248046875,129.5138307768833,128.09605246713278,129.4944197112098,8904400
2025-06-23,130.12562561035156,130.2227402132234,127.11525073262112,128.24171492845903,5232400
2025-06-24,131.97067260742188,132.7281190250809,131.10640606329264,131.75703235448145,5599900
2025-06-25,133.73805236816406,133.9031353177675,131.4948446153086,132.18430782732256,5736400
2025-06-26,135.7093505859375,136.14633658673608,133.8545716478221,134.01965458956354,6013200
2025-06-27,136.6221923828125,137.79719901077877,135.07816806129946,136.19491185714938,7249300
2025-06-30,136.78729248046875,137.74867378363447,135.51517109455634,137.418492997604,8034400
2025-07-01,136.9912109375,137.5155912474509,135.43746625579567,136.48624169330498,6166700
2025-07-02,138.72943115234375,138.748857033117,136.90378361740102,137.52527844369558,5494500
2025-07-03,139.97244262695312,140.3802972811439,138.54494392848153,139.21499615236914,3974700
2025-07-07,139.58399963378906,140.96294089105422,138.3798468601067,139.943296950669,5991600
2025-07-08,137.04946899414062,139.89474587701164,136.94264886577577,139.45775983101254,6620400
2025-07-09,137.4573211669922,138.80713104622592,136.82610594062984,138.76827928154782,4837000
2025-07-10,138.9527587890625,139.02074195409568,137.23394641384047,137.66121201186397,5622800
2025-07-11,138.16619873046875,138.33128167252548,137.03973473073475,137.75834414110412,3647500
2025-07-14,139.80735778808594,139.88504650464586,137.89431574342004,138.33130180866286,5376100
2025-07-15,137.49615478515625,139.8364771605267,137.4573178390251,139.14699912144675,7392200
2025-07-16,135.74818420410156,135.95211890220108,131.34916325646017,135.46657562040753,10610800
2025-07-17,136.8261260986328,137.59329297917853,135.10731310737188,135.23354431715612,7695800
2025-07-18,136.75811767578125,137.6515155044702,136.14632842079462,137.36018658220968,5572300
2025-07-21,136.4085235595703,138.39925387318038,136.12690017316274,137.15626432292325,5853400
2025-07-22,135.990966796875,136.81639636944112,134.91306003178107,136.7290021279053,5257200
2025-07-23,138.09825134277344,138.50610599406542,135.88415995094778,136.7095896041674,6612900
2025-07-24,138.3798370361328,139.56456384388565,137.74863668897498,138.35070562427046,3817900
2025-07-25,138.87509155273438,139.23440367645276,137.94285669968397,138.787697313562,3463000
2025-07-28,138.4381103515625,139.00134238626183,137.91373008069422,138.90422779429056,3729300
2025-07-29,139.40919494628906,139.88503273176534,137.99141675708404,139.3509321190075,5158700
2025-07-30,140.7493133544922,141.27369367020216,139.13730582260126,139.6714064889034,5236800
2025-07-31,139.30210876464844,141.4924453402137,138.85229897756693,140.02569570312673,5523700
2025-08-01,136.0067901611328,136.47616075004254,133.15151955439654,136.18280786211088,6678500
2025-08-04,138.2264862060547,138.63717431340913,136.6130675756945,137.07263540111225,3851500
2025-08-05,137.34645080566406,139.54657539302985,136.31972301411673,138.51984760148252,5331100
2025-08-06,138.16783142089844,138.7056426544086,137.39533485261563,138.02114749145917,3765800
2025-08-07,137.79623413085938,139.54656367781683,137.48333530783285,139.07719306245423,3728600
2025-08-08,140.00611877441406,140.73949350868008,138.14824208249237,138.4807017144283,3943500
2025-08-11,140.69064331054688,140.99376921034633,139.49768563223589,140.38751741074742,4024700
2025-08-12,144.02503967285156,144.94420523118728,141.6098054928555,141.85426378302776,7111600
2025-08-13,144.48463439941406,145.77538144011913,142.16717439152683,144.86598876679489,5542000
2025-08-14,145.21798706054688,145.3646709766146,142.92986120715938,143.74146446364443,4188600
2025-08-15,141.4239959716797,145.51133087718787,141.25776614696528,145.335328093566,4986000
2025-08-18,141.5706787109375,141.84447079242327,140.63196726600037,140.915532307343,3548700
2025-08-19,140.87640380859375,141.7564475174906,140.24080342279305,141.28709186744877,4257700
2025-08-20,140.92530822753906,141.50224112329929,137.90380738731824,140.6319702201776,4619300
2025-08-21,140.84707641601562,141.24799157721847,139.73234725305971,140.2310516947435,3269400
2025-08-22,144.73886108398438,145.5993440745971,141.46311419807878,141.60979811687181,6759600
2025-08-25,144.3770751953125,145.31580169206524,144.29886166442196,144.69976196230402,2596500
2025-08-26,145.6678009033203,145.72646850316124,143.05698826655365,144.05438222549742,4453800
2025-08-27,146.06871032714844,146.79229725750525,144.74862970036708,145.0810893667769,3329200
2025-08-28,146.85096740722656,147.0563189227243,145.87313430981618,146.51850773503878,3898100
2025-08-29,147.14431762695312,147.40833673617453,145.82425192194347,146.56739969097376,3629400
2025-09-02,145.5504608154297,145.76558528798785,142.43117088388524,145.26688086498993,5330200
2025-09-03,145.23756408691406,146.2349581292489,143.682812878941,145.51135618942942,4338900
2025-09-04,147.19322204589844,147.4083465313294,145.38422476037866,145.7264723291688,3955000
2025-09-05,144.8072967529297,148.49373162997873,143.04719423069483,147.7701297817964,5697300
2025-09-08,145.4917755126953,145.8926906512039,143.985919154155,145.03220769798736,3820800
2025-09-09,148.8457489013672,149.4324547028846,145.06153975117002,145.12998030636967,6673200
2025-09-10,150.70362854003906,151.104543681177,148.06348222522936,149.51067099651306,4945600
2025-09-11,153.01132202148438,154.26294721801827,150.6645285081207,150.967654387204,7399500
2025-09-12,152.92332458496094,153.39268031568747,152.170388887353,152.58107701680743,4341600
2025-09-15,153.1677703857422,154.96697964066294,152.42462262928754,153.8620384254874,4829900
2025-09-16,152.35618591308594,154.0087263802638,151.7792679158316,153.59803823371578,7539500
2025-09-17,153.9207305908203,154.46831480619744,152.19973457614842,153.16779483440135,4604200
2025-09-18,155.71014404296875,156.59018784116736,153.9989361638225,154.39983638446267,4323700
2025-09-19,156.3653106689453,157.51914668364196,154.61498088458612,156.01329011995216,14902000
2025-09-22,157.14756774902344,157.4604665896712,154.33140358044685,155.79815326482225,4421200
2025-09-23,157.1964569091797,160.34508094770715,156.06218175809454,157.02045409834847,5335900
2025-09-24,154.38031005859375,157.89072765811275,154.34118837516957,157.52893414946692,5195200
2025-09-25,155.4265594482422,155.71991234571894,153.15799454355474,153.90114228602081,5351100
2025-09-26,156.56085205078125,158.22316527097942,155.7883704973501,156.0230408829249,5326800
2025-09-29,157.5876007080078,157.74405759956497,156.17951852509435,157.1280179144027,4186000
2025-09-30,155.4363555908203,158.63385907370636,153.36333928018516,157.81248285354567,5547100
2025-10-01,153.41224670410156,154.9278911141561,152.10195382647515,154.38030692174806,5467400
2025-10-02,151.85748291015625,153.52956915009983,150.30273186724762,153.21667031782368,5087400
2025-10-03,154.0967254638672,154.30207699432205,152.6984311945867,153.4513519916377,5182100
2025-10-06,154.58563232421875,155.2114449159558,151.57390456381253,154.4976309255094,4696300
2025-10-07,152.51263427734375,155.7590325059497,151.95526223211968,155.26034298170933,4589700
2025-10-08,152.19970703125,153.07976572144923,150.60584931863528,153.01131024664068,4038600
2025-10-09,152.80599975585938,152.96244172968872,150.42008433849142,152.13129245432737,6092600
2025-10-10,148.4937286376953,154.44872837408835,148.47416779880112,153.3731209636822,5531700
2025-10-13,151.69125366210938,152.17038233222502,149.95071193678334,150.86008955842658,4735800
2025-10-14,151.89659118652344,153.6371329224924,148.51329699345752,151.07521495797496,8023800
2025-10-15,159.04454040527344,163.07322273728252,158.05693439125903,159.31833246699125,13673700
2025-10-16,156.47286987304688,161.09801664354137,155.44614204841653,159.4748099814058,10477500
2025-10-17,155.15277099609375,157.41156299424085,154.35095563960294,157.13777092904417,7965000
2025-10-20,158.379638671875,159.52370168260387,155.96438956459744,156.64886979487753,5741000
2025-10-21,155.7003631591797,158.46763267283546,155.66125639951198,157.8711538741952,4220600
2025-10-22,154.61497497558594,156.19907484579002,153.73493109701144,156.03284499852816,4360200
2025-10-23,155.77859497070312,156.54130362540033,154.3998466639237,155.37767980282266,3735600
2025-10-24,160.2277374267578,161.24467731785623,156.96177835047018,156.96177835047018,5547500
2025-10-27,162.33985900878906,162.99500540972656,161.24467576673817,161.30335828728948,5056000
2025-10-28,161.54782104492188,163.42525889976412,160.73621774111953,162.43763787052825,3601000
2025-10-29,160.3939666748047,162.3398599694983,159.50413494804408,160.66775875680034,4963500
2025-10-30,161.5966796875,163.29811451552604,159.77790967152313,160.18861267044664,4960500
2025-10-31,161.34091186523438,162.2263133038437,160.26858867569143,160.70145693861468,5323500
2025-11-03,160.99658203125,161.99021555491922,158.95032024515132,161.63605197436678,4719200
2025-11-04,161.3507537841797,164.2234074113226,158.25183355592412,159.69800033214597,5739200
2025-11-05,162.5017852783203,163.26915226797692,159.00935653602113,161.2130278535663,4133000
2025-11-06,160.77032470703125,162.98384346020646,160.01280519720132,161.90168774326278,4292900
2025-11-07,159.72750854492188,159.96362260821383,155.49722539875978,159.5799466374796,6323300
2025-11-10,162.3739013671875,163.36751993975398,161.1540011798567,161.1540011798567,5015400
2025-11-11,163.80038452148438,164.016818662904,162.10827124023157,162.61984421189473,3237600
2025-11-12,167.16494750976562,168.9849579648002,164.803866659643,164.803866659643,6892900
2025-11-13,162.9248046875,167.58795586403082,162.4919364333853,166.56480998859908,6090900
2025-11-14,161.2031707763672,162.1279319964806,157.34673154825933,161.53765440578357,6691200
2025-11-17,156.8646697998047,161.42943609681979,156.1858550791786,160.60305948535438,5727200
2025-11-18,157.23854064941406,159.04870354533898,155.23160851626605,156.06783274030857,4864900
2025-11-19,159.65863037109375,160.26858792571485,157.45495924126385,157.75009805654713,6413600
2025-11-20,156.12684631347656,164.2332489347255,155.93992455834703,161.53766969871063,5258600
2025-11-21,155.60545349121094,157.51400102338349,152.71311980937298,157.18934979262767,9021300
2025-11-24,160.18988037109375,161.79345639667747,156.4219780911792,158.71420133249774,10125700
2025-11-25,162.74771118164062,163.1805794245447,158.01570291162506,160.8588438582817,5561000
2025-11-26,165.21702575683594,166.22049169529845,163.1805815003723,164.27258457745066,4844200
2025-11-28,166.90916442871094,167.5092745900755,165.0399617075724,165.27607579137316,2133700
2025-12-01,165.7384490966797,167.0173740569581,165.01044196264183,166.26968699730168,4393500
2025-12-02,166.34837341308594,167.36167180603826,165.95486501225557,166.15161921267074,4338700
2025-12-03,170.9033203125,171.17877921607487,165.37444730468127,165.8171480417563,6223300
2025-12-04,172.05435180664062,173.14635498684257,170.90332386178744,171.4936015310692,4813200
2025-12-05,173.64808654785156,174.4449659325615,171.4739275800626,171.6411694228629,4641600
2025-12-08,173.962890625,176.05835973444132,173.20537115633607,174.1202999971818,7271700
2025-12-09,175.93045043945312,177.72093313580612,173.91368615714478,173.91368615714478,4191200
2025-12-10,176.79620361328125,178.3702523395386,174.8679762852394,175.60581584762437,6591200
2025-12-11,177.36679077148438,179.02939169549947,176.58960635132627,177.20939640288768,7598700
2025-12-12,175.5172576904297,178.21282162835138,174.86795535053136,178.21282162835138,4961500
2025-12-15,174.90731811523438,177.96689338175622,174.84829335308027,176.9929547834453,5219000
2025-12-16,173.64808654785156,175.75338829160995,172.83154224849588,175.2418303058862,6840500
2025-12-17,171.9658203125,176.54041985996273,171.6313366275581,175.16312526821068,5796100
2025-12-18,170.15565490722656,174.19901648433617,169.78181137581487,173.68744349578094,7993400
2025-12-19,174.11045837402344,174.81878556123542,170.6475421380809,170.6475421380809,10639400
2025-12-22,176.8453826904297,177.33727573697655,174.53349437849013,174.71056866978245,4574600
2025-12-23,176.58961486816406,177.65210571720507,176.22561879436327,176.91426610076428,3514800
2025-12-24,178.70472717285156,179.04905828950018,176.619105583232,177.23889558864607,2648000
2025-12-26,178.92115783691406,179.3835384651138,178.1636534131684,178.90149292479987,2564700
2025-12-29,177.0224609375,178.75391894911158,176.83553918966453,178.2521934770665,2464300
2025-12-30,176.17642211914062,177.45534709156007,175.3697102863552,177.35696247391817,2365500
2025-12-31,174.65155029296875,176.7962118602626,174.52365329254638,176.59944262534046,3098100
