Price,Close,High,Low,Open,Volume
Ticker,MSFT,MSFT,MSFT,MSFT,MSFT
Date,,,,,
2021-01-04,207.95616149902344,213.02872660293335,205.2049338183249,212.5797411251387,37130100
2021-01-05,208.15670776367188,208.7489946946385,206.05508254722616,207.54532561749676,23823000
2021-01-06,202.7593536376953,206.80976953034184,202.46321745578845,202.68292904615478,35930700
2021-01-07,208.52923583984375,209.53228838804532,204.15404169697982,204.46927304000232,27694500
2021-01-08,209.79981994628906,210.71690054092753,207.3256337272198,208.90184914517474,22956200
2021-01-11,207.76507568359375,209.12157952096553,207.03904928013995,208.701251514019,23031300
2021-01-12,205.3195343017578,207.3925169546865,203.78153842458812,206.81933974373354,23249300
2021-01-13,206.66648864746094,207.0677068608454,204.3642467924793,204.45023357688456,20087100
2021-01-14,203.49490356445312,207.73637314720776,203.22742481387388,206.25567783589494,29480800
2021-01-15,203.14146423339844,204.91829592070977,202.5491918631282,203.97257256514928,31746500
2021-01-19,206.76202392578125,207.2778717519121,203.12238801060246,204.19230325087497,30480900
2021-01-20,214.30877685546875,215.69393811736836,207.5740101820579,207.9656807925922,37777300
2021-01-21,214.9105682373047,216.1810996313469,212.47458743147936,214.65263708512342,30709400
2021-01-22,215.8468017578125,219.7825887676581,215.70351473291043,216.92627926708488,30172700
2021-01-25,219.26669311523438,219.5055145049017,214.19412913094075,218.87502253781977,33152100
2021-01-26,221.94151306152344,223.70878273824454,219.79212038536122,221.49252764749383,49169600
2021-01-27,222.4859619140625,229.6888219308936,219.84937948029975,227.35792324272012,69870600
2021-01-28,228.24636840820312,231.79048419595736,224.5780754115442,225.0748279766649,49111200
2021-01-29,221.5880584716797,227.377086987308,221.00533366135892,225.437858347954,42503100
2021-02-01,228.93418884277344,231.65675864090633,222.0370256255715,224.54943142500284,33314200
2021-02-02,228.80043029785156,231.4752326767527,228.01710374900568,230.51039954635098,25916300
2021-02-03,232.13436889648438,234.13091202772802,228.56159599596987,228.85774673552945,27158100
2021-02-04,231.18869018554688,232.36370210777145,229.622022199084,231.80963464497927,25296100
2021-02-05,231.37017822265625,232.40188845915685,229.66977095597062,231.39883562562832,18054800
2021-02-08,231.6280975341797,232.78398493204895,230.04231996079577,232.27768473686635,22211900
2021-02-09,232.86997985839844,233.81570329400722,230.58684780779984,231.05492843301977,23565000
2021-02-10,231.96249389648438,234.92387098943087,230.1187848105804,234.04500984450138,22186700
2021-02-11,233.55776977539062,234.1882471613524,231.32239050634175,233.83479617171466,15751100
2021-02-12,234.03541564941406,234.331551842112,231.87646094509842,233.0228007069779,16561100
2021-02-16,232.80313110351562,235.12448302332916,232.05800939505784,234.07366288242534,26728500
2021-02-17,233.8180389404297,233.92336296711304,230.69664036520157,231.06048965921218,21653500
2021-02-18,233.4254608154297,233.5595082453593,230.6200343854476,231.5200733907211,16925600
2021-02-19,230.72535705566406,233.4924904651733,229.96893508329921,233.38716644155568,25262600
2021-02-22,224.5399932861328,227.81459302124637,222.51969763144905,227.32628051507058,36446900
2021-02-23,223.3527069091797,224.84638235438035,219.00571338525143,220.5376964424216,30228700
2021-02-24,224.5782470703125,225.20060685705124,219.2641991471342,220.2312543291621,26339700
2021-02-25,219.2546844482422,224.6165963051779,218.1918745974985,222.21331214271885,39542200
2021-02-26,222.5005340576172,225.3634069812622,219.7812635364305,221.6866653597495,37819200
2021-03-01,226.86668395996094,227.3741502565887,223.23780465757733,225.8708905631292,25324000
2021-03-02,223.92721557617188,227.2113997050835,223.5250732642781,226.9337206213468,22812500
2021-03-03,217.88543701171875,223.64950484345542,217.5981883883298,222.28987694349104,34029500
2021-03-04,217.0907440185547,222.60587139092198,214.7257530035434,217.10032822667858,44727800
2021-03-05,221.75372314453125,223.35272272073442,216.8322465833186,219.7621508732522,41872800
2021-03-08,217.72271728515625,223.44847885183972,217.4737762118484,221.53350706003218,35267400
2021-03-09,223.8410186767578,225.37300172907223,221.82072314892886,222.97928734112668,33080500
2021-03-10,222.53884887695312,226.92413561375264,222.17499959610404,226.92413561375264,29746800
2021-03-11,227.04861450195312,229.001879123352,224.34849750846828,224.97087205019426,29907600
2021-03-12,225.7272491455078,225.79428015596775,223.31438114017362,224.06121880205077,22653700
2021-03-15,224.8271942138672,225.19104342164627,221.9547373778958,224.97082582170833,26034900
2021-03-16,227.6039581298828,229.854041015424,225.909204156804,226.2347458255093,28092200
2021-03-17,226.96240234375,228.4082150912853,223.31438418936858,226.11024066099444,29562100
2021-03-18,220.9110870361328,224.2335633607968,220.537668222615,222.67285709939273,34833000
2021-03-19,220.55686950683594,222.58673481626653,219.59938366501783,221.19838326764514,46430700
2021-03-22,225.95706176757812,226.8283626746955,220.35576442572489,220.48024224534427,30127000
2021-03-23,227.47947692871094,230.8019538061581,226.99116443288878,227.39330671357888,31638400
2021-03-24,225.4496307373047,227.88163843332822,225.31558329909987,227.7380213959927,25620100
2021-03-25,222.4622344970703,226.86667476830124,221.72498099263913,225.29639873083224,34061900
2021-03-26,226.42628479003906,226.64651708890622,221.70588583119698,221.70588583119698,25479900
2021-03-29,225.23895263671875,226.7326280661036,222.02179993878485,226.53154963057577,25227500
2021-03-30,221.99313354492188,223.90810553285277,221.2750190494478,223.60170300194696,24792000
2021-03-31,225.74644470214844,228.93487436067073,222.51013782873864,223.00803456543431,43623500
2021-04-01,232.04669189453125,232.51585059097783,227.92949998956965,228.33164227655556,30338000
2021-04-05,238.48098754882812,239.333149299018,232.38179326413973,232.4392400726803,36910600
2021-04-06,237.3224334716797,238.7969551907756,236.38410146861867,237.08306201915883,22931900
2021-04-07,239.27566528320312,240.2618743635412,236.68088727534845,237.27452372096928,22719800
2021-04-08,242.48324584960938,243.33540751123277,241.28638876249383,242.02365681897714,23625200
2021-04-09,244.97274780273438,245.10679523034713,241.70771771793406,242.11942959914686,24326800
2021-04-12,245.03016662597656,246.7153507921409,243.79500190327002,243.88118671909228,27148700
2021-04-13,247.50051879882812,248.17077061108847,245.91108871216403,246.32282985291565,23837500
2021-04-14,244.72381591796875,247.82606086125276,244.31210399676016,246.53347828165147,23070900
2021-04-15,248.4676055908203,248.87931753907836,246.77286596789506,246.96434562701037,25627500
2021-04-16,249.65480041503906,249.90375603586548,246.64831065184072,248.43880415204717,24878600
2021-04-19,247.73989868164062,250.36342998370014,246.85902799464517,249.12826495981687,23209300
2021-04-20,247.28030395507812,249.13782883405526,245.92066119680084,246.8590078451978,19722900
2021-04-21,249.5015869140625,249.59734131890556,246.31317269579569,247.93132571117533,24030400
2021-04-22,246.23660278320312,250.65059769932526,244.77163626581108,249.147338183538,25606200
2021-04-23,250.04742431640625,250.3921344174807,246.33237453675008,246.91645610073897,21462600
2021-04-26,250.4303436279297,251.2825198261504,249.10903806259762,250.5356822369883,19763300
2021-04-27,250.8325653076172,252.0006991948617,249.06121066923387,250.45913180637936,31014200
2021-04-28,243.7375946044922,245.6334270987041,242.19604180812823,245.19296257106504,46903100
2021-04-29,241.77471923828125,245.2121041526669,238.41394954646933,244.59931386273354,40589000
2021-04-30,241.45877075195312,242.3205167691212,238.98847015559804,239.1225175880365,30945100
2021-05-03,241.15237426757812,243.53651917014565,240.4438295156719,242.62689597172758,19626600
2021-05-04,237.25538635253906,240.53000045768178,235.31169145877024,240.30019861922892,32756100
2021-05-05,235.99154663085938,238.89272768605636,235.3691866512584,238.47143156014027,21901300
2021-05-06,239.1129150390625,239.23739286323433,234.28719323134123,235.972362911324,26491100
2021-05-07,241.72686767578125,243.4886380135176,240.49170283166248,241.43003481001085,27032900
2021-05-10,236.67135620117188,241.02791993969205,236.61390938515967,240.2044814866749,29299900
2021-05-11,235.76171875,236.11599842229506,232.25733191028016,234.15314965767922,33641600
2021-05-12,228.8391571044922,233.9904365296004,227.94870212524896,231.87438601245967,36684400
2021-05-13,232.69775390625,235.15849922523182,231.15620130904685,231.52005055871984,29624300
2021-05-14,237.60008239746094,238.58629154857746,235.05318141277328,235.13935162363052,23901100
2021-05-17,234.75640869140625,236.10646744761252,233.16699304708743,236.06817443633602,24970200
2021-05-18,232.74563598632812,235.93406526132515,232.57328095548002,235.80001784180902,20168000
2021-05-19,233.32147216796875,233.42703939757578,228.98365334584912,229.6650298465588,25739800
2021-05-20,236.5460662841797,237.95682177029485,234.03166532102998,234.12764085982047,21800700
2021-05-21,235.28884887695312,238.3214941013183,234.87618630622384,237.59212984793598,21863100
2021-05-24,240.67271423339844,241.03740363053382,237.53450222431155,237.8032161031035,21411500
2021-05-25,241.5748748779297,242.56336139082663,240.71115363257866,241.62286264574047,17704300
2021-05-26,241.3541259765625,242.74568324908876,240.64394515378893,241.29653187433004,17771600
2021-05-27,239.26202392578125,241.3445643730213,239.20444445668525,241.04706068681733,24426200
2021-05-28,239.6171112060547,241.92039251622947,239.50195226588028,240.88391812322266,18270200
2021-06-01,237.428955078125,241.1621746137941,237.0067008356278,241.1045951554449,23213300
2021-06-02,237.3330078125,239.22361157042198,235.9318441224372,238.1295578675878,19406700
2021-06-03,235.80709838867188,236.41169739236216,233.20631371426092,235.33684170241455,25307700
2021-06-04,240.68234252929688,241.50768232361588,237.53453834719892,237.77446253573572,25281100
2021-06-07,243.58059692382812,243.84931080608303,239.74181044154867,239.90495710978854,23079200
2021-06-08,242.39059448242188,245.69195336357788,242.33300038153834,244.87620533819828,22455000
2021-06-09,243.36947631835938,245.23129021101894,243.00480153962016,243.5806107583811,17937600
2021-06-10,246.87237548828125,247.08350993870562,243.4462658042312,244.04127308607627,24563600
2021-06-11,247.49623107910156,248.07202575056814,246.26779101297777,247.59217733259723,18999700
2021-06-14,249.4156036376953,249.4731830999678,246.45011489255833,247.50578718025523,19150500
2021-06-15,247.94728088378906,249.51159154114842,247.2946940106654,249.30045704835834,18038900
2021-06-16,247.0067596435547,250.0777717386489,244.16605075768612,248.9453365777258,27220000
2021-06-17,250.3848876953125,251.20063582773113,245.69198560224893,245.74956506687877,27565500
2021-06-18,248.97412109375,251.72844608322075,248.3215343320705,249.1660721590066,37202200
2021-06-21,252.04515075683594,252.89926559620372,247.52498746898814,249.34840535412337,26696100
2021-06-22,254.80909729003906,255.07781121256852,251.8244251231669,252.13153511680653,24694100
2021-06-23,254.5786895751953,256.07581382842864,253.77254799942463,255.26967225265793,19518700
2021-06-24,255.9415740966797,257.0548260390858,254.7707426820479,255.432935900269,21446900
2021-06-25,254.33880615234375,256.47894031384675,254.08930492861072,255.50006023392783,25611100
2021-06-28,257.8896789550781,258.0624173190281,255.19293377437566,255.4616476586145,19590000
2021-06-29,260.4617004394531,260.7016246346419,257.17955385033815,258.03366875564717,19937800
2021-06-30,259.98187255859375,260.42332491203257,258.73427836023995,259.780344419271,21656500
2021-07-01,260.6537170410156,260.8840349542617,258.7343229969546,258.7439000515873,16725300
2021-07-02,266.45977783203125,266.79567752816956,261.5173457785115,261.82445574570187,26458000
2021-07-06,266.4693603515625,268.1104333301389,263.24476455954283,266.8244434060529,31565600
2021-07-07,268.6478576660156,269.3772364417186,265.9799023346366,268.1392196481216,23260000
2021-07-08,266.23907470703125,267.49627505663517,263.791830519067,265.74001367275713,24618600
2021-07-09,266.7380676269531,266.8436201918425,264.2236672937446,264.6075400651112,23916700
2021-07-12,266.14306640625,268.49430548835454,265.43287101130034,267.90890462422595,18931700
2021-07-13,269.6556396484375,271.4502681264369,266.210331366787,266.33506735947253,26120100
2021-07-14,271.12396240234375,272.2276079057793,269.2429355174447,270.9704073941302,23113700
2021-07-15,269.7035217285156,271.1238831737116,268.5518741472632,270.63442855853714,22604200
2021-07-16,269.43487548828125,272.6498656125402,268.1968584208553,270.70168228808353,26186800
2021-07-19,265.84564208984375,269.07020954845063,263.38882042015535,267.6882436982978,32935600
2021-07-20,268.0625305175781,269.6460244586933,265.1258605067467,266.8245133835614,26259700
2021-07-21,270.0587158203125,270.17387476827,266.11437541463516,267.6594734457759,24364300
2021-07-22,274.6076354980469,274.8763494100788,271.9972592293282,272.4003154535662,23384100
2021-07-23,277.99530029296875,278.3023809168699,274.95304947678056,275.78798075252445,22768100
2021-07-26,277.4002990722656,278.01451897326893,275.08745596802055,277.35232595583216,23176100
2021-07-27,274.9915771484375,277.9090348412776,271.54626855112554,277.76508615374064,33604100
2021-07-28,274.68450927734375,278.45611190820995,272.3908191156786,277.3428597408999,33566900
2021-07-29,274.953125,276.9876774693035,274.5500394694676,274.70359446740275,18168300
2021-07-30,273.42724609375,275.1067156613807,272.46754919796103,273.67677665869513,20944800
2021-08-02,273.3408508300781,275.212242025892,272.30436188036447,274.8187628216139,16267400
2021-08-03,275.54815673828125,275.65373862205524,272.55390723217295,273.9166896548883,17879000
2021-08-04,274.96270751953125,275.99916705627766,273.1776564498441,274.68438727940855,16191300
2021-08-05,277.85137939453125,277.95696126160766,274.56923306560276,275.317795323746,13900200
2021-08-06,277.7938537597656,277.83224983592555,276.02801499553067,276.8821592862468,16589300
2021-08-09,276.70928955078125,279.7995135705784,276.2102578952192,278.07207151949774,16117600
2021-08-10,274.8955078125,277.592253026987,273.70549335133626,277.1603778240849,18616600
2021-08-11,275.3849182128906,277.0259910024665,274.33882327065885,275.6344193835293,13955900
2021-08-12,278.1296691894531,278.28322415990436,274.7995208173079,275.0778410317268,14561300
2021-08-13,281.0472106933594,281.09518381779094,277.64026951768847,277.81303719840986,18249000
2021-08-16,282.7265930175781,282.93772741778326,278.33116667356506,281.37341744639224,22507600
2021-08-17,281.2679443359375,281.60384409624606,279.34855060574444,280.605780443635,20075300
2021-08-18,279.54681396484375,283.47948483534077,279.1044871600753,280.80642126360254,21813000
2021-08-19,285.3544616699219,286.0275472712108,277.5372141574895,277.5852791245708,29850500
2021-08-20,292.6524353027344,294.0755159975354,286.5947836444188,288.1909333937579,40817600
2021-08-23,292.9313049316406,293.6524553767425,290.23902167406834,291.5851633028545,22830200
2021-08-24,290.9793701171875,293.892816520206,290.3832238228718,293.2870454973741,18175800
2021-08-25,290.39288330078125,292.8736280290071,288.86404781166596,292.5947749618287,20006100
2021-08-26,287.585205078125,290.7967251675743,287.4506055747187,289.4121138382239,17666100
2021-08-27,288.19091796875,289.29667599402853,285.41207114143054,287.48898771577944,22605700
2021-08-30,291.912109375,292.51788050210155,289.47942948011064,289.53711917376893,16348100
2021-08-31,290.26788330078125,292.78709763966935,289.9024956924805,292.71018783230056,26285300
2021-09-01,290.2197570800781,293.450526164361,289.89283908325706,291.21976052803296,18983800
2021-09-02,289.56597900390625,291.69096108011354,288.6332897832502,290.5756073825475,16285600
2021-09-03,289.55633544921875,290.96016674016533,288.7101809142856,289.4120818879158,14747900
2021-09-07,288.63323974609375,289.5082391184174,286.7294213995241,289.4313293174563,17180400
2021-09-08,288.662109375,289.04671710020153,286.0275156464967,288.2486568040006,15046800
2021-09-09,285.81591796875,290.51783226857776,285.5755345221825,289.2486006282176,19927000
2021-09-10,284.335205078125,288.38328426235665,284.01791177587137,286.9409832920089,19633400
2021-09-13,285.5659484863281,287.0563436631931,282.76788126792405,286.1044051321014,23652900
2021-09-14,288.2582702636719,289.7967304480166,286.6332755453167,288.0371068920759,21853400
2021-09-15,293.0947265625,293.5754934405264,290.2101252943416,291.59473625055216,28356300
2021-09-16,293.4794006347656,293.5659351711585,289.19096732817496,292.0755692493566,19550800
2021-09-17,288.3351745605469,292.7870813462865,288.0082565459675,292.4697880609758,41372500
2021-09-20,282.9793701171875,287.22936219183777,278.38323997844657,284.93128245062667,38278700
2021-09-21,283.4601745605469,286.09479733126966,282.7582736118841,284.31595379410885,22364100
2021-09-22,287.0948486328125,288.6717786965253,283.1814270111703,285.3160339610174,26626300
2021-09-23,288.03704833984375,289.32550004600563,286.08513599744964,287.35436759230095,18604600
2021-09-24,287.835205078125,288.26787776636394,285.5082799167376,286.7582917069234,14999000
2021-09-27,282.8544616699219,285.0659780697312,281.67176431973326,284.7486847699523,23571700
2021-09-28,272.6141052246094,279.59485135493725,271.87373461890644,278.6525374846611,43186200
2021-09-29,273.0756530761719,275.73909166392633,272.1237438163445,274.1333463335849,26353700
2021-09-30,271.0756530761719,276.7582926672313,270.78717529668586,274.71984547108286,32343600
2021-10-01,277.97943115234375,278.82558560260657,270.4698544217859,271.2679145751983,30086300
2021-10-04,272.2198791503906,276.6814110362589,269.4699059701531,276.3448682644361,31350700
2021-10-05,277.6524963378906,279.2293964365477,273.12365122676954,273.12365122676954,24993000
2021-10-06,281.835205078125,282.3352215175468,274.5275704532508,274.7871740588591,28002600
2021-10-07,283.5082702636719,285.2294241243567,282.61405079814455,283.82556353271264,20430500
2021-10-08,283.5082702636719,285.2294241243567,282.4602018561691,284.8255669837104,17685700
2021-10-11,282.9120788574219,286.5082056038626,281.48899837875047,281.6524720234435,19298600
2021-10-12,281.6141357421875,284.07566089906516,281.1045237997955,283.97950161218665,17974100
2021-10-13,284.912109375,285.8447984376841,282.20057671725624,283.5659677751689,23416300
2021-10-14,291.10443115234375,291.6044182903468,286.3736707555064,287.700592428169,27262900
2021-10-15,292.5082702636719,292.73905839342854,288.9602072094581,290.7102062536316,25384800
2021-10-18,295.4696960449219,296.35429060794576,291.0466351987641,291.8927895416074,22729300
2021-10-19,296.3736572265625,297.4024763811832,295.4024984250073,296.48903662007575,17682100
2021-10-20,295.585205078125,297.7871264122316,294.3351931255189,297.3159547433428,16537100
2021-10-21,298.8063049316406,299.0562838093166,294.57553200250277,295.3544015118529,16918100
2021-10-22,297.2679138183594,299.1236677633012,295.96021206072464,298.46020682444515,17449300
2021-10-25,296.2774658203125,297.4986033941539,294.67169118488476,297.4601338192577,17554500
2021-10-26,298.1812438964844,300.3831645978906,296.729347757345,299.03702309577824,28107300
2021-10-27,310.73895263671875,313.55624018654,303.8447410132644,303.8447410132644,52588700
2021-10-28,311.8735046386719,312.37349166816404,308.9984985239614,311.854255182052,26297900
2021-10-29,318.8638000488281,319.2291875488427,311.4407587308729,311.66192204500794,34766000
2021-11-01,316.7004089355469,318.7388560634213,313.81580729941845,318.6138519641994,27073200
2021-11-02,320.31585693359375,320.6235548856837,317.30625052903974,317.6043237502232,26487100
2021-11-03,321.15234375,322.01771844825345,317.9311991041292,321.0561844849301,21500100
2021-11-04,323.49847412109375,323.59463338175044,316.83505110356475,320.08504044542997,23992200
2021-11-05,323.133056640625,325.7580545608874,321.55615641775836,325.4888262621695,22570100
2021-11-08,324.02734375,324.661959731768,321.5754437081741,324.3254169521455,20897000
2021-11-09,323.0273132324219,325.6907514710201,321.6619222348102,324.1426666918192,21307400
2021-11-10,318.075439453125,321.75813115179415,317.22931417120816,321.7004414585655,25500900
2021-11-11,319.6427001953125,320.9311520712927,317.7965715810098,318.5080972611384,16849800
2021-11-12,323.7677307128906,324.2581224444753,320.95044312615977,321.07544724155895,23831000
2021-11-15,323.14276123046875,324.8831355458123,321.18122351578705,324.5562174839805,16723000
2021-11-16,326.4504089355469,327.5657918667416,322.60427303916015,322.7677173822912,20886800
2021-11-17,326.67193603515625,329.6292527687157,325.59305251737624,326.49855034066394,19053400
2021-11-18,328.7430725097656,329.87978087178396,324.74541145445266,325.7664999341988,22463500
2021-11-19,330.5154113769531,332.4323842298607,329.6388407114315,330.0626919373853,21963400
2021-11-22,327.35589599609375,336.83472639710845,327.08617509182903,331.9700783843757,31031100
2021-11-23,325.2847595214844,326.98980687418253,321.31599723176595,324.6778802533964,30427600
2021-11-24,325.50640869140625,325.74723199137054,321.6532358919778,323.93623607205905,21661300
2021-11-26,317.57843017578125,325.52559745058403,316.07569544288083,322.07702143466366,24217200
2021-11-29,324.2733459472656,326.58524340078264,322.4527079617969,322.6453783318279,28563500
2021-11-30,318.455078125,325.38115820776426,316.9138032094252,323.0114652960252,42885600
2021-12-01,317.9638366699219,326.8261467091806,317.29919134448687,322.82848542960454,33337600
2021-12-02,317.3953857421875,321.2485575549812,315.76741829949276,318.17565068248877,30766000
2021-12-03,311.1533203125,320.48763300351385,306.3561099885442,319.8036737217345,41779300
2021-12-06,314.2165832519531,315.43034198292435,307.512071408828,312.05881608344686,30032600
2021-12-07,322.62603759765625,323.4737105680992,317.98295924503964,319.46643838870057,31021900
2021-12-08,322.6742858886719,323.184830047875,318.65734078900067,323.00180200991804,24761000
2021-12-09,320.8729248046875,324.1384729979598,319.92888702095325,322.1348363640117,22214200
2021-12-10,329.9664306640625,330.4095372641144,322.5009090494943,322.68393709248,38095700
2021-12-13,326.9416198730469,331.1704900151728,326.63335907507167,328.17463366758005,28899400
2021-12-14,316.28765869140625,322.3564229704473,312.2129182210804,320.9885338086704,44438700
2021-12-15,322.3659973144531,322.886183766917,312.58857922136355,316.54769934976275,35381100
2021-12-16,312.973876953125,324.39854675005074,311.16288148400196,323.38707150321426,35034800
2021-12-17,311.9142761230469,312.99318902693045,305.6047184390456,309.10147689497717,47750300
2021-12-20,308.1671142578125,310.9510161666708,305.9130118209808,308.3019600117902,28326500
2021-12-21,315.27630615234375,315.7001576015258,308.06121857243653,311.4231325396935,24740600
2021-12-22,320.9693298339844,321.36425420562085,313.7927832021071,316.249169285567,24831500
2021-12-23,322.4045715332031,324.04218156998655,320.5165252794348,320.5357805584728,19617800
2021-12-27,329.8797302246094,329.90862784139654,323.11739392269027,323.1462915394775,19947000
2021-12-28,328.7237548828125,331.18978275080303,327.827899397402,330.5540058070814,15661500
2021-12-29,329.3980712890625,331.6617864461058,327.2113772440582,328.77190728660776,15042000
2021-12-30,326.8646240234375,330.5347684082041,326.38297747008363,329.3595496421258,15994500
2021-12-31,323.97467041015625,326.9030596169077,323.52192157793206,326.084284181864,18000800
2022-01-03,322.4623718261719,325.59307446526094,317.67480384527,323.0403535774783,28865100
2022-01-04,316.93310546875,322.895892734741,314.14917400711465,322.5394495565749,32674300
2022-01-05,304.76666259765625,314.1009746877151,304.3813512536725,313.89866197929246,40054300
2022-01-06,302.3584289550781,307.0015085378214,300.05614444176234,301.6552144415301,39646100
2022-01-07,302.5126037597656,304.88229679267107,298.7075838733872,302.61855190067536,32720000
2022-01-10,302.7341003417969,303.16759397911807,293.50576573261736,298.1295606763108,44289500
2022-01-11,303.41815185546875,304.9882953319469,298.5149922011219,301.87687660639506,29386800
2022-01-12,306.5873107910156,311.5386518627093,305.4409895513784,307.9359447652065,34372200
2022-01-13,293.6116943359375,309.10146222236773,292.8410716956861,308.7065085650938,45366000
2022-01-14,298.81353759765625,299.4107746285059,292.6002852144012,293.0819317744249,39846400
2022-01-18,291.5406494140625,298.42818916600646,290.66404916965183,292.90853854423693,42333200
2022-01-19,292.1957092285156,302.3873676008085,291.58885921501854,295.0470782257124,45933900
2022-01-20,290.5291748046875,300.2102576999121,290.08606825576,297.7249746936836,35380700
2022-01-21,285.1636657714844,292.94706137271686,284.7590697196657,291.5792015826187,57984400
2022-01-24,285.4912414550781,286.20406911697694,265.9171138006452,281.4743247041222,85731500
2022-01-25,277.9004211425781,284.1618263856482,274.70231034504417,280.81919810306823,72848600
2022-01-26,285.81866455078125,297.1758975203426,282.2737532824066,296.68460867157836,90428900
2022-01-27,288.833740234375,296.0198970526887,286.993847263703,291.550233273631,53481300
2022-01-28,296.9447326660156,297.1566583183815,283.64165765387617,289.2094904507192,49743700
2022-01-31,299.56488037109375,300.9134847485598,295.1240841669652,297.60939667442534,46444500
2022-02-01,297.4263916015625,299.2277450230752,293.9296328904505,299.01581936187534,40950400
2022-02-02,301.953857421875,303.5529275513087,297.54198780490606,298.26445765509385,36636000
2022-02-03,290.1919860839844,299.8056598076775,288.9493300118975,298.12951017170525,43730000
2022-02-04,294.7099304199219,297.4649349215722,288.95906871396625,289.1902496798736,35096500
2022-02-07,289.9030456542969,296.54011926462067,288.8915703465275,294.93143638637616,28533300
2022-02-08,293.380615234375,294.3439085676629,288.9398470786599,290.1921166529824,32421200
2022-02-09,299.7864990234375,300.48007137385594,296.10674096728,298.4956895318713,31284700
2022-02-10,291.2806396484375,297.77322723687223,289.66231392152343,292.8797100919523,45386200
2022-02-11,284.2099609375,293.12042074814497,283.4200536610799,292.060792620919,39175600
2022-02-14,284.17144775390625,285.866852917156,280.65543402557785,282.9865867276755,36359500
2022-02-15,289.4406433105469,289.7585170595813,286.11727076561556,288.9975367703456,27058300
2022-02-16,289.102783203125,290.42521859996504,283.48481887693396,288.0120067201393,29982100
2022-02-17,280.63726806640625,286.4965245719969,279.9325995384942,286.07179689190673,32461600
2022-02-18,277.9345397949219,283.6586735331754,276.3707826010941,282.8767949362615,34264000
2022-02-22,277.73175048828125,281.4191455825817,274.6235321794877,275.106174591051,41736100
2022-02-23,270.5403747558594,281.5736029979626,270.37629282765295,280.10635117029534,37811200
2022-02-24,284.3632507324219,284.913470148122,262.0941229321313,263.04977493259855,56989700
2022-02-25,286.9888916015625,287.29778988293907,281.5253747646306,284.8942395707059,32546700
2022-02-28,288.4175109863281,288.7553666251348,282.8285026347826,284.0930236175549,34627500
2022-03-01,284.7108154296875,289.55653540384833,282.0079998222269,286.1104609698699,31217800
2022-03-02,289.7689208984375,291.00448458147713,283.50423036390407,285.1065776203058,31873000
2022-03-03,285.6471252441406,292.60682123875046,283.84201770674827,292.37516228556973,27314500
2022-03-04,279.7975158691406,285.3961869424116,277.20092613588724,284.07375111161906,32356500
2022-03-07,269.2276916503906,279.6334646568696,268.8608785706438,278.513730319072,43157200
2022-03-08,266.2738952636719,274.10234312414246,260.6269716528933,268.1561834951562,48159500
2022-03-09,278.48468017578125,279.5464994060376,271.03267993001293,273.60034117475794,35204500
2022-03-10,275.6756896972656,276.6506367973392,270.83960329634476,273.194900626514,30628000
2022-03-11,270.34735107421875,279.4596429563479,269.7295545935928,277.9634336750457,27209300
2022-03-14,266.8433532714844,275.4922975054639,266.2448813621328,270.6079583933382,30660700
2022-03-15,277.1815185546875,277.8282723185702,269.05383720748546,270.6175938370436,34245100
2022-03-16,284.17022705078125,284.343971257443,273.36868699762886,279.07349465678493,37826300
2022-03-17,284.971435546875,285.3478813742308,279.3245124712581,283.1084425886128,30816600
2022-03-18,290.00054931640625,290.55076880569743,282.56787290557435,285.11620984529543,43390600
2022-03-21,288.7746276855469,289.7206174710808,284.662504677972,288.5140113733799,28351200
2022-03-22,293.5045166015625,294.4118867402999,288.39815136686497,289.3923936093338,27599700
2022-03-23,289.0931701660156,292.7033557846491,287.3846264690427,290.0777796338965,25715400
2022-03-24,293.54315185546875,293.6396862396896,287.96380616213776,288.7553468713274,24484500
2022-03-25,293.1377258300781,294.8945515047454,288.9001402281707,294.6339351738191,22566500
2022-03-28,299.9140625,300.01056743386323,293.7651722801995,293.7651722801995,29578200
2022-03-29,304.4605712890625,304.85634170771465,298.3213428484819,303.01264366587003,30393400
2022-03-30,302.96441650390625,304.9818886134372,300.76356729713154,302.8679115447785,28163600
2022-03-31,297.6070251464844,304.1999383958244,297.2016219305857,303.00296492746145,33422100
2022-04-01,298.67852783203125,299.3638720029751,294.93321694040014,298.6302459022579,27110500
2022-04-04,304.03570556640625,304.17083009835846,298.9582989112328,299.32511178933805,24289600
2022-04-05,300.0877990722656,303.9392767129868,299.1128518165804,302.3948148545048,23156700
2022-04-06,289.102783203125,296.3424188426022,286.40963049695665,294.5952557982606,40110400
2022-04-07,290.9078674316406,293.10871553655596,286.0621484743513,286.361384397438,31411200
2022-04-08,286.6606750488281,290.6666017314044,285.99462607140345,290.01021503016705,24361900
2022-04-11,275.3571472167969,282.4519668205672,275.10616374606843,281.66045568500346,34569300
2022-04-12,272.2682800292969,280.64694661427023,270.7527755355778,279.1990191393396,30966700
2022-04-13,277.63519287109375,278.56185797543264,271.53458622971164,272.91496579941685,21907200
2022-04-14,270.11566162109375,278.3012882088098,269.6233863517897,278.088924351685,28221600
2022-04-18,270.78167724609375,272.654332085389,268.67736348503956,269.22758288237094,20778000
2022-04-19,275.3957824707031,276.2356051160154,268.7449845312876,269.6813121043786,22297700
2022-04-20,276.4189758300781,279.6430533893089,275.4633531849248,279.35345023812204,22906700
2022-04-21,271.0616455078125,283.1180442640561,270.33768184591173,278.5618984401678,29454600
2022-04-22,264.51702880859375,273.36870459899797,263.8895994942571,271.90145264874303,29405800
2022-04-25,270.9748229980469,271.3512688528921,261.3702248757031,263.8027620781208,35678900
2022-04-26,260.8393249511719,268.6967298664818,260.62696106383044,267.86659887115906,46518400
2022-04-27,273.38800048828125,280.86895873505813,269.4689460085579,272.30688607431046,63477700
2022-04-28,279.575439453125,280.8785798159734,271.6890497286869,275.28957261335694,33646600
2022-04-29,267.8858337402344,279.8167694826113,266.9012538247318,278.5908389029638,37073900
2022-05-02,274.5945739746094,275.0482590184196,266.6309742081337,268.0692391635906,35151100
2022-05-03,271.99798583984375,274.26641131232816,270.42456669386183,274.10229991297473,25978600
2022-05-04,279.913330078125,280.7820806094394,267.1233049625317,272.77986042090856,33599300
2022-05-05,267.7218322753906,276.40939830190524,264.8163146554661,275.627519716172,43260400
2022-05-06,265.1927795410156,269.5558574797056,261.85287196809537,265.26998938550594,37780300
2022-05-09,255.3950958251953,262.9050120493982,254.17885674013965,260.6848683023518,47726000
2022-05-10,260.1442565917969,264.24671703897735,255.86805194857527,262.258232684761,39336400
2022-05-11,251.50498962402344,261.939717895706,250.29838339965534,256.45690628213566,48975900
2022-05-12,246.48550415039062,250.8582435521003,241.3405338858611,248.74426727264887,51033800
2022-05-13,252.05516052246094,253.90852028725288,246.48547786985057,248.41604745652157,34925100
2022-05-16,252.42193603515625,256.59197279410597,246.90050665751443,250.93538942552007,32550900
2022-05-17,257.5573425292969,259.0149028011125,253.34868474571135,256.87196899135023,28828800
2022-05-18,245.83084106445312,255.04176140596195,244.56337491481253,254.4612355715473,31356000
2022-05-19,244.92135620117188,249.30429522500646,243.70226967132928,245.65667612599017,32692300
2022-05-20,244.3602294921875,250.14608976741152,238.43892989690994,248.88827865013204,39199300
2022-05-23,252.1875457763672,253.00995497705824,245.20195425137902,247.19508522720383,33175400
2022-05-24,251.1909942626953,252.84546796218024,245.2696951051506,249.51718052656838,29043900
2022-05-25,253.9967803955078,255.98989623202482,248.78179230730603,249.7590101930778,28547900
2022-05-26,257.2671203613281,258.4378274860186,252.94224496283675,253.7549694604812,25002100
2022-05-27,264.3687744140625,264.4655336439164,258.873192668912,259.7633362460875,26910800
2022-05-31,263.04327392578125,265.84911459447005,260.1987236575402,263.68184944791426,37827700
2022-06-01,263.5753479003906,268.67423608497063,261.2726146793663,266.26508840879205,25292200
2022-06-02,265.665283203125,265.73301762123407,253.10671973952768,255.86419557770878,44008200
2022-06-03,261.2532958984375,264.5719571114333,259.6955816677973,261.5338887851949,28059000
2022-06-06,260.0245056152344,265.27820295854366,258.5441812387559,263.2270376292287,22400300
2022-06-07,263.6528015136719,264.26235216439045,257.30578597515415,257.9830710374571,22860700
2022-06-08,261.6306457519531,264.13655309709793,260.85660150666956,262.88842705123176,17372300
2022-06-09,256.1930847167969,263.8559299419898,256.0382758855006,259.0859990893106,26439700
2022-06-10,244.7761993408203,252.1197571149294,244.33112762791936,252.1197571149294,31422800
2022-06-13,234.39456176757812,240.9350949240482,233.6882667435192,237.1520369876546,46135800
2022-06-14,236.55221557617188,237.76163216918874,233.6689557887817,235.94266488900783,28651500
2022-06-15,243.58615112304688,247.01122689050288,238.4195274205562,240.24816456305055,33111700
2022-06-16,237.0166015625,239.38705487358806,235.12991483585378,237.99380474825406,33169200
2022-06-17,239.609619140625,242.36709498896798,236.10715327065702,236.75539881898118,43084800
2022-06-21,245.5018768310547,246.47908003768092,241.4092008096241,242.1348507017861,29928300
2022-06-22,244.91163635253906,248.82047799331224,242.24123578757585,243.71189010136848,25939900
2022-06-23,250.4556427001953,250.9490941058249,245.39546270431345,247.27247956979176,25861400
2022-06-24,259.0086364746094,259.2795445759663,253.22277759883846,253.30985203926372,33923200
2022-06-27,256.2898254394531,259.58908692020407,254.7320819865546,259.5020124951496,24615100
2022-06-28,248.15292358398438,258.2442876848407,247.99811473013298,255.40942252018837,27295500
2022-06-29,251.81015014648438,253.46462332290588,247.4562368464826,249.22682402298045,20069800
2022-06-30,248.49156188964844,251.10391358347033,244.68916314620972,248.70442039452854,31730900
2022-07-01,251.1522216796875,251.33605532539292,246.34359589719068,248.06581834657763,22837700
2022-07-05,254.3160858154297,254.44186984497523,246.4693916427345,247.84328689784448,22941000
2022-07-06,257.5669860839844,259.2891938730712,253.88068722348527,255.18686285339652,23824400
2022-07-07,259.6859436035156,260.3245191537176,256.41567617677276,256.51243541651996,20859900
2022-07-08,258.9699401855469,259.3956571562315,254.74182482043682,256.19312462228805,19658800
2022-07-11,255.9222412109375,257.8766478364502,253.66787209945863,257.0252138128929,19455200
2022-07-12,245.43417358398438,257.3058114608363,243.8570895604945,257.2477618242344,35868500
2022-07-13,244.51498413085938,245.3180384343123,240.05465562247608,242.06712638955372,29497400
2022-07-14,245.83084106445312,246.85642391031848,237.95512128406688,242.4348047942675,25102800
2022-07-15,248.38511657714844,251.91660674220472,246.49842984837338,247.41758340717305,29774100
2022-07-18,245.9952850341797,252.37132447376123,245.07613156293314,251.31671696215605,20975000
2022-07-19,251.10389709472656,251.2877307699049,245.44382181429663,249.2171954923263,25012600
2022-07-20,253.75494384765625,256.27053629222974,250.5040461852087,251.46189468811332,22788300
2022-07-21,256.2414855957031,256.2898799710948,248.68505377050542,251.35545481408533,22404700
2022-07-22,251.90695190429688,256.71559351171373,250.6588552259502,256.6285190592783,21881300
2022-07-25,250.42662048339844,253.00994727720533,248.47221392948006,252.5261806476122,21056000
2022-07-26,243.72161865234375,251.4425445815862,241.46727918195788,251.4231750195412,39348000
2022-07-27,260.0148620605469,261.28232818719346,250.4459740907152,252.68097341491003,45994000
2022-07-28,267.4358215332031,268.81938674780196,259.17308078267786,260.9920476929204,33459300
2022-07-29,271.6252136230469,272.84431469044125,267.6486670392354,268.68393446863337,32152800
2022-08-01,268.9839172363281,272.14774020428075,266.8843571782586,268.8000835642348,21539600
2022-08-02,265.8974914550781,268.8678255810628,263.53670799309106,267.0391735890701,22754200
2022-08-03,273.2991027832031,274.29566079302055,267.6293429063653,267.7744965070368,23518900
2022-08-04,274.4407958984375,274.58591997817257,271.07379914150016,272.65085351031576,18098700
2022-08-05,273.7247619628906,274.44072692749853,269.6320867822846,270.0868284690186,16774600
2022-08-08,271.2188720703125,276.6370630638141,270.25133901885744,274.82775145511005,18739200
2022-08-09,273.13458251953125,273.88925715701384,268.5968499150632,270.5609704551994,23405200
2022-08-10,279.7718505859375,280.4007411412907,277.62392610830153,278.8140023481959,24687800
2022-08-11,277.7012939453125,281.755259328041,277.20787222386883,281.40696164231605,20065900
2022-08-12,282.4326171875,282.4326171875,277.62397604955174,279.1139854304459,22619700
2022-08-15,283.9419860839844,284.62892642888846,280.6910589868737,281.55217775836655,18085700
2022-08-16,283.2066345214844,284.49347021164397,280.9910047541906,282.51000943686375,18102900
2022-08-17,282.46002197265625,284.42828191151625,280.6662805490986,280.9280583220521,18253400
2022-08-18,281.344970703125,283.03204200222694,280.28809521797484,281.36435178389024,17186200
2022-08-19,277.4472961425781,280.45302156557796,276.87524340040335,280.1136602196925,20570000
2022-08-22,269.30279541015625,273.86954199957296,268.7889154719794,273.5010941968334,25061100
2022-08-23,268.0326232910156,270.37900717902073,267.02424456116967,268.0326232910156,17527400
2022-08-24,267.4023742675781,268.79858174374715,266.74303270034477,267.0339265183886,18137000
2022-08-25,270.3693542480469,270.5341674761129,266.17102576018783,268.89556299786517,16583400
2022-08-26,259.9365234375,271.8139618186625,259.8298830917029,270.5922729736932,27549300
2022-08-29,257.16351318359375,259.2674999332414,255.82547868834627,257.76465225492166,20338500
2022-08-30,254.9722442626953,258.928145422764,252.7325011017951,258.5597272905954,22767100
2022-08-31,253.51785278320312,258.98630675463943,253.38209643308895,257.3186459236816,24791800
2022-09-01,252.48037719726562,252.95549481319304,247.64214890957027,250.99691069203294,23263400
2022-09-02,248.27239990234375,256.68840643713196,246.7307604021961,253.7408837951921,22855400
2022-09-06,245.54788208007812,249.98857705648493,244.27772561001785,248.40817526683784,21328200
2022-09-07,250.24069213867188,250.95817701237237,245.5188084309381,246.95379297306187,24126700
2022-09-08,250.6575927734375,252.5095072886724,247.04103780727314,249.6783301329259,20319900
2022-09-09,256.41693115234375,257.1635319672501,252.37377054080144,252.57737549512018,22084700
2022-09-12,258.5403137207031,259.31600091262334,257.09563886057305,257.69677794091064,18747700
2022-09-13,244.32620239257812,252.48041678186516,243.9383587650543,250.96786362132625,33353300
2022-09-14,244.5491943359375,246.49805856116708,242.26096879830945,245.8193507310912,23913000
2022-09-15,237.91722106933594,243.75412313348235,236.5985823888046,242.1737066610615,31530900
2022-09-16,237.2966766357422,237.83964287173066,234.69817634172827,236.83126432370605,39791800
2022-09-19,237.0833740234375,237.68451311918642,233.5249921595804,235.09571807800603,26826900
2022-09-20,235.0763397216797,236.10409946317117,232.35180291402574,234.7079067620096,26660300
2022-09-21,231.68276977539062,240.12787756364517,231.634287475008,236.84097880590735,28625600
2022-09-22,233.65106201171875,236.44347719720534,230.34478171455967,230.6356459674454,31061200
2022-09-23,230.68411254882812,233.79649299504186,228.0468350078117,232.2548385862269,34176000
2022-09-26,230.2283935546875,234.106740937524,229.69511783060327,229.84056473429231,27694200
2022-09-27,229.2200164794922,234.44608868363423,227.36810216062796,232.6814336251009,27018700
2022-09-28,233.73828125,234.9599552096983,227.59109010763635,229.607832291303,29029700
2022-09-29,230.27687072753906,232.652355487679,227.28085099175377,231.6245958212714,27484200
2022-09-30,225.81678771972656,233.22443119574095,225.65195971871543,231.0428606260345,35694800
2022-10-03,233.4183349609375,234.26187075492425,227.52324535563076,228.25043546623195,28880400
2022-10-04,241.31077575683594,242.74576012730563,237.529378230904,237.63603337433412,34888400
2022-10-05,241.6210479736328,242.95908260476142,236.67616375353109,238.50868236825332,20347100
2022-10-06,239.28433227539062,242.72636855289312,238.59593389672287,240.38966069294162,20239900
2022-10-07,227.1160125732422,233.98068874798435,226.07854761763357,233.57344928121,37769600
2022-10-10,222.27780151367188,227.42630569411762,219.83443833161004,225.9622347703348,29743600
2022-10-11,218.55459594726562,222.09358236444308,217.29412996487275,220.69737480208315,30474000
2022-10-12,218.88424682617188,220.93007581576018,217.1486927519345,218.54488548684702,21903900
2022-10-13,227.1160125732422,228.91944457503647,212.4655557421077,213.16365940697776,42551800
2022-10-14,221.6087646484375,230.02478606979594,221.3954543611521,228.3764766144597,30198600
2022-10-17,230.3059539794922,231.69247081215326,227.98864209353195,228.64796881811276,28142300
2022-10-18,231.24649047851562,236.51134058165383,228.21167855259944,235.84233800532098,26329600
2022-10-19,229.28790283203125,232.32271452181564,227.16450518293112,229.83086912144609,19985700
2022-10-20,228.96795654296875,233.9710288478756,227.72688640768192,228.59952355559247,21811000
2022-10-21,234.75637817382812,235.60961938988035,227.3681306457899,227.60083683054654,26299700
2022-10-24,239.73036193847656,240.30241466092306,233.96132282043843,236.34649831848267,24911200
2022-10-25,243.0366668701172,243.4050998483293,238.3535601564571,239.74006238454706,34775500
2022-10-26,224.28485107421875,231.05256356203466,223.06316209926047,224.13940416091688,82543200
2022-10-27,219.8538055419922,226.58274025958372,218.9133051682239,224.01332637862237,40424600
2022-10-28,228.6964569091797,229.40426599695735,219.1751212635659,219.35934514135127,40647700
2022-10-31,225.07020568847656,227.77534655596756,224.11999990021067,226.65062223193135,28357300
2022-11-01,221.23062133789062,228.57040061346953,220.41617196573657,227.4650722384831,30592300
2022-11-02,213.4060821533203,224.26545245124476,213.34789451187777,222.48141610977814,38407000
2022-11-03,207.73399353027344,213.70665239090863,207.4722009244926,213.3963774811355,36633900
2022-11-04,214.65682983398438,214.85074424296624,206.93891208084915,210.9336199205367,36789100
2022-11-07,220.9397430419922,221.46332820770985,214.5501694748692,215.23858262395112,33498000
2022-11-08,221.90933227539062,224.6047824698309,218.97148537429405,221.74450429023085,28192500
2022-11-09,217.6819610595703,221.67666935840754,217.50744250984388,220.45498033143147,27852900
2022-11-10,235.59022521972656,235.92958655895382,227.8529257557349,228.2698410290553,46268000
2022-11-11,239.59461975097656,240.4478609583566,234.5721519094285,235.59992645228266,34620200
2022-11-14,234.20370483398438,236.491930374749,231.9348751725974,234.63032541196574,31123300
2022-11-15,234.6109619140625,239.48798322283633,232.7299608122821,238.18874022491158,31390100
2022-11-16,235.03875732421875,237.05146554303985,233.7650213224332,236.06941348333024,24093300
2022-11-17,234.9901123046875,236.51666066871482,231.0522311596021,231.19807311445172,23123500
2022-11-18,234.5428466796875,236.9930953021771,232.41346518460608,236.7694511962655,27613500
2022-11-21,235.34988403320312,237.8973557920272,234.51368886128466,234.74703599252672,26394700
2022-11-22,238.2473907470703,238.51963895713513,234.04697919434565,236.8472486173572,19665700
2022-11-23,240.72682189941406,241.40744246425524,237.50844728562427,238.3251919634337,19508500
2022-11-25,240.63929748535156,241.81579547416155,239.900325357093,240.46427230471662,9200800
2022-11-28,235.0679168701172,239.8225578203936,234.13449861777707,239.26834351489458,24778200
2022-11-29,233.67750549316406,236.069402727706,231.61619326885713,234.71787945747192,17956300
2022-11-30,248.0775146484375,248.26225766620797,233.22047878551072,233.91083193037719,47594200
2022-12-01,247.63998413085938,249.03039349182038,243.97433652295894,246.84267525021951,26041500
2022-12-02,247.96087646484375,248.9720820268652,242.77841272299736,242.9048189819058,21528500
2022-12-05,243.27427673339844,246.79408255563942,241.19351410319612,245.03417222631165,23435300
2022-12-06,238.3348846435547,244.8883215875388,237.03198043755035,243.87711611749123,22463700
2022-12-07,237.6056671142578,239.3461270027659,235.5054686619729,238.0529405287907,20481500
2022-12-08,240.5518035888672,241.854722806182,236.3319411296729,238.06266840254827,22611800
2022-12-09,238.62661743164062,241.4366198107319,237.40150036949424,237.9265463000095,20609700
2022-12-12,245.52032470703125,245.5494930971703,240.32814355248385,240.600391751391,30665100
2022-12-13,249.8082733154297,256.61450802590645,246.06483829010176,254.44622542877917,42196900
2022-12-14,250.09996032714844,255.32130998655228,247.27050773018283,250.01245515480875,35410900
2022-12-15,242.11720275878906,247.16354186623428,240.49343144760888,246.69683279651164,35560400
2022-12-16,237.9168243408203,242.9242630632895,236.76947979184487,241.66997762867638,86102000
2022-12-19,233.794189453125,238.42243914772908,232.1023632453267,238.08212143380248,29696400
2022-12-20,235.10682678222656,236.18610187706696,231.8203825618914,232.7732513908985,25150800
2022-12-21,237.66400146484375,238.82106381583225,233.4635897668888,234.99985605475112,23690600
2022-12-22,231.59674072265625,235.29155709825014,227.39631414751827,234.58175331390822,28651700
2022-12-23,232.12176513671875,232.2578892351766,227.46436256281203,229.57429350711575,21207000
2022-12-27,230.40078735351562,232.3162427208361,229.30206179925912,232.09261343652005,16688600
2022-12-28,228.03802490234375,233.08436401519373,227.68798939057342,230.3326988491907,17457100
2022-12-29,234.3386993408203,235.22351357854706,229.12706662796964,229.12706662796964,19770700
2022-12-30,233.1815948486328,233.3177189415319,230.10906265300991,231.61616036208682,21938500
2023-01-03,232.9482421875,238.94745003778394,230.82857855768225,236.3513594820361,25740000
2023-01-04,222.7583770751953,226.42401047503648,219.7052947992431,225.8503455985308,50623400
2023-01-05,216.1562957763672,221.25125412142148,215.62151720752513,220.91093644040888,39585600
2023-01-06,218.70376586914062,219.51079264209568,213.27823740876858,216.82719680304174,43613600
2023-01-09,220.83316040039062,224.8391261091335,220.14282198786435,220.18170823285104,27369800
2023-01-10,222.51527404785156,224.90717117777552,221.03734458217542,221.4554347527597,27033900
2023-01-11,229.24371337890625,229.41872372216184,224.7127021200409,224.88771246329648,28669300
2023-01-12,231.90789794921875,233.2594213403898,227.094919820166,228.74785985566473,27269500
2023-01-13,232.60797119140625,232.7440953170416,228.41727685604286,230.4397030343515,21333300
2023-01-17,233.6969451904297,234.24144161412062,230.52717483814848,231.38282055332843,29831300
2023-01-18,229.28262329101562,235.67076853478866,229.0006572078567,234.88319223600368,30028700
2023-01-19,225.51002502441406,229.00066284863416,224.2946258083473,227.30882179875937,28623000
2023-01-20,233.57052612304688,234.07613627577243,228.0185768034781,228.3588944678233,35389800
2023-01-23,235.86520385742188,238.38350713722812,233.01630075916648,234.42617553130606,31934000
2023-01-24,235.34017944335938,237.19731304543689,233.7844773158166,235.78745289233305,40234400
2023-01-25,233.94973754882812,236.56527872989417,224.50851101400366,227.98941574229838,66526600
2023-01-26,241.1352081298828,241.43662476621853,235.30129180415983,236.90561285916706,33454500
2023-01-27,241.29075622558594,242.9145276437586,239.99756980206558,242.0977830088241,26498900
2023-01-30,235.9916229248047,238.80162509755758,235.4957305884033,237.74178578895192,25867400
2023-01-31,240.95042419433594,241.0865482920522,236.22495217873632,236.71111179006792,26541100
2023-02-01,245.7537078857422,248.11643670951443,238.67522443009082,241.1351911203326,31259900
2023-02-02,257.2756652832031,257.36317045013345,250.12911325561998,251.6556615153349,39940400
2023-02-03,251.19874572753906,256.8868206684499,249.9833463672092,252.35580829239993,29077300
2023-02-06,249.66241455078125,251.1500618843591,247.72750865015405,250.31388153410032,22518000
2023-02-07,260.1537780761719,261.3302762498554,252.88081823202182,253.31837383415902,50841400
2023-02-08,259.34674072265625,269.0991022332483,258.84111568990085,265.63764785701306,54686000
2023-02-09,256.32281494140625,266.3960585481187,255.525505975814,266.2210185187912,42375100
2023-02-10,255.81723022460938,256.7798168982394,253.4447686061317,254.29068170390744,25818500
2023-02-13,263.80963134765625,266.99883688144894,259.7550475521796,260.23150409956196,44630900
2023-02-14,264.6361999511719,267.35868256455376,261.82618247447147,265.1223596801926,37047900
2023-02-15,262.5209655761719,263.8953733913227,259.46022127566107,261.54621079213484,28922400
2023-02-16,255.53192138671875,260.0060415876993,255.28823272818724,257.3547077929904,29603600
2023-02-17,251.54518127441406,253.52393201360653,249.53718908576167,252.84162161049076,30000100
2023-02-21,246.29124450683594,249.04005963500097,245.2385077475541,248.0555479638784,28397400
2023-02-22,245.16053771972656,247.9190951759008,244.0200765591585,247.6754065123544,22491100
2023-02-23,248.33824157714844,250.3559759296498,244.15653587973247,249.10829119149065,29219100
2023-02-24,242.9283905029297,244.6634528431663,241.83666989520626,243.64971440364852,24990900
2023-02-27,243.84461975097656,246.43747061453573,243.09405452761465,246.08655835575647,21190000
2023-02-28,243.12330627441406,245.14105556625483,242.4507231771338,242.7821510664902,22491000
2023-03-01,240.0528106689453,244.59515563379992,239.58491776919715,244.42944914272945,27565300
2023-03-02,244.77066040039062,245.0533327272031,239.4095093951341,240.32578121944115,24808200
2023-03-03,248.8450927734375,249.1667635730139,245.04355582130654,245.8233624681365,30760100
2023-03-06,250.38522338867188,253.55317601638902,249.51769234094775,249.9563289608396,24109800
2023-03-07,247.73388671875,251.18452648625785,246.99307854410944,249.82960325303648,21473200
2023-03-08,247.29525756835938,248.11404792403098,244.47821715829852,247.62667058752513,17340200
2023-03-09,245.95013427734375,253.00734939553732,245.22881038258097,249.36177602188675,26653400
2023-03-10,242.3142547607422,246.40822131411622,241.34925717678098,244.74139919259653,28333900
2023-03-13,247.5096893310547,251.39896558800064,239.52644667781433,241.15428509526765,33339700
2023-03-14,254.2062530517578,254.4791831419145,249.4007052796058,250.26823625336974,33620300
2023-03-15,258.7388916015625,259.7526448252449,252.66615907277222,253.41673923474747,46028000
2023-03-16,269.2272644042969,269.57816182335324,256.6334203873444,258.514689849532,54768800
2023-03-17,272.37567138671875,276.1772083863334,269.3441988521381,271.23522516040924,69527400
2023-03-20,265.35748291015625,270.47494508940247,263.0375619626868,269.98756773899805,43466600
2023-03-21,266.8683166503906,268.05751846766043,262.7158524815854,267.9405526736913,34558700
2023-03-22,265.4159851074219,273.9450893595406,265.30874661401754,266.497948625342,34873300
2023-03-23,270.6503601074219,273.9645197282161,268.2524721711086,270.9232901997897,36610900
2023-03-24,273.4869079589844,273.54539085578926,268.33044774491924,270.2409584505626,28172000
2023-03-27,269.4027099609375,274.35445077052975,268.56440544663616,273.41869458351096,26840200
2023-03-28,268.2817077636719,269.16873798129603,265.18196566074795,268.82756793649463,21878600
2023-03-29,273.4284362792969,274.0425364680911,271.3814455656998,271.9175487241211,25087000
2023-03-30,276.87908935546875,277.2787423935812,274.3739921244632,277.05456782750633,25053400
2023-03-31,281.0217590332031,281.96727225154604,275.8555711889492,276.5671528059377,32766000
2023-04-03,279.9787902832031,280.99251370652144,276.781596204477,279.2866930601582,24883300
2023-04-04,279.9300231933594,283.117489822551,278.45816395278734,279.9787787723989,25824300
2023-04-05,277.1617736816406,279.90083226436434,275.77763853693574,278.6336629350254,22064800
2023-04-06,284.2384033203125,284.7062664177296,274.9099961026734,276.06019921335053,29770300
2023-04-10,282.0842590332031,282.28894917802717,277.52238471849756,281.90878059048885,23103000
2023-04-11,275.6898193359375,278.7603200001052,274.5298887759889,278.53611574215296,27276600
2023-04-12,276.33319091796875,279.7643463826104,274.8418174679427,277.6003898328518,27403400
2023-04-13,282.5229187011719,282.5814016075444,276.02132104979927,276.43070139440715,24222700
2023-04-14,278.9163513183594,281.1972739689878,276.5281901717606,279.75462616341997,20987900
2023-04-17,281.5091247558594,284.238455563406,278.9357880056503,282.61060224538903,23836200
2023-04-18,281.0899658203125,284.39439803515654,279.7643139062447,284.2091922902282,20161800
2023-04-19,281.16796875,281.75279769664104,277.3566747962618,278.7700510801762,17150300
2023-04-20,278.8870849609375,281.73338210050423,277.88308869454204,278.0488101013178,23244400
2023-04-21,278.5459899902344,279.0430947973003,275.9141396700651,277.8149237620941,21676400
2023-04-24,274.6566162109375,277.75635870948304,271.6836263278282,274.9685448486902,26611000
2023-04-25,268.4670104980469,274.4909887047074,268.4182549042338,272.45375451172964,45772200
2023-04-26,287.9132995605469,292.0072813214267,285.3399625443694,289.20974000859206,64599200
2023-04-27,297.1344299316406,297.49511411918564,287.7962940057379,288.49811850361414,46462600
2023-04-28,299.5031433105469,301.13096702652024,295.6528502866571,296.33519048615636,36469600
2023-05-01,297.8460388183594,300.80930138647517,297.44638582832135,299.2204464922504,21294100
2023-05-02,297.6998291015625,301.3746435203023,296.237697087883,299.9905085390908,26404400
2023-05-03,296.7153015136719,300.8190101503688,296.41312996008793,298.87925796823623,22360800
2023-05-04,297.6998291015625,299.9905085390908,295.74056268414336,298.5088623937183,22519900
2023-05-05,302.8075256347656,304.0942089102195,296.58858621722317,298.00199235653776,28197100
2023-05-08,300.8580627441406,302.3689505307948,298.36269283862055,302.30071055555146,21318600
2023-05-09,299.249755859375,302.2130191000209,298.5771725950975,300.2245107644544,21340800
2023-05-10,304.4256591796875,305.0982423493034,299.90281252520236,300.82881170640417,30078000
2023-05-11,302.2811584472656,303.2656701896078,298.5283767405059,302.2714311285641,31680200
2023-05-12,301.1699523925781,302.8075331032812,298.8597885779878,302.71005168658775,19774700
2023-05-15,301.6475524902344,302.07644689728147,299.82476613385916,301.2966551101867,16336500
2023-05-16,303.8700256347656,305.790293615096,302.0082405576207,302.0082405576207,26730300
2023-05-17,306.7420654296875,307.1621190650021,303.5574089684494,305.0715994717328,24315000
2023-05-18,311.1575927734375,311.665592368816,306.4685537852504,307.2598287418547,27276000
2023-05-19,310.98175048828125,311.38227715164794,309.05728471229986,309.4187276052405,27546700
2023-05-22,313.7560729980469,315.1334851097125,310.659362704621,311.2357215634577,24115700
2023-05-23,307.9729309082031,315.26048835857114,307.9631525133489,312.63266399021563,30797200
2023-05-24,306.5955505371094,309.1842914063532,305.38419212471825,307.45521463229585,23384900
2023-05-25,318.3865661621094,319.3438949651791,312.6033903237595,315.7684901108892,43301700
2023-05-26,325.19549560546875,325.69368704113634,316.3937458917175,316.53049438764276,36630600
2023-05-30,323.55426025390625,327.9795506793169,322.88020682779495,327.4813593124993,29503100
2023-05-31,320.7994079589844,328.1748807384319,319.76388201700377,324.6092550226207,45950600
2023-06-01,324.89251708984375,325.820570098654,317.21421253677175,318.39623546469716,26773900
2023-06-02,327.6474304199219,329.6988961808169,324.86330044529166,326.5240179212979,25873800
2023-06-05,328.17498779296875,330.7344235831456,326.924575276692,327.4716288893014,21307100
2023-06-06,325.9671936035156,327.61813272213266,324.49211655757586,327.5790489490728,20396200
2023-06-07,315.9052734375,326.75845825838536,315.045609330463,323.9841067025186,40717100
2023-06-08,317.7418518066406,319.0899588404042,315.8759965452041,316.45235552980716,23277700
2023-06-09,319.2364501953125,322.3624661949436,316.9114577219513,317.47803824659906,22529000
2023-06-12,324.17950439453125,324.4237258036258,317.6441371021866,320.9850692837771,24260300
2023-06-13,326.5630798339844,329.1909043563213,322.75323214002157,326.738912078587,22951300
2023-06-14,329.5426330566406,331.20335074507136,325.11734183212303,326.61197582683593,26003800
2023-06-15,340.0538635253906,341.75363483053593,329.40581706772855,329.6793438273172,38899100
2023-06-16,334.4172058105469,343.3459537429244,334.04601435643656,343.19942687785715,46552000
2023-06-20,330.23614501953125,334.17299255500126,328.09676330100183,331.4670303403785,26375400
2023-06-21,325.8499450683594,329.923570971666,324.3943951235906,328.59499110748806,25117800
2023-06-22,331.8577575683594,332.2582841920234,325.6350018399905,326.3969713207667,23556800
2023-06-23,327.27618408203125,330.1482299651682,325.74249643584824,326.6314360457984,23146900
2023-06-26,321.00457763671875,328.3409673865728,320.89710473059927,326.00622657027685,21520600
2023-06-27,326.8366394042969,328.38010561548896,321.6884329438187,324.1892578253604,24354100
2023-06-28,328.0870361328125,330.1678072397065,326.0941811528345,326.92453987884056,20259500
2023-06-29,327.3054504394531,328.3409466072507,324.9316260064178,326.97331297168574,16997000
2023-06-30,332.66864013671875,334.8080220472076,329.4058457163647,329.94312088694005,26832800
2023-07-03,330.17755126953125,333.02029191600536,328.7903904255227,331.3498259032752,12508700
2023-07-05,330.3338928222656,333.75299276532775,326.99296042986884,327.34462497130613,18172400
2023-07-06,333.38177490234375,335.06201951292167,327.7451550984621,329.50353744833353,28161200
2023-07-07,329.42535400390625,333.8897282258727,329.2104379854344,331.4768196689225,21214800
2023-07-10,324.1598815917969,327.48131592887023,320.01789687690416,326.86587333332807,32791400
2023-07-11,324.7851257324219,325.1660955778508,319.44156081618985,323.40771358997307,26698200
2023-07-12,329.4057922363281,333.7529146882439,327.9111586604982,328.81965499219945,29995300
2023-07-13,334.7396240234375,335.7946473564409,331.18374612162296,331.711272694216,20567200
2023-07-14,337.2599792480469,343.3069035731136,336.35148278353853,339.55566639937143,28352700
2023-07-17,337.7386169433594,338.9694723365567,334.2902125016096,337.68975478361295,20363900
2023-07-18,351.18060302734375,358.30210756551196,334.2609666964125,337.8363418414127,64738600
2023-07-19,346.8725280761719,354.0819486228708,344.293565577068,353.388368189592,39732900
2023-07-20,338.8522644042969,349.6956992819866,337.3869361725058,345.3974090978353,33778400
2023-07-21,335.823974609375,342.20303681474576,331.9750427010371,341.07962426148026,69405400
2023-07-24,337.1329650878906,338.901155398555,334.397697414045,337.8558806826926,26678100
2023-07-25,342.8673095703125,343.7562790203098,337.09391224924093,339.0867373558683,41637700
2023-07-26,329.962646484375,336.70318113968654,325.4103558990967,333.547829841797,58383700
2023-07-27,323.0755920410156,333.4403334728924,321.4441800463063,332.61000460063315,39635300
2023-07-28,330.5487060546875,332.1508124109677,325.46891989231955,325.95736258940354,28484900
2023-07-31,328.15545654296875,329.89431189161485,325.65460173075695,329.1323422402348,25446000
2023-08-01,328.565673828125,330.7148339075202,325.9867115450311,327.4422614370604,18311900
2023-08-02,319.9300537109375,325.9183675778276,318.81638974847687,325.9183675778276,27761300
2023-08-03,319.10943603515625,322.25500868577666,318.415855644904,318.46468799733185,18253700
2023-08-04,320.2035827636719,327.3934767757319,319.6760561560359,324.2088199611453,23741500
2023-08-07,322.47967529296875,323.45656084506595,319.94954529049863,320.77990397221754,17741500
2023-08-08,318.5134582519531,321.1510606368061,315.5339698423981,319.402427502964,22327600
2023-08-09,314.7818908691406,319.54906805843905,313.62914308212316,318.92387671073834,22373300
2023-08-10,315.4656066894531,320.67242275810133,313.75605717646994,318.4841791092021,20113700
2023-08-11,313.59002685546875,314.9576606059445,311.83161505156005,312.8573627235517,24355500
2023-08-14,316.54998779296875,316.5695147707091,312.68149972344554,313.9612471638397,18836100
2023-08-15,314.4203186035156,317.5756691585243,313.48251697268347,315.5339822625221,16966300
2023-08-16,313.65679931640625,317.59221281010525,313.06942104679297,314.04837487104845,20698900
2023-08-17,310.2109069824219,315.09587723168505,309.5549947446499,313.7938817302348,21257200
2023-08-18,309.8193664550781,311.679373042675,304.9931006267398,307.8712277189821,24755000
2023-08-21,315.1056213378906,315.9768745946358,310.36748902091307,311.2387422776583,24040000
2023-08-22,315.6734313964844,319.21723934340076,314.6944776045053,318.6494592891844,16084600
2023-08-23,320.1178894042969,322.2715996929162,316.6523846218089,317.00482352144604,21166400
2023-08-24,313.2358703613281,325.97206974501347,313.22607126255105,325.8448009621162,23281400
2023-08-25,316.1824951171875,318.5123799630537,312.09044570865603,314.70426538436715,21684100
2023-08-28,316.8873291015625,319.2857477751521,314.94898999316615,318.8060700154935,14808500
2023-08-29,321.4982604980469,322.056271402599,315.1056925945481,315.1056925945481,19284600
2023-08-30,321.8702697753906,322.86879202505213,319.57952117301215,321.7528000842896,15222100
2023-08-31,320.8619079589844,323.9456064626788,319.9025224771531,322.27160382501023,26411000
2023-09-01,321.7429504394531,325.00285335659055,319.9025125671937,324.33717196139406,14942000
2023-09-05,326.530029296875,327.8026871669536,321.74296073160247,322.07580143984785,18553900
2023-09-06,325.8741760253906,327.4209100280818,323.23098856949474,326.3636529709045,17535800
2023-09-07,322.96661376953125,326.0698802204904,322.10512974677425,324.3175746347369,18381000
2023-09-08,327.23486328125,329.08510023164433,322.52609807587226,323.1428437260037,19530100
2023-09-11,330.82763671875,331.29754527961506,328.3704532160462,330.1423571352341,16583300
2023-09-12,324.78753662109375,329.7019045004539,324.5036614898463,328.75231798743556,17565500
2023-09-13,328.9871826171875,329.7605644160493,324.20011449262233,324.33715247737837,16544400
2023-09-14,331.5716552734375,333.68616913545833,329.4864789543326,332.01216654665086,20267000
2023-09-15,323.2701110839844,330.2989918946616,322.7121002719872,329.8291132111252,37679800
2023-09-18,322.134521484375,323.4463159361462,319.4913343854658,320.9010301881777,16834200
2023-09-19,321.7331848144531,322.45763099664185,317.6803313099975,319.3053983263758,16505900
2023-09-20,314.01898193359375,322.65336113195434,313.7644742751729,322.5750579775089,21436500
2023-09-21,312.8050842285156,318.5026021085826,308.3704250255411,312.5407774764578,35560400
2023-09-22,310.3381652832031,314.68472270748657,309.49624944861836,314.5574539286877,21447900
2023-09-25,310.8569641113281,310.98423287149456,308.3704133654572,309.9269461526473,17836000
2023-09-26,305.5706787109375,309.23195666524725,303.49527138826676,308.4977412546043,26297600
2023-09-27,306.20697021484375,307.6851701509051,303.1722074325514,305.7272625333357,19410100
2023-09-28,307.03912353515625,308.8403951730469,302.9373041972711,304.44487173232886,19683600
2023-09-29,309.10467529296875,312.746384776468,308.35089159051364,311.06258297495117,24147300
2023-10-02,315.0273132324219,315.1154453625428,308.5466440139972,309.6234991428816,20570000
2023-10-03,306.79437255859375,314.6260036436558,304.6602303826851,314.0777619824239,21033500
2023-10-04,312.2470703125,313.3043570607618,307.3914682241067,307.4208356407086,20720100
2023-10-05,312.638671875,313.24564832750764,308.27254628304615,312.3743651035606,16965600
2023-10-06,320.3724365234375,322.2618102249638,309.6430811517103,309.8878196065806,25673600
2023-10-09,322.8785705566406,323.3484492911128,316.37830256029935,317.9152672966711,19891200
2023-10-10,321.4786682128906,324.13162477364205,320.7738202479149,323.9945568948938,20557100
2023-10-11,325.4237976074219,325.81537310695785,322.2128307107535,324.23924213655874,20063200
2023-10-12,324.19036865234375,326.6083859172805,321.8017188086289,323.6127894514465,19313100
2023-10-13,320.83258056640625,326.80417560812504,319.49138859402285,325.38471034218486,21072400
2023-10-16,325.63922119140625,329.06555964733286,323.6421469834392,324.0826582883067,22158000
2023-10-17,325.0714416503906,326.4419711859503,320.51931182231954,322.6534242330698,18338500
2023-10-18,323.1623840332031,328.5270609392468,321.3904802675339,325.49229856493486,23153600
2023-10-19,324.3470153808594,329.7899967094516,323.9456406942705,325.15953397789394,25052100
2023-10-20,319.7948303222656,324.9343374400908,318.6005055684448,324.73853474262626,25027700
2023-10-23,322.3890686035156,325.7273046053134,317.5628335992071,318.620090545015,24374700
2023-10-24,323.57366943359375,324.8560968034201,320.7053413392681,324.32745327015175,31153600
2023-10-25,333.50018310546875,338.91379608217926,330.5143562790692,337.75860796598914,55053800
2023-10-26,320.9891662597656,334.4399815109655,320.05914822735156,333.3729254857893,37828500
2023-10-27,322.8687744140625,329.63334926048014,321.4884458683103,323.4757210351802,29856500
2023-10-30,330.2109069824219,332.3058824741977,324.84622935304117,326.39299310170355,22828100
2023-10-31,330.99407958984375,331.865362876774,327.64607407506094,331.71852577091533,20265300
2023-11-01,338.7865905761719,340.1081843444484,332.5016932588563,332.6387611479277,28158800
2023-11-02,340.9892272949219,341.48847346531505,337.5139230484177,339.93194035995595,24348100
2023-11-03,345.37493896484375,346.9315020236901,340.02005970434163,342.27167169728,23637700
2023-11-06,349.0264892578125,350.0152424169272,345.9134225220718,346.0113239029764,23828300
2023-11-07,352.9422302246094,354.83160398439014,350.1032700356418,351.83600759444016,25833900
2023-11-08,355.5560302734375,356.211912585882,352.9617788165993,354.06800138493276,26767800
2023-11-09,353.0988464355469,357.11256296700316,352.77577495327927,354.6749477041347,24847300
2023-11-10,361.8899230957031,362.3108661279153,353.4709130749397,353.8820570074666,28042100
2023-11-13,358.9627685546875,360.715104203908,358.19918579348337,360.4703657564029,19986500
2023-11-14,362.47723388671875,364.1218990717547,359.61870535436486,363.20168005612413,27683900
2023-11-15,362.6243896484375,366.0184363495822,360.1131537221127,364.20368992773217,26860100
2023-11-16,369.00048828125,369.17705042836303,363.12463294088235,363.88976551430744,27182300
2023-11-17,362.80096435546875,367.23480603716206,360.0052770614011,366.4892814424939,40157000
2023-11-20,370.24627685546875,371.6490149349355,363.9290160684621,364.1448242296059,52465100
2023-11-21,365.9595642089844,369.0495215118682,364.04671781694736,368.51001608638865,28423100
2023-11-22,370.64849853515625,372.5515261398846,367.82338415552084,370.79563367244174,23345300
2023-11-24,370.23651123046875,370.76622769070315,367.9901781565456,370.1384111547305,10176600
2023-11-27,371.3940124511719,373.38535117738047,369.0299712724483,369.5989038114079,22179200
2023-11-28,375.40606689453125,375.7003371685908,370.95258715281994,371.1389683050371,20453100
2023-11-29,371.62945556640625,376.9755653604363,370.2463253437472,376.4458788431164,28963400
2023-11-30,371.6883239746094,372.84582706432604,368.3138848477526,371.2763156204023,30554400
2023-12-01,367.3721618652344,370.9525899274523,364.23313921740737,369.579278745005,33040500
2023-12-04,362.1044616699219,362.47719398696046,355.98337139108264,362.06521566015255,32063300
2023-12-05,365.4200439453125,365.9693683802573,358.65155863650625,359.46575623768496,23065000
2023-12-06,361.77093505859375,367.04840106048385,361.0156214613024,366.4206145498899,21182100
2023-12-07,363.8800354003906,364.3705058457687,359.33827428643895,361.2118749800961,23118900
2023-12-08,367.09747314453125,367.3230703614092,361.2118285564288,362.1633422956095,20154400
2023-12-11,364.2232360839844,364.5175362281922,359.1223628796305,361.45700631839355,27708800
2023-12-12,367.2445983886719,367.28384440026525,363.3992975227853,363.7818787799653,24838300
2023-12-13,367.23480224609375,370.4424978188213,363.70340938140794,368.8533485777596,30955500
2023-12-14,358.9556884765625,366.6364723191659,357.1900068696794,366.19503694947514,43277500
2023-12-15,363.6641845703125,365.30233890168853,359.29898614385536,359.858129570657,78502300
2023-12-18,365.547607421875,365.89094271187565,361.6532709896756,362.408614614865,21802900
2023-12-19,366.1459655761719,366.1459655761719,362.79113493260104,364.40968123442,20603700
2023-12-20,363.5563049316406,368.8631986960778,363.46802384456504,367.85283078495934,26316700
2023-12-21,366.42059326171875,367.2740068711911,362.98730085105643,365.45926060979707,17708000
2023-12-22,367.4407653808594,368.02933580590116,365.606411005962,366.55792471126443,17107500
2023-12-26,367.5192565917969,369.7558002532684,366.38136175547834,367.8527728468658,12673100
2023-12-27,366.9405212402344,367.9116430236214,365.70452628978785,366.5677589576593,14905400
2023-12-28,368.12750244140625,369.28500552722875,367.02885341513803,368.2157835307377,14327000
2023-12-29,368.87298583984375,369.9716347431921,366.361779793351,368.8337398258849,18730800
2024-01-02,363.8014221191406,368.7355519577854,359.7795598202377,366.7344248255048,25258600
2024-01-03,363.5366516113281,366.1459576250118,361.48648901542015,361.97695939537715,23083500
2024-01-04,360.9273681640625,365.98902639400353,360.17205450864094,363.6053473830013,20901500
2024-01-05,360.7409973144531,364.9688499798779,359.51482125288123,361.93774634798484,21004600
2024-01-08,367.5486755371094,368.04896487668356,361.9769395114855,362.26139076236115,23134000
2024-01-09,368.62774658203125,368.8239167777909,364.1154129764403,364.91979160608497,20830000
2024-01-10,375.4747009277344,376.84804200266086,369.1476507008414,369.1966857666869,25514200
2024-01-11,377.2992248535156,383.23390409247884,373.1302268937335,378.6431088178606,27850800
2024-01-12,381.06610107421875,381.272090274914,377.31889976513236,378.1428865038529,21661200
2024-01-16,382.8316955566406,386.5200419691374,380.232208829081,386.1570987194693,27202300
2024-01-17,382.0469970703125,382.67478358686355,377.47580955942465,380.58540492477397,22234100
2024-01-18,386.3631591796875,386.4808672893111,382.68463107425833,384.2541423864291,23392100
2024-01-19,391.0716857910156,391.0716857910156,386.00020863284516,388.2171444423586,29331100
2024-01-22,388.95281982421875,392.98447186970276,386.088459710553,392.3959014424087,27016900
2024-01-23,391.2972106933594,391.76807297194114,386.4219345726272,388.20725370099274,20525900
2024-01-24,394.88751220703125,397.89900754206303,392.8177415608544,393.88696340305137,24867000
2024-01-25,397.15350341796875,399.25273113363767,394.858105500646,396.613997943498,21021200
2024-01-26,396.23138427734375,398.4287118822507,394.75997317345707,396.66300059602537,17803300
2024-01-29,401.9111022949219,402.16615650559856,396.6238165332186,398.3208550483652,24510200
2024-01-30,400.8026123046875,405.17760004808207,398.70341448382425,404.4026783420674,33477600
2024-01-31,390.00244140625,407.404352059521,389.6394980894709,399.20367116692984,47871100
2024-02-01,396.084228515625,400.2237994029656,394.1419551827626,394.1713822058696,30657700
2024-02-02,403.3824462890625,404.78518434173446,395.86843674032343,396.113671921669,28256700
2024-02-05,397.91864013671875,403.3236336682533,396.29027477301287,402.087638647816,25352300
2024-02-06,397.76171875,400.1944629759933,395.2309043820716,398.14430007293356,18382600
2024-02-07,406.1585388183594,406.4037740259386,399.6352882839393,399.67453429921477,22340500
2024-02-08,406.2173767089844,407.6397528307197,404.66750343056947,406.15852265638233,21225300
2024-02-09,412.5346374511719,412.79951062359436,407.17870911735395,407.3356632361391,22032800
2024-02-12,407.345458984375,412.72099505038886,406.84516963028506,412.54443290280494,21202900
2024-02-13,398.5758972167969,402.25442543992307,395.70174768308635,397.22219404093613,27824900
2024-02-14,402.42822265625,402.7721928081846,397.5930862054174,401.03272774217567,20401200
2024-02-15,399.54876708984375,402.07445398469247,397.31792461353893,401.10153638347543,21825500
2024-02-16,397.0918884277344,401.24895188558764,396.4825852713034,400.9246260176193,22296500
2024-02-20,395.8438415527344,397.5145068330212,391.1462744848481,396.28606324841394,24307900
2024-02-21,395.2442932128906,395.3524118295115,390.3698381114288,393.2689765841808,18518900
2024-02-22,404.551025390625,405.7106689082216,401.5241536683513,403.1162117164581,27009900
2024-02-23,403.26361083984375,408.6884066709004,401.9172415297094,408.5017108463529,16295900
2024-02-26,400.5119323730469,405.05225512208284,400.3350137011801,404.3643147092536,16193500
2024-02-27,400.4529113769531,401.2784217577938,396.8855068799419,400.9540958991776,14835800
2024-02-28,400.68878173828125,402.24152110085487,398.33017625490425,401.1408405413653,13183100
2024-02-29,406.5067138671875,407.05705416129825,398.9198455368932,401.59293981884394,31947300
2024-03-01,408.3346252441406,408.6982397267373,403.7943028017663,404.17756158377745,17823400
2024-03-04,407.7646179199219,410.1527047870807,405.2094495475142,406.3101300793095,17596000
2024-03-05,395.70623779296875,407.1062001502952,393.7309209213856,406.821192843755,26919200
2024-03-06,395.1559143066406,398.1729790488092,391.5197391699057,396.0207434176088,22344100
2024-03-07,402.0842590332031,402.7132064248943,395.3032278348167,399.1163207431,18718500
2024-03-08,399.2146301269531,403.34221201538827,397.357209279769,400.9246137706761,18002200
2024-03-11,397.54400634765625,398.6840056449402,394.3402457274735,396.79713300835283,16120800
2024-03-12,408.118408203125,408.4034154899357,399.7748296289143,400.5905029088669,22457000
2024-03-13,407.9414978027344,410.968369200055,404.35444900675975,410.88976201717287,17115900
2024-03-14,417.88702392578125,420.44219256711494,410.7816954714427,412.9928939125644,34157300
2024-03-15,409.2388000488281,415.3122180052063,405.67139503823444,412.0593017539116,45079900
2024-03-18,410.123291015625,413.4744888967108,406.64433019614324,407.1062262088747,20106000
2024-03-19,414.1426696777344,414.3981955018545,408.3837114296865,410.62439098905713,19837900
2024-03-20,417.89678955078125,418.6141812833587,413.40559339888034,414.72248109059194,17860100
2024-03-21,421.9654541015625,423.39046066082557,419.7935742345306,422.41751294459345,21296200
2024-03-22,421.3462829589844,422.446963535343,418.7223444405752,422.2897491598315,17648500
2024-03-25,415.56768798828125,420.03924040543956,414.3392444656493,417.9066492539799,18060500
2024-03-26,414.3785400390625,418.64369211377476,414.08372560652526,418.2702405050307,16725600
2024-03-27,414.1623229980469,417.13026150811925,411.78407332169564,417.1204243635022,16705000
2024-03-28,413.4645690917969,414.5947310272611,411.89215553357553,413.70042062857715,21871200
2024-04-01,417.2481994628906,420.5109524938084,414.9387197575333,416.6388963047316,16316000
2024-04-02,414.17218017578125,415.0959720756304,410.6342569413904,412.8650995128624,17912000
2024-04-03,413.1992492675781,415.96078773337547,411.8626872035861,412.49166464341647,16502300
2024-04-04,410.6736145019531,421.27754806630895,410.368962888124,417.66098731056826,19370900
2024-04-05,418.18182373046875,419.15477140454254,411.1060069616712,412.76686502075876,16554800
2024-04-08,417.26788330078125,419.91149627913853,416.00012113110665,417.8378979159273,14272400
2024-04-09,418.9286804199219,420.3634939121141,414.3490398303801,419.08592477391875,12496900
2024-04-10,415.9608154296875,416.71752584552905,412.46221066374153,414.90926057255786,16216600
2024-04-11,420.55023193359375,421.96540116941117,415.07628079166767,418.4766338120234,17966400
2024-04-12,414.624267578125,417.84770230483133,412.53099493709567,416.73718451939897,19253800
2024-04-15,406.5067138671875,419.4594150607099,406.30031376342345,419.2432078029309,20273500
2024-04-16,407.43048095703125,411.1846115754289,406.59516335126955,407.42067380289205,16765600
2024-04-17,404.7377014160156,411.6563030616971,403.2537321874578,410.054408065017,15855500
2024-04-18,397.2982482910156,404.786864609064,396.983789567324,403.5485840383649,21029900
2024-04-19,392.2370910644531,398.48742718931453,390.91036608589934,397.0624207324797,30565800
2024-04-22,394.0453796386719,395.90280071692837,388.9252352238132,393.18055056464544,20286900
2024-04-23,400.5413818359375,401.16052215978465,396.10914808184776,397.26879155025864,15734500
2024-04-24,402.00567626953125,405.3568737379943,399.76499652417516,402.4970536697523,15065300
2024-04-25,392.1584777832031,392.9938253486681,381.3383380037112,387.2348667133991,40586500
2024-04-26,399.3129577636719,405.8777529623426,398.76261744709456,405.0620796331898,29694700
2024-04-29,395.3130798339844,399.31289867869236,392.3058528379069,398.261343947103,19582100
2024-04-30,382.6159362792969,395.2246979226767,382.45872189410846,394.5662389705951,28781400
2024-05-01,388.1291809082031,394.7922572147303,383.57902141142335,385.8393454420747,23562500
2024-05-02,390.9791564941406,393.0331103770738,387.84416635932274,390.80226783236736,17709400
2024-05-03,399.64703369140625,400.1285739017596,394.9297930918896,395.3425632659736,17446700
2024-05-06,406.408447265625,406.7917060599517,399.36208182617884,401.71088030309346,16996600
2024-05-07,402.28082275390625,407.5189223273103,402.0351340682459,407.5090851826696,20018200
2024-05-08,403.46014404296875,405.1210019721616,399.6961765499289,401.1310200807253,11792300
2024-05-09,405.2095031738281,405.60259913130744,402.045031230476,403.48968211746933,14689700
2024-05-10,407.58770751953125,408.2166849740278,404.698406069441,405.8187609135271,13402300
2024-05-13,406.5852966308594,411.13545592488975,403.7353138522874,410.8013229086305,15440200
2024-05-14,409.3763427734375,410.29029755221785,404.45273155985166,404.91462752191757,15109300
2024-05-15,416.53387451171875,417.25259039103736,410.81377223604346,411.4340293579302,22239500
2024-05-16,414.4761657714844,418.8376448328751,413.8460838814957,415.2736305334928,17530100
2024-05-17,413.708251953125,416.37634285020215,411.56198942365705,416.00221762948183,15352200
2024-05-20,418.7588806152344,420.1667475860199,413.49165301735496,413.7082502471213,16272100
2024-05-21,422.4016418457031,426.27082729608003,418.2764696581723,420.22581467067795,21453300
2024-05-22,423.8587341308594,425.71950537683756,420.5212017999642,423.43539455106486,18073700
2024-05-23,420.3932189941406,426.89110613989686,418.8376788510908,426.2708490423147,17211700
2024-05-24,423.5043029785156,424.39037161476875,417.84327052223153,420.58025544710625,11855300
2024-05-28,423.661865234375,424.15412896604386,419.999421868943,422.9825388810405,15718000
2024-05-29,422.5296630859375,424.27226587320916,419.1034967099491,419.1034967099491,15517100
2024-05-30,408.25396728515625,417.7349403773821,407.8305976923989,417.7349403773821,28394500
2024-05-31,408.7068786621094,410.3018082986228,398.25120211572766,410.3018082986228,47995300
2024-06-03,407.12176513671875,409.9867435149057,402.5929630717942,409.1006748520027,17484700
2024-06-04,409.6322937011719,409.9965640062738,403.34114963612075,406.04859979558495,14348900
2024-06-05,417.4494934082031,417.5183874951578,409.8587651411263,411.3454112041521,16988000
2024-06-06,417.9515075683594,418.72929252757683,414.072467704925,417.44941908945174,14861300
2024-06-07,417.29193115234375,419.6843254469309,416.45507688003147,419.60557647742206,13621700
2024-06-10,421.2497253417969,421.45646767892094,417.33132559781046,418.12879037210877,13982900
2024-06-11,425.9853210449219,426.1231693068597,418.670289453605,418.89674157876317,14551100
2024-06-12,434.2356872558594,436.5394779500611,426.5465300525426,428.58450914389596,22366200
2024-06-13,434.74761962890625,436.52964196122593,432.57182236972,434.0289338170149,15960600
2024-06-14,435.7222900390625,436.2834778568933,429.96279885352675,431.49865916361745,13582000
2024-06-17,441.4325256347656,443.9627681496181,433.9008973733048,435.741958721063,20790000
2024-06-18,439.4339294433594,443.17515136355723,438.00638282722565,442.7517817727517,17112500
2024-06-20,438.80389404296875,439.62103860195157,434.442414629224,439.3945864733692,19877400
2024-06-21,442.8207092285156,443.6083190884872,439.6013156180092,440.4578496032106,34187100
2024-06-24,440.7433776855469,445.74476346815527,439.50286359400394,442.84039572999666,15913700
2024-06-25,443.97265625,444.4353853435752,439.83762902888526,441.3144201727987,16413400
2024-06-26,445.1639099121094,446.5816317625772,441.25533495755695,442.05279974277113,16507000
2024-06-27,445.8432312011719,449.1118693221635,444.7799248025884,445.18358463488477,14806300
2024-06-28,440.0345153808594,448.33407381119525,439.5028621939787,446.05981801420484,28362300
2024-07-01,449.6632080078125,450.2932899171113,438.7644825324962,441.71806471797646,17662800
2024-07-02,452.17376708984375,452.47896819642483,446.09921948918884,446.1878533998419,13979800
2024-07-03,453.6406555175781,453.88678735468443,450.79538710423196,451.1005881786126,9932800
2024-07-05,460.32562255859375,461.10340760685847,451.8685359116121,452.4986178155469,16000300
2024-07-08,459.02606201171875,460.4634937005408,457.27360437796756,459.33126311315795,12962300
2024-07-09,452.4297180175781,460.09916463101644,450.91353744838284,459.77428381745585,17207200
2024-07-10,459.0359191894531,459.24266153927346,451.76024698147666,454.0837473649462,18196100
2024-07-11,447.66461181640625,457.5886345893225,444.5633265323156,455.81649732303464,23111200
2024-07-12,446.5323791503906,449.29889867197954,443.67725577045155,447.3003093014831,16324300
2024-07-15,446.9360046386719,450.1849627554936,444.44515177180295,446.28621301530757,14429400
2024-07-16,442.56475830078125,447.27079820143007,439.7490242805094,447.19204922721934,17175700
2024-07-17,436.6575622558594,437.9670004651751,432.38471713490526,435.74195902538145,21778000
2024-07-18,433.5563659667969,437.7701424222079,427.67873564964367,437.46494130393756,20794800
2024-07-19,430.3467712402344,434.3144456334854,425.31585048613374,426.39883667006126,20940400
2024-07-22,436.0865783691406,437.7208974938516,432.1189340633458,434.95437784378936,15808800
2024-07-23,437.967041015625,441.4522765923751,436.24411798255437,437.0317279223722,13107100
2024-07-24,422.2637939453125,434.64916540683873,420.9740654607642,433.6351033912307,26805800
2024-07-25,411.9262390136719,423.1498448431678,411.0500252919827,422.1653174889069,29943800
2024-07-26,418.6899719238281,422.28352110182095,410.8137524352177,411.72938578526725,23583800
2024-07-29,420.12744140625,425.46356376438075,418.1288517330453,424.90237586444067,15125800
2024-07-30,416.3763122558594,422.41143955979663,410.9023126509883,421.1020314288797,32687600
2024-07-31,411.8770446777344,415.2539664560443,405.8320320070505,413.9937725831716,42891400
2024-08-01,410.6562194824219,420.8460843318748,406.69843005351635,414.27930323794226,30296400
2024-08-02,402.16961669921875,408.57890014493404,398.0838337068482,406.1077265801338,29437900
2024-08-05,389.0360107421875,394.83489176821496,379.6140759587015,383.1485558976655,40709200
2024-08-06,393.427001953125,399.3932659734361,392.33419089963513,393.8109820824443,24946500
2024-08-07,392.2652587890625,403.7349973998657,391.32012086399686,402.3173055349637,20650900
2024-08-08,396.4593505859375,399.58028569311574,393.7519001712231,396.2132187300544,20203000
2024-08-09,399.73779296875,401.73638233312255,396.03599047899144,397.77859311198716,19276700
2024-08-12,400.5156555175781,402.4354962836692,397.9854124696643,400.76178740833865,16762900
2024-08-13,407.6042175292969,408.52967573215994,403.23291326546496,403.2525929980432,19414300
2024-08-14,410.4100646972656,411.25677385836923,406.0683254390975,408.3819407203729,18267000
2024-08-15,415.2626953125,415.34158622213624,411.9388626649199,414.0495331175792,20752100
2024-08-16,412.7377624511719,415.5684441235936,411.5837759699612,414.83859034033384,22775600
2024-08-19,415.755859375,415.9728470077707,410.75530126947416,413.22105614207504,15234000
2024-08-20,418.98101806640625,420.0264956299884,415.864330676567,415.9235063802004,16387600
2024-08-21,418.330078125,420.5590998224222,415.9432144212139,418.27087232284174,16067300
2024-08-22,409.8577880859375,420.9438431425212,408.9306617888671,418.54710638332296,19361900
2024-08-23,411.0807800292969,413.51694694228206,406.4451490290269,411.2681797994915,18493800
2024-08-26,407.825927734375,411.56402004001427,405.70538485264774,410.6664817766791,13152800
2024-08-27,408.1711730957031,408.6840392458711,404.6303529004273,407.2045864016282,13492900
2024-08-28,404.9756164550781,409.3153393341326,401.7306743732061,409.1969879073614,14882700
2024-08-29,407.4610290527344,416.268697643249,404.9755591436319,409.25610570352524,17045200
2024-08-30,411.42596435546875,411.7711459201445,406.48458250077,409.9070510926303,24308300
2024-09-03,403.8314514160156,414.1284456363182,401.45446023053216,412.18542969380115,20313600
2024-09-04,403.2988586425781,405.6068015782242,398.830912042889,400.3498254636215,15135800
2024-09-05,402.79583740234375,407.44131080829675,400.56678553175374,402.0363656944642,14195500
2024-09-06,396.19744873046875,405.0248318616353,395.30975302270036,403.45661559720963,19609500
2024-09-09,400.1623840332031,403.0522412027111,396.641279237834,401.66155199530795,15295100
2024-09-10,408.5262756347656,410.627073483588,402.11531302402886,402.6084639940855,19594300
2024-09-11,417.24517822265625,418.1821469994098,403.9695325309428,409.8084532189213,19266900
2024-09-12,421.15093994140625,421.51586685329676,414.00025068010603,417.51148327493246,17395700
2024-09-13,424.6917419433594,425.914746697553,419.6320082561189,419.9969351521576,15874600
2024-09-16,425.43145751953125,427.5914610863902,422.3542004104568,424.70160374609685,13834700
2024-09-17,429.1893005371094,435.79753584231287,426.34874601904636,434.1997314507894,18874200
2024-09-18,424.90875244140625,430.05724996700025,424.5142376703877,429.04136013434226,18898000
2024-09-19,432.68084716796875,435.45235351054754,430.91535807693765,435.1860627938422,21706600
2024-09-20,429.3076171875,433.22323693457605,428.27201223229315,431.23091793236443,55167100
2024-09-23,427.57177734375,430.48135010026584,424.4945200082598,428.33121902605126,15128900
2024-09-24,423.2912292480469,427.4139642542688,420.2632749795507,427.06875254523504,17015800
2024-09-25,426.1909484863281,427.1871231515397,422.69946103119116,423.94218110016,13396400
2024-09-26,425.4018859863281,429.3372210826113,423.251754987828,429.1301061037402,14492000
2024-09-27,422.15692138671875,425.93447445668835,421.6144673905514,425.6089779793521,14896100
2024-09-30,424.40570068359375,424.52408219664926,419.54323948144145,422.3443332995087,16807300
2024-10-01,414.9273681640625,422.61066875300435,413.07311568923785,422.58108089859957,19092900
2024-10-02,411.4161071777344,417.02816727140424,411.00184714518315,416.79143435299875,16582300
2024-10-03,410.834228515625,413.8029769595959,408.6150490966078,411.9092940444477,13686400
2024-10-04,410.3607482910156,414.00020455197927,409.28568287863294,412.51087911578094,19169700
2024-10-07,403.9300842285156,411.3963666559109,403.3974727803463,410.30158600641573,20919800
2024-10-08,409.0292663574219,409.966265233936,402.57887338489604,405.27145839926953,19229300
2024-10-09,411.7416076660156,414.62162263212304,408.6248898614367,410.1635185105957,14974300
2024-10-10,410.143798828125,411.63312440285347,407.49064417755886,409.54216908706456,13848400
2024-10-11,410.6171875,411.4160895790265,407.58923364023417,410.4396603934482,14144900
2024-10-14,413.39862060546875,418.2314942204609,411.8007861364326,412.0473616280092,16653100
2024-10-15,413.0040283203125,416.692817718463,409.5717171353566,416.3969091028174,18900200
2024-10-16,410.419921875,410.65662468764714,404.85719508098555,409.4829531752425,15508900
2024-10-17,411.0117492675781,416.7125733271007,409.89722324961605,416.57447660649984,14820000
2024-10-18,412.4320373535156,413.90161766396704,410.5580696214905,411.4260201751563,17145300
2024-10-21,413.0434875488281,413.22101465794185,408.08239044719204,410.41992101582053,14206100
2024-10-22,421.65399169921875,424.6819160644371,412.3137102440662,412.75752809912296,25482200
2024-10-23,418.7837829589844,425.1749998576998,416.7421308498749,424.95801224079617,19654400
2024-10-24,418.9120178222656,420.144895200207,416.6139175340375,419.5037748840412,13581600
2024-10-25,422.2851867675781,426.5953216047658,420.72684288279277,420.914242666979,16899100
2024-10-28,420.74652099609375,426.02324214447043,420.46048501920137,425.7470788183642,14882400
2024-10-29,426.0331115722656,427.23640107681365,419.96733089551304,422.1372070838931,17644100
2024-10-30,426.60516357421875,432.4933871760131,426.1810609771617,431.4479095602445,29749100
2024-10-31,400.7838134765625,410.4594334413064,400.73448031809437,409.6703738017444,53971000
2024-11-01,404.7487487792969,409.80848287841667,401.9180668422498,403.4073925009318,24230400
2024-11-04,402.8648986816406,404.7980722358363,400.01450160866744,404.18653972407174,19672300
2024-11-05,405.8237609863281,409.2166418436789,402.4900558335031,402.7760918050739,17626000
2024-11-06,414.42431640625,414.6906371773605,404.89663664059157,406.77063429083336,26681800
2024-11-07,419.6024169921875,421.0029789570154,414.12845339700306,415.5092700597973,19901800
2024-11-08,416.7519836425781,420.65773046119216,416.0023846199846,419.49390152577604,16891400
2024-11-11,412.2840881347656,418.99092936118404,410.301611581567,416.7322894657105,24503300
2024-11-12,417.23529052734375,418.6259798148705,411.485163708279,412.5207686609151,19401200
2024-11-13,419.3756408691406,423.4490430245243,412.4813691184813,415.86440800280457,21502200
2024-11-14,421.0424499511719,422.30491523139983,414.24681513135374,419.17832483529844,30246900
2024-11-15,409.3153076171875,417.0084507566798,407.9739514183208,414.06929022111444,28247600
2024-11-18,410.06488037109375,412.66870168958155,406.45501186857297,409.1870572477352,24727000
2024-11-19,412.0670471191406,412.2149863727036,405.9125032750338,407.4511317111748,18133500
2024-11-20,409.7985534667969,411.57391488876465,404.9558076834049,411.1596548604422,19191700
2024-11-21,408.02960205078125,414.8585944158468,405.4798626489652,414.5818782779769,20780200
2024-11-22,412.11114501953125,412.50644943843054,406.2407824115055,406.547145598137,24814600
2024-11-25,413.8801574707031,416.14328803070504,409.9863472135053,413.4749606494442,27691100
2024-11-26,422.9722900390625,424.0099980685231,413.93946191933657,414.6707766023476,23458900
2024-11-27,418.0309143066406,422.22122564388053,417.07228524559736,420.12605489536344,18332400
2024-11-29,418.49542236328125,419.8987878079345,412.90177557031507,415.16493646523105,16271900
2024-12-02,425.92724609375,427.9235529659965,416.370602899235,416.6275643373692,20207200
2024-12-03,426.1446838378906,427.3997836787713,422.72522667678595,424.80061260374794,18302000
2024-12-04,432.2917785644531,434.5153999624501,427.55792723241916,427.95323167121506,26009400
2024-12-05,437.4307556152344,439.4468472719849,431.05639296725934,432.78587611481566,21697800
2024-12-06,438.3696594238281,440.8699968788184,436.5907442566123,437.1145294101148,18821000
2024-12-09,440.7908935546875,443.0738089240489,435.3356203613735,437.4110061952819,19144400
2024-12-10,438.1324462890625,444.34871163189086,436.42274787532307,439.1800467406791,18469500
2024-12-11,443.7261047363281,445.0701760009867,438.84401807874156,438.84401807874156,19200200
2024-12-12,444.2894592285156,450.8120883738138,443.84472286141465,443.84472286141465,20834800
2024-12-13,442.0262756347656,446.13750815775296,440.3560864798084,443.1825720342727,20177800
2024-12-16,446.295654296875,446.87873364714176,440.0596337652838,442.02629379074256,23598800
2024-12-17,449.1319580078125,449.95224407864544,444.2993034538041,445.72242348242105,22733500
2024-12-18,432.2620544433594,447.3431257060989,431.89636698885937,446.0287318954132,24444500
2024-12-19,431.9063415527344,437.98423408144293,431.2046739034814,436.4425256398133,22963700
2024-12-20,431.4813537597656,438.53762947103075,423.6047919913248,428.03224964237955,64263700
2024-12-23,430.1472473144531,432.5191043348879,427.7556054663108,431.6197693083459,19152500
2024-12-24,434.1793212890625,434.4461751355928,429.09959787026054,429.5541964268554,7164500
2024-12-26,432.97369384765625,435.77053252746487,431.511064298451,433.9323230175154,8194200
2024-12-27,425.4825439453125,430.117561657289,421.351556737901,429.5048352492743,18117700
2024-12-30,419.849365234375,422.5374777077036,416.9537232035626,421.0649558192297,13158700
2024-12-31,416.55841064453125,421.72710593306806,415.72826227096317,421.1044871129431,13246500
2025-01-02,413.6726379394531,421.0748471756245,409.98638702094667,420.54116958363784,16896500
2025-01-03,418.3867492675781,419.05876986765884,414.62141923267626,416.1433429164244,16662900
2025-01-06,422.8340148925781,429.2281636678101,420.4918049209047,422.98225030348175,20573600
2025-01-07,417.41815185546875,425.60107637135604,415.8665512132567,423.9704269151791,18139100
2025-01-08,419.5824890136719,421.96423797941225,416.59790611740993,418.4953792965591,15054600
2025-01-10,414.0383605957031,419.73081147394316,410.1544118842337,419.6517626416587,20201100
2025-01-13,412.2989501953125,413.593589604229,407.45640284839305,410.3717995418403,17604800
2025-01-14,410.7967834472656,414.8190446806072,405.90480416806594,412.9116788431012,16935900
2025-01-15,421.31201171875,423.13043625280113,413.3662628653434,414.2161960548363,19637800
2025-01-16,419.6022644042969,424.45470380326,419.4145196873236,423.67398737859014,15300000
2025-01-17,424.0000915527344,429.3862083308609,423.1501885882937,429.0007661773637,26197500
2025-01-21,423.476318359375,425.8481750206776,420.61032363697626,425.1563998310193,26085700
2025-01-22,440.9688720703125,442.02630472978717,430.88844231911156,432.4301508467356,27803800
2025-01-23,441.4728088378906,441.51234832669104,436.3238987940327,436.81803684476205,18389300
2025-01-24,438.8539123535156,441.4135440071518,436.225094129831,439.94102216929423,15549500
2025-01-27,429.46533203125,430.0978433186218,418.53499893466574,419.03902948180274,35647800
2025-01-28,441.95709228515625,443.1232508667098,426.32255685114393,429.5048071593075,23491700
2025-01-29,437.1441955566406,441.6408703345489,435.23682974085557,441.4530954449331,23581400
2025-01-30,410.1247253417969,417.90245411076046,408.3161931892364,413.86040812362955,54586300
2025-01-31,410.1938781738281,415.7578774765854,410.04564278987584,414.06793377994285,34161900
2025-02-03,406.1024169921875,410.5397669066902,403.868903417148,406.7744374831542,25679100
2025-02-04,407.5354309082031,409.0672770356713,404.9362598096777,407.8516865143663,20532100
2025-02-05,408.4446716308594,408.97831905399164,405.5885389886856,407.515689607161,16316700
2025-02-06,410.9449462890625,413.2970480674949,409.14627667499167,409.14627667499167,16309800
2025-02-07,404.9461975097656,413.7418501912579,403.3155477128268,411.59730759667843,22886800
2025-02-10,407.3871765136719,410.58918143726896,406.10242964328353,408.85969825647294,20817900
2025-02-11,406.6163635253906,407.65404147500567,404.50143797348676,404.83747842325164,18140600
2025-02-12,404.2444763183594,405.93442005448907,399.6292135248499,402.435914112503,19121700
2025-02-13,405.72686767578125,406.18146622486773,401.59585076694265,402.22836193070845,23891700
2025-02-14,403.6416320800781,404.1160155029715,401.1215398904841,403.0091510093491,22758500
2025-02-18,404.83746337890625,405.78620005413757,401.7342617389566,403.2166759889158,21423100
2025-02-19,409.90728759765625,410.61884763156144,402.8707662400353,403.09808061190597,24114200
2025-02-20,412.07598876953125,415.2250013636158,408.52096684547683,411.24417583261857,23508700
2025-02-21,404.2331237792969,413.97725680128366,403.91626425407014,413.27418223243296,27524800
2025-02-24,400.0641174316406,405.38179653354615,395.4297185716828,404.5301894031576,26443700
2025-02-25,394.0235595703125,398.00441513588805,392.8352683816966,397.1923965138258,29387400
2025-02-26,395.8357849121094,399.6680779917259,390.40916096474115,394.13254018558297,19619000
2025-02-27,388.7059020996094,401.7871994813194,388.3494237890168,397.36074580317216,21127400
2025-02-28,393.1224365234375,393.7562160246685,382.8039671137811,388.83463352266693,32845700
2025-03-03,384.7052307128906,394.93461038215554,382.39794340981075,394.93461038215554,23007700
2025-03-04,384.8240661621094,388.755390806373,377.2882188683939,379.66483152587324,29342900
2025-03-05,397.1131591796875,397.7568509049982,385.02212029604283,385.54695570418704,23433100
2025-03-06,393.0234375,398.23217304119834,388.8544303529959,390.438848896208,23304600
2025-03-07,389.478271484375,390.9537458547577,381.7839796807534,388.497925986767,22034100
2025-03-10,376.4563903808594,382.6355890788174,373.5450301742595,382.08104715568106,32840100
2025-03-11,376.7435607910156,382.23947903620126,373.2380400086461,375.3076750122287,30380200
2025-03-12,379.53607177734375,381.4670864515663,375.2581813231993,379.21921226907705,24253600
2025-03-13,375.0799255371094,381.5661320778761,373.7728082450696,379.4271716632625,20473000
2025-03-14,384.7745666503906,386.42831046600287,375.8127456880931,376.0801044136148,19952800
2025-03-17,384.9132080078125,388.88412112316473,381.813696346666,382.9326924641042,22474300
2025-03-18,379.78363037109375,383.5961286419255,377.38722360904,383.2990634136601,19486900
2025-03-19,384.041748046875,385.8836128611327,380.25895638414784,381.77404945468027,19185500
2025-03-20,383.07135009765625,387.97313863322194,379.5460345045817,381.98206039861145,18470500
2025-03-21,387.4482421875,387.92354654843615,379.0706401827953,379.4865617188815,39675900
2025-03-24,389.25048828125,391.54789342681113,386.0123564410982,391.54789342681113,21004500
2025-03-25,391.3102722167969,392.4985634335279,388.81483346341923,390.08236222676067,15775000
2025-03-26,386.17083740234375,391.45881045430576,384.7844825194778,391.15183295239507,16108400
2025-03-27,386.7748718261719,388.41870337339975,383.62585932715103,386.3292739557081,13766800
2025-03-28,375.109619140625,385.3389984995421,373.2578420054409,384.2992097422753,21632000
2025-03-31,371.73291015625,373.39653609737746,363.66228447346174,368.91066922952973,35184700
2025-04-01,378.46661376953125,379.120187514209,369.59391274714585,371.00006183577835,19689500
2025-04-02,378.4171447753906,381.3284750168948,372.95090216784337,374.2877562933966,16092600
2025-04-03,369.47503662109375,373.80248816308017,365.75168821202425,371.1386925275575,30198000
2025-04-04,356.3343505859375,370.94065262193254,355.97787229621173,360.5825648601157,49209900
2025-04-07,354.3736572265625,367.38565979064595,341.43101018463227,347.4616768226877,50425000
2025-04-08,351.10577392578125,370.0097901278565,346.83776558065426,364.6723167446661,35868900
2025-04-09,386.6857604980469,389.3990874327872,349.6600368937789,350.09575274548115,50199700
2025-04-10,377.6347961425781,380.1599412978202,364.21678559967916,378.33787067807094,38024400
2025-04-11,384.6656188964844,386.25000705363004,375.1987576222842,376.9317086118959,23839200
2025-04-14,384.0318603515625,390.8052198187617,380.46692636349223,389.38915847164185,19251200
2025-04-15,381.9721374511719,388.07212889209285,380.41742551182244,384.7250528209778,17199900
2025-04-16,367.9896545410156,377.8922316795949,364.41483869971677,376.9614172312142,21967800
2025-04-17,364.1969909667969,370.6732850580017,363.31567729138493,370.10883089247193,21120200
2025-04-21,355.6213684082031,360.9291658129438,352.20499720618693,359.2853342749941,20807300
2025-04-22,363.246337890625,364.1870645763753,356.3541225187108,359.83984897446516,19485000
2025-04-23,370.7426452636719,376.6841922722663,369.38596664501534,372.396358924379,20545500
2025-04-24,383.5268249511719,384.6656455709585,371.53481777720657,372.0398589139721,22232300
2025-04-25,388.0325012207031,388.33947870228997,380.8531326101871,383.2297451406492,18973200
2025-04-28,387.3492126464844,388.9138065441973,382.87325863987553,388.1414067328739,16579400
2025-04-29,390.20123291015625,391.25090387065694,386.57688535548925,387.4879057037144,14974000
2025-04-30,391.4092712402344,392.79562598704683,380.69467558939255,386.49757125114587,36461100
2025-05-01,421.255615234375,432.73269823374693,420.7604863894309,426.90997818196183,58938100
2025-05-02,431.0394287109375,435.15890492620053,425.8009563081767,427.5339075174203,30757400
2025-05-05,431.9207458496094,435.2182909345157,427.9002714913439,428.652877068793,20136100
2025-05-06,429.0885925292969,433.46554517602334,426.9694566129341,427.9894209087166,15104200
2025-05-07,429.1282043457031,433.8517229596541,426.9100064238295,429.61342097536215,23295300
2025-05-08,433.9012451171875,439.3476626606329,431.41568853142036,433.66356271096413,23491300
2025-05-09,434.4557800292969,436.4461774951318,431.6335394854884,435.7133964534002,15324200
2025-05-12,444.8831787109375,444.99209255092137,435.49552494666744,441.59551593295606,22821900
2025-05-13,444.7643737792969,446.27946690563454,441.0211705280613,443.4176075446257,23618800
2025-05-14,448.52734375,449.4779827199474,443.7741186799948,443.7741186799948,19902800
2025-05-15,449.5392761230469,452.57502540604634,446.860659567107,447.1979616790238,21992300
2025-05-16,450.6702575683594,450.7595407562394,445.1741794982958,448.4678481067336,23849800
2025-05-19,455.2337646484375,455.9480603525366,447.2277066057748,447.3070896149787,21336500
2025-05-20,454.5393371582031,454.70797307292094,450.71983965496236,451.9797648957129,15441800
2025-05-21,448.98370361328125,454.1524094962116,448.229716398419,450.9678549991314,19216900
2025-05-22,451.25555419921875,456.6028569421555,450.30316997101943,451.3448676580097,18025600
2025-05-23,446.6126403808594,450.0948358464348,445.3527151156796,446.4142434023006,16883500
2025-05-27,457.0393371582031,457.2972865174385,452.5055441364309,452.86270711658346,20974300
2025-05-28,453.7357482910156,458.8548627693229,453.3091629867606,457.56517641086623,17086300
2025-05-29,455.0453186035156,458.0612374989779,451.702028016876,457.89257129241645,13974800
2025-05-30,456.71197509765625,458.0215223462663,451.9301930198663,456.07706236471586,34770500
2025-06-02,458.3092346191406,458.44810948050275,453.2695031394806,453.51752207653715,16626500
2025-06-03,459.3013000488281,460.4620419695056,457.20800452370844,457.8131864599202,15743800
2025-06-04,460.1941223144531,461.9997072455568,459.35085196524574,460.32309699178137,14162700
2025-06-05,463.9739685058594,465.92835889810493,460.35289815926444,461.2755213187348,20131700
2025-06-06,466.6525573730469,469.5890928719542,465.06523024972654,466.3648469522318,15285600
2025-06-09,469.00384521484375,469.6784495081475,464.90656722268056,465.9780260656937,16469900
2025-06-10,467.18829345703125,469.0533703074369,463.2596519580402,467.45614299188406,15375900
2025-06-11,468.8748474121094,471.7022694228479,465.9383115986028,466.29544434484353,16399200
2025-06-12,475.0752868652344,476.6130223697302,469.7676758011157,471.2557893550323,18950600
2025-06-13,471.1962890625,475.3828499324856,469.0137405811006,472.6348110082228,16814500
2025-06-16,475.3431701660156,476.8808754060361,471.23596219473825,471.44428961660435,15626100
2025-06-17,474.25189208984375,474.9463269378011,470.3232503868908,471.63279762120845,15414100
2025-06-18,476.4344482421875,477.1884355000323,470.70025162122124,474.21220825159133,17526500
2025-06-20,473.6169738769531,479.6289507141904,473.09117492174096,478.4087168746746,37576200
2025-06-23,482.1488037109375,483.884936234588,468.76571183115124,474.42052531416374,24864000
2025-06-24,486.2261962890625,487.9524285572733,482.9424282150726,485.07541514458467,22305600
2025-06-25,488.36907958984375,490.64094135329833,485.5119270894243,488.1409215620263,17495100
2025-06-26,493.508056640625,494.09337765578726,488.9048109762518,489.07347716233096,21578900
2025-06-27,492.0100402832031,495.3434002058453,489.12309627390664,493.60726767719865,34539200
2025-06-30,493.4684143066406,496.79187420420715,491.4048797426009,493.101351114434,28369000
2025-07-01,488.15087890625,494.1033336285329,487.0893808236798,492.53586720632853,19945400
2025-07-02,487.198486328125,489.5893925672679,484.82744098086494,486.107196925814,16319600
2025-07-03,494.8870849609375,496.16687121115365,489.52988173373706,489.89694493303733,13984800
2025-07-07,493.77593994140625,494.7977767455099,491.3056810299541,493.4386378219278,13981600
2025-07-08,492.68463134765625,494.25212791462184,490.1945116420166,493.2997134401056,11846600
2025-07-09,499.52008056640625,502.76415743455226,495.77993553758444,496.33549554664154,18659500
2025-07-10,497.50616455078125,500.4427003321828,493.80571105535574,499.0637004891913,16492100
2025-07-11,499.33154296875,501.0279839194423,493.85526578992295,494.51996982276876,16459500
2025-07-14,499.033935546875,499.9764196247383,497.0597144820079,497.5458219138798,12058800
2025-07-15,501.8117370605469,504.27206541624594,498.805748905247,499.033906939414,14927200
2025-07-16,501.61334228515625,502.70463167926073,497.9129190668174,501.1768265275145,15154400
2025-07-17,507.6451721191406,509.3019216630888,501.61333461976557,501.67285674255714,17503100
2025-07-18,506.0082092285156,510.5618634291492,503.40897568442307,510.4030974050004,21209700
2025-07-21,506.01812744140625,508.0320701704435,501.54385636100875,502.69466780228106,14066800
2025-07-22,501.2660827636719,507.1491147296819,501.2660827636719,506.92092641726225,13868600
2025-07-23,501.8613586425781,502.77408166088094,496.73234393031225,502.73439015336794,16396600
2025-07-24,506.8316345214844,509.5995039044367,503.27998658866585,504.73833906736274,16107000
2025-07-25,509.6392822265625,514.1829458042694,506.3157919577708,508.4090573683804,19125700
2025-07-28,508.4388122558594,510.91900158393673,506.07766717141,510.0063088656235,14308000
2025-07-29,508.50823974609375,513.5182098314434,507.50623361872493,511.4448055642593,16469200
2025-07-30,509.17291259765625,511.8614594904868,505.40303712186204,511.08761139494,26380400
2025-07-31,529.2723388671875,551.0484106553389,527.6850421089878,550.8301225339796,51617300
2025-08-01,519.956787109375,531.5541546097426,516.7325410439772,530.7605061500977,28977600
2025-08-04,531.3955078125,533.9848111754816,523.9450087012631,524.0839138486996,25349000
2025-08-05,523.5679321289062,533.0422426180032,523.0619638515897,532.9231983823397,19171600
2025-08-06,520.7802734375,527.486715540996,519.8775111011839,526.6930670104376,21355700
2025-08-07,516.7127685546875,523.9053178574718,513.4488005319126,522.6255013664995,16079100
2025-08-08,517.9031982421875,520.502431840537,515.2940341981842,518.4587582353118,15531000
2025-08-11,517.6354370117188,523.4093257403006,515.6016330725902,518.1612057268388,20194400
2025-08-12,525.0462036132812,526.7724058726347,518.5580494708657,519.5997169841131,18667000
2025-08-13,516.454833984375,528.4787877679453,515.2544004746543,527.8934364066101,19619200
2025-08-14,518.3397216796875,521.7822560401938,516.0182983192124,518.4191046945965,20269100
2025-08-15,516.0479736328125,521.9309749680182,514.9666450837208,518.627406652342,25213300
2025-08-18,513.0023193359375,518.6770238166106,509.9467697824549,517.4567900842618,23760600
2025-08-19,505.7304382324219,511.0777107186651,504.5201046206217,510.91900524319027,21481000
2025-08-20,501.7125549316406,506.9507137373093,500.4426991689255,505.829663283555,27723000
2025-08-21,501.066650390625,504.4353306174317,499.5562271428435,500.5201238427197,18443300
2025-08-22,504.0378112792969,507.51578439064156,499.248138173549,501.07655468445085,24324200
2025-08-25,501.0865173339844,504.9917771303553,500.9473838488724,503.44159720621536,21638600
2025-08-26,498.8804626464844,501.8019624337255,495.37267961289456,501.18583887731603,30835700
2025-08-27,503.5509033203125,504.09746017877256,496.75395340313815,498.8407434548062,17277900
2025-08-28,506.4326477050781,507.87350408410515,502.3186878124423,503.89867767213724,18015600
2025-08-29,503.5011901855469,506.39287997665497,501.3150235761296,505.458793364042,20961600
2025-09-02,501.9410705566406,502.81553721257154,493.68337117589067,497.32034095368414,18128000
2025-09-03,502.1696472167969,504.5942937991858,499.1587173668126,500.6194673133705,16345100
2025-09-04,504.77313232421875,504.95199223037696,499.983459333639,501.1262158347851,15509500
2025-09-05,491.884765625,508.74796779288187,489.27131242222254,505.86622472604114,31994800
2025-09-08,495.06463623046875,498.04575600626316,491.91457299081776,494.97517595073856,16771000
2025-09-09,495.2733154296875,499.0891451753406,494.5677922273047,498.27429847652155,14410500
2025-09-10,497.2209777832031,500.06299449245154,493.5939546766565,499.81456783685906,21611800
2025-09-11,497.8569641113281,500.00337405269875,494.7466575341409,499.08915061774627,18881600
2025-09-12,506.6910095214844,509.32432605160386,500.67909648146514,503.4614629424367,23624900
2025-09-15,512.1166381835938,512.2259313574772,503.80926524972944,505.58800862213144,17143800
2025-09-16,505.8364562988281,513.9748860992247,505.39922293408733,513.6271130220401,19711900
2025-09-17,506.81024169921875,508.07226852063866,502.74598524416496,507.4064717390096,15816600
2025-09-18,505.2501525878906,509.84107240669834,504.4651158521554,508.270998935228,18913700
2025-09-19,514.6705322265625,516.0319056285313,507.09849160720086,507.34691829589656,52474100
2025-09-22,511.21240234375,514.48167541423,509.3143886623668,512.3452424901319,20009300
2025-09-23,506.0252380371094,511.35152134239047,504.1173079645634,510.56645428814153,19799600
2025-09-24,506.9394226074219,509.2547456727144,503.72976965544393,507.16798604562155,13533700
2025-09-25,503.83905029296875,506.8003068435259,501.8615838862597,505.1010467430239,15786500
2025-09-26,508.2411804199219,510.70558375978015,503.4316440082871,506.849997214163,16213100
2025-09-29,511.3613586425781,513.5971983462931,505.6773863749633,508.28089264453985,17617800
2025-09-30,514.6903686523438,514.8990082310244,506.45253207823936,510.0099885223437,19728200
2025-10-01,516.439208984375,517.2341620265153,508.4696637232757,511.5600762745242,22632300
2025-10-02,512.4942626953125,518.3173691617891,507.4661094259624,514.3823296081488,21222900
2025-10-03,514.0940551757812,517.2143082734997,511.75886906280147,513.8456285403139,15112300
2025-10-06,525.2435302734375,527.6880704621805,514.9387971845453,515.3461902238155,21388600
2025-10-07,520.682373046875,526.4657528279373,518.1583800775612,524.9652461341774,14615200
2025-10-08,521.5468139648438,523.6336339322414,519.7979415330736,519.9867481874902,13363400
2025-10-09,519.1123046875,521.0301509722098,514.143772141299,519.0526847229869,18343600
2025-10-10,507.74432373046875,520.2849266906686,506.42270727517143,516.3697201998212,24133800
2025-10-13,510.81488037109375,513.1600134586593,508.45980051307464,513.1600134586593,14284200
2025-10-14,510.3379211425781,512.0371813139038,502.8155546768959,507.01894463812107,14684300
2025-10-15,510.19879150390625,513.93513816427,506.7903850161382,511.71919177145384,14694700
2025-10-16,508.3902587890625,513.5972720757079,504.93217895922305,509.35418580491137,15559600
2025-10-17,510.3478698730469,512.235876086287,504.1173098719632,505.8364332653001,19867800
2025-10-20,513.5376586914062,515.4356724346321,510.1988187679518,511.3713853844849,14665600
2025-10-21,514.4021606445312,515.4257076122852,509.81124074780416,514.2431942660954,15586200
2025-10-22,517.2640380859375,521.9245247034462,514.4518919333965,517.8702452376143,18962700
2025-10-23,517.2838745117188,520.6525542416625,515.3461346267313,519.1719411998674,14023500
2025-10-24,520.3146362304688,522.0436758041421,517.4329238246899,519.4997896375017,15532400
2025-10-27,528.1749877929688,531.2157277722118,525.6807743511338,528.4333612309177,18734700
2025-10-28,538.6585083007812,550.2351530342114,537.3667019364588,546.5385938392855,29986700
2025-10-29,538.1417846679688,542.8321112501552,533.3521116884923,541.5104645203966,36023000
2025-10-30,522.4512329101562,531.6032326010347,518.834126044735,527.1414993194383,41023100
2025-10-31,514.5512084960938,525.9887810857076,511.85824179468614,525.5515477587454,34006400
2025-11-03,513.776123046875,521.6562086548496,511.3514766558802,516.5385956979154,22374700
2025-11-04,511.0931701660156,512.3054631947169,504.64399323613884,508.53933673798264,20958700
2025-11-05,503.96826171875,511.5900049686576,503.39189488693165,510.06960470137113,23024300
2025-11-06,493.9715576171875,502.51744045426454,492.6896676102462,502.47768369906356,27406500
2025-11-07,493.6933288574219,496.2372153715257,490.1457889557352,493.8225155697467,24019800
2025-11-10,502.8155517578125,503.66020845333964,495.66085193460816,496.8930687697553,26101500
2025-11-11,505.47869873046875,506.39292220487647,499.1885488885237,501.62311202080633,17980000
2025-11-12,507.9232177734375,508.4498810705414,495.9788447581273,506.1543908722183,26574900
2025-11-13,500.12261962890625,510.2683558569415,498.13520636364063,507.09842927280135,25273100
2025-11-14,506.96923828125,508.38031503091224,494.30942559248354,495.0944623167857,28505700
2025-11-17,504.296142578125,508.8970088955905,501.7323929449627,505.2501227292945,19092800
2025-11-18,490.6824035644531,499.8145698875434,483.71651040889276,492.2524466910109,33815100
2025-11-19,484.0543518066406,492.0735713081103,479.79134202204426,487.0156083775533,23245300
2025-11-20,476.308837890625,491.38172816347884,473.39183555424523,490.525525238351,26802500
2025-11-21,470.0268249511719,476.796695003642,466.19388806310616,476.3785437287191,31769200
2025-11-24,471.89849853515625,474.7856351712577,465.94500021095376,472.8940649877621,34421000
2025-11-25,474.8752136230469,477.0256407210385,462.82888433135173,471.9681767111092,28019800
2025-11-26,483.3475341796875,486.14507360501653,479.06661039650686,484.1539406114854,25709100
2025-11-28,489.82867431640625,490.44592067381114,484.49242217644115,485.4382224868377,14386700
2025-12-01,484.5820007324219,487.68816317334665,482.5012705124726,486.27447583839387,23964000
2025-12-02,487.82757568359375,491.312058367048,484.16389832530854,484.56211884124775,19562700
2025-12-03,475.6119689941406,482.09308589504883,473.0931871020635,474.2082166599713,34615100
2025-12-04,478.70819091796875,479.1860737742951,474.377470578239,477.6329924690825,22318200
2025-12-05,481.01788330078125,481.2568095233099,476.7568601661199,480.3807061976695,22608700
2025-12-08,488.8430480957031,490.11737199051475,482.2325023858298,482.74025101921535,21965900
2025-12-09,489.8385925292969,489.93815525049575,486.33420957194573,486.93155551686203,14696100
2025-12-10,476.43829345703125,482.10306917330496,472.9737111601482,481.88404333185355,35756200
2025-12-11,481.3265075683594,483.8751552220924,473.750231167373,474.51683677020293,24669200
2025-12-12,476.4084167480469,480.31105063829824,474.22812377070755,477.69270598810584,21248100
2025-12-15,472.7148742675781,478.588710310573,470.42505317808707,477.97146396596463,23727700
2025-12-16,474.2779235839844,475.7712732838117,468.79234263095657,469.8177748762136,20705600
2025-12-17,474.00909423828125,477.8718969329872,472.8940646732686,474.79560024235434,24527200
2025-12-18,481.8342590332031,487.4293375934554,475.7712630284666,476.06992080908344,28573500
2025-12-19,483.7656555175781,485.68709144559693,480.35083955461556,485.1992432324443,70836100
2025-12-22,482.7701110839844,486.5632169440421,480.5499868948874,483.9647726311972,16963000
2025-12-23,484.6915283203125,485.66716398872717,482.59086732909867,482.8298239351052,14683600
2025-12-24,485.8563232421875,486.99128356758627,482.680463867149,483.5267014178325,5855900
2025-12-26,485.5476989746094,485.9558848600665,483.8054577080926,484.5521325365998,8842200
2025-12-29,484.9404296875,486.1848877649252,482.0333622504328,482.71034015280554,10893400
2025-12-30,485.3187255859375,487.5089534635432,483.3474931520442,483.77557941756965,13944500
2025-12-31,481.4758605957031,485.97584057107747,481.15727202744546,485.6771523949816,15601600
