Price,Close,High,Low,Open,Volume
Ticker,MU,MU,MU,MU,MU
Date,,,,,
2021-01-04,72.20893096923828,76.65555534949988,71.91638675908074,74.57851526444786,31155900
2021-01-05,75.33910369873047,76.73355022088936,74.13968164468484,74.53949147593558,33418200
2021-01-06,75.19284057617188,76.49952103538767,74.20794978366713,74.46148757415209,22390900
2021-01-07,77.1430892944336,78.08897338250198,76.10944644670772,76.1191924601997,27945300
2021-01-08,75.49510955810547,82.06753871288629,75.15381307433029,80.48781399407713,51272100
2021-01-11,76.71401977539062,77.80617580500272,74.51996170354533,74.68573319455572,19920800
2021-01-12,77.4843978881836,77.64042340493788,75.88517353998284,77.22111412829341,18231000
2021-01-13,77.92321014404297,78.39127179128582,76.59702307734531,76.98707197014578,15067700
2021-01-14,79.2786636352539,80.16603468911582,77.57217339965858,78.02073565453594,17639300
2021-01-15,78.71307373046875,79.84422898157541,77.55265811484283,78.9080981890266,14322600
2021-01-19,83.37422180175781,83.54974677682343,78.94709848817465,79.25914206165733,26602500
2021-01-20,81.42395782470703,85.08072239767291,81.16067404892438,83.79354156557719,21191700
2021-01-21,82.89640808105469,82.98416685018901,80.45856529791338,81.91151751354799,14696200
2021-01-22,80.23428344726562,82.83789785014699,80.18553105362837,81.98953329173959,14229500
2021-01-25,79.25914764404297,81.42395334242202,76.92857041301122,81.12166320173696,19283400
2021-01-26,77.53315734863281,79.94174731405587,77.0455887706834,79.75646887372915,13678000
2021-01-27,73.22305297851562,75.66089611840026,72.48195402057964,75.4073657884412,23513400
2021-01-28,76.44099426269531,78.18649050940294,74.81251714259065,75.28057876959173,18351400
2021-01-29,76.3239974975586,77.39665453975694,75.03681648662818,76.411763728151,17934400
2021-02-01,78.43028259277344,79.07386925396364,76.52876809413631,77.61116350433318,14900200
2021-02-02,79.5906753540039,79.7076870189727,77.93293818314022,79.23962547968944,11386200
2021-02-03,77.1430892944336,80.47805607610779,77.00657070849641,79.81496261311074,17456000
2021-02-04,79.22989654541016,79.31765532129373,76.99683149155014,77.1821099380239,11519700
2021-02-05,79.08362579345703,79.98075023602719,78.713076334058,79.73696593491314,10958000
2021-02-08,81.92127227783203,81.97002467045102,79.61019460416269,79.7174602835127,12394800
2021-02-09,81.2484359741211,81.9115296066201,80.35131148300681,81.27768890148465,10362500
2021-02-10,80.30255889892578,82.34059981928654,79.27866915016729,81.91153700664059,9869200
2021-02-11,84.32986450195312,84.48588257822452,81.91152108224475,82.30157743248236,18750400
2021-02-12,85.82182312011719,86.12411325755087,83.33522039824737,83.96906103712655,14273900
2021-02-16,85.55852508544922,87.0017312334293,84.88568556106267,87.0017312334293,10312800
2021-02-17,83.91056060791016,85.1489816016406,82.78915131895977,84.53464783242565,10033500
2021-02-18,86.3386459350586,86.52392437808709,83.82279025062331,84.36886468518371,19168100
2021-02-19,88.698486328125,89.2153078975242,86.60193968269773,88.00613975027824,21886500
2021-02-22,84.13483428955078,88.26941382946029,83.78378431128706,87.30403010908819,16077000
2021-02-23,86.03633880615234,86.98221542506177,80.39029481314715,83.12067388657367,23203200
2021-02-24,90.2197036743164,90.29771644726323,85.54880234966473,86.10463033742272,21281700
2021-02-25,85.9291000366211,90.78527953861558,85.40252501115656,89.24456084629792,22546200
2021-02-26,89.25431060791016,90.62925769077482,86.03636217176404,87.50881405122213,22787600
2021-03-01,92.40398406982422,93.36936761531427,90.26843166219919,92.18945273978089,19908900
2021-03-02,88.8252182006836,92.540494913545,88.63994724544789,91.24356102837369,18679600
2021-03-03,86.89448547363281,91.00956607355936,86.19238542666999,88.31818504010424,26424100
2021-03-04,82.23332214355469,87.51856400015126,79.81497860578997,86.60193264830156,31971100
2021-03-05,86.71894836425781,87.09925126335773,81.22892880466436,85.35375484558075,30329100
2021-03-08,82.93540954589844,87.48929780953996,82.75988457832078,86.3678887077774,22708300
2021-03-09,87.07975769042969,87.93787577527976,84.15434599789171,85.81207631444724,22301400
2021-03-10,83.28645324707031,87.77208187866636,83.1889335970557,87.77208187866636,23407800
2021-03-11,87.08951568603516,87.97689425923049,84.69067866093887,85.41227822790904,20716500
2021-03-12,85.58778381347656,86.32889012567115,84.28110361221563,85.39275936065451,21916400
2021-03-15,86.64093780517578,86.69945109555017,83.99831691421124,85.58778785491282,16144400
2021-03-16,89.15677642822266,92.3259716860654,87.86959588262549,88.49368296899351,28539000
2021-03-17,92.40398406982422,93.11582991256263,87.8598420853208,89.05926386706079,24616700
2021-03-18,87.58680725097656,91.15581233202995,87.1870049395418,90.65849036637225,27081000
2021-03-19,88.25965881347656,90.37570448242609,86.67993407239194,88.11338676416597,24963400
2021-03-22,89.01052856445312,90.1221844539444,87.42105749712609,89.54685703732477,19365800
2021-03-23,83.27671813964844,89.00076872654455,82.85740884720967,88.75698442721286,32043800
2021-03-24,80.93639373779297,84.983214912624,80.85838097034734,84.89544868932094,24232800
2021-03-25,81.99927520751953,82.3308256903265,78.48878313376628,79.12262373701334,23630200
2021-03-26,85.80231475830078,85.94858681705925,81.94077258148921,82.06754517094267,23949100
2021-03-29,84.4371109008789,86.05584192341459,83.6374988429181,85.57802686724052,21772800
2021-03-30,84.38838195800781,85.05147561270687,83.13045396131226,84.11534470719769,13897000
2021-03-31,86.016845703125,86.86521768805584,84.55414000202722,85.26599338336541,25372300
2021-04-01,90.1124267578125,92.03344067595114,88.98126410335753,90.68775409986027,39700600
2021-04-05,91.41911315917969,92.31623760411888,90.17093872453272,91.59463815403356,19795100
2021-04-06,91.16557312011719,93.71068176193444,90.35621491271856,91.50686964609326,22847000
2021-04-07,91.6238784790039,92.70628122512397,90.23918562098372,91.906669122916,17621500
2021-04-08,92.9207992553711,93.99344839392688,91.44834040315389,92.63800865198472,17815600
2021-04-09,92.93057250976562,93.00857782686622,90.99004424265867,91.99443430749879,14080200
2021-04-12,93.2133560180664,94.54929658355694,92.39424438821655,92.82330711225562,18818300
2021-04-13,89.85889434814453,94.4127832805439,89.12754144911953,93.89596175558593,27102100
2021-04-14,88.41568756103516,90.22944333636619,87.28453228506997,89.3810787393189,19117400
2021-04-15,88.025634765625,89.67361907040416,87.22602253200623,89.4688411442013,16017000
2021-04-16,88.40592956542969,89.0592696110964,87.8403482842382,88.19139822154979,12358700
2021-04-19,86.21188354492188,88.42544171857998,84.36886738978681,88.41568826344839,21361600
2021-04-20,85.30500030517578,86.73844565203456,84.37861555808608,86.18261777966312,17396900
2021-04-21,87.26502227783203,87.33328158137539,84.18359272396718,84.8954386838184,14781300
2021-04-22,82.60387420654297,86.16312659889316,81.81401542764057,86.0071010703804,34044100
2021-04-23,83.89104461669922,84.31035387275581,82.46734532489694,83.12068540488802,18118600
2021-04-26,85.65604400634766,86.10461364397214,83.96906089675298,84.32011086724671,14757700
2021-04-27,87.23577880859375,87.94763228530637,85.84133222246375,87.10901364247535,17681000
2021-04-28,83.89104461669922,85.57803509517034,83.22795108246336,85.48052287183978,19433500
2021-04-29,85.8705825805664,85.8998355072794,83.42299347596065,85.53903949154349,16463300
2021-04-30,83.9300537109375,86.28013779972088,83.43273168423498,84.76867225019824,14548100
2021-05-03,82.90617370605469,84.84670237703197,81.78477171232018,84.80769599051054,16300400
2021-05-04,82.31132507324219,83.31571508235913,79.99049404509451,82.04803389355382,17850500
2021-05-05,83.03292083740234,83.81302600927584,81.94076466913316,83.3644638615149,13172100
2021-05-06,82.6916275024414,83.00367107099115,81.20941497205101,82.75988680057087,13716900
2021-05-07,83.84231567382812,84.17385881381885,82.87692430565028,83.77405635443546,12746100
2021-05-10,78.83984375,82.88666475231928,78.79109135220499,82.8379049148176,24862900
2021-05-11,78.67407989501953,78.75209266676391,74.91004921498815,75.34885803656235,23227800
2021-05-12,74.8905258178711,77.98170837360628,74.51022297674052,77.17234286465454,23472600
2021-05-13,75.27085876464844,76.89933644745875,74.62726450550204,76.03146475112473,20153800
2021-05-14,77.71841430664062,78.15723041133091,75.16356018122345,76.83104352375516,18241100
2021-05-17,78.39128112792969,78.42053405440326,75.78766651588876,77.13335321161958,15011500
2021-05-18,76.91880798339844,78.90808846224132,76.84080267341453,78.54729251441303,20893800
2021-05-19,77.94270324707031,78.2742462668141,74.26643991076267,75.29032933029949,27300000
2021-05-20,79.11286926269531,79.46391920951426,77.54289795600657,78.49853557561494,17123000
2021-05-21,78.71307373046875,79.9514946656941,78.37177720813942,79.73696329745674,13076900
2021-05-24,80.83888244628906,81.54098248211879,79.33717013403259,79.39567599044938,15730400
2021-05-25,79.21040344238281,81.62873969740633,77.72819063085892,81.49222107525372,26272100
2021-05-26,80.19525909423828,80.3902909441926,79.0055908484822,79.55167258864994,12609800
2021-05-27,81.84325408935547,82.64286618434737,80.2830362747012,80.40980141474313,22286500
2021-05-28,82.04804992675781,82.62338478908197,81.1509254170631,82.12606269448092,11330300
2021-06-01,82.05781555175781,83.62778739640261,81.54099390843527,82.80866809324927,11067200
2021-06-02,82.24307250976562,82.71114166560321,81.37520094805417,82.29183234839488,10314200
2021-06-03,79.99049377441406,81.97977431764959,79.85397517789153,81.59947145023601,14742100
2021-06-04,81.67745971679688,82.2722937546253,80.79008166571721,80.90710075895836,12591100
2021-06-07,81.95051574707031,82.13579416088298,80.59507588951605,81.12165077111126,9006400
2021-06-08,78.52780151367188,82.86716673786987,78.02073341739131,82.85741328225674,29666500
2021-06-09,76.70429992675781,78.55705475653096,76.56777386674574,78.17675182286537,21434900
2021-06-10,77.30887603759766,78.83008768912676,76.5775231374846,77.42589517991006,22683300
2021-06-11,77.36737060546875,78.75207088191186,77.24060546623117,78.07922393123131,12675700
2021-06-14,78.48880004882812,78.92761630243228,77.3966510223444,77.52341619443061,14303000
2021-06-15,80.13677215576172,80.84862555647099,77.9329600896862,78.63506003567176,22308600
2021-06-16,78.48880004882812,81.04366248095178,78.12800400531071,80.67311298121012,18116400
2021-06-17,78.63507843017578,79.41519131702472,77.38690376298376,77.71844690408446,16003900
2021-06-18,75.03679656982422,77.30886778929114,74.2371844486018,76.93831837106316,39881500
2021-06-21,75.15380859375,75.36833992496298,73.8276216732561,74.93927726253703,19810100
2021-06-22,75.72917175292969,76.33375216113765,75.13433736183573,75.68041190852878,16771800
2021-06-23,77.05532836914062,77.88420083439803,76.12895112406001,76.15820404594807,16662200
2021-06-24,78.57655334472656,78.88859693518675,77.93295925456776,78.43028128426265,15721000
2021-06-25,79.99049377441406,80.78035243139526,79.073862535158,79.54193160873922,19603800
2021-06-28,81.30693817138672,81.52146954867823,80.11727702044503,80.5755852613692,18365500
2021-06-29,80.86811065673828,81.7554814465607,79.83446783087564,81.46294481418504,18530800
2021-06-30,82.86715698242188,83.27671279347706,81.35569144771539,82.7403843934958,40670800
2021-07-01,78.11824798583984,80.20504116692118,77.92322350599761,80.19528771101696,53299000
2021-07-02,78.33275604248047,78.878830375131,76.92855639885934,78.60579320880574,22685500
2021-07-06,79.06411743164062,79.51267960248241,77.77693676409729,78.78132678138492,21126500
2021-07-07,76.2752456665039,79.77598522596558,76.01195441245682,79.65897350390702,23026900
2021-07-08,75.19284057617188,75.94369305144092,74.07143115180003,74.35422187201259,23114500
2021-07-09,76.78230285644531,76.98708078051196,74.8222823947902,75.48537600402315,15441100
2021-07-12,77.58191680908203,77.74769579486129,75.77791439429453,76.79205802156636,12639300
2021-07-13,76.49949645996094,77.52339330974526,76.15819998993452,77.30886197438434,14263400
2021-07-14,76.53850555419922,78.75207084078978,76.37273403996619,77.37712401876145,15952300
2021-07-15,75.00755310058594,76.50926531062345,74.44197172803158,76.3922461660481,16616800
2021-07-16,73.14503479003906,75.68038972174861,72.97925583150108,75.24158100961436,19132100
2021-07-19,72.72572326660156,72.82323548405212,71.38002937078578,72.00411649011573,23436900
2021-07-20,73.51557922363281,74.0324006530435,71.93585457549591,72.80373336641982,14855800
2021-07-21,75.27085876464844,75.31961117113323,73.4668486114273,73.47660206860745,15945800
2021-07-22,73.6521224975586,74.35422257650305,72.60872583571269,74.33472310306904,19042200
2021-07-23,74.05191802978516,74.14943025747348,73.03777449447313,74.0421645751045,12345200
2021-07-26,74.40296936035156,75.5536315233877,73.63261010004119,73.92514678844998,12023900
2021-07-27,72.37468719482422,72.93051512443277,70.70720340599854,72.93051512443277,23940500
2021-07-28,73.67161560058594,74.12017780255798,72.53069946631791,72.69647843811468,14348300
2021-07-29,75.16358184814453,75.20258823134144,74.06167198202591,74.18844458734257,14529400
2021-07-30,75.65113830566406,76.16795978037524,74.16892574150926,74.23718504119364,12528900
2021-08-02,75.70964050292969,77.51364257026292,75.5438689887851,77.07483387053779,14904200
2021-08-03,78.84960174560547,79.05437968343163,76.00220264863144,76.9090806245514,25807600
2021-08-04,79.9417495727539,81.02414500185432,77.56241246442833,78.44978343272115,29176900
2021-08-05,79.46392059326172,81.00463900449583,79.14213100282883,80.09776119937253,14821000
2021-08-06,79.96124267578125,80.81936065059314,79.03486540115144,79.1811300152572,14612600
2021-08-09,78.21575164794922,80.00025445765907,78.08898649392462,79.69796431514324,13363300
2021-08-10,74.02265167236328,77.8354333929159,73.88612565072805,77.8354333929159,40705000
2021-08-11,73.16454315185547,74.15918726516628,71.88711579661201,74.14943381001832,31624900
2021-08-12,68.50337982177734,70.40489415055659,67.09918004686007,70.38539468244073,72492400
2021-08-13,69.15674591064453,69.46878959589286,68.1426020736604,68.30838109372068,25301400
2021-08-16,69.16646575927734,69.97583123200796,68.18157533390279,68.45461249585898,18135900
2021-08-17,69.02020263671875,69.67354270713935,67.87929401708176,68.42536841149831,17545800
2021-08-18,68.86418914794922,70.09285661707257,68.82518276865395,69.47852288251089,14004300
2021-08-19,68.53263854980469,69.05921351000946,67.3234705521342,68.39611994231154,18022600
2021-08-20,68.48387908935547,69.2639842745812,67.85003851156212,68.39611288519068,14603100
2021-08-23,69.95634460449219,70.09286322504279,67.18695837080081,69.07871958687632,22265000
2021-08-24,70.19038391113281,70.88273047950635,69.90759321029738,70.34640200555863,18092700
2021-08-25,72.19915771484375,75.11481580052687,70.38540196449347,70.98023623959256,36552100
2021-08-26,70.9607162475586,71.41903182811178,69.91731995469056,71.40928581469505,20315100
2021-08-27,72.16015625,72.3064283249346,70.35615383169136,70.65844399743789,14994200
2021-08-30,71.34103393554688,72.89149835628061,71.01923690643795,72.2771646604682,12810700
2021-08-31,71.86760711669922,72.7647389755595,71.49705766697203,71.8481076465899,14807400
2021-09-01,71.88709259033203,72.4721732353265,71.2044923047518,72.4721732353265,14007100
2021-09-02,72.150390625,72.16989753287805,70.51216002940343,71.38978489127759,14803300
2021-09-03,71.97486114501953,72.86223940525842,71.77008326335788,72.16013955972986,9222500
2021-09-07,71.80908966064453,72.63795464089264,71.34102805660785,71.92610878150623,12028400
2021-09-08,70.47313690185547,71.41902083705469,69.3419820240869,71.38001447027595,17375500
2021-09-09,71.05825805664062,71.44830702667173,69.64430450130261,69.8490824424811,14638100
2021-09-10,71.67259979248047,73.7496398020493,71.6335934032298,71.93588362028743,18240600
2021-09-13,72.5014419555664,73.34981391154507,71.69207637638391,72.70621985396699,15796700
2021-09-14,71.66282653808594,72.2771676994346,71.09725264946348,71.9553706567954,13945100
2021-09-15,71.98461151123047,72.09187717412522,69.9758317146647,71.13623966098238,15258800
2021-09-16,72.77448272705078,73.09627977164178,70.97048048994994,71.47755597349443,12867700
2021-09-17,72.45269012451172,72.64771457029465,71.49705248488162,72.55995580160405,20449600
2021-09-20,70.5706787109375,70.95098160688622,69.42001656840634,70.79495609075029,23228300
2021-09-21,70.34638214111328,71.31176568190675,69.87832055030033,71.10698780596297,16026800
2021-09-22,72.13090515136719,72.7257394820611,70.83397079495542,71.22402719143278,16996100
2021-09-23,72.19915771484375,72.93051059999448,71.42879844972025,71.77984842976909,17304500
2021-09-24,72.20893096923828,72.6477398447663,71.25329299713749,71.47757788355271,14804300
2021-09-27,73.31080627441406,73.99339925734773,71.6823291296255,71.81884772621223,18435200
2021-09-28,71.28253173828125,73.12554055210006,71.24352535537896,72.647725381034,27311500
2021-09-29,69.85882568359375,71.49705641317995,68.47413269922018,69.39076401211548,38169200
2021-09-30,69.31196594238281,70.89389100689266,69.19478327274754,70.50328955821139,16923300
2021-10-01,69.32174682617188,69.88811872786212,68.45266224776336,69.66352040474176,17813800
2021-10-04,68.96044921875,69.88812146116426,68.70655707183762,68.9409150420076,19525700
2021-10-05,68.84327697753906,69.53659135521495,67.97419223298007,69.53659135521495,14512100
2021-10-06,68.29643249511719,68.72608755556611,67.40781365739797,68.15972305086899,17899300
2021-10-07,68.8823471069336,69.98579000499974,68.47221867934522,68.7456376310708,15236100
2021-10-08,68.47219848632812,69.27292837314305,68.0620627295845,69.26316128485962,13666200
2021-10-11,67.59333038330078,68.70653977397356,67.55426948975567,68.2573506733603,12700200
2021-10-12,65.15210723876953,67.79842240271084,64.12677884881842,67.75936149308248,36911700
2021-10-13,64.8200912475586,65.83565251648521,64.6736221535697,65.17163197334499,17532400
2021-10-14,66.20669555664062,66.48011433396705,65.23995530096131,65.69891144151762,15541600
2021-10-15,66.08954620361328,66.85121531015376,65.89424910710274,66.4899074864919,11786100
2021-10-18,65.67939758300781,66.0406978451801,64.73219131171562,65.43527256257599,11849300
2021-10-19,65.98211669921875,66.29459645803135,65.07397123609071,65.78681964375029,16930300
2021-10-20,66.66566467285156,67.57381014727784,65.43527979790386,65.62080976787554,19457800
2021-10-21,67.0269775390625,67.085565170881,66.07977109076617,66.35318997272681,11140700
2021-10-22,65.92353057861328,67.46639523231289,65.50363519466904,66.9000307784738,17892100
2021-10-25,67.1441421508789,69.448682749113,66.92931095865481,67.9839327476983,23341300
2021-10-26,67.31993103027344,68.17924858624941,66.86097471113534,67.73982644458,14267900
2021-10-27,66.63639068603516,67.07582037221083,65.86495441262701,66.90980962848717,13541900
2021-10-28,67.94490051269531,68.6968025525269,67.55429885754216,67.66171449896196,16966000
2021-10-29,67.47615814208984,67.91558767487994,66.44107037836598,66.78284393713284,11440900
2021-11-01,69.03856658935547,69.30222583614938,67.3199314662727,67.34922528255962,11988400
2021-11-02,69.09715270996094,69.18503414742321,68.3940714098431,68.8334934973643,9761100
2021-11-03,69.57564544677734,69.65376725776056,68.60891224870441,69.05810148669897,10266900
2021-11-04,70.5423812866211,70.77674672834758,69.37058387841357,70.6693310967495,15936600
2021-11-05,71.20639038085938,72.00712021969672,70.65955267144022,71.28451218223498,13019300
2021-11-08,72.80784606933594,73.26680231463973,71.40169097214458,71.59698801477808,18742300
2021-11-09,73.81365966796875,74.47768022005336,72.8078654751288,73.33517657091129,20127300
2021-11-10,71.68489837646484,73.38400699677901,71.47982673512239,72.4172736809235,15228300
2021-11-11,72.79810333251953,73.19846459789434,71.88995771824695,72.28055189419125,12192600
2021-11-12,75.48348236083984,76.18655637641356,73.18870050754788,73.25705523614977,26553200
2021-11-15,74.97570037841797,76.44045099518866,74.79993000640121,75.93267405942184,12650700
2021-11-16,75.00496673583984,75.33698062813066,73.99917287261019,74.76084172243054,11807600
2021-11-17,73.68669891357422,74.77061465385005,73.42304715652823,74.68273321820296,11600500
2021-11-18,75.21005249023438,75.67877592887288,73.9699003433822,75.09287721815448,16848200
2021-11-19,81.07881164550781,81.8893086118439,77.07516225471652,77.07516225471652,47216100
2021-11-22,81.88932037353516,85.60978434237941,81.69402328256051,81.69402328256051,34775200
2021-11-23,83.40287780761719,85.64882358615067,82.34825590285995,83.04157008558796,31823300
2021-11-24,84.18408966064453,85.11176941231032,82.62169067638837,82.75840012187916,21666100
2021-11-26,81.45963287353516,82.07483267680661,80.05347785913793,81.17644696331728,16487200
2021-11-29,84.11573791503906,84.24268027602885,82.18227143174829,82.39709524647571,18889800
2021-11-30,82.02603912353516,84.877418695518,81.97721112020442,83.56891164745598,27301000
2021-12-01,83.1490249633789,86.9573786735543,83.00254838796675,84.5161272503788,31633400
2021-12-02,80.93233489990234,81.6256491565072,79.43829076734912,80.68820984686802,22994500
2021-12-03,79.70193481445312,82.44589750383432,78.74496151080376,81.74281629300685,19167200
2021-12-06,80.512451171875,81.2741277057497,78.6375722810445,79.90702572072921,15094900
2021-12-07,83.8130111694336,84.99457547816483,82.34826091809825,82.43614235712796,21716900
2021-12-08,83.99854278564453,84.3110225473983,82.05530950005407,83.43217833941314,12908500
2021-12-09,82.9341812133789,84.50634749022761,82.64122810647149,83.29548905188379,11964300
2021-12-10,83.52983856201172,83.66654801128635,82.1529695298948,82.35803370380677,11955900
2021-12-13,82.36779022216797,85.32658463048229,82.22131370242755,84.5746827559692,13054400
2021-12-14,81.33271026611328,82.77792652712763,80.96164283695684,81.26435554363431,12082500
2021-12-15,83.64701843261719,83.77396078830205,80.13161142789502,81.51824750202698,13971500
2021-12-16,80.7468032836914,84.291496299631,80.19995810994288,83.861833830994,16503200
2021-12-17,81.04950714111328,81.33269306007668,79.03791934790942,79.7019397044191,23165900
2021-12-20,80.10231018066406,81.29364161618537,79.00863472518637,80.2097257986278,22346800
2021-12-21,88.5490493774414,88.99823863094234,85.2973015215451,86.89876145145496,58363600
2021-12-22,88.21704864501953,88.35376556454831,86.83041976939772,87.88504206216952,18593900
2021-12-23,92.20114135742188,92.76751322619644,88.22678608878796,88.56855964749509,36400100
2021-12-27,92.21092987060547,92.69918005366489,90.55088222824608,91.51761550467388,17110100
2021-12-28,90.75595092773438,91.68362334167176,89.89662579471592,91.54691387962008,13683800
2021-12-29,93.91002655029297,94.4763984790714,91.70314136591732,91.79102281170762,32234600
2021-12-30,91.68360900878906,93.26554211536406,91.23441978225424,92.18162622846918,19327800
2021-12-31,91.05799102783203,92.29946543508247,90.94068336446558,91.88889980037442,13660600
2022-01-03,93.59960174560547,93.68757690367467,91.3805857481655,91.8009289055017,18705500
2022-01-04,94.17633819580078,94.42072355436333,91.43922665472978,93.45295962270943,19725000
2022-01-05,92.27991485595703,96.2389532744071,92.23103479998072,93.23790130547754,28613100
2022-01-06,93.50182342529297,94.53801477891317,92.00618648414745,92.9641727466893,22320300
2022-01-07,92.32876586914062,95.00723419981867,91.83022521336902,93.93193288412063,14857900
2022-01-10,91.78135681152344,93.52137922230997,88.99536545391304,92.14304979614425,20290000
2022-01-11,92.08438873291016,92.15281632652166,89.59166285873566,90.3834689359613,14924900
2022-01-12,92.97395324707031,94.06880218334479,91.67382153362841,93.02283329508322,13339200
2022-01-13,93.47251892089844,95.90659511571964,93.15970594589349,94.3327527376496,23679800
2022-01-14,95.17342376708984,95.24185136135142,92.2799023470955,92.31900489496618,18385000
2022-01-18,90.7842788696289,93.7951009246616,90.46168839507376,93.38453529780026,19900500
2022-01-19,87.9787368774414,92.65138415386642,87.75389904610154,91.61519252833031,19043800
2022-01-20,83.1594467163086,88.30131657577375,83.02259151676057,88.2524365224856,24701300
2022-01-21,80.08995819091797,83.22786483696565,79.68916268214035,82.32852864006469,29716300
2022-01-24,81.08706665039062,81.17504926597293,75.89632353058359,78.46725506071147,29757100
2022-01-25,78.90713500976562,80.56895223824122,77.86116611602077,79.10264028674573,22128400
2022-01-26,80.12906646728516,82.88573280398423,78.79960962112759,81.38031821471613,21018700
2022-01-27,76.95205688476562,81.82020867044788,76.62946644673704,81.6344808839258,22694000
2022-01-28,77.48968505859375,77.49946255852102,73.82390568082783,75.63236280696347,24434600
2022-01-31,80.42231750488281,80.4614200508934,76.26776708137119,77.18665826749972,21898200
2022-02-01,79.62076568603516,80.5396572383463,78.61389896367773,80.35392193529165,15237400
2022-02-02,82.61201477050781,82.79774254023299,80.68625727637951,81.05772027387788,19862800
2022-02-03,80.12906646728516,83.26697333771557,79.87490362544803,80.81334243602124,19598200
2022-02-04,79.34703063964844,80.34412700635126,78.0468988370108,79.39591069101476,15657500
2022-02-07,79.05377960205078,80.19750130653057,78.67253903389086,79.53277282342233,11799800
2022-02-08,82.23078918457031,82.5044995963693,79.18085718584732,79.32748989446802,18315700
2022-02-09,86.14095306396484,86.78612652633967,81.68335909407392,82.70000307113504,22386900
2022-02-10,88.97582244873047,92.5145253000048,86.49287364645608,87.18692720401148,33820700
2022-02-11,87.7441177368164,92.45586696418597,86.95230413509204,89.22997737623982,31000000
2022-02-14,87.84185791015625,91.07751708275882,86.71768397351507,89.92401810170882,23499100
2022-02-15,93.8439712524414,94.33274193604787,88.96604191830252,88.96604191830252,27069700
2022-02-16,93.90261840820312,94.32296148126747,91.46854256829724,92.31900621604561,15573600
2022-02-17,91.62495422363281,93.84396981159475,91.3903389293088,92.90553100844463,17943300
2022-02-18,88.76075744628906,92.55361519439498,86.90342739212612,92.40698250047842,19530500
2022-02-22,88.53590393066406,91.85954541762024,86.67857420636085,87.82229559129881,24825700
2022-02-23,85.34913635253906,89.80673016127454,85.11452850725264,89.41571211376456,19135400
2022-02-24,86.83500671386719,86.94253686743596,81.90819702889077,82.24055753406753,24472300
2022-02-25,88.07648468017578,88.44795521076675,85.31981804171157,85.98454653755645,15008700
2022-02-28,86.86432647705078,87.73433769712489,85.20250913620218,86.46353093667683,17269800
2022-03-01,84.32270812988281,87.82230004615138,82.75864366199076,86.57104847183774,20794800
2022-03-02,91.20463562011719,91.9573393817733,85.07544552042185,85.21230074981388,28398700
2022-03-03,87.17715454101562,90.11955665472948,86.4048958320585,89.56235827713384,22099800
2022-03-04,80.07044982910156,85.45669960316086,78.7116599096248,85.45669960316086,28211500
2022-03-07,73.9998779296875,81.10660778964039,73.9314503328456,79.92378363963111,26715500
2022-03-08,75.42709350585938,78.44769267186605,72.26963169060926,74.53752730504407,28343200
2022-03-09,77.65587615966797,78.68228995600947,75.79854636784601,78.17397180801856,19647900
2022-03-10,74.0194320678711,75.99406230939704,72.15232451322628,75.99406230939704,21692000
2022-03-11,71.18455505371094,74.97741250017711,71.00859732661442,74.93831741242057,22786500
2022-03-14,67.84136962890625,70.85219870792828,67.41124905817497,70.13859025721943,24893400
2022-03-15,71.46804809570312,71.87861366932782,66.80517171880594,68.47677397636811,22851000
2022-03-16,77.88072204589844,77.91982459711427,74.43977957744477,74.75259252912237,35742800
2022-03-17,78.71161651611328,78.77027406135447,75.4661799325647,76.44372116204376,21612200
2022-03-18,77.62657928466797,79.37637212356836,76.30689220499913,77.32353632793388,28601200
2022-03-21,76.59038543701172,78.09580044646508,73.83371833088303,77.21601148534938,30878200
2022-03-22,77.34308624267578,77.93938715491942,75.76924382944911,75.95497164316203,16768000
2022-03-23,73.95101165771484,76.46329286801004,73.39381333350305,76.11137735187108,28059800
2022-03-24,76.45350646972656,76.7760968983278,73.6284126246883,74.19538838561496,23348000
2022-03-25,76.3459701538086,76.5414828786896,73.44267144724448,76.51215037642154,22491000
2022-03-28,78.06644439697266,78.37925729694908,75.53460869506061,76.82496283971935,26605300
2022-03-29,80.20726776123047,80.69603841801299,77.47992660141821,80.25614035207971,41290700
2022-03-30,77.38219451904297,84.3031831895981,76.83476616654373,82.40675760894996,70087000
2022-03-31,76.14070129394531,78.16421175327541,75.1045097659746,75.9256409863176,34588600
2022-04-01,74.46910858154297,77.13780004388275,72.39671800532949,76.66857686242047,33536100
2022-04-04,75.92564392089844,76.42419215711836,74.79169969782807,75.17294027315813,24305700
2022-04-05,72.93434143066406,76.26775267436707,72.6313060788856,74.98717623112607,21171400
2022-04-06,72.12300109863281,73.20807261617712,69.86488292009136,71.53647776813425,28080100
2022-04-07,71.63421630859375,73.0027754489837,70.51004246262889,72.0154567712531,22658600
2022-04-08,70.6162109375,71.31121295494869,69.33388400780862,70.96860737849391,20562600
2022-04-11,70.50852966308594,71.36994645379787,68.60950533982485,69.05979546310117,21127900
2022-04-12,70.44001007080078,72.03557739163075,70.0582485187725,71.25248002747273,18658500
2022-04-13,70.85114288330078,72.19220759775149,70.34212992592609,70.83156862150406,18892000
2022-04-14,68.64865112304688,71.27204215634261,68.60949514126754,71.02732287140174,18543500
2022-04-18,69.64713287353516,70.57706347458526,68.5703691596239,68.76614166461054,17476700
2022-04-19,71.1937484741211,71.85938532898857,69.27514241673053,69.46113149137088,15139000
2022-04-20,71.65381622314453,74.61982075066983,71.35036664638012,72.25093198069084,19042600
2022-04-21,69.4219741821289,72.9165657365999,69.15768060530779,72.40755284232776,17645300
2022-04-22,67.94387817382812,69.4807152631527,67.84598446751193,69.14789309180837,18682400
2022-04-25,68.63887023925781,68.68780961709201,66.49512683493131,66.97477455985143,20072100
2022-04-26,65.66310119628906,67.69916808646289,65.62394520206546,67.23909448963838,18628700
2022-04-27,65.06597137451172,67.0335167191317,64.46885566031482,64.73314922923836,17123600
2022-04-28,68.6976089477539,69.31429895580845,65.64350909496717,66.2210505832249,21058400
2022-04-29,66.74964904785156,69.82332333682962,66.58323422208535,67.6404235550214,16843500
2022-05-02,69.10873413085938,69.24577635191896,66.15252804597868,66.72027865793461,15342800
2022-05-03,69.75476837158203,70.43997919843693,68.71715380318162,68.98145474228129,13539100
2022-05-04,72.06493377685547,72.33901816608169,68.67801995468669,70.25400519273745,17201900
2022-05-05,69.7841567993164,71.02732756290449,68.87380070047585,70.7826082617994,16603600
2022-05-06,68.864013671875,70.39106727420506,67.4348537700303,69.0597936046049,15159800
2022-05-09,66.49512481689453,69.89182970794177,66.05463308855421,67.7382955061092,21770900
2022-05-10,67.45442962646484,69.0989361088201,66.18188631332025,68.10048467764153,17662700
2022-05-11,65.54560852050781,69.38280488992022,65.40856632647447,67.20970404100322,17237300
2022-05-12,66.27976989746094,67.4446360776454,64.47863955428349,64.6058908932341,27022900
2022-05-13,70.40084838867188,71.09585032380315,66.583225708899,67.64041490666513,22872000
2022-05-16,68.98147583007812,70.51831269861404,68.83464275993975,69.99950898993328,13394700
2022-05-17,72.90676879882812,73.1514880708233,70.6259833914556,70.72386960660577,17671500
2022-05-18,69.5492172241211,72.65225567285188,68.60948868630913,71.63422264708825,20635100
2022-05-19,67.93406677246094,70.1854794405272,67.59146130865075,69.26534011889969,17558000
2022-05-20,67.44462585449219,69.19681655628187,64.7135581663332,69.1087137440245,20313300
2022-05-23,68.12004852294922,68.71716410511446,67.07265040588278,67.3173696619099,12356200
2022-05-24,65.21280670166016,66.9649979188253,64.61569096688496,66.91605106781452,18764500
2022-05-25,66.43639373779297,67.39568914638816,64.50800458992076,64.53736970900675,16241200
2022-05-26,69.10873413085938,69.53944252175573,64.94850571153704,64.98766169873134,14902500
2022-05-27,71.77127838134766,71.88874633780311,70.12676433217436,70.24423228862982,13078700
2022-05-31,72.2802963256836,72.9067846691453,70.41064456414001,71.91811650396487,15453000
2022-06-01,71.99641418457031,73.79754447613051,71.01753707787725,72.92634444863286,13595400
2022-06-02,73.7779769897461,73.81713297379545,71.58528669242409,71.58528669242409,11373200
2022-06-03,68.46267700195312,70.17571218312561,67.65020709507641,70.17571218312561,30306600
2022-06-06,68.96189880371094,70.61620373473748,68.53119789505935,69.24577410045897,13198700
2022-06-07,69.2653579711914,69.37303506874692,66.68112256634116,67.19992632643172,14328000
2022-06-08,67.15097045898438,68.91295230218032,66.32871724431955,68.36477602416385,16363000
2022-06-09,64.62547302246094,67.23908096647993,64.60589876340705,66.50492302598667,15073700
2022-06-10,61.29728698730469,64.17518450626969,60.96446860205404,63.470391753004776,26626900
2022-06-13,57.597137451171875,59.67235617244059,57.34263100957454,58.75221290313284,24278600
2022-06-14,57.46009063720703,58.60537513395629,56.500791458511394,58.10614942017021,17036000
2022-06-15,57.871219635009766,58.810944594952986,56.33438271336583,58.076786687131225,19726200
2022-06-16,53.848026275634766,55.795993298725755,53.104081341331096,55.795993298725755,22706200
2022-06-17,54.57240676879883,55.13036650340042,52.46781918451539,54.71923985016572,24139800
2022-06-21,55.600223541259766,56.69656494645707,55.149940930890175,55.61980153311759,15502800
2022-06-22,55.14994430541992,55.93304535704888,54.425573498837906,54.777969905601026,13513800
2022-06-23,55.0324821472168,55.629597888413215,53.79909467724244,55.414243690835356,13366600
2022-06-24,57.205589294433594,57.75376193847201,55.923262393772525,55.942840388286825,15647600
2022-06-27,57.53839874267578,58.78157319418538,57.13705925314277,58.32150346440659,16159900
2022-06-28,56.63783645629883,59.31017081454094,56.58889334220096,57.734177895396044,19393600
2022-06-29,54.836700439453125,56.30501621930029,54.15148566203376,56.02114093900767,17351400
2022-06-30,54.11233139038086,55.218463691748354,53.074723929631396,53.828459835227285,29572400
2022-07-01,52.51676559448242,52.82021515005563,50.31429179715014,52.16436918945,43681700
2022-07-05,55.53170394897461,55.68832415398194,50.98971426964202,51.077813368341154,33745900
2022-07-06,56.15818786621094,56.8923458178202,55.26740970095651,55.64917123833406,23565000
2022-07-07,57.6069221496582,58.05720850289833,56.618257813406196,57.851641451456445,22945500
2022-07-08,58.00414276123047,59.26936761815637,56.98411634596782,57.101814291796714,19283000
2022-07-11,56.69969940185547,57.48433381087666,56.60161776233283,56.99393683755942,13941800
2022-07-12,58.04337692260742,58.92609283217362,56.98411783112798,57.29797154532232,21523100
2022-07-13,57.72952651977539,58.27876868040428,56.25833574706524,56.2779520730065,13987600
2022-07-14,58.21011734008789,58.514164800556266,56.21910689053192,56.8271980700368,14803800
2022-07-15,60.348243713378906,60.51498061154495,58.259155530244634,60.29920476971769,20317800
2022-07-18,59.28898239135742,61.13287567202638,58.98493498473413,60.89748352795815,13233000
2022-07-19,61.201541900634766,61.55462456785543,60.201131656596544,60.28940325875968,19103700
2022-07-20,62.084251403808594,62.30002725309614,60.66209953987395,61.02499596666331,15176200
2022-07-21,62.41771697998047,62.45694963001616,60.74056047598463,61.397690527641046,12924700
2022-07-22,60.11285400390625,61.711545233435324,59.83822919068944,60.11285400390625,22201700
2022-07-25,58.994747161865234,60.642481005946024,58.553389214088,60.17169670069608,14479400
2022-07-26,58.51416015625,59.52437661093767,58.406272235568494,59.15167764676899,11044800
2022-07-27,60.70132827758789,61.19172518238848,58.465119588955275,59.328219189005125,14589800
2022-07-28,60.877872467041016,61.10345459799934,59.033979026968005,61.05441565499649,10120300
2022-07-29,60.671905517578125,60.89748764428301,59.60284011797495,60.17169858065869,14199700
2022-08-01,61.33884048461914,62.76099213473907,60.80921097495829,61.299607837659565,13347200
2022-08-02,61.27018737792969,62.08424425309868,59.71072515003859,60.56401467354692,11535800
2022-08-03,63.01600646972656,63.29062755747267,61.24076820903364,61.299617188449965,12290100
2022-08-04,63.60447692871094,63.741787463151134,62.42752735269126,62.88850163953889,11338400
2022-08-05,61.26038360595703,62.00578903485976,60.61305980792659,61.65270264658285,15047100
2022-08-08,60.26978302001953,61.41731003223533,59.80880871181406,60.799412598626034,11454300
2022-08-09,58.013954162597656,59.377256931775484,56.63103506865229,57.86683359755674,33107200
2022-08-10,60.22075271606445,60.37767960541561,58.24935469331882,58.84763962816767,17418400
2022-08-11,61.12307357788086,62.86888546633209,60.809219839315055,60.809219839315055,18298500
2022-08-12,63.79082489013672,64.16352381249685,61.034793170865065,61.45653477271097,16194000
2022-08-15,63.45735549926758,63.869294579857126,62.662914920385624,63.45735549926758,9689100
2022-08-16,62.63349914550781,63.32005188338045,62.00579164720608,62.88850765508778,9275400
2022-08-17,60.4365119934082,61.603658992254054,59.59302873954926,61.603658992254054,14728400
2022-08-18,61.7703971862793,62.20194514008651,60.073624248318986,60.56402118095832,11303900
2022-08-19,59.34783172607422,61.054414599668284,59.12224959901509,60.65228928770524,14050300
2022-08-22,57.19009017944336,58.46512142365038,56.85662012405707,58.41608247991772,13096800
2022-08-23,56.74873733520508,58.15127295310421,56.65065569743792,57.229324265252465,12769100
2022-08-24,57.19009017944336,57.445094931712134,56.25833528279653,56.76834852876566,9961300
2022-08-25,60.02457809448242,60.093233357492004,57.45489952366758,57.47451210615784,12171600
2022-08-26,56.52314376831055,60.04419341245588,56.503527444717704,59.89707285622514,15754000
2022-08-29,55.91506576538086,56.886053497166145,55.434478787934474,56.20930696627065,11607600
2022-08-30,55.218692779541016,56.68988354848846,54.512523754619735,56.3760298170942,12743700
2022-08-31,55.44428253173828,56.06218378718056,54.738113409807795,54.91465662564844,14172200
2022-09-01,56.20930099487305,56.297572597475984,53.73769986342254,54.19867046240956,17594500
2022-09-02,55.24812316894531,57.67068160100905,54.924459380281355,57.18028464225654,12809700
2022-09-06,54.16924285888672,55.60120095477754,54.07116497231999,55.24811831827841,12133300
2022-09-07,53.94366455078125,54.649837356704204,52.972676942637186,54.24771200698292,17030600
2022-09-08,54.326171875,54.84599142897897,52.70786423393218,53.443459636626194,18415300
2022-09-09,56.336795806884766,56.572187970470345,55.091187203572346,55.091187203572346,13925600
2022-09-12,56.82719039916992,57.02334990391489,55.934668206940096,56.35640983264081,10711500
2022-09-13,52.590171813964844,55.1598547184879,52.119391155634354,54.63022507482906,22361800
2022-09-14,52.089962005615234,53.18845007072055,51.45244450613276,52.85498001184891,19984900
2022-09-15,51.678035736083984,52.42344128892659,50.98167287754776,51.68784577151817,15620800
2022-09-16,51.83495330810547,51.99188017394013,50.50107681922661,50.89339211309748,24901700
2022-09-19,51.09935760498047,51.75649142380782,50.88358550419537,50.97185709951751,19251400
2022-09-20,49.8243293762207,50.59915745523443,49.618363555145706,50.540308474313655,19373800
2022-09-21,49.13776779174805,51.50148069568066,48.76506884227404,48.78468516720921,31117300
2022-09-22,48.70621871948242,49.40258140182664,48.40217130230066,48.84352924936085,21317000
2022-09-23,49.13776779174805,49.18681047480169,47.51946026962628,48.3335171765631,24591700
2022-09-26,47.94119644165039,49.490848520709356,47.87254118291283,48.97102906414472,19266800
2022-09-27,49.60854721069336,49.6772024704741,48.45121034377366,48.8631419024581,17297500
2022-09-28,50.020484924316406,50.206834403589696,49.13776898790292,49.14757902132503,17784300
2022-09-29,49.04949188232422,49.333922956698004,48.274667693467165,49.07891823785222,25582100
2022-09-30,49.13776779174805,51.06012647964927,48.853340433766604,49.56931945745899,38917700
2022-10-03,50.726654052734375,52.07034044542757,49.66739500464486,50.03028764529868,24632400
2022-10-04,52.92363357543945,53.757310566450606,51.64860235902231,52.53131829269729,24275500
2022-10-05,53.6788444519043,54.13981873711068,51.16801096637683,51.86437741080794,20418300
2022-10-06,53.570953369140625,54.05154395100206,52.2763059234881,53.35518128915269,17149400
2022-10-07,52.00328826904297,53.71347177187572,51.61014151571983,52.64215080586174,21977700
2022-10-10,50.49951171875,52.21952230011713,49.899964573352804,52.160549158998776,17227400
2022-10-11,52.789588928222656,53.84125239882256,49.467513548816456,49.772198783705015,32813700
2022-10-12,51.846031188964844,52.848552052395625,51.49219985489217,52.68146336716114,18131900
2022-10-13,53.91987609863281,54.96170869776413,49.870480738403664,50.47002414482565,27605000
2022-10-14,51.81654739379883,54.4899326600337,51.69860111417674,54.2933630259811,20403000
2022-10-17,52.58318328857422,54.0476511644453,51.94432068346874,53.664331351786586,18261700
2022-10-18,51.64945983886719,54.19507564868448,50.7747122004344,54.067302384286556,19774800
2022-10-19,52.12123489379883,52.514381678036585,51.16786012840953,51.1973448249634,14786100
2022-10-20,52.77975082397461,54.155756956199795,52.258830815601414,52.58317744813521,15711800
2022-10-21,55.08948516845703,55.31554326913944,52.42592662425146,52.5733576135045,20199200
2022-10-24,55.2762336730957,55.83646545446779,54.126281661793136,55.26640294046759,15293600
2022-10-25,54.91256332397461,56.05268443180706,54.39164705252003,55.70868382788901,17313000
2022-10-26,54.4997673034668,56.45566304769773,54.01816266708603,55.11897219329187,23511300
2022-10-27,51.31529235839844,55.266403302439585,51.2268345107958,54.421140258531274,27335800
2022-10-28,53.11393737792969,53.50708047606225,50.578148085405665,50.9418102315692,19171100
2022-10-31,53.17289733886719,53.98867559022618,52.258834267758566,52.986154681612675,15932500
2022-11-01,53.91987609863281,54.48993480864938,53.182728693892464,54.14593418616745,11729700
2022-11-02,52.5340461730957,55.305720486685814,52.50455772340996,53.801940779126056,17302700
2022-11-03,52.56352615356445,53.438273846063886,51.02043115120182,51.80672100123919,12769200
2022-11-04,55.19759750366211,55.934744908224545,53.880560657537536,54.31301911845695,18882700
2022-11-07,55.59074401855469,55.84628680120447,54.50959224746576,55.46297075256702,11411300
2022-11-08,56.504798889160156,56.87828415191773,55.5121051003426,56.396683352821114,14190100
2022-11-09,55.010860443115234,55.67920779122042,54.558740472813994,55.25657626964432,19952500
2022-11-10,59.23716735839844,59.345282913656945,57.06504051860263,57.59578381364106,24982500
2022-11-11,61.448604583740234,62.097294112723105,58.853846467808744,59.610651543176324,17579400
2022-11-14,60.721290588378906,61.67466914385299,59.94483146776858,60.87854855893204,13988200
2022-11-15,62.01866149902344,63.335701981813465,61.35031427611145,62.411808247557055,16325000
2022-11-16,57.86115646362305,60.32814523487305,57.12400905178212,59.49270925185795,25901900
2022-11-17,57.73339080810547,57.97910662849363,55.54160239083632,56.31806528310111,14212300
2022-11-18,57.57612991333008,58.637620253929036,57.10435226270201,58.53933543048817,9703700
2022-11-21,56.18046951293945,57.02573260251157,55.846295820534806,57.02573260251157,9968400
2022-11-22,57.615440368652344,57.67441351105896,56.00354530279418,56.56377703301743,8955700
2022-11-23,57.92013168334961,58.047904955795175,56.76035274718403,57.24195738989377,8996800
2022-11-25,57.40904235839844,58.11670509911792,57.38938464345337,57.664585154032835,4360500
2022-11-28,54.794620513916016,56.77017379215853,54.519420032195264,56.33771535669372,15512600
2022-11-29,54.175418853759766,55.55142884160682,53.831418231460795,54.75530829515345,12874200
2022-11-30,56.66206359863281,56.691548294129966,51.708432291535914,52.66181077208217,31461400
2022-12-01,54.53907775878906,56.92743176021309,54.15575798144904,56.838977676202354,21764200
2022-12-02,53.74295425415039,54.47027084374029,52.465232982426805,53.40878065237729,15946500
2022-12-05,53.11393737792969,54.32285887227502,52.779763682387596,53.4382803401559,13806900
2022-12-06,52.76009750366211,53.69381830463622,52.327639040274114,52.93701318171302,17988000
2022-12-07,52.897701263427734,53.31050578937999,51.541348891478705,52.209696219724556,11367300
2022-12-08,54.254058837890625,54.745490523470565,53.123764461326274,53.6250268802405,13609100
2022-12-09,53.9296989440918,54.90273509341155,53.58569834799786,53.74295629897299,9932200
2022-12-12,54.401485443115234,54.43097389343906,52.425931740422726,52.602847445061,13250600
2022-12-13,54.29336929321289,56.89795473831868,53.71347980743843,56.20994969173995,14210500
2022-12-14,53.654502868652344,55.13862466839414,53.13358656631344,54.29336545589205,11235300
2022-12-15,51.1482048034668,52.79941537547466,50.96145838503416,52.64215740429895,17785000
2022-12-16,51.17768478393555,51.63963167201283,50.735395609108934,50.85334188861299,22951400
2022-12-19,50.833683013916016,51.393914706121095,50.22430516504443,51.275968429311874,16470000
2022-12-20,49.81150817871094,51.07940262952791,49.585450088533015,50.46019775249452,16942000
2022-12-21,50.31276321411133,50.86316792694262,49.8803047785959,50.05722044524434,20400800
2022-12-22,48.58293533325195,49.113682438188036,47.60007199047821,48.65173546730003,40959600
2022-12-23,49.3397331237793,49.6837337421939,48.15046955803105,48.16029654027481,17425700
2022-12-27,49.16281509399414,49.44784630664274,47.68852037256046,48.75984135344195,15159100
2022-12-28,48.27824020385742,50.214481942520436,47.99321272021046,48.98590292038921,12518700
2022-12-29,49.78202819824219,50.05722872551776,48.494475911168934,48.55344905958198,13204300
2022-12-30,49.23529815673828,49.274703059110614,48.39796464954689,48.71319635280894,11989800
2023-01-03,49.61948013305664,50.200689215260994,48.81169852834656,49.80665151615194,12422800
2023-01-04,53.39241409301758,53.707645753076456,51.94431607109486,52.25954773115374,25077300
2023-01-05,53.894813537597656,54.56468175668449,53.08703193655609,53.08703193655609,18030900
2023-01-06,55.92412185668945,56.436374256390344,53.22494647323823,54.60408783842199,21069800
2023-01-09,55.52022171020508,56.662937253403555,54.820801799682144,55.97336668678129,15715900
2023-01-10,56.35756301879883,56.42651970950822,55.02767968899449,55.32320890030014,10571300
2023-01-11,57.19490432739258,57.598795155713645,56.07188723019581,56.49548050841768,12143000
2023-01-12,56.416664123535156,57.372212100319025,55.58918016869882,57.2441480783715,14888100
2023-01-13,56.08174514770508,56.12115005088888,55.28381276859585,55.88472438964446,12520600
2023-01-17,56.00292205810547,57.726846705989104,55.707392870039776,56.308304348559275,10962700
2023-01-18,55.667991638183594,57.18504633000269,55.5202289133593,56.6530915017766,10035300
2023-01-19,55.52022171020508,56.23934406638662,54.45631219178377,54.87990537880071,12034200
2023-01-20,57.58894348144531,57.697305079660644,55.91427277688594,56.61369661322362,13826400
2023-01-23,60.898868560791016,60.98752769197765,57.98297409176445,58.04207767398389,20175400
2023-01-24,60.34722137451172,60.80037020816696,59.963032994689875,60.2881177824518,10183200
2023-01-25,60.623050689697266,60.75111097514147,59.519736060699415,59.766011043587824,10787200
2023-01-26,61.8642692565918,62.11054421681538,60.376770150298746,61.64754984693826,12219500
2023-01-27,62.91831970214844,63.38131402725864,61.03677933828071,61.2140975931254,15895800
2023-01-30,60.79050827026367,62.33711466871585,60.770805823154134,61.824862317440456,16169000
2023-01-31,59.401527404785156,59.440932305448136,57.776114709948004,58.21940668990294,23856300
2023-02-01,61.66725540161133,62.28786942266136,59.49018541277031,59.71675795045503,20902200
2023-02-02,62.228759765625,62.967584701148944,60.93828128327226,62.61295188869813,15877600
2023-02-03,61.48008728027344,62.83952625354742,60.97768796289939,61.07619645403687,12187100
2023-02-06,59.08628463745117,60.26840513070444,58.849862793514994,60.0319795289108,11484300
2023-02-07,61.204254150390625,61.46037845549642,58.81046123703703,59.19464957362456,12713100
2023-02-08,59.35226058959961,61.40126989588346,59.33255814344026,60.534381054158956,9510500
2023-02-09,59.283302307128906,60.898865270023634,58.80060178389463,60.288104486995515,10094700
2023-02-10,58.928680419921875,59.8546730469879,58.367173732741875,59.59854870600647,11429700
2023-02-13,59.22420120239258,59.381817026142386,57.96327461239407,58.928672002593885,11466200
2023-02-14,61.145145416259766,61.3815710260898,58.150441066986474,58.633141631371394,12496200
2023-02-15,60.91857147216797,61.017079948523445,59.55913270288899,60.41617223018307,10457400
2023-02-16,59.155242919921875,60.43587192310376,58.95822220608061,59.87436533126357,12683400
2023-02-17,58.1307373046875,59.283306020017754,57.63818740671983,58.94837193908544,10874900
2023-02-21,56.74174880981445,58.82031005621647,56.63339098491443,57.470724338820226,12667500
2023-02-22,56.13098907470703,57.6972979885486,55.9832263517304,56.86981396316329,12260300
2023-02-23,57.87461853027344,58.859718420150436,56.58413632170575,58.25880688606821,16094600
2023-02-24,57.313106536865234,57.50027414561929,56.495471900916314,56.84025908486221,9867400
2023-02-27,57.03727340698242,58.67253873784903,56.968316729488905,58.28834670314032,8514000
2023-02-28,56.958473205566406,57.86476702450367,56.544733071036454,56.78115493137994,10493300
2023-03-01,56.485626220703125,57.67759615148504,56.367415289498226,56.99787859973468,9141400
2023-03-02,55.58919143676758,55.85516887879256,53.90467139513417,54.67304816685647,16625500
2023-03-03,55.9339714050293,56.022630546796215,54.613937381976186,55.61873973604867,13769200
2023-03-06,55.98322296142578,57.77610428154205,55.697543119970746,56.42651486136792,14472200
2023-03-07,54.732147216796875,55.884712199577486,54.48587226240537,55.658139692480205,13278300
2023-03-08,56.04233169555664,56.07188348950732,54.52527697512456,55.007977570846705,11515700
2023-03-09,54.77154541015625,56.70234380479812,54.71244182930731,55.79605006725481,10200000
2023-03-10,54.111534118652344,55.667989900457094,53.717492682372395,54.830656545684256,14180700
2023-03-13,53.096885681152344,53.737198356228085,51.97386864768846,53.165842372962686,17365200
2023-03-14,53.461368560791016,54.594231117691045,52.89986195479325,54.150939197693184,14657000
2023-03-15,53.323455810546875,53.46136918797371,52.09208100086771,52.535376683923744,14643600
2023-03-16,55.72709655761719,55.865009931261056,52.81120199016577,52.890008021737586,14791800
2023-03-17,55.815757751464844,56.85996495279144,55.382315167181325,55.95367113019788,26655200
2023-03-20,56.781158447265625,57.00773097656487,55.244404986304154,55.85516588084377,10610200
2023-03-21,57.756404876708984,58.633143136168336,56.74174948255894,57.510129915833545,14613700
2023-03-22,57.303253173828125,59.50987836432897,57.22444714444818,57.529829433207006,16949300
2023-03-23,60.426025390625,60.859467974961795,58.24895560811101,58.298209849399186,23903100
2023-03-24,60.24871063232422,60.48513626530809,59.598544838941,59.608394184630434,18735600
2023-03-27,58.89912033081055,60.50483036422557,58.288355724401505,60.278257851986474,15901000
2023-03-28,58.3967170715332,58.977926125047375,56.95847221295835,58.90896943716075,20496300
2023-03-29,62.59324264526367,63.46012776985762,59.963024206210505,60.00242910038047,51939800
2023-03-30,62.14994812011719,63.14489729007878,61.54903662550794,63.07594060294568,23038300
2023-03-31,59.44093322753906,60.74126490672374,59.00749058709691,59.45078257392852,35416500
2023-04-03,58.7218017578125,58.91882247635788,57.00772639168267,58.91882247635788,23610800
2023-04-04,56.416664123535156,59.204494510874774,56.101432498631546,58.790754412385304,21303200
2023-04-05,56.17039489746094,56.25905403585288,55.17544192685604,55.97337417238353,19456200
2023-04-06,57.80403137207031,58.38641502183012,56.06674967275707,56.21481478041462,21496500
2023-04-10,62.45322799682617,62.946773338575596,60.21253169342954,60.3902083176955,43280100
2023-04-11,62.74935531616211,63.46006182304997,62.22619845162087,62.81845136372596,23090200
2023-04-12,61.16013717651367,63.52915629716405,61.041687350116774,63.52915629716405,16694100
2023-04-13,62.18671417236328,62.551936677461654,60.005244626533354,60.71594737085287,23286500
2023-04-14,61.82149124145508,62.40387490173955,60.97259264184189,62.364390370257034,14953000
2023-04-17,61.73265075683594,61.95968115669611,61.17987863188159,61.41678204699118,11546800
2023-04-18,61.13052749633789,62.630905815728966,60.68633592720037,62.512455985776356,12175200
2023-04-19,59.86703872680664,60.41980698210411,59.600523847094784,60.19277662504246,11652600
2023-04-20,60.66659164428711,61.15026772914521,59.09711732915043,59.106990344498676,14382200
2023-04-21,60.34084701538086,60.65671569349263,59.946009285015315,60.3605892784443,9606200
2023-04-24,58.74176788330078,60.094084899080066,58.58383351658706,59.32415156657992,13402600
2023-04-25,57.38945007324219,58.57395961220905,57.280869498731185,58.36667147838916,15987300
2023-04-26,60.23227310180664,60.39020745830086,58.573960475891354,58.810863893358714,25385000
2023-04-27,61.100914001464844,61.16013703179711,59.353763063073394,59.96575822437001,13524600
2023-04-28,63.52915954589844,63.60812861116939,61.49575130059886,61.624074148938014,18094700
2023-05-01,61.54509735107422,63.27250589959381,61.50561658885143,63.065217777479894,12823400
2023-05-02,61.100914001464844,61.77213595854581,60.459303559550015,61.42665196464856,12237600
2023-05-03,60.123695373535156,61.377301034972,60.034857058458456,60.69620979635216,10818100
2023-05-04,59.72885513305664,60.17304669023623,59.12673298382666,59.768339663795295,13357900
2023-05-05,60.4395637512207,60.942982122221956,59.334023209802695,59.82756856504583,12312700
2023-05-08,60.08420944213867,60.5580125230313,59.53144106382335,60.4593049598899,11510400
2023-05-09,60.1434326171875,60.59749340501585,58.78124648825054,59.10698820481344,11895200
2023-05-10,59.215572357177734,61.50562246475767,59.01815346539625,61.12065393133032,14548700
2023-05-11,60.81465530395508,61.012074186250096,59.29453480537104,59.80782239315729,15536600
2023-05-12,60.13356399536133,61.38716964369505,59.37350746542449,61.189754514878956,12131400
2023-05-15,63.80554962158203,64.0325838224256,61.00221155889223,61.42666091019563,22227200
2023-05-16,62.907283782958984,64.37805044069725,62.48283452172018,63.7167015429937,15259000
2023-05-17,64.08192443847656,64.4767622123462,62.621030699882226,63.74631722577507,15947700
2023-05-18,66.69772338867188,67.70455266592327,64.23986946672187,65.12825267071132,30688000
2023-05-19,67.28997039794922,67.50713155426813,65.57243470936996,66.6977174912913,16812100
2023-05-22,65.37501525878906,65.888299069025,63.92399083839177,64.90120844626806,37491000
2023-05-23,65.15784454345703,66.68783026539333,64.86171438777765,64.99990645218732,15896200
2023-05-24,65.67115020751953,65.86857288753106,64.04244886922416,64.1115449245019,15806600
2023-05-25,68.71138000488281,68.97789116389895,66.63849116851135,68.84957209191398,29021500
2023-05-26,72.97562408447266,73.62710010478683,68.89894173912937,68.97790328065773,33410000
2023-05-30,70.76453399658203,73.80476759917947,70.65595341817809,73.42967584799587,24454700
2023-05-31,67.319580078125,68.94828117520468,67.04319589794743,68.01054805947304,30403600
2023-06-01,68.19808197021484,68.88904986854448,67.22086444173938,68.05002441355431,18153000
2023-06-02,68.27704620361328,69.6392358760037,67.4084092985794,69.08646009016154,13468200
2023-06-05,66.89513397216797,68.6028042107235,66.6384958103215,68.6028042107235,12441100
2023-06-06,66.66809844970703,67.95131168079182,65.95739202958453,66.16468014696969,12476600
2023-06-07,66.19429779052734,67.7835143685838,66.07585173013824,67.52687621713797,14610800
2023-06-08,64.47675323486328,65.66125886064226,63.183667048115865,65.64152036360396,25856800
2023-06-09,64.58534240722656,65.54282155566518,63.63773627407504,65.07888773892448,14649300
2023-06-12,66.57926177978516,66.66810385495525,64.9406952057891,64.99004522007998,14731100
2023-06-13,66.99383544921875,67.99079143945538,66.72731679491172,67.67492277831947,11911900
2023-06-14,68.22772216796875,68.3165567295102,66.64837078544704,66.6681168197266,11085800
2023-06-15,67.93157196044922,68.62253233929945,67.47751120707574,67.70453781831083,11842600
2023-06-16,66.78656005859375,69.58989401840165,65.2072089213959,69.24441378122876,32259700
2023-06-20,66.03636932373047,66.74707583254117,64.92095201316195,66.45094561023525,13261600
2023-06-21,64.9505615234375,66.33248227554628,64.496493240998,65.88829453821178,10427200
2023-06-22,65.39476776123047,65.7994786180591,64.66432265262647,64.68406115571072,8639500
2023-06-23,64.43728637695312,65.1085084238341,64.0029640139992,64.60509000594708,12663600
2023-06-26,64.60507202148438,65.8389351810307,64.5655950275736,64.78274861769516,13815900
2023-06-27,65.92779541015625,65.97714543159404,62.966523011303984,64.42741317743089,18305200
2023-06-28,66.20417785644531,66.8556613815834,64.54586505625421,64.80251076593633,27100100
2023-06-29,63.499549865722656,67.07281356717888,62.72961651887152,66.96423298201702,51141900
2023-06-30,62.2952880859375,64.25959626237554,62.087999964586075,63.66734341124238,31549600
2023-07-03,63.07509994506836,63.48967624945612,62.44335870695711,62.62103534182397,12921300
2023-07-05,61.25885009765625,62.927032022372835,61.21936556601212,62.6802593477753,16553000
2023-07-06,60.4395637512207,60.992335904655825,59.71898798441998,60.20266408935724,15607300
2023-07-07,59.97969055175781,60.81040692353157,59.959911141413585,60.75106869249888,15028100
2023-07-10,61.78947448730469,62.13560857267421,59.910475432228935,60.157712447833966,16953100
2023-07-11,62.8970947265625,62.9663207885408,61.62135460400707,61.908146672543985,13454500
2023-07-12,63.084999084472656,63.98493791605709,62.43229350096152,63.757484082337164,13953600
2023-07-13,63.816810607910156,63.93548707925563,62.84764206047793,63.47068033116189,11384700
2023-07-14,63.371788024902344,64.81565116244853,62.97620732603677,63.58935778653212,13860200
2023-07-17,64.43987274169922,64.94423092574554,62.63998342384135,63.09489872155109,11333600
2023-07-18,64.22228240966797,64.40029334280976,63.04543193250418,63.658582378897954,10393100
2023-07-19,64.24205780029297,65.03321917676719,64.08383005204256,64.90465111467255,9463900
2023-07-20,63.97504425048828,64.82554007714282,63.53990474520253,63.68824844428394,12745100
2023-07-21,64.92445373535156,65.42881945247304,63.628926404905286,64.56843176386303,24540200
2023-07-24,64.7563247680664,65.90350063815129,64.49919615000032,64.63764828009548,10272700
2023-07-25,64.95410919189453,65.27057227079843,64.36074186208408,64.67720494098798,8610900
2023-07-26,66.63531494140625,67.12978895192593,64.2816213675594,64.2816213675594,14920600
2023-07-27,70.2845458984375,71.54050675018578,69.18681282990578,69.70107010178003,25068300
2023-07-28,70.4131088256836,71.33283095353515,69.8790834373223,70.78891397055204,11932900
2023-07-31,70.60099792480469,70.97679545288092,70.08674827874908,70.33398528158004,11193800
2023-08-01,69.97796630859375,70.29442938359561,69.1175787866786,70.21531172857642,13141100
2023-08-02,67.41658782958984,69.07802088180922,66.59575912422089,68.97912758425181,14004400
2023-08-03,68.4154281616211,68.62310635205716,66.41775636903965,66.82322115653623,11075200
2023-08-04,69.13736724853516,70.1460910192389,68.36598137084943,68.73189489442822,11255500
2023-08-07,68.61321258544922,69.45382445901879,68.06929568822311,69.07801937340186,10537500
2023-08-08,66.9023208618164,68.00005353462565,66.21994445842877,67.94071153537041,14767800
2023-08-09,65.96282958984375,67.21879779427591,65.88371948289158,67.03089525698104,10043200
2023-08-10,64.7167739868164,66.71444607309891,64.21240828156184,66.31886527574389,12775300
2023-08-11,63.65858840942383,64.58819444160665,63.36190097772357,64.18272966636277,11823100
2023-08-14,67.52537536621094,67.72316951415071,63.49046528914265,63.65859220116027,21954000
2023-08-15,64.60798645019531,66.88256273855724,64.59809485576795,66.84300390592367,13808500
2023-08-16,63.51024627685547,64.50908594040048,63.38167819887863,64.28162456441646,9895400
2023-08-17,62.857540130615234,63.99482813752034,62.699308591718115,63.77725835683525,9933300
2023-08-18,62.88720703125,63.15422345907156,61.067542457328514,61.62135472679591,9576500
2023-08-21,63.253116607666016,63.48057797984429,62.165275257638115,62.9762123598489,11311900
2023-08-22,62.70919418334961,64.36073934863627,62.59052147652948,63.58936109549944,8876000
2023-08-23,64.46951293945312,64.89476081796664,62.47183405152514,62.86741470166593,10747400
2023-08-24,62.98609924316406,65.50791598800119,62.669636172500276,65.40902269312026,12661600
2023-08-25,63.015769958496094,63.678363330718966,61.9378164501103,62.758641356933964,9409000
2023-08-28,64.58818817138672,65.37934954906493,63.94537804023152,64.99366045234217,9904900
2023-08-29,65.94305419921875,66.28918449680394,64.1530606995106,64.1827279328644,9955000
2023-08-30,67.33747863769531,67.94073763722137,65.78483028114688,66.44743130272654,16892200
2023-08-31,69.16703033447266,69.76039766663624,67.21880143205769,67.21880143205769,18420900
2023-09-01,69.6120376586914,69.83949898108547,68.7813250970572,69.43402674618791,10772000
2023-09-05,69.5131607055664,70.37354824219655,68.76155806017944,69.13736315541043,11144300
2023-09-06,69.6318359375,69.87907295040962,68.87034171249647,69.35492414517836,9192800
2023-09-07,69.09780883789062,69.513165243347,68.33631454947846,68.68244488735877,12043200
2023-09-08,69.40438842773438,69.8296364766755,68.84068822751718,68.99891602394281,9805000
2023-09-11,69.25602722167969,70.0768558723659,68.54398345458199,70.04718863958257,9310400
2023-09-12,69.5329360961914,70.89768925592615,69.0186864217772,69.1868057821554,11062100
2023-09-13,70.06695556640625,71.06579503465386,69.58237321936619,70.26474966882205,14525500
2023-09-14,70.99657440185547,71.43171391529627,70.49220883355584,70.87789793135141,11170300
2023-09-15,69.10769653320312,70.83835585899739,68.87035108114401,70.50211709733664,16416100
2023-09-18,69.72084045410156,70.26476492248278,69.1373647017246,69.86918417684873,12735700
2023-09-19,69.92852020263672,70.27465053335884,69.19670071124206,69.83951849405474,10399000
2023-09-20,68.90990447998047,71.51083528827412,68.88023724394704,70.1658652575395,15522100
2023-09-21,67.14957427978516,68.5242114692774,67.08034821790694,68.23741562861771,14978600
2023-09-22,68.1187515258789,68.97913920422354,67.04080157428821,67.83195563309737,15487200
2023-09-25,67.82206726074219,68.42532624761529,66.86278632931854,67.53527138623893,14900000
2023-09-26,67.18914031982422,68.28687337964155,66.84300242820156,67.21880755737457,12752500
2023-09-27,67.45614624023438,68.08907239477546,66.01228297862036,67.3671445365059,20852300
2023-09-28,64.47941589355469,66.34852727987035,63.1245617667455,65.2409101887651,46749800
2023-09-29,67.27813720703125,67.97040539554877,65.6265957111936,65.6265957111936,24315500
2023-10-02,67.20890808105469,68.51431919570449,66.31885333354919,67.48581232581756,14880500
2023-10-03,67.0803451538086,68.88023022550175,66.36830138125754,66.42763584727862,12481500
2023-10-04,67.35725402832031,67.7429431741731,66.3781975461613,67.55504062539737,12912800
2023-10-05,68.28685760498047,68.7714399782049,67.58469793480513,67.8517181012265,14045000
2023-10-06,69.30223083496094,69.66875479277627,67.36065978341723,68.06398341247166,15113400
2023-10-09,68.82674407958984,69.29231873510425,67.93520447538621,68.95551908332845,8588700
2023-10-10,68.42061614990234,69.45083916642533,68.24230817477982,68.83666557263345,9007600
2023-10-11,69.54987335205078,69.60930680392431,68.28190932767059,69.06448252720625,11165300
2023-10-12,69.09420013427734,70.0550812593491,68.6484341242177,69.72818215455239,11408700
2023-10-13,68.55928039550781,69.40128710687759,68.44040592563378,69.21307864332155,10287900
2023-10-16,68.43051147460938,69.3715765490794,67.49934693859609,68.36116991709751,11294100
2023-10-17,68.35124206542969,68.97531590266051,66.98421994487896,67.4299858918066,11843000
2023-10-18,68.48993682861328,68.89608558715052,67.34084721762933,67.37056394480776,11201000
2023-10-19,66.89507293701172,69.12391814401653,66.54836519412115,69.02485986857093,18111000
2023-10-20,66.58799743652344,67.87577027615197,66.50874778427044,66.92479712210445,11506100
2023-10-23,66.25117492675781,67.5191463976336,65.60729243414735,66.19174148009495,9762000
2023-10-24,67.42998504638672,67.70735119278955,66.49882079118238,66.65732005064723,8450700
2023-10-25,65.87476348876953,68.54937492314328,65.28040623198233,67.8460512875511,11924300
2023-10-26,63.923274993896484,66.8059182272006,63.27938868949138,65.82522096108973,16697900
2023-10-27,65.03276824951172,65.64693424851767,64.27000346294356,64.3096282947607,9980300
2023-10-30,65.44879150390625,66.91487946486346,64.55725203830126,65.73606575158236,10667700
2023-10-31,66.24127960205078,66.43939614495379,64.64641649139806,65.45870640955906,8268400
2023-11-01,68.74748992919922,69.00504747745676,66.37005365970725,66.37005365970725,16777500
2023-11-02,69.77771759033203,70.36216671608139,69.09420262973653,69.65884312311391,11926000
2023-11-03,71.8975830078125,72.50184821050092,70.48102799198469,70.6296191587813,14457900
2023-11-06,72.23439025878906,72.30373180295935,71.34285072112723,71.89759063215098,10073900
2023-11-07,72.11553955078125,72.4424311566021,71.03578376893911,71.79854848373517,8248400
2023-11-08,71.60040283203125,72.09570169783962,71.04567052077738,71.93720999076461,9917600
2023-11-09,72.87828826904297,75.38449978355649,72.80894671733296,72.85847963612396,22435900
2023-11-10,74.65145874023438,75.09722477450798,72.87828758301286,73.74011048129238,12306000
2023-11-13,74.076904296875,74.49295357039328,72.6999739219014,73.45283038659757,9116000
2023-11-14,76.4444351196289,76.72180131148336,75.19628725628388,75.28543743609629,12972700
2023-11-15,76.41471099853516,76.7713267985996,75.5925130396276,76.7713267985996,9954000
2023-11-16,75.94914245605469,76.75153192888479,75.76093398614456,76.16707521268354,12989000
2023-11-17,76.83074951171875,77.20718144678348,75.75100172624597,75.8797766969649,9376900
2023-11-20,77.88081359863281,78.1680879112326,76.40481721068949,76.61284187340053,11424100
2023-11-21,75.98876190185547,77.1972925156793,75.59252124127458,77.11804287203071,12016700
2023-11-22,76.37508392333984,77.71238935521981,76.12743448937462,76.47414218539373,8579500
2023-11-24,76.14724731445312,76.28593038673786,75.65194846839033,75.95903133449787,4349600
2023-11-27,76.78124237060547,77.55390749344612,75.93923569975763,76.1472603437792,11005600
2023-11-28,75.4043197631836,75.52318668199533,73.29434126232302,74.37409697339332,19225700
2023-11-29,75.96895599365234,78.27704337579351,75.66186550291883,76.72180496232136,14062900
2023-11-30,75.4043197631836,76.27604325100798,74.26513059270744,76.09773531512768,21701600
2023-12-01,75.2160873413086,75.8203525724695,74.38398130263577,75.2953369750224,14354700
2023-12-04,73.5915298461914,74.88921086979657,72.64055662763381,74.71090291896306,11659300
2023-12-05,72.99716186523438,73.27452806875233,72.35327171697499,72.77922911742392,8800500
2023-12-06,72.44241333007812,74.6910745353672,72.24429679605025,74.59201626835328,8883900
2023-12-07,72.95752716064453,73.51225949254601,72.30372900576533,73.32404349808178,10641300
2023-12-08,74.25521850585938,74.64155108655834,72.73960491116924,72.78913782978697,12007100
2023-12-11,77.05860900878906,77.77184068251357,76.24631905986102,76.46425179990595,18547600
2023-12-12,77.42514038085938,77.52419866558219,76.37510140134205,76.69209244705266,10262100
2023-12-13,79.03980255126953,79.51528528212332,77.29634823692828,77.56381388598756,11629900
2023-12-14,81.41724395751953,81.62526860995284,80.03040538363528,80.05021401629752,17342800
2023-12-15,80.64458465576172,82.20972371017376,80.34740224062654,82.11066542434962,19547800
2023-12-18,80.79315948486328,81.09034186755281,80.05021108580141,80.82287621159985,12416600
2023-12-19,81.39742279052734,81.49648106310643,80.406824949413,80.90212386997017,14316400
2023-12-20,77.95015716552734,80.85260953809603,77.89071614774473,80.6941102342261,29085000
2023-12-21,84.67630767822266,85.21122386733214,82.32858804922553,84.20081738409421,53969700
2023-12-22,85.67680358886719,86.66740141179484,84.81498831982356,85.34000395674936,22531800
2023-12-26,86.24143981933594,87.04382915579585,85.61736594223267,85.88482401594514,11203900
2023-12-27,85.84522247314453,86.66741303259508,85.40935695416162,86.65751249455465,9186300
2023-12-28,85.1914291381836,85.93437764810962,85.03292982838778,85.93437764810962,9606200
2023-12-29,84.65081024169922,85.44435265361825,84.34331615177672,85.14677235720329,8549200
2024-01-02,81.675048828125,83.40100267723858,81.08981708354382,83.32164691153127,13597100
2024-01-03,81.59569549560547,81.9230247649311,79.92926235952764,80.54425058560395,12915600
2024-01-04,82.04205322265625,83.57953882627376,81.94286231192189,82.79591776624392,19134200
2024-01-05,82.77609252929688,82.85544830176026,80.35580201142717,80.82200771492089,15483700
2024-01-08,84.26395416259766,84.81943683695503,83.15300394944437,83.21251697721165,16219800
2024-01-09,82.65704345703125,83.51009885437809,82.23051575835784,82.45865408103147,12138700
2024-01-10,81.7147216796875,82.3495526306939,81.00054253564171,82.29003959396888,10748600
2024-01-11,82.7165756225586,82.77608866523653,81.15925460763073,82.1313438554719,10579300
2024-01-12,81.7246322631836,82.37930585194223,81.05012352072661,82.08172557200088,10187500
2024-01-16,83.92671966552734,84.53179412305562,81.66513336358395,81.87343656847008,13713500
2024-01-17,82.60745239257812,83.29188256386433,81.96270010041678,83.01414497777185,10245400
2024-01-18,84.13501739501953,85.1269416781807,83.36131766499888,84.53178862184033,15077700
2024-01-19,86.80329895019531,87.081036547632,84.92856259971569,85.36500415235253,18156800
2024-01-22,88.51931762695312,89.22358293374104,87.29925504187737,87.55714989713057,14371200
2024-01-23,86.82312774658203,88.45980426047825,86.17837547531609,88.28125759409355,16850900
2024-01-24,87.36869049072266,87.8547312583297,85.91056062012002,87.69602731224192,19752800
2024-01-25,88.4796371459961,89.31285742367966,87.78529322107745,88.43004547580544,15892400
2024-01-26,87.33893585205078,87.78529875078958,85.59314700085282,86.5354720394266,14934500
2024-01-29,88.35070037841797,88.84666254683117,87.30917679763738,87.78530380913818,12108100
2024-01-30,85.46420288085938,88.07296111308614,85.06743164005914,87.36869575536215,12980400
2024-01-31,85.05751037597656,86.21806001323533,84.10526393762716,84.27388925563257,11396700
2024-02-01,84.91862487792969,85.49394268623128,83.93662211395316,85.37490906692666,10459000
2024-02-02,85.7816162109375,85.91056364465985,84.2540518911835,84.38299932490582,10450000
2024-02-05,86.27757263183594,86.5156323274408,84.9186337158532,86.03950536844981,8409300
2024-02-06,83.91680145263672,86.48588954488645,83.04391071828842,86.1287961608843,12990300
2024-02-07,84.48219299316406,84.59130527440014,81.80400034121774,83.4605121486644,16374800
2024-02-08,84.19454193115234,85.33525652616373,83.84736989817915,84.81945915828682,12524500
2024-02-09,84.8690414428711,84.92856204749333,83.28196406227953,84.37307928844986,12161500
2024-02-12,85.0079116821289,86.20814677582823,84.7004175628639,84.83928636303403,10366000
2024-02-13,80.87158966064453,82.87528105131204,80.11772504856691,81.80400095537786,21207900
2024-02-14,81.1691665649414,82.50826284450139,80.83190837068781,81.51633855330411,12870900
2024-02-15,80.97076416015625,82.0420440388433,80.85173810771138,81.57583848601946,11527600
2024-02-16,78.85797119140625,80.683108024182,78.60999014992385,80.30617956552983,15553100
2024-02-20,80.05821228027344,80.11772531876535,78.5108127372268,78.68935942048465,12627200
2024-02-21,80.8319091796875,80.84183054167767,79.29443105361304,80.13756519601282,9913300
2024-02-22,85.2162094116211,85.61297302695331,83.20259698168383,84.3135547808443,17510900
2024-02-23,85.30548858642578,86.11886619814322,84.36316354194423,85.85104997077724,10232800
2024-02-26,88.73755645751953,91.604217385595,88.18208121181935,88.9557810376968,28920100
2024-02-27,91.10826110839844,92.00099464546905,89.7592432229991,91.14793899535526,21422700
2024-02-28,88.98552703857422,90.0568070867273,88.57884201541977,89.72947025516135,14190700
2024-02-29,89.87826538085938,90.096489947301,88.10271989764516,89.91794326273805,17027000
2024-03-01,94.38159942626953,95.28424661136523,91.17768058138441,91.17768058138441,23446200
2024-03-04,94.99658966064453,96.59358843579305,93.8558827364945,96.14722551484583,20913200
2024-03-05,93.70708465576172,94.59981799000631,92.52669238227269,93.48886011097066,12887500
2024-03-06,94.78828430175781,95.65126117276247,93.79635999531737,94.28240835427614,14232400
2024-03-07,98.1806640625,98.88492936087462,96.68285634939775,98.13106482366153,24843300
2024-03-08,96.8316650390625,101.02750111652122,96.53408468461484,99.07340878951247,22379000
2024-03-11,93.74676513671875,95.68101444147143,92.77467601959842,95.12553927042075,15673300
2024-03-12,96.63326263427734,96.71261839384248,92.88379002431499,94.5601444981651,14993700
2024-03-13,93.39959716796875,94.57006059503712,92.34815224758263,94.55022543855372,16732600
2024-03-14,90.69163513183594,92.69531880140869,89.57076344568374,92.54653621706484,16718900
2024-03-15,92.49694061279297,93.93522781504808,91.27687039874661,91.73316223460783,29579500
2024-03-18,93.02265930175781,96.2960125068572,92.93338974762072,96.0381100708248,23140300
2024-03-19,93.24087524414062,93.39958674943153,90.26510262996592,91.83234468969873,21054700
2024-03-20,95.47270965576172,95.89923738862339,92.83418750183101,94.22288297401657,39807400
2024-03-21,108.96288299560547,112.58340820928419,107.90152429581512,112.45446077450322,89554100
2024-03-22,109.31997680664062,110.44084854751176,106.18549993634608,108.42724341808835,37281400
2024-03-25,116.18408203125,120.42952408146884,109.27037652319106,109.34972470986949,55766100
2024-03-26,117.84061431884766,121.47105345875036,117.21569714285941,118.03899615922931,44295100
2024-03-27,118.28697967529297,119.14003522847867,116.13450563499563,118.33657892029908,29320700
2024-03-28,117.05083465576172,118.77844686466763,116.51467757539362,118.58980447395277,21047800
2024-04-01,123.41521453857422,126.47328481888768,118.15293780785343,118.35151114388216,44309400
2024-04-02,121.87622833251953,122.79960861392823,120.05925300860467,121.8365121556208,25026400
2024-04-03,127.0987777709961,127.3668600653118,120.46633545364514,121.33013766289655,40130100
2024-04-04,123.20669555664062,129.61077996147418,122.7698327276466,129.253341917242,36009900
2024-04-05,122.70033264160156,124.79531381111195,120.33726914845678,123.51449540119184,23326500
2024-04-08,122.0748062133789,128.77675792052037,121.73723005972737,128.14131421651683,27955800
2024-04-09,121.75709533691406,125.24211265980138,120.4067754504132,124.00101037993568,19212900
2024-04-10,121.33014678955078,123.59392354205605,119.07630855065388,119.14580997013299,22242300
2024-04-11,126.60235595703125,126.65199550022172,121.21100767089298,122.02517041506641,21745300
2024-04-12,121.64788055419922,125.09318177509921,120.96279723086917,124.35845132938717,24808200
2024-04-15,120.50606536865234,123.89178832758795,119.75147308854726,122.7499727560668,17732600
2024-04-16,120.90321350097656,121.67766766835719,117.51749050067721,118.67916038911767,17452400
2024-04-17,115.5019302368164,123.53433957170304,115.37285076747314,121.15142197136723,25546500
2024-04-18,111.13327026367188,116.78277064245917,110.6864764431548,115.17429925343991,32146900
2024-04-19,106.00997924804688,110.09072377470808,104.96745797395349,108.87941442410717,33787500
2024-04-22,108.34326171875,109.44536109199309,105.87098065169835,106.83407718282851,19820900
2024-04-23,111.65948486328125,112.0864243347187,108.13475906428539,108.92905994887788,17887500
2024-04-24,110.98432159423828,113.13887318907817,108.4524776587397,111.91763286991994,20505900
2024-04-25,110.78575134277344,112.25521214192067,107.30073415783191,108.591483507836,18342800
2024-04-26,114.02253723144531,114.24097242979536,110.80560246279126,111.20275668023801,20630700
2024-04-29,113.54595184326172,113.93317510034095,111.31196801776483,112.99986387810577,14419100
2024-04-30,112.15593719482422,115.45230476101982,112.12615195018884,113.36725431058008,14845600
2024-05-01,108.91912841796875,112.92044836112787,107.97589375542734,109.73329117592573,16686200
2024-05-02,111.5304183959961,111.60985076085437,108.6510595581252,110.94461417402536,15439200
2024-05-03,113.88353729248047,114.65799144501777,112.64243506577478,114.21119009835162,15564400
2024-05-06,119.2748794555664,120.50605825439199,117.1798984000025,118.92737236520694,22538700
2024-05-07,118.36143493652344,120.54577937638443,118.33164969542628,119.29474622469684,12508300
2024-05-08,118.47064971923828,119.6124652430184,117.3784813128303,117.45791367059111,10867900
2024-05-09,116.97140502929688,118.77844964238753,116.60404360320165,118.4706587015862,11524800
2024-05-10,120.37699127197266,120.98264979590877,118.33165712069889,119.18553610280269,13922400
2024-05-13,122.12445831298828,123.22655768913683,120.78406943188747,122.05495689174859,16643200
2024-05-14,123.92156982421875,124.14993596165634,120.80392170929392,122.1145253271917,13887700
2024-05-15,126.90021514892578,127.03921798912974,124.54709022898265,125.33146772732592,14265100
2024-05-16,126.97966003417969,129.20372084701984,126.1456429106802,127.01937621745405,15874700
2024-05-17,124.39816284179688,128.11153868891537,123.97122336063794,127.44630969446149,13774700
2024-05-20,128.0817413330078,130.08736664089085,125.7385398778079,126.225049797506,19123200
2024-05-21,126.59242248535156,127.90303366081241,122.40246030950883,123.31590969687255,15717800
2024-05-22,125.38111114501953,126.95979712910497,124.34851317510227,126.88036476793744,11190100
2024-05-23,125.37116241455078,131.01073048065157,123.7726299296532,130.8320190560161,20747400
2024-05-24,128.56826782226562,129.47177873268424,125.69883249389846,126.91014948388137,14048900
2024-05-28,131.72561645507812,132.35113678901607,128.34982465482813,130.8220904505395,14143000
2024-05-29,130.6433868408203,132.15257139320983,128.97533756709004,129.07463180547143,11242500
2024-05-30,125.39103698730469,130.7327380697693,124.80523281636329,129.37249492172634,12639700
2024-05-31,124.11022186279297,126.41370727756293,120.14862570195692,125.45061074389378,24153800
2024-06-03,127.25765228271484,127.92288123825647,124.25915272596421,127.21794367872764,16134300
2024-06-04,125.7385482788086,126.94986526498133,124.52723129263588,126.44349343508733,12995500
2024-06-05,132.75823974609375,132.9170893290576,126.74137054249597,127.88318619289615,22301800
2024-06-06,129.1441192626953,133.17521620579248,128.26044007893967,132.8872720526163,15505000
2024-06-07,130.0079345703125,131.59653622890337,128.69732343055665,129.283135158269,12139500
2024-06-10,133.86033630371094,134.70427677358904,128.78670951945432,128.78670951945432,14652100
2024-06-11,134.10855102539062,134.88299761175963,130.84196144298588,134.35677147359027,14125000
2024-06-12,139.74810791015625,140.70128106712951,135.85601322368106,137.52404731066756,16973600
2024-06-13,142.12110900878906,143.1934232369259,139.26160440042423,141.77359429729268,16312900
2024-06-14,140.35377502441406,141.47573633181335,138.65594044198568,140.79064545031022,14028500
2024-06-17,146.7777099609375,147.6911593469449,141.12821041634433,144.54372603804254,23909000
2024-06-18,152.3577117919922,156.41859478757038,150.43151864294163,150.65989236898213,42192600
2024-06-20,143.16360473632812,156.28950110451504,141.89271746120858,155.8923393621831,41285000
2024-06-21,138.54672241210938,141.58495350560023,134.73405986167967,136.6701763794624,49893500
2024-06-24,138.02049255371094,141.81330827403332,136.90846979390594,141.42608498087452,32410100
2024-06-25,140.115478515625,140.12541703000215,136.76947160818474,139.07296471787996,31160600
2024-06-26,141.3466339111328,143.04446821806093,138.54670035413565,142.02178616874608,55490300
2024-06-27,131.2887420654297,136.41201523899343,130.1469341781826,134.82339846961526,68172700
2024-06-28,130.59371948242188,134.45602841417335,129.8192730236254,131.87454526824231,38140600
2024-07-01,130.58380126953125,131.1398125798057,126.36404660376095,129.57105772571887,24749000
2024-07-02,131.6461944580078,131.76535057633615,128.4987609644808,128.98527850140098,20776000
2024-07-03,135.84609985351562,135.84609985351562,131.48733405636986,131.71570778640552,14507100
2024-07-05,130.6632537841797,136.15388904567888,129.97816290323968,135.84609810500712,30104600
2024-07-08,129.8732147216797,132.43709203078845,129.27695854247318,130.4694557374617,20500700
2024-07-09,130.3203887939453,134.36495901931517,130.0620192242271,130.92657696746633,21850900
2024-07-10,135.53758239746094,135.6468955205346,131.87064191658217,132.26815107476997,22460200
2024-07-11,129.41607666015625,135.57732450374172,129.25708816174492,135.50776987882873,25401500
2024-07-12,132.71534729003906,133.5898371881684,129.90303229747175,130.92659382932527,20726900
2024-07-15,130.0520782470703,134.50408986990226,129.21733175407334,133.0730872170937,20416000
2024-07-16,126.6932144165039,130.15146854512395,126.44477685955948,129.6049028871612,21312600
2024-07-17,118.75314331054688,122.2610801383619,118.48483410512904,121.81389560209486,31414100
2024-07-18,116.71595001220703,120.87976549291503,113.37694896096309,119.74689094856924,30404900
2024-07-19,113.54589080810547,116.47745062875018,113.13844961977705,115.96070390242156,18038900
2024-07-22,114.55950927734375,114.8576373373282,112.92975973464156,114.63901110423447,23837800
2024-07-23,113.53594970703125,115.61288379111554,113.11857648176718,114.41044707163859,14707700
2024-07-24,109.59077453613281,113.32727753693234,109.3125256838298,110.77333974013318,25261000
2024-07-25,106.77845001220703,110.00813798238757,104.38351610604029,106.13251848354047,29068400
2024-07-26,108.72621154785156,109.93858040678414,107.10639389150613,109.31252051868445,18547900
2024-07-29,107.17595672607422,110.33608264094109,106.47039499932785,109.84914716958052,13517700
2024-07-30,101.91901397705078,108.56720497318108,101.53145202121209,108.31876743319668,23915100
2024-07-31,109.1336441040039,110.64414103666331,107.07658154146421,109.16345539623153,26503600
2024-08-01,100.8755874633789,107.18589987583329,99.32533195680287,106.51014941955977,31643700
2024-08-02,92.12064361572266,97.07946273987993,90.50083346448218,96.55277632918204,36039400
2024-08-05,89.85488891601562,91.67345355409807,84.37933091595319,87.08232502067159,36977600
2024-08-06,88.44375610351562,90.29213183760915,86.60531999298706,88.64250308454685,26460000
2024-08-07,86.25752258300781,92.99514789702123,86.03889632038229,92.79639330294688,29483800
2024-08-08,91.49459075927734,92.26971478817984,87.47983859615705,87.92703078478685,24760700
2024-08-09,92.4982681274414,93.93920284879988,90.87845048956588,91.21632949162498,21627200
2024-08-12,94.04852294921875,95.92671031309993,92.05108282605318,92.51814665610951,18886600
2024-08-13,96.83102416992188,97.168895606571,94.3168373184254,96.01614929020705,23565500
2024-08-14,99.7824478149414,101.31281624542174,97.45706871687753,100.3687567149459,22459000
2024-08-15,106.28157806396484,107.37470932060444,102.10783036634648,102.863082621376,29128000
2024-08-16,107.31507110595703,108.78582458894853,104.69157145020922,106.16232493320074,18383300
2024-08-19,107.9510726928711,108.04051414606731,104.10526458480342,106.5797002581268,15744600
2024-08-20,107.31507110595703,108.50757577420431,105.49651418624683,107.65295008222614,16075500
2024-08-21,107.65294647216797,107.72250867352132,105.54619360277755,107.48401078055433,13658900
2024-08-22,103.60838317871094,110.30625644731755,103.31025512860126,108.26906579556096,17967000
2024-08-23,102.20719909667969,103.75745445113834,99.68307286303299,102.3960140470518,25465100
2024-08-26,98.29181671142578,101.55131551732718,96.9999386712208,100.04081126277575,26752300
2024-08-27,97.2483901977539,97.87445006227247,96.06582509417355,96.48319833718593,17234600
2024-08-28,94.26715087890625,97.06952632693523,92.12064666422216,96.75152654495014,25564300
2024-08-29,94.97269439697266,97.36763571776345,94.39631753366474,95.95650484868004,18984300
2024-08-30,95.63851165771484,97.79495523053794,94.3963239787275,96.31426205835244,18819400
2024-09-03,88.0263900756836,93.29326131980595,87.75807328951916,93.04482378239324,28897200
2024-09-04,88.73194885253906,90.16295144709913,87.26119534349546,87.8077609405043,16356500
2024-09-05,88.83133697509766,90.13314741651793,87.21152674715819,87.54939820333541,13890700
2024-09-06,85.84013366699219,89.08970084417308,84.72713837152233,88.81145202030561,23587100
2024-09-09,85.73081970214844,87.41025983473403,84.47870000706867,87.30094671476031,20526400
2024-09-10,86.30720520019531,86.64508421791463,84.33958400785707,86.42645795616316,17019000
2024-09-11,90.08345031738281,90.2623256430913,85.54201255092426,87.64875796292223,20879600
2024-09-12,86.66494750976562,87.47982230916942,83.59426326208813,86.55563438945558,30900000
2024-09-13,90.6498794555664,90.89831696445287,87.32081835283002,87.5394369920128,21267200
2024-09-16,86.6351318359375,87.68850448921896,85.38300461864259,86.69475441428585,26494300
2024-09-17,88.17546081542969,89.01020736535182,86.99289562132746,87.50964240246319,17744800
2024-09-18,86.8040771484375,88.64251347445159,86.16807763653763,87.44007666033738,20130600
2024-09-19,88.69219207763672,89.82506652957048,87.03263131159302,88.79156556642347,25208900
2024-09-20,90.33189392089844,90.40145613103279,87.77795623209092,87.84751844222528,28711000
2024-09-23,92.98519897460938,94.20751496538557,92.00138847287502,92.1007619691199,23394100
2024-09-24,93.41251373291016,94.40626387900494,92.18026567463195,94.1379546755126,23043200
2024-09-25,95.17144775390625,95.57888895130738,93.34295113203011,93.57151700062057,54762900
2024-09-26,109.19327545166016,114.08253247560111,106.85796386529493,112.39315249057209,107965900
2024-09-27,106.82813262939453,110.27644658873811,106.36106888296429,109.80938284230787,42960200
2024-09-30,103.06182861328125,106.08283002207602,101.62089390796129,105.4170192317123,39544700
2024-10-01,99.6830825805664,103.5487703468349,98.32164962547334,102.75377471636514,34309800
2024-10-02,99.22594451904297,101.48176145884571,98.70919781054533,99.9613174594205,26334900
2024-10-03,101.18363952636719,101.88920121997013,98.77876599351568,98.8483282004424,22176700
2024-10-04,101.6109619140625,103.58852276633196,100.76627572745194,103.0022137646807,21911200
2024-10-07,102.3819808959961,104.05335366751004,100.2927497511062,101.63582908432078,21749300
2024-10-08,102.01387786865234,102.41182702453251,100.74044664203488,101.65572438738508,18858300
2024-10-09,101.17818450927734,101.76516122564405,99.80526788274413,101.72536555078455,18442700
2024-10-10,105.14771270751953,106.03314555803443,100.33254254099887,100.84987869942803,27605600
2024-10-11,106.37139892578125,107.09765668510934,104.4513013209876,104.50104781048559,19133900
2024-10-14,107.78411102294922,108.15221531004939,106.25201933993444,107.25683163213589,15021900
2024-10-15,103.78473663330078,108.92820768322697,102.18299689198942,107.30657390107713,23419100
2024-10-16,108.67950439453125,109.06750275785984,105.06813209345381,105.47602450017777,20450900
2024-10-17,111.47509002685547,113.55436288340806,110.44042521178294,110.76872625896287,26584800
2024-10-18,110.57969665527344,112.32071749639032,109.29631466727746,111.1766165684638,16700400
2024-10-21,108.52031707763672,110.5697448781972,107.13744971450632,110.52994920563069,14829400
2024-10-22,107.26678466796875,107.9631899928422,105.8242275277671,107.68462786289282,13758100
2024-10-23,104.51099395751953,106.55047090159913,103.00873960672556,106.01324071806522,15174700
2024-10-24,106.3017578125,106.97826907862537,105.00843258536965,106.23211728173335,13206300
2024-10-25,107.35633087158203,109.31621667110112,107.16730330904122,107.78411730849174,12265000
2024-10-28,105.8441162109375,107.62493269752163,105.77447568197604,106.232114528044,12381000
2024-10-29,107.62493896484375,108.19201404519481,105.05817487893941,106.04309315739151,15164600
2024-10-30,103.54597473144531,106.25201981900786,103.1082299113253,105.71478960983747,14321800
2024-10-31,99.13870239257812,101.96412685245664,98.56167652167386,101.67561391700453,19830300
2024-11-01,99.21829223632812,100.09377425495698,98.86013877637807,99.4869035361665,13623400
2024-11-04,101.20804595947266,103.25747406039434,100.4817881116293,100.97922270624132,15765800
2024-11-05,104.94873046875,105.0780682987074,101.26771814227585,101.47663972499753,12071900
2024-11-06,111.25621795654297,111.74370171078758,106.45099817967002,107.8239148629555,20304500
2024-11-07,112.8281021118164,113.2757901462648,110.79856834783665,111.98245735080516,13569800
2024-11-08,111.32585144042969,113.71353874769937,110.00267374391062,111.56461789408205,13045700
2024-11-11,108.09252166748047,110.93784770155143,106.2221630326306,110.38071588317676,14479700
2024-11-12,103.56587219238281,104.55079047992128,101.54628912601402,104.46125590389455,21859700
2024-11-13,99.40731811523438,102.80976859725938,99.30783272381967,102.27254596557023,18416200
2024-11-14,98.67111206054688,101.76515539376064,98.05429052094611,100.7702863500327,18459700
2024-11-15,95.84568786621094,97.69614504606659,95.14928251475948,97.04948618696841,18518300
2024-11-18,97.00968170166016,97.56680593222872,95.03983767318815,96.05460833915046,14236400
2024-11-19,97.22856903076172,97.67625712902161,96.01482740761328,96.50231118420174,14160300
2024-11-20,97.86527252197266,98.02444762522451,96.03470949796045,97.47727419437605,10490600
2024-11-21,102.23275756835938,102.76003701161545,97.55686793652855,99.5864019449052,18915200
2024-11-22,102.11337280273438,103.17788252980104,101.12845443233145,101.83481064466078,12063700
2024-11-25,103.94392395019531,105.85407074618621,103.27735590357202,103.31715157726957,22837900
2024-11-26,101.27767944335938,104.1826954518489,99.79531898970801,103.46638847107087,19275700
2024-11-27,97.69613647460938,100.52156848885436,96.14414320454074,100.4220831031253,17046400
2024-11-29,97.44742584228516,97.69614311864653,95.6069195152608,96.74106968824874,13729400
2024-12-02,98.04435729980469,99.5764491040597,97.02958652111718,97.09922705767424,16525600
2024-12-03,99.32772827148438,103.14802959975243,99.11880666927229,100.6011671077397,23479700
2024-12-04,102.67049407958984,102.87942328220977,99.28794501425688,100.2529617218023,16306200
2024-12-05,100.35244750976562,103.71510229038397,100.09377942194921,103.34699799580864,13448900
2024-12-06,100.65089416503906,101.66566478808397,99.51674412063454,100.36238124633994,12381000
2024-12-09,102.29243469238281,103.96381498814668,99.85500857325769,100.1335706908436,14141900
2024-12-10,97.59664916992188,104.46124691373099,96.7709060631347,104.42145124217215,23548500
2024-12-11,101.53633880615234,102.13326634357801,97.79563642237868,98.98947631673217,15248400
2024-12-12,97.73593139648438,101.45674703421724,97.25839851255233,100.87972117507171,19334900
2024-12-13,101.97408294677734,102.67048828202164,99.15860156668464,100.25295606074661,23926000
2024-12-16,107.70452880859375,110.5597982126223,104.00361461371828,105.06812422652396,42741200
2024-12-17,108.04277801513672,109.9230799246546,107.12750030483936,109.18687894813269,35811500
2024-12-18,103.36688995361328,111.46512295433845,102.20289505275491,109.68430654495567,63024300
2024-12-19,86.64315795898438,90.53310030783894,84.17588650882716,89.617822434079,91396800
2024-12-20,89.65760040283203,89.78693064523324,83.11136031363075,84.97176814647015,49578400
2024-12-23,89.25965881347656,90.63257546893465,87.94643187644087,89.53822095311307,26041500
2024-12-24,88.82190704345703,89.23975022032246,87.77729910129347,89.12037079278859,13021300
2024-12-26,89.35913848876953,90.16497999689543,87.64796249451577,88.04591163577804,14468200
2024-12-27,88.17524719238281,89.03083524104909,87.1306391726733,88.54335149851798,19422600
2024-12-30,84.98253631591797,86.71586282212434,84.25534266685656,86.65608796321808,22022900
2024-12-31,83.83697509765625,86.0683752515538,83.76723648023953,85.11206089988342,18691500
2025-01-02,86.99479675292969,87.31356816972283,84.41473418566737,84.65381844834478,18860000
2025-01-03,89.5250473022461,89.85377485994294,87.17410527689839,87.61241122053084,17484600
2025-01-06,98.8790054321289,101.13032524180727,95.11351569016253,95.20316658872835,42903300
2025-01-07,101.51882934570312,106.33028395740952,100.7717081674749,103.01307170215956,53570000
2025-01-08,99.02842712402344,103.08280448370681,97.92268715319071,102.42533418748853,33516900
2025-01-10,98.95869445800781,100.39316966307236,96.49818157169604,97.74338363161728,20512600
2025-01-13,94.69512176513672,95.63151612590475,92.52348911577323,95.47212661764208,22699100
2025-01-14,96.9863052368164,97.03611636263967,95.01390169592052,96.67749753702223,18613400
2025-01-15,102.7939224243164,103.53107991247208,98.96865776123711,99.05831626120899,27568100
2025-01-16,102.2061767578125,104.39773679752001,101.47898305926557,103.91957589427717,16243800
2025-01-17,105.3440933227539,105.47359159978241,102.10656799604989,104.2383532954708,18908900
2025-01-21,108.96015930175781,109.8168589347484,104.82609450548054,105.02532379682752,23533600
2025-01-22,108.81073760986328,110.24520518135427,107.34637880553892,108.75096274430655,20004300
2025-01-23,104.43758392333984,105.77244448876675,102.9533051902359,104.38778040081759,22677600
2025-01-24,102.7939224243164,105.31421016634191,102.32572523585598,105.0950533887553,19743800
2025-01-27,90.76029205322266,95.73113675113416,88.0208474096672,94.49589838534374,50696200
2025-01-28,87.91127014160156,93.09130794842788,87.70207709633738,92.25453576737112,34793600
2025-01-29,88.6683578491211,90.10282557441015,87.42315568474223,89.53501369145782,25342800
2025-01-30,92.14495086669922,92.80242119120635,89.95339831856231,90.31201711372799,22497100
2025-01-31,90.8897933959961,93.90816219792885,90.79017874380867,91.29822335010859,20492100
2025-02-03,89.57485961914062,91.04918230188918,87.68215083997683,88.30973758471046,18607900
2025-02-04,90.31201934814453,91.09898036800107,88.45915806065004,88.70819847455941,12827500
2025-02-05,93.24072265625,93.29053377544788,89.87369924147968,90.04304488657692,15660000
2025-02-06,94.1771240234375,96.23917835070714,93.22080974413524,94.51581533897546,16141100
2025-02-07,91.94572448730469,95.56178858608139,91.23844301884404,95.2230896687795,15602800
2025-02-10,95.56178283691406,95.89051798978292,92.812374685837,92.8323021739496,16217900
2025-02-11,93.7188949584961,95.47213408587079,93.2008866162317,93.88824062418956,12124000
2025-02-12,91.32810974121094,92.28442411126261,87.01472753037034,89.25609147271015,22874700
2025-02-13,95.29281616210938,95.70123843972806,91.66678117971848,91.70662855316337,16579900
2025-02-14,99.13800811767578,100.31347921674487,97.62384569181063,98.03227563306413,21284500
2025-02-18,106.3801040649414,107.46591662099645,101.65829994758526,102.24603167606784,29641900
2025-02-19,103.95942687988281,106.77856607789737,103.22226941188845,105.35405466265513,17875900
2025-02-20,102.78394317626953,104.44753104595031,101.94716356989316,103.5808754109033,14488000
2025-02-21,98.46060943603516,103.26211567047842,97.37479693413187,103.24218818230759,18650800
2025-02-24,95.04379272460938,100.31348150045683,94.91428683779506,99.8353281340815,14883700
2025-02-25,92.8621826171875,95.56177955539071,92.40394920776171,95.13342977699776,18608200
2025-02-26,97.33495330810547,99.33724034026527,95.1334369872207,95.63151780914333,21335200
2025-02-27,91.4675521850586,99.50657549885794,91.13881705324111,97.46444130435351,22386300
2025-02-28,93.27062225341797,94.09743833293165,89.52505953196633,90.65071957749304,23359100
2025-03-03,90.1924819946289,95.83075331237038,89.04689450989495,95.44225085408566,20281800
2025-03-04,90.84993743896484,93.23076312201779,86.46683235559195,89.85377581090553,23611500
2025-03-05,93.9778823852539,94.68516381453833,90.08289445274217,91.79629363332715,14010300
2025-03-06,88.9273452758789,92.9319192804799,88.68826861295216,90.58097722805496,18708100
2025-03-07,92.60318756103516,92.98172625808233,89.14650536393448,89.94343773679316,19133900
2025-03-10,86.74575805664062,91.01929243486785,85.43082498642534,89.24611831887294,21897900
2025-03-11,88.70819854736328,90.75032538302989,85.7396334670788,87.56261112241795,21962100
2025-03-12,95.27289581298828,96.61771246703934,91.88594481752307,92.11506533196908,23584700
2025-03-13,94.51581573486328,97.74338499115146,93.63919620852532,93.88823662397353,18824700
2025-03-14,100.40312957763672,102.385489053382,98.37095898135055,98.37095898135055,24623600
2025-03-17,102.71422576904297,104.04907869858481,100.57247675511908,100.67209139760413,17095100
2025-03-18,101.3295669555664,102.91346037324169,99.90505545408307,101.50887636135138,18434100
2025-03-19,101.66825103759766,103.20234082226648,100.1042776207778,100.43301277465895,16633100
2025-03-20,102.60464477539062,104.288160311022,100.96097661576287,101.19009712775626,29204400
2025-03-21,94.35643768310547,98.1219277027887,93.3403484904258,97.82307615197452,63239600
2025-03-24,96.56791687011719,98.04223191845347,94.96409593772923,95.7311370966445,35406600
2025-03-25,93.81849670410156,96.01004911192578,92.89206614258931,95.81081983852707,22191700
2025-03-26,91.7763671875,96.26905821551087,90.620823661957,95.63151538760232,27107200
2025-03-27,90.81010437011719,91.85606959677928,89.26605069252138,90.74036575489575,15658700
2025-03-28,88.10054016113281,90.54113320245783,87.26376040974885,90.12274712682104,17118000
2025-03-31,86.66917419433594,86.86866286354179,83.8862638818863,85.78143667936153,21089500
2025-04-01,88.48455047607422,88.6640933264114,86.03080326146944,88.30500762573703,15337100
2025-04-02,88.37483215332031,89.70145394347078,86.4796592545347,86.90856676525983,14520400
2025-04-03,74.15108489990234,83.13819098362164,74.02141799312531,82.70928338735072,44839500
2025-04-04,64.55552673339844,71.1586982986341,63.6977116631705,70.4704569869439,50737700
2025-04-07,68.19625091552734,72.27585315770102,61.38360648211167,63.777504968778274,50181800
2025-04-08,65.37344360351562,72.7845619913617,63.35857658856257,71.41804084337186,40822100
2025-04-09,77.6720962524414,78.36033744368257,63.53810730739695,66.03174975617796,63132600
2025-04-10,69.87199401855469,72.86437050568753,67.328470960489,72.3157651057104,44882300
2025-04-11,69.37325286865234,69.99167236764173,66.66016409500473,68.864546821092,30807800
2025-04-14,70.83950805664062,74.58995460990005,69.79218106850001,74.48023355257027,32634700
2025-04-15,70.85945892333984,72.61498816700508,70.3707063465826,70.93925743668942,19132700
2025-04-16,69.15381622314453,70.27096514077388,66.99930169342007,67.75737246610159,28475000
2025-04-17,68.62515258789062,70.30088328812997,66.82972411977528,70.2609840321713,20694100
2025-04-21,66.57039642333984,67.82719660895465,65.48317001285237,67.58780863407782,19826100
2025-04-22,70.03157043457031,70.22109001200361,67.26861334096553,67.36835768329682,20351200
2025-04-23,72.7446517944336,75.20837561151855,72.31574431684385,73.50272241738391,26385500
2025-04-24,77.22325134277344,77.3928174967228,73.41295938282018,74.3804955471287,23875600
2025-04-25,79.5772476196289,80.09593036450289,76.7045695288069,77.3529191548967,19746200
2025-04-28,78.36035919189453,79.40769395316359,76.72452740420272,78.56982462214704,16882400
2025-04-29,76.68461608886719,77.99129205796446,76.2756620112147,77.74192740256491,17098000
2025-04-30,76.75444793701172,76.95394425345351,73.31321828595904,73.43291607582411,19779300
2025-05-01,77.57235717773438,79.68697229120052,77.44269029063722,79.19821967521277,15349200
2025-05-02,80.5148696899414,81.46245243692907,78.89898381201918,79.37776734955375,18899700
2025-05-05,80.21561431884766,80.9437624047035,78.84910098334433,79.2081866681493,12513600
2025-05-06,80.3053970336914,81.01359175309604,78.34040230027023,78.83913161900634,13173800
2025-05-07,82.41004180908203,82.65940648794151,79.99618593411769,80.78417923251436,14889700
2025-05-08,84.93360137939453,85.99090506103182,83.14814957077718,84.03588711668117,17580500
2025-05-09,85.64179992675781,86.05075401428313,84.46479842045694,85.35253600631037,13017600
2025-05-12,92.05545806884766,93.96060009893799,91.716318176734,92.5741332091324,27765300
2025-05-13,96.68367004394531,97.162453558189,92.314803770247,92.314803770247,28009100
2025-05-14,95.07776641845703,97.40184709991787,94.08030768238005,96.0552793282152,28044400
2025-05-15,95.20742797851562,95.3670250201461,91.93576472514894,93.77109265387037,24196100
2025-05-16,97.75094604492188,97.94046562041478,95.45678814476337,95.65628443738892,22609300
2025-05-19,98.39930725097656,98.76836211822807,95.45679937123249,95.46677608953847,14380100
2025-05-20,97.85070037841797,98.37935229035033,96.7235747475057,97.67115750172337,12331300
2025-05-21,95.59642791748047,98.56885787355638,95.0179077170405,96.91308056608179,15764300
2025-05-22,94.5890121459961,96.97293787552557,94.13018204847224,95.16754002939814,13245200
2025-05-23,93.13272094726562,93.60152014078336,90.69891930003955,92.02554118873284,16545000
2025-05-27,96.13505554199219,96.45424198432481,93.95062641884283,94.93810828574611,17612600
2025-05-28,95.93556213378906,96.96294320652176,95.35703435749143,96.45423722322525,10500300
2025-05-29,96.55400848388672,99.37681091717117,95.8657595223054,98.339452920732,14628700
2025-05-30,94.2199478149414,96.36448554026151,91.98564245949451,95.79593438610743,23758200
2025-06-02,97.93048858642578,98.98779229890124,94.16009618306457,94.33963904084393,16850300
2025-06-03,101.99015045166016,102.66842266126459,96.71359309944447,98.11003677921897,22757600
2025-06-04,102.98761749267578,103.64594393041995,101.44155336282674,102.11982562746931,14595900
2025-06-05,106.01988220214844,108.75291680793276,105.26181148747631,106.0298589195799,28833700
2025-06-06,108.28411865234375,110.7677964004133,107.76544345463815,107.80534271753955,20710100
2025-06-09,110.66802978515625,112.24401621606468,108.30405774879887,109.23169456091533,20159700
2025-06-10,113.84992980957031,114.62794633970316,110.9473290925358,111.24656212181466,22949400
2025-06-11,115.73512268066406,116.96200013399502,114.43843103820615,115.30621516884977,21614100
2025-06-12,115.88475036621094,116.18399101581271,113.23150661042641,113.82001119197501,17076500
2025-06-13,115.30622100830078,116.80240901691197,113.37115635863422,113.5107999639708,17453000
2025-06-16,119.53543853759766,120.65259494253044,117.02184613900565,117.51059873678636,21374100
2025-06-17,120.03417205810547,123.19612180883276,119.04669011084657,119.29605477702346,20837700
2025-06-18,121.51041412353516,122.66746982638226,119.8745825236522,120.15386973192408,20180000
2025-06-20,123.285888671875,123.84447069545367,120.07407057381874,122.45799615889665,29290400
2025-06-23,121.7697525024414,124.19357730014748,119.50551712980777,123.3557080859994,23399200
2025-06-24,127.5849380493164,127.77445762575292,124.64243050098402,124.79205081869677,26420600
2025-06-25,126.92662048339844,127.17598516018312,125.30076553036454,126.28824751963016,39407000
2025-06-26,125.6797866821289,129.52000847430935,123.47540403526999,129.20081440887657,62678100
2025-06-27,124.44293975830078,127.21587350867402,123.07641870714328,124.82197129489676,36888600
2025-06-30,122.93678283691406,124.76213405553902,121.54033915692767,124.58259118796926,22799700
2025-07-01,120.58277893066406,123.67489930933574,118.77738115934403,122.03906768681252,24825800
2025-07-02,121.43061828613281,122.68741836112156,117.75997001775757,120.19377164646461,29303800
2025-07-03,121.9792251586914,123.31581616194349,121.52039507055983,122.01912441983406,13247900
2025-07-07,119.72782897949219,121.31528499999378,118.71945296689152,120.9858119896976,19148400
2025-07-08,124.22061157226562,125.24895974913355,121.75456859898605,122.25376733472142,26238200
2025-07-09,122.04411315917969,125.94785119689703,121.0856524348212,124.61998064055057,20464000
2025-07-10,122.91272735595703,124.15073822912616,121.82447002687238,124.08085070283039,15378400
2025-07-11,124.3304443359375,124.60999442816225,121.04571551795922,121.93428871846021,15820600
2025-07-14,118.41993713378906,120.24700652653048,116.83248102655125,120.18709749227783,32117700
2025-07-15,119.91752624511719,121.19547384673282,118.92911483717519,120.74619801144152,24958900
2025-07-16,116.2434310913086,118.8991647056827,114.62602426191371,118.8392632880948,30614800
2025-07-17,113.07850646972656,114.01699496899151,110.77220299393423,113.74743098723327,34702400
2025-07-18,114.20669555664062,114.61604220989247,113.0984736626769,114.05693440015412,19349900
2025-07-21,113.0485610961914,115.73424540104419,112.48945327289732,113.40797721643679,22189800
2025-07-22,109.04498291015625,112.81892447472298,107.95672560695013,112.67914942545524,27917600
2025-07-23,109.65400695800781,110.11326892621784,108.70552469606123,109.26463251502172,17810000
2025-07-24,111.55095672607422,112.54935423233503,110.0733250652541,110.88202460783144,20293100
2025-07-25,111.08171081542969,111.32132408873275,108.65560452387639,110.8121392179412,16372300
2025-07-28,111.07173156738281,111.82052975772471,109.68395953065601,111.54097965207745,12932300
2025-07-29,111.78058624267578,113.35805616393347,110.49265251839591,111.87044598106066,16653300
2025-07-30,114.5561294555664,114.70589060718783,112.22986902009902,112.41955936946212,16378800
2025-07-31,108.96510314941406,112.09008459969269,106.76863168400975,112.01021858829448,29224300
2025-08-01,104.71192932128906,106.32933604843181,103.21433303891678,105.32095241882728,24003300
2025-08-04,107.59730529785156,107.70712964250797,105.29100929440547,105.85010950926048,14780600
2025-08-05,108.8852310180664,110.46270092669104,106.65880881562745,109.12485190706133,17836000
2025-08-06,108.60568237304688,108.78539423359429,106.57893660069861,107.72709528657548,13021900
2025-08-07,111.69074249267578,115.09527435501755,110.61247125425272,113.95710169796072,18986500
2025-08-08,118.69949340820312,119.13879080210859,111.49106131379865,111.99026012790235,28962200
2025-08-11,123.52174377441406,127.07603654786557,121.45506118959038,124.76974068836964,35065800
2025-08-12,127.54528045654297,128.3440015023554,122.842829151814,124.50016503869747,25961200
2025-08-13,124.07086181640625,128.39393270997178,123.1523378864635,127.37556292998269,18438200
2025-08-14,125.0892333984375,125.53850926144275,121.20546743135458,123.00257850054459,12235900
2025-08-15,120.67631530761719,123.18228768822827,119.24860649818505,122.97262511557769,18986700
2025-08-18,123.35202026367188,123.48180920290093,120.4666519555499,121.15554108489653,12208800
2025-08-19,121.85443115234375,124.04091673506925,121.11561143776433,122.74300441444808,11491200
2025-08-20,117.02217864990234,118.71945909477704,113.2781877501083,118.50978890127986,25795000
2025-08-21,115.60445404052734,117.54134773862545,115.42474217557834,116.81251417045209,13174900
2025-08-22,117.49142456054688,120.50658182466812,116.32330124948184,117.4614738526481,17038300
2025-08-25,116.23342895507812,117.89077237338809,115.91394207671534,117.4914118711426,8674800
2025-08-26,116.31331634521484,118.17033642585102,115.62441958773626,115.90396968724383,12584300
2025-08-27,117.56130981445312,118.53974275087499,116.25341148033833,116.66275050899809,15349300
2025-08-28,121.80449676513672,122.37358304369694,118.53974024437943,118.68949377781485,17295500
2025-08-29,118.81929016113281,122.57325932584722,117.87080795343223,122.40353357674881,16774000
2025-09-02,118.2901382446289,118.37000425496856,114.06691350045408,115.67433407250353,13771900
2025-09-03,118.5297622680664,119.24860974654652,117.1120395283801,119.16873611178893,14101300
2025-09-04,124.01094818115234,124.21063224440101,118.33006416929447,118.65953716077865,18589100
2025-09-05,131.15948486328125,131.1994292976051,125.45864322776382,127.56525510820573,28416000
2025-09-08,131.2493438720703,132.04804969566996,128.19423468288713,130.3407984782381,19492600
2025-09-09,135.02328491210938,137.77885655892658,131.34917414868275,131.54885060407466,20705000
2025-09-10,139.77565002441406,142.01206590916595,138.11830651788372,139.79562224003186,25791300
2025-09-11,150.3287353515625,156.0096049518913,147.3734717247923,147.48329607119376,52446400
2025-09-12,156.97802734375,158.0263477167626,152.96448054951557,153.3039320274553,32288300
2025-09-15,157.51719665527344,160.08307061489938,156.2991503410368,156.70849702117212,20101400
2025-09-16,158.5655059814453,159.3043104174347,156.9181408856495,157.72684046252309,16911600
2025-09-17,159.733642578125,160.33267201653447,155.01121081151678,157.1577748602493,18843600
2025-09-18,168.61936950683594,170.17686732028199,162.33945532634624,162.72882977970775,28212800
2025-09-19,162.46923828125,163.43768517854718,159.12461543923158,162.48921049899982,37309900
2025-09-22,164.356201171875,166.99197011640575,161.33105778898192,164.11659550785987,25851200
2025-09-23,166.14334106445312,168.71920858882498,164.96522402570736,165.41449987934877,43316500
2025-09-24,161.45086669921875,165.7339852783028,158.04632756226096,164.81546140488084,57096400
2025-09-25,156.57867431640625,158.6952720408905,154.40215994792476,157.13777445235786,32209200
2025-09-26,157.01797485351562,158.6653245903275,154.9313125567278,158.2659716948387,24045000
2025-09-29,163.63735961914062,165.53432418899598,159.71366438585363,159.74361509493687,26506500
2025-09-30,167.0518798828125,168.67925747642548,163.6972636157991,163.84701714963748,20092500
2025-10-01,181.85809326171875,182.09771413913674,165.234781462133,165.33462730297458,41674800
2025-10-02,183.45555114746094,185.881649899133,180.9196280551162,184.6636188948603,25122200
2025-10-03,187.64645385742188,191.66252977109554,184.7392938585731,185.0290190063793,29399300
2025-10-06,190.7733917236328,200.80357346188558,189.2448728863467,194.8194216803748,36392300
2025-10-07,185.50856018066406,195.10917062345922,183.06095718459625,194.6596133782842,27828200
2025-10-08,196.34793090820312,196.75753390743984,188.61550432998132,188.80532109762163,26833900
2025-10-09,192.14205932617188,196.42786048379406,189.31482293799084,192.78143331631287,19721500
2025-10-10,181.42254638671875,193.25097266774603,179.43448552901378,192.77144599253631,26990300
2025-10-13,192.5816192626953,193.21099322764917,187.80629175017626,190.60354324747644,20928400
2025-10-14,186.877197265625,192.27192938001048,186.0679912594366,186.77730413476536,15912400
2025-10-15,191.75244140625,192.69152529066596,187.23685401755208,192.29190701863874,17793100
2025-10-16,202.3320770263672,206.13835127779654,195.009238414688,199.7645964769483,42041300
2025-10-17,202.18222045898438,203.19122790594886,195.3588935362423,199.08524396761547,23283100
2025-10-20,206.5679473876953,214.54014501568494,205.2991841710047,209.4551226526565,23268400
2025-10-21,202.09230041503906,205.66880360125717,200.64372051197603,204.10034584918608,13717300
2025-10-22,198.27606201171875,205.3791149328187,192.21198612505606,202.05236708431582,21949800
2025-10-23,206.5080108642578,208.79576638190142,195.00924861508634,196.50778282356887,19397900
2025-10-24,218.8059844970703,219.60520580985403,209.77480957720812,212.18245825606303,25821800
2025-10-27,219.88491821289062,224.7601389743725,215.52917831725236,224.59030693239927,23873100
2025-10-28,221.6931610107422,222.6821838614765,217.34740558020835,218.7160619863478,14957500
2025-10-29,226.40853881835938,232.17288931669233,225.87905796140856,228.83615687073262,23217300
2025-10-30,223.79107666015625,227.17776311116435,220.52428330279926,225.87904575494093,14795100
2025-10-31,223.55133056640625,231.0240166529935,218.60617088033933,227.52743694148873,16320000
2025-11-03,234.47064208984375,237.3877867616639,231.57348214179623,233.65145134169782,21199300
2025-11-04,217.8169403076172,228.44654231148695,217.18755106429575,221.92292463372553,23696200
2025-11-05,237.2678985595703,239.6455775368606,224.51037401926067,225.44945782521154,28617400
2025-11-06,238.0970916748047,246.16919725077392,234.6504662673761,237.6075650439538,32016800
2025-11-07,237.6875,242.3129803885886,226.17875320871005,233.80130196266433,30613800
2025-11-10,253.05245971679688,256.8187796646657,247.5678194595284,247.71768201485662,27870600
2025-11-11,240.8743896484375,249.745717054219,238.55664941872303,248.09732027604838,22622500
2025-11-12,244.66067504882812,248.9464913523168,240.6046449625146,244.66067504882812,17263100
2025-11-13,236.71844482421875,249.25618377004466,229.93508685096947,243.3619554618112,32324600
2025-11-14,246.58877563476562,254.9206213200665,231.00401536889746,231.223801583089,36171100
2025-11-17,241.7135772705078,260.32536273582633,239.22602011195923,246.6787220907077,30304400
2025-11-18,228.27670288085938,238.69650305197035,225.29961929538163,235.2498775452143,33843900
2025-11-19,225.69921875,234.12098849287156,216.14856366096723,226.68825676423654,35256600
2025-11-20,201.1732177734375,230.3746653984946,199.40495838058808,230.01501657820896,47420700
2025-11-21,207.16734313964844,211.79282335800798,192.4017880891994,204.33012218338308,36679700
2025-11-24,223.71115112304688,225.88902858676926,212.15246614068573,213.20144304898022,33052800
2025-11-25,224.31057739257812,225.9689588202089,215.78891453351923,219.00576901598282,17441600
2025-11-26,230.03497314453125,233.6014916824619,225.77914171330642,229.3955991936823,17817600
2025-11-28,236.2489013671875,237.8673286271781,233.24184830473496,235.3897411716471,12914700
2025-12-01,240.22503662109375,242.1231739022173,231.2737853490881,232.06300667817794,18238200
2025-12-02,239.25596618652344,244.13118688757797,234.10100508841109,238.51668385661696,18166200
2025-12-03,233.93118286132812,237.56762524908828,227.86710713906936,236.1589994404211,19188200
2025-12-04,226.4285125732422,233.93118359214208,223.1117647886667,230.05497023211262,23513900
2025-12-05,236.98818969726562,240.3349221728646,226.46848083891243,228.72626687779925,21161000
2025-12-08,246.6787109375,248.98645119445882,241.3739022442043,243.25207000901648,20495400
2025-12-09,252.17333984375,255.26031671675238,242.59271460344473,244.25109615270216,17067100
2025-12-10,263.4522705078125,264.491262663534,250.33511268187462,254.88066906443308,21960700
2025-12-11,258.2074279785156,262.59315276624574,251.304191918892,261.2744353346599,18867000
2025-12-12,240.90435791015625,255.57002057311084,239.08614433698853,255.42015800645552,25936900
2025-12-15,237.2678985595703,249.86557580442513,235.76936446340463,246.8685076120937,27483600
2025-12-16,232.28277587890625,239.16604206892998,230.3546692738233,235.569569287941,22577300
2025-12-17,225.29962158203125,237.21795602868477,221.4733625059069,236.3288263643656,41957100
2025-12-18,248.30711364746094,263.3923483958844,244.76057974925737,256.2793111195796,65006100
2025-12-19,265.66015625,268.11774380012747,251.50398976688,251.50398976688,62312100
2025-12-22,276.3197021484375,279.71637344249024,268.0278254169774,276.8791524562695,30961900
2025-12-23,276.0,281.584533429657,272.05387848972947,275.6503664329825,20767600
2025-12-24,286.39984130859375,289.01727609637965,276.9790638742252,277.7283309541374,18592600
2025-12-26,284.51171875,290.5857641088608,283.14306235836034,290.55579464363353,17878500
2025-12-29,294.2011413574219,294.33107166805104,278.3402494382078,280.16918631071405,26642900
2025-12-30,292.4621276855469,298.6585525437395,291.8424882497347,294.53094747936166,23056400
2025-12-31,285.24627685546875,293.00183505456795,284.01697147079557,293.00183505456795,17573800
