Price,Close,High,Low,Open,Volume
Ticker,NKE,NKE,NKE,NKE,NKE
Date,,,,,
2021-01-04,128.45562744140625,131.08708359751589,126.82357283699336,130.9770618459334,6178500
2021-01-05,129.49168395996094,129.885951843896,127.08028556362429,127.08028556362429,4163100
2021-01-06,130.51861572265625,131.63721680223983,127.93299270542131,129.5100363917012,6072900
2021-01-07,132.90252685546875,133.5351799767522,131.11460324568503,131.29797751504952,5256900
2021-01-08,134.18617248535156,134.61710970598267,132.85667757586083,133.45266142956075,3950500
2021-01-11,134.82794189453125,134.87378894258998,132.76495064688115,133.86520984751692,4252000
2021-01-12,132.99420166015625,134.6445978257389,132.3798902522423,134.32368240806304,3678800
2021-01-13,131.15127563476562,133.06757666847497,130.59197500598583,132.79250826258058,3330100
2021-01-14,129.55592346191406,132.8567028551894,129.21666631460477,131.71977379341604,4104000
2021-01-15,129.02407836914062,130.5461110633924,128.25389820719045,128.87737338861,6412400
2021-01-19,127.69461059570312,129.48253400584,126.90608873398142,129.2716543191465,6537800
2021-01-20,130.93124389648438,131.30717028538393,128.37312567896558,128.71238280603762,4654400
2021-01-21,129.84010314941406,131.85724762690148,129.4000022066393,130.57361404774315,4011200
2021-01-22,127.76798248291016,130.08770136024455,127.73129923323059,129.3633540799585,4150500
2021-01-25,126.11754608154297,127.61205925463872,123.54110123441622,127.43786284077453,5998700
2021-01-26,123.8712158203125,126.39265052139498,123.51363109505411,126.31012020744298,5312300
2021-01-27,120.13031005859375,121.81737557049694,119.44264611716551,121.23056956676719,7815900
2021-01-28,123.52277374267578,125.03562870782935,120.57040231577493,121.35892413769051,6244600
2021-01-29,122.48670959472656,123.80702672693235,121.16639246252079,122.81678887777801,7166100
2021-02-01,124.4305191040039,124.74225677052978,122.22082201548274,124.11876744691766,4366800
2021-02-02,127.98799896240234,128.23556187844346,125.38404840804228,125.66828057545064,7132800
2021-02-03,127.10781860351562,128.41895791849444,126.53934018162893,128.0888786379202,4678600
2021-02-04,128.9415740966797,129.3266642135908,127.37369420088034,127.95133637152614,4533700
2021-02-05,133.0492401123047,133.47101354948447,129.54673119098305,129.59257825880533,6151500
2021-02-08,131.4905548095703,133.75526314648516,130.93125408687953,133.08592664862462,6304300
2021-02-09,130.00514221191406,132.23318045204837,129.92262590427583,131.66471612313063,3436300
2021-02-10,130.6194610595703,130.74782441744432,129.189108512544,130.61028325436428,4125700
2021-02-11,131.60971069335938,132.35239954343587,130.5736398109554,131.11459878386788,3828700
2021-02-12,130.30775451660156,131.5272138331094,129.6475958792355,131.21547614062032,3637000
2021-02-16,129.93182373046875,131.45384271569353,129.30833444316448,131.45384271569353,4873400
2021-02-17,132.0223388671875,132.54495629022344,128.55651304095278,129.55591480770818,6437100
2021-02-18,133.0308837890625,133.3059521750442,129.47337836619252,131.09625526142207,4486800
2021-02-19,130.21603393554688,133.40679036506668,129.7392497364738,133.34260168859885,7486000
2021-02-22,125.31071472167969,130.61948854716772,124.93478838359691,129.775941742986,8985900
2021-02-23,124.81558227539062,125.45739909425475,120.64375196693776,124.72388816245689,10364100
2021-02-24,124.37545013427734,124.65969624886844,122.81674836370543,123.8344913181736,6360900
2021-02-25,124.27467346191406,127.6121366311439,123.34862400232475,126.16346963196523,5674300
2021-02-26,123.82905578613281,125.73087396946819,122.5244331858131,124.85805073421491,6650200
2021-03-01,126.46588134765625,127.84400579685995,124.49057524473369,124.61919963256577,5717800
2021-03-02,125.88706970214844,127.02631019402837,124.59162944702123,126.38318830038553,5292700
2021-03-03,123.3512954711914,126.24536463510239,123.25023247145475,125.95135808350341,4888400
2021-03-04,121.3116683959961,124.15061478509408,119.60279389787071,123.11242344459208,7181500
2021-03-05,122.51522827148438,122.81840321244587,118.69322770946037,122.6897788675221,5957100
2021-03-08,123.62690734863281,124.60997585884104,121.61484407701217,122.78165964904373,4983000
2021-03-09,124.90398406982422,126.78742323324937,124.44460934796462,124.49973207154714,5977800
2021-03-10,126.41071319580078,126.97115083121614,125.0417857069187,125.40927982040341,4519600
2021-03-11,129.71827697753906,130.64620916054125,127.30196069492881,127.87158104300852,5696500
2021-03-12,129.03834533691406,129.4609762126069,127.3386674253515,128.6249109270206,4143200
2021-03-15,133.1635284423828,133.21865115844253,129.2404649277757,129.26802628580555,5413900
2021-03-16,132.89706420898438,134.27518798862403,132.15287961101896,134.0271358019689,5623000
2021-03-17,133.0532989501953,134.27522335324574,131.5649153432627,131.5649153432627,5134400
2021-03-18,131.53736877441406,134.7438096869671,130.96774855082788,132.63986540867987,10188400
2021-03-19,126.31886291503906,131.25254281874788,124.49972896813782,128.6249189144497,24980400
2021-03-22,127.03549194335938,127.53161048411548,124.97748810313963,126.44749284886862,7537300
2021-03-23,125.97891235351562,129.21291414403038,125.45523248909033,127.23760855556154,5582600
2021-03-24,122.34066772460938,126.71390961644245,122.0834190262076,125.36334694033172,8157600
2021-03-25,118.18794250488281,118.87700467294276,115.2479467249615,116.72713407315709,18475800
2021-03-26,122.18447875976562,122.36822582244073,119.2261047879889,120.90741774852057,10010500
2021-03-29,122.64387512207031,123.02974822765097,120.04381236920095,122.13856009607012,7153900
2021-03-30,122.14775085449219,122.51525908886151,120.55831804548623,121.59650953144674,6026600
2021-03-31,122.09260559082031,123.27778613278733,121.20141756308415,122.27635266459,6878900
2021-04-01,121.76185607910156,123.74635813492728,121.46786356286991,123.74635813492728,5720600
2021-04-05,124.14141845703125,124.65591589463115,122.28555470268932,122.28555470268932,5508900
2021-04-06,126.01567077636719,126.52098574899617,123.96684952543544,124.43542069051107,4670100
2021-04-07,125.44605255126953,127.0079379412456,125.28068436776903,125.85950104803086,6646000
2021-04-08,122.81839752197266,126.15346190804917,122.57034530904247,126.12590055105693,8748400
2021-04-09,124.44461822509766,124.4905585043615,122.65305948584695,123.05731151296095,6056800
2021-04-12,125.53790283203125,125.77677260136547,123.31453122529979,123.80146722905907,5638200
2021-04-13,122.68978118896484,124.94072829622498,122.56115684160734,124.58241661294316,8778200
2021-04-14,121.51380157470703,123.27779889978602,121.10956357815097,122.68979979142635,7354100
2021-04-15,122.80924224853516,123.17675045474849,121.89967520953738,122.19368177450805,6284800
2021-04-16,123.3972396850586,123.81987061171796,122.8643633075335,123.7647478862851,6852500
2021-04-19,121.79862213134766,123.46155640394423,121.41273502303967,123.38805476517147,5613600
2021-04-20,116.78221893310547,119.3455231986907,115.48677911268014,118.67484016459153,13268700
2021-04-21,119.34554290771484,119.74061244441408,117.02111502839236,117.22323401087564,7110900
2021-04-22,118.68403625488281,119.7773502423958,117.58154683006116,119.33635447246715,6442900
2021-04-23,119.61196899414062,120.0345858051906,118.0225366917983,118.45433594865327,7489000
2021-04-26,120.90742492675781,120.99929145404832,118.81267744609205,119.8876125465124,8217800
2021-04-27,121.37598419189453,122.00072705681707,120.73286241359094,121.27492119680373,5833100
2021-04-28,120.08972930908203,121.57809871549598,119.75897899443426,121.51377953423018,8195400
2021-04-29,122.43252563476562,123.22265058683726,120.56746569307353,121.06359816151475,6612500
2021-04-30,121.84453582763672,123.00216899520852,121.32085598149928,121.67916767169943,5643600
2021-05-03,122.22125244140625,123.52587513001451,121.81700039330116,122.53362392621266,5053000
2021-05-04,120.8614730834961,121.81696618606564,119.87840460447579,121.48621587767585,6129500
2021-05-05,121.46785736083984,123.31453850185828,121.34841545962387,121.91803556880316,6234200
2021-05-06,122.64387512207031,122.96542903388516,121.21981060116244,121.82618863236264,5201000
2021-05-07,126.61286926269531,128.03693382423447,123.77393660699151,124.03118535138508,10566700
2021-05-10,125.31742095947266,127.61429461356127,125.22555442471166,126.78742570569106,5669300
2021-05-11,125.97891235351562,127.13654556151411,124.04035057242623,127.13654556151411,8045400
2021-05-12,122.55197143554688,125.70328889820952,122.50603116567092,124.41703143669335,5865100
2021-05-13,122.75408172607422,124.05870391367476,121.72508710351609,122.83676578988685,6284300
2021-05-14,124.8856201171875,125.57468228252799,123.15838048899117,123.424811691227,4367900
2021-05-17,125.32662200927734,125.93300004069218,124.49055660405429,125.25312036737814,3934200
2021-05-18,124.54569244384766,126.30050752906389,124.44462942797117,125.35419657085957,5664700
2021-05-19,122.15692138671875,123.08485319585357,121.23817202436648,122.63466096145997,5582300
2021-05-20,122.44174194335938,123.30536866105263,121.4494908646695,122.91029911148907,4934800
2021-05-21,121.88128662109375,123.26859302998476,121.65159929398585,122.95622162967847,5329700
2021-05-24,123.16757202148438,123.4340172623766,122.01913499455122,122.28558023544346,4313200
2021-05-25,123.40644836425781,124.18737708351144,122.97463494696223,123.9760686087729,4885800
2021-05-26,125.76759338378906,126.7139040583306,124.03115773624177,124.21490479575431,6781500
2021-05-27,125.46440887451172,127.07222023549383,125.37254235099998,126.37397577699394,12882300
2021-05-28,125.62553405761719,126.44487044289215,125.28490128023222,125.42300020532075,4153500
2021-06-01,123.83030700683594,127.08924956000227,123.55413733901445,126.90513176569219,5577900
2021-06-02,123.517333984375,124.73253699363528,122.92814847763107,123.90398565624221,5226100
2021-06-03,123.517333984375,123.99605159838273,121.98912924750181,122.624347725316,5027400
2021-06-04,123.1214599609375,124.2261808383701,121.77737329441432,123.82111323894425,5217100
2021-06-07,123.31480407714844,124.46555815410446,122.85450244636604,123.36083704968487,3765000
2021-06-08,122.76245880126953,124.02368085926565,121.89708942965774,123.99606388334544,4915200
2021-06-09,121.37232208251953,124.18936561687698,121.01328739769535,123.01099464887504,6448100
2021-06-10,120.5805892944336,122.04435888953604,119.85331903112794,121.0593068364573,6584100
2021-06-11,121.46440124511719,121.51043421942222,120.16634722508945,121.05933354689932,5414500
2021-06-14,120.9304428100586,121.56566129659613,119.79810475209075,121.24344454196991,5743600
2021-06-15,119.94538879394531,121.28947569210013,119.52191917414059,121.09614283276979,5168100
2021-06-16,120.0466537475586,120.75552215712031,119.31018241259036,119.95460185433271,7915500
2021-06-17,118.68415832519531,119.56794354424684,117.70832121803373,118.97875808064232,8568100
2021-06-18,118.21467590332031,118.78544546760456,116.6220290664765,116.6220290664765,9784800
2021-06-21,119.75206756591797,120.37807100770948,118.48163063755374,118.97876423877896,6288500
2021-06-22,121.96149444580078,122.15482727711797,119.79808559465434,120.44250495356417,6043800
2021-06-23,122.53228759765625,123.08464107151573,121.71295133790186,122.26530481176135,4566000
2021-06-24,122.99259948730469,124.11573657305976,122.34816597620957,123.26876922372745,11420500
2021-06-25,142.09510803222656,142.31604380761829,138.5323641338465,140.30913559559752,46285400
2021-06-28,140.2631072998047,141.81892899070976,139.48058894311467,141.6992460768585,13133300
2021-06-29,143.56809997558594,143.98236870349996,140.7694717705884,141.09167453794672,10279900
2021-06-30,142.22401428222656,143.0065186886071,141.3310279234866,142.50018404489492,10281800
2021-07-01,145.455322265625,145.64865514058383,141.6716421182161,141.83735801779395,9011500
2021-07-02,147.05714416503906,147.26887894467447,145.12387203725405,145.6486225466457,6396700
2021-07-06,147.3977508544922,147.70155153833392,145.3263940488064,147.22283403222386,6671000
2021-07-07,147.44383239746094,148.67743748574492,145.7130936455275,147.44383239746094,5408300
2021-07-08,147.87652587890625,148.05144276921055,144.85694790701157,145.61183537633883,6081600
2021-07-09,148.2171173095703,149.10090257495682,147.7660166781254,148.85233577417776,5002300
2021-07-12,148.97201538085938,149.5335698429909,147.95014527510202,148.8062995015877,4992200
2021-07-13,148.76026916503906,149.4231045992759,148.2263176181655,148.53933338515355,5747700
2021-07-14,148.7142333984375,149.80975344406815,148.53011556956537,149.018034137357,4928000
2021-07-15,148.8523406982422,149.32184329543142,147.6555536721604,148.0882383204153,6432500
2021-07-16,147.158447265625,148.86155499018327,146.96511438637546,148.78790503843544,6603700
2021-07-19,145.33558654785156,146.21017060819827,144.16643088863768,145.59335425596853,7377100
2021-07-20,147.05714416503906,147.6923485039453,144.14803499939077,144.77403836432626,4629200
2021-07-21,148.29078674316406,148.61298948172526,147.30573443297249,147.75683512370864,5393100
2021-07-22,150.68434143066406,150.7487904043766,148.15268235517073,148.31839825379464,4851500
2021-07-23,153.15155029296875,153.23440121036518,150.73035936003396,151.30114290133088,4217700
2021-07-26,151.9823760986328,153.30804692961897,150.8132201703598,152.55315962420673,3858800
2021-07-27,151.50369262695312,152.46111388322095,149.6716869932151,151.73384345317336,4359000
2021-07-28,152.32298278808594,152.72803631960593,151.05254611769683,151.42999672952075,4093600
2021-07-29,153.7315216064453,153.7683395508072,152.2585509807684,152.72805351964956,3605600
2021-07-30,154.21026611328125,154.54168388979483,153.1423768754421,153.36331269492268,5364400
2021-08-02,155.351806640625,156.48414476467502,154.68897114184168,155.6371914156278,5532500
2021-08-03,157.63490295410156,157.8834697843799,155.11245884110772,155.78449533318727,5718100
2021-08-04,158.2609100341797,158.6567626938709,157.38633974533244,157.7545754309657,4646200
2021-08-05,160.046875,160.18495986372503,157.5888520473722,157.80060090147097,3824000
2021-08-06,159.08023071289062,160.53478540833055,158.98816477690104,160.51636941167473,4088700
2021-08-09,158.13204956054688,159.3196217628038,157.99395062251222,158.80408610764442,3612800
2021-08-10,158.59234619140625,160.1481681314111,157.8190286860864,157.93871161909988,3747100
2021-08-11,157.6717071533203,159.46688050594076,157.36790642483234,158.3437435269086,4078300
2021-08-12,157.09173583984375,157.7177533457545,156.02383271330172,157.32188664915245,3997100
2021-08-13,158.0583953857422,158.08601236315363,155.37943619849068,156.91684214599601,2966200
2021-08-16,158.67515563964844,158.7119735839464,156.18953000451384,157.1469510764386,3530200
2021-08-17,157.11013793945312,158.0675590406734,155.9317670238177,157.92025916439664,3602900
2021-08-18,155.40704345703125,158.15965242766774,155.2689585786096,156.27241282125172,5487400
2021-08-19,152.44268798828125,154.2378615068096,151.31955090545006,153.7039239862551,7336300
2021-08-20,154.468017578125,154.67055142273173,152.28619230802383,153.06871071193999,4039100
2021-08-23,156.2447967529297,157.3311019289333,155.74766309314114,155.99622992303543,3796500
2021-08-24,156.48411560058594,157.3034518217577,155.48066156346445,156.13429596446818,3133100
2021-08-25,156.35523986816406,157.1377581858175,156.06985513148496,156.50253974751124,3003800
2021-08-26,153.66709899902344,156.06067316443063,153.06871248131733,155.93178926612663,4069600
2021-08-27,154.5292510986328,154.98109607455777,153.33048933816573,154.24339544731117,3012400
2021-08-30,154.94422912597656,155.29464014817043,153.5979382720754,154.81513254997958,3537100
2021-08-31,151.91046142578125,154.6214896800312,151.41250741037754,154.50162332633738,7545600
2021-09-01,151.74447631835938,153.64404641670362,151.3018614581803,152.07644098111186,4706500
2021-09-02,150.9237823486328,152.54671282371174,150.11231007585724,152.37152137433722,4632100
2021-09-03,150.5733642578125,151.38483649258802,149.58670058186638,150.49037661665724,4254500
2021-09-07,149.9739990234375,151.09898957046752,149.30085355528752,150.951446597306,5648800
2021-09-08,148.19430541992188,149.4668248354861,147.30906167518538,149.38383719173729,6591700
2021-09-09,150.6194610595703,153.21062260813906,150.4903644935713,152.38993428061582,8414800
2021-09-10,150.8500213623047,152.75882175394696,150.71170861094214,151.45862560924627,4252100
2021-09-13,147.0969696044922,150.2321801451865,145.9996416941078,148.97809311481453,8814500
2021-09-14,146.39614868164062,146.97709030223513,144.8377736286241,146.77422224648694,5323900
2021-09-15,145.6123504638672,145.99042402193186,143.5467912380595,145.23427690580252,6827100
2021-09-16,145.32647705078125,146.62665877287083,144.95761969625954,145.31724682287486,5085900
2021-09-17,144.23838806152344,148.46171045740178,143.91565365498593,145.65846447579744,7944800
2021-09-20,142.2373809814453,143.17794977434468,140.45769149349394,141.757873391079,7041200
2021-09-21,142.9474639892578,143.97102074260047,141.61960505838348,143.01200526120203,5857900
2021-09-22,145.17897033691406,145.69535669163406,143.48226829412752,144.57958226267107,6844800
2021-09-23,147.15232849121094,147.807027667955,145.9443501176491,146.3500863192522,11981500
2021-09-24,137.9402618408203,140.0242670982906,136.47409086318908,139.2773362682916,26913300
2021-09-27,136.51100158691406,138.2353801398709,135.81940974799593,137.86652271683138,11479300
2021-09-28,133.98440551757812,136.0407348058482,133.70776594635313,135.8655292750566,10692300
2021-09-29,134.64830017089844,136.4187732719493,134.34399812799558,134.36244451345104,7794900
2021-09-30,133.9197998046875,135.99457470260765,133.1728830927111,134.51918766192287,10133600
2021-10-01,135.6072998046875,136.4740969963448,133.12678862827616,133.91059819191585,8112300
2021-10-04,135.6810760498047,136.12369081860962,134.40854276021193,135.60730457659224,7951000
2021-10-05,137.8204345703125,139.24049702445458,136.30815423829628,136.47412953390253,10881900
2021-10-06,137.21180725097656,137.8204113733756,136.0222615507902,136.47410656356593,7610700
2021-10-07,140.0242919921875,141.6933312840062,138.5581066834252,138.59499945886904,7958000
2021-10-08,140.605224609375,140.9648517953373,138.93618525733277,140.36547784222404,6333700
2021-10-11,138.5765838623047,141.6288074315644,138.37371576370063,140.15341970682272,5551200
2021-10-12,141.40748596191406,141.6380165786955,139.51713209021196,140.54990475084162,7408600
2021-10-13,144.12771606445312,144.4688968076011,141.2322526502653,142.30191787855622,8456300
2021-10-14,144.90231323242188,146.11952155306565,144.08162486003795,145.86131433648296,6024500
2021-10-15,145.70457458496094,145.99966054572494,144.36749974262253,145.51093673487347,5532100
2021-10-18,147.01397705078125,147.05086982864734,143.80499482956483,145.0590819380418,5765300
2021-10-19,145.52935791015625,147.47502258613048,144.58878916127824,147.24449199565345,6198200
2021-10-20,146.11029052734375,146.433038993459,145.06830178995753,146.1563994611418,4487000
2021-10-21,149.54978942871094,149.69733237517116,145.9535180491797,146.11027715336752,6121700
2021-10-22,150.7485809326172,151.7998000098428,149.64203675719116,149.64203675719116,5323000
2021-10-25,151.43092346191406,151.901200764049,149.99241494200058,150.5180173302138,3878200
2021-10-26,151.03445434570312,152.56518123742825,150.41663389263982,151.98425356780186,4711200
2021-10-27,149.7065887451172,151.2834102905369,149.07032198906379,150.90533670063962,4163900
2021-10-28,151.6522674560547,151.78136403890713,150.13075693978783,150.31517861950957,3762000
2021-10-29,154.2618408203125,154.57537311099978,150.30594215341665,150.36126724281135,6740600
2021-11-01,153.37661743164062,155.6542608400034,152.97088133243042,154.7321384583333,3610800
2021-11-02,154.7598419189453,155.06414407380316,153.1737898775209,153.77316395587826,5038000
2021-11-03,159.06605529785156,159.40723595739058,155.51587973982905,155.83862808890964,7176700
2021-11-04,161.77716064453125,161.9523661567205,158.60505724829,158.79870914872853,5460100
2021-11-05,163.68594360351562,165.15212892601602,161.83248262852442,162.0445668426646,5892200
2021-11-08,158.46673583984375,162.79147796125147,157.0927684351355,162.61628652912188,8301100
2021-11-09,160.2833251953125,160.38474515347835,157.63682429194682,157.9134638310005,4343000
2021-11-10,155.1563262939453,158.76182863445632,154.50162720048053,157.89503123592195,8185200
2021-11-11,153.96678161621094,156.39196808372682,153.6532633702769,156.39196808372682,4994900
2021-11-12,155.92172241210938,156.465771422773,154.36333281336476,154.455550710636,5126300
2021-11-15,155.70037841796875,157.0927782262298,155.39607632666568,156.48417404362363,3856700
2021-11-16,158.44830322265625,160.44930726270576,156.069225598925,156.069225598925,4401000
2021-11-17,158.3653106689453,159.28743309589055,156.99134318742713,158.23621409199185,3940200
2021-11-18,158.0056610107422,159.9513396176648,157.09275487254718,158.90933692087881,4044200
2021-11-19,161.26077270507812,163.4000893947794,157.24953456499,158.74336837721552,6145600
2021-11-22,160.6706085205078,163.90725300821182,160.66137829160851,161.3529700764533,5906400
2021-11-23,158.7433624267578,159.9236779500329,157.13887848724343,159.57328101280714,5302100
2021-11-24,158.63270568847656,159.00154899783215,154.6122517064312,155.36839878222162,4637600
2021-11-26,154.93499755859375,156.46570993019128,154.49236871022015,154.97187626072318,4751100
2021-11-29,156.64096069335938,157.8212764891953,156.0508027954414,156.60408198057195,5448700
2021-11-30,156.06002807617188,158.19012895155026,154.48319229789996,155.6450616652499,11033700
2021-12-01,153.71780395507812,159.86835878222072,153.6993575670235,157.58149912994583,6618200
2021-12-02,156.7607879638672,157.26795803313829,153.99442111744602,154.25261423080778,4398900
2021-12-03,157.26429748535156,158.954816417867,154.04953323871757,157.6153242672214,4878500
2021-12-06,156.03561401367188,158.1603098909644,155.25039572344704,157.80926913593336,5636900
2021-12-07,158.23423767089844,160.13723592256127,157.4120742026955,158.06796407083462,5898700
2021-12-08,157.2734832763672,158.69609771591095,156.8947302420294,158.16955065235726,5614400
2021-12-09,155.287353515625,158.12334950518476,155.18573719768102,156.38663937878164,5171600
2021-12-10,156.1741943359375,157.264261715287,154.5760593965389,155.65687995757216,4791100
2021-12-13,154.12339782714844,156.47903882111348,152.66382424694956,155.94324491731192,5972300
2021-12-14,152.79318237304688,154.3451398591857,151.69389618607755,153.615345880136,4872200
2021-12-15,151.4075164794922,153.0426108115924,149.4860667360814,152.42367998435952,7144600
2021-12-16,150.3174285888672,153.2920002451973,150.14190819676088,150.29894904870886,7138100
2021-12-17,149.06112670898438,150.44679657275316,148.31286723787127,149.31055123127632,7705100
2021-12-20,145.0149688720703,147.43528186390006,143.62006625794444,147.19509006179308,8411900
2021-12-21,153.92941284179688,158.14184593419225,152.1557575447756,153.9848373673664,13862900
2021-12-22,152.8301239013672,156.11877755187194,151.58301560214574,154.49293026840903,5811300
2021-12-23,153.04261779785156,154.41905495441182,152.83015236286673,153.57841184344355,3876900
2021-12-27,154.8070068359375,154.90862316874922,152.8670637898084,153.82780259016639,3769300
2021-12-28,153.7353973388672,155.42591567634753,153.62454829895302,155.01021768091155,2658600
2021-12-29,155.91555786132812,156.85781723039972,153.9017246071728,154.33590225293315,3830900
2021-12-30,154.72384643554688,157.15337713808836,154.4559424645764,155.48133835893861,2666800
2021-12-31,153.96636962890625,154.93634118800205,153.54143883646148,154.78853304464718,2752000
2022-01-03,152.11880493164062,155.11185630148643,150.86246394753053,154.76081549694158,5670500
2022-01-04,153.70774841308594,154.43752838615134,152.42369482054943,153.23662570357007,6064200
2022-01-05,149.88327026367188,154.28045697012294,149.74470893408994,153.8001016303983,5021000
2022-01-06,148.76547241210938,150.75160716750716,146.93639260546814,149.73544388839582,4144600
2022-01-07,145.00572204589844,148.85788227215596,144.904105700065,148.51608824333516,5108000
2022-01-10,138.97341918945312,139.7955825519148,137.4399415169823,139.0473232563413,10439000
2022-01-11,138.84408569335938,139.34292050753996,136.34988343093858,139.01035926616657,8175400
2022-01-12,140.60853576660156,141.76326056757117,139.25057827300037,140.5346316878481,6351200
2022-01-13,138.18817138671875,141.89253618597266,137.66162440393288,141.52301593021755,4990900
2022-01-14,136.88568115234375,137.49537919065153,135.65706644815498,137.0796811084456,6030500
2022-01-18,135.7494354248047,137.48614591638477,135.14898420799793,136.7748315412094,6931000
2022-01-19,134.04966735839844,137.7355532853996,133.9665305717747,136.49767782515724,4823800
2022-01-20,131.85105895996094,136.14664257692323,131.63859359780832,134.37298742835952,5366500
2022-01-21,132.0543212890625,135.20441383055527,131.9619517653313,133.31990921645547,7553400
2022-01-24,134.87184143066406,135.15821089344865,128.92269767662,130.0774223464031,9733200
2022-01-25,134.39144897460938,136.68243247552857,131.64782250204485,133.9203264646037,8195400
2022-01-26,133.0150604248047,137.61547994937595,131.85108883846837,136.51617971595223,7444600
2022-01-27,133.61550903320312,136.1189584806917,132.63630470547142,133.93883759987426,6396400
2022-01-28,134.7886962890625,134.89954533985284,129.8926611732742,133.13512277072425,6130200
2022-01-31,136.78407287597656,136.88567511545287,134.15129497851444,135.1212665247247,6932200
2022-02-01,136.92262268066406,138.27133309406497,135.61085725162306,138.10505952080692,6695000
2022-02-02,137.37527465820312,138.06810937908304,136.28520736755766,137.04271342835042,5491700
2022-02-03,134.23440551757812,137.14431958706638,133.9203238503721,136.1651014136918,5240200
2022-02-04,134.308349609375,135.31526624626147,132.6917348985757,134.2898700658669,4313400
2022-02-07,134.07740783691406,134.98270814966202,133.2275320602459,134.22521599696816,3877500
2022-02-08,132.590087890625,134.4099348718774,131.45384290346888,133.7078674343049,5829400
2022-02-09,135.11203002929688,136.1281934593021,134.56700332400374,134.97346869600582,4551000
2022-02-10,133.78184509277344,136.29451407639428,132.88577723968058,132.98739361773542,5142600
2022-02-11,129.4954376220703,134.00348727905123,128.92269869199035,133.7263505369686,6710500
2022-02-14,130.7979278564453,132.29446013813285,129.13512204110117,129.40302597299987,6841200
2022-02-15,134.48387145996094,135.16747361939647,133.1166812368516,133.2275303075529,7820200
2022-02-16,135.32449340820312,135.74942417683124,133.587783060524,133.96653612073226,4817500
2022-02-17,131.91575622558594,135.71249170888726,131.76794807688182,134.44690381727955,5202300
2022-02-18,132.0543212890625,132.96886837729755,131.00121286735,132.44230711856065,5177400
2022-02-22,127.65711212158203,130.84414909574815,125.7818405592615,130.79795729408454,9604500
2022-02-23,126.40080261230469,130.22525074987132,126.10518628487813,129.01510136296375,7636600
2022-02-24,126.71485900878906,126.94580393242448,120.95046864037565,122.86269937404145,8417200
2022-02-25,128.2206573486328,128.60864322848406,125.80959116288628,127.60172648583944,5424500
2022-02-28,126.14214324951172,127.83266209213872,124.74722663357117,126.6132659056817,6613300
2022-03-01,122.14213562011719,126.32685593589046,121.15368471630052,126.29914367650846,6534000
2022-03-02,125.33842468261719,126.1975471454251,122.65023643080607,122.84422227689318,7743900
2022-03-03,123.75879669189453,126.37309555026509,123.27842718791588,126.31767101052965,4576500
2022-03-04,121.45794677734375,123.717115120167,121.01352461860128,122.68937916512611,7084500
2022-03-07,115.21746826171875,121.31906484649278,114.96747462556911,121.29128934557895,11383400
2022-03-08,112.22684478759766,116.1711282802853,111.84723451225268,115.95817100585101,9089400
2022-03-09,117.54145812988281,120.04135246522502,117.24517430447956,117.93959018251502,8845100
2022-03-10,116.68961334228516,117.21736899283258,114.81006264058051,114.82857728447611,7167400
2022-03-11,113.54158782958984,118.39324368260371,113.43048584441152,117.59697982367248,5882000
2022-03-14,108.85662078857422,113.37495039513617,108.09739312796415,112.52313537376152,13884900
2022-03-15,110.55098724365234,111.49538954210426,109.02327120254401,110.95837300770896,10431300
2022-03-16,115.91188049316406,116.76369546027878,112.89348468956094,113.74529965667566,11100400
2022-03-17,117.96735382080078,117.96735382080078,114.53230427906315,115.68041009922902,6845300
2022-03-18,121.51351165771484,121.71720809003489,117.309973421211,117.44885799451674,10350900
2022-03-21,120.54132843017578,122.50420593919404,119.08767788130504,120.1061600574518,14388500
2022-03-22,123.22637176513672,128.69837062635446,123.13379148604419,127.10584289556428,19731200
2022-03-23,123.14307403564453,125.36519904376385,121.47647321559191,122.809753871634,8068800
2022-03-24,122.29127502441406,124.24489905049667,121.47648915482795,123.83750611570362,5853800
2022-03-25,123.79119873046875,123.94859796454556,121.94869101021374,123.1893772985323,6287000
2022-03-28,124.81893920898438,124.86523642722227,122.37459584205374,123.84675413769807,5804100
2022-03-29,128.82801818847656,129.3928102688997,126.80032179928654,127.63362923305088,7275900
2022-03-30,128.2724609375,129.4946393418497,127.36509505204016,128.6798537389499,5545800
2022-03-31,124.58745574951172,128.42989846186057,124.53190474392314,127.61511270542493,7206500
2022-04-01,123.62451171875,125.25406874820668,122.91157433739636,124.48558037338293,5807500
2022-04-04,124.38375091552734,125.1892828259735,123.01344106776429,123.1893619922057,5307300
2022-04-05,122.49493408203125,124.69853699500031,122.23568668050548,124.10596948752372,5707800
2022-04-06,118.84693145751953,120.64315564016911,116.96738078258375,120.41168374298073,6961000
2022-04-07,119.7913589477539,120.34688310862487,117.67106813584188,117.98587363709076,5320500
2022-04-08,118.65249633789062,120.30057521967797,118.40250978128917,119.84689931442007,4877400
2022-04-11,115.71743774414062,117.46736477913596,115.10634852482825,115.82853973749783,6365400
2022-04-12,115.77300262451172,118.606223882238,115.1248769750353,115.92114098807363,5146800
2022-04-13,118.04143524169922,118.38401627536261,115.77301292658302,115.77301292658302,5119300
2022-04-14,123.5689697265625,124.4207846536412,119.33765646200322,119.51357737275545,12811300
2022-04-18,121.87459564208984,123.5041528167165,120.65241716517662,122.21716955095599,5298200
2022-04-19,126.89293670654297,127.29106171330844,122.93939150539893,123.22641448756525,7346100
2022-04-20,125.80036163330078,128.37432839817808,125.60593312120768,127.73547773051801,5309700
2022-04-21,125.4207534790039,128.82801341786268,125.06891163369292,128.28174306808776,6562400
2022-04-22,119.50431823730469,124.93000596164144,119.1709981391892,124.37448188339792,7321700
2022-04-25,118.45806121826172,119.38394881367984,115.59706487515962,118.32843752002012,6512500
2022-04-26,111.58798217773438,118.13400791551405,111.55095288612699,117.54144035432039,7977900
2022-04-27,112.25462341308594,114.8100754576331,112.11573884449788,112.11573884449788,6007800
2022-04-28,117.63404083251953,118.48585586260236,113.51383612872772,114.04159186084023,6551600
2022-04-29,115.45819091796875,118.9302697193988,115.04154428738211,116.86554414796734,5867900
2022-05-02,116.73592376708984,116.82851112497605,113.69901321906161,115.20820763809833,5428400
2022-05-03,113.75455474853516,116.4396302874216,111.31021197127686,115.7544683554001,8201200
2022-05-04,116.71741485595703,116.84703858400432,111.18060971804161,113.45829287882552,6924000
2022-05-05,109.83805084228516,115.50448587893129,107.88442730959667,114.91191834014032,8411600
2022-05-06,106.00486755371094,107.3103724383385,102.45872347428175,105.31045186545244,11237500
2022-05-09,102.96797180175781,105.94933137036226,102.39391887618788,104.59753615591951,7506000
2022-05-10,101.37541961669922,105.03267945192212,100.31990843994147,104.65306218914313,7526900
2022-05-11,99.92180633544922,102.91242693747256,99.6162616763271,102.49577320304337,6611800
2022-05-12,99.90327453613281,101.7365280481938,97.21819905422377,97.38485910658949,10245400
2022-05-13,104.63457489013672,104.72716225082634,100.61621844774884,102.08838361937639,9618800
2022-05-16,104.25495147705078,105.0327008024202,103.29202744104992,104.60679331679792,5722500
2022-05-17,107.31037902832031,108.42144137218011,104.69011530836246,106.94002255904634,6026100
2022-05-18,101.26434326171875,104.9586333151485,100.71806582943802,104.16236930468014,8188300
2022-05-19,98.5514907836914,101.02360929086767,98.40334535838095,100.87546386555721,7702000
2022-05-20,99.9958724975586,101.56062498507177,97.28302122964966,100.61621556677575,7621900
2022-05-23,100.57917022705078,100.69027928515035,97.97742825955288,99.50514425460274,7136400
2022-05-24,99.3385009765625,99.98661959836487,96.96823051515588,99.17184089324715,6023400
2022-05-25,100.18104553222656,100.81991030070648,95.79233984640199,95.79233984640199,7158800
2022-05-26,104.56976318359375,105.08825805538126,101.8476509787836,101.8476509787836,6520300
2022-05-27,107.39370727539062,107.41222898433531,105.56045367175146,105.75488923189731,5043000
2022-05-31,110.041748046875,110.91208471619518,105.96784089051891,108.79180110652862,13774600
2022-06-01,109.88434600830078,111.80093315119129,108.89364651055472,110.94911821300931,5543100
2022-06-02,114.26380157470703,114.42120078439845,110.4213663035269,110.65283822270688,5838100
2022-06-03,112.2635726928711,113.73938526390948,111.38180291901462,111.57672022434717,5201500
2022-06-06,111.59527587890625,113.36809903658055,110.8527277730076,112.77406338444705,3963400
2022-06-07,112.93185424804688,113.21031156229816,109.95239214399832,110.13803271398706,5373600
2022-06-08,113.60943603515625,114.92745228624855,111.79947755828123,112.21716355208194,4365800
2022-06-09,110.08234405517578,113.26600744945574,110.07306025571562,112.63484363398302,3892600
2022-06-10,106.49027252197266,108.6807744686186,106.05402605972316,108.6807744686186,6292600
2022-06-13,102.50838470458984,103.97490634416269,101.39456246470972,102.4619727890458,6423100
2022-06-14,102.76825714111328,103.85422780002907,102.109249123785,102.44339503136877,4548400
2022-06-15,105.29291534423828,106.48098657315815,103.22306741030283,104.10484411531841,4828700
2022-06-16,99.42681884765625,102.00716264842856,98.12736314815156,101.64517237890806,7384800
2022-06-17,99.63101196289062,100.75411795783582,98.24802332813603,98.52648064747949,10256800
2022-06-21,100.87477111816406,101.93289751844671,100.28073549279357,100.6705700441686,6211400
2022-06-22,97.38481140136719,99.2226140782083,97.09707737253196,97.83034168351351,9884000
2022-06-23,100.24362182617188,100.3364385782366,96.91145298123809,97.46836057509063,8898400
2022-06-24,104.80099487304688,104.82883918987729,101.73799255534907,102.03501040398017,10463700
2022-06-27,102.56407165527344,105.0794430605728,101.95146837117092,104.1791057329176,12644700
2022-06-28,95.39849853515625,105.85910856480082,95.12004831915331,100.42924083445301,31296500
2022-06-29,95.83477020263672,98.02527980235706,94.23829638438647,95.59344095345666,10326600
2022-06-30,94.86014556884766,95.95540001173131,93.54212955088371,94.61882347978685,9027400
2022-07-01,93.91341400146484,95.13861342277274,92.38191295446408,94.34037668509873,7934300
2022-07-05,96.82791137695312,96.88360001099592,92.92026740225134,93.23584577044602,9948800
2022-07-06,96.744384765625,98.12737355954111,96.02039706830449,97.35698102463206,6432900
2022-07-07,100.3642807006836,100.50350936646778,97.70968057719772,98.06239414137954,7633900
2022-07-08,100.17864227294922,100.80980605618915,98.8606260754806,98.92559850545543,5938600
2022-07-11,97.5611801147461,99.3989759351168,97.33841848713301,98.94416887997963,4935200
2022-07-12,96.30812072753906,98.2573005888479,95.74192940895679,97.46834767849234,6017400
2022-07-13,97.5611801147461,98.27587691567592,94.26613221131821,94.61884579329208,5299400
2022-07-14,95.80689239501953,96.34523934676928,94.53528123274084,95.70479186687862,6951300
2022-07-15,97.18060302734375,98.03453541394656,96.46590636752231,97.2362987343489,7862000
2022-07-18,96.47520446777344,99.01842024552411,96.23387525220956,98.56361321275935,6834800
2022-07-19,101.34815216064453,101.71014242166554,97.85818732772383,98.01597650171479,8973900
2022-07-20,103.1302719116211,103.61292329221673,101.05114683284326,101.37600901992346,5884600
2022-07-21,103.6036376953125,103.65004252865326,102.16495331393389,102.44341063983425,4291400
2022-07-22,101.28318786621094,103.89137613112152,100.9397580939435,103.89137613112152,6039300
2022-07-25,101.43167114257812,101.7379727309556,99.94658218880315,101.7379727309556,5079500
2022-07-26,97.64469146728516,100.17863009110076,97.05993966861828,99.76095124654768,8459500
2022-07-27,100.1136703491211,100.59632167687941,98.15520655952506,98.66570928438233,7437000
2022-07-28,104.16983795166016,104.32762714511489,100.27147046380408,101.57092629308944,6773500
2022-07-29,106.66663360595703,106.93580713445354,103.49225405990416,104.66176492267354,7560000
2022-08-01,106.09115600585938,107.25138296532212,105.11656252732531,105.81269870300297,4802900
2022-08-02,103.74287414550781,105.60852150091635,103.6500573840596,105.41360417743562,6334400
2022-08-03,106.07259368896484,106.8337023290003,104.49468777813594,105.27435693460282,5986500
2022-08-04,106.25824737548828,107.06576094700127,105.65492783577844,106.40675276966007,4332000
2022-08-05,105.69204711914062,106.09116551221757,104.48540814059244,104.68960923678958,4162200
2022-08-08,105.81270599365234,107.27923467101043,105.17225840183285,105.81270599365234,6071600
2022-08-09,102.20207977294922,103.72429707854681,101.00472462132726,103.32517869467281,7377600
2022-08-10,105.01447296142578,105.6549205760384,103.82640156382749,105.10728971158862,6951800
2022-08-11,105.90553283691406,108.365215811235,105.56211013264746,106.62951344548799,5582100
2022-08-12,107.7340316772461,107.7897203038946,105.59921129051969,106.17468639791926,4407900
2022-08-15,107.9660873413086,108.2074165488639,106.6016592068291,107.15856677071807,4279000
2022-08-16,109.58112335205078,109.96168122771991,107.4927146391864,107.61338278584442,6189800
2022-08-17,108.63438415527344,109.50687719635195,108.04963224900875,108.383771137257,5108400
2022-08-18,107.67835235595703,108.30023234548432,107.01934425163446,107.66906855689226,4750200
2022-08-19,105.03303527832031,107.34420552402983,104.9123671358592,107.20497686505519,5967600
2022-08-22,102.4155502319336,103.65931720834554,101.95145945057128,103.04671397784487,5802900
2022-08-23,102.73114013671875,104.72673200011069,102.62903959383844,102.87964551088596,4806700
2022-08-24,103.40872192382812,104.35546409920752,102.11854290417453,102.73114619759842,4769000
2022-08-25,105.08872985839844,105.20010712671221,103.39015570197179,103.8635303366978,5433700
2022-08-26,100.50350952148438,105.56210384301825,100.45710468712748,105.1722621619284,6203600
2022-08-29,100.13224792480469,100.7448512989999,98.79567097636375,99.13909370298985,4132400
2022-08-30,100.1136703491211,102.1742346836886,99.43609464898906,101.14395251640484,5129500
2022-08-31,98.80491638183594,100.25288431582617,98.21088079713427,100.2064724089271,8884800
2022-09-01,98.84205627441406,98.89775198562519,96.34525259406387,98.20161578792664,5590800
2022-09-02,98.42781829833984,100.67116431067896,97.78553831578314,100.02887722631904,7763800
2022-09-06,97.8786392211914,99.0515093374099,96.51029193590391,98.14858591232607,9158900
2022-09-07,100.9783706665039,101.052833091803,97.73901725552655,97.81348678263062,7238300
2022-09-08,101.21107482910156,101.2669234192323,98.74432697246351,99.60070516288893,5628300
2022-09-09,103.2961654663086,103.96637691455194,101.74165158606883,101.81611400113718,5171500
2022-09-12,104.60865783691406,105.52089167167131,103.67781017368605,103.67781017368605,4836900
2022-09-13,98.40922546386719,101.37863206490645,98.14858922963266,101.31346590454307,5955600
2022-09-14,99.60069274902344,99.93579845165041,97.87862611718141,98.79085278404098,4888700
2022-09-15,98.20443725585938,100.66187473847774,97.58077097013681,98.80948971144599,6598900
2022-09-16,96.91986083984375,98.0089508967567,96.11002081962938,96.87331561615864,8000800
2022-09-19,99.79618072509766,99.9451197654568,96.18449421804067,96.51959995704438,5162300
2022-09-20,95.3374252319336,97.21774167146584,94.67652417900645,96.64061350750752,10006600
2022-09-21,92.88928985595703,96.46374150044673,92.87066892554382,95.57012858932431,6279300
2022-09-22,91.73503875732422,93.28024216353948,91.06482731296907,92.88928785493364,9638800
2022-09-23,90.31084442138672,90.79488922218637,88.74701993738067,90.21776106794206,9026500
2022-09-26,89.41722869873047,90.97174977091012,89.09143342077824,89.44515299372574,8521600
2022-09-27,89.6313247680664,90.98105107552189,88.43053039781638,90.35738482872821,9890300
2022-09-28,91.87467193603516,92.55419393202517,90.06883209386521,90.39462739257075,9423300
2022-09-29,88.73771667480469,91.32547225327136,87.94649751691307,91.32547225327136,19339200
2022-09-30,77.37208557128906,80.23909191218722,76.79495727511667,77.53963848941612,48176100
2022-10-03,79.4944076538086,80.49041456727488,76.53431121256585,77.38137906145882,19108200
2022-10-04,82.51034545898438,82.91061028267373,81.0861495124493,81.63534628584837,15114800
2022-10-05,84.80021667480469,85.35872382587203,81.12337142029124,81.43985620190136,12732700
2022-10-06,83.93453216552734,86.23372703208994,83.59942643831475,84.2324031339603,9951900
2022-10-07,81.1326904296875,82.62204535665697,80.6951908663705,82.41725772261032,8554700
2022-10-10,80.69520568847656,81.7098264775949,79.1872295531697,81.69121264462825,7991200
2022-10-11,81.9052963256836,82.14731874334791,79.8201992322049,80.0901459477141,11903200
2022-10-12,82.38933563232422,82.73374475170671,81.27231408084955,81.91460129540236,8772900
2022-10-13,83.36672973632812,83.59944169481659,80.09945895245002,80.41594380712775,9335000
2022-10-14,81.4957275390625,84.59544530840078,81.43987184196638,84.25103616836603,7811700
2022-10-17,83.74835968017578,84.41857108823937,82.56617925156262,83.33878446373612,8451900
2022-10-18,83.47842407226562,86.48506534197337,82.9850759154261,86.1964977186524,7364700
2022-10-19,82.44519805908203,83.53428839553709,81.69121353412174,82.15663748321938,5102000
2022-10-20,80.82550811767578,84.31618701954909,80.62072048581051,83.28294549645024,13500000
2022-10-21,82.3800277709961,82.64066401070595,80.71380940793111,81.00236994449489,7976300
2022-10-24,81.92391967773438,82.69651798087429,80.27631503818577,81.71913201841825,8847100
2022-10-25,85.37735748291016,85.57283465983434,81.81220886605267,81.94252698400213,8639900
2022-10-26,86.00101470947266,87.82547527022435,84.42787989204015,84.50234940924733,8648200
2022-10-27,84.2789535522461,87.0156481258848,83.98108256545446,86.45713381157154,8617900
2022-10-28,87.34143829345703,87.3879764157216,84.20447909921818,84.89330438424898,6022400
2022-10-31,86.2709732055664,87.39729817591139,86.2709732055664,86.56884421341132,6426400
2022-11-01,87.28558349609375,89.7895660183265,86.5409096160148,89.07281643225242,7250700
2022-11-02,84.05555725097656,87.90926648635879,83.95316342718291,86.68985106712663,7176600
2022-11-03,84.14863586425781,85.27496076068192,82.58481140025481,83.74837105794143,6550300
2022-11-04,89.16590118408203,91.43717182297898,87.45313773949299,87.91856158505027,12543300
2022-11-07,86.97840881347656,90.17121661504963,86.26165212845584,89.64993708908797,9094500
2022-11-08,87.26697540283203,89.38930710834016,86.51299100792905,87.90926261437436,7017800
2022-11-09,85.7310562133789,87.40658461045986,85.60073812713962,86.26163902215403,6550900
2022-11-10,92.61004638671875,92.78690974273486,89.57548764733748,89.66857100773353,9361000
2022-11-11,98.75362396240234,99.79617588898127,93.21508327537347,93.37332567173338,12597500
2022-11-14,97.17118835449219,99.07942893150474,97.1060293012276,97.9251726996688,7134900
2022-11-15,99.33074951171875,101.75095192367203,98.23234902682715,100.5222333390309,7242900
2022-11-16,97.95310974121094,99.2283665860065,97.5249135358731,97.97172357101473,5998700
2022-11-17,98.0741195678711,98.11135433011034,95.80284878391039,96.9105598796625,5252900
2022-11-18,98.12995910644531,100.27091157593777,96.96639952559161,100.18713159317818,5498900
2022-11-21,96.6499252319336,98.18582546593586,96.43582712099553,97.37598535300252,4774800
2022-11-22,98.64192199707031,98.81878531488243,96.65921205007145,97.38527914865634,5313200
2022-11-23,99.2749252319336,99.58210672875153,97.95312298125738,98.66987270536036,3873100
2022-11-25,98.63262939453125,99.76826481640924,98.26028886414102,99.0887428158117,3426100
2022-11-28,97.7017822265625,98.94912194584983,97.41322168707434,97.9717289352277,6967400
2022-11-29,98.90255737304688,99.43314022029367,97.85070214304635,98.08341404274763,8494400
2022-11-30,102.10468292236328,102.10468292236328,98.15788369879819,99.67516994200324,16251000
2022-12-01,103.42650604248047,104.12464193579117,101.97438565697199,102.47703725056681,7822900
2022-12-02,104.76168060302734,105.23787206787458,101.15757933682427,101.44703268239158,5892000
2022-12-05,102.35273742675781,103.76262674806459,101.95124402020474,103.65991863543915,6220100
2022-12-06,100.7747802734375,103.20241183278127,99.67300809572562,102.38075400267218,7086100
2022-12-07,101.14826202392578,101.88588981172477,99.96245271209062,100.2052180010937,5751500
2022-12-08,103.97737121582031,104.0987502801306,101.26962576386198,101.40034387115078,6192800
2022-12-09,102.1659927368164,103.99605356280198,102.01660365081929,102.91295953761202,5677700
2022-12-12,104.64030456542969,104.73367362777111,102.43676050087846,102.800904830532,6426000
2022-12-13,105.36859893798828,108.72993522975636,103.87467248871394,107.94562651523854,8655300
2022-12-14,104.0614013671875,106.55439869910123,102.922287448418,106.16223725312213,7528500
2022-12-15,101.31632232666016,102.35273535225366,100.58803363269784,101.95124195383814,7500700
2022-12-16,98.926025390625,100.47597885128046,98.1510557838999,99.78503926120162,14083600
2022-12-19,96.21829223632812,98.51520542217254,95.65806360069527,98.02967488777114,10620300
2022-12-20,96.36768341064453,96.54508962402606,94.93911603064409,96.17160623335066,17147900
2022-12-21,108.10435485839844,111.27895302170774,107.6935224126751,109.01938881743588,32777300
2022-12-22,108.97270965576172,109.07541777561288,106.4983899819357,106.71314526624371,17147600
2022-12-23,108.5431900024414,109.40219676419392,108.10434757835402,108.41247189189659,6603700
2022-12-27,109.7663345336914,110.36390503866266,108.14169016852594,108.74859971615054,6661100
2022-12-28,107.35738372802734,110.40125632329234,107.33870564234212,109.78501484412674,5437800
2022-12-29,109.57025909423828,110.24252770375178,108.12302089882678,108.38445710839261,4588600
2022-12-30,109.25281524658203,109.47690243392744,108.09501601082377,108.83264375625576,4355500
2023-01-03,110.87745666503906,111.56839629512183,109.65430552790825,110.6907185348339,8124800
2023-01-04,113.17437744140625,114.12676049062061,111.6057528223504,112.00724624043026,8550700
2023-01-05,112.62348937988281,114.22945584940106,112.1192878710933,112.30602600459912,6046700
2023-01-06,116.27424621582031,117.0492228335803,113.69721922561686,113.91197444296782,10080700
2023-01-09,116.57305908203125,118.21638175338734,116.29295187720223,116.71311624624741,9397900
2023-01-10,117.49742126464844,117.95494179490734,116.12488104468093,116.90918974180522,5899900
2023-01-11,119.45819091796875,119.75696903673455,117.65614042142437,117.94558662145516,6989200
2023-01-12,119.4115219116211,119.94374055585106,118.07632358813949,119.84103244453685,8366400
2023-01-13,120.3078842163086,120.66268239655612,118.26306816917185,118.26306816917185,4856500
2023-01-17,119.64495086669922,120.49462578444694,119.35550461382417,119.51423274452317,6172200
2023-01-18,118.04830169677734,120.06510042111718,117.64680833576674,119.3274798757187,6828800
2023-01-19,116.27424621582031,117.1239209199286,115.4152395936197,116.51701143465148,5273500
2023-01-20,118.2257080078125,118.24437897000666,115.81674783942294,116.41431836007116,5673200
2023-01-23,119.78499603271484,120.21450655792553,118.15101957203545,118.48715390783325,5581600
2023-01-24,118.42179107666016,119.5235559911596,112.46474941149557,118.40311298993139,5486200
2023-01-25,118.4124526977539,118.5898589046583,116.55438197957633,117.51609686702096,5933700
2023-01-26,119.07537078857422,120.43858605142707,117.65614264144824,119.94372365225553,5838800
2023-01-27,119.07537078857422,120.05576366800624,118.30039410282146,118.64586743979133,5730000
2023-01-30,117.99229431152344,119.1033983317524,117.84289810371935,118.1136733876618,6494600
2023-01-31,118.8886489868164,119.37417241006956,117.65615877929339,118.03897409161937,7686900
2023-02-01,120.914794921875,121.58706364731762,117.85224372695082,119.42086837844901,6387900
2023-02-02,120.50395202636719,122.60478804983163,119.38350899662737,121.8018012665303,5214500
2023-02-03,119.15007781982422,120.84008133779805,118.05764484268985,118.3844401191485,4930200
2023-02-06,117.39471435546875,117.74018059213016,116.07818709281068,117.1986300674792,4666400
2023-02-07,117.021240234375,117.58146176596829,115.07913227615522,115.74206191962766,5288900
2023-02-08,114.76167297363281,115.87277696344182,113.72525996207769,115.20050829393546,5877800
2023-02-09,114.0800552368164,116.7317735073163,113.4451356740259,116.44232729255677,5929000
2023-02-10,114.12675476074219,114.50957007116875,112.5487911766932,113.45448608295557,5195500
2023-02-13,116.85315704345703,117.38536849405173,114.34148885408088,114.67762315167778,5689800
2023-02-14,117.83355712890625,117.98295333426219,115.53664389858224,115.73272107540956,4845900
2023-02-15,119.0287094116211,119.04738037611813,116.61974894611012,116.61974894611012,5687900
2023-02-16,116.13420104980469,118.7765873569003,115.88210388690831,117.11459394422887,4722200
2023-02-17,116.56370544433594,116.6103935344304,115.25652440491979,115.50862157006364,5161500
2023-02-21,113.07167053222656,115.77941637210127,112.95963049484374,115.10714765338992,5110300
2023-02-22,111.95121765136719,113.35177498531189,111.70845238554128,113.07166066908177,5022000
2023-02-23,112.00724029541016,112.75420707382936,110.69072007486017,112.75420707382936,4101900
2023-02-24,110.21453094482422,110.86812154728898,109.56093321875615,110.14917188457774,4693000
2023-02-27,110.67202758789062,111.87650762148515,110.47595043687788,111.35363521878448,4239800
2023-02-28,110.91482543945312,112.418091162816,110.03714039948605,110.86813733679791,8414100
2023-03-01,110.71871185302734,111.84849375476003,110.01843328490858,110.13047329670232,4120500
2023-03-02,111.65243530273438,112.007240605484,109.75701546748219,109.75701546748219,4443200
2023-03-03,113.24425506591797,113.33789036012146,111.44642455520187,112.48579275186516,3871800
2023-03-06,112.52323913574219,114.22742706957047,112.32660289075213,113.42215074594579,5183800
2023-03-07,111.98015594482422,113.31916139743994,111.64307030738752,112.55134053856405,5345700
2023-03-08,112.23298645019531,112.40153285190524,111.17489396074255,111.6805260219567,4175200
2023-03-09,110.36959838867188,114.10570131167509,110.06996118684556,112.43896893002153,5635900
2023-03-10,110.01378631591797,111.41833719236976,109.21787558137832,111.2685221470508,5979600
2023-03-13,109.42388153076172,110.7628870344862,108.42196882125566,108.45005869678796,6038200
2023-03-14,111.42769622802734,111.88651415337603,109.77032943585733,111.42769622802734,6050800
2023-03-15,110.6505126953125,111.0812407593301,108.4406854841509,108.91823476674399,6599200
2023-03-16,112.97270965576172,113.12252470028197,109.18978512474972,109.42387693624367,5658700
2023-03-17,112.72926330566406,113.98399925403646,111.11871034048664,113.45962868663618,12868900
2023-03-20,113.48770141601562,114.87352801086371,112.18615158373113,113.29106516192027,7594100
2023-03-21,117.6170883178711,118.03845071375514,115.14507940247732,115.64135289129209,15078800
2023-03-22,111.89588928222656,117.28936678265362,111.73670856013044,115.79118057251148,17625500
2023-03-23,113.2723388671875,115.42597909406986,111.86778809768893,112.80415527735464,7628100
2023-03-24,113.02887725830078,113.3004245877229,111.72732749777315,112.57942502912336,6158800
2023-03-27,110.31341552734375,113.36597454378172,110.1261449483365,113.31915332707257,6564200
2023-03-28,110.36959838867188,110.90332737767234,109.41449989640932,110.44450233119265,4461400
2023-03-29,112.8228759765625,112.89778706315066,110.95014167534482,111.09059817671903,5644000
2023-03-30,112.45770263671875,113.71243843688154,111.74606154325201,113.3285244443814,4578900
2023-03-31,114.83606719970703,114.90161261473311,112.92587734819978,113.22551455173536,5659400
2023-04-03,113.92779541015625,115.03270899094976,113.13188471963296,114.70498190001838,4838400
2023-04-04,115.81927490234375,116.0627252594136,113.63753735470547,113.65626155758945,5895300
2023-04-05,113.20679473876953,115.48216729700972,112.88842617922424,115.17316440966378,4331400
2023-04-06,112.570068359375,112.8228843655152,110.35087547561464,111.90524849027973,4256900
2023-04-10,114.15253448486328,114.15253448486328,111.54942753790712,111.70861539923641,3731200
2023-04-11,115.45408630371094,116.1844516253073,114.27426155287012,114.27426155287012,4471000
2023-04-12,115.7911605834961,116.91479826115041,115.37915676786292,116.8211629786649,4524900
2023-04-13,118.38490295410156,118.60962907719708,116.54025846490232,116.70880484320263,5355300
2023-04-14,117.9354476928711,119.37745405905453,117.50471963189396,118.91863612469636,4828700
2023-04-17,118.1601791381836,118.43172648318708,117.16762504929484,118.0103569572514,3917900
2023-04-18,118.17890930175781,119.18082196957192,117.06462999257492,119.13400789360462,3857700
2023-04-19,117.67327117919922,118.05718518269113,116.97099573820053,117.98227408777828,3547400
2023-04-20,116.53089141845703,117.37362330001955,115.83798171313434,116.85862564300298,3891600
2023-04-21,117.54218292236328,117.68263944243775,115.75372514142221,116.484090473111,3651400
2023-04-24,119.00289916992188,119.04035471366545,117.18635173380261,117.5234444835803,3790900
2023-04-25,116.7275390625,118.70326729024691,116.15635449663107,118.4785411616162,4383300
2023-04-26,115.95972442626953,117.02718973377446,115.44472669129752,116.30618290333173,4003200
2023-04-27,117.70136260986328,117.99164132050932,115.30426469228357,116.52154499700687,4252100
2023-04-28,118.65644836425781,118.98417544342496,117.00844015255575,117.18635220006699,4421400
2023-05-01,119.78009033203125,120.49172425935846,118.78754338755424,118.84372313341828,4112600
2023-05-02,119.1620864868164,119.46172369151783,117.205075412427,119.0590855279583,3831600
2023-05-03,118.67518615722656,120.21083505705758,115.80053891541812,117.50472706619844,4560100
2023-05-04,115.800537109375,117.22381934246005,115.00462636867209,116.98972752790536,6177100
2023-05-05,118.53472900390625,118.94673288779875,117.25191041910243,117.91673032198284,4887800
2023-05-08,118.8062744140625,119.56473674637752,117.96354960202501,119.16209854208431,3892600
2023-05-09,117.13953399658203,117.66390448064871,116.26871222444983,117.2987147042832,4082100
2023-05-10,115.65071105957031,118.41299135093865,114.39597533810024,118.25381064672601,5052600
2023-05-11,114.44280242919922,115.97844409389387,114.14316520545184,115.59453010576274,5923100
2023-05-12,112.56070709228516,113.48770867630017,111.45579344341004,113.29107240962519,6574200
2023-05-15,112.20488739013672,112.35470243277477,110.50069930962789,112.1955217174984,5518200
2023-05-16,109.06805419921875,110.34150701414562,108.73096143694215,110.0231455963926,8306400
2023-05-17,109.53624725341797,109.67669662989546,107.91632872019551,108.97442117184646,7765400
2023-05-18,111.30596923828125,111.5681509056075,109.41450353443109,109.95759821327239,5970500
2023-05-19,107.45750427246094,108.14104834313625,105.90313125666344,107.27022654192903,11674300
2023-05-22,103.16895294189453,105.66905200419163,103.01913073967117,105.66905200419163,12710300
2023-05-23,101.85801696777344,103.99293291697569,101.3055637808809,102.78501844173455,11790400
2023-05-24,101.39920043945312,102.15765555169736,100.37855652197118,102.06402026464114,8503200
2023-05-25,100.64075469970703,102.03593989534504,100.58456780710912,101.45538963126765,6729800
2023-05-26,100.6688461303711,101.54902649697408,100.19129682743936,100.19129682743936,7911200
2023-05-30,99.74182891845703,101.95165603583764,99.50773712334396,101.50220378981274,9335200
2023-05-31,98.5620346069336,99.41412522681152,98.15939633883936,98.97403140541593,21465200
2023-06-01,97.03575134277344,97.94402886616429,96.35220713958732,97.55075627168053,12025200
2023-06-02,101.25385284423828,101.85509987294314,99.70375993659016,101.11293400401028,11838200
2023-06-05,98.830078125,101.34780290845089,98.81129228988765,101.34780290845089,7434000
2023-06-06,99.76013946533203,100.2862288641564,98.83007934857115,99.10252054937106,7896300
2023-06-07,100.60564422607422,101.6860125922003,99.03676527016317,99.61922654455721,11123900
2023-06-08,99.76953125,101.00960426871147,99.27162417567784,100.67140905218169,9137600
2023-06-09,99.45011901855469,99.8446860660548,98.97099779377285,99.49709435787014,5795200
2023-06-12,100.36138916015625,100.38017499599157,98.2664136766998,99.85408558343455,7964600
2023-06-13,100.3144302368164,100.97204927756887,99.85410192549199,100.65263267664754,8460500
2023-06-14,106.02625274658203,106.53355624865057,100.97201789382684,100.97201789382684,17415500
2023-06-15,105.603515625,105.98868617064943,103.48975437230517,105.05863322634424,10374200
2023-06-16,106.7120590209961,107.81122031893251,106.21415196191717,107.09723673382648,14445500
2023-06-20,102.90728759765625,105.98868046674485,102.36240522832398,104.66406054673924,10602400
2023-06-21,103.3206558227539,103.67764404093543,102.12755098257216,102.52211803963026,8377800
2023-06-22,103.77159118652344,104.51375715359347,103.13276523812334,104.10979358081943,6002900
2023-06-23,102.88848876953125,103.611868776543,100.80291725118838,101.22566658806458,14329200
2023-06-26,104.97406768798828,105.4156100264415,103.02940783267385,103.02940783267385,6887100
2023-06-27,106.73084259033203,107.26632843997544,105.62229205647363,105.71623555918777,7138600
2023-06-28,106.18595886230469,106.86236354095709,105.3310636810405,106.47718586716847,6766000
2023-06-29,106.5053939819336,107.35089281058467,105.7914103444164,106.72146335639118,12465500
2023-06-30,103.6870346069336,105.45319692844468,103.15154872659994,104.83315687362139,19629600
2023-07-03,102.50332641601562,104.56072293189501,102.50332641601562,104.33524991136697,5734200
2023-07-05,100.61504364013672,102.31545217022945,100.08895419476764,102.04301094532586,10405300
2023-07-06,98.73613739013672,99.66619035409713,97.3927243677803,98.91463508215874,9923500
2023-07-07,98.1348876953125,99.0837336371055,97.7309241491971,98.45430423214884,7463100
2023-07-10,99.37496185302734,99.8728689156344,97.93760533872984,98.15368186628805,5374600
2023-07-11,100.88748168945312,101.10355822910331,99.2246592205765,99.25284155891545,5454900
2023-07-12,101.23506927490234,102.48453152871772,100.72776573919147,101.9584421586902,8305000
2023-07-13,101.31023406982422,102.52212482594847,101.15992587179909,102.46576014761794,6692300
2023-07-14,101.41357421875,102.06179669008756,100.69959773423187,101.40418488397057,6933600
2023-07-17,102.12755584716797,102.49394058437814,100.29563216111713,100.76535691830257,6682900
2023-07-18,103.0763931274414,103.6588471898303,101.75176598407883,102.00542134522206,5717200
2023-07-19,103.22669219970703,103.57429104016188,102.00541234277522,102.47513701869433,5027100
2023-07-20,101.01899719238281,103.35822429239839,100.97202902081503,102.93547491113632,6458000
2023-07-21,102.45635986328125,102.67243640129044,101.00021744319024,101.46054568990267,6631600
2023-07-24,102.18391418457031,103.8561402370412,101.9396624865385,103.72461788658391,6787600
2023-07-25,101.74237060546875,102.2590634634242,100.88746823027289,101.7235776041293,7692800
2023-07-26,102.68182373046875,102.95425775296012,101.41356128869548,101.742374317262,5148900
2023-07-27,101.15050506591797,103.55550016334588,100.89685690694414,103.17971900742626,6544600
2023-07-28,102.04299926757812,102.3624086321617,101.11293917496764,101.56387805327245,5988300
2023-07-31,103.7058334350586,104.13797936039931,102.44697450047013,102.7851769059422,6406000
2023-08-01,102.77577209472656,103.8373474015375,102.53151322887048,103.33944033579937,4566700
2023-08-02,101.0002212524414,101.94906011977692,100.94384940663461,101.72359423884316,6213200
2023-08-03,102.0617904663086,102.48453986339989,100.19228801655251,100.52109389956026,5084300
2023-08-04,102.22149658203125,103.63067081522134,101.68601066011624,102.12755306663807,5621400
2023-08-07,103.79037475585938,104.22252062763783,102.56908764664571,103.21731003802853,4887300
2023-08-08,103.04820251464844,103.23608951953551,100.84988728683459,102.99183067923846,5851900
2023-08-09,103.04820251464844,103.35821535596914,101.74236847862274,103.14214601709197,4328600
2023-08-10,102.42819213867188,105.17138334147774,101.94907081989895,103.63068651976859,7276500
2023-08-11,101.54508972167969,102.89789925138801,101.32902035744779,102.30604866585594,5104300
2023-08-14,101.12234497070312,101.74238508943402,100.58685903517689,101.38538968746255,5305200
2023-08-15,100.09834289550781,100.35199109620443,99.20586160746515,99.64740400074312,6197600
2023-08-16,100.07955932617188,101.81753955864805,99.64741339364593,99.64741339364593,5953100
2023-08-17,98.68917083740234,101.3008392475653,98.4355154637933,100.92505802171199,5692800
2023-08-18,98.46369171142578,98.68916473345065,97.47727411793058,97.54303529083026,5836100
2023-08-21,96.63178253173828,99.09314296473435,96.41570597878383,99.08374646223251,6697600
2023-08-22,95.31654357910156,96.17144604804771,94.63074947103534,94.84681883812387,9814700
2023-08-23,92.7706298828125,93.18398991966549,90.70384403340802,91.1078075692152,20909100
2023-08-24,91.71844482421875,93.18399080173837,91.65268365113603,92.72365542272904,10310000
2023-08-25,92.85517120361328,93.09003354336434,91.88753951062768,92.53576186191815,7290600
2023-08-28,93.59734344482422,94.00130698346153,92.88336704380546,93.55976460780792,6006600
2023-08-29,95.60777282714844,95.97416472758675,93.68190564523815,93.97313269777456,8641600
2023-08-30,95.91778564453125,96.58479388165208,95.3635139196086,95.48563976558384,4822100
2023-08-31,95.5513916015625,96.65994211050678,95.4574481009597,96.40629394213624,7046200
2023-09-01,96.48458862304688,97.05014748983898,95.692800456361,96.11697500005845,6359400
2023-09-05,94.56166076660156,96.10752466625397,94.4768301924415,95.67392939600703,6698700
2023-09-06,94.4297103881836,94.55224585388656,93.34571846660337,94.03381993763202,6096000
2023-09-07,92.3088607788086,93.0912208648928,92.03550579000313,92.61992064794626,9927100
2023-09-08,92.06378936767578,92.49738473591732,91.69617574696075,92.46910787147326,6435000
2023-09-11,91.23429107666016,92.73302221964815,91.03634586106571,92.68589651582288,7584700
2023-09-12,90.77243041992188,91.59248824689962,90.65931577174827,91.42281987037472,6307700
2023-09-13,90.6121597290039,91.62074171202222,90.1691436509425,90.77240723752529,7140700
2023-09-14,91.61133575439453,92.0732079396925,90.39538036775794,91.16831241296836,7075300
2023-09-15,90.73472595214844,92.5162403180715,90.61218328486551,92.5162403180715,10467300
2023-09-18,90.02777099609375,90.83840795843825,89.81096972833944,90.48964320299724,6946300
2023-09-19,89.1888656616211,90.00892352867612,88.99092041124673,89.58475616236983,9386600
2023-09-20,88.64213562011719,89.92407264024241,88.44419041441003,88.57615388488146,10274200
2023-09-21,86.33275604248047,88.12369800964578,86.22907662801346,88.05771627781981,7958600
2023-09-22,85.63525390625,87.03030580918661,85.35247807139834,86.3233554348508,9289400
2023-09-25,85.39958953857422,85.63523962405124,84.63608556289908,84.83403077172338,8291700
2023-09-26,84.99427032470703,85.49384735070322,84.6266567700506,84.83402999400445,8060500
2023-09-27,84.2873306274414,85.49385805444359,84.08938539564924,85.36189456658215,7631000
2023-09-28,84.48527526855469,84.62666677355219,83.57095887804162,83.98569818350477,16315600
2023-09-29,90.13146209716797,93.76047257172377,89.1888616003238,93.66621396033356,34935400
2023-10-02,89.13229370117188,90.84782618344163,88.3499408155682,90.67815781963603,12776300
2023-10-03,89.63188171386719,90.53678455891625,88.77411896378194,88.90608246379506,10964300
2023-10-04,90.38594818115234,90.73471290419245,89.66014906630352,90.09374437005957,8045400
2023-10-05,90.29168701171875,90.70643346066053,89.81095882694257,90.29168701171875,7430000
2023-10-06,91.53591918945312,92.10147795266757,89.60358562437813,90.29168703379342,8532900
2023-10-09,91.3191146850586,91.56419277723363,90.41421925795414,91.22485609313577,5964200
2023-10-10,92.01666259765625,93.18548519386633,91.64904898117508,91.66789782676366,8499000
2023-10-11,92.98754119873047,93.27031703517197,92.38427745122323,92.66705328766473,7642900
2023-10-12,93.5531005859375,94.30718387027156,92.86499904962233,93.82645559672181,10705200
2023-10-13,94.17520141601562,95.06124082654951,93.7415989403549,93.8735624098274,8774700
2023-10-16,96.18295288085938,96.69195799794855,93.88300543137589,93.99612007677489,10845400
2023-10-17,97.09727478027344,97.64397757807636,96.11696944513572,96.11696944513572,9253800
2023-10-18,97.81363677978516,97.93617942986117,97.02185592454049,97.05956080214311,8757300
2023-10-19,97.13497161865234,98.36034779251051,96.94644722857944,97.81363784850433,8391100
2023-10-20,96.77678680419922,97.81364586442622,96.68252819717326,97.38947853707404,7823500
2023-10-23,96.90875244140625,97.80422720668801,95.92844708536113,96.2677838313564,5966100
2023-10-24,99.14271545410156,99.58573881550154,97.70996593672676,97.70996593672676,9252200
2023-10-25,97.59685516357422,99.01075589228675,97.5497222626954,98.46404588456487,7054700
2023-10-26,94.27889251708984,96.73908023226241,94.21291077417784,96.31491291232395,11222600
2023-10-27,92.35598754882812,94.58051780905458,92.19574002018184,94.0526639023707,9602700
2023-10-30,95.95672607421875,96.1923761803033,93.31744200948353,93.31744200948353,8206700
2023-10-31,96.87104034423828,97.02185986076756,95.57968239344055,95.57968239344055,6558500
2023-11-01,95.08953094482422,96.776786615745,94.23176827364638,96.6636791641224,7272400
2023-11-02,99.04845428466797,99.49147763460469,96.04155663069183,96.19237615044499,8135100
2023-11-03,100.914794921875,101.47093288861733,99.96277371083596,100.32095926822458,7568000
2023-11-06,101.09388732910156,101.42379601262749,100.26440161174068,100.82053236518868,5231900
2023-11-07,103.0827865600586,103.0827865600586,101.07505017543743,101.1598807646674,7745800
2023-11-08,103.11106872558594,104.34587308657117,102.64919649148378,103.09221987972246,8639700
2023-11-09,100.85824584960938,103.59178853055646,100.78283608937636,103.51637877032344,9154200
2023-11-10,100.01932525634766,101.64059903398665,99.5480250740791,101.17871967750503,8897700
2023-11-13,98.21896362304688,99.65172032857608,98.2001147783689,99.32181161068142,7055600
2023-11-14,99.68000793457031,100.95251723586628,99.33124314293808,99.50091152920896,9674800
2023-11-15,101.63117980957031,102.80000234910788,100.59432075716744,100.68857936348212,11140800
2023-11-16,101.43324279785156,101.80085642629548,100.85825590382979,100.9525145177821,5386800
2023-11-17,99.87794494628906,101.99879600396034,99.46319843818489,101.85740449515474,6352600
2023-11-20,100.21728515625,100.43408643611147,99.06731139235683,99.91565328305434,6197400
2023-11-21,100.43408203125,100.5754663472728,99.30295716277209,100.07588925340347,5803500
2023-11-22,101.7254409790039,101.8291276060038,100.68858190047587,101.3295505076248,6280300
2023-11-24,101.46150970458984,101.80084643468979,101.2352876150134,101.32954621971437,2443600
2023-11-27,101.76313781738281,102.00821593378157,100.76398369959828,101.48036201366452,5785000
2023-11-28,102.5077896118164,103.591781468994,101.94223083156247,102.33812125859322,7287400
2023-11-29,104.0348129272461,105.71264055619042,103.82743968025827,104.44013140323034,9601800
2023-11-30,103.94054412841797,104.25160398991616,102.70573989161477,104.18562224882295,8690900
2023-12-01,107.326416015625,107.39261989424175,103.7986765004369,104.34722704650802,8051800
2023-12-04,108.9058609008789,109.06664072454569,106.87244566847508,106.94810930867659,10086600
2023-12-05,109.1517562866211,109.74759117514294,108.3856746120286,108.44242594594594,6960000
2023-12-06,109.81380462646484,110.78795055808686,109.30308587076668,109.70976892350696,6317000
2023-12-07,108.58429718017578,109.70977040977711,107.931718107678,107.931718107678,7294500
2023-12-08,109.62466430664062,109.98405581753062,108.26274748106547,108.29111954565117,6122200
2023-12-11,112.17823791503906,112.94431243127677,111.06222447356981,111.402703639827,7972800
2023-12-12,113.15238952636719,113.48340895030084,112.14987149511605,113.19022134848565,7378400
2023-12-13,114.59941101074219,114.85477398063564,112.73623544752854,112.87810296239363,8182900
2023-12-14,114.45755004882812,115.94241472930723,113.3226242962935,114.85478055632902,9590500
2023-12-15,114.95881652832031,115.44115600565327,114.06032702441549,114.37243413258291,13633300
2023-12-18,114.57105255126953,115.23309141165306,114.30623700711612,114.82641555147632,6874800
2023-12-19,115.98970794677734,116.65174677582434,115.04393406774903,115.13851001251545,7697300
2023-12-20,114.8453369140625,116.69905308504008,114.43865380612417,114.56160182827,9176600
2023-12-21,115.88568115234375,116.61393113596677,114.7223832324843,115.66815718422554,16533300
2023-12-22,102.18140411376953,104.7917418705929,101.62339380926177,102.38947550813914,46666200
2023-12-26,102.16248321533203,102.79615714843952,101.65177171056106,102.42730594183743,12846700
2023-12-27,101.32073974609375,102.70156856211119,101.0559242492796,102.46512512342983,10157900
2023-12-28,102.91911315917969,103.46766374041708,101.01810564319882,101.3964166376964,9352900
2023-12-29,102.68267822265625,103.997303445629,102.2287035483968,103.05152948863089,7667500
2024-01-02,100.772216796875,102.00171859682992,100.67763362976245,101.77473487026144,9326600
2024-01-03,98.39830780029297,101.65177200718085,98.36047598211037,99.98720808555431,10573700
2024-01-04,96.75265502929688,98.00107605864416,96.75265502929688,96.90397507326094,10420600
2024-01-05,96.54459381103516,98.05783048826358,96.37435423386685,96.90398526697639,8044500
2024-01-08,98.0010986328125,98.06730252023675,96.21358645667524,96.54460589379649,9414200
2024-01-09,97.1688003540039,97.79301453942226,96.94181665734341,97.57548338568148,7759500
2024-01-10,98.1429443359375,98.19969567076559,96.81886678463984,97.12151411289094,6784700
2024-01-11,100.15745544433594,100.26149114850394,98.10512785426202,98.56855503557631,9537700
2024-01-12,99.36299133300781,100.55466831997914,99.04143171031471,100.25202099804625,6680900
2024-01-16,96.20411682128906,98.56855143755872,95.86363765929168,98.3037359150456,10547900
2024-01-17,95.35292053222656,95.81634770447813,94.80436996019216,95.57045169550983,8226200
2024-01-18,95.46641540527344,95.92984257467016,94.6435895522907,95.52315952765781,8852400
2024-01-19,96.2608642578125,96.63917525257918,94.26528079570826,95.542074089324,8517200
2024-01-22,95.10700225830078,96.2892193994021,94.66248745873776,96.2324752856471,9897400
2024-01-23,96.37435150146484,96.60133519269326,95.74068478829139,96.11898853511161,8208000
2024-01-24,95.29618072509766,96.27978645256046,95.22997684034931,96.26086693367107,7879300
2024-01-25,95.30563354492188,96.22303539029367,94.66250699878263,96.02442373547332,10063700
2024-01-26,97.17826080322266,97.67006001876238,95.73122800124578,96.06224739782846,9735800
2024-01-29,98.24699401855469,98.36994924845236,95.84472735169908,97.30122008116346,8860800
2024-01-30,98.53070831298828,98.65365630128252,97.53764300182071,97.73625462091803,7542800
2024-01-31,96.02442169189453,98.64421940237551,95.63665814997826,98.44560053609986,11547600
2024-02-01,96.24195098876953,96.70537816447238,95.15430959561706,96.37435875325606,7666700
2024-02-02,95.2488784790039,95.9109244680436,94.03828917018801,95.4096582931507,8966900
2024-02-05,94.27474212646484,95.13539261861621,93.67890717036005,95.0502764316079,10097900
2024-02-06,97.04584503173828,97.06475733183218,93.75454920795835,94.10448809298448,11368600
2024-02-07,98.161865234375,98.68203650379706,96.79994863023569,96.83778044875973,9447800
2024-02-08,98.1429443359375,99.26841747022199,97.46199325913362,98.76715850927624,6330400
2024-02-09,98.83338165283203,99.24952451617827,97.72682781967904,98.17134274812928,5449000
2024-02-12,101.36803436279297,101.60447780857149,98.97522784602339,99.06034402297662,7501900
2024-02-13,99.30624389648438,100.06286578387288,98.59691358293806,99.29678413857971,6180500
2024-02-14,100.56414031982422,100.64925650712837,98.79554053267734,99.13601971325836,5743300
2024-02-15,100.29930877685547,101.51935056094442,100.09123739796246,101.21670325046759,7201300
2024-02-16,97.89705657958984,99.02252259288977,96.13791658121549,98.95631870975448,14590100
2024-02-20,97.69844818115234,98.20915974480044,96.62971904052888,97.53766113188887,8759500
2024-02-21,99.56161499023438,99.79805846455073,97.34850753416066,97.74573083924842,8888100
2024-02-22,99.38191986083984,100.26148984741194,98.43614599208199,100.06287820085463,6705500
2024-02-23,99.90209197998047,100.83841331303401,99.48595638097204,99.55216026370171,6947300
2024-02-26,98.87120056152344,100.34660547964508,98.13349810246262,99.59944326155781,5831500
2024-02-27,99.4481201171875,99.5426960574787,98.3510190059009,99.14547277884667,5317400
2024-02-28,98.69149780273438,99.7223950304806,98.07674336956626,98.45505434502985,4219800
2024-02-29,98.29428100585938,99.84534961340476,98.0578375325667,99.28734647996149,10811600
2024-03-01,96.69969177246094,98.65495160852709,96.65223847384593,98.5885111972967,7349300
2024-03-04,94.47869110107422,96.59529824956796,93.97564116644915,96.48140452336621,11050900
2024-03-05,93.31121826171875,94.12749032611278,93.01698318320294,93.96613607282747,8670600
2024-03-06,92.66578674316406,95.01019535539535,92.12476992814616,94.91528152216546,10045300
2024-03-07,93.19733428955078,93.39665554822757,92.7132642376428,93.00749934690911,8133900
2024-03-08,94.11801147460938,94.26987218343166,93.03597043248686,93.48207348462017,9043500
2024-03-11,95.94037628173828,96.58580053943965,94.38376611459886,94.82037557694656,8537400
2024-03-12,95.08614349365234,96.21563782941455,94.58309358522587,95.66512737656723,7040900
2024-03-13,96.20613098144531,96.81358821050806,95.22850472971811,95.4942663622504,7326400
2024-03-14,95.16207885742188,97.27868592658432,95.0007173489127,97.00343069614217,8350900
2024-03-15,94.5735855102539,96.01630183821557,94.2888367703648,95.20002984142546,15208500
2024-03-18,93.7193603515625,94.59258656996995,93.51054554371426,93.94716227364914,7207000
2024-03-19,94.87733459472656,94.95326857394511,93.43462519688829,93.49157206057079,6168900
2024-03-20,95.17155456542969,95.33291605595348,93.99460704070951,94.39324950596706,7771700
2024-03-21,95.69359588623047,96.73766263664346,94.68749612110948,95.33292038814947,17176000
2024-03-22,89.08749389648438,90.33088190784945,87.05630722139331,89.07800033964877,41837400
2024-03-25,88.98307800292969,90.66307532938197,88.05290504129603,89.28680661952123,14548800
2024-03-26,87.8725814819336,89.08749609422529,87.71122721905847,88.97359513377458,10816900
2024-03-27,89.34376525878906,89.36275237315294,87.62580072343889,88.52749313623914,11095700
2024-03-28,89.2013931274414,89.98918453445589,88.67935613352039,89.57156218078106,11331700
2024-04-01,87.85359191894531,89.14444046888944,87.0278335134475,89.04003306841881,10360000
2024-04-02,86.32545471191406,87.227154325929,86.03121962556857,87.09427349716252,11107300
2024-04-03,85.73699188232422,86.79055228739408,85.68953133593047,86.38241620938086,8876600
2024-04-04,84.54104614257812,86.42037201811992,84.3701983357107,86.32545093761222,12110300
2024-04-05,84.32273864746094,85.6610476883552,84.2847789046284,84.61698096537675,9716700
2024-04-08,85.42377471923828,85.67055654048131,84.28479395290034,84.57902908188731,8452500
2024-04-09,86.37290954589844,86.52477747814443,85.30036942989202,85.4237566937457,7191900
2024-04-10,84.474609375,85.51867613246601,84.25630101846176,85.32884844618567,7932900
2024-04-11,87.32206726074219,87.71122342769725,86.21156009983362,86.59122271012924,15330200
2024-04-12,87.32206726074219,88.14783289502552,86.48681531126141,87.33156081740162,10905900
2024-04-15,88.36614990234375,89.14445513478535,87.83462649720215,88.83123288184264,11597300
2024-04-16,88.64139556884766,89.40072084383004,86.98987142344284,88.3091934765913,10388200
2024-04-17,90.01766204833984,90.23597041246786,88.89766852230092,89.79936092567414,10181200
2024-04-18,90.87189483642578,91.00477566050307,89.72342071892237,90.32139166873202,10062900
2024-04-19,89.72342681884766,91.32749761471439,89.68545983203552,90.56817236139631,11241900
2024-04-22,89.40071868896484,90.22647712103237,89.07800292036401,89.81834106282277,8642000
2024-04-23,89.23934173583984,89.90375303078518,89.13494159154467,89.57155100404304,6582700
2024-04-24,89.82781982421875,90.34985675738334,89.31527644660109,89.31527644660109,6493200
2024-04-25,89.16342163085938,89.97020011035663,87.73969234652483,89.22036848496504,5317900
2024-04-26,89.33427429199219,90.56816872729546,89.13495305032309,89.78037007584473,6115700
2024-04-29,89.2773208618164,90.06511951916598,88.9356252331217,89.63800360402863,5030700
2024-04-30,87.56885528564453,88.75529650147527,87.55936172830839,88.18580616616902,6493300
2024-05-01,85.74646759033203,87.19867757764673,85.50917937064465,87.14172348072775,9783100
2024-05-02,87.71121978759766,87.74917952973607,86.28749048917169,86.68613295478016,7333300
2024-05-03,87.46443176269531,88.88816095934864,87.19867013795381,88.35663046840448,5736700
2024-05-06,88.61289978027344,88.62239333521758,87.77764798170611,88.09086288025594,6696300
2024-05-07,89.01155090332031,89.52409429856414,88.47053408191763,89.29629964783179,7113500
2024-05-08,88.83121490478516,88.87867544555232,88.0149500869921,88.38511913229817,5372900
2024-05-09,88.64139556884766,89.20139958847622,88.2807200460354,88.87868381209684,6429800
2024-05-10,86.31595611572266,88.40408933478153,86.25900202473888,88.33764892985133,10548400
2024-05-13,88.00544738769531,88.05290068207076,86.51527780483838,86.62917150450828,8792100
2024-05-14,88.07189178466797,89.54307432328422,87.89155043006892,88.26171945369542,7811000
2024-05-15,87.00883483886719,87.91053433753439,86.2305298378854,87.59731217774069,15614400
2024-05-16,87.103759765625,88.11935309434398,86.87596509378523,87.02783303598645,12711700
2024-05-17,87.49291229248047,87.5973196880299,86.69562011205412,87.33155804170836,12019600
2024-05-20,87.103759765625,87.98647226564893,86.21156095031003,87.5593563507666,9701500
2024-05-21,88.10037231445312,88.12884574295694,86.80003022823752,86.91393118371472,7809700
2024-05-22,87.796630859375,88.04341260615635,86.98985245652698,87.27459394146462,7611900
2024-05-23,86.75257873535156,87.87257947576201,86.51529050426004,87.74918496105866,7729000
2024-05-24,87.08477020263672,87.51188606998886,86.83798844475307,87.10375007256873,6936800
2024-05-28,87.32206726074219,87.81562358510311,86.70511642419454,87.07528547783073,10835000
2024-05-29,87.00883483886719,88.00544816858853,86.73357965978738,87.01832839441094,7237300
2024-05-30,88.6983413696289,89.10647743279699,87.28410548437954,87.54038083924405,9300100
2024-05-31,90.21699523925781,90.23597511294956,88.24275526803208,88.74580519768439,12565600
2024-06-03,89.95018005371094,90.76011135198122,89.61667978615971,90.06451884843672,9668100
2024-06-04,90.2741470336914,90.62670860326043,89.00684605393762,89.84536202644725,7838400
2024-06-05,89.87393951416016,90.82680147137972,89.28316248357048,90.82680147137972,7463300
2024-06-06,91.20796203613281,92.23705485633312,89.5595073924919,90.38850004261342,9760100
2024-06-07,91.99884033203125,93.32331809348027,90.80776268542164,90.89351678649224,9397400
2024-06-10,91.4747543334961,92.41808570202738,91.09360806982113,91.21748478562768,7035100
2024-06-11,91.35089111328125,91.47476056776955,90.06452147698833,91.01738356623594,7301500
2024-06-12,89.26411437988281,91.95118498716286,89.09259892538577,91.80825423012195,9861300
2024-06-13,89.74054718017578,90.07404744008316,89.30223151433172,89.60714707621283,8348200
2024-06-14,88.98779296875,90.31227073640308,88.90203886727771,89.37846992815324,7426800
2024-06-17,90.52190399169922,90.636250066487,87.67284820686206,87.67284820686206,6365400
2024-06-18,90.31227111816406,90.76964813723283,89.76913999726052,90.2074557027475,6712000
2024-06-20,91.06503295898438,91.56051806509103,89.11166269561234,89.45469364205583,9393800
2024-06-21,92.59912872314453,92.6277134197583,90.9220895807899,91.4366359291178,15124400
2024-06-24,92.589599609375,93.41859217377778,92.1226992608025,92.71347632311071,9466900
2024-06-25,90.28368377685547,93.03745465823093,90.04546825237829,92.72300842117842,9006500
2024-06-26,89.62620544433594,90.02641304530222,88.75910472672403,89.65479014374193,10160400
2024-06-27,89.75008392333984,90.27415371880741,88.98779133205493,89.34987631454675,25772700
2024-06-28,71.81722259521484,75.32375558494931,71.03587592591451,73.49425473874258,129967000
2024-07-01,73.2083969116211,73.42755112362647,70.78812630446036,71.94108857346512,44369000
2024-07-02,72.45562744140625,73.31320469641209,71.83626568669314,73.19885863915793,26183400
2024-07-03,71.69335174560547,72.34129834914414,71.48372089302504,71.9410979595425,15952000
2024-07-05,71.87439727783203,72.50328256041482,71.2550353831853,71.8076972134708,19603700
2024-07-08,69.60658264160156,71.93156133334833,69.5589366264187,71.85533788672147,29905000
2024-07-09,69.04437255859375,70.64518084502339,68.96814186167819,69.84478033668826,23445500
2024-07-10,69.12062072753906,69.2159054878895,68.29162804599166,68.85382049065333,21378200
2024-07-11,69.93054962158203,70.27358056251893,68.88240275527971,69.27307243982614,15876700
2024-07-12,69.95912170410156,70.5594293773521,69.72090621973476,70.10205244867358,14527500
2024-07-15,67.9485855102539,69.56845523912969,67.88188546240232,69.5589245837909,20775800
2024-07-16,69.37788391113281,69.52081467336151,68.1391676012587,68.1391676012587,20980700
2024-07-17,69.6256332397461,69.88290280762097,69.08250213444504,69.11108683423548,11161600
2024-07-18,68.96815490722656,70.44509404285576,68.93957020791619,69.53034731612001,14440100
2024-07-19,69.2730712890625,69.3874173573956,68.46313996354532,68.89193226747383,11913300
2024-07-22,71.33125305175781,71.7886227608908,69.62562912406173,69.67327513406995,19385500
2024-07-23,69.94007873535156,71.50277197858671,69.78761731173798,71.11209503289751,11041800
2024-07-24,67.73896789550781,69.9305537853435,67.72944450807545,69.79715366367644,18563300
2024-07-25,68.04387664794922,69.01579265695175,67.56744566378408,68.15821543150253,13855400
2024-07-26,69.13965606689453,69.34928684480943,68.4821863095133,68.60605573748153,8892000
2024-07-29,70.0830078125,70.38792338261332,68.79663820850381,69.08249973600532,10471800
2024-07-30,70.81670379638672,70.97868859220968,69.99724189194568,70.21640335140509,8515700
2024-07-31,71.33125305175781,71.87438412495352,70.43556040587842,70.98822213502785,14632900
2024-08-01,70.36885070800781,71.26454323111136,69.80666566972585,71.17878187880427,9563500
2024-08-02,70.52133178710938,70.6356705957536,68.52984605600521,69.3969541269518,11526600
2024-08-05,68.05342102050781,69.19686009698707,67.4150050495868,67.71039002454026,13191500
2024-08-06,69.0824966430664,69.78761250430414,68.13916527616294,68.28209603351445,13469700
2024-08-07,69.19684600830078,70.7118932072209,69.1110846418891,69.44458491179975,9571200
2024-08-08,70.69285583496094,70.71190988212305,69.60659340266072,69.77810890616931,8828000
2024-08-09,70.83576965332031,71.06446180649218,69.91149946252247,70.62614608422149,7186600
2024-08-12,71.12163543701172,71.46466641739616,70.5594502173472,71.18833550154415,7067300
2024-08-13,74.7996826171875,75.32375973451195,71.53136498401547,71.70288047061605,22114800
2024-08-14,74.81873321533203,75.36186435291646,73.77058629873628,74.32324809340432,13613000
2024-08-15,78.61112213134766,79.14472257343093,76.8673827684188,78.22997584281927,23583600
2024-08-16,79.30670928955078,79.98324045279782,78.55394741980149,78.9732017660434,13794200
2024-08-19,79.3543472290039,80.03087838543236,79.01131632296128,79.30670849024035,9627300
2024-08-20,79.62114715576172,79.9451240191379,78.86838529618552,79.55444710591371,7863100
2024-08-21,80.04041290283203,80.26909776130717,79.29718166046743,79.72596667882837,6915900
2024-08-22,79.47822570800781,80.68835729192352,79.2876489394413,80.46919582551213,8485500
2024-08-23,80.08805084228516,80.2690896716924,79.29717366880351,79.41151245163759,9219700
2024-08-26,80.30720520019531,80.52636665071181,79.44962797824356,79.53538933531867,7853300
2024-08-27,81.26959991455078,81.36488465949921,79.6687914822331,80.10710712480389,14954000
2024-08-28,78.88745880126953,81.40301431260191,78.02035074945414,81.04092931028151,11088600
2024-08-29,79.33529663085938,79.93559710760884,78.95415035540678,79.51633547763494,7477200
2024-08-30,79.3924560546875,79.92605641143533,78.18232459713165,79.65925623306141,13755300
2024-09-03,77.8323745727539,79.38289917991138,77.53567208643253,79.16276013051359,10133700
2024-09-04,77.54524230957031,77.6122398845104,76.25314204876106,76.66470066687536,12837400
2024-09-05,77.36339569091797,77.75580797091422,76.76998338451303,77.65052502458127,7596300
2024-09-06,77.17196655273438,78.36835699645138,76.90397626169181,77.41124464147778,8512200
2024-09-09,76.08086395263672,78.08123270051371,75.63101994847446,77.28682764219262,8003300
2024-09-10,74.74089813232422,76.14785442177731,74.22406390151752,76.14785442177731,9748400
2024-09-11,75.03761291503906,75.21945930384169,73.44880284092454,74.65476649820043,8265500
2024-09-12,75.03761291503906,75.67887646448565,74.20492250607914,74.87490556109375,7176900
2024-09-13,75.62145233154297,76.08086219166238,74.760049716084,74.94190340773314,5814200
2024-09-16,76.37757110595703,76.55941749329082,75.3151757763504,75.92772711746926,9547700
2024-09-17,77.1815414428711,77.50696344796015,76.43499495768575,76.57856327457245,7580600
2024-09-18,77.4303970336914,78.25351430752035,76.78913345823045,77.20069209514492,7637000
2024-09-19,77.5069580078125,79.55517776521542,77.01882868553426,79.05747527523322,15067100
2024-09-20,82.80936431884766,84.22589392971945,81.17270293806685,84.1014719424747,52039300
2024-09-23,82.5030746459961,82.81892344721088,81.402401378675,81.7373892123026,17712400
2024-09-24,83.70904541015625,84.49387724652591,82.94335991004728,83.68990637608331,21123300
2024-09-25,84.22589874267578,84.32160853080924,83.49849120892164,84.08233040938119,12392800
2024-09-26,85.55628204345703,86.73353357985648,85.23086731276086,86.06355047788844,13592800
2024-09-27,85.60413360595703,86.38896546548837,85.38399454558905,85.61369947218193,9181000
2024-09-30,84.6087417602539,85.90084210303739,83.9674781734027,85.85298355982047,12027100
2024-10-01,85.30742645263672,85.79555582622424,83.9483285833104,84.22589205840181,20623400
2024-10-02,79.5360336303711,81.57468757866194,78.26307247145888,79.33504091615143,33208800
2024-10-03,78.57891845703125,80.1868674149086,78.46406965430332,78.8660550682258,18143800
2024-10-04,78.72248840332031,79.9571641736896,78.57892009473086,79.08618845651776,10322600
2024-10-07,77.36339569091797,78.93305941527892,76.65512726973492,78.6172105762801,12767400
2024-10-08,77.30595397949219,77.92807840854536,76.50198318663851,77.28681494726631,10569600
2024-10-09,78.9139175415039,79.37333472441152,77.59310500670067,77.66010258523006,11750600
2024-10-10,78.57891845703125,79.87101860303206,78.51192088804417,79.8231673692912,8370200
2024-10-11,78.62677764892578,78.74162645261188,77.69837754079693,78.52149471075525,10171100
2024-10-14,78.1003646850586,78.52149644705297,77.33467920219961,78.48321107758187,8177700
2024-10-15,78.59806823730469,79.17233418267708,77.57395832236452,77.57395832236452,11804400
2024-10-16,80.34000396728516,80.48356496190193,78.53106241324464,78.61719901001472,11220600
2024-10-17,79.82317352294922,81.1248469369206,79.80402718622699,80.50272243283035,9204500
2024-10-18,79.36375427246094,80.34957882415112,79.08619081482786,80.18687147725207,7214800
2024-10-21,77.98551177978516,79.52645583242322,77.94722641232642,79.29675092985795,7550200
2024-10-22,77.92809295654297,78.88520539463028,77.7462465587945,77.8610953779644,7308800
2024-10-23,76.61685180664062,77.56439105368199,76.36800053391676,77.52610568078691,7253100
2024-10-24,75.65016174316406,77.33468153987364,75.64058857496002,77.04754491125472,7424500
2024-10-25,75.46830749511719,76.16700272504308,75.15245866643065,75.82244169414643,9385400
2024-10-28,75.5257339477539,76.2244218268876,75.4395900449285,75.91814618763983,6617200
2024-10-29,75.03761291503906,76.0617228813243,74.84618605552572,75.49702277349499,7241100
2024-10-30,73.17123413085938,74.76004409118576,73.14252192953572,74.65476115154064,15691300
2024-10-31,73.82207489013672,74.02306761271994,71.97484771341905,72.93196008887509,13990100
2024-11-01,74.7121810913086,74.77917865779094,73.65935905993446,73.74550296094723,9623700
2024-11-04,73.8794937133789,75.18116690115902,73.80292298417146,74.6451790988935,6593800
2024-11-05,74.63563537597656,74.65477441286293,73.69766192039033,73.93694004350849,5629200
2024-11-06,72.0896987915039,73.64978922573096,71.8982792506593,73.57322579070556,16193700
2024-11-07,72.6639633178711,73.09466822976404,71.98441446810641,72.45339744568173,11831100
2024-11-08,72.62568664550781,73.27652337284206,72.02270845928756,72.2619865604812,8140800
2024-11-11,73.31481170654297,74.08050458216488,72.83625548482638,72.88411402787342,9877200
2024-11-12,73.37223815917969,74.1092114748327,72.87453563504515,73.18081130290182,9013900
2024-11-13,73.23823547363281,73.9752160891084,73.19038423635786,73.61151601662964,6835300
2024-11-14,72.43426513671875,73.67851415032676,72.42469196831587,73.39137751574401,6991600
2024-11-15,73.37223815917969,74.3197773656444,72.36726724473766,72.7405404867446,13584900
2024-11-18,71.67813873291016,72.93195349469309,71.06558745217748,72.89367542906116,12595100
2024-11-19,70.74017333984375,71.52500513089157,70.44346356243936,71.30486608973266,12028400
2024-11-20,70.21376037597656,70.67317020032932,69.59163590756917,70.50089699283767,12290300
2024-11-21,71.87913513183594,72.31940593110532,70.06062022898404,70.21376170813215,12818600
2024-11-22,74.08049774169922,74.17620751676718,72.57783163635028,72.86496096155415,12248600
2024-11-25,75.86073303222656,76.43499902816751,75.0471889294612,75.1333255428676,18328900
2024-11-26,74.281494140625,75.51617001608639,74.24320876826323,75.51617001608639,9495600
2024-11-27,74.98017883300781,75.65973503503751,74.26234456247496,74.28149089891434,8713500
2024-11-29,75.39173889160156,75.78415847209764,74.68347777565334,74.8461851275814,7123500
2024-12-02,76.08436584472656,76.09398787314261,74.26619146532747,74.95883072213802,11221000
2024-12-03,75.86311340332031,76.38259286534773,74.6606166873654,75.99779244835067,9414500
2024-12-04,75.3917465209961,75.52642558348892,74.17000558907897,74.86264496158971,15042600
2024-12-05,75.59376525878906,75.9016041649962,75.13200322974915,75.28592635258194,8316500
2024-12-06,75.8919677734375,78.09494251075444,75.84386497179044,76.20942864961117,13931100
2024-12-09,74.68948364257812,76.43069673001304,74.5740413029547,76.42108203963815,12043400
2024-12-10,73.82368469238281,75.1127651344101,73.70824969182937,74.5548048335407,12193100
2024-12-11,75.85350036621094,75.97856473674817,73.41002586900643,73.87178789203163,12033200
2024-12-12,74.99732208251953,76.35374204181389,74.901123803152,75.71882018696336,6983200
2024-12-13,74.31430053710938,74.8722608009938,73.85253854712899,74.41049881101341,8037300
2024-12-16,74.26620483398438,76.01704000855341,73.7467326373235,73.8429309204289,13034000
2024-12-17,75.03580474853516,75.77653959169103,74.31430662595308,74.42012693775513,12452400
2024-12-18,73.97760772705078,75.99780096844695,73.91988288738233,75.01656676758309,14376900
2024-12-19,74.17000579833984,74.97808751503509,73.52546923466882,74.01609001482456,27067600
2024-12-20,74.01607513427734,75.03578993086543,72.01511897465126,73.07331454424641,49883400
2024-12-23,73.84292602539062,75.43022327951289,72.8616845201697,73.42926682994613,14203800
2024-12-24,73.87178039550781,74.17961926646561,73.45812122458412,73.83329961920589,4919100
2024-12-26,74.01607513427734,74.51631050445538,73.63127474366355,73.68899223344567,6363500
2024-12-27,73.51585388183594,74.00647470655325,72.9194200747866,73.61205217270269,6334400
2024-12-30,71.81311798095703,72.8905505307849,71.71691969464509,72.72701271010871,9042900
2024-12-31,72.7943344116211,73.4869736465213,71.9381573961075,72.05359971507653,9425600
2025-01-02,70.87034606933594,73.77558230172124,70.45668689741846,73.35230110084078,10883400
2025-01-03,70.5240249633789,71.37058734763981,70.23543015557335,71.11084394721158,10083500
2025-01-06,69.2638168334961,71.49565063788597,69.23495808412878,70.94731238153246,14947300
2025-01-07,69.35039520263672,70.64909767955129,69.2445822315397,69.64861941395569,10463500
2025-01-08,68.58079528808594,69.0906527339985,68.31143719133648,68.84053135582072,11855000
2025-01-10,68.49420928955078,69.63898849980843,68.38838899249549,69.11950904320724,15677400
2025-01-13,69.34078216552734,69.84101764052339,68.09018246884945,68.4653609099611,14584300
2025-01-14,68.46536254882812,69.46584086222735,67.84968471588378,69.33116179498695,16732900
2025-01-15,68.36915588378906,69.5043131252961,68.14789324932288,69.25419174273819,13468100
2025-01-16,68.40763854980469,68.52308088481674,67.64765969142253,68.20561996812711,13694600
2025-01-17,68.14789581298828,68.80205437235473,68.14789581298828,68.71547812482265,9711300
2025-01-21,70.38935089111328,70.48554916717765,68.43649726312037,68.59042037638977,14199900
2025-01-22,71.2262954711914,71.86121000191372,70.23543922481095,70.59137360101066,13029300
2025-01-23,71.46678924560547,71.668807823164,69.61975595982065,70.55288729250786,10677400
2025-01-24,70.77415466308594,71.4283132463276,70.46631576152858,71.25515340548544,8106700
2025-01-27,72.70777130126953,72.96750739151287,70.62985322148954,70.64909728118657,11665400
2025-01-28,71.56298828125,72.72700429163983,71.34173298228967,72.46726821471728,8694400
2025-01-29,73.66976928710938,74.17962678070657,71.49565291229158,71.62070994334763,11764800
2025-01-30,75.35325622558594,75.77653008020627,73.92949687970616,73.92949687970616,10902100
2025-01-31,73.97760772705078,75.86312190831777,73.8429286669216,75.14162379785782,13098000
2025-02-03,73.67937469482422,73.7755803029325,70.43744827060075,72.05360413809005,18539200
2025-02-04,73.80445098876953,75.1897297676989,73.15029238088162,74.60291069270569,11943700
2025-02-05,71.73614501953125,73.87178039788233,71.57260722483602,73.4004037322194,9807400
2025-02-06,69.01368713378906,72.53460092200794,68.90786683920605,72.38067782463001,16059400
2025-02-07,66.06998443603516,68.11903633989074,66.01226693829382,67.87853698002449,27428700
2025-02-10,68.24409484863281,68.25370953779272,66.4932599526141,66.72413726322718,16201300
2025-02-11,68.62889099121094,69.25419076908562,67.83043872722031,67.88815622259229,9636600
2025-02-12,69.51394653320312,69.69672108085494,67.65729092765633,67.91702704245576,10810900
2025-02-13,70.42782592773438,70.80300431141924,68.90786833567613,69.69670587822603,9739600
2025-02-14,70.26429748535156,70.70681544960729,69.59089483929932,70.38935451673089,9254400
2025-02-18,74.6413803100586,74.72796389903428,71.6688116452944,71.6688116452944,28252400
2025-02-19,73.8621597290039,74.72795886312346,73.19837916960263,73.90064050601563,14184100
2025-02-20,74.2950668334961,74.33354027305295,73.43888234446432,73.98722794083432,10689600
2025-02-21,73.59280395507812,75.0261780816386,72.97712618234915,74.45860311655888,12823400
2025-02-24,77.22915649414062,78.00837210405217,75.75730152454844,75.88235855470144,24553500
2025-02-25,78.61443328857422,78.84531062299514,77.00789929832102,77.2580133525028,15522500
2025-02-26,78.08533477783203,79.30707570454712,77.76787384353992,78.97999274027264,16058100
2025-02-27,76.97903442382812,78.3931718809481,76.44031818852841,78.3931718809481,11651900
2025-02-28,76.41146087646484,76.97903587226966,75.2089640147173,76.23830103479486,14113800
2025-03-03,75.81200408935547,78.2775091825718,75.30922938983915,77.33964751854843,8628800
2025-03-04,74.75811767578125,76.04405189444948,74.23600887925568,75.12552429114103,10034100
2025-03-05,75.23188018798828,75.71531343916745,73.92661188512572,74.76778839775565,9853600
2025-03-06,75.13520050048828,75.73466043130949,74.19733874444806,74.19733874444806,9623700
2025-03-07,75.98603057861328,76.38244936291301,74.41971165447733,74.9128156082191,9294300
2025-03-10,73.86859893798828,77.53302370254626,73.53986050611529,74.94182129753507,15822600
2025-03-11,71.71248626708984,73.5592048159715,71.18071412003722,73.3948392819701,12837000
2025-03-12,71.14203643798828,72.03155181756478,70.80363464973698,71.89619110226425,12304900
2025-03-13,70.23318481445312,71.49011426600362,69.29532309121093,70.75529363079227,10195900
2025-03-14,69.28565216064453,71.10335839992231,68.95691373744215,70.85197106177996,12183000
2025-03-17,71.258056640625,71.49977326067679,69.64339138906445,69.74974729201571,15996900
2025-03-18,70.88097381591797,71.70281616175227,70.3105261775302,71.441758101408,8972300
2025-03-19,70.57157897949219,70.9970025711304,69.89477542607274,70.23317720278246,10830500
2025-03-20,69.4790267944336,71.20971870252787,69.15028835089653,70.50390291675525,25202300
2025-03-21,65.68891143798828,66.45273684733766,63.01068714010924,64.3836357802333,77287000
2025-03-24,65.15713500976562,66.60743480795291,64.48033138792071,66.28836708196621,26552500
2025-03-25,64.33529663085938,65.79526708488666,64.04523373546651,65.3214971973046,17394100
2025-03-26,63.561798095703125,64.3836330994964,62.797972718157084,64.18059203102551,18688300
2025-03-27,63.61981201171875,64.87673390459148,63.12670808272599,63.32974914134531,16435800
2025-03-28,61.19297409057617,63.67782039272852,61.04794265821917,63.67782039272852,19600300
2025-03-31,61.37668228149414,61.86978624028472,60.57418503966059,60.75788833880252,17400000
2025-04-01,62.61427307128906,63.0010211247809,61.20264525785582,61.71508698197792,13489500
2025-04-02,62.80763626098633,63.233059809066326,62.03414761864647,62.16950831547107,11161400
2025-04-03,53.73843765258789,56.735722093690484,53.564401401086165,54.50225932495354,71499500
2025-04-04,55.35310363769531,57.257831702952366,50.760488052035,51.45663306843408,67775700
2025-04-07,53.76744079589844,55.2854207404145,51.63066694894303,53.56439973821726,45374400
2025-04-08,51.504974365234375,56.82273964727885,50.63479311648784,56.82273964727885,30404300
2025-04-09,57.35451889038086,57.576897736601985,50.741152066711784,51.51464450754676,44732500
2025-04-10,52.59754180908203,55.353110001981676,50.54778206696747,55.33377222838024,53919800
2025-04-11,52.587867736816406,53.20666169953303,51.10856318917805,52.597538467154266,22617100
2025-04-14,53.574073791503906,54.81166175836777,52.85859094297131,53.796452648780814,28346600
2025-04-15,53.01328659057617,53.554729415167486,52.37515122450334,52.868255154959144,15977100
2025-04-16,51.775699615478516,53.322688206892074,51.57265853850205,52.90693532262429,19094900
2025-04-17,53.9124755859375,54.16386294683711,51.872390324884165,52.036755863062076,18935100
2025-04-21,54.26054763793945,54.49259722374645,51.72735840842018,53.40003703211478,17280900
2025-04-22,55.169403076171875,56.16527437752787,54.37657285189377,54.77298796403282,16852200
2025-04-23,55.48846435546875,57.23849393820689,54.82132784021084,57.045119912706646,21660300
2025-04-24,56.5423469543457,56.75505874382497,55.23707878216553,55.89454823300814,14508500
2025-04-25,55.710845947265625,56.31997286679007,54.73431241826557,56.28129732211802,17156000
2025-04-28,55.41111755371094,56.15560516249049,54.918013598971186,55.8171996921528,13321200
2025-04-29,55.63349533081055,55.826869354691524,54.86000292358937,55.111386572822724,12968000
2025-04-30,54.53126907348633,54.71497237058475,52.935937960984845,54.00916030703463,17205900
2025-05-01,54.87934112548828,55.31443178980064,54.395907873652995,54.8019937231122,10527000
2025-05-02,56.64870834350586,56.75506424856107,55.41112040461542,55.95256328372849,14723900
2025-05-05,55.449790954589844,56.40699038922362,55.391781326510944,56.194278584126586,15971000
2025-05-06,55.15007019042969,55.80753975491122,54.90835354726158,55.25642610355218,11440300
2025-05-07,56.67770767211914,56.86141464972461,55.65283164254182,55.95255786780947,11883500
2025-05-08,56.95810317993164,58.38906510237768,56.85174727888788,57.71225784071058,19009000
2025-05-09,56.368316650390625,57.41253424889092,56.290969247707096,57.18048466423429,13954400
2025-05-12,60.50650405883789,61.36701460703994,59.762016451618535,60.31313003166486,29776600
2025-05-13,60.32279586791992,60.69987318480605,59.916713738443384,60.53550766239014,17003100
2025-05-14,59.684661865234375,60.78688896068716,59.48162080834625,59.99405881524559,13736300
2025-05-15,60.33246994018555,60.603191374835056,58.4180710604977,58.630782866752554,14371100
2025-05-16,61.01894760131836,61.63774159346147,60.42915842496223,60.42915842496223,12950600
2025-05-19,60.023075103759766,60.36147690915183,59.71367442529738,60.090755464838175,15105300
2025-05-20,60.48716735839844,61.09629057557108,60.21644224024107,60.42915404272839,10771800
2025-05-21,57.99264907836914,59.71367017465973,57.895963908940395,59.14321882310345,17354700
2025-05-22,59.28825378417969,59.5783129979831,58.16668878605097,58.572774636018146,16764500
2025-05-23,58.03132247924805,58.379394977626966,57.518884461247225,57.87662400089104,14282400
2025-05-27,60.74822235107422,60.75788939296401,58.82415644435064,59.104548607092276,16642100
2025-05-28,59.733009338378906,61.01894351390812,59.52030122301762,60.66120395272073,10015600
2025-05-29,59.404273986816406,60.8159018218166,59.10454774466864,60.419486720667265,12218000
2025-05-30,58.58244323730469,59.09488131827198,58.10867701445151,58.978858367323426,18155100
2025-06-02,59.92557907104492,59.954776638524216,58.00819293321091,58.44617500946916,14065300
2025-06-03,60.7042121887207,60.78207731956885,58.84522488707983,59.60439506159408,10286100
2025-06-04,61.09353256225586,61.35632181887389,60.60688661581076,60.71394931807891,10242300
2025-06-05,60.99620056152344,61.959761159901255,60.56795346936323,61.25898981562648,12336300
2025-06-06,61.12273025512695,61.40498579571392,60.46089146959182,60.99620126920625,13299600
2025-06-09,60.256500244140625,61.794303199290674,60.22730267579171,61.60937536557721,11640000
2025-06-10,62.16415023803711,62.4464094821409,60.58741845987403,60.7139474416271,15287000
2025-06-11,61.42445373535156,63.11797959890846,60.90861020526334,62.68000120465984,10238700
2025-06-12,61.12273025512695,61.249259241047646,60.11050579338923,61.06433511763581,9830500
2025-06-13,58.91335678100586,61.10326352857713,58.50457597027656,60.10077407223385,16509700
2025-06-16,60.246768951416016,60.51928949014209,59.60439645812321,59.740656727486254,13681600
2025-06-17,58.39751434326172,59.66279307813626,58.08606123045611,59.66279307813626,13649700
2025-06-18,57.92060089111328,58.8354976778884,57.78434061550355,58.39751556856138,14194300
2025-06-20,58.19312286376953,58.436445835724264,57.609145503389826,58.15419029718144,19084000
2025-06-23,59.156681060791016,59.66279329917871,57.852469753780355,57.98873373984988,15921300
2025-06-24,59.77958679199219,60.32463159329945,58.864693741439886,59.69199408518201,12564000
2025-06-25,59.205345153808594,59.88664648012442,58.74789679515617,59.80878506260851,12186200
2025-06-26,60.86967468261719,61.054598802038626,59.195611471468276,59.91584909176676,39659800
2025-06-27,70.11595153808594,72.20853067300436,67.82871698739154,67.92604469527953,117530300
2025-06-30,69.14264678955078,69.79475047969736,68.18881760757193,69.54169254560064,31090400
2025-07-01,71.44935607910156,71.96519955566329,69.9115532211659,70.06727605105846,27512900
2025-07-02,74.34976196289062,74.78774031415591,71.05030326818536,71.21576109638536,36882300
2025-07-03,74.34976196289062,74.97266813721905,73.5613979603622,74.2329642705938,12022600
2025-07-07,74.48603057861328,75.43012494342504,73.82419176595552,74.00911960975978,17296900
2025-07-08,71.94573974609375,74.2621793583068,71.6829541847362,74.09671408198562,19572400
2025-07-09,71.59534454345703,72.9190220245482,71.45908428148829,72.1501205887947,12076700
2025-07-10,72.62703704833984,73.48353116216983,71.00163409306421,71.16709934313117,13033000
2025-07-11,70.69019317626953,71.86787557003358,70.46634018130487,71.72188771489508,12771400
2025-07-14,70.3203353881836,70.64152347729751,69.13291815615817,70.40792808941788,11385400
2025-07-15,70.0672836303711,70.93351284992686,69.6682378022837,70.33007660858082,9708300
2025-07-16,70.17434692382812,70.76805559734387,69.24972255720691,69.9796915073694,9008600
2025-07-17,71.03085327148438,71.25470627264134,70.11595641728985,70.19382155926995,9180400
2025-07-18,70.53446197509766,71.32282600206322,70.19381131070683,71.32282600206322,8801000
2025-07-21,72.04306030273438,72.81196176420023,70.96271316832,70.98217573826892,12743900
2025-07-22,73.37648010253906,73.52247538133085,72.0625374446697,72.09173501530238,11297500
2025-07-23,74.70014953613281,75.147862896349,73.79498781801841,74.11617591087813,16428100
2025-07-24,73.4056625366211,75.46904373485067,73.39593496550162,74.46655441316132,10037800
2025-07-25,74.23296356201172,74.52495407715297,73.51272969712451,73.88258533972039,7208400
2025-07-28,77.1236572265625,77.85362623816401,75.48852634354996,76.89006922202607,22631100
2025-07-29,76.23795318603516,77.25017761164436,75.68317712278687,76.65646898291563,12885500
2025-07-30,74.63202667236328,76.2087622971811,73.93125528355536,75.70264632720728,14601700
2025-07-31,72.69517517089844,74.35950344676554,72.32531949250932,74.31083588098971,16700000
2025-08-01,72.62703704833984,72.70489474914099,70.59285331775631,71.47855242321727,11911600
2025-08-04,72.82170104980469,73.24995187017306,72.17933224488016,73.0260914616274,8839000
2025-08-05,72.39344787597656,73.6879278677325,72.25718760585781,72.90929881357218,6533800
2025-08-06,73.46408081054688,73.95072679321295,72.26692842591184,72.48105384638546,7579800
2025-08-07,72.3642578125,74.31084178822631,72.02360710187361,74.28164421669099,8717600
2025-08-08,72.20853424072266,72.95796579667946,71.42989768789117,72.2182618140524,6739000
2025-08-11,72.04306030273438,72.7924991942513,71.09897343484532,72.33505083136157,6985700
2025-08-12,72.89957427978516,73.69767344459738,72.35452569544418,72.72438141796643,6397700
2025-08-13,75.13813018798828,75.61504855578141,73.18181885506124,73.4640743914201,13472600
2025-08-14,74.34976196289062,74.55415235518957,73.33753757320011,73.88258604495797,7990500
2025-08-15,74.9142837524414,75.43012730591681,74.1259196368,74.69042333316025,9767700
2025-08-18,75.36198425292969,76.16981822781429,74.79747322766379,75.05053117444284,9069100
2025-08-19,74.82667541503906,76.68566642924387,74.63202001357244,76.11142037135045,7684800
2025-08-20,74.2232437133789,75.48851875084846,74.1259160067471,74.6417595349609,6282600
2025-08-21,74.14537048339844,74.19403804421533,73.12341111126133,73.67818714668876,6354900
2025-08-22,76.28662109375,77.02632506196525,74.21351189374758,74.49576745300904,10985900
2025-08-25,77.0555191040039,78.02881101869576,76.29635259864475,76.37421773397081,12488900
2025-08-26,76.54940795898438,77.3572420027155,76.28661499264884,76.89005863235661,6874800
2025-08-27,75.97515869140625,77.38643631547386,75.5761128981371,76.85112283296073,12636700
2025-08-28,75.83890533447266,76.55914670846984,75.64424991890095,76.48128157198991,7478600
2025-08-29,75.30359649658203,77.01658488321911,75.06027352313187,75.67344474300025,14208800
2025-09-02,72.6816177368164,74.40351571642387,72.39789535929683,74.00238865931139,15078700
2025-09-03,73.12186431884766,73.55234063327188,72.3098396314795,72.78922895895029,8300100
2025-09-04,73.71866607666016,74.12957125776539,72.89685571444967,73.13165760876444,11096200
2025-09-05,72.30984497070312,73.77736982636296,72.035900727704,73.1805757879239,13758400
2025-09-08,72.5446548461914,72.96534564970874,72.11417845257787,72.65227394459478,13793300
2025-09-09,72.00656127929688,72.93599829360964,71.4684732371122,72.38811719684874,8740200
2025-09-10,72.6424789428711,73.82628140771551,71.74239884031095,73.62082882762357,11359300
2025-09-11,72.72074890136719,73.89476578022953,72.40767723605607,72.79901868374928,9803400
2025-09-12,71.41954040527344,72.67182704276239,70.37270634447715,72.63269215231372,11806000
2025-09-15,71.44889831542969,71.6250016115576,71.00864380721896,71.59565230623927,10323800
2025-09-16,71.17495727539062,71.79131504302825,70.5292427399647,71.22387775748686,8813600
2025-09-17,70.7444839477539,71.73261950751319,70.05964195438683,71.48803201499382,11108700
2025-09-18,70.53902435302734,72.00654916258082,70.07919871842583,71.85001706428805,14918400
2025-09-19,69.355224609375,70.68578108577402,69.20847062984824,70.45097919706168,33415600
2025-09-22,69.73677825927734,70.92058071849269,68.9051823540355,69.257388908009,12336300
2025-09-23,69.39435577392578,70.85209497336108,69.19868878787891,70.02049908633626,10432400
2025-09-24,69.6780776977539,69.98136376351616,68.92474413127624,69.139982293127,10024500
2025-09-25,67.74095153808594,69.61938920057813,67.55507011477485,69.61938920057813,13075300
2025-09-26,67.8094253540039,67.93661561092576,66.55713874694449,67.87790954457068,15627600
2025-09-29,68.04424285888672,68.44536246200835,67.25177431381108,68.25947358063465,18479300
2025-09-30,68.22034454345703,68.68994833430277,67.3300425159764,68.55297993995462,40567700
2025-10-01,72.59355926513672,73.0729560881994,70.05963661845117,72.74031324231474,57921900
2025-10-02,72.95555877685547,75.30360025603431,72.2804948922343,73.37624957297592,26254400
2025-10-03,70.37271118164062,73.16100700586584,70.36292559230155,73.16100700586584,18794900
2025-10-06,69.62916564941406,70.82275380839046,69.47263353543669,70.46076163197728,14039600
2025-10-07,67.41809844970703,70.03029101752531,67.40831286025329,69.68787002882179,17368000
2025-10-08,67.59419250488281,67.92683535964142,67.1832873291965,67.41809668463229,13051800
2025-10-09,66.58650207519531,68.15186812799817,66.42018435795603,68.04424902526252,13410900
2025-10-10,63.807987213134766,67.00718837968644,63.4753443368562,66.70390227289971,18806100
2025-10-13,65.92121887207031,66.0581872719392,64.13084408400753,64.27759060942564,13191200
2025-10-14,66.17559814453125,66.5278047669053,64.62980324235832,65.03093035392492,9483700
2025-10-15,66.97784423828125,68.02467850432494,66.65498692694159,67.0952489326462,13001500
2025-10-16,65.39291381835938,67.5452884088385,65.1385481793665,67.11481199789897,15349700
2025-10-17,65.91143798828125,66.30277199197711,64.88416756803547,65.18745366016505,10054000
2025-10-20,66.1560287475586,66.70390235122778,66.00927475679919,66.09732267272402,9670000
2025-10-21,66.8800048828125,67.78987065805877,65.95057539232369,66.28321080097258,9659200
2025-10-22,67.58441925048828,67.85835605402087,66.48866457213983,66.74303766008498,8096100
2025-10-23,68.17141723632812,68.37686980728296,67.25176599701099,67.5941869486024,9124900
2025-10-24,67.61376190185547,68.56276249514018,67.4180949083651,68.20077034654392,7102900
2025-10-27,67.10501861572266,68.91497197107859,66.78216880922321,68.52363050332008,9838100
2025-10-28,65.97013854980469,67.12459180902086,65.59836824959598,66.63541682569567,11262400
2025-10-29,63.93517303466797,65.73534097314831,63.54383152941412,65.559237668995,15143100
2025-10-30,63.49491500854492,64.57109849054372,63.172057724679895,63.76885180786629,13895200
2025-10-31,63.19161605834961,63.83733057108839,62.8589806772786,63.59274309763594,17822500
2025-11-03,61.29362869262695,63.44599569639738,60.9903388505532,63.31881288413886,22633300
2025-11-04,59.90436935424805,61.23492593588423,59.79675025836438,61.06860449712519,13725400
2025-11-05,60.765316009521484,61.48929288275359,59.54237857166156,59.95328375937023,20979800
2025-11-06,60.550079345703125,61.12730598014302,60.33484115696348,60.54029748808268,15164600
2025-11-07,59.76739501953125,60.83379655052404,58.98471585277247,60.403323941833875,15504800
2025-11-10,59.48367691040039,60.74574925639108,59.18039081089722,60.41311012021002,13063100
2025-11-11,61.78280258178711,62.22305708604489,59.9141542737495,60.39354367281965,17646400
2025-11-12,62.810062408447266,63.7786342116589,62.360026069263704,62.71222890846503,14812200
2025-11-13,64.6004409790039,64.82546473425529,63.47533713118137,64.28736931792623,21923600
2025-11-14,62.78071594238281,63.65144682074916,62.369810745355124,63.534049601151494,17760100
2025-11-17,61.538211822509766,62.16435517785227,60.91206473505847,61.70452951847503,17064700
2025-11-18,61.13709259033203,61.40124380369194,60.3446277539252,61.049040941842385,14614600
2025-11-19,61.283843994140625,61.85128879102779,60.66748244320331,61.078391387864556,11732100
2025-11-20,60.100040435791016,62.44808191446132,60.08047298805604,61.58713287466767,13886600
2025-11-21,61.44037628173828,62.12522199503446,60.207656983492285,60.66747892341676,12476900
2025-11-24,60.589210510253906,61.70452881576984,60.589210510253906,61.15665152003011,16681700
2025-11-25,62.30132293701172,62.73179928851538,60.53050824584607,60.990333900549075,11527200
2025-11-26,62.937255859375,63.465565743060324,61.60669929251225,62.125223586439155,13791000
2025-11-28,63.23075866699219,63.377512661818145,62.58505153966351,63.074226546271206,4941400
2025-12-01,64.38272857666016,64.9734846443512,62.60061231076207,62.78768418914595,12047300
2025-12-02,63.9298210144043,64.46150377607103,63.58521390365872,64.4418076486732,9051200
2025-12-03,64.63873291015625,65.63317703513853,63.979055352103515,64.07751345583392,12028300
2025-12-04,64.67810821533203,65.08178863527783,64.0085826910508,64.58949067659665,10619500
2025-12-05,64.84549713134766,65.06210946650994,63.880589687044356,64.68795815600353,10917900
2025-12-08,62.56122970581055,64.78641873229962,62.2953883394989,64.58949502843662,12867300
2025-12-09,62.354469299316406,62.96491779522756,62.00001412235644,62.53169313186056,9300200
2025-12-10,64.77657318115234,65.13102834998018,62.777840702692146,62.994453029405996,20302100
2025-12-11,66.69652557373047,66.77529505024589,64.55010616584528,64.8159512711171,16153500
2025-12-12,66.43069458007812,68.07496812837108,66.08608747592564,67.11990878838311,14829200
2025-12-15,66.73591613769531,67.29713556108544,65.66271009600263,66.37162042278415,15287500
2025-12-16,66.0860824584961,67.14944036888065,65.71193119221867,66.2534619661092,16376700
2025-12-17,64.67810821533203,65.80054696017547,64.60918680159149,65.53470185584003,13205500
2025-12-18,64.61903381347656,65.96793305941291,64.39258093648779,64.99318510708291,35650000
2025-12-19,57.805633544921875,59.449910911488324,57.32318358081777,58.28808726496187,108652700
2025-12-22,56.338584899902344,58.16993407964069,56.25981541624509,58.08132028849413,38695900
2025-12-23,56.45673751831055,56.71273083806883,56.11213040403289,56.29920230093564,23276700
2025-12-24,59.07576370239258,59.64683122103161,57.97301716494331,57.97301716494331,36073300
2025-12-26,59.99143600463867,59.99143600463867,58.9379185601036,59.0757614024262,22303600
2025-12-29,60.267120361328125,60.79880310365918,59.577902408965905,59.60744284305253,18062100
2025-12-30,60.24742889404297,60.35573505680147,59.70590183618617,60.35573505680147,13507800
2025-12-31,62.72861099243164,63.2110609347518,60.9661832303886,61.29110171703891,35457400
