Price,Close,High,Low,Open,Volume
Ticker,ORCL,ORCL,ORCL,ORCL,ORCL
Date,,,,,
2021-01-04,58.89447021484375,59.77211048107814,58.35864432364994,59.76287720758541,11249900
2021-01-05,58.16463088989258,58.93141536961372,57.72119066423382,58.82979299045553,11005700
2021-01-06,58.02552795410156,58.74887526420231,57.413464029177455,57.74731772234243,8685400
2021-01-07,58.48920822143555,59.110547776210616,58.285185750071385,58.285185750071385,7382800
2021-01-08,58.77670669555664,58.925085741694055,58.340841699812444,58.591232003475994,7751700
2021-01-11,58.45212936401367,58.95291000787206,58.275930339383095,58.377941604350816,6284700
2021-01-12,57.88642501831055,58.44284905742208,57.66385823277416,58.42430123568816,7758200
2021-01-13,57.55257034301758,58.04407519883804,57.4691069205542,57.79368493144789,8298000
2021-01-14,57.125972747802734,57.654573199740476,57.04250933235811,57.561837643750756,10258600
2021-01-15,57.29290771484375,57.49693021215595,56.76430718783958,57.12598086024925,7532600
2021-01-19,56.838497161865234,57.76586698259998,56.66229463183915,57.589664452573906,8903400
2021-01-20,57.08889389038086,57.52475534979701,56.70867236241096,56.91269134043971,7025000
2021-01-21,56.764305114746094,57.35782122601281,56.495367021317406,57.172350094468264,6943600
2021-01-22,55.976043701171875,56.70866671847418,55.401075395092874,56.513916364888324,9896700
2021-01-25,56.47682189941406,56.52318968161149,55.42889304110406,55.99458918176375,8524700
2021-01-26,57.311458587646484,57.53402891816789,56.42118434083162,56.62520684900663,8186500
2021-01-27,58.00697708129883,58.59122101359454,56.9126804946779,56.94050399273426,14789000
2021-01-28,56.77357864379883,58.64686601006194,56.72720732503378,58.00697860250757,11166400
2021-01-29,56.04096603393555,57.033251591624506,55.836943514084716,56.71794566896213,11451800
2021-02-01,57.04251480102539,57.50619970069687,56.32844316865015,56.49536647790765,10553500
2021-02-02,57.84005355834961,58.35010624190626,57.31145305423734,57.38564433645979,10528000
2021-02-03,57.65457534790039,58.19245149805872,57.47837636990103,57.66385102642579,9933500
2021-02-04,58.74888229370117,58.785977939077014,57.72877680931367,57.94207146377158,9928700
2021-02-05,58.9807243347168,59.41658932057133,58.68396624917532,58.88798875959837,9170200
2021-02-08,58.526309967041016,59.23110947441398,58.2759196908646,59.15692172830715,7003400
2021-02-09,59.04563903808594,59.21256590084401,58.34083948015713,58.49849420059992,5437400
2021-02-10,58.6746940612793,59.25893808945212,58.359388153431226,59.2032946218429,9577500
2021-02-11,58.146095275878906,59.323855510631326,57.75659806599411,58.943633981115624,7690800
2021-02-12,58.49848937988281,58.535581483722645,57.78441420084853,57.79368634239972,6663400
2021-02-16,57.626766204833984,58.66541952365167,57.589670559038765,58.526316158372836,7526000
2021-02-17,57.580387115478516,57.636030573250565,56.90340763194186,57.33927254040257,6244500
2021-02-18,57.56184768676758,57.69167890285917,57.181626180655634,57.32073307654538,6262400
2021-02-19,56.69010925292969,57.83077352925997,56.64374147668236,57.73803443913074,10905100
2021-02-22,59.768985748291016,60.25122204652898,57.756594813072404,58.285195360002426,20940300
2021-02-23,59.81534957885742,60.483056938757606,59.398036016554705,59.741158299919675,18175400
2021-02-24,60.000823974609375,60.41814463495112,59.425859219645886,59.80607716322463,10609300
2021-02-25,60.557254791259766,61.54026458044763,59.88954735887913,59.94518728648733,15356100
2021-02-26,59.82463073730469,61.46607225135242,59.8153550577704,60.77982054649403,20512600
2021-03-01,61.36406326293945,61.88339520693541,60.0657440158556,60.23267087727025,11758900
2021-03-02,61.818477630615234,62.52327362280227,61.206410133153874,61.345517025783316,13282000
2021-03-03,62.05032730102539,62.63456782761005,61.39188840444627,61.43825973246608,15827600
2021-03-04,60.8447265625,62.42125222186055,60.56651282248611,61.837011858154554,19951100
2021-03-05,64.88807678222656,66.51097420094631,62.42126930964235,62.42126930964235,34211500
2021-03-08,66.91900634765625,67.64235363997824,65.0086198003288,65.35174916411201,23300500
2021-03-09,67.36414337158203,67.90201956694604,66.77062725092873,67.1415765951546,17296400
2021-03-10,66.88189697265625,68.27295134922778,66.30692528324337,68.16166445200543,21378600
2021-03-11,62.51402282714844,63.15390339509684,60.677826886949255,62.7365896735969,38095400
2021-03-12,62.282169342041016,62.94060115860699,61.6237304502038,62.09669110656883,11606300
2021-03-15,62.810752868652344,62.85711710847196,62.04103431989979,62.0873985597194,8919600
2021-03-16,61.99467849731445,63.12607094563441,61.83702730704589,63.06115533344906,14512500
2021-03-17,61.410423278808594,61.994663648541305,61.35478336033959,61.94829940824027,11892400
2021-03-18,61.89267349243164,62.143067361354106,61.28988156107851,61.64228669878097,13750300
2021-03-19,61.44752502441406,61.976125528223406,61.169311253874376,61.939029887133444,30963600
2021-03-22,61.50316619873047,61.688637332680706,61.07657693042875,61.410430631755354,10263700
2021-03-23,62.384159088134766,63.00550218906257,61.51243634663223,61.51243634663223,12390100
2021-03-24,61.976131439208984,62.51400767340839,61.892664469978364,62.23579387633401,11391100
2021-03-25,63.6453857421875,63.73812838082294,61.91120877391612,62.09667990064708,14844700
2021-03-26,65.14773559570312,65.25902253100682,63.32081575727495,63.58975387780573,12617000
2021-03-29,65.96379852294922,67.07664631210109,65.07352453678894,65.11062017062088,15183700
2021-03-30,65.42593383789062,65.88961867848441,64.86950636896275,65.68559621658008,12000200
2021-03-31,65.07354736328125,65.9360016954164,64.83243627169982,65.56505230224418,9971700
2021-04-01,66.59443664550781,66.61298800743972,65.22193302395007,65.34248857542143,13228700
2021-04-05,68.77375030517578,69.46000200145572,66.82626799300432,66.94683059963171,25010200
2021-04-06,68.88504028320312,69.22816971941823,67.8463904443187,68.27297978175643,14699800
2021-04-07,68.98748016357422,69.08993277537219,68.41002063397498,68.54972938696152,12356800
2021-04-08,70.11444854736328,70.34729408961987,69.06198925448102,69.17375056699969,13507700
2021-04-09,70.39388275146484,70.49633538284988,69.76054244194086,70.17966167514604,13285700
2021-04-12,70.89684295654297,70.96203945144433,70.0399656017016,70.08653757201043,10634900
2021-04-13,71.40908813476562,71.72576185128946,70.69192680097973,70.93408821880574,13142400
2021-04-14,71.54877471923828,72.05172192057564,71.26004853372083,71.75367992414036,12730700
2021-04-15,72.91791534423828,73.16007671270512,71.55809814664865,71.71643141969592,13604200
2021-04-16,73.53260803222656,73.89584645351019,72.51740503578796,72.93652410469032,13334100
2021-04-19,73.34635162353516,74.70616884537351,72.96448149314772,73.40223228422303,19967200
2021-04-20,73.80272674560547,73.9703758331263,73.25321463454875,73.29977948304297,12562300
2021-04-21,71.39977264404297,73.89587046034218,71.2786883936907,73.38361444369642,18672800
2021-04-22,69.73259735107422,71.23212346537979,69.62082891376359,70.88750944641778,16769300
2021-04-23,69.82574462890625,69.85368496595115,68.7825937086297,69.19240426764625,10664700
2021-04-26,69.38798522949219,69.890932552318,69.1085676815167,69.82573607190818,9402200
2021-04-27,70.05858612060547,70.25417557428825,69.12720370922999,69.28553701375169,9300200
2021-04-28,69.63944244384766,70.10513353365931,69.53699694150063,70.00268803131229,6107800
2021-04-29,70.66398620605469,70.69192654149283,69.51838271190334,70.20760370761862,7940400
2021-04-30,70.5894546508789,70.71053177337578,70.03062677691209,70.37523362781928,7825300
2021-05-03,72.02378845214844,72.16349720569283,70.85956068241586,71.04583428322012,15319600
2021-05-04,73.14144134521484,73.299774610158,71.65123128069854,71.78162421722608,15316500
2021-05-05,73.75615692138672,74.35224094660731,73.03898866530807,73.55125170536425,12271900
2021-05-06,74.26842498779297,74.47333023728805,73.16939355440564,73.74685315699331,14089700
2021-05-07,74.88313293457031,75.01352587868523,73.18801755519397,74.33361372218675,14073400
2021-05-10,74.65028381347656,75.18117137657266,73.20663857925763,73.36497184585701,17356700
2021-05-11,72.35909271240234,74.41744672993875,71.94928222905978,74.27773796462806,12980400
2021-05-12,71.48358154296875,72.82477414156598,71.27867632864061,72.24731463808506,12302600
2021-05-13,72.77820587158203,73.05762337904909,71.60466228845574,72.21006215071277,11399300
2021-05-14,73.47674560546875,73.62577017724858,72.75958439495568,72.75958439495568,9033400
2021-05-17,73.65371704101562,74.07283625102725,73.43949597655153,73.46743630976786,6637900
2021-05-18,73.29045104980469,74.01692786489352,73.01103361051791,73.5698613832108,6643100
2021-05-19,73.3370361328125,73.36497646327886,72.2286960909782,72.47085035894185,8165000
2021-05-20,73.31839752197266,73.87722534153598,73.28114138655093,73.53261141829599,8802700
2021-05-21,73.6071548461914,74.370888180913,73.56058998661483,73.75617945095868,8629000
2021-05-24,73.93312072753906,74.39881185430687,73.70959097633767,74.03557334389859,7044700
2021-05-25,73.42085266113281,74.21252602509368,73.25320359886851,74.14732956231765,7160600
2021-05-26,73.82135009765625,73.9238027010988,73.16006963372459,73.19731866599298,12851100
2021-05-27,73.56055450439453,74.55713297394827,73.43015448518,74.04487002450814,12867800
2021-05-28,73.3370361328125,73.91449568402048,73.27183965976342,73.53262555195973,6929700
2021-06-01,74.1100845336914,74.35224590567685,73.09488130317358,74.11940034573615,10485300
2021-06-02,74.7620620727539,75.37677786717805,74.05421656545093,74.23117438933478,12249300
2021-06-03,75.5257797241211,75.87039369868872,74.18459417858598,74.32430293075568,12038700
2021-06-04,77.20227813720703,78.19885691214743,75.78658017038707,75.83314502177201,14502900
2021-06-07,78.18022155761719,78.46894775619096,77.16501129811643,77.24883938840424,10445600
2021-06-08,78.80425262451172,79.1954314635218,78.23610888438073,78.26404921489821,10726800
2021-06-09,78.72042846679688,79.0091618103206,78.26405313177825,78.79494075582771,9720300
2021-06-10,76.65275573730469,78.66453753742337,76.10323655976703,78.38512714884465,16680800
2021-06-11,77.21158599853516,77.5282525365211,76.22431603201167,76.35471607775668,11066500
2021-06-14,76.9508056640625,77.39786517412729,76.49442323577276,77.30472836835403,10173200
2021-06-15,76.03804779052734,76.84835292179959,75.76794608010327,76.37334597547567,17298000
2021-06-16,71.79093933105469,73.16007225717193,70.69190808680048,72.63849341024792,36560600
2021-06-17,72.2380142211914,72.40566333174333,71.306631852766,71.70712655542427,14836100
2021-06-18,70.9992904663086,71.63263084487704,70.7571290288277,71.62331503031271,22521200
2021-06-21,72.63850402832031,72.74095665041291,71.29731834017882,71.35319900463548,8924300
2021-06-22,73.2811508178711,73.75615772328011,72.33114411293525,72.70369130333697,9845800
2021-06-23,72.74093627929688,73.458104433102,72.70368014479833,73.35565183970125,7295900
2021-06-24,72.4056625366211,73.54195015056332,72.28458538817348,73.25322389340482,9624000
2021-06-25,73.07624816894531,73.21595692319913,72.23800274930481,72.67575352988833,12845000
2021-06-28,73.11351013183594,73.55126094727356,72.95517684715344,73.10419431924197,5605400
2021-06-29,72.74093627929688,73.19731149161217,72.48015044368813,73.1507466528998,5392900
2021-06-30,72.49879455566406,72.84340856351987,72.25664027478669,72.26594898151681,7899800
2021-07-01,74.08212280273438,74.15663506580225,72.56397274859907,72.62916920231334,13108000
2021-07-02,76.20570373535156,76.61551424400103,73.90518818960577,73.99832500360336,15258100
2021-07-06,77.37924194335938,77.8914979365806,75.77726327621505,76.00079303496827,14200400
2021-07-07,80.18269348144531,81.18858800418376,77.2674696337923,77.46305905112213,20976600
2021-07-08,79.71700286865234,80.92780262844106,78.85082420321105,79.18611527370432,16383300
2021-07-09,81.73810577392578,82.3341898274007,79.89396584819357,79.98710264919607,15685300
2021-07-12,81.1047592163086,82.75330249296228,81.00230661147839,81.52387834088171,16076800
2021-07-13,81.0954360961914,81.89642524037302,80.59248892850425,80.75082217410542,12789300
2021-07-14,82.52572631835938,82.89030474313844,81.01132582530627,81.40394764705376,13330500
2021-07-15,80.61869049072266,82.9837785424668,79.93627744485285,82.35745228609468,18306300
2021-07-16,81.78721618652344,82.71269104390466,80.88044168114091,81.0954529365583,14617500
2021-07-19,81.31047821044922,82.14246571546641,80.57197108525835,81.24504123136121,15619900
2021-07-20,82.88096618652344,83.24554463104285,81.34785812565549,81.42264527635055,12813900
2021-07-21,83.84381103515625,84.36730672257757,82.69398199932006,83.09595393990251,13108100
2021-07-22,84.77864074707031,85.19930596468292,83.83447263640586,84.13361409010912,13638900
2021-07-23,81.97418212890625,85.25538775057433,81.44133622291871,85.05907685174675,12680900
2021-07-26,82.13309478759766,82.35744906891873,81.02065929205344,81.74047301226229,10454100
2021-07-27,82.0770263671875,82.82487651630689,81.44134981778343,82.03963278991719,8465200
2021-07-28,81.49742889404297,82.21723557501669,81.44134209950072,82.17049895692979,6396800
2021-07-29,81.91809844970703,82.50703835192775,81.6376573300691,81.964842202361,6201400
2021-07-30,81.46000671386719,82.40417450563478,81.207609094967,81.7124114648598,7962800
2021-08-02,81.89005279541016,82.1985444374007,81.41329363343343,82.01158369612497,5579100
2021-08-03,83.89054870605469,84.29252065171629,82.0863500381448,82.1517869998993,9889800
2021-08-04,84.18035125732422,84.21773769553079,83.46053751019812,83.93729661641594,7509900
2021-08-05,83.60077667236328,84.61972490122082,82.97445030423458,84.30189019456287,8231300
2021-08-06,83.68490600585938,84.0214410636012,83.03053624474776,83.42315810141473,6513900
2021-08-09,84.04014587402344,84.57299188835178,83.29228856558906,83.62882364117495,5798700
2021-08-10,83.79707336425781,84.24578908034358,83.13335353187033,83.2922708581967,5473300
2021-08-11,83.7877197265625,84.52622666979917,83.67554615124669,84.04012453521119,8009800
2021-08-12,83.95599365234375,84.11491811637093,82.89030181265122,83.30162397256574,5687200
2021-08-13,84.48885345458984,85.38627793378215,84.08688140465098,84.71321492345976,6640400
2021-08-16,84.90018463134766,84.91887785634269,83.7036185329622,84.00276005755856,7122800
2021-08-17,85.02169036865234,85.79759098496028,84.47950137377832,85.05908394279797,6738500
2021-08-18,83.14271545410156,85.1151820106436,83.06792830217216,84.59167907923313,7666300
2021-08-19,82.92770385742188,83.56338038219421,82.47899521175631,82.53508200944067,8099400
2021-08-20,83.14271545410156,83.5727308795526,82.54443250285705,83.01184150427278,8716400
2021-08-23,83.31098175048828,83.7316469927166,82.92770295157759,83.65685984189084,7147300
2021-08-24,82.77814483642578,83.8064433104238,82.70335767741966,83.39512106798618,6320100
2021-08-25,82.84357452392578,83.1053224253067,82.31072854408737,82.77813754858055,5748500
2021-08-26,82.93706512451172,83.36708060581473,82.69401041522,83.02119533228792,9093200
2021-08-27,83.52599334716797,83.6849107077818,82.83422997054032,83.00249750886552,5426800
2021-08-30,83.61946868896484,84.11492822846785,83.47925169222343,83.62881886611275,5357000
2021-08-31,83.32032775878906,83.66621299458923,82.72204479509372,83.61946924063673,8113300
2021-09-01,84.08686065673828,84.29252171974221,83.07726282431881,83.44184120615523,8208000
2021-09-02,83.9466552734375,84.60102498957967,83.58207684128757,84.29253335250051,7717400
2021-09-03,84.13362121582031,84.58233700042668,83.4792514592021,83.51663790349848,8456900
2021-09-07,82.93706512451172,84.75995761395886,82.76879757686304,84.17102476323663,11046000
2021-09-08,83.63816833496094,83.75969210847283,82.23594132265805,82.39485867234949,8851200
2021-09-09,83.70361328125,84.90952948251993,83.58208949616552,83.75970008481266,11034700
2021-09-10,83.83445739746094,84.64775142005023,83.6755400892139,83.80641400566364,10547400
2021-09-13,83.09593963623047,84.61034678399544,82.47896370112869,84.24576847414153,18883400
2021-09-14,80.75891876220703,81.28241451010636,79.20712473860773,80.57195803284147,22714200
2021-09-15,82.01158142089844,82.60051415846395,80.55326057744422,80.90849596094604,14951100
2021-09-16,81.56285858154297,82.23592858432517,80.57195392861044,81.95548037246782,12410500
2021-09-17,80.75891876220703,81.86200418249109,80.34759659908919,80.59065125294015,58069000
2021-09-20,80.55326080322266,81.71244019292666,79.39408854561358,79.48756891392004,13897700
2021-09-21,81.25437927246094,81.94614973118075,80.50652914781422,81.08611174629874,11124400
2021-09-22,82.67529296875,83.19878868268552,81.55350726905279,81.90874261673262,9908000
2021-09-23,83.59141540527344,84.18969829427716,82.88095893214066,83.14270680456796,9720200
2021-09-24,84.0775375366211,84.18971113786283,83.1427194884295,83.45120402394,7617800
2021-09-27,85.10580444335938,85.3582020847708,83.33899955720021,83.92793214188892,11533000
2021-09-28,84.5916748046875,86.25564962450909,84.18035975405087,84.73189892444556,15041800
2021-09-29,85.30213928222656,86.07803990466086,85.06843479104238,85.2086589121719,12007300
2021-09-30,81.45069122314453,85.61063567649352,81.44134817808677,85.30214401929615,15649900
2021-10-01,83.89054870605469,84.38600100678072,81.89003915288131,82.03961342665954,13320900
2021-10-04,83.44184112548828,84.53557626994018,83.16139292491877,83.6475021882934,10853900
2021-10-05,85.5264892578125,85.97520499624353,83.35771197493438,83.52597948533418,9788600
2021-10-06,85.38626861572266,85.53584291197981,83.80643112105277,84.52623780852905,10268300
2021-10-07,86.29302978515625,86.82587565173506,85.67605373905684,85.7321405254039,9124400
2021-10-08,88.54440307617188,89.13538444182744,86.4056051925755,86.65888087588382,13202300
2021-10-11,89.38867950439453,90.80516702364758,88.36617961611617,88.45060962669943,12959300
2021-10-12,89.65132904052734,90.54249247326061,89.36052969746996,89.89522918849082,9964100
2021-10-13,90.429931640625,90.98338939642541,90.0077959295303,90.14850783322854,9453900
2021-10-14,89.37928771972656,91.3210918829697,88.52564793935429,90.80515779680532,7911200
2021-10-15,89.42620086669922,90.0922296039665,88.86336038588652,89.20105894885013,7422800
2021-10-18,90.53311157226562,90.66444076180599,89.21042981873234,89.58565914180657,7344100
2021-10-19,91.0490493774414,91.25542587147339,90.35487975316464,90.99276748157972,5616500
2021-10-20,90.65506744384766,91.90270203052191,90.28922078413187,91.24604885794896,6574100
2021-10-21,90.33613586425781,90.83331177513209,89.78267089167129,90.58941159279368,6224400
2021-10-22,92.1653823852539,92.1841406372095,90.26110132942189,90.32676594662622,6819600
2021-10-25,91.82765197753906,92.82200367346809,91.50871168145035,92.34359322933501,5083100
2021-10-26,90.97400665283203,92.45615140471702,90.93648300435461,92.21225842497006,7089700
2021-10-27,90.08284759521484,91.27420032639945,90.05470664449325,90.81454094159653,5941200
2021-10-28,90.27044677734375,91.64940316951036,89.98902301581383,90.66443431796279,5177200
2021-10-29,89.99842834472656,90.9646391949954,89.5481516444461,89.85771642858234,7578600
2021-11-01,88.53502655029297,90.08284317619801,88.09413974910728,90.05470222685688,7327600
2021-11-02,89.93276977539062,89.97966897931686,87.70954139039922,87.92530063055855,6229600
2021-11-03,90.1954116821289,90.87082307560117,88.8821125455889,90.52373467703777,5746400
2021-11-04,89.70761108398438,90.62692262356153,89.41681174045183,90.27045868126665,5857500
2021-11-05,89.06974029541016,90.57065796462179,88.27238225670763,90.24232775141559,6160200
2021-11-08,89.24795532226562,89.35114356717901,88.46935571315709,89.35114356717901,5056400
2021-11-09,88.7320327758789,89.68886812887158,88.23485684949706,89.21983315577086,6102600
2021-11-10,88.01909637451172,88.97592447933678,87.57820239674442,88.27237208679026,5828800
2021-11-11,88.21607971191406,88.89149107367358,87.99094497696228,88.28174430781267,3620600
2021-11-12,87.7470474243164,88.6194525994733,87.64385917673515,88.45059975405893,6435300
2021-11-15,88.19732666015625,88.41308588084009,87.16545122714552,88.00971554757437,5700900
2021-11-16,89.6888656616211,90.40180080505566,88.19733076660046,88.30990173353398,7392900
2021-11-17,89.42620086669922,90.18603515795111,88.94778323740118,89.82957119004757,6257600
2021-11-18,88.79769897460938,89.42620408149604,87.70953446993522,89.25735121549161,5725300
2021-11-19,88.15042114257812,90.95524786901031,88.12228019339827,88.93839634723278,8936600
2021-11-22,88.75079345703125,89.74514525684953,87.62511244429001,87.9252945248147,6488200
2021-11-23,87.18421936035156,88.45061230216493,86.54633153794778,88.32866579086178,8905500
2021-11-24,87.78458404541016,87.89714785438295,86.4431437855425,86.518191096128,10908500
2021-11-26,86.61199188232422,88.25361413715112,86.36809171481653,87.13730871365921,4519300
2021-11-29,87.18421936035156,88.30051768187913,87.11855475320289,87.39997143088063,9552500
2021-11-30,85.12045288085938,87.72828581752367,84.99850638157889,87.25925091073067,23271200
2021-12-01,84.1917495727539,86.66825283164532,84.10732674108647,86.01160695122083,12084900
2021-12-02,84.41688537597656,85.40186136629549,83.48819843106953,83.86342772056739,7089800
2021-12-03,82.77528381347656,85.1673648588587,82.28749062723546,84.75461182341265,10808600
2021-12-06,83.43194580078125,83.64769788699344,82.40944580724815,82.86909809070127,8398500
2021-12-07,84.47319030761719,85.11107807265519,83.68520793579152,84.40752570637378,6803700
2021-12-08,83.43194580078125,84.58576786125217,82.46573487239971,84.47320404476092,7695800
2021-12-09,83.2724609375,84.41690734773469,82.77528504119597,83.60079112433198,8615800
2021-12-10,96.27410125732422,99.7543393658876,93.90078580202422,97.83130056484076,45824600
2021-12-13,94.64187622070312,97.89698007640965,94.29478776441229,96.09588749886383,16317600
2021-12-14,93.70381164550781,95.1765812579437,93.23477664591796,93.80699991797007,9511600
2021-12-15,97.2309341430664,97.33412239143435,94.03211275746914,94.35106020430761,14452200
2021-12-16,96.82756042480469,97.5592536823174,95.94577257246671,97.51234733220845,9053200
2021-12-17,90.6363296508789,93.76009743826765,89.8764880533788,91.64006430529402,28872300
2021-12-20,85.96471405029297,90.44868645273519,85.85214310022877,90.44868645273519,17205400
2021-12-21,85.84275817871094,86.15231573299138,84.15422989671005,86.12417478777532,15823000
2021-12-22,84.29496002197266,86.17109978269868,83.96663699522664,85.61763483169379,10539000
2021-12-23,84.16363525390625,84.76399943647677,83.544505664871,84.45443464195914,9655400
2021-12-27,83.99478912353516,84.73586528646393,83.50698871296893,84.14487660277433,7666200
2021-12-28,83.15989685058594,84.23867865119526,83.03794318494946,84.1448659370425,5610500
2021-12-29,82.74713897705078,83.66645056095074,82.28748676355322,83.01918008701195,5628500
2021-12-30,82.55953979492188,83.40380419655517,82.33439784988241,83.15990400121537,7382400
2021-12-31,81.8090591430664,82.64394061846372,81.78091819666713,82.59704142676622,5908200
2022-01-03,82.45634460449219,82.49386825884896,80.44887561628855,81.92164505449225,10644400
2022-01-04,83.33811950683594,84.03229632771811,82.2968685893222,82.45633874132022,11959000
2022-01-05,81.10552978515625,83.11299897409033,80.8803949934092,83.00981070351752,11236700
2022-01-06,81.29383850097656,82.31071941548257,80.55001652571951,80.97371331501714,7918400
2022-01-07,82.39545440673828,82.85681420171086,81.23733895659137,81.39740153271562,9836800
2022-01-10,84.06200408935547,84.15615812447454,81.86817987196822,82.27304868812341,11025500
2022-01-11,83.30876159667969,83.79836687159742,82.3012983721923,83.45940661069585,7249800
2022-01-12,83.14868927001953,84.28796954035438,82.54609486560261,83.69479269386359,5840300
2022-01-13,82.65906524658203,83.72301917897359,82.43309419209423,83.54412871993715,6044300
2022-01-14,82.56492614746094,82.95095980260278,81.59512604737033,82.3672005411456,6054800
2022-01-18,80.55001831054688,81.88702444063769,80.352285475434,81.79287039465119,6824700
2022-01-19,78.5068130493164,81.62336338567434,78.36558561854488,80.75712777049395,10501800
2022-01-20,77.8853988647461,80.03214223655623,77.69708363174156,79.0152615288067,10836900
2022-01-21,77.41463470458984,78.51625206665737,77.23573699872674,78.48800657278275,11609000
2022-01-24,77.6029281616211,77.6029281616211,74.93832692804158,76.47306551860432,16770400
2022-01-25,76.33185577392578,77.30165617561035,75.51270042145254,76.57666206032476,13469900
2022-01-26,74.93834686279297,77.23574298936012,74.6464671587923,77.1227610050984,13971300
2022-01-27,75.11725616455078,76.40718909054434,74.57115254477297,75.42797103616518,10331900
2022-01-28,75.77633666992188,75.79516460598131,73.97796347777768,75.314969626292,7854700
2022-01-31,76.41657257080078,76.8685147429558,75.43735495314316,75.78572554761864,10594200
2022-02-01,76.30359649658203,76.64255677546235,74.99483599115231,76.64255677546235,8016900
2022-02-02,77.67827606201172,78.03606432326998,76.11529154408102,76.41659599586926,9287600
2022-02-03,77.15099334716797,77.92306790312495,76.85910650943966,76.85910650943966,8207200
2022-02-04,77.3110580444336,78.06430468808756,76.70846360290737,77.23573194336973,5570200
2022-02-07,76.02114868164062,77.44289874288854,75.94582974110341,77.33932711821849,6292200
2022-02-08,76.06819152832031,76.13410005824322,75.13605455269892,75.59741426215926,6585300
2022-02-09,78.57274627685547,78.7610615495643,76.87795192343482,76.97210596804267,8755900
2022-02-10,77.06625366210938,78.88345458892006,76.84970009570546,77.91365436073735,6336300
2022-02-11,75.08897399902344,77.61234043454343,74.88183085242619,77.05681952471527,7670500
2022-02-14,74.33573150634766,75.07015011573313,73.85554384079623,74.92891549148625,5389800
2022-02-15,75.1078109741211,75.2584631656042,74.58054267091396,74.75002279458651,5712800
2022-02-16,74.56172943115234,75.1172433338539,73.64842009492057,74.82536363470517,6227000
2022-02-17,71.11561584472656,74.36398343602875,70.9273078032705,74.15684028033226,9247100
2022-02-18,70.21171569824219,71.30392231841462,69.93866404319908,71.08736163217682,7790100
2022-02-22,69.78803253173828,70.53186155966513,69.31725521154345,69.50556326622466,8039000
2022-02-23,68.23445892333984,70.03282436618174,68.12146979205222,69.74094475638593,6807100
2022-02-24,70.43769836425781,70.56010506149444,66.12538369222601,66.79388660604864,11240500
2022-02-25,71.8876953125,72.33964470034334,69.97634054305223,70.28705529822629,8291800
2022-02-28,71.52991485595703,72.21724579444663,70.63543354150096,71.15329152268566,9234400
2022-03-01,71.56758117675781,72.02894100975601,71.20037538550515,71.53933568258344,8752100
2022-03-02,73.70489501953125,74.25099842698721,71.79354027692715,71.981848328847,8527200
2022-03-03,73.6766586303711,74.42048773926551,72.90458402854908,74.34516163579688,8203000
2022-03-04,72.01952362060547,73.35653687712399,71.35102058409268,73.13055855620954,8841300
2022-03-07,69.97634887695312,71.92536692613234,69.14778328130195,71.83121288763672,11110100
2022-03-08,69.0442123413086,70.83316782372941,68.83706914455033,69.5244000972561,9134100
2022-03-09,71.65231323242188,72.45263331305259,70.32472480379776,70.541278368084,8959500
2022-03-10,72.17015838623047,72.35846642463969,70.64483741454751,70.71074594633986,13812600
2022-03-11,73.27179718017578,75.23023296656875,69.67505798761434,72.21725317592727,22795800
2022-03-14,72.56561279296875,74.00619018276765,71.03088137979249,73.36593276691352,13306200
2022-03-15,75.8893051147461,76.77436880500646,72.56561827245967,73.48834501161325,16847200
2022-03-16,75.28671264648438,76.48249113341961,73.20587762989173,76.26593039255602,14071300
2022-03-17,75.8893051147461,76.53898013704291,74.62762530253772,75.11723057116538,10462400
2022-03-18,76.90619659423828,77.19807628444238,74.23217721837635,74.9760063747448,24176000
2022-03-21,76.22826385498047,77.18865362392344,75.57858884560682,76.52956105664079,8131300
2022-03-22,77.01918029785156,77.42404912177459,76.10587105433969,76.69904795211374,9292300
2022-03-23,75.69158172607422,76.65197154242075,75.53151915118056,76.50131934240864,7451100
2022-03-24,77.4334487915039,77.97955218706025,75.78572823088811,75.93638041593465,7025700
2022-03-25,76.9532470703125,77.99836588349622,76.48246985319776,77.24512664620677,5682300
2022-03-28,78.71395874023438,78.81753031514647,76.9626667070731,76.9626667070731,6626700
2022-03-29,79.36365509033203,79.5707982960467,78.25262013708402,79.55196317725824,5762000
2022-03-30,78.48800659179688,79.42956136647439,78.26203545725227,79.05293801990481,5533100
2022-03-31,77.89483642578125,79.0058714436027,77.7630121370796,78.25262468513297,9433300
2022-04-01,77.21688842773438,78.48798559684136,76.7084481233934,78.18668843687902,6147500
2022-04-04,79.15650177001953,79.37306250745635,77.2074838670567,77.44287253738308,7882400
2022-04-05,78.09254455566406,79.58019543532257,77.83832077875653,78.52565883034863,5143400
2022-04-06,77.32046508789062,77.65000775586407,76.61429914930837,77.13214986084051,5492400
2022-04-07,77.07470703125,77.51897004306369,76.35632413530459,76.80058714711828,7112200
2022-04-08,76.50756072998047,77.34882191480024,75.86479864602447,77.23539076648103,6182500
2022-04-11,75.39219665527344,76.68716830178055,75.33547746254546,76.21454922808428,5738400
2022-04-12,74.98573303222656,76.55482437813124,74.69270434536733,75.57177598275763,6174700
2022-04-13,75.3827133178711,75.58121238723558,74.32404440300186,74.9195488226873,4728600
2022-04-14,75.09915924072266,75.95932931693943,74.97628089194622,75.4583543106127,5590400
2022-04-18,73.9365234375,75.60014447003218,73.64350194173367,74.8155951363932,4955900
2022-04-19,75.20313262939453,75.41108614230133,73.95541876354734,73.96487316275045,5412400
2022-04-20,75.89315032958984,77.37717351427088,75.42053138909789,75.42053138909789,9472600
2022-04-21,75.12751770019531,77.13141759908652,74.98573056110934,77.02744084452969,5616100
2022-04-22,72.03658294677734,75.33546135666742,71.9893253764677,74.92900875171986,9357100
2022-04-25,72.76444244384766,72.84005602177325,70.60929321207139,72.02715056341094,7305900
2022-04-26,70.42967987060547,72.45248845489007,70.40132388668636,72.16891419251283,7555200
2022-04-27,70.666015625,71.85701066196151,70.34463086071185,70.49587244663468,7279200
2022-04-28,71.97042083740234,72.43358543876319,70.5147534501032,71.38437068046052,6177900
2022-04-29,69.3804702758789,71.71520927740274,69.144160777127,71.21422708231007,7946900
2022-05-02,69.9476089477539,70.51475028068731,68.55810799453144,69.8814425791049,7379900
2022-05-03,69.27649688720703,70.1461141541059,68.82277945444584,69.80582788243348,5211500
2022-05-04,71.09135437011719,71.22368712297255,68.80387997179554,69.36156697145823,6759900
2022-05-05,68.8133316040039,70.62818689439148,68.04768389431393,69.94761435759767,7197200
2022-05-06,68.52029418945312,68.94565557660913,67.70738900858747,68.1800079643655,6222500
2022-05-09,67.62232971191406,68.61482531910436,67.27258904370765,67.71685207284735,7019700
2022-05-10,68.55811309814453,69.58842629991302,67.36711116220835,68.52975711112597,8129000
2022-05-11,67.14025115966797,69.43717969143539,66.98901683606333,68.35015459487835,6932100
2022-05-12,66.85669708251953,67.04574182663724,65.19307593022373,66.99847703481045,11698900
2022-05-13,67.27259063720703,68.0382383655686,66.66763885899175,67.07409151106708,6700100
2022-05-16,65.89253997802734,67.02682990263237,65.59006410711807,66.81887638920844,6942100
2022-05-17,67.9437026977539,67.96261149564909,66.82832160452062,67.15916066334565,5952500
2022-05-18,64.55976104736328,67.0551888972234,64.09658921519521,66.92285614848794,7977300
2022-05-19,63.36876678466797,64.18167217499916,63.066290863493215,63.784673880631324,9451600
2022-05-20,64.87168884277344,64.92840803321366,63.189166162134505,64.1627602608237,7531100
2022-05-23,66.2044677734375,66.61092038586554,64.90948916835437,65.51444088755981,7370200
2022-05-24,65.2497787475586,66.66763576410386,64.56920622576186,65.85473049769041,6644100
2022-05-25,66.00595092773438,66.3745930571913,65.00399405265404,65.10797077753587,7103300
2022-05-26,67.73576354980469,68.17057219656229,66.08159692749909,66.28954324513556,6758900
2022-05-27,68.7944107055664,68.86057706769571,67.63177216935246,68.39741253279055,6566700
2022-05-31,67.98152160644531,68.98347888432083,67.603424928658,68.27455031781749,16890300
2022-06-01,67.6790542602539,69.257600337059,67.25369995123057,69.02129078502487,5804700
2022-06-02,69.13471221923828,69.18197700761958,67.12135771593402,67.56562076497912,6200400
2022-06-03,67.858642578125,68.96456940011991,67.32931156142882,68.58647272608225,8169500
2022-06-06,68.97401428222656,70.74160463117657,68.65262962958542,68.65262962958542,5274700
2022-06-07,68.70934295654297,69.12524271472473,67.66957553210699,67.66957553210699,5675700
2022-06-08,67.4710693359375,68.1989064563528,67.05516962157776,68.06657374565764,5253500
2022-06-09,65.42938995361328,67.26315438602082,65.41048115094782,66.89450484999658,6824900
2022-06-10,63.46329116821289,64.48415013886391,63.29314800643772,64.25729499369537,10256100
2022-06-13,60.542503356933594,62.48023714033146,60.26837983598759,62.17776123595941,16547200
2022-06-14,66.84721374511719,68.46356940590067,65.2403052693338,68.05711689155687,29661300
2022-06-15,65.88309478759766,67.50890552533005,64.90950066738677,66.59202338521855,11765500
2022-06-16,64.94730377197266,65.18361327800294,63.87918740088953,64.74880465229847,10686000
2022-06-17,64.01152801513672,65.5711723889547,63.699597698054184,64.98512214579308,16445600
2022-06-21,63.97368621826172,65.72237447703874,63.69956642675315,64.85275754565433,10047700
2022-06-22,62.88667678833008,63.8697250768367,62.744889659985226,63.26477339338538,8219900
2022-06-23,63.92643737792969,64.15329966910531,62.67872362283558,62.811056353558214,8775800
2022-06-24,66.82831573486328,66.90393649661527,64.24782034151313,64.58810655780435,20132600
2022-06-27,66.55420684814453,66.97010663805601,65.16470592183866,65.5711585246928,8840600
2022-06-28,64.8244400024414,67.17808119253311,64.77717520596913,66.70546207419207,7252100
2022-06-29,65.41992950439453,66.25173645489599,65.01347682380522,65.24978635411075,8077900
2022-06-30,66.04377746582031,66.40296528685681,64.47467902381172,64.47467902381172,9888600
2022-07-01,66.98902893066406,67.09300570198691,65.98707160806151,66.0248819986875,7805600
2022-07-05,68.04769134521484,68.05714574581494,66.33681262792618,66.52585737036001,9040400
2022-07-06,67.73576354980469,68.75661518447315,67.40492445606824,68.3596169259024,6043700
2022-07-07,67.89644622802734,68.0382333681685,67.28204009514468,67.89644622802734,7814500
2022-07-08,67.93424987792969,68.28398328246647,67.42382055098089,67.76410676894676,4927300
2022-07-11,67.9532470703125,68.33303472760541,67.31710690955894,67.4120520129204,4543300
2022-07-12,66.85186767578125,68.30454869577535,66.52904564697883,67.98172666697293,7140800
2022-07-13,66.49108123779297,66.96581408369336,65.20930400263158,65.56060891638329,6454800
2022-07-14,65.94036865234375,66.06380378950654,64.7820269576085,65.66503006293311,4915500
2022-07-15,67.16519165039062,67.28862680918726,66.46258916464167,66.7094522383876,5134100
2022-07-18,66.66197204589844,68.08617029932017,66.60500643379258,67.64941703753247,4642300
2022-07-19,68.58938598632812,68.64635884238872,66.70944834480768,67.07024262857249,7160300
2022-07-20,68.92169952392578,69.40592897375548,68.513436299063,68.88372727721303,5655700
2022-07-21,70.77316284179688,70.8586112640999,68.48494739327434,68.50394076079542,7005100
2022-07-22,71.11497497558594,71.48526598053017,70.50731757035193,71.03901598896977,6659800
2022-07-25,71.07697296142578,71.61816789285407,70.58324694870623,71.30484260522576,5721600
2022-07-26,70.2889404296875,71.49476585349421,69.9851117135197,71.02003303174152,7284400
2022-07-27,72.03594207763672,72.27330842622592,70.56426781884521,70.62123342447588,6677200
2022-07-28,73.1468276977539,73.37469740414484,71.5042490897278,71.81757446341993,5688100
2022-07-29,73.9063949584961,74.21023088868627,73.10884737328873,73.118344057069,5926600
2022-08-01,73.52660369873047,73.87790126451367,72.82399407947166,73.2797406637518,5227500
2022-08-02,72.49168395996094,73.3557009762599,72.21633811665181,73.09934125421339,6403400
2022-08-03,73.46014404296875,73.83043498678688,72.44421630718756,72.84299005532301,6127800
2022-08-04,73.48863983154297,73.91589645948511,73.21329393474889,73.53610876584335,3656200
2022-08-05,73.44115447998047,73.48863065219842,72.15937751241096,72.41573000838612,4858100
2022-08-08,72.60562133789062,73.51710726569617,72.41572390886057,73.03287787647733,4733500
2022-08-09,72.89046478271484,73.02339661985341,72.00746155936572,72.35876640954876,4243700
2022-08-10,73.62153625488281,74.03930328234928,73.29871430351918,73.66900517101175,5258500
2022-08-11,73.26077270507812,74.05832037048243,73.18481371489257,74.01084419065447,5554600
2022-08-12,75.15017700195312,75.40652943562603,73.73547578860948,74.05829050092684,6692300
2022-08-15,75.1122055053711,75.40653745010135,74.533031053979,74.85584580060628,3733500
2022-08-16,75.5014877319336,75.6344195563413,74.86534763298336,74.91282380197514,6185100
2022-08-17,75.24515533447266,75.73887430205544,74.96031273219717,75.00778891385917,5185100
2022-08-18,75.31160736083984,75.84330575239434,75.01727535749322,75.2736278694649,4120500
2022-08-19,74.68496704101562,75.1312097850047,74.47608345148801,75.03626467445059,4679000
2022-08-22,72.59613800048828,73.99185357408057,72.32079211066383,73.99185357408057,5757700
2022-08-23,72.54866790771484,73.11834580272759,72.39674993899281,72.39674993899281,4432300
2022-08-24,72.32078552246094,72.69107648859824,72.20685429832447,72.6056280704959,3876400
2022-08-25,73.0044174194336,73.02341079007351,72.14040739537725,72.48220838456274,3523400
2022-08-26,70.87760162353516,73.35570717901261,70.80164264436914,73.0898579957785,4904100
2022-08-29,70.44084930419922,71.076989464594,70.32691083392149,70.36489032401407,4295500
2022-08-30,70.39337921142578,70.89659482188945,69.74774231177392,70.65922842119167,5099100
2022-08-31,70.4028549194336,71.35232023933466,70.29841315473683,70.69718685057235,8612900
2022-09-01,71.4947509765625,71.5612132680242,69.81419308070073,70.37438146060349,8139800
2022-09-02,70.90607452392578,72.89045368144613,70.71618434638603,71.91250550380914,11027700
2022-09-06,70.09903717041016,71.39031078509825,69.83318799865319,70.92506749067692,7090100
2022-09-07,70.72567749023438,70.89658155651303,69.70974977509083,69.95661281390362,5792600
2022-09-08,70.87760162353516,71.0200228985097,69.89015662591777,70.28893040076895,6897100
2022-09-09,72.07392883300781,72.1688739332517,70.67821340349748,70.8776002871637,7762400
2022-09-12,73.18479919433594,73.46963448524575,72.41572724803235,72.75753539220138,15628900
2022-09-13,72.1973648071289,75.39706647423299,71.95050172382993,72.21635093176069,29476500
2022-09-14,68.47544860839844,72.03594392872985,68.14312991675716,71.95998495670635,21601400
2022-09-15,66.69046783447266,68.44697790686028,66.22523167606528,67.88679662851136,12478100
2022-09-16,65.3517074584961,66.27269008705058,64.80101576911456,66.06380653288197,23412000
2022-09-19,65.57958221435547,65.63654782668853,64.47820599411712,64.7535446162915,8364000
2022-09-20,64.66808319091797,65.00039460243362,64.04143260590662,64.81999387453419,8624300
2022-09-21,63.37681198120117,65.39917056472694,63.36731529944404,65.23776319408431,6768200
2022-09-22,62.69321823120117,63.55723548448792,62.51281743241639,63.471779805751005,7190700
2022-09-23,61.287994384765625,62.13301801011668,60.64235400196068,62.047562357432106,9282500
2022-09-26,60.243587493896484,61.63929933439564,60.18661825925272,61.079118159054296,6897800
2022-09-27,59.265628814697266,61.14557350303694,58.90483456874552,60.917703834217214,9284800
2022-09-28,59.88278579711914,60.14863496479347,59.10422441585293,59.455525619125915,8549900
2022-09-29,58.29718017578125,59.43653582013864,57.7085089880169,59.142203848179726,8882100
2022-09-30,57.98385238647461,58.99978008695434,57.97435932600644,58.16424951075461,9794400
2022-10-03,59.89228439331055,60.044198725681014,57.73699731273226,57.90790138938945,9661400
2022-10-04,62.37038803100586,62.503312615142775,60.575895279387645,60.575895279387645,9892600
2022-10-05,63.27238082885742,63.79458975542683,61.69627185349268,62.03807277179171,9201600
2022-10-06,62.00009536743164,63.433782948639276,61.92413639464218,62.97804359959524,6992000
2022-10-07,60.091678619384766,61.35446960435573,59.569473264411535,61.23103444044498,7137900
2022-10-10,59.408058166503906,60.67084906511709,58.88585284724244,60.395503191023806,6407200
2022-10-11,59.560752868652344,60.219250509825265,58.83545127723907,59.02631762618734,7376900
2022-10-12,60.868202209472656,61.34537533094056,59.33170417585928,59.761160713288795,9008600
2022-10-13,62.22337341308594,62.71009204574679,59.42714221278691,59.6275540542157,10147100
2022-10-14,61.3740119934082,63.569011530686154,61.2785788137624,62.719643853994185,8044500
2022-10-17,63.96027374267578,64.48516702097731,62.8627815298176,62.8723197486354,11368300
2022-10-18,63.969825744628906,65.44906529304458,63.301786305328555,64.89554273986212,6688600
2022-10-19,63.27315902709961,64.1225266036182,62.77689490173439,63.45447986271641,5506000
2022-10-20,66.08848571777344,66.72789603429729,64.12253453756013,64.44700880645226,17600500
2022-10-21,69.3809814453125,69.46687640881107,67.1000940963686,67.78722468001594,15652600
2022-10-24,69.59092712402344,70.32577781732525,68.50297297648423,69.60047262527107,11489400
2022-10-25,69.80088806152344,70.72660514097178,69.29508568559832,70.09673308568692,9137700
2022-10-26,71.40419006347656,72.26310319196354,69.23782716042805,69.29508560863238,10693600
2022-10-27,71.71913146972656,72.41580024541094,71.1465251014844,71.33739146387012,7053000
2022-10-28,73.8282241821289,74.1336146813701,71.86227329833139,71.86227329833139,8758100
2022-10-31,74.50581359863281,74.75394566950456,72.91205706255143,73.00749023409156,12349000
2022-11-01,73.58963775634766,75.6128543680525,72.85478708804624,75.01161158833608,7753000
2022-11-02,71.69049072265625,73.89502816260276,71.58551205588891,73.15063927540439,7524300
2022-11-03,71.60459899902344,72.2344710279734,70.66934373802304,71.30875398722921,6761200
2022-11-04,72.53030395507812,73.16971409774851,70.85065277215203,72.47304551874434,7219000
2022-11-07,73.23653411865234,73.57055387243119,72.04360122581035,72.63529856185042,5394300
2022-11-08,72.18675231933594,73.61827174494057,71.595055002229,73.43694362108367,9104200
2022-11-09,72.20584106445312,73.04566314668855,71.57596904196349,71.93861799725249,6013700
2022-11-10,73.64688873291016,74.88754160808126,73.20789038905596,74.15269101428383,10437300
2022-11-11,74.19087982177734,74.33403322395607,73.0742963907354,73.60872799237917,7712900
2022-11-14,74.94480895996094,75.90870069974918,73.79959638595723,73.94274977797868,7153000
2022-11-15,75.56514739990234,76.99666698392595,74.44856387182438,75.32656080256508,7618500
2022-11-16,76.24272155761719,76.56720306974955,75.2597460821562,75.50787814660048,6011900
2022-11-17,75.58422088623047,75.9468771249563,74.62033640592607,75.55559166340142,5717300
2022-11-18,76.09002685546875,76.78669551436947,75.25019752714948,76.3476971296043,6107000
2022-11-21,76.17591094970703,76.44312671216372,75.29791422132548,75.93732440735877,5235400
2022-11-22,78.37093353271484,78.45682121877326,76.18547927628377,76.24273773365604,8796200
2022-11-23,78.79082489013672,79.13439012619939,78.0464359723623,78.37091748690334,6347900
2022-11-25,78.94351959228516,79.6783629697136,78.77173698338083,79.06758197829461,2754900
2022-11-28,77.67424011230469,78.38999979434294,77.3688496058784,78.36137057203484,5112200
2022-11-29,77.15888977050781,77.77921626441623,76.84395377314272,77.61697915586467,4928200
2022-11-30,79.2393569946289,79.38251036851311,76.3476894227168,76.79623326304855,9610300
2022-12-01,80.27005767822266,80.67088132584297,78.59040636489681,79.25845305868086,6127200
2022-12-02,79.54475402832031,79.80243157880244,78.80991066063427,79.40160064261731,4798900
2022-12-05,75.8037109375,78.65720373490792,75.7846272191958,78.64766551629728,9102900
2022-12-06,75.30748748779297,76.1759390359776,74.49628711985042,75.72739500601017,7656100
2022-12-07,75.18340301513672,75.8132750903934,74.9925366608021,75.07842433592727,5105500
2022-12-08,76.41450500488281,76.54811289924706,74.94481088579197,75.51741718750789,5918700
2022-12-09,76.21409606933594,76.6912692191409,75.90870554470413,76.01368422014798,6850800
2022-12-12,77.56925964355469,77.6933293121234,76.29043920290125,76.64354264462122,15807600
2022-12-13,76.88212585449219,81.6729477507406,76.06138755802068,81.06216677863394,22812200
2022-12-14,78.0846176147461,79.10576791210462,76.89168468413638,77.12072576810971,11183100
2022-12-15,76.41450500488281,77.33067654384512,75.83235320183111,77.10163547937559,8196800
2022-12-16,75.94689178466797,76.78671403445911,75.85145859645532,76.30954081231029,19200700
2022-12-19,76.82487487792969,77.39748118477816,76.04231122631712,76.27135229283967,7738800
2022-12-20,77.2447738647461,77.7696598388706,76.68170589269806,76.8248592605803,6390200
2022-12-21,77.77920532226562,78.38998622942624,77.24477384877078,77.636051954413,5932400
2022-12-22,76.8153305053711,77.46428627095875,75.80372577236965,77.24479070263187,8181400
2022-12-23,77.15888977050781,77.206609993533,76.33815144584445,76.8344155534047,4129100
2022-12-27,77.28295135498047,77.75057891116657,76.92984067234353,77.18751091891215,4290700
2022-12-28,76.66263580322266,77.91282705740434,76.52902791106968,77.38793370888621,3794000
2022-12-29,77.68378448486328,78.06552443262132,77.01573775601574,77.27341531521307,3867800
2022-12-30,78.0082778930664,78.1896060510911,77.07302243618109,77.42612596780515,5375700
2023-01-03,79.89787292480469,80.01238982022815,78.50452820883876,78.70494005691424,8997500
2023-01-04,80.62317657470703,81.28167055380187,79.82152191695627,80.3559535014006,7836200
2023-01-05,80.4609375,81.50117879553001,79.42070348555474,81.11943880376592,7643800
2023-01-06,81.74931335449219,82.3982618947056,79.99331225170869,80.87130916255795,8641600
2023-01-09,82.78385925292969,83.90462951208666,82.53480406759672,83.18618591390097,7519700
2023-01-10,82.8604965209961,82.96586883534688,81.96962615045801,82.03668059519158,5703300
2023-01-11,84.87213134765625,84.92961180233108,83.42566292950129,83.69388799841688,8359700
2023-01-12,85.04457092285156,85.4468976243323,84.46023615282087,84.96793517731611,6071100
2023-01-13,85.44688415527344,85.70552792858865,83.97168648238066,84.24947822648102,5090800
2023-01-17,84.87213134765625,85.67679193763134,84.70928589424689,85.43731075024608,6550400
2023-01-18,83.0616455078125,84.90085908143071,82.95627321166286,84.87212251127809,6397700
2023-01-19,82.32405853271484,83.32987517402402,81.67266938522532,82.7647030577245,5597000
2023-01-20,83.57894134521484,83.703468941988,81.90257289416468,82.41027188428376,5567300
2023-01-23,85.22657775878906,85.3798419392564,83.31072799843282,83.52147264141391,7390200
2023-01-24,85.92584991455078,86.30902128854865,84.29738071054247,85.3032046537386,7004600
2023-01-25,85.86837768554688,86.07912230892087,84.04831912086414,84.9679260432711,5896800
2023-01-26,86.05038452148438,86.68261107430776,85.34151492405813,86.10785766945394,7302800
2023-01-27,85.2457275390625,85.94501587215166,85.21699096385368,85.73427124277174,5676800
2023-01-30,83.67473602294922,84.89130470185619,83.32988248470684,84.74761450952406,6255300
2023-01-31,84.73802185058594,84.75718443813335,83.67472480166425,84.0004230144981,6200400
2023-02-01,86.2611312866211,86.83588470576517,84.49854585174153,84.65181732798594,6141300
2023-02-02,85.61931610107422,87.3819015356603,85.20740814421875,86.84546598566665,8269200
2023-02-03,85.84922790527344,86.46229922615397,84.5560235077915,84.7476128633083,5671800
2023-02-06,84.80508422851562,85.83964480134331,84.68055663134407,85.743853779797,4097200
2023-02-07,84.04832458496094,84.3165423745519,82.66891776586642,84.17285949326148,9226000
2023-02-08,83.04251098632812,84.22075450738855,82.87008421393064,83.2724109133958,7624400
2023-02-09,83.0041732788086,84.20157910421442,82.69763767984011,83.47355431601983,4960300
2023-02-10,83.47356414794922,83.70346404715804,82.70722140607178,82.88922945165453,5318400
2023-02-13,85.65763092041016,85.68636749408151,83.53103676809793,83.60767250347888,5560900
2023-02-14,85.34149932861328,85.6480422174623,84.01956600818313,85.25528962241303,7484800
2023-02-15,84.62307739257812,85.45647463966618,84.32612302898441,85.11162111041503,4329900
2023-02-16,84.02915954589844,84.5560137690191,83.34903385601741,83.78009706660576,5942500
2023-02-17,83.607666015625,83.75135618121759,82.87006721788167,83.5310302861909,6398400
2023-02-21,82.5731201171875,83.28198977655772,82.52522825915655,83.1095630091956,5260300
2023-02-22,82.68807220458984,83.5118881547306,82.36238126580174,83.03292573294581,5840100
2023-02-23,84.85296630859375,85.71509994569548,83.3969167640697,83.48313378197238,8637100
2023-02-24,84.92962646484375,85.1499451025786,83.47357650146839,83.6364219829919,7659200
2023-02-27,84.25907135009766,85.22657752274628,83.68431788525999,85.12120520154758,6748800
2023-02-28,83.72264862060547,84.30698347034453,83.51190394582902,84.0100217429832,7468000
2023-03-01,82.70722198486328,83.54061917435821,82.3719497735904,83.24366483128595,5119800
2023-03-02,83.31071472167969,83.6076690485272,82.2569989830858,82.43899971161215,5293600
2023-03-03,85.49478912353516,85.53310699286578,83.41609404395602,83.6459939515535,5498500
2023-03-06,85.96416473388672,86.85503504077104,85.39899264128411,85.6480551218071,7424800
2023-03-07,84.64224243164062,86.2898743838796,84.34528805945341,85.81091194699091,5382400
2023-03-08,84.76675415039062,85.34150750528087,84.44106326236081,84.68054443593053,5159200
2023-03-09,83.21492767333984,85.86837607923661,82.8892294501129,84.61349696511202,10572300
2023-03-10,80.53274536132812,81.66309702598812,79.39281240140177,80.85844362490148,16029300
2023-03-13,81.35655975341797,81.93131321552077,78.58815745521444,79.81430012327024,10299800
2023-03-14,81.00211334228516,82.31447286170193,79.91966102155976,82.31447286170193,8732200
2023-03-15,79.48859405517578,79.8621840999024,78.66477823644905,79.58438506257497,11463000
2023-03-16,81.25119018554688,81.52898928512566,78.62647799103934,79.43113140356793,10148100
2023-03-17,81.67265319824219,82.36236007752233,81.05000074842624,81.42359075663887,13065800
2023-03-20,83.30113220214844,83.82799371788462,81.66308181920353,81.69181839126449,9177300
2023-03-21,83.89505767822266,84.1536941645141,83.0137685958541,83.80884064386791,6683700
2023-03-22,84.20159912109375,85.40858652638252,83.76095454959811,83.85674557672553,7233700
2023-03-23,84.08663177490234,85.86837236044235,83.95252289714219,84.92002892245677,10747100
2023-03-24,84.30697631835938,84.75720221111737,83.82801384664019,84.27823973939819,5852100
2023-03-27,86.34734344482422,86.69219696770922,84.82424647573747,84.89130092138808,8170100
2023-03-28,86.06952667236328,87.05618787339522,85.71509923610031,86.42396141701118,6378900
2023-03-29,86.80714416503906,86.84546203234952,86.03122014167789,86.33775577177555,5233600
2023-03-30,86.7017822265625,87.34359013690437,85.93543940547083,87.02747317507504,5640700
2023-03-31,89.01036071777344,89.08699644722441,86.60597500042886,86.74965785766767,10476300
2023-04-03,89.96829223632812,90.04492797159317,88.21528816116638,88.49308722021273,8410900
2023-04-04,90.04493713378906,90.06409241536142,89.01995782258034,89.90124694264291,6651500
2023-04-05,90.8974838256836,91.10822845134616,89.54681365598859,89.68092254352182,7478800
2023-04-06,91.88414001464844,92.03741148225438,90.03534495987019,90.36104317433991,9146200
2023-04-10,90.19114685058594,91.48975934902222,89.98914111429507,91.07612645881008,8681500
2023-04-11,90.39314270019531,90.54704867049205,89.65244774248377,89.90255320058031,8196000
2023-04-12,90.32581329345703,91.6917609761081,90.03722948940805,90.78753857314621,8040300
2023-04-13,91.91299438476562,92.10537866308738,90.36427672560914,90.59513932739321,6240200
2023-04-14,92.06690979003906,92.33625074293255,91.07611671089921,91.86490407536894,6485100
2023-04-17,91.95147705078125,92.3362529952966,91.6821360913177,91.99957679596719,4772400
2023-04-18,92.79798889160156,93.05770844345193,92.12462913004221,92.34587769116666,7219400
2023-04-19,92.16310119628906,92.79798258498451,91.9514740667239,91.9514740667239,4766200
2023-04-20,91.22042083740234,92.49017645632162,90.99917225985958,92.34588454392343,5815500
2023-04-21,91.52822875976562,91.68213473189529,90.67210614888329,91.3935582820307,7335800
2023-04-24,91.80718994140625,92.42282849992274,91.35507876959153,91.71099045370825,4901700
2023-04-25,90.47970581054688,92.05728040289608,90.44122748646642,91.5185985437495,5768800
2023-04-26,90.1430435180664,91.20117190661885,89.78712446980259,90.18152184806716,6395500
2023-04-27,91.42240142822266,91.47049382646381,89.73901337100251,90.7201848951983,5615700
2023-04-28,91.11459350585938,91.7687103828808,90.65286092367172,90.68171783399775,8498500
2023-05-01,91.25889587402344,92.08616164697081,91.09536113174966,91.19156062920173,5459800
2023-05-02,91.19155883789062,91.6148057946025,90.27771500298562,91.31660790753418,5995100
2023-05-03,91.17231750488281,91.78795612386858,90.94145485751096,91.45127990082811,6744800
2023-05-04,91.35508728027344,91.49937918627222,90.81640532613528,91.36470869773768,5038200
2023-05-05,93.27896118164062,93.60601599039346,91.22041815304537,91.3839455574218,8068600
2023-05-08,93.1058120727539,93.57715878820639,92.7691358474307,93.38477447059064,5314800
2023-05-09,92.48055267333984,93.20200487788888,92.4420743417516,92.53826650122654,6333500
2023-05-10,93.80799865722656,93.96191194513656,92.595964540388,93.10578946335828,5935300
2023-05-11,93.73106384277344,93.91382672668423,92.6729281722816,93.82725599309343,5144500
2023-05-12,94.12545013427734,94.19278537073454,93.24047064398547,93.89458751485128,4994700
2023-05-15,93.55790710449219,94.23125943863403,93.35590140424964,94.14468871238294,4443700
2023-05-16,94.51021575927734,95.08737591443686,93.23083906703091,93.4713230765965,6896500
2023-05-17,95.97237396240234,96.57839848125376,94.68338294330496,95.02005915433854,9436000
2023-05-18,98.44454956054688,98.55998454936876,95.93390276984171,95.97237376045804,10005700
2023-05-19,98.92552947998047,99.14677806688309,98.04054981035367,98.49266106346505,8560300
2023-05-22,97.89623260498047,99.17560936544783,97.85776161970938,98.57921368687653,5890500
2023-05-23,94.7891845703125,97.56917932379652,94.72184933659106,97.22288173923194,10047300
2023-05-24,94.57757568359375,95.11625765719954,93.58678247971534,94.22165661446624,6815900
2023-05-25,100.3203125,100.67623148395928,95.01042134309841,95.42405414213609,16729600
2023-05-26,100.11832427978516,102.18648863588676,100.07022453283287,100.37804383195095,13994100
2023-05-30,101.14759063720703,101.94599942672083,100.22413278652468,100.90710659258171,10296700
2023-05-31,101.90750885009766,102.4365692812884,100.18564241686177,100.49346166342411,13713500
2023-06-01,101.95560455322266,102.55200757356877,100.79166276010346,100.88785490171027,7835900
2023-06-02,101.85941314697266,102.70591427380961,101.72474267995291,102.46543024856149,8652400
2023-06-05,102.85982513427734,103.5043205453062,101.51311315701518,101.85941073228231,7442000
2023-06-06,103.02335357666016,103.39850806393254,102.10951722848175,102.74439123040813,7023000
2023-06-07,101.24378204345703,104.24502554036856,100.84938469045352,103.06184082034856,9842500
2023-06-08,103.38890075683594,103.6870986152215,101.33997205789139,101.64779133270596,9526700
2023-06-09,105.6686782836914,105.95726204701108,103.32155920871861,103.600514217207,12597100
2023-06-12,111.99822235107422,113.03711511837633,109.98777205107345,109.98777205107345,39081500
2023-06-13,112.23870849609375,119.27045929263335,111.60382712444395,118.62596384370907,39190900
2023-06-14,117.61593627929688,117.84680625202674,111.33449404967348,112.06556761866979,26264200
2023-06-15,121.7330322265625,122.6853470345297,117.02916467276653,117.30811971974393,27476700
2023-06-16,120.68451690673828,122.55067551623553,120.38631902793895,122.3005700448927,19514700
2023-06-20,117.39469146728516,120.48250570282234,117.31773481206534,119.71295382860528,16273000
2023-06-21,117.4524154663086,118.66445720457564,115.77864843469587,117.30812356001637,17583000
2023-06-22,115.9902572631836,117.92374354950941,115.49966779488163,116.98105027676141,12203400
2023-06-23,114.12409973144531,115.33614128738573,113.64313167548373,115.03793610217627,19734300
2023-06-26,112.33489990234375,114.88403211044786,112.2579432507127,113.49884173704996,8987000
2023-06-27,113.35456085205078,113.95096395159224,111.83470719926868,112.13290507954393,6970400
2023-06-28,112.09442138671875,114.10487181032588,111.95975090923203,112.33490543065798,9240500
2023-06-29,113.29684448242188,113.31608731626022,110.26674398407116,111.24792301808492,9234300
2023-06-30,114.55697631835938,117.09649458908572,114.49926249595332,115.27842845439771,13703100
2023-07-03,112.6908187866211,113.74894705890588,112.38299951942932,113.51808444325962,4284700
2023-07-05,111.54611206054688,112.55614792636275,111.01705159573063,112.08479394152057,8466500
2023-07-06,111.05552673339844,111.4018243381083,110.27636079229647,110.30521770285722,7982800
2023-07-07,110.24749755859375,111.56535266421032,110.13206258398097,110.46873875286401,7001600
2023-07-10,110.0262680053711,110.65152804915131,109.33368005518996,109.9300758460952,6931000
2023-07-11,110.8950424194336,111.01088251336489,109.49534293364184,110.2386299499821,6117100
2023-07-12,111.99549865722656,113.99369426789676,111.62868273655515,111.65764091914153,11011600
2023-07-13,113.37588500976562,114.46669222120116,112.70982477565214,113.02837212033873,9359600
2023-07-14,115.13274383544922,115.80846656529786,113.59790149268048,114.08055742911017,7723800
2023-07-17,114.76594543457031,115.8084841834001,114.1481463311333,114.72733207001222,6735900
2023-07-18,116.58073425292969,117.08270064841884,113.72341143892235,114.65976531553979,8903600
2023-07-19,114.57289123535156,117.15027267874801,114.31225285380785,116.62900328040718,7609000
2023-07-20,111.8603515625,114.92039619023663,111.23290465623873,113.4145044668698,12913000
2023-07-21,113.56896209716797,115.1327628763885,112.17891041364187,112.44919660438387,9159600
2023-07-24,113.97438049316406,114.42807828345057,112.68086602827933,113.84889259223732,6200400
2023-07-25,113.85855102539062,114.3991307703738,112.75809590005342,113.88751657268587,6266300
2023-07-26,111.49353790283203,113.54000202906711,111.01088189459466,113.34693520692443,8160000
2023-07-27,112.36231994628906,113.5206914176415,111.62868075323453,113.47243023577043,7843000
2023-07-28,111.96653747558594,113.23110121104159,111.63833492873613,112.6326051162173,6910400
2023-07-31,113.16351318359375,113.17316099962808,111.81207509953539,112.39126074563325,6703100
2023-08-01,113.81995391845703,113.94544184088947,112.43955731271262,112.86428963119381,5246000
2023-08-02,111.69624328613281,112.92219356971778,110.35446028360765,112.86426984550206,6387800
2023-08-03,110.57648468017578,112.14028529549924,110.29654333631954,111.24254490476906,5193800
2023-08-04,110.47030639648438,112.36231701147351,110.29654994384528,111.33908129493389,5579300
2023-08-07,112.07272338867188,112.34300957431984,111.07845319228991,111.46457947096395,7347000
2023-08-08,111.23291015625,111.59972608194371,110.25794292893035,111.04949851102992,4694800
2023-08-09,109.17678833007812,111.69625329932768,108.43350131284471,111.33908519950337,6542400
2023-08-10,109.07058715820312,111.09774063137938,108.57828340247492,109.8331844264673,6004100
2023-08-11,109.13818359375,109.54362027267702,107.27513094744948,108.49142625473685,5288900
2023-08-14,111.56110382080078,111.79277663093718,109.22505062633195,109.25400880700577,6494200
2023-08-15,113.22145080566406,113.96473784090125,110.85643187314375,111.44527281062558,10412200
2023-08-16,111.33908081054688,113.72340259176468,111.27150926618931,113.09595569333557,5722000
2023-08-17,110.8950424194336,112.72913673390799,110.39308340855716,111.72521134740889,6183900
2023-08-18,112.42022705078125,112.93184119790119,109.99729203213761,110.5282165422124,9412800
2023-08-21,112.54573059082031,113.27936982539711,111.19429958600334,112.84498234024117,5811200
2023-08-22,112.49746704101562,113.597922187371,111.71556663827535,113.43382090662861,4960300
2023-08-23,113.75235748291016,116.27182227997295,108.2211240933094,113.03802869682688,16517300
2023-08-24,108.99337768554688,115.57680500326948,108.51072170223951,115.52853645904041,11995900
2023-08-25,112.03411102294922,112.12099293467975,108.82927540145688,108.99338404255982,8758100
2023-08-28,112.78703308105469,113.62685704232553,111.68657816062807,112.33334269769053,4514800
2023-08-29,116.46488952636719,117.00546186761716,114.41842551846321,116.7544786957172,11920500
2023-08-30,116.9185791015625,117.51706776163243,115.98222538723276,116.5324528715122,5601800
2023-08-31,116.21389770507812,117.74874743795912,115.95326673558638,116.80273854643397,9109800
2023-09-01,116.73516845703125,117.46880756375975,115.92430263070072,116.81239517663327,6189900
2023-09-05,119.67938995361328,119.96897914675074,116.97651329585193,118.19280852831918,11089600
2023-09-06,120.01724243164062,120.25857043104564,118.47274470839776,118.79129207040535,8728500
2023-09-07,120.7508773803711,121.59070149140028,118.33759732370291,119.53458953442764,11864400
2023-09-08,121.93820190429688,122.29536996736577,120.03653623629377,120.47093102079576,10595500
2023-09-11,122.31468200683594,123.00005263953969,120.39371319884957,122.61392636857737,22155600
2023-09-12,105.8078384399414,109.369841724215,103.57797029729619,108.19216002238224,68605700
2023-09-13,107.96048736572266,109.0223364262504,104.44675237837413,104.56259246627148,27171000
2023-09-14,109.71736145019531,111.1460190337889,108.06667150947193,109.56290800075502,19849700
2023-09-15,109.95868682861328,111.20393275259418,108.59759345555904,110.2289729939656,23215000
2023-09-18,108.31765747070312,110.49926462935736,107.70951356855552,109.48568409436531,11744100
2023-09-19,108.85823822021484,109.79459210068374,107.83500978906157,108.57830420262303,9536100
2023-09-20,108.95476531982422,110.72128063768231,108.5589838748136,108.89684159327028,8777100
2023-09-21,105.63409423828125,108.59760183373191,105.53756450960051,107.641944999724,12645800
2023-09-22,105.24797058105469,106.7635101898151,104.74601156056085,106.17466925602159,11150000
2023-09-25,104.54330444335938,104.88116220885978,103.7710518095754,104.68809536804031,8410000
2023-09-26,101.24191284179688,103.67450303625488,100.69168533479373,103.42351987164511,13209000
2023-09-27,100.99093627929688,101.62803832034677,99.76498600987073,101.35775215961375,8916400
2023-09-28,102.4678726196289,102.90226008367866,99.68776928252255,100.42140848145299,7373600
2023-09-29,102.245849609375,103.64555648759335,101.72458022349502,103.39457329481861,7299100
2023-10-02,103.00843811035156,103.02774847376094,101.63769689811684,102.139655875574,5963500
2023-10-03,100.89441680908203,102.80573799540062,99.94841508136379,102.7285112603531,8783300
2023-10-04,103.36560821533203,103.57797802852994,100.87510154832246,101.31914417376088,8842700
2023-10-05,104.59154510498047,104.67842700748628,102.5064751865325,103.25941730610386,7651500
2023-10-06,106.14571380615234,106.69594138872924,103.84827374227365,104.18613149214602,8247000
2023-10-09,106.49322509765625,107.1206794033191,105.67271132782628,106.90830957388738,6012400
2023-10-10,105.90436553955078,107.2075351054449,105.81749100537226,106.38702147986307,6910400
2023-10-11,106.22408294677734,106.63099575764838,105.43932146985532,106.09813585532535,5641700
2023-10-12,105.71060180664062,107.46420761836438,105.48776436604867,106.52442746787307,6598500
2023-10-13,104.87739562988281,106.09814151936033,104.43172813822811,105.78811163857029,5879400
2023-10-16,105.32305908203125,106.17563937358058,104.93551989798334,105.55557963578195,5488000
2023-10-17,105.64277648925781,106.36940966700625,103.56945041341783,104.22826479024422,5261800
2023-10-18,104.87739562988281,106.31128844834636,104.49954694366045,105.02272375343652,5123900
2023-10-19,104.96458435058594,106.78601630343594,104.8192636238757,105.245550075051,7989200
2023-10-20,98.67679595947266,103.70510052120456,97.52387620476547,103.65665534683461,21831400
2023-10-23,100.43040466308594,101.42831311912317,98.83181007419438,98.86087422080587,10722600
2023-10-24,99.98473358154297,101.20547952755652,99.30654549581085,100.71136684126841,6174000
2023-10-25,98.26988220214844,100.44009146512192,97.86296935128387,99.5003112678663,7081700
2023-10-26,97.27197265625,99.19997081211349,96.75848634166739,98.52178273468282,7565600
2023-10-27,97.84359741210938,98.90932481217352,97.4560581598052,97.85328792613349,5207900
2023-10-30,98.48303985595703,99.21936370789463,97.6788971881631,97.98892711660581,5433700
2023-10-31,100.17850494384766,100.29476153246479,97.95016003387472,98.8318119199313,6258400
2023-11-01,102.4552993774414,102.89127641811363,100.56605567893313,100.56605567893313,8602400
2023-11-02,103.5404052734375,103.87949934028725,102.28090457748553,103.1334850015215,5918300
2023-11-03,104.68363952636719,105.6718575539939,103.29819174995288,103.83105173060693,7280000
2023-11-06,105.71060180664062,105.80748475797371,104.09263360512227,104.69331233840468,6062800
2023-11-07,105.5943374633789,106.94103043981045,105.19711514678383,106.56318175673658,7412600
2023-11-08,108.83028411865234,109.05311417265519,105.78811354856907,105.82686820832947,10994900
2023-11-09,108.6849594116211,109.77975086543525,108.1327184281296,108.89810635116093,6853900
2023-11-10,109.5472412109375,109.65381469133068,107.67737113453427,108.5977704015337,5233900
2023-11-13,110.59359741210938,110.92300098295158,109.26627783099988,109.54724361349884,5740500
2023-11-14,112.48283386230469,112.83161843919277,110.88423911685035,111.28146887063252,6733700
2023-11-15,110.50638580322266,112.68628562243423,110.38043869690095,112.53127436786104,7386200
2023-11-16,111.09738159179688,112.25999926514149,109.93477131014818,110.21573706308072,7476100
2023-11-17,111.76588439941406,112.03715963375264,110.60327414033566,111.03925113956612,4791300
2023-11-20,113.27727508544922,113.50011252935934,111.9112084504118,112.04684606263693,5728300
2023-11-21,112.46344757080078,114.00390645229167,112.07590837434732,113.55823896346358,5995300
2023-11-22,112.61846160888672,113.6357511008582,111.91120939512757,113.06412910877364,4343700
2023-11-24,112.62815856933594,112.95756210875047,111.74650664026298,112.86067914961066,2168200
2023-11-27,112.84129333496094,113.13194218100924,111.85306803998928,112.39562585766409,5165300
2023-11-28,112.61846160888672,113.16101945406277,112.2599939414209,112.385941041923,4892600
2023-11-29,112.58940887451172,113.91672838754266,112.34719777012845,113.68420040531339,6127200
2023-11-30,112.58940887451172,113.57763431974534,111.59150030712408,113.21915922424745,11075600
2023-12-01,113.50981903076172,113.69389444945521,111.6690131019511,112.45377473917756,5739800
2023-12-04,112.17279052734375,113.04475186523553,110.98111619197108,112.64752215898109,5587500
2023-12-05,110.96174621582031,111.67868899094489,110.26417707604675,111.0005008782184,5913600
2023-12-06,108.53962707519531,111.4074053513025,108.44274412234824,111.3589675707267,7815700
2023-12-07,109.35346221923828,109.50847346840068,108.32648220279292,108.90779471431489,6772800
2023-12-08,110.0704116821289,110.09947583114246,108.11334187599446,108.52026213727238,7766000
2023-12-11,111.54305267333984,111.75619962317492,110.07041244346419,110.22542370317399,19544200
2023-12-12,97.669189453125,101.68020417900449,97.5529328702675,99.50030455008324,57666500
2023-12-13,99.78128051757812,99.88785399059743,96.16749512347363,97.93079159748052,29392200
2023-12-14,97.18476104736328,99.06432119379073,96.75847461821188,98.69616305232026,22865200
2023-12-15,100.10099792480469,100.7501218651581,96.26437518663327,96.5840955960715,30212300
2023-12-18,101.7286605834961,102.8525236198612,99.70377936370538,100.18820155696011,13473100
2023-12-19,102.93971252441406,103.02690496818546,101.53489116899449,101.70928344823311,10108500
2023-12-20,100.90513610839844,102.7846890386688,100.80825315598375,102.64905142694916,9242000
2023-12-21,102.56185150146484,102.62967030237469,101.26359638044008,101.4379886387361,8168000
2023-12-22,102.89127349853516,103.17223926474786,102.17433070402124,102.40685129300213,5680000
2023-12-26,102.88158416748047,103.32725168267099,102.05806055441748,103.20129718614824,5767400
2023-12-27,102.63937377929688,103.01722248805034,102.27120819211443,103.00753197478348,5627400
2023-12-28,102.93971252441406,103.28849708289127,102.29058858179651,102.70719194932785,5689100
2023-12-29,102.14524841308594,103.58882425951639,101.51549817939912,103.27879439870524,6899700
2024-01-02,100.81793975830078,101.41862591072638,99.24841665657875,101.26360726815368,9597500
2024-01-03,99.26779174804688,100.15912678083518,98.5702226296227,100.08162485010702,9455600
2024-01-04,99.39374542236328,100.13975976453212,99.20967000906016,99.56813771349529,6822300
2024-01-05,99.52938842773438,100.48854231370662,99.1030945265484,99.33561511278795,6133800
2024-01-08,101.39924621582031,101.50581228660015,98.94806397058808,99.73283286624073,7038700
2024-01-09,100.40132904052734,101.22485258339528,100.07192553673632,100.61447596260163,6725200
2024-01-10,101.07243347167969,101.21832472949514,99.90531824983135,100.26517494272683,7270500
2024-01-11,101.8991470336914,101.96722863552162,100.70285497005499,101.49065742271009,6119000
2024-01-12,103.67899322509766,103.77625158597313,102.0936604238493,102.22009555095369,9703800
2024-01-16,103.64982604980469,103.73736377692876,102.5313362453973,103.49421414207228,7547200
2024-01-17,103.51365661621094,104.55433669393238,102.78420775555558,103.54283338338314,7771500
2024-01-18,105.7214584350586,105.8965264692463,103.69845910930255,104.0583158204443,10362300
2024-01-19,106.66485595703125,107.19978800108308,106.0326655650617,106.32444802915113,11163800
2024-01-22,107.08308410644531,107.65692103040115,106.275825640368,107.04417927936889,7485300
2024-01-23,108.76569366455078,109.59240091786245,106.5578908811018,107.267891061682,9185900
2024-01-24,111.17772674560547,112.25731162165154,110.22458441741715,110.31211471639192,11702700
2024-01-25,111.84882354736328,112.99649003361928,111.21663306063678,111.74183712251707,8877200
2024-01-26,111.49868774414062,112.31567431558877,111.13882363976808,111.49868774414062,5541800
2024-01-29,110.63307189941406,111.45005102244788,109.91335113574085,111.0610175850054,7014400
2024-01-30,111.03184509277344,111.2652666482906,109.54376319796566,110.25376334726627,8231900
2024-01-31,108.63924407958984,111.1388218034805,108.61006731329473,110.69142740616849,7386700
2024-02-01,112.36430358886719,112.60745321402109,109.46596421242178,109.81610026627041,7882200
2024-02-02,112.61719512939453,113.29801119543535,112.00446066995781,112.64637190074791,6499400
2024-02-05,113.20072937011719,113.52168862920098,111.62511726034523,112.36429413632509,8084500
2024-02-06,112.14059448242188,113.74537584882883,111.82936330235268,113.54113108256497,4637500
2024-02-07,114.05661010742188,114.36784129589158,112.14059750923026,112.62689670498523,7672900
2024-02-08,113.4827880859375,114.56237296518265,112.79224407296455,113.88154959412195,4472800
2024-02-09,113.44388580322266,114.12470176922513,112.55882504741943,113.85237538282414,5787100
2024-02-12,112.66580963134766,113.89128585116345,112.21841520006141,113.0743066515115,5439600
2024-02-13,110.56501007080078,111.08048614586377,109.90364272044826,110.67199651132388,8171700
2024-02-14,111.12908935546875,111.57648370525045,110.41908929625518,111.1874428818596,5946100
2024-02-15,109.68965148925781,111.17772592352418,109.48540670615628,111.11937239130582,8455600
2024-02-16,108.25993347167969,110.01061368824821,108.20157993790656,109.92307596725107,8936000
2024-02-20,105.47830200195312,107.73473017476253,104.72940443862161,107.51103668014582,10975600
2024-02-21,105.19624328613281,105.4102086945012,103.59145449118148,103.83460408373966,7865300
2024-02-22,107.96815490722656,108.82403886314584,106.6551484972316,108.4349980030599,8957800
2024-02-23,108.88239288330078,110.26348831381594,108.64897133433738,108.93102577365606,7504500
2024-02-26,107.92925262451172,109.45623191458202,107.8903477955519,108.93102785413055,6342900
2024-02-27,108.3280258178711,108.45446838071044,106.78159765672252,107.58885624893455,6593100
2024-02-28,108.61978912353516,108.95046901629607,108.05568027317454,108.21129957824101,5278300
2024-02-29,108.61978912353516,109.35896598192708,107.6082859016138,108.61978912353516,12193900
2024-03-01,110.6622543334961,110.81787365271391,108.46417968173853,108.61979900095633,7605100
2024-03-04,110.93457794189453,111.45978200058732,110.28293875475876,110.46773483661475,6588100
2024-03-05,107.90007781982422,110.09814504349104,107.34569698265692,109.72856029215869,8242000
2024-03-06,109.19363403320312,109.95226712201476,107.63747786449576,108.44473642775387,6706400
2024-03-07,111.40142822265625,111.65430589932379,109.21308169308155,110.81787063217047,7670100
2024-03-08,109.33952331542969,111.19719004152161,108.4836392932381,110.94431234983449,8312900
2024-03-11,111.00267791748047,111.60569173368151,108.13351495433608,108.55173265808193,20438300
2024-03-12,124.04520416259766,125.82505364301011,121.18576241518605,122.8002793643697,48536100
2024-03-13,122.08055114746094,125.27068021732472,121.40946327945522,124.49259850851168,15870300
2024-03-14,122.09028625488281,124.29808896435175,121.51645671228046,123.74370812644034,10965900
2024-03-15,122.10000610351562,122.55712854654575,120.17425797380797,120.64110847869793,17844900
2024-03-18,124.29808807373047,125.41657038371584,123.40329183726969,123.7145230524577,12231400
2024-03-19,125.64999389648438,125.66945002052742,123.0239736759615,124.24944977887218,10221000
2024-03-20,125.6986312866211,127.10889609640911,124.75520958585999,126.41834465456368,8373300
2024-03-21,125.47492218017578,129.1319018935847,125.41656864699155,126.94355535512769,17842400
2024-03-22,124.28836059570312,125.66945607616029,124.05493903829893,125.47492450770467,6660000
2024-03-25,122.62521362304688,124.17164158753059,122.59603685697545,124.17164158753059,7446100
2024-03-26,123.00453186035156,123.4616543365781,122.39179006441489,123.27685824950672,7063900
2024-03-27,121.83740234375,124.31753131413744,121.05932805014757,123.84096016002646,8115900
2024-03-28,122.1681137084961,122.71276656322367,121.76934471104295,121.95414082404207,6587400
2024-04-01,122.04166412353516,122.81001041542854,121.14686785617045,122.10001765954281,4133600
2024-04-02,120.93289184570312,121.5067288093969,120.04783108451997,121.09823922731238,4862400
2024-04-03,122.78083038330078,122.94617776482298,120.66056539411585,120.85508954286621,7430000
2024-04-04,120.7870101928711,124.48288004383122,120.63139087097584,124.10356722213363,7588300
2024-04-05,121.47755432128906,122.5474111888704,120.7383773824553,121.01070377562098,4899500
2024-04-08,120.94261932373047,121.69152430760363,120.36878978314746,121.57480981885601,6119200
2024-04-09,120.24010467529297,121.72322202082306,118.298382186579,121.332925631699,5564100
2024-04-10,118.7959976196289,120.09372981146525,118.37643034874512,118.40570127206293,4509900
2024-04-11,120.2498550415039,120.8157844257711,118.41547171530624,118.76673771628005,7315200
2024-04-12,118.17151641845703,118.88380030638984,117.4982554621158,118.7862280888449,6196900
2024-04-15,116.97136688232422,119.49852997228959,116.54204759836274,119.21556530542652,5101500
2024-04-16,117.69341278076172,118.49351691246038,116.8445188158942,117.17626585973551,7000000
2024-04-17,115.79073333740234,118.1032332132994,115.7321914867643,118.04469136266135,5366600
2024-04-18,113.18551635742188,115.87855314136009,112.8927922167149,115.87855314136009,6662400
2024-04-19,112.0926742553711,113.93681676052258,111.68286646406705,113.30259360724482,8251500
2024-04-22,111.75117492675781,113.51725679127608,111.56578248554233,113.21478065605812,7125500
2024-04-23,112.29759216308594,113.04891398517364,111.96584508424087,112.37565292667918,5494800
2024-04-24,112.54151916503906,112.92206350179751,111.1169438211595,112.58054954430361,5791800
2024-04-25,112.10245513916016,112.20002737798598,110.04364888951152,110.8730240859579,6796600
2024-04-26,114.36614227294922,116.31761643328133,113.3318633501438,114.20026875594895,8355100
2024-04-29,113.66362762451172,114.46373185383544,112.49274592842774,114.15149623859409,4994100
2024-04-30,110.99009704589844,112.71714846730376,110.93155520105591,112.297581209271,6234700
2024-05-01,111.84874725341797,113.92707215522842,110.89252901155041,111.14622275592258,5583600
2024-05-02,112.17074584960938,113.00012096767225,111.48773279809498,112.43419905825345,5001000
2024-05-03,112.99036407470703,113.3904124320886,112.27807268522564,113.16599705812136,4485000
2024-05-06,115.46875,115.48826891505159,113.36116127580901,113.50752336155621,6052400
2024-05-07,115.06867980957031,116.23956138552568,114.4442086431563,115.13698111076297,6437700
2024-05-08,114.54177856445312,115.1174673294612,114.26857336517473,114.8540141413832,4636000
2024-05-09,113.80998992919922,114.87354738109097,113.6733873125209,114.54179285181202,3236200
2024-05-10,113.8392562866211,114.77596309666107,113.09770138135025,114.30761341378307,4122500
2024-05-13,113.54653930664062,114.34664350344599,113.38065832693842,114.2880942100224,4140000
2024-05-14,117.93736267089844,119.57660152898094,113.31236280156445,113.67338825967057,17811200
2024-05-15,118.67890930175781,119.12774750662334,116.76646534195889,117.2543339269367,6604600
2024-05-16,119.19605255126953,119.47900977079459,118.26909780204456,118.9813891894641,5159300
2024-05-17,120.50353240966797,120.58159316465851,119.11798750786092,120.19129683398916,6179400
2024-05-20,121.49878692626953,121.65490844389032,120.24984456243808,120.79626242982711,5989000
2024-05-21,121.60612487792969,122.3184163113,120.91335235741012,121.44025134011882,5549500
2024-05-22,121.57685089111328,122.12326877291159,120.30839702627141,121.60612181536814,5705000
2024-05-23,121.0792236328125,123.62589827951034,120.171795197879,123.47954365728489,6108600
2024-05-24,119.9278564453125,120.5132972453113,118.47400273477035,120.42547703095546,7173400
2024-05-28,121.46952056884766,121.7915156278316,120.02543369799044,120.24984908265151,6911400
2024-05-29,120.73770904541016,120.9133420246375,119.79124284870079,120.00590620601015,4735100
2024-05-30,114.24905395507812,118.493516313684,114.19051211099804,117.25432602257783,10839600
2024-05-31,114.34664154052734,114.57105692123281,111.77069600262811,113.76119328204528,12755600
2024-06-03,116.38593292236328,116.43472276045313,114.49300035759603,114.6783928091965,7256300
2024-06-04,117.1567611694336,117.44948529681115,115.83951748480216,116.13223416789593,7368000
2024-06-05,119.6546401977539,119.81076171001698,117.58608227025223,118.6984219901346,5973700
2024-06-06,120.50353240966797,121.25484670467273,119.28386102900332,119.8985727249163,7347200
2024-06-07,122.86483001708984,123.15755416333211,120.27912487289744,121.1963202497912,11545000
2024-06-10,121.47927856445312,123.86983167093966,121.04019981241565,122.67943856792421,10164700
2024-06-11,120.87431335449219,121.80126809740001,119.3228948862989,121.04019432475549,18373900
2024-06-12,136.9739990234375,137.5399284113642,130.70976770603815,131.42205172508005,40871300
2024-06-13,136.45684814453125,138.944965998298,135.40305022229904,137.0227625968977,13733200
2024-06-14,134.77859497070312,136.57394798891616,134.04679201222365,135.88116797058507,11330800
2024-06-17,137.88140869140625,138.00825928010232,134.895655515689,135.43231390413382,11232800
2024-06-18,141.13063049316406,141.54043833773923,137.79361099713617,137.79361099713617,11629400
2024-06-20,139.442626953125,141.7941575178134,138.50591255494484,141.7941575178134,8940000
2024-06-21,138.0668182373047,140.23295608200726,137.03253915423508,140.23295608200726,14844100
2024-06-24,136.4958953857422,138.096104021805,135.744573467957,136.60322708828295,7793300
2024-06-25,135.7933349609375,136.16411983567687,134.22239758186691,135.62746143501914,8205500
2024-06-26,134.8761749267578,137.3350373124484,134.72982027403793,136.1056135638886,8036300
2024-06-27,136.77879333496094,137.98871246711542,135.4420385283239,135.87136515226788,7518200
2024-06-28,137.7740936279297,139.35479806165446,135.89092792423799,136.05680146638426,25814800
2024-07-01,139.61822509765625,140.5646913234106,137.6472467761553,138.2521990442826,6552400
2024-07-02,139.80360412597656,140.72079934035006,139.09132024423442,139.16938099530515,5920500
2024-07-03,140.87693786621094,141.1403761832721,140.0182843892384,140.26221868259944,3560800
2024-07-05,141.3159942626953,142.2526934634335,140.5256496593958,141.43307794064626,5365500
2024-07-08,141.5111541748047,141.70629862226662,139.94996881797525,141.24770098201924,8622600
2024-07-09,137.26669311523438,142.1648977056565,134.65172473785208,141.60873528031593,14334200
2024-07-10,138.6229705810547,138.9254466860011,136.3495014557734,137.6960084677467,6350300
2024-07-11,139.68951416015625,140.39402960275052,138.63274099626486,139.29812332787196,5245100
2024-07-12,141.65631103515625,142.0085688021508,138.2217940743082,139.64061961925617,7361800
2024-07-15,139.99285888671875,143.43714000817747,138.86758411806795,142.59563628325904,8687800
2024-07-16,139.54275512695312,140.41361247469396,138.99480195497293,139.99286804999636,7181500
2024-07-17,136.26480102539062,138.74038478134466,135.69727383006858,137.45856255165353,9157000
2024-07-18,135.06124877929688,137.04758633328524,134.24909863235243,136.3626449233932,5998700
2024-07-19,135.5798797607422,137.41944991412313,135.1102076752047,135.37440475545984,6111900
2024-07-22,137.15525817871094,137.6542838558783,136.12783832044212,136.73451367395145,5387200
2024-07-23,140.03199768066406,140.1396324032406,138.17286876045546,138.26092946148978,6697400
2024-07-24,135.7853240966797,139.59165696110924,135.42327194366203,138.65229817488694,8018800
2024-07-25,134.8557586669922,138.03585729111052,134.73832948806202,137.13563161858482,7654600
2024-07-26,136.02015686035156,136.94973613181384,135.40371710158408,135.88316858833636,5139400
2024-07-29,135.33523559570312,136.77362013074404,134.85578403775887,136.27459455086202,4054600
2024-07-30,132.75201416015625,136.56814209995974,132.05729316826273,136.07889607669804,6505700
2024-07-31,136.45069885253906,138.5055379109125,135.6776967848399,136.68554229454244,7188000
2024-08-01,134.5524444580078,137.3705065081387,132.849877744891,136.2941592166013,5906800
2024-08-02,130.41343688964844,131.41150309637186,128.96527264011254,129.91441125158963,8251600
2024-08-05,125.1100082397461,127.17462729564168,123.93582063325789,125.13936181011289,10355000
2024-08-06,125.45248413085938,128.22160375457202,125.32527537456964,127.73235768343328,8373900
2024-08-07,123.19216918945312,127.49753635260211,123.04539386673042,126.14721234191683,8617700
2024-08-08,126.18634796142578,127.0278517658234,124.90451823223279,125.2469889746499,6243200
2024-08-09,129.21966552734375,129.52299569224098,125.57967368736747,125.6383808250115,5597300
2024-08-12,129.72850036621094,129.85570913265101,128.38797080211995,129.40559614182135,5600800
2024-08-13,131.37234497070312,131.64632156633968,129.95353440102713,130.11009672156362,4324000
2024-08-14,132.6835479736328,133.04558530896952,131.12773403210812,131.15708760358916,4044600
2024-08-15,133.9849090576172,134.2980336798812,132.80094203986528,133.9849090576172,4698100
2024-08-16,134.5133056640625,134.8557838598028,133.45653243987977,133.8479232944938,4893800
2024-08-19,134.95362854003906,134.98298210856888,133.52503843623924,134.57201721854682,3641600
2024-08-20,136.17672729492188,136.7833875457536,134.8557720780525,134.8557720780525,3738300
2024-08-21,137.18458557128906,137.28244075077566,135.57007962398916,135.8147026421015,3776800
2024-08-22,135.11019897460938,138.04567544874618,134.68943958273493,137.67384365089512,5162200
2024-08-23,136.19631958007812,136.78340588944076,134.30782203831336,135.74620663868916,4544600
2024-08-26,135.9125518798828,136.40179794846497,135.217830823635,136.39201840211118,2729600
2024-08-27,135.5015869140625,136.49965307409846,134.7775122884682,134.8851470207329,3872200
2024-08-28,134.91448974609375,135.9614684843271,133.96535125530622,135.84405421515055,3022600
2024-08-29,136.42138671875,138.12396859648064,135.8636539041908,136.1474100851759,4588400
2024-08-30,138.25112915039062,138.67188847746894,137.0867362033392,137.31178518446305,7980700
2024-09-03,136.4996337890625,139.14155919885923,135.84404594174796,137.42919820150541,6831200
2024-09-04,137.72276306152344,138.06524126873174,134.98298219567062,135.46244869964136,6243300
2024-09-05,139.54275512695312,140.19834302418687,137.29222037294522,138.3587731491641,8733200
2024-09-06,138.7599334716797,140.84412598928617,136.40176441746596,140.69734324643136,11154800
2024-09-09,136.8812713623047,140.21793330137243,136.50943955366787,139.425357019262,20233400
2024-09-10,152.53712463378906,157.0675475899105,149.8266974826003,150.91282425216664,37374200
2024-09-11,153.79940795898438,156.0108100466001,151.50973962863827,153.40801702290383,12630100
2024-09-12,157.90908813476562,158.8484323577295,154.50392426735166,155.61940486375082,16161300
2024-09-13,158.54507446289062,170.19891900827304,157.5372287899252,169.9640755282269,25727800
2024-09-16,166.6665496826172,170.24783410480933,160.97171888694083,161.4414058125619,27384400
2024-09-17,163.86807250976562,166.96989066237896,163.18313102869405,166.61763291059864,12580100
2024-09-18,160.99130249023438,164.01483946718633,160.20850583154467,164.01483946718633,12274400
2024-09-19,163.98548889160156,164.5432365601757,160.97173140553892,163.6528051580335,10075900
2024-09-20,164.3866729736328,165.1988232091632,163.01679000442772,163.53538962352712,12187700
2024-09-23,162.38075256347656,163.73107636903984,160.72709861158617,163.63322119188746,7916100
2024-09-24,162.23399353027344,162.52754414705325,160.39442360035085,162.1752863930384,6155100
2024-09-25,162.70364379882812,165.1205201624692,162.0969835543944,164.08332106175249,7142400
2024-09-26,164.48451232910156,164.73891487587375,162.89934512514264,164.04417898152218,7096800
2024-09-27,165.1107635498047,165.47280085168805,162.9287154006359,164.4747347217393,8974400
2024-09-30,166.73504638671875,166.85247559048676,162.87000561217124,165.8544094767829,10210300
2024-10-01,163.5647430419922,166.84268261908332,162.4003350539342,166.55892647951003,7595100
2024-10-02,164.1029052734375,165.54127482447348,163.67236639041568,163.99527055268203,7073000
2024-10-03,163.2711944580078,164.24968657032224,162.6645341261664,163.30054802692888,4735700
2024-10-04,167.1851348876953,167.22426799616323,164.55298915781003,165.08138317104172,6386900
2024-10-07,166.31431579589844,168.62355792080064,165.90335087501828,166.75463428751252,6791000
2024-10-08,170.61965942382812,170.88385646632562,166.77419271133957,166.93075502767914,7845400
2024-10-09,174.45533752441406,174.7684621408207,170.07169740894523,170.8055664317194,8120900
2024-10-10,172.02322387695312,174.85742376082862,170.81696168634386,174.21996484682586,7115900
2024-10-11,172.37628173828125,173.5825290211709,171.03272317417245,172.11149063963555,5869400
2024-10-14,172.7195281982422,173.79829574583374,172.11150374278733,173.14123368109247,4688700
2024-10-15,170.72872924804688,174.77899348070423,170.39529743727016,173.52370845786893,5848600
2024-10-16,171.39559936523438,171.5328956901927,168.32602764359373,170.15011594042707,6383000
2024-10-17,172.2880096435547,174.318049811506,171.75844240558013,174.07287674566703,5474000
2024-10-18,171.31712341308594,173.55310043979358,171.2092466721406,173.38638456090996,5001300
2024-10-21,170.40509033203125,171.7682520438325,169.816683924767,171.08177041993565,4198400
2024-10-22,171.9251708984375,172.45475313941196,170.91505899026404,172.0624672268054,5510100
2024-10-23,169.75784301757812,172.67050034402922,169.66956933785465,171.130806251114,4830400
2024-10-24,171.01312255859375,171.57210937023112,169.57150372685712,169.9735911483187,3488000
2024-10-25,170.1697235107422,172.886230270644,169.75783456119942,171.4053903593705,3674700
2024-10-28,169.09095764160156,170.80716909627782,168.81636500598745,170.68949081363644,4330000
2024-10-29,170.08145141601562,170.6600712220094,168.96346283853092,168.96346283853092,4122900
2024-10-30,171.18963623046875,172.75874981123303,169.45380676342688,170.6208329315461,5822500
2024-10-31,164.59939575195312,167.5807087911143,164.16788873595527,167.2276589565867,9477500
2024-11-01,166.73731994628906,168.94387776567336,165.8350847669533,166.86479977799027,5680600
2024-11-04,166.3155975341797,167.18841305096004,165.47220158819826,167.0216971617072,4804400
2024-11-05,168.4633331298828,168.57120988851497,167.03153065805014,167.17862852701313,5456800
2024-11-06,177.7406768798828,178.5840728518983,173.99442513129543,175.0731926411444,11085000
2024-11-07,182.77162170410156,183.06583239102827,177.05418371989313,177.58376594919665,7759400
2024-11-08,185.59603881835938,186.4884725039483,182.66376312178667,182.66376312178667,8520400
2024-11-11,185.47833251953125,187.8025683946783,184.2132311201192,187.36125986909266,5973600
2024-11-12,185.9196319580078,186.92974374255525,183.58557969723674,184.89970367423572,6629900
2024-11-13,185.96868896484375,188.06736992582577,185.14489604533017,185.35084801625288,5695400
2024-11-14,183.4384765625,185.92942813312496,183.10504481033783,185.01739158206226,7804300
2024-11-15,180.19239807128906,182.21262169710047,178.80961841759932,180.9573368235055,8986300
2024-11-18,182.14398193359375,182.58529048846518,179.3490177766231,180.74159908701915,6289400
2024-11-19,185.2527618408203,185.6646657583009,180.7612044606172,181.32019126718143,8117000
2024-11-20,187.06704711914062,187.28280061177256,184.19362600281502,187.21414497130957,4860200
2024-11-21,188.714599609375,192.25489917650083,187.93985932791674,188.23406999126928,11394300
2024-11-22,188.57733154296875,190.4504575839163,187.3710841031271,189.2736297183992,6879400
2024-11-25,184.36033630371094,190.98981034102528,184.36033630371094,190.74463728538854,15138500
2024-11-26,186.69439697265625,188.68520123633635,184.68398963627945,184.68398963627945,6427200
2024-11-27,179.17247009277344,185.31161312094582,178.70174200534214,185.31161312094582,8368800
2024-11-29,181.2711639404297,182.34011497253775,180.44738598710845,180.45718752315614,4628000
2024-12-02,177.9073944091797,181.71247037197148,177.50530697325217,181.71247037197148,8859700
2024-12-03,179.3588104248047,179.50590828108005,175.65179480489937,177.68182004238247,8917100
2024-12-04,184.5564727783203,186.12557136458705,182.3106791963016,184.3701388607355,8906300
2024-12-05,182.64413452148438,185.37045784643777,182.26166513313987,185.37045784643777,6398100
2024-12-06,187.98890686035156,188.9107600042579,182.78143321145168,183.38945764076152,10503400
2024-12-09,186.77284240722656,194.48108435441262,185.28218594627734,192.5098982516022,20158000
2024-12-10,174.30824279785156,174.36708193753552,167.75721090314715,170.1108812397364,26502000
2024-12-11,175.13201904296875,177.87796026120623,171.45442320537634,174.56321575772003,13188700
2024-12-12,171.9349822998047,174.7299463938712,171.4348196465868,174.56323049752422,8154200
2024-12-13,170.04225158691406,172.73915563853222,168.3260399177025,171.62116692115583,8351100
2024-12-16,167.92393493652344,170.9052478480546,167.6297242596494,170.48354238622724,9572000
2024-12-17,166.4333038330078,169.649973515468,166.0017968085499,167.45321728376302,8940200
2024-12-18,162.21632385253906,167.92394550058341,162.16728624261233,166.13909321983576,8817900
2024-12-19,165.5310516357422,167.69838826717591,164.16788989693282,164.31500272479644,8386400
2024-12-20,166.38424682617188,167.95334541088476,162.43205834844963,164.49150304666827,13810500
2024-12-23,165.8743133544922,166.34504152054365,163.94234811285318,166.31562194542659,6518200
2024-12-24,168.1004638671875,168.45351367933182,165.76641150000123,166.4234735184578,2451500
2024-12-26,168.365234375,169.21844678826358,167.20802472976263,167.20802472976263,4100100
2024-12-27,165.69778442382812,167.84548807946763,163.9717563275921,167.09036575154192,4344300
2024-12-30,163.68736267089844,164.6680550145537,161.37292814130498,163.2950767549298,5254800
2024-12-31,163.4225616455078,164.06982214450196,162.63800482528853,163.9717469304083,4307500
2025-01-02,162.82435607910156,165.43300142413193,161.71616889146708,165.26628551377442,5360800
2025-01-03,163.10874938964844,163.97174843203382,162.07901948894158,163.48140228542835,5876000
2025-01-06,162.49090576171875,164.80534013388217,162.00055962324492,164.07962246183737,6845400
2025-01-07,158.90158081054688,162.95184501827603,158.20529761963255,162.3830416576518,7712200
2025-01-08,159.99014282226562,160.81392077109544,158.31315238826906,159.04867162061936,7596200
2025-01-10,151.88938903808594,156.5099693937453,151.319187589802,156.5099693937453,13593900
2025-01-13,151.3191680908203,151.54527751499958,149.8445140183385,151.14221680258183,8828500
2025-01-14,153.66879272460938,154.5929117354547,151.7419196815751,153.77693463015422,7410200
2025-01-15,155.63499450683594,156.46079721954825,154.60273361546675,155.98891209813516,10701200
2025-01-16,156.84422302246094,158.771111220356,155.73332699599857,157.44391636457,9210600
2025-01-17,158.3090362548828,160.4030499341501,157.82731050210106,159.03653769768346,11618300
2025-01-21,169.654052734375,170.44052295199623,159.99997630320857,161.1010466086446,30232000
2025-01-22,181.10719299316406,188.74590569539885,177.51887389288075,188.27400556640245,48028500
2025-01-23,183.3191680908203,183.41748436464707,178.43314630058447,178.57078008336757,17314600
2025-01-24,180.4976806640625,185.90474608154744,178.7969020138727,185.4525121916634,12147200
2025-01-27,155.60549926757812,169.60488757580373,150.08046671238645,166.04604548424487,42201600
2025-01-28,161.22885131835938,163.0279311545267,154.10135636678555,160.23592293924344,20319300
2025-01-29,159.2823028564453,161.25833387320324,157.30625683873075,161.25833387320324,9866600
2025-01-30,167.50103759765625,168.59228216063065,161.32715403445445,161.99565664912748,14981700
2025-01-31,167.18643188476562,170.0767560348754,166.27215363370743,167.53052380776182,8704600
2025-02-03,165.7511444091797,167.02916609721117,160.44238008590273,160.44238008590273,8250600
2025-02-04,165.05311584472656,167.5206982833025,163.53914424915664,167.5206982833025,6777000
2025-02-05,168.75941467285156,168.98552409571485,165.67247276579423,166.13453223922585,7866700
2025-02-06,169.43777465820312,172.68200191807355,168.67095566940193,170.07678548188468,7036900
2025-02-07,171.51211547851562,174.39259938783934,170.25373013479395,172.04298437273007,9991300
2025-02-10,175.89674377441406,176.9486709266105,171.96433273988401,173.02608551932204,7625900
2025-02-11,174.19598388671875,176.0933650505519,173.46848242959837,174.6187108814123,6528800
2025-02-12,169.30995178222656,171.93483424674034,167.82547207411073,171.93483424674034,7454800
2025-02-13,170.92225646972656,171.43347413515218,169.19200091107788,170.07678744654356,6421700
2025-02-14,171.21717834472656,172.07247293594355,169.889983633359,171.30565399189572,7260900
2025-02-18,176.7618865966797,179.16065983095666,173.1145686050291,173.7634200538335,11430500
2025-02-19,178.45281982421875,178.61010486740787,172.73115447627444,175.56249526708876,8688500
2025-02-20,173.0260772705078,177.22393005000907,171.48259881257863,176.77169620217649,8737000
2025-02-21,164.97445678710938,173.89120521174138,164.71885549304514,173.14403758131994,9713900
2025-02-24,167.08816528320312,171.22701983897653,161.8777172311242,170.63716713556462,10639100
2025-02-25,165.69212341308594,167.71732758756846,161.66141132041582,166.42945044233792,8316100
2025-02-26,169.5557403564453,170.93207826989584,166.27218061938606,168.09091179066294,6915100
2025-02-27,161.97601318359375,171.90535754096777,161.79906187868167,170.07678571875095,7436800
2025-02-28,163.25404357910156,163.34251922816793,158.09275403682113,160.3538934079165,12843300
2025-03-03,159.2823028564453,164.29611760075778,158.40734205786615,164.12899194270972,8081800
2025-03-04,154.80918884277344,157.06048750495322,150.9259360406619,156.52961862860386,13171900
2025-03-05,158.830078125,159.74437148435152,154.3962901162803,155.3892184949057,7141000
2025-03-06,148.3895263671875,154.50442646136077,147.19996548029425,154.50442646136077,12321200
2025-03-07,152.53822326660156,153.83591107038075,145.99075548115633,148.07492846953724,12646500
2025-03-10,146.2758331298828,149.94281672574544,144.31946850465056,147.9864370995576,21486100
2025-03-11,141.74375915527344,143.31672968727833,135.3732570024752,140.9966064030984,27200200
2025-03-12,148.34039306640625,149.65774732629285,142.5597433276759,143.75913004218742,15373900
2025-03-13,145.1649627685547,147.63254539145566,143.02179086818543,147.25896152786876,14187700
2025-03-14,146.7477569580078,148.33055304233608,145.3812446865163,146.40366498277896,9330000
2025-03-17,151.40765380859375,153.11825804682934,147.85865217132235,147.85865217132235,9885000
2025-03-18,146.92469787597656,149.84451414197628,146.11856144951895,149.79535600599493,9402500
2025-03-19,149.87399291992188,151.4666293809232,147.46539447698885,147.52437823462674,6909500
2025-03-20,150.1394500732422,151.87954610500248,148.2715608872774,149.01871356147188,7051600
2025-03-21,149.65773010253906,151.2405261583188,147.57355703565804,149.08752869725018,17620200
2025-03-24,152.2531280517578,153.95390672120283,151.42732528796813,153.698290388869,7848300
2025-03-25,151.32901000976562,152.9708049213938,150.46388972808785,151.89921144596156,8521200
2025-03-26,145.30259704589844,150.4442204969092,144.08354417182764,150.30658670475268,13210000
2025-03-27,143.31671142578125,144.5554154362516,142.47124249772654,143.38553581573024,9148300
2025-03-28,138.48968505859375,143.18891518900298,136.7594295506426,141.35051777424502,13144500
2025-03-31,137.4475860595703,138.2144049653416,134.44911982497402,136.29735770091338,15509900
2025-04-01,139.5416259765625,140.8294883564928,136.41535099998222,137.39845388554238,9518500
2025-04-02,143.39535522460938,145.3910524331979,137.49673923840734,137.49673923840734,11594400
2025-04-03,134.9111785888672,139.01071502551326,134.33115159924333,136.89705023236215,14433800
2025-04-04,126.10259246826172,131.55881566715408,124.80488965297604,130.6641885748851,14986900
2025-04-07,125.01136016845703,131.84392187532077,116.85160363322058,116.85160363322058,19482700
2025-04-08,122.39629364013672,130.74284147425465,119.64360291149231,130.30043323141575,11950300
2025-04-09,137.32962036132812,138.2144068025307,121.31487626857587,121.31487626857587,17762000
2025-04-10,131.56768798828125,134.82356908642996,127.53234231906033,134.82356908642996,12401600
2025-04-11,130.5810546875,131.22236095594837,127.11795868431392,130.3442570374595,10190200
2025-04-14,132.84043884277344,134.97157250050776,131.09409195200413,134.97157250050776,8217700
2025-04-15,132.14979553222656,134.65583993492484,131.93273479008212,132.95882779898335,8630000
2025-04-16,128.02565002441406,130.76849193142272,126.14118259235443,130.51197245585587,8295200
2025-04-17,126.9009017944336,129.5450896083372,126.72331484263637,129.15042684626837,8925500
2025-04-21,121.17842864990234,125.4998843247019,119.61954459496904,125.19403008981315,12201200
2025-04-22,125.53935241699219,126.2793281784941,121.74081168010026,122.8359764093169,11233700
2025-04-23,129.64373779296875,134.05399420932457,129.2392291816511,133.1068337354536,9528900
2025-04-24,135.67205810546875,136.0173860838731,130.23570929625475,130.73888729879243,7305900
2025-04-25,136.6389923095703,137.14217039270582,134.9321040975684,135.6523579901983,5476400
2025-04-28,138.26693725585938,138.78985225715726,136.23447290291358,137.7834810044435,6985100
2025-04-29,138.90823364257812,139.2732985634342,137.68481677060615,137.9413362636354,4851500
2025-04-30,138.83917236328125,139.4114220327971,133.75801201605802,136.62910623151413,9443500
2025-05-01,143.54544067382812,146.6533329339048,143.39743648463423,144.60113162681816,11525800
2025-05-02,148.7153778076172,151.01423744020212,146.34746160534505,146.34746160534505,11346000
2025-05-05,147.2946319580078,148.80419632779459,146.53493436619982,147.4426361398687,5187400
2025-05-06,145.72589111328125,146.94932313230842,143.77235930720252,145.01551317382618,5108600
2025-05-07,147.37353515625,147.8964500406764,145.27201469698912,145.5285341510037,6049600
2025-05-08,148.29112243652344,149.78093465039663,146.6237082391312,147.05782969346328,6113600
2025-05-09,148.3306121826172,149.77110503171852,147.78796025128293,148.03461885144884,4707100
2025-05-12,155.11865234375,155.32583712470986,152.3560731771378,154.2208114800031,7875500
2025-05-13,160.1011505126953,161.03845007757207,155.4639723589542,156.1052786257529,11955200
2025-05-14,160.7720489501953,161.22590733193414,158.9073108091758,160.18993835251354,7499400
2025-05-15,157.26950073242188,159.57823642633215,156.78605956256862,159.20331057636872,10169200
2025-05-16,158.34495544433594,158.69026844089205,156.4012845312534,157.8614991833425,8515500
2025-05-19,157.5063018798828,159.80516164677013,155.72049617357055,156.18421550729025,10268900
2025-05-20,158.16732788085938,158.2166626023544,155.4244859799809,156.50978963349826,7576400
2025-05-21,155.07916259765625,158.74944317438892,154.36879979540055,156.2335379065757,6011000
2025-05-22,155.2074432373047,157.06232058562003,154.7240020532168,154.88185210351455,7603300
2025-05-23,153.88534545898438,155.27650336719714,152.19819426426025,152.9184481075682,6527500
2025-05-27,159.7459716796875,160.22941287747256,156.79592954498477,157.1905923190236,6976800
2025-05-28,161.6600341796875,162.12375349963284,159.12437683212067,159.70648744912626,8090700
2025-05-29,160.72271728515625,163.11038547757616,159.33157439987042,162.7946552834285,6994700
2025-05-30,163.31756591796875,163.53462665698393,159.3907658250608,161.24562797458526,17547900
2025-06-02,164.3436737060547,164.7679192058285,160.42673454210347,161.97574248096882,7166000
2025-06-03,166.8793182373047,167.06678115559555,164.36339786178155,164.57059768064093,7155300
2025-06-04,165.8532257080078,168.2014050177266,165.33031075276645,167.44170747435726,6375800
2025-06-05,168.8525848388672,169.95761038063694,166.5043905077626,166.74118814736065,7707800
2025-06-06,171.69410705566406,172.45380463582316,170.35228379019696,171.6743701540829,6833700
2025-06-09,174.78225708007812,176.3312801295486,171.46716528949727,172.5228711978387,9668900
2025-06-10,175.1078643798828,175.47292933534473,171.9506373958961,175.33480112525922,11056700
2025-06-11,174.02256774902344,177.15019676505665,173.84496574130188,175.17692810725563,18002900
2025-06-12,197.188720703125,199.78357358364636,186.3554809141371,187.42104770475223,54610000
2025-06-13,212.3434295654297,213.70498968052766,198.5108128344065,198.88573867591907,53707400
2025-06-16,208.2784881591797,212.2940815731935,207.17344760453088,210.35041097131494,22665300
2025-06-17,205.3975067138672,212.99460232647817,204.70686576404174,207.84437044302544,17819200
2025-06-18,208.0515594482422,211.85010733210083,206.7689469673128,208.2686201875966,15055400
2025-06-20,202.42776489257812,210.94242402905311,201.90484989893213,210.49844158886157,20879100
2025-06-23,204.27276611328125,204.49970284984093,199.832911605368,202.76321678497837,13418400
2025-06-24,212.3927764892578,213.47806521963076,205.7625925855595,207.1833484299013,19030600
2025-06-25,207.903564453125,214.03055454070545,207.42010826462715,212.06716207413012,11804600
2025-06-26,209.9755096435547,211.55411542066412,207.548382749024,209.16646232709647,10531100
2025-06-27,207.42999267578125,211.78103832979573,207.15373628679126,210.83387786892834,14127500
2025-06-30,215.70785522460938,225.1696742588588,215.46119665715858,223.47266211040989,31844200
2025-07-01,216.033447265625,220.1871691285763,213.41885740654035,216.3688993056324,16962200
2025-07-02,226.90615844726562,228.80049454968602,213.82339268296613,214.7705532067538,22326900
2025-07-03,234.1480712890625,234.8091144973219,228.10985882665406,230.10286443003844,18441400
2025-07-07,229.1556854248047,232.1057275087408,226.43258007760264,231.96759930391562,16584300
2025-07-08,231.36575317382812,238.2129979153384,230.07326459472398,233.9606063105563,20401800
2025-07-09,232.6582489013672,233.34888995094298,228.8991743520337,232.36225557873593,10871600
2025-07-10,232.3517303466797,237.35470561599556,230.86863419553066,237.2360627516906,11486300
2025-07-11,227.96176147460938,231.3629977008573,227.2795348367262,228.76263097583427,10208200
2025-07-14,226.69619750976562,228.04087200653424,222.58307374472813,226.86427993600736,11337000
2025-07-15,232.3121795654297,232.94496663080815,226.61708089018978,229.7909131799815,10728800
2025-07-16,238.58074951171875,238.61041022932577,230.56214197053632,232.84610774728486,12597500
2025-07-17,245.94677734375,248.76466605357788,239.28272656858266,240.59774029404673,17631300
2025-07-18,242.6839599609375,246.86628681585898,242.23903414008782,245.6995917706605,9678100
2025-07-21,240.7954864501953,244.01875843420896,240.4988792869843,242.54554414731206,7348400
2025-07-22,235.42669677734375,239.5595843742114,232.75712657363877,239.25308023309304,11380900
2025-07-23,239.17398071289062,240.6768557923363,235.97050249305252,237.24595862005563,7255800
2025-07-24,240.093505859375,241.32941937937335,237.84908268274427,239.67824072707577,8237900
2025-07-25,242.35768127441406,242.7037430783048,238.7092623228365,239.60901094348498,7149600
2025-07-28,244.91851806640625,244.98772137865373,240.67685439987474,243.22778172595744,6756800
2025-07-29,247.1629180908203,250.21810769088034,243.81112132391084,245.89734388948094,8415300
2025-07-30,247.7759552001953,248.22088106201602,242.83230098699775,245.83803611041432,8441400
2025-07-31,250.91021728515625,257.9301968555561,250.4652914461675,252.88767886895926,15548700
2025-08-01,241.6655731201172,245.61061432575295,239.2728464658785,245.03714866843114,12718200
2025-08-04,249.68417358398438,250.05989609450415,243.12888392325146,243.12888392325146,8614800
2025-08-05,252.78878784179688,255.5770006984043,248.5372426196171,252.53172327927768,11197300
2025-08-06,253.54022216796875,253.9456054014048,248.88330872555565,253.9456054014048,9930200
2025-08-07,246.57957458496094,254.8552616727796,243.74192200551119,254.80580702838208,11954200
2025-08-08,247.2321319580078,248.06266218363885,245.06680915867142,247.21235311830205,8313300
2025-08-11,249.83248901367188,251.81984755904045,242.7927306099483,245.60072243538474,9012100
2025-08-12,250.9991912841797,254.96399619968392,248.25052097890566,249.73361711859312,9998400
2025-08-13,241.4282684326172,254.76626683115325,239.90562970863883,254.27190145382033,14182100
2025-08-14,242.19949340820312,246.11485876594926,239.83642749722398,242.18959644503747,10285600
2025-08-15,245.48207092285156,247.80559423447028,240.19235534286895,244.13739649105324,11554000
2025-08-18,246.26319885253906,246.35218100776544,240.8746036767987,243.42553106780278,6759900
2025-08-19,231.9760284423828,246.44116568318952,229.61296230169248,246.44116568318952,16819300
2025-08-20,232.41107177734375,233.22183831808383,225.67781708563749,229.5635220943247,11256400
2025-08-21,230.532470703125,233.26136220593185,229.810686376159,230.42370971459823,7403100
2025-08-22,233.70628356933594,235.81228490381096,228.85162703164966,231.4223179407648,9343600
2025-08-25,232.75711059570312,236.3363111000984,232.618688893512,234.6752506738047,6308600
2025-08-26,231.57064819335938,234.24021834621962,230.0875519876776,232.35173889014447,11805200
2025-08-27,233.15260314941406,233.864490518973,230.05787097582683,232.35173363036887,5637600
2025-08-28,237.61180114746094,239.2234221470116,232.4703887438131,232.88565388346123,8691500
2025-08-29,223.58169555664062,235.53544703645858,220.59572438410635,234.93232065867574,16618600
2025-09-02,222.7610321044922,222.9093356763415,216.32438552323228,219.49821774230745,10461900
2025-09-03,220.931884765625,223.35427210434827,219.25104549509257,223.35427210434827,8900800
2025-09-04,220.48695373535156,221.0505374955481,217.08571759567516,219.4982230011123,10303100
2025-09-05,230.17654418945312,231.97602648576432,223.34441041612502,229.92936147771334,15386100
2025-09-08,235.7925262451172,239.68812816441823,232.65825129611065,237.18664034885725,18803000
2025-09-09,238.78836059570312,240.7460583644942,231.91668482590836,237.23606114649087,41178700
2025-09-10,324.6299743652344,341.8240176765686,308.5729956271183,315.5929904300297,131618100
2025-09-11,304.3906555175781,327.26990115738016,301.16741356506026,326.6173351958634,69986000
2025-09-12,288.8873596191406,304.49942749254865,288.4622126142947,302.3440015774199,51781900
2025-09-15,298.7351379394531,303.5700158537664,293.9397875320376,302.9965652670561,40004000
2025-09-16,303.19427490234375,316.3641755798037,298.863629440269,310.52077329489015,51923300
2025-09-17,298.01336669921875,305.18166530350607,291.7052590996586,304.2225951798477,27707900
2025-09-18,293.27734375,300.39621803294057,288.70941199080954,299.6250091667613,24673100
2025-09-19,305.1816101074219,307.60398212792995,293.9694080081884,295.6304682805937,40776200
2025-09-22,324.4519958496094,325.78678842264526,303.4612609324939,306.1407128681622,44437500
2025-09-23,310.29339599609375,321.3375331025253,306.5559945103405,320.3488022314406,35280200
2025-09-24,304.9839172363281,308.948737700425,296.6489232022388,308.3455961764004,33765300
2025-09-25,288.04693603515625,295.38333198377046,285.29826556707417,291.9425378733714,39274900
2025-09-26,280.265625,290.6868561133722,279.8108172791984,289.6981253102654,25990700
2025-09-29,279.57354736328125,282.7572619364002,276.4590210183064,281.3928085231105,25778500
2025-09-30,278.0706481933594,280.7995549320766,272.79082919681497,280.4930507895303,23880800
2025-10-01,285.7530517578125,286.72198847331055,274.74847491314813,275.6580902041734,23378300
2025-10-02,285.52569580078125,291.6459422221472,282.8264496974843,288.51165212768876,16215500
2025-10-03,282.9154052734375,291.319615875645,280.7995071796401,286.33640490523925,13688400
2025-10-06,288.3039855957031,293.3366213147314,287.52287988214596,289.0850913092603,14076800
2025-10-07,281.0368347167969,289.91564821956524,267.9460484974408,289.91564821956524,31723400
2025-10-08,285.3774108886719,288.2447245281796,280.40409555719157,282.20359307719076,18982100
2025-10-09,294.12298583984375,298.094685999631,284.51567287113585,288.7646666174215,26479800
2025-10-10,290.1612548828125,304.7802577521276,289.2203486595486,297.41133193393904,28895300
2025-10-13,305.06744384765625,307.73174741807657,294.89553869091156,295.846389117684,21703700
2025-10-14,296.1435241699219,301.51175787406083,289.19060013599903,300.6698722450941,17346200
2025-10-15,300.7193908691406,308.03880572761994,296.0643100000334,301.9871613039397,13698900
2025-10-16,310.009765625,319.45863403736973,300.1746387813038,302.68046730718675,32500900
2025-10-17,288.5269775390625,301.37307030021026,284.75337866080514,300.8481348459811,37653000
2025-10-20,274.5319519042969,286.47673420174976,272.6798217970078,286.1895264812807,32810700
2025-10-21,272.5213623046875,277.6221559941788,269.65898749149005,275.453075630662,18370800
2025-10-22,270.05517578125,274.5518118451394,266.6777492206355,272.1945440817873,16474000
2025-10-23,277.3943786621094,280.3954305660964,269.78775624373066,270.3522878179626,16872200
2025-10-24,280.62322998046875,284.4463696843837,279.55356092104,283.1885133474392,13194900
2025-10-27,278.7116394042969,284.2581458564578,277.1368330944455,283.83226111517064,13855800
2025-10-28,278.1470947265625,282.73286714510976,277.85988698630416,280.29637706570696,12448500
2025-10-29,272.6699523925781,278.9295825147248,268.7577062357614,278.7711074225907,18007100
2025-10-30,254.4358367919922,267.1828794578266,253.83164865983144,266.1726046001878,27954200
2025-10-31,260.1011657714844,263.2706069654952,254.2575369069314,257.0308055081987,16898700
2025-11-03,255.3866424560547,263.08240107211407,252.79166228431848,262.7060265565384,15709200
2025-11-04,245.7991180419922,252.84119360389275,242.84759156013533,247.5918238760698,19772600
2025-11-05,247.91868591308594,249.98871567900335,244.67002227563194,245.54162011939326,11991500
2025-11-06,241.47088623046875,246.6905440901093,237.0039623527757,245.5713345860817,18678300
2025-11-07,236.97422790527344,238.10333632864885,230.13025396768967,236.71671725187713,20969300
2025-11-10,238.52926635742188,244.87803295313833,234.80519242807532,243.60034832300295,16698700
2025-11-11,233.89395141601562,235.18153497937493,226.7033147598624,233.97318895516247,20686600
2025-11-12,224.8214569091797,234.54763369916606,224.00928352336686,234.47831030279977,24195000
2025-11-13,215.49148559570312,223.0089720665322,213.1639299154254,222.8405979490465,30009000
2025-11-14,220.72103881835938,224.88091166583573,208.75644164513986,208.81586602520125,36053800
2025-11-17,217.75958251953125,220.67149784050704,213.50065926480528,216.12535173148086,16143800
2025-11-18,218.38357543945312,221.56290055000463,212.45079488745804,214.14446521670735,21098300
2025-11-19,223.3754119873047,225.97037714437542,215.23394003612734,216.96722152015874,21679500
2025-11-20,208.6772003173828,231.7645085596671,208.2909267409707,228.9516437923061,27459600
2025-11-21,196.86114501953125,206.31991231510187,191.70092710981814,205.10166732624853,44834100
2025-11-24,198.36663818359375,201.87282751092232,192.44377191609706,194.97931272172713,31144700
2025-11-25,195.14767456054688,197.50494208935532,183.85659039729043,192.2258603800828,29595000
2025-11-26,203.00193786621094,207.99378198410258,200.30792195718513,207.49855869366425,26544100
2025-11-28,200.02069091796875,200.4069644933779,195.72215623510456,197.60399875878693,13848500
2025-12-01,199.0203399658203,201.55588081499275,194.8208409887437,198.58454104867837,13461200
2025-12-02,199.17881774902344,207.69664946019373,198.0893204413895,203.1802153722126,19664500
2025-12-03,205.74545288085938,205.9336401391255,197.49503149503,198.41615462417082,19060500
2025-12-04,212.2824249267578,213.35210908512565,204.3489529767997,205.87423411503664,23316900
2025-12-05,215.50135803222656,217.4030135582173,211.57918311967302,216.90779029270885,24208700
2025-12-08,218.43309020996094,222.60287711623684,214.83777926798228,219.2353646644679,24711200
2025-12-09,219.41363525390625,220.49321842651437,216.19468378681566,217.92796534601828,17643600
2025-12-10,220.87948608398438,223.1674303758053,215.50136841567692,219.68105418699835,47928000
2025-12-11,196.9503173828125,200.06031918010268,184.4508707012314,188.79893077949723,100612700
2025-12-12,188.15512084960938,195.95984402428877,184.2032339151839,194.49397233822296,55201600
2025-12-15,183.15338134765625,187.16469305403038,179.66700512419118,186.49118151502418,43897500
2025-12-16,186.8477325439453,187.98675512554968,182.72748644949797,182.9354717582941,32433500
2025-12-17,176.75511169433594,184.71829592524682,175.378391487403,181.5587687672096,50222000
2025-12-18,178.3101043701172,182.99491266632592,176.87395978904445,180.97440820467443,36297300
2025-12-19,190.1360321044922,193.25593280159296,186.32280670757746,186.59023151713384,77008600
2025-12-22,196.48480224609375,196.90078800644136,190.98782056825766,194.93970796108377,27148000
2025-12-23,193.4738311767578,195.316062418809,190.35393049711385,194.5534143210902,18301600
2025-12-24,195.60330200195312,196.38574815633484,192.5626237241445,193.13708455844431,9282700
2025-12-26,196.0985107421875,198.45576316859328,194.23646645975376,196.1678341393981,11262000
2025-12-29,193.51345825195312,196.61354578036116,190.79962917343738,192.30511221146926,14748100
2025-12-30,195.3259735107422,196.48479417690953,193.8403036649356,194.18695089448133,14197400
2025-12-31,193.04794311523438,195.31605909352973,192.86965487522457,194.543511983856,10341500
