Price,Close,High,Low,Open,Volume
Ticker,PFE,PFE,PFE,PFE,PFE
Date,,,,,
2021-01-04,27.42728614807129,27.524147645896306,27.024929204908133,27.47199058019148,33565700
2021-01-05,27.710420608520508,27.844539574647623,27.270809073403104,27.36022361238557,29909400
2021-01-06,27.471996307373047,27.926510410995146,27.397487010074915,27.442194293862293,34962500
2021-01-07,27.613563537597656,27.680623031385757,27.322970502951193,27.59866111205063,27809500
2021-01-08,27.665729522705078,27.963769602664982,27.494355837199844,27.688081747056383,33462400
2021-01-11,28.142597198486328,28.18730449156072,27.680633206109988,27.732790293522733,47286900
2021-01-12,27.702983856201172,28.157498028394166,27.4347457977038,28.090438513769822,47831100
2021-01-13,27.464550018310547,27.695530574810082,27.300626132525437,27.568864184774576,31027900
2021-01-14,27.38258934020996,27.539060597133357,27.278275168927696,27.404941564813875,30272000
2021-01-15,27.34532928466797,27.40493615262267,27.12179855572984,27.330426857092437,34287800
2021-01-19,27.36768341064453,27.568861933402427,27.285721474445282,27.390035632390646,33451300
2021-01-20,27.196308135986328,27.427291502304172,27.166503280523226,27.412389074572623,35400100
2021-01-21,27.1814022064209,27.26336412721138,26.935519286396545,27.114342711442056,33829700
2021-01-22,27.233558654785156,27.442189769045193,27.010027957400215,27.062185025378465,26271200
2021-01-25,27.77748680114746,27.784939435702785,27.06218737058895,27.23356101484689,31728500
2021-01-26,27.799848556518555,28.01592669074979,27.688081750054018,27.770043695814948,27718700
2021-01-27,27.002580642700195,27.5986635045192,26.950420727590448,27.56140885859563,50561200
2021-01-28,27.01010513305664,27.36411467482424,26.995040591569985,27.077894133112828,39466700
2021-01-29,27.040245056152344,27.778390645307404,26.829344264059007,27.778390645307404,60251900
2021-02-01,26.964916229248047,27.258667656495046,26.904660926020252,27.062834329419715,40395800
2021-02-02,26.354820251464844,26.949853992328254,25.812508109646803,26.934789446914614,84062400
2021-02-03,26.241840362548828,26.5807854868991,26.196646721545946,26.35482302842177,38524200
2021-02-04,26.279499053955078,26.422610807080133,26.136390174098437,26.219243742061696,34284900
2021-02-05,26.302099227905273,26.42261562018194,26.19665025793213,26.302099227905273,31749600
2021-02-08,26.22677230834961,26.369881175818566,26.166517001672005,26.332221249986542,31633900
2021-02-09,26.339757919311523,26.40754694273491,26.181581615811293,26.21171070917024,30170200
2021-02-10,26.16652488708496,26.422616482492632,26.136395788032523,26.362358284387753,29039900
2021-02-11,25.93303108215332,26.21925180313317,25.82004838687279,26.211718091037508,30885200
2021-02-12,26.151456832885742,26.32469481931733,25.880300724290688,25.94055604105145,25578600
2021-02-16,26.12885856628418,26.256905783419686,26.030943317421983,26.2493720730342,28730300
2021-02-17,26.279499053955078,26.36235262191834,25.955618491881467,26.03847205984473,26389400
2021-02-18,26.03094482421875,26.2719718516706,26.00081572747007,26.19664910979889,24052500
2021-02-19,25.940555572509766,26.121327266064228,25.91042935130785,26.106262718828972,28145300
2021-02-22,25.80497932434082,25.887832903291606,25.639275039708043,25.85770667998397,34322500
2021-02-23,25.541353225708008,25.75225112476342,25.368115255302722,25.609142246585588,37624200
2021-02-24,25.42084312438965,25.64680559973047,25.360584931888756,25.511227539872227,30686100
2021-02-25,25.47356414794922,25.691995756207938,25.26266624936473,25.47356414794922,37506100
2021-02-26,25.225006103515625,25.53382211232642,25.127087991472685,25.488628474475444,41462800
2021-03-01,25.37564468383789,25.556416353904684,25.240066649604852,25.300324830716523,30407800
2021-03-02,25.240066528320312,25.52628714068895,25.23253569235165,25.368113725933206,27670400
2021-03-03,25.90289306640625,25.948086703619936,25.187342946831894,25.240067420280372,46020200
2021-03-04,25.759788513183594,26.430145108001273,25.488632390949746,25.80497928471004,45449600
2021-03-05,25.90289306640625,26.023406559041106,25.57901251621226,25.82757321098508,30589900
2021-03-08,25.872764587402344,26.26443416605449,25.85770291457621,25.970682700382472,24352300
2021-03-09,25.948087692260742,26.249369998692806,25.9405539824706,26.01587671402993,25167100
2021-03-10,26.30962371826172,26.467797117786034,26.000807754456563,26.091192143717894,33501800
2021-03-11,26.1439208984375,26.452736912895674,26.10626096950717,26.41507698396534,24557900
2021-03-12,26.317157745361328,26.347286836525267,25.993277198519692,26.030939999108753,16342400
2021-03-15,26.67116928100586,26.68623382765966,26.332224164466496,26.369884094466762,21896100
2021-03-16,26.987520217895508,27.010115602249773,26.595850607232837,26.71636411256992,25022400
2021-03-17,26.957387924194336,27.08543225136487,26.45273570511052,26.98751701527032,42540100
2021-03-18,26.942323684692383,27.09296626851518,26.75402117323096,26.761552009451364,24729800
2021-03-19,26.761554718017578,26.979986343004924,26.716363949584743,26.927261864320887,48348900
2021-03-22,27.115564346313477,27.123095183282604,26.633510328768654,26.723894738741162,25427500
2021-03-23,26.63351058959961,27.06284013275932,26.603381494890847,26.979986558944532,27970500
2021-03-24,26.821805953979492,27.06283290070223,26.641034307303517,26.72388785897718,22883400
2021-03-25,26.867006301879883,26.957393594118916,26.550659398849877,26.85194462644225,24875300
2021-03-26,27.303863525390625,27.333992616106467,26.84440494841286,26.8745340391287,27944500
2021-03-29,27.582557678222656,27.672944974118018,27.04024826919545,27.138163529845272,27004800
2021-03-30,27.19841957092285,27.590089202279046,27.130630541009882,27.559960106035778,26303300
2021-03-31,27.288803100585938,27.439445703643635,27.14569420797889,27.22854778332406,26582700
2021-04-01,27.341522216796875,27.454504865242342,27.130624337851316,27.341522216796875,21319900
2021-04-05,27.326461791992188,27.544893412842267,27.190883742724452,27.446975294311446,22096900
2021-04-06,27.153221130371094,27.416846366031315,27.11556120335342,27.311394547806273,20722900
2021-04-07,27.047767639160156,27.296328287580987,26.934785003829276,27.138152023464198,21933800
2021-04-08,27.085432052612305,27.228543797538947,27.017643034822907,27.085432052612305,18129400
2021-04-09,27.567487716674805,27.725664016802966,27.040242960475677,27.040242960475677,31686700
2021-04-12,27.846176147460938,27.891366911049108,27.364122180731883,27.477101962970597,29944900
2021-04-13,27.989282608032227,28.35835676070536,27.785915569612506,28.177585102131818,33967400
2021-04-14,27.996810913085938,28.15498717751665,27.838637521923005,27.996810913085938,23842900
2021-04-15,28.32069969177246,28.4261515233434,28.064608133065995,28.064608133065995,24945800
2021-04-16,29.051311492919922,29.14922960425283,28.478873117300225,28.52406388155516,52829500
2021-04-19,29.322471618652344,29.34506700389846,28.870546674117694,29.07391088787018,30905100
2021-04-20,29.397789001464844,29.555965304631115,29.18689109493446,29.18689109493446,26459400
2021-04-21,29.774394989013672,29.879843945612084,29.473112666342285,29.480643503269928,29365000
2021-04-22,29.104040145874023,29.75180134371331,29.01365573111723,29.736736795709053,33373600
2021-04-23,29.11910057067871,29.247147773949315,28.94586260306299,29.096505188506153,24375000
2021-04-26,29.134166717529297,29.179360357626226,28.991057833791764,29.171826647642494,19773400
2021-04-27,28.960927963256836,29.081441460346294,28.885605231783167,29.006118728872625,19061500
2021-04-28,29.23208999633789,29.3300052572687,29.013658340534093,29.028722889893217,21963300
2021-04-29,29.073909759521484,29.375194959697623,28.855481006325828,29.367664122664095,23569400
2021-04-30,29.111576080322266,29.299878634856643,28.991062560351025,28.99859339829406,28413200
2021-05-03,30.00035858154297,30.007889418033564,29.34506374939365,29.405321934392006,46638600
2021-05-04,30.09074592590332,30.256450204302762,29.69907630494963,30.128405858572798,52802200
2021-05-05,30.10580825805664,30.949402755499037,29.322469073797322,30.26398168758925,76627500
2021-05-06,29.80916404724121,29.839590020570586,28.873587129216876,29.26911607775717,54944900
2021-05-07,30.10580825805664,30.326389276477226,29.702671428018878,29.702671428018878,33807800
2021-05-10,30.318784713745117,30.6382486843782,30.25793277557875,30.295966687722785,30831900
2021-05-11,29.930864334106445,30.478520234815793,29.839589317848368,30.181874255791712,30568600
2021-05-12,30.189468383789062,30.36441331069458,29.900430453203988,29.99931047607706,26208600
2021-05-13,30.50133514404297,30.6382491052178,30.044957207846977,30.044957207846977,25415000
2021-05-14,30.440486907958984,30.668675882063997,30.364421982203826,30.6078268430401,18041100
2021-05-17,30.508941650390625,30.72952556651503,30.43287673022013,30.478515682322428,18095000
2021-05-18,30.46329689025879,30.691485804104506,30.295959900947647,30.562179816837737,15805500
2021-05-19,30.29597282409668,30.349216829986638,29.991718874799194,30.349216829986638,20209500
2021-05-20,30.516544342041016,30.6154272798593,30.21229338952445,30.21989843016595,18621100
2021-05-21,30.387237548828125,30.881646421886124,30.356811583894785,30.58500051773538,21144800
2021-05-24,30.28074836730957,30.531755314064778,30.257927443728477,30.486119270061796,16922300
2021-05-25,29.915647506713867,30.31878139744038,29.847190534554667,30.288355431685222,25916300
2021-05-26,29.60378646850586,29.89282734742511,29.497298487214525,29.885222306581387,28036500
2021-05-27,29.39842414855957,29.801558127779618,29.360390232226756,29.641826124871347,38471200
2021-05-28,29.459270477294922,29.67985440474544,29.421239466046945,29.47448346211015,16154100
2021-06-01,29.284320831298828,29.66463668625076,29.269107848911187,29.618997739087835,23642400
2021-06-02,29.504901885986328,29.61138985087889,29.314743976798347,29.39080597984177,19629000
2021-06-03,29.641828536987305,29.69507254228948,29.38321355341359,29.482093619500105,17376300
2021-06-04,29.77873420715332,30.044954159325528,29.67985126709799,29.702669291118504,19375300
2021-06-07,29.65703773498535,30.121020735964052,29.641824749474203,29.72549471899537,24110700
2021-06-08,29.550546646118164,29.7483125549093,29.269113669924923,29.71788658408293,18880300
2021-06-09,30.28074836730957,30.30356638931106,29.649422677192028,29.66463565905289,29824000
2021-06-10,30.942506790161133,30.972932763392013,30.341606875963535,30.349214820061512,42613700
2021-06-11,30.539371490478516,30.934897519192884,30.387244532429705,30.927292477001618,21386900
2021-06-14,30.143836975097656,30.47851389953139,29.953679038164427,30.44808793324291,23408300
2021-06-15,30.11341094970703,30.303568886267044,29.96128402014305,30.20468594681348,20206900
2021-06-16,29.8928279876709,30.30356983994609,29.877615004077754,30.136229922001394,19177500
2021-06-17,30.029741287231445,30.1134112443894,29.71788238428444,29.870009315337096,19580100
2021-06-18,29.52012825012207,29.99932430938637,29.436458267894125,29.892836296216526,37775900
2021-06-21,29.984106063842773,30.029745019304503,29.573367071008114,29.573367071008114,19488100
2021-06-22,30.12862205505371,30.18947108213898,29.862399219514135,29.97649513497105,15975900
2021-06-23,29.70267677307129,30.16666272222985,29.649432769224955,30.143844692461588,22025400
2021-06-24,29.80916404724121,29.930865038978187,29.725496972956215,29.771133031369754,13436500
2021-06-25,29.649433135986328,29.976505107420007,29.58097614425415,29.755921144996247,22774300
2021-06-28,29.755916595458984,29.82437357672442,29.588579564705842,29.67224662929232,19225700
2021-06-29,29.740699768066406,29.877613712908026,29.649424772031928,29.76352069325988,14516600
2021-06-30,29.786346435546875,29.870016412585187,29.52773146178326,29.77113344866895,21248100
2021-07-01,30.09058952331543,30.14383350740525,29.74830469589548,29.793940738498463,20035900
2021-07-02,30.219907760620117,30.2959726984193,29.95368773227471,30.014536780933362,16592700
2021-07-06,29.88522720336914,30.15905514388864,29.69506923373953,30.02974621571872,18931900
2021-07-07,29.930864334106445,29.93847227804988,29.6418262990258,29.831984275485386,17665200
2021-07-08,29.85479736328125,29.908041355751788,29.611395425821662,29.6646394182922,23021200
2021-07-09,30.12862205505371,30.50132996259759,30.014526139596796,30.06777012638878,21578700
2021-07-12,30.24271011352539,30.615420861578578,30.12100917771644,30.166648116736994,24513000
2021-07-13,30.159055709838867,30.27314875280944,30.067777793565927,30.250330724531405,12222000
2021-07-14,30.387237548828125,30.44808657711508,30.166653655431006,30.212292602831013,15888600
2021-07-15,30.493730545043945,30.569792568320523,30.318785570243655,30.387242551824656,20250800
2021-07-16,30.691492080688477,30.691492080688477,30.372028116288178,30.531760098488327,24270400
2021-07-19,30.539371490478516,30.69149554694694,30.181873574300866,30.478519546626835,29818400
2021-07-20,31.22393035888672,31.72594715926382,30.57739458167881,30.615425585941693,48804100
2021-07-21,31.201120376586914,31.368460320359514,30.82080443279855,31.368460320359514,27530200
2021-07-22,31.543405532836914,31.60425457545823,31.109845585931062,31.27718262932499,18913300
2021-07-23,31.703142166137695,31.817238127396266,31.505376220166948,31.535802196713345,21609200
2021-07-26,31.802017211914062,31.900897258671026,31.482550340971265,31.657495310133708,23720000
2021-07-27,32.02259063720703,32.098655541569975,31.627064740837387,31.80961470814962,32544100
2021-07-28,33.04945755004883,33.270041503533385,32.136698664469684,32.212760695942734,53822400
2021-07-29,32.842227935791016,33.23366240095333,32.71174782882986,33.17993615922243,29015000
2021-07-30,32.85757827758789,33.14923417805322,32.765473640520426,32.91130451861363,24763300
2021-08-02,33.74021911621094,33.87837311675915,33.19527996285964,33.23365542348748,43066900
2021-08-03,35.060359954833984,35.19851397079899,33.82465066084713,33.901401590667554,45643300
2021-08-04,34.68426513671875,35.1524533098976,34.54611115355582,34.80706835199028,43391200
2021-08-05,34.584495544433594,34.64589569880458,34.3081875301139,34.53844323276027,23505400
2021-08-06,34.59217071533203,34.77637704081916,34.254462534442546,34.607521486444305,20413000
2021-08-09,35.29061508178711,35.32899054605535,34.62287263436694,34.62287263436694,32374300
2021-08-10,36.986839294433594,37.27849812071755,35.221541419713816,35.45947400534816,81189400
2021-08-11,35.543907165527344,36.9024200156258,35.5055287639517,36.67216131761581,50878200
2021-08-12,36.257686614990234,36.38048983513828,35.56691667174519,35.68971989189323,29676400
2021-08-13,37.20941925048828,37.224770022459346,36.31909497118924,36.388171981128835,35379200
2021-08-16,37.5394401550293,37.58549245453665,36.4649099227324,37.0175258053833,38045800
2021-08-17,38.69841384887695,38.75214302144175,37.385953423345214,37.439679668049266,68817000
2021-08-18,37.84646224975586,39.8036402496452,37.7390068484063,38.55258017717683,88598000
2021-08-19,37.45502471923828,38.34534897412346,37.04056267096579,37.224769001706996,57741600
2021-08-20,37.393619537353516,38.16881436540145,37.34756722888991,37.59317368497599,35157500
2021-08-23,38.32232666015625,39.41988200732473,38.069043305643305,38.59863470949384,88652400
2021-08-24,37.13266372680664,38.414422285359,37.025211264156745,38.17649266887995,52624100
2021-08-25,36.46491622924805,37.055907666435886,36.0197556351249,36.87170429226764,51036800
2021-08-26,36.365142822265625,36.963808216332325,36.30373974192031,36.610749287926836,29029300
2021-08-27,35.766475677490234,36.45724571480962,35.71274944434985,36.357467169894576,32924500
2021-08-30,35.889278411865234,36.196287963677555,35.42876701200682,35.45946855276007,25774400
2021-08-31,35.35968780517578,36.18093493804408,35.2522353470973,35.85857756380863,34547800
2021-09-01,35.3366584777832,35.50551106352252,34.86079347179733,35.45178484153371,32900100
2021-09-02,35.95068359375,35.97370828673009,35.40574438891274,35.67437556654794,26106300
2021-09-03,35.95068359375,36.09651152905764,35.566923095493856,35.996735907570425,20817200
2021-09-07,35.88161087036133,36.45725168646338,35.720432144539295,36.06581721977265,26236900
2021-09-08,35.6973991394043,35.91230700262926,35.49784497483128,35.6973991394043,15839600
2021-09-09,35.3289909362793,35.85858230375542,35.19083692109947,35.66670205243457,21695300
2021-09-10,34.99128723144531,35.57460198194274,34.92988413778208,35.51320181614017,20801500
2021-09-13,34.216087341308594,35.17548858446516,33.924428543588135,35.106411577843474,37086200
2021-09-14,34.31586456298828,34.73800054409303,34.193061315251256,34.28516301908893,24100200
2021-09-15,34.361915588378906,34.822427018133205,34.13165987350176,34.20073688075093,28674600
2021-09-16,34.13166046142578,34.53077174042239,33.79394934111925,34.44634396034576,22424200
2021-09-17,33.686500549316406,34.12398734129241,33.24133983461303,33.90140552001041,56370500
2021-09-20,33.924434661865234,34.269819757263896,33.30274149014763,33.30274149014763,41873000
2021-09-21,33.70952224731445,34.331215335922444,33.65579600941924,33.962805592700796,23645600
2021-09-22,33.732547760009766,34.07025593821565,33.640446061928195,33.763249301990356,22616700
2021-09-23,33.916748046875,34.323536121175245,33.886049435568886,33.98582504606863,19719200
2021-09-24,33.72486877441406,34.08560455018608,33.62509316108734,33.82464731560079,16150700
2021-09-27,33.44089126586914,33.870704099565046,33.39483894973231,33.709522457016334,19955900
2021-09-28,33.03411102294922,33.21831445948244,32.565922652647615,33.05713572055066,28512200
2021-09-29,33.41019058227539,33.53299383394274,33.06480844986503,33.17226092909141,18037200
2021-09-30,33.01106643676758,33.8092887259227,32.980367831691865,33.60973461756358,21103300
2021-10-01,32.949676513671875,33.080153677306775,32.00562604219388,32.63499302317921,38483000
2021-10-04,32.5582389831543,33.27203373792367,32.397060277976756,32.94967632756858,28906500
2021-10-05,32.48148727416992,32.8422230676293,32.45078573262867,32.64266597547129,19342600
2021-10-06,32.25122833251953,32.38938232773384,31.99794503200667,32.281929870980456,30483800
2021-10-07,32.8038444519043,32.97269705843273,32.39705638522884,32.634988917516,19778300
2021-10-08,32.581268310546875,32.93432728167637,32.49684052878539,32.79617326204128,12778600
2021-10-11,32.28194046020508,32.71175042820625,32.24356206060999,32.58127323873756,11984200
2021-10-12,32.120750427246094,32.397058436335016,31.974922501498078,32.35868297459712,16222300
2021-10-13,31.790712356567383,32.1667988631586,31.422302698115008,32.04399564367447,28205700
2021-10-14,31.982595443725586,32.20517721399629,31.867469062035884,31.898170601630458,17590300
2021-10-15,31.844449996948242,32.258909143253966,31.760022212078038,32.15913351373507,23550300
2021-10-18,31.713970184326172,32.00562900894442,31.499065222955103,31.813748742617243,21733000
2021-10-19,32.304962158203125,32.38938994489602,31.882826152599215,31.928875543260393,17159800
2021-10-20,32.84988784790039,33.08782033684509,32.31262273187454,32.32797349837349,22788300
2021-10-21,32.89594650268555,33.072475959738824,32.56591227884598,33.049451269471845,22142300
2021-10-22,33.1262092590332,33.149233954214324,32.719424028910616,32.86525197815858,17183000
2021-10-25,33.11853790283203,33.187614921588455,32.67337424243271,33.156913373727654,22846200
2021-10-26,33.4332160949707,33.58671795397238,32.94200019144037,33.25668661483055,29729100
2021-10-27,32.980377197265625,33.43321468914398,32.7577954120681,33.35646083501026,22317500
2021-10-28,33.14155197143555,33.51763556460921,32.95734567120572,32.96502251963937,18023400
2021-10-29,33.57136535644531,33.64044235435844,32.89594614661244,33.07247560175492,30307500
2021-11-01,33.4946174621582,33.99350730550447,33.34111266975471,33.87837797923675,32681500
2021-11-02,34.88383483886719,35.33667240833462,33.04178301408358,34.599852849565444,69248000
2021-11-03,34.400291442871094,35.29829254729078,34.13933418228917,34.93755673558215,44593100
2021-11-04,33.95121765136719,34.43125981615939,33.53312050793834,34.29189311716299,38172500
2021-11-05,37.636688232421875,37.791540449383085,36.04171541877405,37.234073649746875,173959100
2021-11-08,37.419891357421875,37.77604933617908,36.854680406209866,37.63668265691583,57423300
2021-11-09,36.622406005859375,37.458606136555495,36.506269067858334,37.41989382388848,29920400
2021-11-10,37.954132080078125,38.10124005449276,36.699834796190565,36.699834796190565,42696200
2021-11-11,38.852272033691406,39.10003439157099,37.729597188171866,38.116726241553756,42370400
2021-11-12,38.50385665893555,39.0922944949152,38.37997547560726,39.03809370824621,27780600
2021-11-15,38.441917419433594,38.79033121584217,38.22512313414158,38.50385653411675,27763200
2021-11-16,38.40320587158203,38.836791530623614,37.853483253669765,38.30255443127291,31297200
2021-11-17,39.38650894165039,39.556846669748246,38.47288414222415,38.666448668313436,36889800
2021-11-18,39.80461502075195,40.036891896323965,39.185209034706354,39.56459390897647,32872600
2021-11-19,39.33230972290039,40.91179690891565,39.23939958065249,40.23044897412394,47966200
2021-11-22,39.64201354980469,39.85106358194587,39.00712217229153,39.44844903340287,27287900
2021-11-23,39.54910659790039,39.83558127827762,38.94518324960955,39.16197753388129,24946200
2021-11-24,39.40199661254883,39.742672087371666,39.26262990985957,39.6265321839438,18556800
2021-11-26,41.809940338134766,42.537741939998305,41.22924672232734,41.840911373165675,66561300
2021-11-29,40.571128845214844,43.12618018752773,40.346593269518735,42.70033878940233,72660800
2021-11-30,41.600894927978516,42.16610308939258,40.191745165864376,40.50144964364012,64598400
2021-12-01,42.33643341064453,42.71581822803768,40.15302579119244,40.62532370773354,59810400
2021-12-02,41.066654205322266,42.64614158711786,40.85760414418221,41.67057463513095,46361700
2021-12-03,42.01898956298828,42.127385229891594,41.11310600439841,41.585403941814626,37574800
2021-12-06,39.85881805419922,41.724780491705374,39.680738994601995,41.639611603732554,53724000
2021-12-07,40.04462814331055,40.64854849002308,39.02260773184621,39.68072590692729,41575400
2021-12-08,39.796871185302734,41.0976251493408,39.510393535364926,40.842118535108796,37429200
2021-12-09,40.323360443115234,40.9195365392505,39.882030639732434,39.882030639732434,38325700
2021-12-10,40.8653450012207,40.91954283648276,39.57233528345378,39.64201863644221,26079400
2021-12-13,42.73905944824219,43.14941540879994,41.3763631640079,41.3763631640079,54923200
2021-12-14,43.002296447753906,43.31974215699624,42.0577006016161,42.406117344335804,48685700
2021-12-15,45.5263786315918,45.619288782599575,43.2732875331202,43.44362527126816,75202900
2021-12-16,47.42331314086914,47.562679848425105,44.713409532819476,45.18570749136353,75183600
2021-12-17,46.0528678894043,47.37684842965802,45.448947563020496,46.40128459830265,104192100
2021-12-20,47.2452278137207,47.77946481905446,46.32386177315838,46.920037888277434,55712200
2021-12-21,45.64252853393555,46.48647022049382,44.25660543291176,46.46324046248285,63877900
2021-12-22,46.10707092285156,46.912300084671735,45.077309148660305,45.87479407520815,62594900
2021-12-23,45.45669174194336,46.51742745150098,45.14699027816876,46.316118694165276,39203200
2021-12-27,45.83608627319336,45.97545298621549,45.08505487008086,45.565094129623375,27362600
2021-12-28,44.914710998535156,46.029644550755904,44.19465368413959,45.719940129903414,36901700
2021-12-29,44.58177947998047,44.93019323606301,44.1869062245322,44.372729454194925,26170200
2021-12-30,45.2166748046875,45.47992268022562,44.54306812243506,44.713405851771576,24559000
2021-12-31,45.719947814941406,46.30064148647808,45.2476498228552,45.31733318158203,28579600
2022-01-03,43.861724853515625,45.33281354875755,43.621703766609016,45.29410123243337,57219200
2022-01-04,42.22029113769531,43.69138263559443,41.763478763384335,43.528789151575296,66993100
2022-01-05,43.07197570800781,43.69912283181565,42.87066696307292,43.23456918799058,52956400
2022-01-06,42.4603157043457,43.07198033211158,42.18932654194835,42.70807806812625,37000400
2022-01-07,43.14167022705078,43.18038254847243,42.29772862439142,42.86293678711767,27703400
2022-01-10,43.54428482055664,43.55976738625991,42.38289745779909,43.13392594396096,34044700
2022-01-11,43.892696380615234,44.46564874930317,43.21135128984552,43.93915293598798,33576600
2022-01-12,43.861724853515625,44.25659520571897,43.281031247971605,43.621703766609016,27608500
2022-01-13,43.002296447753906,43.93914805874222,42.75453408705552,43.768810328176954,28117900
2022-01-14,42.54548263549805,42.87841385047727,42.20480718562522,42.56870943305839,27072500
2022-01-18,41.895103454589844,42.235775932466765,41.368607745605466,42.1970636207744,35598000
2022-01-19,41.45378112792969,42.189326944605924,41.384097777853825,41.53894999508467,27300400
2022-01-20,41.84864807128906,42.212550309141356,41.08987551750608,41.77896472688245,35105300
2022-01-21,40.87308883666992,42.48354426815805,40.61758222702721,42.1351275066273,41059000
2022-01-24,39.90526580810547,40.30788040101954,38.573540843355886,40.06785931094756,59036400
2022-01-25,40.67953109741211,40.91180799274041,39.672995915282186,39.76590608270131,43983200
2022-01-26,41.04342269897461,41.51572063691138,40.617581312716354,40.70275018068009,39644800
2022-01-27,41.6363410949707,42.58031888106812,41.347688255528254,41.36329151387883,36957200
2022-01-28,42.385276794433594,42.650523221912096,41.425695881776356,41.94839454867163,28590400
2022-01-31,41.1058349609375,42.23704569557603,40.871792079016316,42.12782588241393,38644600
2022-02-01,41.40229034423828,41.47250350553274,40.87179156468385,41.14484407016971,27883300
2022-02-02,42.01860046386719,42.22923992230144,40.918596387165856,41.22285239067656,32039300
2022-02-03,41.644142150878906,42.042014803064454,41.417899380019925,41.60513549494183,22635800
2022-02-04,41.347686767578125,41.68314937000022,41.05903393852322,41.36329002536719,24932200
2022-02-07,41.51151657104492,41.80017237653909,40.75477791127988,41.58172974318983,32358500
2022-02-08,40.333492279052734,40.4115055793305,38.76539934972641,39.506537606431806,67922000
2022-02-09,40.15406036376953,40.349096595610625,39.70937799325318,40.28668357293345,38522200
2022-02-10,39.4753303527832,40.07604227686678,39.31150063967402,39.818596009983295,34200600
2022-02-11,39.61575698852539,39.97462590356291,39.06965794045732,39.264694165057804,34997800
2022-02-14,38.85121536254883,39.397317386877184,37.8214243342801,38.866818617645826,42973100
2022-02-15,38.84341812133789,39.038454360578164,38.39093261781236,38.85121826146009,29150000
2022-02-16,38.757606506347656,39.615764875020744,38.562570242920394,38.68739333247315,27672600
2022-02-17,38.149085998535156,38.976037670502485,38.03206307558826,38.859017723572144,21231700
2022-02-18,37.86042785644531,38.63277255185342,37.602981608653515,38.0554640650213,26955300
2022-02-22,37.080284118652344,37.68879913109511,36.93985780624374,37.08808723379529,34814800
2022-02-23,36.56538772583008,37.57177528115056,36.495174571365474,37.12709296154688,25793000
2022-02-24,35.85546112060547,36.479576484233256,35.41858185407442,35.77744781615829,44227300
2022-02-25,37.22852325439453,37.47036631859601,35.683836391103846,35.73844630727948,31199200
2022-02-28,36.6199951171875,36.79942806052076,36.151909436841265,36.52637857632149,35296100
2022-03-01,35.69163513183594,36.77603624765685,35.44978910110652,36.424970388861595,29854500
2022-03-02,37.212921142578125,37.39235415497169,35.8866739031286,35.972490338624944,36516200
2022-03-03,37.314334869384766,37.90724372960245,37.041282347744676,37.19731193496518,30553300
2022-03-04,37.95405197143555,38.047668529594304,36.98667095040595,37.0568841130292,33217300
2022-03-07,37.431358337402344,38.10228354214556,37.072492336359225,37.64199785349734,33171300
2022-03-08,37.010074615478516,37.77461629404596,36.253336052824224,37.119297406145364,32913300
2022-03-09,38.032066345214844,38.39873542435563,37.446957632211536,37.548377309083484,24718900
2022-03-10,38.38313293457031,38.45334610057324,37.48596503297917,37.688804390772916,24542300
2022-03-11,39.2178840637207,39.709376178786876,38.180289929249525,38.33631950279619,33701900
2022-03-14,40.76256561279297,41.2774610593876,39.311495815294585,39.56894502660001,42314500
2022-03-15,40.731361389160156,41.28526351141147,39.927813156147224,41.05122065457451,30172100
2022-03-16,41.285274505615234,41.55832705798549,40.707968836749544,40.98882153015109,29891400
2022-03-17,42.3150634765625,42.32286361662969,41.18385270174415,41.285269402701665,30598600
2022-03-18,42.525699615478516,42.90797194773298,41.90158425507849,42.42428291542505,51815000
2022-03-21,42.27605056762695,43.142011872711585,42.04981081103255,42.31506019298625,34592500
2022-03-22,41.37888717651367,42.37747171950706,40.95760820643208,42.2838551626056,32253600
2022-03-23,40.71575927734375,41.73775011795302,40.69235588380849,41.36328094130644,29183700
2022-03-24,41.0278205871582,41.23065695258654,40.79377771135116,40.988813937193136,25177500
2022-03-25,41.176048278808594,41.542717346682124,40.96540879147806,41.14484474351337,17429600
2022-03-28,41.566131591796875,41.78457425198191,40.95761934246302,40.9810227440474,21863700
2022-03-29,41.14484786987305,42.19024227012287,41.05122832882361,42.127829242756576,39970000
2022-03-30,40.910797119140625,41.90938460591063,40.54413104310768,41.50370890441291,27599600
2022-03-31,40.38811111450195,41.25407262873101,40.36470771444732,40.56754412562785,26055200
2022-04-01,40.23207092285156,40.692356517652364,39.86540187966651,40.66115000844161,19073100
2022-04-04,39.740577697753906,40.46611264834565,39.29589537010302,40.39589949261044,20462800
2022-04-05,39.974632263183594,40.68456411463276,39.59235989270308,39.63916966542021,21176700
2022-04-06,41.24626541137695,41.417898264096294,39.91221817255934,39.91221817255934,31717500
2022-04-07,43.03279495239258,43.22783118821307,40.957609522303215,40.957609522303215,36305700
2022-04-08,43.040592193603516,43.36045445578258,42.48669003542254,42.790946066648246,24612200
2022-04-11,42.073211669921875,43.93775737069415,41.95618875292944,43.26683232877252,22054300
2022-04-12,41.433494567871094,42.073213123900125,41.07462864151656,41.58172102196974,22810700
2022-04-13,41.425697326660156,41.98740266565767,41.1136411196747,41.44910369979634,15777800
2022-04-14,41.44129943847656,42.057614671069466,41.3788893892105,41.65974205094989,17240100
2022-04-18,40.44272232055664,41.433506960007534,40.27889256291967,41.21506728315825,17065000
2022-04-19,39.14767074584961,40.47391765159908,38.51575231475283,40.30228482379133,33441500
2022-04-20,38.81221389770508,39.13207322988166,38.39093488185777,39.00725014844731,24751800
2022-04-21,38.31291961669922,39.0150482979285,38.164690169049,38.95263824840488,19105600
2022-04-22,37.54837417602539,38.3051126913422,37.36894120946505,38.188092744115835,22156800
2022-04-25,38.18809127807617,38.3753243768571,36.76042476379344,37.32993015127815,27390600
2022-04-26,38.25050735473633,39.2022851811106,38.16469093091348,38.21930381736004,25366500
2022-04-27,38.804412841796875,38.93703606068509,37.61078899171825,38.31292066823509,25819200
2022-04-28,39.405113220214844,39.607952538292814,38.60936812934368,39.350503321351454,28225400
2022-04-29,38.28171157836914,39.27249599921424,38.2271016712059,38.905826928818136,28343300
2022-05-02,37.71220397949219,38.039863403742956,37.02567564523119,37.19730847280058,36228400
2022-05-03,38.45335006713867,39.03845885217967,37.212919323811064,38.125687599986776,33716900
2022-05-04,38.74199295043945,38.90582265392791,37.376739469336144,38.14128106163203,28613700
2022-05-05,37.79801940917969,38.65617757265078,37.09588783832771,38.585964415565584,28333000
2022-05-06,38.258304595947266,38.39873090863516,37.47815973702183,37.517166384764806,19891400
2022-05-09,37.94624328613281,38.359719085329324,37.267518131070396,37.74340694389008,25012300
2022-05-10,38.60936737060547,38.929226618812244,37.98524915126093,38.25830161622822,27335900
2022-05-11,38.57815933227539,39.194474412591795,38.25049698253124,38.28170348746232,29699500
2022-05-12,39.632080078125,39.66354107250047,38.31861506594722,38.53883602600444,33468400
2022-05-13,39.26243209838867,39.94669542002353,39.07367207884461,39.62422763637321,22423700
2022-05-16,39.85230255126953,40.151176008612886,39.22309764129854,39.22309764129854,19435600
2022-05-17,40.379268646240234,40.52084014326976,39.46692066554218,40.0725314027716,19918200
2022-05-18,39.63995361328125,40.44218810520074,39.451190614997444,40.28488910696465,22276000
2022-05-19,39.83658218383789,40.02534219047117,39.00288365372998,39.32535141532419,19865500
2022-05-20,41.26802444458008,41.44892069978172,40.2141049140633,40.324215417204634,31250400
2022-05-23,41.59048843383789,42.23542389402079,41.27588445313534,41.354536948453934,24035800
2022-05-24,42.00733947753906,42.16464148032069,41.456783967946436,41.456783967946436,26729800
2022-05-25,42.24329376220703,42.51070628445222,41.72419921905889,41.84217647898243,24003900
2022-05-26,42.46350860595703,43.19495725847105,42.37699236741083,42.5185638486163,23516300
2022-05-27,42.40058517456055,42.79383860893795,42.09384797579187,42.40844892312243,21407500
2022-05-31,41.71633529663086,42.07812782515224,40.85117572809144,41.9365563139419,66058200
2022-06-01,41.189369201660156,41.9050904247456,40.772521467420525,41.88149617572403,17430600
2022-06-02,41.433189392089844,41.480380892639396,40.14331837993005,41.189371139679686,21903400
2022-06-03,41.8421745300293,42.101720289370896,41.2601580086218,41.2601580086218,18125000
2022-06-06,41.88936233520508,42.25115784263721,41.68487183125315,41.83430708413009,16544400
2022-06-07,42.43991470336914,42.44778145310366,41.69273249374439,41.90508973228737,15091200
2022-06-08,42.05451965332031,42.911812187313764,42.00732816510848,42.518558786404576,12789800
2022-06-09,40.72533416748047,42.196104514024185,40.66241516350795,41.8972309943674,17572700
2022-06-10,39.301753997802734,40.40286194853761,39.28602349846975,40.35567345082464,23826000
2022-06-13,37.681549072265625,38.759062788508224,37.52424707712482,38.397270299884575,26989000
2022-06-14,37.689414978027344,38.12199623948314,37.13886246396757,37.55571022469459,23290300
2022-06-15,38.1534538269043,38.52311308258655,37.10740106123264,37.657956569616424,25748000
2022-06-16,37.34335708618164,37.752341141920155,37.013025541327366,37.50852285860878,20424500
2022-06-17,36.59616470336914,37.7759250406825,36.39953798048358,37.26469736135146,45047700
2022-06-21,37.83885192871094,38.098397676358054,36.92650393647022,37.217510683918825,19622100
2022-06-22,38.593894958496094,38.99501517444676,37.5714365457537,37.77592702818784,20382900
2022-06-23,39.39613342285156,39.45905241898612,38.52311022437594,38.71973696276105,20061700
2022-06-24,40.57590103149414,40.615225786070965,39.561306161865154,39.83658544447585,24343200
2022-06-27,40.80398178100586,41.07925801592086,40.316345307319374,40.48937779800077,16154300
2022-06-28,39.84444046020508,40.87476560584455,39.64781373014084,40.76465511705431,16417900
2022-06-29,40.06466293334961,40.45791640815774,39.844441947548546,39.89949719399881,13925700
2022-06-30,41.2365608215332,41.598353308931564,40.18264135803094,40.65454434156915,33495700
2022-07-01,41.142181396484375,41.1893698953222,40.308482913678965,40.929824150856035,16143300
2022-07-05,40.61521911621094,40.81184585709134,39.63995216160426,40.70173536224407,18406800
2022-07-06,41.48823547363281,41.6534011886252,40.56802391843049,40.615212408265194,21305500
2022-07-07,42.01520538330078,42.10958838998414,41.51970809950157,41.645549108126396,17847600
2022-07-08,41.81856918334961,42.408449340724346,41.49610148399617,41.724189198249626,11322700
2022-07-11,41.598350524902344,42.266883207172626,41.48824003613179,41.68486676616086,12921400
2022-07-12,40.92982864379883,41.511842195451685,40.670279870555476,41.44105643913863,14633500
2022-07-13,40.73319625854492,41.142180238583244,40.51297226911754,40.788251505830274,12927300
2022-07-14,40.4185905456543,40.57589253129504,39.82084660056247,39.915226591832585,14023800
2022-07-15,40.70174026489258,40.82758127420253,39.66355118801388,40.143320973597554,19885700
2022-07-18,39.915218353271484,40.87475756737243,39.73432215722192,40.86689081955689,15742900
2022-07-19,40.402862548828125,40.512973045509,39.80511856672368,40.143316806692646,13402100
2022-07-20,39.970279693603516,40.47364362043543,39.726461478919326,40.41858837845604,12774400
2022-07-21,40.206233978271484,40.22196447712361,39.4669185339368,39.77365576083857,15103800
2022-07-22,40.292755126953125,40.52870663788741,40.07253411678596,40.316349377960684,10932100
2022-07-25,40.717464447021484,40.80398069004904,40.37926622443334,40.37926622443334,12995800
2022-07-26,41.13430404663086,41.56688217612789,40.67026492582507,40.77251164743591,16632500
2022-07-27,40.85904312133789,41.09499464363642,40.261296064542805,40.85117637043232,19203500
2022-07-28,40.201168060302734,41.477270259754455,38.91713807004096,40.30420515230305,38984900
2022-07-29,40.034725189208984,40.193247775785665,39.05981536357766,40.0743581035283,25037900
2022-08-01,40.113983154296875,40.66088283725461,39.74938336565838,39.884125582672674,19709900
2022-08-02,39.38478088378906,40.795628420004384,39.33722622965174,40.34384106430075,17802000
2022-08-03,39.51953125,39.68597860819689,39.10737372715514,39.4640487972677,16500100
2022-08-04,39.51953125,39.67012604690668,39.0043335905522,39.551236372580426,17026300
2022-08-05,39.051883697509766,39.60671114075109,38.88543637160727,39.34514846556174,16376600
2022-08-08,39.289669036865234,39.479896726461874,38.790323997294784,39.14699902555939,16071800
2022-08-09,39.45612335205078,39.71768609354911,39.25004609015244,39.43234602048442,12095600
2022-08-10,39.59086608886719,39.6701258714007,39.13907867657901,39.57501352764711,17355100
2022-08-11,38.2751350402832,38.940927516253566,37.89468262880971,38.21965258591626,44048800
2022-08-12,39.717689514160156,39.93961935740506,38.48121676557997,38.48121676557997,25835500
2022-08-15,39.432342529296875,39.685977455439165,39.14700248149509,39.60671767485726,15797800
2022-08-16,39.51953125,39.77316618350962,39.12322628844535,39.13907884973557,12874800
2022-08-17,39.051883697509766,39.51952358235464,39.03603113929529,39.35307625645214,13607200
2022-08-18,38.504981994628906,39.25003404963455,38.34645944449238,39.14699393851089,18916300
2022-08-19,38.9567756652832,39.19455801757409,38.62387795322265,38.71106552122819,15350200
2022-08-22,38.75862503051758,39.1549299775635,38.631807568405556,39.0043321626033,13601200
2022-08-23,38.05319595336914,38.45742865291311,37.855043499277606,38.378165857136594,16248900
2022-08-24,37.593482971191406,38.05319508190118,37.55385308599398,37.966010543893404,15551500
2022-08-25,37.96601867675781,38.00564857044453,37.4666735503173,37.66482604231799,14460000
2022-08-26,37.1099967956543,38.013571634882204,37.01488445035845,37.74408413690485,16546700
2022-08-29,36.642356872558594,37.00695671640886,36.555169296079846,36.761249572041784,13400500
2022-08-30,36.34116744995117,36.73747245168921,36.30153755449081,36.72954768202402,16303000
2022-08-31,35.84974670410156,36.68991431681615,35.7704869206764,36.46798148080523,26416800
2022-09-01,36.95940017700195,36.97525273769847,35.77841010542946,35.77841010542946,19947600
2022-09-02,36.2222785949707,37.0941484093793,36.08753331903205,37.04659374316224,14667700
2022-09-06,36.26982116699219,36.80879604389073,36.08752128562449,36.42834372317993,17153500
2022-09-07,36.56310272216797,36.62650995437954,35.968645180293336,36.22228015627445,15378900
2022-09-08,37.31608200073242,37.34778410430758,36.35702155785951,36.475914272860216,18271000
2022-09-09,37.91846466064453,38.03735737678041,37.3319318971775,37.411194715790536,17501700
2022-09-12,37.85504913330078,38.32268911549902,37.799566679782934,38.10868709396844,13744800
2022-09-13,36.610652923583984,37.506303023996075,36.47591068184461,37.355708220246115,16603200
2022-09-14,36.57895278930664,36.7850300593871,36.28568491169783,36.618582684679744,17162500
2022-09-15,36.412498474121094,36.68991375902552,36.222273787365886,36.54724373217567,15802000
2022-09-16,36.48384094238281,36.95148100959654,36.174723495567676,36.53139863557264,30629500
2022-09-19,36.01618957519531,36.36493983536634,35.49306720850531,36.206417264703745,16256200
2022-09-20,35.48514938354492,35.88145437595856,35.2235866372397,35.66744931722714,15369000
2022-09-21,34.81142044067383,35.651587904510755,34.79557090565088,35.51684569185091,17505200
2022-09-22,35.326629638671875,35.66745220159473,34.49438969201481,34.613279385213026,18508100
2022-09-23,34.93824768066406,35.31870008984349,34.541942709822955,35.2235847198734,18871700
2022-09-26,34.740089416503906,35.13639432142282,34.613268944306036,34.72423685747917,18680200
2022-09-27,34.9461669921875,35.334547133328144,34.66875476534884,35.04920711511323,21562700
2022-09-28,35.215667724609375,35.51686041553501,35.04922032576928,35.4058924594073,16532600
2022-09-29,35.001651763916016,35.36625157872729,34.83520441675001,35.199804231561274,13559900
2022-09-30,34.68461608886719,35.35833647719306,34.660838753790486,35.00958610370801,22962300
2022-10-03,34.985801696777344,35.09676660279541,34.470607058326735,34.93031924376831,22834300
2022-10-04,35.239437103271484,35.54062972618585,34.946172272931335,35.07298974201629,28198800
2022-10-05,34.96995162963867,35.16810412553757,34.62120432534078,34.96995162963867,15673400
2022-10-06,34.153560638427734,34.70046037976649,34.1139307482264,34.684607818972594,22068200
2022-10-07,33.543251037597656,34.121855907142574,33.226205865226845,34.121855907142574,20095000
2022-10-10,33.091453552246094,33.78102311499983,33.091453552246094,33.567018142372966,17888000
2022-10-11,33.2262077331543,33.74140541132879,32.85368311177769,33.020130476024704,20981200
2022-10-12,33.31338882446289,34.19318618353984,33.2262012629592,33.3609465008012,18803600
2022-10-13,34.06637191772461,34.20904193649453,33.05183224964224,33.099386906854406,23135200
2022-10-14,33.971256256103516,34.3834137118296,33.5749513590861,33.99503358238331,16980500
2022-10-17,34.59742736816406,34.724244845970475,34.23282447384937,34.23282447384937,16678400
2022-10-18,34.9461669921875,35.16017200584869,34.57363941023286,34.91446187381551,18442800
2022-10-19,34.16940689086914,34.93031152709713,33.87614212924161,34.803494087725795,23054700
2022-10-20,34.01088333129883,34.407188195575706,33.939548334786345,34.29622331734876,17715000
2022-10-21,35.6278190612793,35.794266430748415,34.07430423243331,34.32793918311971,36575700
2022-10-24,36.09545135498047,36.35701101917029,35.65951656561979,35.7308515692291,24972000
2022-10-25,36.13508987426758,36.317389810699545,35.58026227180623,35.881454917182474,23127000
2022-10-26,36.50761413574219,36.97525411117645,36.15886383459785,36.3966462067446,21407900
2022-10-27,36.25398254394531,36.547247395838475,36.20642485570567,36.30946500177463,20377700
2022-10-28,37.593482971191406,37.664817973973356,36.4045682738699,36.44419815906733,27854000
2022-10-31,36.8959846496582,37.56177698571734,36.8880598822284,37.31606988903063,29961700
2022-11-01,38.05319595336914,38.378165857136594,37.56970650518165,38.045271185574734,30614500
2022-11-02,37.30813980102539,38.18000929580971,37.213027479891835,37.86296721750913,25813100
2022-11-03,37.228206634521484,37.41206900386504,36.90045144578188,37.06033269505317,20124600
2022-11-04,37.74781799316406,38.00362675906466,37.26018158020323,37.947668782116466,24528500
2022-11-07,37.643890380859375,38.09155719421654,37.372093217299785,37.69984835134393,20304400
2022-11-08,37.85173797607422,38.17150045623297,37.3720973053171,37.603924950958145,18054500
2022-11-09,37.348114013671875,37.971647459274514,37.332125585646054,37.69985028179732,15348100
2022-11-10,37.87571716308594,38.171495436171334,37.45203147517376,37.99562579026512,20480600
2022-11-11,38.05159378051758,38.131535935837334,37.020365897484794,37.62791103050784,20909800
2022-11-14,39.362613677978516,39.826265933738995,38.315394420936414,38.36335970924865,26143000
2022-11-15,38.82701110839844,39.594437407576365,38.515244364949965,39.44255190549356,25440500
2022-11-16,38.411319732666016,39.21871860054157,38.411319732666016,39.01087207932411,15822200
2022-11-17,38.63515090942383,38.77104796431092,37.995626029190895,38.211465218847415,13231100
2022-11-18,38.555213928222656,39.03485765251,38.26742830354646,38.88296910088587,20666500
2022-11-21,38.5152473449707,38.5951864470981,38.14752259601463,38.45129362368377,14736000
2022-11-22,39.23470687866211,39.37060394629951,38.5632081309998,38.643147223788745,16358600
2022-11-23,39.050838470458984,39.346619799869984,38.787037044975364,39.13877329544708,10710800
2022-11-25,39.338623046875,39.34661878502079,39.04284477457355,39.11479117048262,6760200
2022-11-28,39.62641143798828,39.76231155076957,39.218717198606065,39.31464471678762,20704000
2022-11-29,39.562461853027344,39.70635160947755,39.250692073855994,39.57045454247645,17160900
2022-11-30,40.07408142089844,40.07408142089844,39.20273185112191,39.682372529199554,35572700
2022-12-01,40.833518981933594,40.89746965543302,40.19399395005121,40.217978120909684,23592600
2022-12-02,40.69761657714844,41.033367505122484,40.35387295898792,40.41782667840438,16881600
2022-12-05,40.5537223815918,40.79354272230191,40.24994832363575,40.69761519591408,17959800
2022-12-06,39.73832702636719,40.6496460645898,39.31464436285547,40.505753263872464,21787100
2022-12-07,40.16201400756836,40.88947072328568,39.77030513780631,39.77030513780631,15929900
2022-12-08,41.39310073852539,41.46504715548905,39.98615231171338,40.11405671415084,26116800
2022-12-09,41.345130920410156,42.24046157347593,41.27318451662481,41.36911203851162,19933500
2022-12-12,41.69686508178711,42.04060865468766,41.3691099366355,41.6648882262892,18532200
2022-12-13,42.42432403564453,43.19974605069484,42.27243853814724,42.44830515380701,29461800
2022-12-14,43.55148696899414,43.911219027141485,42.28843146975391,42.48028653444498,36260300
2022-12-15,42.85599899291992,43.51150926517304,42.688125080399644,43.223723672577876,21627100
2022-12-16,41.08932113647461,42.48028084228725,41.08932113647461,42.37635758397408,65689500
2022-12-19,41.05734634399414,41.41707837202186,40.52974038604715,41.18525072623944,16081900
2022-12-20,41.02537155151367,41.17725706011393,40.641658385459465,40.93743671251519,12433800
2022-12-21,41.29717254638672,41.69687417887187,40.92944777637593,41.2572029930345,12925000
2022-12-22,41.28117752075195,41.32914280680135,40.72959045384818,41.097315165117365,14822300
2022-12-23,41.43307113647461,41.52899867082603,40.96142310581492,41.21723189707292,10666500
2022-12-27,40.873477935791016,41.512999752367605,40.80952422939308,41.45704178400968,12033800
2022-12-28,40.60968780517578,41.08133588315687,40.56971824930925,40.809538633990115,10053900
2022-12-29,41.033363342285156,41.30515747378803,40.76156616130141,40.7855472789091,8971300
2022-12-30,40.9614143371582,41.08931870540657,40.5697054940647,41.001383880458185,11396200
2023-01-03,40.97740936279297,41.03337039596548,40.6256730296658,40.77755854975861,15603800
2023-01-04,40.07408142089844,40.47378300245682,39.586445003480236,40.20198580501788,21808400
2023-01-05,39.69835662841797,39.962161107223714,39.10679701046252,39.75431459977421,20057400
2023-01-06,40.70561218261719,41.249206638663885,39.61842632000519,39.954174222543884,29635900
2023-01-09,38.68312072753906,40.178003871884414,38.61917005666181,40.01012993016525,30839100
2023-01-10,38.06758117675781,38.74707575583806,37.8757261081686,38.65114517206212,29212000
2023-01-11,37.93167495727539,38.16350257135811,37.460027040460474,38.13152571779899,23022200
2023-01-12,38.139522552490234,38.147518291489504,37.23619921235181,37.787786273545436,23345300
2023-01-13,38.25143814086914,38.499254206327095,37.96365557871652,37.97164826815927,18737500
2023-01-17,36.83649826049805,37.364104212430554,36.54071690222425,37.20422297407625,29391400
2023-01-18,35.97314453125,36.65263604149222,35.94916341072983,36.4128156878468,33835000
2023-01-19,35.941162109375,36.188978164500966,35.685353365139505,35.749307075938766,26614900
2023-01-20,36.061073303222656,36.31688204398816,35.75729928000835,36.19697036260651,25197600
2023-01-23,35.957157135009766,36.22895435681833,35.82925273942229,36.005122426910575,19398600
2023-01-24,35.74131393432617,35.933172031183666,35.293650124127026,35.909187863150855,18853100
2023-01-25,36.02909851074219,36.06107536753857,35.64538537762828,35.997121653945804,20828000
2023-01-26,35.698341369628906,35.73867786302571,35.18202686820463,35.658004876232106,38465500
2023-01-27,35.32723617553711,35.77094370094878,35.319167031406344,35.674135513717104,23798600
2023-01-30,35.13362121582031,35.60959922366053,35.01261173567752,35.32724069251683,24402200
2023-01-31,35.625728607177734,35.722536790946975,34.447885959309176,34.689907957470616,49722500
2023-02-01,35.472450256347656,35.641865354619874,35.02067358347828,35.424044623636966,24482300
2023-02-02,35.77094650268555,35.867754697499656,35.09328298403273,35.19816032360961,35279200
2023-02-03,35.54505920410156,35.81128250557815,35.3998453751227,35.787081226574,23742000
2023-02-06,35.30302810668945,35.738669519617,35.27882683179674,35.64992740837511,18071200
2023-02-07,35.165889739990234,35.41598090939231,34.891597291363674,35.351440061491,22999500
2023-02-08,35.48051834106445,35.57732653451513,35.11748376877818,35.13361898059946,19362300
2023-02-09,34.964202880859375,35.762878917233074,34.88352990151843,35.59346073665405,20809200
2023-02-10,35.399845123291016,35.48051810438226,34.89966279259898,35.09328225568573,18619600
2023-02-13,35.488582611083984,35.5047147432124,35.10134373551754,35.2384914784216,17878000
2023-02-14,35.27075958251953,35.65799535519192,35.15781620017463,35.56925324692768,17506900
2023-02-15,34.94806671142578,35.18202265356848,34.77865161296802,35.02873968855515,18994700
2023-02-16,34.64957046508789,34.835120760875824,34.5043566549101,34.81091948500506,17832000
2023-02-17,34.85932540893555,34.988404021860646,34.351080101623694,34.601168183085335,18293400
2023-02-21,34.4478874206543,34.633437729698684,34.38334657708574,34.536629541822656,17356600
2023-02-22,34.189727783203125,34.601164860684214,34.1332560878131,34.464020194016044,17394200
2023-02-23,34.12519454956055,34.48822915617362,34.06065677365004,34.11712848162571,21104300
2023-02-24,33.681480407714844,33.92350240592764,33.4878609626586,33.90736719571656,16806100
2023-02-27,32.8989372253418,33.66534272802756,32.858600741511275,33.431386813343494,26370300
2023-02-28,32.729522705078125,32.8424660927208,32.34228691424189,32.67305101125679,31086900
2023-03-01,32.41489791870117,32.882806737777344,32.38262749601264,32.721460779288456,21104400
2023-03-02,32.76986312866211,32.898941741123274,32.1164039994736,32.31808952378647,19110600
2023-03-03,33.19744110107422,33.2216423810714,32.86667693871196,33.003821628665456,20922000
2023-03-06,33.165164947509766,33.28617440407094,32.931209023024294,33.149029737806295,19434800
2023-03-07,32.54397201538086,33.18129892638232,32.35035258359792,33.12482723325322,23205800
2023-03-08,32.366493225097656,32.72952779719964,32.19707811727573,32.52784226575154,16756100
2023-03-09,31.83403968811035,32.72952383163794,31.713030230389382,32.600445230249605,18585100
2023-03-10,31.777572631835938,32.213214129178475,31.648494011602263,31.69689964824379,26328100
2023-03-13,32.15673828125,32.68111876197813,31.672691209643272,31.672691209643272,35299400
2023-03-14,32.18900680541992,32.39069230400657,31.8824439858748,32.31001625808602,24583600
2023-03-15,32.49557113647461,32.69725666354305,31.834042853888278,32.07606487087502,25498400
2023-03-16,32.56818389892578,32.66499518509039,32.0438032808494,32.31809577002753,21095900
2023-03-17,32.35036087036133,32.907014955905204,32.26162181376769,32.7779363274777,57457800
2023-03-20,32.923152923583984,32.96348942131525,32.221284937654325,32.38263400605692,20825400
2023-03-21,32.802127838134766,33.003813327320906,32.519769384264706,32.96347684497895,19982000
2023-03-22,32.27775192260742,32.95541544866641,32.261619787859615,32.834405973195516,15444200
2023-03-23,32.41489791870117,32.67305514525565,32.26968409407966,32.40682877429059,16958100
2023-03-24,32.584312438964844,32.64078413892157,32.16480618394572,32.34229042808219,17218100
2023-03-27,32.44716262817383,32.76985756580917,32.24547713809811,32.70531980927264,20262800
2023-03-28,32.26161575317383,32.51170381769018,32.15673842556686,32.431030844132,13537500
2023-03-29,32.47136688232422,32.48750209230828,32.26161530748464,32.398759976134244,14429500
2023-03-30,32.57624816894531,32.66499029590819,32.471370830036726,32.60851551535972,12634500
2023-03-31,32.915077209472656,32.93928156526354,32.495570946327796,32.71339168358437,23393600
2023-04-03,33.35878372192383,33.455594987147265,32.79406672883779,32.82633407310214,20817200
2023-04-04,32.99575424194336,33.50399956642643,32.88280775902569,33.43139265186071,19514500
2023-04-05,33.52013397216797,34.060652784820206,33.213571109432024,33.310382378176165,29697600
2023-04-06,33.479793548583984,33.963837525524696,33.37491622517209,33.82669286046623,25931800
2023-04-10,33.665340423583984,33.67340956628362,33.1732273530987,33.19743170372135,15137300
2023-04-11,33.71375274658203,33.875101780397515,33.64114583523891,33.72181881340822,15304100
2023-04-12,33.37492370605469,33.71375702784284,33.29425071764083,33.584678399894315,17035100
2023-04-13,33.45559310913086,33.64114340751145,33.318445363168124,33.503995661548714,22880900
2023-04-14,33.22970199584961,33.64920820670895,33.01995042915819,33.48785919061282,20627500
2023-04-17,33.221641540527344,33.30231452346156,33.044157285099615,33.17323590428059,17608600
2023-04-18,32.71339416503906,33.34265514622701,32.697258952446845,33.3023155760079,18541500
2023-04-19,32.46330261230469,32.72145983138061,32.431032190550994,32.61658249941952,17214300
2023-04-20,32.1486701965332,32.4229626229035,32.100267642011644,32.33422358045505,20131600
2023-04-21,32.4390983581543,32.51170526858755,32.19707634920239,32.3422901700689,19227100
2023-04-24,32.197078704833984,32.43103466417767,32.03572966123568,32.422965519385386,17633700
2023-04-25,31.729164123535156,32.20513894595266,31.688824561825587,32.067994284064866,24492400
2023-04-26,31.164447784423828,31.616221385036134,30.978897473104222,31.592020107139575,22401400
2023-04-27,31.253190994262695,31.325797907955877,30.90629163744827,31.15637972435382,22434000
2023-04-28,31.37420082092285,31.390336032757155,31.15638007737526,31.220920924712466,21015300
2023-05-01,31.632356643676758,31.88244779973226,31.349998142869616,31.462941543192475,23917800
2023-05-02,31.5113468170166,32.366491453977076,31.164447475710322,31.69689712649815,38834100
2023-05-03,31.01923179626465,31.777568199684456,30.946624890167683,31.624288321247146,27721900
2023-05-04,30.84174156188965,31.0030905526461,30.67232650645959,30.793335941419905,23675100
2023-05-05,31.051504135131836,31.05957020187369,30.72880607087489,30.962762013587334,19225100
2023-05-08,31.19670867919922,31.24511430246131,30.93855151008715,31.083765302397214,20101700
2023-05-09,31.043432235717773,31.196712110023537,30.970825331577878,31.043432235717773,15987900
2023-05-10,30.89822006225586,31.237053325328485,30.72073890300516,31.19671376063465,15858200
2023-05-11,30.64542579650879,30.70250856258096,30.343699049238808,30.66173249186303,28566400
2023-05-12,30.45785903930664,30.759585731674786,30.36000333109969,30.669883369661385,16541300
2023-05-15,30.30292320251465,30.466018137516933,30.180601223568647,30.417088723783102,16650400
2023-05-16,30.18060874938965,30.3681699934176,30.033826693140956,30.188765209101085,25451700
2023-05-17,29.96858024597168,30.213221095211935,29.772865700113176,30.15613833408178,23206400
2023-05-18,29.74840545654297,29.993046329698625,29.495608124841553,29.93596356298822,27772400
2023-05-19,29.984893798828125,30.702509742309008,29.781025880514726,29.88703806905541,33068300
2023-05-22,31.59952735900879,31.697383088844774,29.968584011447042,30.05828639328735,85718600
2023-05-23,32.32529830932617,32.733034167134576,30.98792519343903,31.43643401487273,75379500
2023-05-24,31.501670837402344,32.733031665120016,31.477204572475117,32.70041205240204,39326400
2023-05-25,30.849294662475586,31.403812534240547,30.702509513521537,31.403812534240547,30266600
2023-05-26,30.661733627319336,31.346729956329412,30.629117124625566,31.020543153948818,20234600
2023-05-30,30.18060874938965,30.466025734509365,30.10721616587634,30.466025734509365,24371100
2023-05-31,31.004230499267578,31.167325440865298,30.066436918163653,30.253995012228984,46166300
2023-06-01,31.004230499267578,31.15916898285791,30.74327983702214,31.085776414677802,20256100
2023-06-02,31.281492233276367,31.526133100189334,31.118397285075257,31.191789856226887,22736400
2023-06-05,31.517980575561523,31.819704215606254,31.371195429425715,31.379348777198825,18392200
2023-06-06,31.289648056030273,31.68923055519343,31.22441193805571,31.648457592612125,19508200
2023-06-07,31.713693618774414,31.85232542408269,31.09393650131089,31.273338158304796,25295100
2023-06-08,31.876789093017578,31.95833501925802,31.583218781307703,31.83601612989736,17347600
2023-06-09,31.778932571411133,32.284524145276556,31.697383536415025,32.03172680295504,19775100
2023-06-12,32.53731918334961,32.67594786685908,31.79524012671491,31.811546821781704,28334600
2023-06-13,32.847198486328125,32.92059106243153,32.1703586051769,32.34976026060262,26533800
2023-06-14,32.096961975097656,32.89612375240972,32.064342365221115,32.87981394747145,22056400
2023-06-15,32.41499710083008,32.48023632401747,32.0317244415476,32.13773662383843,19905900
2023-06-16,32.66779327392578,32.91243413070727,32.4965418744792,32.50469833247903,60338600
2023-06-20,32.08065414428711,32.512853114027045,32.07250079670485,32.3823777772691,26881200
2023-06-21,31.721845626831055,31.99910608776746,31.607676992864253,31.96648647806266,17982900
2023-06-22,31.58322525024414,31.795249679140827,31.322274499893084,31.75447359689109,18039800
2023-06-23,31.232563018798828,31.697381602191044,31.216253212794857,31.566906264936694,23492200
2023-06-26,30.082748413085938,30.213223751537182,29.48745448697854,30.188760597695527,56135500
2023-06-27,29.69947624206543,30.172451296096355,29.585310707858653,30.139831683243706,32414900
2023-06-28,29.593463897705078,29.7973317893496,29.38143954835957,29.76471218009996,30062000
2023-06-29,29.454830169677734,29.53637918741936,29.161259927361776,29.348821112779042,26284900
2023-06-30,29.9114990234375,29.968581787503894,29.47114360568762,29.528226369754012,30867900
2023-07-03,29.887035369873047,29.960427938268683,29.642391401369405,29.764713385621224,14115800
2023-07-05,29.73208999633789,30.18875515395859,29.675007240482415,29.829948815613182,26829400
2023-07-06,29.055255889892578,29.57715725049206,29.047099431320873,29.520074483600087,30177300
2023-07-07,28.973711013793945,29.169425607479056,28.8269258462246,28.965557664830285,22903300
2023-07-10,29.096027374267578,29.365131388708875,28.981861846275674,29.0063249991947,17777500
2023-07-11,29.373291015625,29.389600822922947,29.047101091221414,29.063410898519358,17731300
2023-07-12,29.348825454711914,29.56084671065316,29.291739578458884,29.520073751138774,17229700
2023-07-13,29.40591049194336,29.650551378706826,29.2917418413946,29.365134418501405,16664400
2023-07-14,29.617929458618164,29.756561253818003,29.365132132534583,29.60161965266657,17915100
2023-07-17,29.242816925048828,29.45483820748073,29.177577693052676,29.45483820748073,20557300
2023-07-18,29.552690505981445,29.748401937040565,29.259120248615655,29.291736746607434,22808300
2023-07-19,29.71578025817871,29.927804589629115,29.528222186989133,29.634234352714333,18589700
2023-07-20,29.984893798828125,30.22953467864869,29.65055053722525,29.68317015074201,22358400
2023-07-21,30.498641967773438,30.523105122637553,30.009357095048138,30.009357095048138,24149700
2023-07-24,30.588342666625977,30.824830210606837,30.47417712422907,30.50679673942182,19414700
2023-07-25,30.22138214111328,30.75959333546291,30.213225682126577,30.49864264188598,21771000
2023-07-26,30.343700408935547,30.457865946195632,29.976737531472722,30.06643991382781,20983700
2023-07-27,29.84896469116211,30.51685386289784,29.832473173344074,30.384924865788957,25346300
2023-07-28,29.74177360534668,30.05510617627251,29.700546380459617,29.972648581062746,24054100
2023-07-31,29.73352813720703,29.840718288207018,29.61808750888816,29.832474101759136,40265200
2023-08-01,29.362478256225586,30.442646022882016,29.16458317212973,29.585109046295052,40931600
2023-08-02,29.148090362548828,29.593351922975003,29.090371620875306,29.378968474678427,34301600
2023-08-03,28.8594970703125,29.09037204033562,28.793530995771288,29.007917592594666,25676500
2023-08-04,28.87598991394043,29.139847933341443,28.579148855755363,28.81827116878619,25746500
2023-08-07,29.420194625854492,29.560367808971996,28.777041158966373,28.86773978869425,31069100
2023-08-08,29.3872127532959,29.989139022232322,29.181073490834017,29.989139022232322,25225500
2023-08-09,29.552127838134766,29.7335314143369,29.280022473831565,29.354232741783726,17210500
2023-08-10,29.45317840576172,29.758263629119075,29.35422929648192,29.53563285139274,18955200
2023-08-11,29.71703338623047,29.91492529380782,29.34598212772899,29.37071782981737,16609400
2023-08-14,29.74177360534668,30.104577587962734,29.535634335475724,29.535634335475724,20295500
2023-08-15,29.181076049804688,29.609846130777715,29.156340342679485,29.585110423652512,20484300
2023-08-16,29.255279541015625,29.395455854943428,28.851248406178282,28.974930058595092,22215600
2023-08-17,30.10457420349121,30.27773356124666,29.345983285458892,29.354227471335207,31113600
2023-08-18,30.228261947631836,30.384926657990665,29.94791241906011,30.05510571848225,24145100
2023-08-21,30.51685333251953,30.665273844866924,30.211768121776714,30.269486860418994,28496500
2023-08-22,30.376684188842773,30.632298026398832,29.453181102393554,30.516857388336383,18524100
2023-08-23,30.228261947631836,30.615804775625705,30.14580749911363,30.582821738044185,19370900
2023-08-24,29.815980911254883,30.211767892701836,29.733526469658347,30.079838898886184,19380800
2023-08-25,29.997386932373047,30.25299760967393,29.651071329135398,29.799491852603595,16421300
2023-08-28,29.857208251953125,30.112822054625394,29.70878774013508,30.046855984735,15101900
2023-08-29,29.807735443115234,30.45913305275333,29.684050640605303,29.898434066795968,21076500
2023-08-30,29.601600646972656,29.890194368912024,29.535634570280422,29.83247562452415,16833000
2023-08-31,29.17283058166504,29.6758109073648,29.172830581665043,29.634580536718726,27919500
2023-09-01,29.502647399902344,29.733525490553564,29.354226893567706,29.387209927294343,17522500
2023-09-05,29.17283058166504,29.92317740406294,29.148091730190263,29.651072055890022,25856100
2023-09-06,28.340024948120117,29.090371738341286,28.24932316928533,29.073880219877186,35370200
2023-09-07,28.265817642211914,28.562658714721746,28.06792569082926,28.422485511278687,26777700
2023-09-08,28.241079330444336,28.356516815678653,28.076167289208644,28.224587811777212,19467700
2023-09-11,27.985469818115234,28.282310908956305,27.65564883029764,28.232839490773493,27574400
2023-09-12,28.15862274169922,28.208094148503818,27.82879868430371,28.010202230414773,17987200
2023-09-13,28.100908279418945,28.546166735589296,28.034942199728043,28.20809844076295,23853300
2023-09-14,28.15862274169922,28.34827047379927,28.018446416403766,28.232832997341443,23759900
2023-09-15,28.09265899658203,28.381252711606386,27.878275543340454,28.084414809910875,58063800
2023-09-18,27.738100051879883,28.13388707830607,27.573188004510047,28.13388707830607,25421900
2023-09-19,28.026695251464844,28.04318362432743,27.639152435048686,27.66388813977806,30323300
2023-09-20,27.721609115600586,28.10915196325459,27.66389036962264,28.100907776158774,24651400
2023-09-21,27.08669662475586,27.696870198499884,27.070208252475414,27.59792423764031,26980600
2023-09-22,26.954769134521484,27.284593216395656,26.79810442562081,27.276349029794805,28570800
2023-09-25,27.193893432617188,27.193893432617188,26.723896125982204,26.954771112978815,19443700
2023-09-26,26.715652465820312,27.1774024489229,26.68266942547417,26.97951049771775,26015500
2023-09-27,26.468278884887695,26.79810294858287,26.303368425757803,26.740384209251523,26430100
2023-09-28,26.46003532409668,26.649683064301147,26.196177325078686,26.435299619637327,28197600
2023-09-29,27.35055160522461,27.40002615292346,26.63318796348398,26.674415180515506,42421400
2023-10-02,27.985469818115234,28.00196133932152,27.012492084996637,27.16915996373834,44620600
2023-10-03,27.952482223510742,28.125638430338473,27.79581438791264,27.903007673516314,31059900
2023-10-04,27.46599578857422,28.100905078824056,27.21862616334369,27.985464452513266,23722300
2023-10-05,27.59792709350586,27.853537780963592,27.251611476507136,27.58143557408347,21279400
2023-10-06,27.31757354736328,27.67213329934992,27.268098996352848,27.639150265342966,23760400
2023-10-09,27.375295639038086,27.597926427715866,27.020735843599653,27.25985815130197,17468100
2023-10-10,27.35055160522461,27.540202465352685,27.21862262346271,27.276344501828888,19212100
2023-10-11,27.301088333129883,27.482491916611984,27.061965999528194,27.40828164568167,24221200
2023-10-12,27.14441680908203,27.39178644255281,27.020735137782193,27.301084663004932,21809900
2023-10-13,26.476530075073242,27.202141233689613,26.402319807198435,27.160910860642396,32388100
2023-10-16,27.433012008666992,27.968972176118417,26.847577288423825,27.070208057833625,63317400
2023-10-17,27.00424575805664,27.36704975954845,26.550739969832925,27.210385038652493,40015800
2023-10-18,25.899335861206055,26.946523653606405,25.882844343360922,26.831086174125886,30307600
2023-10-19,25.717933654785156,25.973545888245027,25.48705712515572,25.874598354770214,26880300
2023-10-20,25.272672653198242,25.65196970478507,25.132497895199286,25.610740909657306,39407900
2023-10-23,25.429336547851562,25.882842242763196,25.173724332867785,25.371617812795638,29412100
2023-10-24,25.09126853942871,25.586003029873524,25.00056677057718,25.46231822772413,26923800
2023-10-25,25.338638305664062,25.561269091331155,24.918114012532158,25.116007519996973,28857900
2023-10-26,25.693195343017578,25.866353126442274,25.148987862627315,25.239689633598232,27162700
2023-10-27,24.827411651611328,25.668458592224635,24.753201396157557,25.61073985414229,33877100
2023-10-30,25.19021987915039,25.297413187567056,24.827415871617788,24.93460760731653,33063500
2023-10-31,25.198461532592773,25.412846541769415,24.4893435805506,24.97583233739035,42648200
2023-11-01,25.15723419189453,25.62723142901113,25.12425115707767,25.19846141269794,23568300
2023-11-02,25.148990631103516,25.27267387704079,24.90986832593602,25.157236390528375,29640900
2023-11-03,25.77565574645996,25.882847480008085,25.429341693332173,25.478814680145316,28071000
2023-11-06,25.70969009399414,25.899337845590697,25.528286529234112,25.825127582319382,27381200
2023-11-07,25.767406463623047,25.88284394131042,25.47056543789245,25.62723170955223,18086400
2023-11-08,25.41284942626953,25.808636454573058,25.190218633079603,25.495305450345562,29398300
2023-11-09,24.802806854248047,25.496416274229485,24.761022194055304,25.479702410152388,28737700
2023-11-10,24.635671615600586,24.919800931695345,24.25961923412587,24.86130400083851,33844100
2023-11-13,24.21783447265625,24.53539151587272,24.176051406195995,24.518677651719894,35519900
2023-11-14,24.451824188232422,24.82787657427962,24.226191800251,24.309759528457658,40084300
2023-11-15,25.229000091552734,25.362707812440476,24.41003830871312,24.41003830871312,43614600
2023-11-16,24.87801742553711,25.446276047687107,24.62731424839469,25.295854460186014,32407200
2023-11-17,25.003366470336914,25.078577258833008,24.852944893344727,25.003366470336914,27009200
2023-11-20,25.053504943847656,25.187212649963755,24.869657246418413,24.986651090789607,26335700
2023-11-21,25.3209228515625,25.37106444173889,24.869659697427192,25.086935139759653,25988700
2023-11-22,25.337636947631836,25.55491239195955,25.18721536356482,25.39613387611973,19226800
2023-11-24,25.488059997558594,25.655195454783456,25.38777840443931,25.38777840443931,11129700
2023-11-27,25.18721580505371,25.6969774946779,25.09529274178509,25.6969774946779,26066700
2023-11-28,24.8111629486084,25.162146112768447,24.769378289826395,25.162146112768447,29497700
2023-11-29,25.137075424194336,25.254069281437015,24.84458918716587,24.878016914333354,26185200
2023-11-30,25.462987899780273,25.496415627086012,25.0367939401627,25.32928017840085,45356600
2023-12-01,24.159337997436523,24.56881811336845,23.64957628861918,24.20947799691831,103624000
2023-12-04,24.468538284301758,24.769379877203214,24.25126282647624,24.25126282647624,47410400
2023-12-05,24.30975914001465,24.735953112528836,24.293045275856016,24.4100391371228,39853000
2023-12-06,24.059053421020508,24.568813438929556,24.00055490651281,24.309754964653056,33410500
2023-12-07,23.925350189208984,24.150982592024242,23.816713251143458,24.084128723848085,35782900
2023-12-08,24.05069923400879,24.209476152592146,23.891920721503705,23.942060717165727,31890700
2023-12-11,23.933706283569336,24.075770947707362,23.766572415944644,24.050701744220696,37833900
2023-12-12,23.883567810058594,24.117557152403343,23.691363132733617,23.916995542074414,48587500
2023-12-13,22.279071807861328,22.337568740961217,21.52696542215067,21.96151634506683,158100700
2023-12-14,21.836162567138672,22.830615148510343,21.735882572164424,22.3626381194797,101889800
2023-12-15,22.253999710083008,22.554842884355295,21.79437961065305,21.83616267644785,138388400
2023-12-18,22.613340377807617,22.81390196768206,22.329211060338366,22.496346515527982,63329400
2023-12-19,23.53257942199707,23.599433277414953,22.78883008123294,22.797187012400382,70094700
2023-12-20,23.089675903320312,23.616151506771715,23.072963631816695,23.557654571704212,56184300
2023-12-21,23.65793228149414,23.699716941004738,23.215026048134284,23.28187990942946,51056600
2023-12-22,23.733144760131836,24.059058751772575,23.549297026994367,23.76657249011423,35162300
2023-12-26,23.741500854492188,23.84178244697727,23.607793127126634,23.758214718893342,30119100
2023-12-27,23.90863609313965,24.00891609079055,23.65793291116875,23.791640637317833,35000700
2023-12-28,24.059053421020508,24.259614974710853,23.883561065340494,23.908631857272365,30472900
2023-12-29,24.059053421020508,24.125907272250625,23.850134936686207,24.050696490376552,30363100
2024-01-02,24.844587326049805,25.304208976641775,24.092481054261246,24.13426411616886,57948700
2024-01-03,24.844587326049805,25.10364741042627,24.57717190442913,25.070219685762865,43426500
2024-01-04,24.30975914001465,25.02843935961761,24.259619141460572,24.894731634192198,45558200
2024-01-05,24.627317428588867,24.64403129467436,24.025632594809046,24.25126500519723,33612800
2024-01-08,24.71923828125,24.80280600485182,24.376612049012124,24.535390564463405,32972100
2024-01-09,24.568817138671875,24.953228036573442,24.501963277374443,24.735952588876344,39856900
2024-01-10,24.2261905670166,24.560459868905408,24.13426591127652,24.53539066746485,37413300
2024-01-11,23.733144760131836,24.16769568637156,23.624507825532856,24.092484887833074,46884700
2024-01-12,23.983844757080078,24.184406328481348,23.766569322914947,23.783281591757127,30373500
2024-01-16,23.666288375854492,24.000557670500683,23.582720653712514,23.900277679067692,38826000
2024-01-17,23.524227142333984,23.841784213801503,23.34037940206255,23.53258407515386,33312600
2024-01-18,23.474084854125977,23.507510988229484,23.064604749346756,23.432301788016144,50321100
2024-01-19,23.63286590576172,23.716432046932308,23.340379629898738,23.4239473649913,35549300
2024-01-22,23.65793228149414,23.916992388694496,23.34037683882251,23.666289213396258,41663900
2024-01-23,23.75821304321289,23.94206075689318,23.52422373986565,23.766569974824048,33466700
2024-01-24,23.674644470214844,24.050698409593863,23.674644470214844,23.850136839898944,42720700
2024-01-25,23.301416397094727,23.683129371916863,23.284452634364214,23.598304086633306,47605500
2024-01-26,23.301416397094727,23.674646681597732,23.208110039399788,23.437136206385322,47073800
2024-01-29,23.309900283813477,23.437137409315486,23.165697776802443,23.34383104683152,67082700
2024-01-30,22.91970443725586,24.064841713690594,22.860327224491666,23.657680678621826,86072400
2024-01-31,22.970600128173828,23.33534773131318,22.71612588398292,23.04694272501266,81192100
2024-02-01,23.148733139038086,23.18266228286704,22.673712182170593,22.987565256604192,53883000
2024-02-02,22.84336280822754,23.07239059676038,22.639783091056497,23.055425215852512,51718500
2024-02-05,22.53799057006836,22.85184361942252,22.495578739194283,22.85184361942252,42633400
2024-02-06,23.32686424255371,23.521961264284485,22.537991847485745,22.614334441712177,56958700
2024-02-07,23.377756118774414,23.45409870435582,23.15721105130675,23.369273429497863,36843000
2024-02-08,23.386241912841797,23.488032579766728,23.250522102213733,23.37775922243907,29048400
2024-02-09,23.377756118774414,23.403204186604064,23.225070947611602,23.377756118774414,29062700
2024-02-12,23.46257972717285,23.76795004780916,23.343825321550923,23.360790698899038,30323700
2024-02-13,22.877288818359375,23.6067839183921,22.78398247196296,23.360792400555574,37927500
2024-02-14,22.996047973632812,23.046942498388983,22.826397400568542,22.911222687100675,25270200
2024-02-15,23.33534812927246,23.589822377803156,23.089354953506014,23.11480302552221,36111600
2024-02-16,23.42865753173828,23.657683722163096,23.0808736646916,23.369278693427347,35935300
2024-02-20,23.403207778930664,23.86974443540016,23.343830562788124,23.420173160087902,34232000
2024-02-21,23.471065521240234,23.47954821103661,23.208108609183093,23.411688310573233,27348300
2024-02-22,23.369277954101562,23.496516699977388,23.063909170560024,23.403208717777215,31957500
2024-02-23,23.547409057617188,23.827331360514155,23.488031844564457,23.53892636747998,33182600
2024-02-26,23.0554256439209,23.471067776434115,22.96211766510298,23.471067776434115,45685500
2024-02-27,22.809431076049805,23.07238961521155,22.74157117321303,23.004529712374776,38598400
2024-02-28,22.93666648864746,23.106315412222887,22.750050569434777,22.868804977728324,31010200
2024-02-29,22.529510498046875,23.063908689435518,22.521027807304918,22.962118018439835,54643200
2024-03-01,22.55495834350586,22.817915282231525,22.487098436160274,22.758538065542613,46392100
2024-03-04,21.961183547973633,22.444685603417042,21.72367467465146,22.308965784973555,86777700
2024-03-05,22.122350692749023,22.41075570168848,21.791533848692268,21.944219043767017,73646100
2024-03-06,23.063907623291016,23.157213981323764,22.72460809883613,22.817914456868877,84919500
2024-03-07,22.724607467651367,23.17417871835167,22.699159397308673,23.072389672796312,46423800
2024-03-08,23.089353561401367,23.15721346477866,22.775502114996776,22.800948567570938,45906600
2024-03-11,24.064842224121094,24.081805986765172,23.165696469767664,23.165696469767664,52600100
2024-03-12,23.759471893310547,24.039394201344088,23.547409489712173,24.013946130465495,48758200
2024-03-13,23.937602996826172,24.336281342076553,23.912156544428203,23.996981827539415,39273000
2024-03-14,23.86126136779785,23.98850010655889,23.55589260133156,23.96305203522513,36428000
2024-03-15,23.70009422302246,23.988499215798058,23.632234319893364,23.717057985373952,75727900
2024-03-18,23.513477325439453,23.776435855103692,23.42017097360123,23.759470475530325,36226500
2024-03-19,23.437135696411133,23.564374430521724,23.17417877387082,23.471066456949348,29026600
2024-03-20,23.49651527404785,23.530444417756588,23.08087153378456,23.309899320972637,34468000
2024-03-21,23.46257972717285,23.784915425157273,23.43713166115068,23.53892230733193,29633700
2024-03-22,23.20810890197754,23.61526830989456,23.191143522170744,23.301415255099563,28830100
2024-03-25,23.267488479614258,23.309900315536705,22.987566155965744,23.106320590874862,31110600
2024-03-26,23.403207778930664,23.437136923337345,23.165697296452706,23.284453346645584,38220300
2024-03-27,23.564373016357422,23.700092814549926,23.360793319068662,23.504994188979037,34247600
2024-03-28,23.53892707824707,23.85278015116978,23.513479007067037,23.598304293092724,40466700
2024-04-01,23.513477325439453,23.640716054332056,23.39472290424118,23.547408084586188,26596600
2024-04-02,23.369277954101562,23.538928536664088,23.250523517052514,23.38624333593939,32451500
2024-04-03,23.089353561401367,23.53892643246826,23.07238979898783,23.33534672233638,36828600
2024-04-04,22.60584831237793,23.242035422207934,22.597365623431298,23.165692839595735,41922700
2024-04-05,22.61433219909668,22.648262956680355,22.351375299453483,22.529506923045062,39880500
2024-04-08,22.546476364135742,22.750056092594942,22.49558183649791,22.563441745984306,24431400
2024-04-09,22.716123580932617,23.25900277638481,22.605850233164126,22.70764089126522,45127800
2024-04-10,22.325929641723633,22.55495742641811,22.19020983255085,22.495580212143484,44541600
2024-04-11,22.3428955078125,22.436203485361585,22.164762243210408,22.351378198308577,32814500
2024-04-12,21.935733795166016,22.325927810048334,21.910285726318538,22.266550600645164,43034100
2024-04-15,21.9781494140625,22.198694528370023,21.842429592628314,21.9781494140625,35660200
2024-04-16,21.791532516479492,22.046006747441737,21.783049826393057,21.901804251787745,28885300
2024-04-17,21.5625057220459,21.79153351111005,21.426785910283684,21.79153351111005,43828900
2024-04-18,21.537057876586914,21.596435092617384,21.40133806340076,21.503128732244274,35788400
2024-04-19,22.05449104309082,22.05449104309082,21.503129090595113,21.537058235503185,38372800
2024-04-22,22.275033950805664,22.47861365389961,21.995111656813034,22.054488867976975,35678700
2024-04-23,22.325929641723633,22.453166760584647,22.21565790348615,22.3344123320354,24297800
2024-04-24,22.283517837524414,22.342895051877516,22.08842081381915,22.266552456878458,24547800
2024-04-25,21.42678451538086,22.41923658547489,21.41830182545948,22.28351678254816,47661400
2024-04-26,21.5455379486084,21.66429398414409,21.375889011697918,21.48616073979435,46526500
2024-04-29,21.749120712280273,21.927253981763258,21.664297040810858,21.69822618581706,39995300
2024-04-30,21.73215675354004,21.910288403515278,21.706708681583084,21.75760320758918,38017700
2024-05-01,23.0554256439209,23.28445343670608,22.07145618370435,22.334413121027445,97388900
2024-05-02,23.49651527404785,23.700094990023555,23.004530555962965,23.08087153378456,69649000
2024-05-03,23.589818954467773,23.674644230970834,23.34382743230723,23.632232401673093,60568900
2024-05-06,23.886707305908203,24.03090979477252,23.717056747982788,23.734022127356855,59899700
2024-05-07,23.555891036987305,24.16663014726854,23.242037983011603,23.996981203366474,65606400
2024-05-08,23.980018615722656,24.039395833897363,23.343831361723062,23.49651656154822,39087800
2024-05-09,24.264158248901367,24.3244309122866,23.523661773466998,23.90252062628306,47831100
2024-05-10,24.11778450012207,24.350266213869578,24.040290595539567,24.31582374858529,25849800
2024-05-13,24.488035202026367,24.668853235654794,24.255553465383564,24.272774699721687,39609800
2024-05-14,24.436370849609375,24.694684430894622,24.272774054666698,24.582748052978836,23530900
2024-05-15,24.81522560119629,24.961602779895998,24.522471243796872,24.531081859285912,38376300
2024-05-16,24.90133285522461,24.99604799372447,24.686072371221044,24.85828141534676,40077800
2024-05-17,24.66023826599121,24.89271996160135,24.548303547164295,24.884109345952048,26106400
2024-05-20,24.56552505493164,24.720511211442325,24.505250744708174,24.677459775018306,22423300
2024-05-21,24.591354370117188,24.68606949759155,24.384704526606097,24.513860473512157,28119900
2024-05-22,25.486841201782227,25.512671408347543,24.47081147176584,24.513862910912785,46987500
2024-05-23,24.70329475402832,25.340465619262183,24.68607352035267,25.340465619262183,42031300
2024-05-24,24.86688804626465,24.961603175839482,24.582744299847153,24.686070045047607,22589100
2024-05-28,24.367483139038086,24.86688733488847,24.221105962203993,24.79800405416107,32371200
2024-05-29,23.95418357849121,24.255548549096428,23.842248862595714,24.246937933672623,24241700
2024-05-30,24.281383514404297,24.281383514404297,23.92835644821556,24.031680561959632,23298600
2024-05-31,24.677461624145508,24.754955529361123,24.315823947241682,24.40192846884872,78290100
2024-06-03,25.237138748168945,25.426569025644824,24.660240583896993,24.677461816814283,38177200
2024-06-04,25.39212417602539,25.598774024711336,25.11659104444413,25.22852576328389,46309500
2024-06-05,25.443784713745117,25.5040590197109,25.11658955003685,25.452395328883085,27346700
2024-06-06,24.798004150390625,25.435176552475333,24.78939517728488,25.28018875966051,35360400
2024-06-07,24.608577728271484,25.013266834842288,24.582745879734457,24.754954918700435,27526200
2024-06-10,24.169445037841797,24.410537352769197,23.79058615504361,24.410537352769197,36977900
2024-06-11,24.13500213623047,24.393314018141105,24.014455168006197,24.06611885823384,29573500
2024-06-12,23.816415786743164,24.307209344412705,23.730311279257464,24.255547296844036,32507900
2024-06-13,23.807809829711914,23.86808250405206,23.42034193367931,23.678653864367714,33945200
2024-06-14,23.704484939575195,24.298602689201147,23.618380418057665,23.893913573068044,29461900
2024-06-17,23.23090934753418,23.66143028418518,23.13619585823975,23.635600079062623,32194600
2024-06-18,23.60115623474121,23.64420766896423,23.205077784507214,23.230907988118247,29817800
2024-06-20,23.88530158996582,24.074730212619542,23.37728674861892,23.420339828067757,29693400
2024-06-21,23.88530158996582,24.014457543698224,23.730313788564114,23.911133437635122,52487000
2024-06-24,24.41914939880371,24.46220083791976,23.876692069021548,24.06612234266928,35414100
2024-06-25,24.100561141967773,24.49664124626968,24.04889909090474,24.453588168461323,24721600
2024-06-26,23.609769821166992,24.048901403192506,23.308404816760408,24.031680170413352,30745800
2024-06-27,23.93696403503418,23.962795883126553,23.30840384555016,23.566717399552648,28399600
2024-06-28,24.091949462890625,24.212496433125597,23.799195115945132,23.919742086180108,33189200
2024-07-01,24.298599243164062,24.651626253243073,24.05750858787513,24.066119203036436,26209000
2024-07-02,23.96279525756836,24.35026475730351,23.84224992089833,24.298601062467462,21989800
2024-07-03,23.850862503051758,24.152225869572266,23.781979213231757,24.040291139479958,15180100
2024-07-05,24.152223587036133,24.18666604984469,23.825028401889924,23.90252230090216,17268700
2024-07-08,24.048900604248047,24.212499025600692,23.92835526341299,24.15222471287607,25694400
2024-07-09,23.868080139160156,24.057510402382622,23.506442486643774,24.00584670751811,36867800
2024-07-10,24.410537719726562,24.462199772877973,23.93696369853295,23.962795546262186,29873600
2024-07-11,24.677461624145508,25.168255262306303,24.470811757672916,24.780787378535376,47322600
2024-07-12,24.90133285522461,25.09076148991717,24.789398126157906,24.884111622350606,28397000
2024-07-15,25.056320190429688,25.20269738246337,24.823838477969055,24.996047518822962,30534400
2024-07-16,25.400737762451172,25.452399820088107,25.073542541007647,25.142425831959294,26912100
2024-07-17,25.85708999633789,26.08957007150709,25.237138749734257,25.331853888478072,45395000
2024-07-18,25.581552505493164,26.425374764347403,25.512669223373123,25.75376153194676,47279700
2024-07-19,25.8054256439209,25.831257492644106,25.443787973331595,25.779595437504813,30021200
2024-07-22,25.486841201782227,26.029296889646552,25.29741092799855,25.92597277877103,46483200
2024-07-23,25.400737762451172,25.521283111039754,25.254360563890522,25.504063520032243,25528300
2024-07-24,25.814037322998047,25.82264793959364,25.237139149550867,25.409348196848338,29579400
2024-07-25,25.98624610900879,26.632027566420312,25.805426446933833,25.805426446933833,42296200
2024-07-26,26.86817169189453,26.96422187045157,26.20454425180055,26.32679084204672,35657100
2024-07-29,26.824506759643555,27.00787828147146,26.580013617852504,26.798312017585722,41713700
2024-07-30,27.409549713134766,27.54053010053738,26.003708988505956,27.077736839910678,89857500
2024-07-31,26.667335510253906,27.29603435376359,26.606210554280196,27.243643199842307,40978700
2024-08-01,26.763385772705078,26.9030966272943,26.11722265385873,26.824509063402267,39753100
2024-08-02,26.5712833404541,27.34842516490415,26.204541936632275,26.964219488165874,42364700
2024-08-05,25.968778610229492,26.204541292350783,25.191636804886745,25.40120307827744,37838000
2024-08-06,25.60203742980957,26.23946839156287,25.540914141077707,25.960046691368806,29031800
2024-08-07,25.191638946533203,26.029904111360405,25.095587105173273,25.872728976584096,32866100
2024-08-08,25.11305046081543,25.33134888102542,24.92094845060516,25.261493453177614,32094400
2024-08-09,24.929677963256836,25.104317358903963,24.84235993091798,25.0169976610804,25795600
2024-08-12,24.84235954284668,24.982070390988028,24.72884343780391,24.955873982404768,21141600
2024-08-13,25.191638946533203,25.278958650907246,24.720113542204274,24.929679833411075,34620700
2024-08-14,25.217830657958984,25.47978973956388,25.03446079977173,25.147975235961272,23677700
2024-08-15,25.06938934326172,25.33134844226724,24.903483745924774,25.261493015629384,28676800
2024-08-16,24.711380004882812,25.016998120130886,24.31844385569364,25.016998120130886,50332900
2024-08-19,25.14797592163086,25.226563481706584,24.693916499007937,24.755039786736905,26382500
2024-08-20,25.23529815673828,25.48852513478873,25.147978451704166,25.147978451704166,21301300
2024-08-21,25.348812103271484,25.471058680565005,25.26149240571124,25.30515142174901,16729700
2024-08-22,25.130516052246094,25.43613252418187,24.920949757710908,25.34008234678128,20241500
2024-08-23,25.23529815673828,25.270226704945866,25.00826758984352,25.165442725807956,21885300
2024-08-26,25.25275993347168,25.366274372950635,25.121781221616065,25.25275993347168,16506000
2024-08-27,25.16543960571289,25.35754326606726,24.93840906696613,25.30515045025172,16184600
2024-08-28,25.10431671142578,25.392470540972326,25.00826487974871,25.130513119742616,19874100
2024-08-29,25.078123092651367,25.22656609198937,24.91221748464437,25.209103483320373,19229800
2024-08-30,25.331348419189453,25.36627529973419,25.03446243987785,25.078121456929956,37137600
2024-09-03,24.711380004882812,25.252760808935236,24.571669151995366,25.016998120130886,44499600
2024-09-04,24.789968490600586,24.92094887735734,24.624062887549027,24.702650453409156,23510500
2024-09-05,24.89475440979004,25.1479797352805,24.75504354079842,24.82489897529423,25927200
2024-09-06,24.93840980529785,25.1217813351119,24.693916652858704,24.93840980529785,31214500
2024-09-09,25.680625915527344,25.83780104391507,24.842360784772495,24.92094834896636,36558400
2024-09-10,25.968778610229492,25.986242882716557,25.48852277522807,25.68935691237523,32378800
2024-09-11,25.8989200592041,25.9338485999616,25.444859022263607,25.91638432958285,31943100
2024-09-12,25.46232795715332,25.942583822156784,25.11305081301582,25.829069374868897,32511800
2024-09-13,25.558380126953125,25.602039145978257,25.313885290151866,25.462328286516055,19987700
2024-09-16,26.256935119628906,26.318058414076752,25.706823804113444,25.82033825587589,29224600
2024-09-17,26.047365188598633,26.318054740000704,25.846531059025633,26.23946718225742,27055300
2024-09-18,25.977514266967773,26.31805929919302,25.960049992113937,26.19581270618599,25812800
2024-09-19,25.8989200592041,26.50142406339497,25.776673497521852,26.099754172106227,22653200
2024-09-20,25.68935775756836,25.80287220149958,25.5234504944522,25.7941417304535,56877400
2024-09-23,25.593307495117188,25.733018357232627,25.47979304420521,25.698091474446194,23126200
2024-09-24,25.75921058654785,25.83779814191507,25.453592500729183,25.5409121917466,21446200
2024-09-25,25.261493682861328,25.94258369419888,25.244029409369393,25.84653352096282,30712700
2024-09-26,25.29642105102539,25.331349598681232,24.720113338582575,24.86855633515026,32310400
2024-09-27,25.401199340820312,25.523445899273383,25.252756377491107,25.340076061593777,25013000
2024-09-30,25.270225524902344,25.488523944551332,25.130514669565777,25.418668516883045,27464700
2024-10-01,25.034461975097656,25.392471237829444,24.91221539723355,25.36627482879369,30725100
2024-10-02,24.98206901550293,25.121779855951953,24.781233225058443,24.973336879789294,24957200
2024-10-03,24.746309280395508,24.90348441089877,24.67645385189237,24.886020137401786,25678900
2024-10-04,24.95587158203125,24.964603717385774,24.65898564191561,24.702646318688217,28769000
2024-10-07,25.49725914001465,26.056102628403472,25.418671566274348,25.64570214980355,51426600
2024-10-08,25.47979164123535,25.75048121349369,25.322616513638653,25.50598638551163,29126600
2024-10-09,26.361717224121094,26.571283503953833,25.409935995619445,25.514718302793444,44244800
2024-10-10,25.619503021240234,26.26566615257228,25.56711186612812,26.099758884984993,34347700
2024-10-11,25.46232795715332,25.70682279079197,25.27895808103793,25.63696736196447,29617600
2024-10-14,25.392473220825195,25.47106078858496,25.191639065654616,25.46232865155778,23594200
2024-10-15,25.706823348999023,25.968780796419185,25.38374094272831,25.40120521668561,29009900
2024-10-16,25.907655715942383,26.03863443061755,25.698089439365177,25.759212728514605,28414800
2024-10-17,25.558380126953125,25.785410689950407,25.514719442443177,25.74175000544046,23779200
2024-10-18,25.514719009399414,25.645699395221403,25.392472425816,25.584574437944905,24244900
2024-10-21,25.261493682861328,25.514718986555224,25.217832999131492,25.514718986555224,23395700
2024-10-22,25.182905197143555,25.313883912575935,24.973338919354806,25.235296350219564,29036400
2024-10-23,25.20037269592285,25.418671138083,25.03446541354535,25.20910483346745,22217600
2024-10-24,25.00826644897461,25.305152433255856,24.886019866794605,25.20037012438293,31473600
2024-10-25,24.84235954284668,25.086852694351695,24.833627406652262,25.04319367886428,26091100
2024-10-28,25.20037269592285,25.270228130794703,24.938413566039706,24.973342116218102,37922500
2024-10-29,24.851089477539062,25.471057810093185,24.475617622185737,25.331346964965284,102267000
2024-10-30,24.903484344482422,24.97333977279926,24.615330494489864,24.72011280422273,47104000
2024-10-31,24.711380004882812,25.00826598363983,24.702649533876496,24.842360386763946,37909600
2024-11-01,24.52800941467285,24.920947217806752,24.49308086973442,24.868554400399105,46894600
2024-11-04,24.23985481262207,24.571667651597384,24.213658404748504,24.5367407732506,41347800
2024-11-05,24.440689086914062,24.449421222923263,24.08267983796003,24.222390683137963,44175800
2024-11-06,23.890579223632812,24.44069050014434,23.64608439769172,24.388299346544372,65749500
2024-11-07,23.97789764404297,24.0914137550703,23.873115335155187,24.039022600626407,48484800
2024-11-08,23.694135665893555,24.075441273267522,23.685267896959974,24.03997188888719,55951300
2024-11-11,23.26849365234375,23.79168019674623,23.250758113907118,23.694136426698776,54329300
2024-11-12,23.224157333374023,23.44584649774778,23.01133593853771,23.259626720169692,53035200
2024-11-13,23.694135665893555,23.720738972694292,23.037935986994583,23.2596251362721,47983100
2024-11-14,23.073408126831055,23.80941606872155,22.913791661373395,23.711872297307632,45262200
2024-11-15,21.99156379699707,22.789646118878085,21.70780194537451,22.789646118878085,131074400
2024-11-18,22.044767379760742,22.390601877426384,21.902886473469515,22.142309445739826,64221700
2024-11-19,22.257591247558594,22.26645901662039,21.823080711654498,21.90288894185668,52381200
2024-11-20,22.11570930480957,22.257590220543634,21.858549087945377,22.230986914585774,46170800
2024-11-21,22.28419303894043,22.364001269771325,21.97382957610253,22.053637806933423,45048400
2024-11-22,22.74530601501465,22.833982011582847,22.25759057092048,22.32853102990425,41897000
2024-11-25,23.206418991088867,23.45471143408256,22.825113403809006,22.83398117227527,57707600
2024-11-26,22.85171890258789,23.268493912382294,22.709837976217283,23.197553449196988,33001000
2024-11-27,22.90492057800293,23.011332103363102,22.789642975937074,22.842847892940252,28242100
2024-11-29,23.241891860961914,23.259627400555594,22.851720138025826,22.90492506545272,22023000
2024-12-02,22.89605712890625,23.250759461425865,22.81624889267007,23.117746298150276,43866400
2024-12-03,22.665498733520508,22.966996119627495,22.63002934822476,22.904923426844412,49064300
2024-12-04,22.37286949157715,22.612294188914156,22.3285323363758,22.56795703371281,42541500
2024-12-05,22.78964614868164,22.869454380974112,22.293061216338693,22.372869448631164,43647900
2024-12-06,22.816247940063477,23.14434864104184,22.692102551703368,22.825115709425493,31830700
2024-12-09,23.14434814453125,23.44584553095561,22.683234295722933,22.84285075810689,37464800
2024-12-10,22.674365997314453,23.153215373289626,22.621161074879655,23.144347604324828,43280500
2024-12-11,22.37286949157715,22.621161958225233,22.319664567064724,22.505882648535245,39569400
2024-12-12,22.49701499938965,22.5945570722911,22.222119244007008,22.32853077695415,38705100
2024-12-13,22.68323516845703,22.754175633206657,22.399473309458536,22.47041377420816,29043600
2024-12-16,22.390605926513672,22.833984261692162,22.364002617515478,22.692103329743375,40194000
2024-12-17,23.436975479125977,23.463577092696404,22.931524525041485,22.96699390692001,71440300
2024-12-18,22.958127975463867,23.51678558409446,22.931526359765076,23.22415597192977,47575100
2024-12-19,22.85171890258789,23.135480755329105,22.683234668265026,22.789646208720008,50324700
2024-12-20,23.374902725219727,23.49018033018633,22.789643549396356,22.789643549396356,116340100
2024-12-23,23.685266494750977,23.720737568385342,23.22415437698141,23.374903057219697,35350400
2024-12-24,23.711870193481445,23.738473499148707,23.392637290889937,23.578857047852953,19716400
2024-12-26,23.55225372314453,23.694134637214074,23.481313266109762,23.6231941801793,31406000
2024-12-27,23.605459213256836,23.809412806125458,23.428107233416572,23.436975001543967,35218300
2024-12-30,23.428110122680664,23.56999104750876,23.268493659410545,23.481315046652693,32859100
2024-12-31,23.525653839111328,23.63206368681273,23.374905145405975,23.4103745308551,27085500
2025-01-02,23.596595764160156,23.81828493386071,23.55225691540756,23.72074115795914,32899200
2025-01-03,23.578857421875,23.80054656522369,23.516784732353997,23.676401186181685,33417000
2025-01-06,23.844884872436523,24.164117795556056,23.55225525669496,23.68526841087676,43951000
2025-01-07,24.05770492553711,24.447878288710108,23.889222395532755,23.951295084624245,35030000
2025-01-08,23.81828498840332,24.066575776569863,23.259627332320314,23.986767539986577,35430700
2025-01-10,23.694135665893555,23.986765275285716,23.6675340504468,23.82715050854325,32836900
2025-01-13,23.765077590942383,23.77394536042259,23.37490588193774,23.632064431447432,28359600
2025-01-14,23.41924285888672,23.827151795086397,23.295097469821375,23.773945178612042,25856900
2025-01-15,23.250757217407227,23.632062822322364,23.24188944853083,23.51678520963717,35949700
2025-01-16,23.490182876586914,23.561123339184316,23.02020125478284,23.117745025112036,29981100
2025-01-17,23.321697235107422,23.552254147462623,23.25075677679459,23.410373230836953,35380300
2025-01-21,23.62319564819336,23.62319564819336,23.401506494764057,23.45471310936198,39745600
2025-01-22,23.064538955688477,23.587725475622257,23.029067880474138,23.507917247743954,41890400
2025-01-23,23.445844650268555,23.481314034269317,22.922658128264064,23.06453904697505,40987000
2025-01-24,23.517955780029297,23.61711214165805,23.400770676410684,23.45485690238026,31300200
2025-01-27,24.21204948425293,24.3112041372608,23.599085945008706,23.653170457496238,50648600
2025-01-28,24.112892150878906,24.212048519250423,23.878523647019783,24.13993526570266,40589600
2025-01-29,23.995710372924805,24.40134680667692,23.950638511852993,24.15796391483623,34418200
2025-01-30,24.257118225097656,24.34726022025264,23.959650844607097,24.031764096867974,32289600
2025-01-31,23.905567169189453,24.34726106961032,23.815425170889856,24.302189210802712,37307000
2025-02-03,23.617116928100586,23.860498117027475,23.572045063991297,23.70725721768753,49626200
2025-02-04,23.319644927978516,24.26613153750991,23.076262067476566,23.52697030426589,68748300
2025-02-05,23.833454132080078,24.058808270229395,23.166406089475977,23.391760227625294,50426800
2025-02-06,23.283592224121094,23.860498335475143,23.238522078914997,23.815428190269042,45182000
2025-02-07,23.20246124267578,23.400772260038355,23.013164596918177,23.310631982619828,36512800
2025-02-10,23.319644927978516,23.544999046373178,22.995134447309248,23.2385173078112,39632700
2025-02-11,23.013164520263672,23.355702043533633,22.95006391923907,23.283588790249663,36593300
2025-02-12,22.95907974243164,23.094293605289288,22.688655455347725,22.96809411457653,31671600
2025-02-13,23.112319946289062,23.20246194575465,22.832881295329823,22.977107806748506,30612500
2025-02-14,23.013164520263672,23.283588790249663,22.959078290814013,23.193446793815806,33214600
2025-02-18,23.040206909179688,23.20246216589405,22.914009140319916,23.085278768997927,40499700
2025-02-19,23.337675094604492,23.36471821140842,22.986123172731972,23.049222059292095,37292400
2025-02-20,23.346689224243164,23.508944484749087,23.211477080260128,23.310633454861676,37139000
2025-02-21,23.70725440979004,23.950637289206373,23.301617996745097,23.33767376444625,54611500
2025-02-24,24.02275276184082,24.103880395803092,23.328661546526156,23.797398605126897,43823300
2025-02-25,24.1038761138916,24.36528771451309,23.92359385213601,24.085847371921403,43560100
2025-02-26,23.815425872802734,24.139936388519356,23.752326987927983,24.049794387563,30103300
2025-02-27,23.5269718170166,23.887538085768863,23.445844191632894,23.698241439417274,28268300
2025-02-28,23.824440002441406,23.8785245147387,23.355702977689777,23.490915118090843,51531700
2025-03-03,23.662185668945312,24.2481061130751,23.409788402856236,23.77035641707369,54048600
2025-03-04,23.211475372314453,23.71626814172148,23.13936211954202,23.662183631971047,51315000
2025-03-05,23.38274574279785,23.599085508057982,23.130348490336555,23.16640597753772,37062400
2025-03-06,23.65317153930664,23.85148257370806,23.346689755667164,23.37373287280561,46998300
2025-03-07,24.094863891601562,24.239090401593835,23.599085478417575,23.797396499828047,54337700
2025-03-10,24.01373863220215,24.554588957650513,23.923598344057243,24.01373863220215,53013500
2025-03-11,23.42781639099121,23.995709791526515,23.319647365671116,23.950637931546762,44841400
2025-03-12,23.175416946411133,23.409785438245812,22.9861203103036,23.38274404412502,37331000
2025-03-13,23.076263427734375,23.499928576336217,23.013164545954908,23.220489934463323,36717900
2025-03-14,23.184431076049805,23.22048856025592,22.9861200708626,23.09429080416547,30298300
2025-03-17,23.481901168823242,23.57204317048503,23.067250368220957,23.202462511055803,32676900
2025-03-18,23.71626853942871,23.797396165072602,23.526971892470026,23.626126542122655,32958700
2025-03-19,23.626129150390625,23.887540799505853,23.5089457444769,23.734299902962807,42522700
2025-03-20,23.60809898376465,23.707253631172993,23.454858107607507,23.662183493197887,35378900
2025-03-21,23.68922996520996,23.905569752921803,23.445847059290713,23.554016093488734,349996500
2025-03-24,23.563030242919922,23.635143504807125,23.33767608460794,23.52697447163421,37944400
2025-03-25,23.03119468688965,23.617116884005718,22.99513891498535,23.58105939278561,47607600
2025-03-26,22.72471046447754,23.121334229007278,22.65259720904628,23.004150833674842,49487400
2025-03-27,22.5444278717041,22.742738891550363,22.382172619413705,22.715697495712366,51302000
2025-03-28,22.72471046447754,22.7337248363209,22.364144187321244,22.56245692924393,32352500
2025-03-31,22.841896057128906,22.923023686101253,22.183862372633804,22.35513028329483,53498100
2025-04-01,22.120763778686523,22.850910729725815,22.102735034385383,22.796826216138083,54444200
2025-04-02,22.264989852905273,22.30104562147681,21.913436223267805,22.08470585210064,41965000
2025-04-03,21.895408630371094,22.41823015595655,21.886394258633253,22.30104504268024,53501800
2025-04-04,20.705535888671875,21.724137472020406,20.68750886578471,21.57991097303016,80002600
2025-04-07,20.399057388305664,20.876808816660418,19.605811517874503,19.957363450082934,86106100
2025-04-08,19.68693733215332,20.723566007237054,19.326371060730576,20.642438381252486,72406000
2025-04-09,20.272857666015625,20.31792952435539,18.85763398114331,19.028903604203226,95954400
2025-04-10,19.461584091186523,20.074547640407467,19.010875801384735,20.06553326829355,72960700
2025-04-11,19.750036239624023,19.831163865710813,19.182144576332078,19.46158322212236,55078100
2025-04-14,19.9393367767334,20.03849143771737,19.713982617372704,19.903279285964107,61900900
2025-04-15,20.2277889251709,20.669482851537666,19.948348542095744,19.984406031259912,51814700
2025-04-16,19.86722183227539,20.444127881208832,19.78609420422967,20.27285825318835,37641200
2025-04-17,19.957361221313477,20.326941857314424,19.921305454523797,19.96637559283979,54073700
2025-04-21,19.86722183227539,19.984405228721627,19.71398094811299,19.948347741005467,32021000
2025-04-22,20.308914184570312,20.326941207731284,19.966374954779177,19.993418068493902,36052600
2025-04-23,20.182716369628906,20.78666553783309,20.04750422854467,20.534269999626698,50781000
2025-04-24,20.534271240234375,20.606384501123838,20.03849106721804,20.191731961522613,35009600
2025-04-25,20.66046714782715,20.831736771688412,20.263843389159444,20.525255010806404,35847700
2025-04-28,20.777650833129883,20.993992318579068,20.642438694210863,20.75962380877214,55888900
2025-04-29,21.444700241088867,21.74216762953439,20.245814596303052,20.57933947150105,98540200
2025-04-30,22.003576278686523,22.030619392211467,21.61596691473985,21.81427964195843,53941700
2025-05-01,21.57090187072754,21.93146820627325,21.45371673710274,21.904425086363858,46891700
2025-05-02,21.814281463623047,21.90442174426928,21.606954347916037,21.886394719729417,41685800
2025-05-05,21.516815185546875,21.859352740025674,21.498786440754376,21.81428259736016,40811800
2025-05-06,20.62441062927246,21.534841582951753,20.59736923218812,21.48075706946739,60872600
2025-05-07,20.54328727722168,20.813711597638584,20.480186664429564,20.723569584394316,48270500
2025-05-08,20.705535888671875,20.813706622572305,20.290885133903792,20.57032376078296,55669800
2025-05-09,20.466699600219727,20.760655498975822,20.44832691851863,20.677980183436247,39059800
2025-05-12,21.210777282714844,21.265893579846747,20.374839475733086,20.420769431323755,77480900
2025-05-13,21.008684158325195,21.10973041649802,20.659610169391893,21.036241432319787,41193200
2025-05-14,20.227861404418945,21.03624018234562,20.18192969696457,20.999496568497605,59394000
2025-05-15,20.76065444946289,20.76065444946289,20.292161602460816,20.393209594593205,51800100
2025-05-16,20.97193717956543,20.990309862227893,20.62286496955593,20.806586539834186,37786800
2025-05-19,21.12809944152832,21.15565846286573,20.797398193940552,20.8892598462833,31513700
2025-05-20,21.60577964782715,21.771130279395095,21.27507838469126,21.284264725568963,57047500
2025-05-21,21.164844512939453,21.569032974317793,21.164844512939453,21.55984663399802,42984700
2025-05-22,21.164844512939453,21.275077092546177,20.953562189815248,21.164844512939453,38602800
2025-05-23,21.422054290771484,21.486356918665372,21.017864091290363,21.08216847129945,35405400
2025-05-27,21.68845558166504,21.734385535247057,21.46798865066361,21.63333753482812,36155400
2025-05-28,21.2934513092041,21.716012481703736,21.22914867444245,21.688455210871822,36737200
2025-05-29,21.54147720336914,21.54147720336914,21.27507857191744,21.431242863981964,26091400
2025-05-30,21.578222274780273,21.697642963204395,21.27508001110324,21.569035933200304,56618600
2025-06-02,21.550661087036133,21.642522741500336,21.330194167591234,21.624151812299758,30443900
2025-06-03,21.449613571166992,21.624150529080083,21.18321496424095,21.477170839390222,37887100
2025-06-04,21.486356735229492,21.62415008195738,21.44961312765319,21.504729415075236,24500100
2025-06-05,21.23833465576172,21.53229055376002,21.20158929245425,21.53229055376002,33173600
2025-06-06,21.449613571166992,21.660894137416133,21.35775192215404,21.376124602379676,30426200
2025-06-09,22.019153594970703,22.17531787942221,21.513917131688633,21.532289812710054,42542600
2025-06-10,22.322298049926758,22.432532394935457,22.009969449870162,22.019155791297177,40439200
2025-06-11,22.487648010253906,22.680557670147223,22.340670056104436,22.349856397253205,38558700
2025-06-12,22.818347930908203,22.855091541210395,22.53357838063378,22.53357838063378,42465400
2025-06-13,22.542766571044922,22.919397806153277,22.469275840179428,22.772419848653207,46368400
2025-06-16,22.414159774780273,22.58869675815083,22.303927181578693,22.506021437191908,35102100
2025-06-17,22.046714782714844,22.340670699479233,21.964039462110424,22.2947407445281,40408800
2025-06-18,21.936481475830078,22.120204808558718,21.835435219733323,22.009970458498422,37076200
2025-06-20,22.019153594970703,22.12938792898395,21.835432041102358,22.046712616502838,63098100
2025-06-23,22.07427406311035,22.129390360114392,21.83543443993886,21.927296103022588,31959100
2025-06-24,22.331485748291016,22.41416107404231,22.147764164933598,22.175321438773643,34404200
2025-06-25,22.285552978515625,22.386600975487212,22.111016007050704,22.239621274385193,25603300
2025-06-26,22.267181396484375,22.44171837656846,22.193692418361934,22.340670374606812,31835300
2025-06-27,22.221248626708984,22.43252919302675,22.12020063755039,22.368226564331362,39528800
2025-06-30,22.267181396484375,22.39578667016978,22.15694880535844,22.23962237264517,44730900
2025-07-01,23.002071380615234,23.286840932645784,22.285552578093018,22.303925259415074,59259900
2025-07-02,23.259281158447266,23.296026519903016,22.992884296354163,23.084744195762998,36772100
2025-07-03,23.31439971923828,23.443006744743908,23.1674217633308,23.28684244757778,27104600
2025-07-07,23.185792922973633,23.45219154563067,23.093931268536195,23.296027258721622,34905900
2025-07-08,23.534870147705078,23.847197013046156,23.158237136676888,23.185796162493265,51275800
2025-07-09,23.47974967956543,23.736961971032922,23.277655434058005,23.599170360363527,38362200
2025-07-10,23.681846618652344,23.929870826871223,23.46137968239364,23.49812329571236,39499200
2025-07-11,23.56242561340332,23.626728249925197,23.35114502136989,23.56242561340332,34864400
2025-07-14,23.286842346191406,23.544052891851933,23.277656004972755,23.498122937874108,25918000
2025-07-15,22.607067108154297,23.369515848894807,22.533578136231668,23.277654195962697,54458000
2025-07-16,22.607067108154297,22.92858026524374,22.533578136231668,22.671369739572185,44218200
2025-07-17,22.579509735107422,22.763233054384774,22.46009080405794,22.496834416644155,47393900
2025-07-18,22.47846221923828,22.763233545473305,22.404973240364992,22.698929155858146,36309400
2025-07-21,22.285552978515625,22.64381151015619,22.285552978515625,22.58869521731503,33663400
2025-07-22,23.09393310546875,23.09393310546875,22.359043315745463,22.386602339903387,48091600
2025-07-23,23.2960262298584,23.452190509870487,23.194978239228444,23.314397158242276,42073300
2025-07-24,23.286842346191406,23.461379325114933,23.204167027338972,23.323585958950584,25672400
2025-07-25,23.165363311767578,23.333565333841335,23.006504361185176,23.333565333841335,35643400
2025-07-28,22.716819763183594,23.109294721772535,22.651407567143547,23.06257223384355,31096600
2025-07-29,22.707473754882812,22.735508315624376,22.3617230841464,22.716818608463335,38499800
2025-07-30,22.24958610534668,22.80091997731711,22.240241251983797,22.726162932762573,35649500
2025-07-31,21.7636661529541,22.277620610198664,21.62349513520692,22.053349477091114,62768300
2025-08-01,21.950559616088867,21.978594178334607,21.59546407271952,21.773010953229857,51332700
2025-08-04,21.987937927246094,22.128107166732182,21.866456612635858,21.903836027084726,57010700
2025-08-05,23.12798500061035,23.258809395918785,22.679442688968265,22.679442688968265,113955100
2025-08-06,22.361724853515625,23.090605666983155,22.296312655624817,23.062572886372077,65689200
2025-08-07,22.642059326171875,22.86633044291097,22.371065728492784,22.5859919925742,45494400
2025-08-08,22.96912384033203,22.997158400502677,22.57664890968565,22.698130221409922,36377000
2025-08-11,22.96912384033203,23.28684172620522,22.922401355729487,22.987813547112463,38115700
2025-08-12,23.03453826904297,23.146674738268754,22.86633445637864,23.043883123340844,34402700
2025-08-13,23.5111141204834,23.548493536047424,23.11863916880432,23.127984022695326,40176500
2025-08-14,23.464391708374023,23.529803903471503,23.193396291714595,23.445702000532275,32514000
2025-08-15,23.492422103881836,23.64193618674652,23.333563168044556,23.567179145314178,31844800
2025-08-18,23.427011489868164,23.57652558278116,23.37094415061294,23.492423682724027,35623300
2025-08-19,23.660625457763672,23.763417056224306,23.45504404319083,23.4924216720457,29170500
2025-08-20,23.716693878173828,24.00637898121835,23.679316247607492,23.72603873140254,38111000
2025-08-21,24.053102493286133,24.193271733012033,23.707351820785483,23.744729452949716,37068100
2025-08-22,24.183927536010742,24.39885561059787,24.071792854124844,24.2026172437746,34560500
2025-08-25,23.492422103881836,24.19327003569071,23.464389327312496,24.183925182718106,32684200
2025-08-26,23.286842346191406,23.585870533245455,23.24011986034493,23.492423779203918,43938700
2025-08-27,23.427011489868164,23.52045824352593,23.221430057699944,23.37094415061294,31840300
2025-08-28,22.987812042236328,23.42700942873359,22.903710149578576,23.42700942873359,44306800
2025-08-29,23.1373291015625,23.249463784647645,22.903713099061687,23.062572052056186,37030000
2025-09-02,23.34290885925293,23.42701075667794,23.090603166977896,23.10929287359424,44725000
2025-09-03,23.165363311767578,23.473736359092403,23.09994933488772,23.249463431630144,30957600
2025-09-04,22.931745529174805,23.156016656844553,22.75419688472224,23.156016656844553,41695500
2025-09-05,23.249462127685547,23.25880698100142,22.903711466740834,22.959778804287552,34613200
2025-09-08,22.94108772277832,23.33356262678107,22.716816603683665,23.26815043983868,49242900
2025-09-09,23.09060287475586,23.165361700275117,22.90371115800322,22.941088788414348,32751300
2025-09-10,22.95977783203125,23.034534873044052,22.847643161686275,23.025190020123894,32975900
2025-09-11,23.23077392578125,23.23077392578125,22.93174575264094,22.987813089517623,36784100
2025-09-12,22.30565643310547,23.212085870195022,22.277621871499083,23.18405130858864,81378200
2025-09-15,22.399099349975586,22.539270362785654,22.12810574206295,22.417789055996725,50760200
2025-09-16,22.333688735961914,22.632716923990245,22.30565595730213,22.38975607563008,57010800
2025-09-17,22.47385597229004,22.791573839326063,22.333686744444364,22.408443784785288,46351600
2025-09-18,22.567302703857422,22.651404596980676,22.389754064780725,22.47385595790398,34419000
2025-09-19,22.455171585083008,22.66075303280727,22.258933209317778,22.66075303280727,86577600
2025-09-22,22.464513778686523,23.174704798472796,22.455168925485584,22.688784908463532,67863300
2025-09-23,22.548614501953125,22.76354256668402,22.473857456674544,22.5205817239415,38955200
2025-09-24,22.5112361907959,22.59533808698854,22.408444588260778,22.5859932338173,39669400
2025-09-25,22.053348541259766,22.56730297669473,22.034658835373435,22.511235641384186,56738300
2025-09-26,22.202863693237305,22.249586177855456,22.062694457034315,22.17482913305729,33374500
2025-09-29,22.286964416503906,22.296309269404603,22.090726070286188,22.230897081448177,39184300
2025-09-30,23.810142517089844,23.95031176194382,22.249587551058635,22.286966966938976,164867300
2025-10-01,25.4267635345459,25.651036453751974,23.903588061674547,24.268028436274445,150879900
2025-10-02,25.30528450012207,25.389386400886746,24.87543192496803,25.165115259630475,69684100
2025-10-03,25.57628059387207,25.875308790211974,25.267907543602963,25.417421641772915,70524000
2025-10-06,24.69788360595703,25.56693540412284,24.6605041907312,25.482833502213335,62945600
2025-10-07,24.548368453979492,24.838051780126577,24.34278524377633,24.688537690350756,47744200
2025-10-08,23.997034072875977,24.763294212385347,23.950309806839734,24.68853716907586,48693300
2025-10-09,23.58587074279785,24.202616829663555,23.55783618163174,24.0904821496963,47278700
2025-10-10,23.156017303466797,23.754073660619934,23.00650321417851,23.60455957133165,64963900
2025-10-13,23.10929298400879,23.314876193073754,22.997158308472017,23.21208458854127,45356600
2025-10-14,22.913057327270508,23.165363030844404,22.875677912363887,23.034536861019827,42277000
2025-10-15,22.791576385498047,22.969125044523334,22.623372580352896,22.885023141950757,47729800
2025-10-16,22.642059326171875,22.997156597770076,22.623369620856515,22.838297667286334,44390000
2025-10-17,22.903711318969727,22.92240102548089,22.576648584418393,22.614027997440722,40101900
2025-10-20,23.071916580200195,23.109294213251154,22.903712775599317,22.959780116350068,35856800
2025-10-21,23.2214298248291,23.32421964870812,22.987813834201745,23.09994851158768,40726900
2025-10-22,23.09994888305664,23.29618724516057,23.006503911181863,23.16536285865701,48662900
2025-10-23,23.053226470947266,23.15601807915702,22.903712376650493,23.137328371782772,34219900
2025-10-24,23.1373291015625,23.202741297086945,23.062572052056186,23.081261760019927,27429200
2025-10-27,23.146671295166016,23.174704071541008,23.01584513680507,23.118636736442575,34974900
2025-10-28,22.894365310668945,23.156015841579165,22.782228859607873,23.156015841579165,50152400
2025-10-29,22.698131561279297,23.01584768355871,22.642062437628244,22.922402708837577,65438400
2025-10-30,22.698131561279297,23.081261661151608,22.56730538844215,22.716819486814337,157478000
2025-10-31,23.03453826904297,23.109295321077255,22.57665110253937,22.688787571765154,132697400
2025-11-03,23.043882369995117,23.12798427357784,22.810266367231705,22.97847017439715,140871300
2025-11-04,22.707473754882812,23.548492753643977,22.61402878377475,22.79157565475893,166162000
2025-11-05,22.997159957885742,23.053227299675417,22.57665043859153,22.782231880052777,107240900
2025-11-06,23.2214298248291,23.483078593628665,22.931746495508776,23.127983072108446,124137200
2025-11-07,23.230937957763672,23.421120558984093,22.92664434482459,23.135845750286958,117794500
2025-11-10,23.192901611328125,23.668360860850935,22.736461167082172,23.449650041366386,148958600
2025-11-11,24.257930755615234,24.257930755615234,23.2404482674658,23.287993466194383,139673800
2025-11-12,24.600261688232422,24.676335093503557,24.01069143708135,24.153328845248094,96008000
2025-11-13,24.524187088012695,25.180319496356077,24.410076078799563,24.666824489229388,123083100
2025-11-14,23.83001708984375,24.505170167636166,23.744434279789317,24.41007795493867,96507600
2025-11-17,23.849035263061523,24.31498509782382,23.725416659444203,23.877563470234623,88042200
2025-11-18,24.200876235961914,24.257930837375127,23.75394338598138,23.820507389918973,66511800
2025-11-19,23.658851623535156,24.248421895105785,23.506704807723338,24.105784481998846,62000200
2025-11-20,23.202411651611328,23.772963129465122,23.08830244428046,23.66836151130087,51983200
2025-11-21,23.81100082397461,24.26744128235372,23.383086760660973,23.383086760660973,73079400
2025-11-24,23.982162475585938,24.21989208629698,23.82050626775311,23.877562680211515,63074900
2025-11-25,24.45762062072754,24.69535022097707,24.1152912297066,24.124800631364533,39130300
2025-11-26,24.44811248779297,24.54320469557413,24.32449388729057,24.43860489937456,33461000
2025-11-28,24.476640701293945,24.59075171341079,24.400567297793717,24.581242311256634,22627600
2025-12-01,24.02971076965332,24.66682623294342,23.99167315931572,24.495660613890397,53198600
2025-12-02,23.915599822998047,24.077256039944054,23.811000021726933,24.077256039944054,43827000
2025-12-03,24.314985275268555,24.619278899070057,24.058236850036142,24.077255654957,56121200
2025-12-04,24.43860626220703,24.476642059200778,24.10578442327948,24.372040443435036,35454000
2025-12-05,24.752408981323242,24.837991790638338,24.381549536380135,24.505169955938864,47443700
2025-12-08,24.505168914794922,24.90455473671908,24.495659512638035,24.76191733183181,45209300
2025-12-09,24.08676528930664,24.847499356134165,23.89658086573322,24.7238807504246,43483800
2025-12-10,24.514678955078125,24.524188357482544,23.98216330282899,24.23891172654914,43635400
2025-12-11,24.5336971282959,24.76191916953259,24.353023915105467,24.5336971282959,35570200
2025-12-12,24.58124542236328,24.761920458693197,24.457624992446355,24.571736019005577,51599700
2025-12-15,25.132776260375977,25.341977677558404,24.54320599197735,24.55271539463106,60360000
2025-12-16,24.276948928833008,25.20884858403341,23.696888088027457,25.142284582052387,111695500
2025-12-17,23.81100082397461,24.238913073555093,23.801491421041735,24.153330260892364,61255300
2025-12-18,23.81100082397461,23.991674038499784,23.753944406377354,23.782472615175983,47062500
2025-12-19,23.953638076782227,24.267441116489717,23.753944244023018,23.78247245262666,87590000
2025-12-22,23.972652435302734,24.153327442478382,23.89657903444977,23.96314484721244,38758900
2025-12-23,23.658851623535156,24.096275079293967,23.61130642374388,24.020201671388058,43692900
2025-12-24,23.801488876342773,23.906088669954976,23.68737786708142,23.696887268997614,19328500
2025-12-26,23.858545303344727,23.877564108635287,23.696889085841164,23.791981298560867,21617800
2025-12-29,23.772960662841797,23.963145073637715,23.74443245710252,23.820505858674295,33067700
2025-12-30,23.763450622558594,23.820505218771498,23.696886624688055,23.782469425873867,28821700
2025-12-31,23.67786979675293,23.791980812431618,23.65885099185097,23.744433800176722,29409200
