Price,Close,High,Low,Open,Volume
Ticker,PM,PM,PM,PM,PM
Date,,,,,
2021-01-04,62.89928436279297,63.9411731715424,61.63358144298555,63.918021002836504,5389400
2021-01-05,63.58614730834961,64.12638410160191,63.153957873747764,63.42407627037392,5282700
2021-01-06,63.671058654785156,64.24988646073774,63.29289280357559,63.83312973387497,6376600
2021-01-07,64.04151916503906,64.33478983752568,63.532147804879415,63.817705011769675,4824300
2021-01-08,64.12638854980469,64.63575975146665,63.64789475348691,64.28074613582642,4035600
2021-01-11,63.5244026184082,64.58944925176213,63.31602725735246,64.13410177665621,4698000
2021-01-12,62.56742858886719,63.55529379817972,61.841962499716566,63.28517532503037,5300300
2021-01-13,62.67546081542969,62.837531860110424,62.1429374628075,62.428494572848614,5280200
2021-01-14,62.65230941772461,62.95329934555318,62.166096277726105,62.690900285657406,5504700
2021-01-15,62.467098236083984,62.798959744543986,61.618146083181024,62.451659530681624,4492200
2021-01-19,63.20799255371094,63.508982517783906,62.36675981422307,62.85297890091053,7685100
2021-01-20,63.05364990234375,63.3083355902225,62.52113224094675,62.8452744501696,4733500
2021-01-21,62.7680778503418,63.346905556328416,62.59056809639101,63.24657165221452,4166300
2021-01-22,62.26643753051758,62.81439382046327,62.1429514373879,62.606018398483194,3156300
2021-01-25,62.77580261230469,62.79124131793475,61.772504607566994,62.127518291225655,4156000
2021-01-26,63.27743911743164,63.50897254025464,62.629154954550515,62.899273355750985,3713400
2021-01-27,61.587276458740234,63.3237597511317,61.30943866090636,62.59057438368211,5295400
2021-01-28,62.729496002197266,63.3391953134247,61.52553608481387,61.587279128818345,3304800
2021-01-29,61.47151184082031,62.860694989589945,61.386616628112414,62.58285718220788,5107300
2021-02-01,61.01614761352539,61.533238101203736,60.46047215032061,60.96984328763803,6209500
2021-02-02,61.17823791503906,61.88827116844622,61.131933574564606,61.47923379254593,4790700
2021-02-03,61.91914367675781,62.38991821806821,60.90040695312244,61.13193454731986,4275000
2021-02-04,64.54313659667969,64.5894468103833,61.75704583785816,61.76476518816527,5391300
2021-02-05,65.04481506347656,65.43841965666074,64.42740221282486,65.12971028726416,5048900
2021-02-08,66.36454010009766,66.40313097829218,64.94448528228699,65.137427896977,4843300
2021-02-09,66.08667755126953,66.91247139781765,66.0403732252643,66.51887285049503,4205400
2021-02-10,66.3259506225586,67.70742035684847,65.63135607904121,67.14402536928966,5260600
2021-02-11,65.8783187866211,66.70411284113366,65.57732881550889,66.47257937652093,3570300
2021-02-12,66.46485137939453,66.51115570693612,65.64677096794419,65.90917589633824,3597400
2021-02-16,66.37224578857422,66.5420361966474,65.84744174913895,66.27963123285973,4323000
2021-02-17,66.8430404663086,67.19805417374639,66.07898935439118,66.14072651662372,4908800
2021-02-18,66.62693786621094,67.08999891343899,66.37225222938628,66.45714744166116,6859800
2021-02-19,65.9477767944336,66.88933760268733,65.88603963885326,66.62693849908389,4289500
2021-02-22,66.75814056396484,66.85075513303288,65.39982299167175,65.7239710393394,3525700
2021-02-23,66.71184539794922,67.72286289138157,66.49575059521331,67.63796766342935,4090300
2021-02-24,67.57621002197266,68.06242911131555,66.37225015910546,66.3876829753374,4560800
2021-02-25,66.77357482910156,67.86177395871529,66.67324679320839,67.14402722526441,3680000
2021-02-26,64.8441390991211,67.07456072049263,64.81327346816845,66.77356488137242,5651700
2021-03-01,65.5618896484375,66.49573696448583,65.19144317343867,65.39210511547836,3101200
2021-03-02,65.65449523925781,66.25647509497291,65.35350531140027,65.35350531140027,3563600
2021-03-03,65.71624755859375,66.4108420626208,65.38438606712197,65.77027124845472,3147000
2021-03-04,65.29950714111328,66.94337630382195,65.06026015322657,65.77028765079764,4078000
2021-03-05,66.4957275390625,66.74269378343573,65.29176194562078,65.71623793820275,4470100
2021-03-08,66.65010070800781,67.53763795873131,66.28736763168364,66.48031025626955,3841500
2021-03-09,67.19804382324219,67.69969572601326,66.54975955859561,66.9047732113507,7211700
2021-03-10,66.95880889892578,67.52991740890432,66.2796471040028,67.19805586496919,4644300
2021-03-11,66.85846710205078,67.53762881707488,66.4185582130651,66.75041971795892,3540300
2021-03-12,67.69969177246094,67.75371545802659,67.0282494905963,67.46815832681378,3070300
2021-03-15,67.66883087158203,68.19363499433986,67.26751284271594,67.91579717122448,5626500
2021-03-16,68.07015228271484,68.10102380772173,67.19033442851347,67.20577313508757,6356400
2021-03-17,68.84190368652344,68.84962303767361,68.00067694348589,68.2785147034949,4938300
2021-03-18,69.89151763916016,70.42404103916805,68.5717911109208,68.68755783546253,10661100
2021-03-19,69.80549621582031,70.40773708701097,69.27364457739225,69.71946095319136,10234700
2021-03-22,70.37644958496094,70.39208964597593,68.96860540515686,69.4613478844826,5804300
2021-03-23,68.86692810058594,70.0714096819114,68.65574849611178,69.9931974446737,4468600
2021-03-24,69.25800323486328,69.89153018686719,68.61665326807075,68.74961468341768,4296000
2021-03-25,69.36750793457031,69.53957847242853,68.64012264003215,69.22672349152381,3528800
2021-03-26,70.84571838378906,70.95521669613657,69.13284254930784,69.8367645338351,5045500
2021-03-29,71.16639709472656,71.25243234366307,70.2121923099479,70.65800861479568,4433600
2021-03-30,69.8836898803711,71.26807076202739,69.63340717397143,71.17421250942361,3659800
2021-03-31,69.4065933227539,69.77419738373911,69.26580891572151,69.52391465648272,4916000
2021-04-01,68.87474822998047,69.53174418004797,68.30379350210009,69.15631707040777,4647100
2021-04-05,69.29710388183594,69.93845382555975,69.2345317002015,69.2345317002015,3593300
2021-04-06,69.32056427001953,69.64124221305197,68.56971602115783,69.14849972801468,3780100
2021-04-07,69.04682159423828,69.64124538940321,68.62446831613781,69.4144257048375,3354600
2021-04-08,69.9541015625,70.12617208258996,69.06246883768094,69.23453339055908,5045000
2021-04-09,71.22897338867188,71.26025947802256,70.05577189047224,70.15744720545344,5181100
2021-04-12,71.47926330566406,71.76083217085035,71.04126994524627,71.29155271794387,4366500
2021-04-13,71.00215911865234,71.17422963956783,70.38427223318847,70.47813050838198,5639700
2021-04-14,71.22897338867188,71.40104389649497,70.7284078934836,70.96305058000809,4058600
2021-04-15,71.82340240478516,72.37871710514776,71.48708437868254,71.71390406765518,4333200
2021-04-16,72.66810607910156,72.80888453504373,71.91725184414041,72.30050197602164,4948500
2021-04-19,71.69824981689453,73.07480785509976,71.53400233003312,73.01223567899699,7362900
2021-04-20,73.52063751220703,74.02120307746635,70.5563472624047,71.24462342283321,8163900
2021-04-21,73.66924285888672,74.77204928708227,73.49717233189727,73.52063540972091,5418300
2021-04-22,73.5284652709961,74.09160306004568,73.33293164797679,73.52064225525578,4861000
2021-04-23,73.99774169921875,74.07595395173531,73.03571368834919,73.10610889266276,3747100
2021-04-26,73.82566833496094,74.16980939350398,73.52845939989966,73.98209283400115,3157000
2021-04-27,73.91951751708984,74.14633718983089,73.63794867970174,73.8882314276899,4044300
2021-04-28,73.63794708251953,74.51393369787252,73.56755189109366,74.30276005801743,3069500
2021-04-29,74.37316131591797,74.4435565187339,73.37203018369506,73.73963432663584,4701800
2021-04-30,74.3027572631836,74.61561217141816,73.83347788443727,74.59996614404035,5031600
2021-05-03,74.96757507324219,75.50724967574945,74.42008342375034,74.70165226269228,3755000
2021-05-04,74.23238372802734,75.26480096631884,73.98991799012313,74.95194599197335,5339700
2021-05-05,74.64691925048828,74.7251315077383,73.98992316172016,74.154170692109,4029800
2021-05-06,75.72623443603516,75.85137877466053,74.83460190856604,75.0770616056396,6201100
2021-05-07,76.18771362304688,76.35196112851256,75.38211019069828,75.57764378775913,2718600
2021-05-10,76.69609069824219,77.1340899819335,76.32066956046266,76.35977269674186,4465800
2021-05-11,76.09387969970703,77.00897579466854,75.5307418052034,76.91511748984671,3544000
2021-05-12,75.2413330078125,76.51621600243506,75.15529773944364,76.31285937108937,3828000
2021-05-13,76.29721069335938,76.63352871340904,74.95193861316073,75.03015085724425,4091200
2021-05-14,76.41452026367188,77.08715625260946,76.36759411423338,76.61005384261394,2375100
2021-05-17,76.29721069335938,76.8603424310877,76.26592460228362,76.26592460228362,2251500
2021-05-18,76.4067153930664,76.58660297272165,75.92961290703992,76.2659309551043,3240100
2021-05-19,75.32735443115234,76.14859785383474,74.95975034608901,76.14859785383474,5339000
2021-05-20,76.19552612304688,76.47709496338688,75.17093204510553,75.24914428581965,2582600
2021-05-21,76.19552612304688,76.64134245904997,75.63238844236686,76.37541964717967,3489000
2021-05-24,76.7742919921875,77.03239172984841,76.07037005490753,76.4614371348175,3044000
2021-05-25,76.27374267578125,76.88381250914827,75.63239271812937,76.68045589802593,3371600
2021-05-26,76.10950469970703,76.4145366709745,75.7497235532688,76.203362985948,2788700
2021-05-27,75.61674499511719,76.48491455275511,75.32735315350081,76.23463181335029,3342700
2021-05-28,75.42120361328125,76.03126735449544,75.38209451511703,75.47595277038482,3746600
2021-06-01,75.69495391845703,76.32848076951267,75.50724336392405,75.87484742665889,2717200
2021-06-02,75.71843719482422,76.15643656188135,75.40558817619953,76.03129218066145,4373000
2021-06-03,76.15642547607422,76.2659238100961,75.14747142640542,75.29607289845703,3367300
2021-06-04,76.57095336914062,76.75084092638279,76.23463536297974,76.64916560999424,4471600
2021-06-07,77.08714294433594,77.18100119422056,76.49272526336408,76.71953892463398,4370500
2021-06-08,75.39775085449219,77.39218982225329,75.24914342179368,77.19665623910741,5455500
2021-06-09,75.6715087890625,76.10950217590468,75.27261854478132,75.40558593768328,2555000
2021-06-10,76.29721069335938,76.33631383179527,75.71842695927558,75.71842695927558,3065900
2021-06-11,77.30615997314453,77.32180600252848,76.50056250901409,76.72738219738675,5530600
2021-06-14,78.6044921875,78.6983504457705,77.25922032167662,77.58771527480724,9309500
2021-06-15,78.57322692871094,78.89390492072877,78.25255490390545,78.53412378614128,4252900
2021-06-16,78.15084075927734,78.95643795761775,77.83016886924732,78.89387176235984,7440000
2021-06-17,78.21343994140625,78.72965150928124,77.95533415746876,78.21343994140625,6795600
2021-06-18,77.8223648071289,78.11175665360274,76.81341081868972,77.57208206352307,15687000
2021-06-21,78.33857727050781,78.65142622839305,78.00225927029093,78.21343291358461,11527100
2021-06-22,78.21343994140625,78.83132683300879,78.08829557323828,78.21343994140625,3750600
2021-06-23,78.25254821777344,78.74529073597857,78.16651295737402,78.22907917358208,10206100
2021-06-24,78.39505004882812,78.51379565393395,77.51634102655827,77.51634102655827,5180300
2021-06-25,78.4029541015625,78.49003379385665,78.14171502468002,78.39503611872178,5920500
2021-06-28,78.11005401611328,78.72752384396372,77.95173058730865,78.6483621295614,3933600
2021-06-29,77.53217315673828,78.33171437625384,77.19177232676807,78.33171437625384,3237500
2021-06-30,78.4583740234375,78.60878551088997,77.60341299947363,77.73798852000913,3846700
2021-07-01,79.07583618164062,79.54290052590565,78.4979502779777,78.53752811212313,3614100
2021-07-02,79.40042114257812,79.58249249922775,78.94127469942754,79.16292993690651,2763200
2021-07-06,78.09422302246094,79.2104170714872,77.73798625303857,79.07584155487616,3486800
2021-07-07,78.20503997802734,78.45044306779596,77.76964155458228,78.09421238654147,3567000
2021-07-08,77.87257385253906,78.3633801370095,77.65091258252589,77.71424437395822,3498000
2021-07-09,78.68795013427734,79.32124992236822,78.31588341345231,78.66420222267608,5059100
2021-07-12,78.01507568359375,78.66421151587411,77.73800057644078,78.28422676640753,4984500
2021-07-13,77.35009765625,78.01506940438165,77.08094659509943,77.8250740251142,5129100
2021-07-14,78.81460571289062,78.86210757456193,77.4371725174593,77.57966602316957,2875900
2021-07-15,78.61668395996094,78.79084332824225,78.2050394855557,78.2050394855557,2915900
2021-07-16,78.29212188720703,78.97292341976413,78.23670808988965,78.79084606306358,3122600
2021-07-19,77.52424621582031,78.22879570627292,76.53470973601031,78.1179681037063,4669100
2021-07-20,75.14934539794922,76.7563513911271,74.36563433539281,76.00430621509273,6816200
2021-07-21,76.42388916015625,76.61387849064575,75.37102079931724,75.71933960492458,4108000
2021-07-22,76.97802734375,77.00969323882286,75.75891756187872,76.14682024678227,3949000
2021-07-23,77.89631652832031,78.15755562067947,77.05718544737738,77.38967431022161,2204800
2021-07-26,78.4029541015625,78.55336557727992,77.61924291056636,77.64299081943726,3593600
2021-07-27,79.0362548828125,79.40832156587815,78.27629159043754,78.52170074459971,2889300
2021-07-28,78.32379150390625,79.13916857736754,78.25254173845025,79.06791881191154,3022100
2021-07-29,79.39248657226562,79.66163757878856,78.45044597013336,78.60877542072124,3273900
2021-07-30,79.23416137695312,79.5191483636656,78.7829329879336,79.23416137695312,3523100
2021-08-02,79.18667602539062,80.36620196317621,79.01251661719702,79.66957037005392,3327400
2021-08-03,79.51126098632812,79.83582590835276,78.87003704828622,79.35293147831949,3052600
2021-08-04,78.75918579101562,79.68539652603033,78.44253290962223,79.51123713928139,2591700
2021-08-05,78.83834075927734,79.26582120665304,78.52960588722559,79.06000198505244,1945100
2021-08-06,78.53753662109375,79.17875437644206,78.35546527706607,79.06792676538561,2515800
2021-08-09,78.52960968017578,78.71168704308688,78.03880346995228,78.4108701387676,2029900
2021-08-10,79.13125610351562,79.56665459036019,78.49003836802787,78.78293731403998,2147000
2021-08-11,78.97293090820312,79.59831870274388,78.94126501535469,79.4874910976001,2915200
2021-08-12,79.17084503173828,79.28167264643322,78.5929530068415,78.9491898023484,2899800
2021-08-13,80.42161560058594,80.61161097620415,79.1866758573281,79.4241670570248,2215000
2021-08-16,81.05491638183594,81.08658227579622,80.27912311859009,80.61160594569546,3047600
2021-08-17,81.1419906616211,81.53780525021436,80.54826877873118,80.9836672420443,3911400
2021-08-18,79.91494750976562,80.93614967488082,79.83578581534239,80.6115849158505,2559700
2021-08-19,80.28703308105469,80.46911045692013,79.1708390348454,79.40041223065334,2996900
2021-08-20,80.28703308105469,80.70659559628412,79.84372265585401,80.12079167160444,2114600
2021-08-23,79.83580017089844,80.80950670237532,79.77246838811188,80.52451971948702,2782500
2021-08-24,79.6616439819336,79.76455964300075,78.88585075047367,79.64581405542789,2627700
2021-08-25,80.14452362060547,80.53242620505591,79.36873053100531,79.7882929626779,2213600
2021-08-26,80.15245819091797,80.461193102259,79.80413940288126,80.16828811780528,1723800
2021-08-27,80.82533264160156,81.07074177788208,80.23161079647768,80.59575947006222,2994400
2021-08-30,81.59322357177734,81.6803032692647,80.58785711849377,80.82534226101703,2371300
2021-08-31,81.53780364990234,82.03652784746713,81.29240054247937,81.56155155840764,3876900
2021-09-01,81.98110961914062,82.02069349094526,80.96782531331074,81.65654482101584,3051500
2021-09-02,83.6277084350586,83.63562641818281,82.25027531436888,82.32943702665652,4366400
2021-09-03,83.99185943603516,84.11060502753378,83.10523857076905,83.46938728895358,2961300
2021-09-07,83.96018981933594,84.31642657803543,83.19230853996642,83.35855598448369,6390600
2021-09-08,82.07610321044922,83.34270852981638,81.02323508511724,83.10522342973849,6060200
2021-09-09,81.20532989501953,82.06820287827946,80.92826086551644,81.75946795402574,4824600
2021-09-10,81.98902893066406,83.08939294058291,81.54571854958911,81.65654614485786,3944000
2021-09-13,81.2132339477539,82.59858500031143,80.80950741812893,82.17111056184396,3780700
2021-09-14,80.71450805664062,81.53780310400228,80.56409658424585,81.21323225086641,3155000
2021-09-15,82.32943725585938,82.36902113193915,80.70659497101308,80.83325854274713,5166000
2021-09-16,81.40322875976562,82.32943343640892,80.77784099255783,82.02861652697342,4113700
2021-09-17,80.6353530883789,81.3003187362573,80.54827339073032,80.84117837733484,8748200
2021-09-20,79.94664001464844,80.19204920061757,79.02835318221408,79.6933188843577,6580100
2021-09-21,79.56665802001953,80.88867742483887,79.3924986177747,80.32662137919087,3893900
2021-09-22,79.56665802001953,80.26328958934695,79.40832854540973,80.23954167806845,3768100
2021-09-23,80.31077575683594,80.76992211852732,79.55873047171995,79.93079714275775,4029000
2021-09-24,80.60368347167969,80.80950875112866,80.03370949145263,80.23161678793971,3523800
2021-09-27,81.1499252319336,81.56948781525888,80.4453756033963,80.4453756033963,4414900
2021-09-28,78.87393188476562,81.18197205120428,78.63351511023363,81.18197205120428,6281700
2021-09-29,79.7314224243164,79.93978849728991,78.79378426724668,78.96207782511503,3172600
2021-09-30,75.96484375,79.5631345281913,75.62825661031162,79.47497988005274,7261300
2021-10-01,76.99864959716797,77.17495888714545,75.99689782612094,76.26937137302609,4585000
2021-10-04,77.0868148803711,77.69587563899044,76.46172266724635,77.09482449341536,4091500
2021-10-05,77.24707794189453,77.69586075473691,76.7502068889567,77.42338722242754,4250200
2021-10-06,77.44744110107422,77.64779147770453,76.22129777437007,76.54986921265548,3309000
2021-10-07,76.65404510498047,78.46521398030026,76.48575154474653,78.07252289221361,4343700
2021-10-08,76.41361236572266,77.13487475510523,76.27737561278558,76.86240124923107,3976300
2021-10-11,76.22929382324219,76.69410193023856,76.01291204838259,76.37354630174636,2840200
2021-10-12,76.59794616699219,77.15090896730054,76.41362115741782,76.52581686265182,3168700
2021-10-13,78.11258697509766,78.26485518115031,76.29340257019601,76.59793898230132,4996100
2021-10-14,79.21853637695312,79.6272528504478,78.36905275074018,78.79379456384666,4477800
2021-10-15,78.8338623046875,79.92376875845622,78.58542369920565,79.65930481433415,3971000
2021-10-18,78.09654235839844,78.33696515750532,77.37528618948934,78.00838773967297,3826600
2021-10-19,76.76625061035156,78.16068751185448,76.70213702278153,77.09482204678356,4223900
2021-10-20,77.75196075439453,78.17670863023459,76.69411115617854,76.8624108298513,3778600
2021-10-21,77.35125732421875,77.66380948270881,77.07076806835045,77.43140235235873,3601900
2021-10-22,77.63976287841797,77.96834037643531,77.11084115119456,77.36728934619534,3310200
2021-10-25,77.36729431152344,78.11259788142188,77.09481464760616,78.11259788142188,3934900
2021-10-26,77.09481048583984,77.47147011357056,76.63801194276813,77.17495551538815,3150900
2021-10-27,76.02896118164062,77.53559377427914,75.9167654627318,77.47949591482472,3537100
2021-10-28,76.91049194335938,76.95055834410927,75.69235841346463,75.69235841346463,4754500
2021-10-29,75.76449584960938,76.99063912273586,75.58017082091213,76.76624768898826,5260500
2021-11-01,74.8669204711914,75.84463119860929,74.8508951327683,75.84463119860929,3513400
2021-11-02,75.34774780273438,75.50803173182634,74.45018225664624,75.02719217296388,3480000
2021-11-03,75.91675567626953,75.98086314009038,74.94705462266371,75.25960678699919,2463500
2021-11-04,75.10735321044922,75.74046115993976,74.77877564465183,75.66032222888457,2332400
2021-11-05,75.5721664428711,76.33349544784868,75.43592353648073,75.53209392083714,2784100
2021-11-08,74.44217681884766,75.99689751775051,74.36203790033059,75.79654716435407,4623600
2021-11-09,75.06727600097656,75.61222925801957,74.19375131285912,74.74671418256159,4050800
2021-11-10,75.63623809814453,75.78850627271169,75.21951219170484,75.4839760377829,3450400
2021-11-11,76.13313293457031,76.26936970504343,75.66030904379625,75.85264366765286,3580700
2021-11-12,75.94080352783203,76.88645748855387,75.90874673595239,76.50178210020606,3110200
2021-11-15,76.421630859375,76.55786761724787,75.99688913529674,76.1331258931696,2543100
2021-11-16,74.58641815185547,76.40559639810269,74.51429497024962,76.23730286014906,3960000
2021-11-17,75.00315856933594,75.25159717583034,74.41012320990612,74.57040716800054,5320300
2021-11-18,73.36829376220703,74.86691032712555,72.91149525144577,74.73868929449081,5606700
2021-11-19,72.4466781616211,73.6006918667022,71.7013747140322,73.6006918667022,5700900
2021-11-22,71.94981384277344,73.25610198574249,71.40486066794995,72.75923093645403,8059100
2021-11-23,71.84564971923828,72.31847369588358,71.61324253752483,72.12613903709638,6103400
2021-11-24,72.15016174316406,73.01567665874826,71.81357464739476,71.97385246989244,5066500
2021-11-26,71.06829071044922,71.32473896553222,70.54737847269067,71.25261575982545,2668800
2021-11-29,70.0024185180664,71.09232502721032,69.49753778344267,70.61148535887226,7245500
2021-11-30,68.87244415283203,69.68987096037213,68.63202126662189,69.14491771727607,7378500
2021-12-01,69.61774444580078,71.17245906279929,69.44945087915595,69.70589909226346,6109900
2021-12-02,70.39508819580078,71.22854629261859,69.97836220449527,70.23481037934638,5763000
2021-12-03,71.62924194335938,71.73342801956154,70.48323790457992,71.02819100233951,7368200
2021-12-06,73.24006652832031,73.56864400605632,72.13413490205663,72.17420129974185,6774300
2021-12-07,72.45469665527344,73.91324682073974,72.34249484481583,73.21602546757578,6151000
2021-12-08,72.0379638671875,72.95156087906564,71.76549035433572,72.78326733626774,5111100
2021-12-09,71.72541809082031,72.2623555074425,71.49301097447484,71.75747487730315,4594000
2021-12-10,72.15817260742188,72.58291431121312,72.00590440636215,72.00590440636215,4885900
2021-12-13,73.46446228027344,73.97735866905239,71.86165953678739,72.01392775396488,8055600
2021-12-14,73.66481018066406,74.2097633399483,72.72717207422426,73.27212523350849,10371700
2021-12-15,74.3139419555664,74.69059541398973,73.57664814534786,73.72891634216577,6460800
2021-12-16,75.63623809814453,75.78850627271169,74.32995642886446,74.39406998807227,6832400
2021-12-17,74.89096069335938,75.8526460715346,74.49025998100495,75.26762034124576,10263400
2021-12-20,74.41812133789062,74.5062759654437,73.5445907869209,74.37804882929144,4284500
2021-12-21,74.56239318847656,75.15542856180068,74.43416601899676,74.9390528560635,4583500
2021-12-22,75.47216796875,75.5046551056531,74.2618145038701,74.41615629277408,4877400
2021-12-23,75.48841857910156,75.95143779153618,75.25284653102494,75.54528037019107,2926800
2021-12-27,75.98392486572266,76.00016843435054,75.22847187639255,75.43967545337459,2036600
2021-12-28,76.2438735961914,76.47944565034084,75.78085437182064,75.86208461868961,2622100
2021-12-29,76.60131072998047,76.91811309969583,76.15453497911423,76.31699550808091,3238600
2021-12-30,76.56879425048828,76.94245831219173,76.52817603178289,76.73125473036977,2973800
2021-12-31,77.16990661621094,77.3242484126338,76.39821002903689,76.52817717539024,3219400
2022-01-03,77.76290130615234,77.81976309628287,76.71501443305809,77.08055362711572,4790300
2022-01-04,78.2584228515625,78.74581680160749,77.60044969546189,77.79540355699697,5372400
2022-01-05,77.94161224365234,78.8514071635314,77.56794813302457,77.98223046767595,7180700
2022-01-06,79.12760162353516,79.31443058996199,78.07971460269165,78.77018106519347,6279600
2022-01-07,80.53290557861328,81.01217463329257,78.85141383968512,79.1113543820204,4764500
2022-01-10,81.45893096923828,81.55641098089504,80.20796537492673,80.98778687576957,7067300
2022-01-11,82.03569030761719,82.06005876607904,80.49229056449352,81.32898022233718,6473300
2022-01-12,82.4012222290039,82.78301120872551,81.3614601891063,82.01130836530699,4812200
2022-01-13,82.9373550415039,82.96172349837501,81.88134932643818,82.311875257751,6696800
2022-01-14,83.97711181640625,84.10708517470549,82.40122513058832,82.93734973989562,5576100
2022-01-18,82.63679504394531,84.15581989534546,82.42559144094061,83.8471424736237,7123400
2022-01-19,82.44184112548828,83.1241888944641,82.3849793278629,82.70178165712879,6510600
2022-01-20,82.87236022949219,83.4897212653804,81.78386127954226,82.09253869875106,5589700
2022-01-21,83.60343933105469,84.2776621153705,83.12417656465419,83.37599217429037,5423700
2022-01-24,81.70262908935547,83.66030465490635,80.26482833446624,83.24602854364106,8974600
2022-01-25,82.9698486328125,83.37600610847635,79.8261875400847,80.97155459624294,6006400
2022-01-26,82.35247802734375,83.54658185953774,81.6945049759187,82.70177366398913,6340300
2022-01-27,83.0592041015625,83.91213728281645,82.37686251453636,82.93735561888747,7345900
2022-01-28,84.0908432006836,84.22894145604478,82.36061454087563,82.85612716974732,5520300
2022-01-31,83.54659271240234,84.18832227692533,83.12419165849259,83.23791525752489,8025800
2022-02-01,83.87151336669922,84.19644056596752,82.87236331350657,83.58720439139101,8047800
2022-02-02,84.39952850341797,84.61885082331835,83.59533840048782,83.66844377463077,7527700
2022-02-03,84.32640075683594,84.62695947587257,83.70092106285958,84.56197280189649,3815500
2022-02-04,84.14769744873047,84.77318339181252,83.42473768410792,84.00960540323422,6374500
2022-02-07,84.13959503173828,84.56199613419079,83.4247538157035,84.14771372012264,5195700
2022-02-08,84.35890197753906,84.69195406468893,84.0177312034862,84.55385582021627,5953100
2022-02-09,84.5619888305664,84.91940940771336,84.27767982486839,84.67571243284561,4226000
2022-02-10,85.34992218017578,86.46279577061097,84.44825218884979,84.97625808788753,7008300
2022-02-11,87.69750213623047,88.19301464348374,85.219945797434,85.33366936983934,8674300
2022-02-14,88.73728942871094,88.88350637753915,87.54318537952591,87.73002055760092,9409900
2022-02-15,89.08659362792969,89.86641536358663,88.59920581782814,88.82665304937737,6564500
2022-02-16,90.62996673583984,90.95489391235549,88.78601477012947,89.08656729549334,8577200
2022-02-17,90.89804077148438,91.24733643492169,89.88264712166321,89.91514046215401,6320400
2022-02-18,90.66246795654297,91.36918416210477,90.31317229597394,90.57311282029478,7870300
2022-02-22,88.20928192138672,90.30505608611783,87.35635489909258,90.10197733831376,7944500
2022-02-23,88.20928192138672,88.85101150814414,87.73814393655967,88.68042610368532,5268000
2022-02-24,83.49784088134766,86.37343608060674,82.1900135286416,86.19472582906128,10355000
2022-02-25,85.48800659179688,86.08912399736225,84.09894904739633,84.31827751083695,6634400
2022-02-28,82.10066223144531,83.4815950073783,81.28834737560932,82.9211019711314,10381600
2022-03-01,82.4012222290039,82.98608992581397,81.58890736065007,82.10066349662357,5000500
2022-03-02,83.29476928710938,84.06646595105302,82.05192850114061,82.40122415057705,5426100
2022-03-03,83.24604034423828,83.74154677123934,82.55556766597677,82.55556766597677,4584600
2022-03-04,81.06902313232422,82.09253536376482,80.6222474934229,82.07629179392768,7054400
2022-03-07,75.7077407836914,79.2738024437217,75.09850465228573,79.0788486169636,14334100
2022-03-08,76.3332290649414,78.27466110181692,75.30158571297925,76.5119393273267,11529300
2022-03-09,76.20326232910156,78.03909582375582,75.82959820142347,77.34862936614475,6427300
2022-03-10,74.64360809326172,76.21950082259187,74.40803605246194,75.48841624725982,8099400
2022-03-11,72.1904067993164,75.0741201531564,72.10105169001032,74.95227171342366,8629800
2022-03-14,72.77529907226562,73.5794953976731,71.78427996184091,73.01899605526275,16030300
2022-03-15,75.26911163330078,75.50467753189965,73.60386338753082,74.1887311850202,8224500
2022-03-16,76.1707534790039,76.76374598972664,75.40718180724805,75.54527383115955,6299100
2022-03-17,75.81336212158203,76.23576320407814,75.48843487486947,75.95145418725656,6728800
2022-03-18,76.2763671875,76.9262153620784,75.72399283049954,76.511939242431,9667800
2022-03-21,76.47132110595703,77.16991238757907,75.86208495552877,76.80437317631036,4593800
2022-03-22,76.07327270507812,77.51106699361165,75.95954914315884,76.59315361598613,5860200
2022-03-23,75.12650299072266,76.68254731728581,75.0524086329397,76.3367610850078,5038800
2022-03-24,76.22148895263672,76.63314096951468,75.19235891044184,75.29115137445332,4587100
2022-03-25,76.9377670288086,76.96247142855886,75.77691149302252,75.94980460340291,3162600
2022-03-28,75.80159759521484,76.73192883634877,74.92066258312721,76.41907558353732,4097200
2022-03-29,77.08595275878906,77.08595275878906,75.83453341821381,75.87570113153933,6964600
2022-03-30,77.34117126464844,77.37410417478407,76.4026053103694,77.13534528728356,3935000
2022-03-31,77.34117126464844,77.86808526419772,76.98715033232843,77.20943962410594,6599300
2022-04-01,79.67935943603516,79.8193196073279,77.87632168137948,78.18094642005572,5687000
2022-04-04,79.26771545410156,79.50647438996471,78.5432101282942,79.02895651823842,5176200
2022-04-05,78.75727081298828,79.88519337546195,78.55144479428151,78.55144479428151,3623500
2022-04-06,81.5235595703125,81.59766019682519,78.63376704384966,79.67936036333167,7381500
2022-04-07,82.0587158203125,82.43743494185159,80.66733620192818,80.72496723604692,8385400
2022-04-08,82.38802337646484,83.1125285679001,82.22336510428289,82.40448669115887,5086200
2022-04-11,83.35131072998047,83.69710324819965,81.98462910164288,83.05492073225672,7200300
2022-04-12,82.73383331298828,83.27721707383724,82.19045583345158,83.18665311369574,5320100
2022-04-13,83.318359375,83.63944742127116,82.59385414159776,82.59385414159776,6708300
2022-04-14,83.78765106201172,84.00994667478996,82.95611848753282,83.15370970231567,4370000
2022-04-18,83.19486999511719,84.18283226219809,83.05490354421015,83.5571194763477,7424800
2022-04-19,84.45453643798828,84.5451003918712,82.88202258539569,83.28544611862388,6603900
2022-04-20,84.84147644042969,85.52481396027892,84.21576366579457,84.21576366579457,5796800
2022-04-21,86.49632263183594,87.05616964452436,83.9193831823808,85.1049430401472,5835500
2022-04-22,84.54508209228516,86.61157042207863,84.4627466747134,86.58687230933128,4139900
2022-04-25,84.41336822509766,84.5533284143459,82.52800108553173,83.91938702219622,4580300
2022-04-26,84.61094665527344,85.04730303785163,84.07580409715209,84.43805357446811,4614700
2022-04-27,83.72178649902344,85.02260205655385,83.65592067093526,84.8826418828498,4259400
2022-04-28,84.31456756591797,84.89911266540867,83.1125381711217,83.97700990323833,4399800
2022-04-29,82.33041381835938,84.76739331362536,82.15752070309827,84.48747292167273,4911100
2022-05-02,81.15306854248047,83.47478538566172,79.44059485183756,83.47478538566172,7263500
2022-05-03,81.49886322021484,81.9763810595591,80.21451095841695,81.4165340744375,3839600
2022-05-04,82.79145812988281,82.85732396527345,81.02958786170963,81.25188348582512,3562100
2022-05-05,82.14102935791016,83.60651561222637,81.62235014943487,82.14926415587941,4072600
2022-05-06,81.45769500732422,82.0257704628183,80.66732396729321,81.49885643613096,3384400
2022-05-09,82.22337341308594,83.97700868614221,80.14040899976561,81.07074654740609,7282300
2022-05-10,81.40829467773438,82.80791520214699,80.79081669731109,82.00107454395047,7091500
2022-05-11,85.31076049804688,86.22462841652182,81.91874584596708,81.959913557409,8132100
2022-05-12,85.10494232177734,86.60335544877893,83.79588560965807,85.67301784773572,7908500
2022-05-13,85.97762298583984,86.2987109911057,84.75913050026712,85.45070901405434,2816100
2022-05-16,87.19612884521484,87.78890244340832,85.72241394514431,85.92000514454215,5423700
2022-05-17,87.5172119140625,88.06882405000074,86.86680104339823,87.94532720192083,4199300
2022-05-18,87.41841888427734,88.10176271111212,86.61157820130323,88.09352791235321,5819500
2022-05-19,82.74205017089844,86.5951130569748,82.21513612505132,86.44691808899836,9297700
2022-05-20,83.27720642089844,83.77118759764437,82.0257807397432,82.89025251003216,5077000
2022-05-23,84.72621154785156,87.05615692610962,83.64767911430211,84.88263502528484,6296700
2022-05-24,87.78067779541016,87.87124174106602,84.6191870591312,84.6191870591312,6116800
2022-05-25,89.38612365722656,90.40701895700691,87.36079637547822,88.15116753801574,6839900
2022-05-26,88.97445678710938,90.29174183843843,88.90036244733645,89.62486765523978,4623500
2022-05-27,88.06884002685547,89.43552155795827,87.20436821478008,89.41082344012385,6977000
2022-05-31,87.4760513305664,88.27465722772347,86.50455234453685,87.4101855020499,7741200
2022-06-01,87.07263946533203,87.71481562948937,86.13407333597723,87.66541939572696,6407200
2022-06-02,87.44312286376953,87.57485452750258,85.00614361651118,87.02323603725975,5823000
2022-06-03,86.87503814697266,88.06883275465806,86.87503814697266,87.44311993550265,5991600
2022-06-06,87.57484436035156,88.68630344848876,87.27845443267356,88.05235588266773,5633100
2022-06-07,87.5007553100586,87.61601737703155,86.37283275735012,86.97384120923604,4629300
2022-06-08,85.2448959350586,86.59511397705182,84.87440537052558,86.14229426972625,8555300
2022-06-09,83.72178649902344,85.70594589001868,83.65592067093526,85.55775091747584,3625700
2022-06-10,84.24871063232422,85.10494765589306,82.49506886738243,82.78323032938766,3819000
2022-06-13,81.09544372558594,83.80411463017755,80.67555692823967,83.44185886138384,4297800
2022-06-14,81.4823989868164,82.37979734392175,80.74142412053472,81.4823989868164,4013500
2022-06-15,80.85668182373047,82.61855181013533,80.5849900071784,81.99283903661532,5760600
2022-06-16,80.90606689453125,81.17775867361622,79.25123067205355,80.06629972799853,5581100
2022-06-17,80.64263916015625,81.6388427114368,80.51914856243008,80.6838068802731,12262300
2022-06-21,82.41272735595703,82.45389506758839,80.42033322669272,82.33039821400521,6843000
2022-06-22,81.65528869628906,82.44565976051155,80.03337885646664,82.10810839619766,5006900
2022-06-23,83.62298583984375,83.86997954885655,81.78701518216967,81.91874683532609,5619700
2022-06-24,85.12963104248047,86.24109013642523,83.15370027473936,83.9770042378556,6048700
2022-06-27,84.56155395507812,85.58244916680032,84.33102983771936,85.22842819191045,5446800
2022-06-28,84.3392562866211,85.52480967013578,83.83704038867769,84.79206967765647,5036600
2022-06-29,83.04666900634766,84.5368470975337,82.83260822751808,83.8782014463552,2805300
2022-06-30,82.31307983398438,82.57984265550336,81.43776730718494,82.24639389870015,4591700
2022-07-01,83.13004302978516,83.33011355222791,81.66284435824144,82.2380542654075,3283900
2022-07-05,81.76287078857422,82.58816713752599,80.79585174525593,82.34641237669642,3464500
2022-07-06,79.19527435302734,82.5131423296413,78.97852761080476,82.32974172930882,8146500
2022-07-07,79.18694305419922,79.85385322924296,78.16157613321843,79.22028919896408,5858200
2022-07-08,78.26992797851562,79.33697892024989,78.21157382889345,79.10356232176119,3108900
2022-07-11,77.71975708007812,78.84516252563489,77.56970259666208,78.51170741136285,3065000
2022-07-12,78.19493103027344,79.02022753516653,77.61972109891863,77.7614374599364,3736200
2022-07-13,75.56897735595703,78.42834427299736,75.49394693509403,77.98651895499187,6290100
2022-07-14,74.7103271484375,74.92706754195697,73.58491547074274,74.40188008979224,5867400
2022-07-15,75.17716979980469,76.04415056221288,74.87706082973541,75.61899512792684,5170900
2022-07-18,74.61861419677734,75.77736546160332,74.37685946640082,75.17714769792717,4136800
2022-07-19,76.21922302246094,76.25256917461564,75.21052577026182,75.69403543631276,5459600
2022-07-20,74.88539123535156,76.4026058230954,74.69365249530556,76.01079657700811,4936000
2022-07-21,78.01986694335938,79.19529489946545,75.23553015449218,75.26887630503361,6650400
2022-07-22,79.9705581665039,80.1122745056532,78.42833560722114,78.42833560722114,5307600
2022-07-25,79.8955307006836,80.34569411234324,79.33699708922926,80.02891527900945,5358000
2022-07-26,80.47074127197266,80.5624415803462,79.46204423999045,80.02891598260564,4671700
2022-07-27,80.8292007446289,81.39607246175399,79.31198620175388,79.82884188387946,6309300
2022-07-28,81.00426483154297,81.396074073803,80.2039764550684,80.77084818342038,5447900
2022-07-29,80.98760223388672,81.02094838092572,80.07060545075986,80.37071441398352,4267400
2022-08-01,82.09632873535156,82.70487836147451,81.00426321045198,81.23767985390334,5315900
2022-08-02,82.23806762695312,82.72990906622948,81.78790410822165,82.44647631006242,4740600
2022-08-03,82.37141418457031,83.18837870648903,81.96293510367387,82.27971389047354,3450100
2022-08-04,81.69617462158203,82.34640846319488,81.34604968534835,82.11299183903908,3252300
2022-08-05,81.36273193359375,81.58781682687875,80.92090663360158,81.58781682687875,2346500
2022-08-08,81.39607238769531,82.13800658677017,81.18766376188493,81.87124380013795,3938300
2022-08-09,81.17098999023438,82.1046565187539,80.92089710716594,82.01295621897056,1952500
2022-08-10,81.80455780029297,81.97128852983079,80.6791524064525,81.37940875025731,3311100
2022-08-11,82.921630859375,83.68023500315952,81.937941822289,82.17969660836651,3825500
2022-08-12,82.7298812866211,83.41346128327726,82.25470990309334,83.18838277955406,3068100
2022-08-15,84.19709014892578,84.28879045888823,82.73822967604836,82.84659987867356,5789400
2022-08-16,84.79730987548828,85.18911914284512,83.97201342815546,83.97201342815546,3469200
2022-08-17,84.33881378173828,85.05574007057245,84.18042752731733,84.6555990108351,3041900
2022-08-18,83.78026580810547,84.40549167234506,83.43014085056163,84.31379137011315,2566800
2022-08-19,83.47181701660156,83.72190990112819,83.23006225759283,83.680225633665,2947600
2022-08-22,81.93793487548828,83.3134330575273,81.56279553849959,83.07167829194609,3190900
2022-08-23,81.52944946289062,81.84622825534304,80.32901385338519,81.23767232548933,3319500
2022-08-24,81.39607238769531,81.63782715685055,80.91256284938486,81.24601792270677,2423900
2022-08-25,81.85457611083984,81.97961620158908,81.30437427103641,81.64616747942219,2358000
2022-08-26,80.48743438720703,82.31309009066284,80.42908021148249,82.19638173921372,2938100
2022-08-29,80.22899627685547,80.77919819420212,79.79550906086855,80.19565012791377,2293000
2022-08-30,79.603759765625,80.57911700281237,79.34533509566708,80.22898566529874,2178400
2022-08-31,79.603759765625,80.27900806215884,79.37034311403376,79.62043601795395,3959700
2022-09-01,80.42906188964844,81.12931183882537,79.48705080452133,79.57041298511953,3451400
2022-09-02,78.80348205566406,81.28771609878739,78.44501890353853,80.77919845600168,4077600
2022-09-06,78.44501495361328,79.46205018797413,78.18659026164947,79.17027934863961,4130500
2022-09-07,78.87017059326172,79.14527153970991,77.96984369222798,78.50336933133079,3965000
2022-09-08,79.7121353149414,80.02057601772283,78.43666915326848,78.67842392795968,3641700
2022-09-09,80.91255950927734,81.58780775391448,79.67878405708151,80.08726316597225,3418600
2022-09-12,81.4127426147461,81.8879139920252,81.06261131559882,81.27935805123741,3675600
2022-09-13,78.37830352783203,81.02926117553204,78.15322503817741,80.82919070026952,3196400
2022-09-14,78.1115493774414,78.77012138951442,77.60303182837399,78.71176722946372,3498600
2022-09-15,78.39498138427734,78.76178256321464,77.64470913650827,78.21991891981887,3661200
2022-09-16,79.66210174560547,79.82883244276266,78.38664212295045,79.6037475916319,10447000
2022-09-19,79.96222686767578,80.06226530627163,78.61174292733088,79.09524614689307,4048000
2022-09-20,80.03726196289062,80.63747990927968,79.27031327576715,79.62877641818686,3616700
2022-09-21,80.37904357910156,81.25436242019457,80.09561087863459,80.18731118999202,5183800
2022-09-22,79.8538589477539,80.84588615513786,79.41203362820123,80.34570030797225,3802900
2022-09-23,76.5193099975586,79.32866049637434,75.54395917837195,79.19527592616434,5287900
2022-09-26,75.16881561279297,76.99447706396873,75.06878355089358,76.20252689334394,4482200
2022-09-27,73.5792007446289,76.20884183923367,73.41855184836672,75.65924366367435,7067800
2022-09-28,73.85823059082031,74.26409434857725,72.80130111341595,73.7990427981251,8287300
2022-09-29,72.7928466796875,73.98506627266885,72.38698935725806,73.66376202149672,4301400
2022-09-30,70.1885757446289,73.02114550241974,70.05328567272949,72.71674929163174,7259200
2022-10-03,71.89657592773438,72.24325192263834,70.80582383904164,71.16940786860589,4789500
2022-10-04,73.56230163574219,73.98507348422346,71.92194479931916,72.19251852430772,5483700
2022-10-05,73.53691864013672,73.95123314555359,72.88584653778243,73.01267935196697,4317100
2022-10-06,72.26860046386719,73.43544811478706,71.7274531662535,73.16487446598023,4963600
2022-10-07,71.57526397705078,72.38698502430735,71.21167998652055,72.0910460671282,3464600
2022-10-10,71.02565002441406,72.3785182584917,71.02565002441406,71.81200569343804,2717700
2022-10-11,72.39545440673828,73.30018591382718,71.03412852443819,71.03412852443819,5037300
2022-10-12,72.43770599365234,73.8835845226348,72.37851821004433,72.9281227441099,3901200
2022-10-13,73.75676727294922,73.91741616201638,71.02565874698286,71.16939960335336,4495700
2022-10-14,72.09104919433594,74.66150251431046,71.94730187948298,74.24718150530154,3534100
2022-10-17,72.35317993164062,73.0972561247337,71.93040804786314,72.80131709628685,3277100
2022-10-18,72.97886657714844,73.84977545926145,72.69138484755165,73.42700365621741,3480800
2022-10-19,73.11415100097656,73.68912086672728,72.50535861947753,73.29171437041623,4874800
2022-10-20,71.89657592773438,73.30018149102438,71.46534685755675,71.87121065025089,4846100
2022-10-21,73.14797973632812,73.5707515426514,71.39770471618922,71.99803990704997,6780800
2022-10-24,73.72293853759766,74.35709615148642,72.80975002536147,73.20715649555599,8413900
2022-10-25,74.83060455322266,74.99125989284998,73.62147701257184,73.84977093379219,5243600
2022-10-26,75.7437973022461,76.21729965434331,74.78832890478256,75.15191291113884,4749900
2022-10-27,75.7099838256836,76.33568435867652,75.3379425326133,75.69306933909687,7072200
2022-10-28,78.23814392089844,78.7539260042675,75.81988884342611,76.09046252232584,4278800
2022-10-31,77.6631851196289,78.04368364329005,77.18968272679152,77.83229772491818,3473800
2022-11-01,77.55326080322266,78.25506354650922,77.03747868596248,78.00985512592769,3485300
2022-11-02,75.57467651367188,77.6969925275828,75.46475817985414,77.45178413584938,4691500
2022-11-03,74.69532775878906,75.34640002380418,74.55158687726134,74.9151709282345,3331700
2022-11-04,76.0820083618164,77.09665800000495,75.31256066625178,75.68460187738062,2990500
2022-11-07,76.85990142822266,77.26575867448592,76.20037856480639,76.47940300249314,5069500
2022-11-08,78.2127914428711,78.2888872786123,76.40332845962304,77.11358206381996,4176700
2022-11-09,76.91910552978516,78.55946224646296,76.86837497598637,78.25506602169828,3119500
2022-11-10,78.84693908691406,79.1344208085595,77.51097867800917,78.64401043334168,5452900
2022-11-11,79.87850189208984,80.17444085065931,78.14513499749157,79.01604384027546,4019100
2022-11-14,79.42192077636719,80.63950578059975,79.37119021818634,79.94616019785322,5715100
2022-11-15,80.04759979248047,81.35819476833348,79.41344218177447,80.90160051450698,4242700
2022-11-16,80.08143615722656,80.8255122268005,79.80240521201661,80.54648773257648,2820200
2022-11-17,80.4619369506836,80.66486562071066,79.04987415032453,80.28436710705054,2803000
2022-11-18,81.40894317626953,81.6879741344437,80.69023234996114,81.17219198181371,3833900
2022-11-21,81.93317413330078,82.40667647344503,81.21446338101453,81.68796572115878,3271900
2022-11-22,82.15302276611328,82.49969230234318,81.96700213404485,82.29676363598944,2862900
2022-11-23,82.95629119873047,83.37060579684221,82.1783925591368,82.39822927185696,2979700
2022-11-25,83.07466888427734,83.35369985472084,82.66035427576175,82.87174020167595,1299000
2022-11-28,82.5504150390625,82.96473602615745,81.83170430675415,82.28829860105232,3623700
2022-11-29,82.68570709228516,82.77871740174777,82.0346349260469,82.71107236741395,2859700
2022-11-30,84.27532958984375,84.4528929728339,81.7894357769961,82.82099355660749,5873600
2022-12-01,86.63441467285156,86.81197809201697,84.46982466665949,84.60510831655296,7797700
2022-12-02,88.19020080566406,88.19865159702577,85.60283298112869,85.83113336761,5847300
2022-12-05,87.49685668945312,88.03800409050464,87.09945015565276,87.3531093712161,17092500
2022-12-06,85.93260192871094,88.01263860866737,85.42527701059727,87.44612589095689,7233700
2022-12-07,86.14398956298828,86.45684305336046,85.52674627648003,86.3384674518113,7894400
2022-12-08,86.29618072509766,86.38919104038126,85.40836378509854,86.00869898766535,5086400
2022-12-09,86.32154083251953,87.02334355091047,86.15243469721389,86.37227783389966,5723600
2022-12-12,86.75276947021484,86.93879008879837,85.92414037959712,86.41455075015259,7695600
2022-12-13,86.51602172851562,87.78433714075011,85.24770631628114,87.4714836833774,8753300
2022-12-14,86.63441467285156,87.15865413728305,85.94106903330648,86.88808038650905,7866400
2022-12-15,85.62820434570312,86.49911974181664,84.39371136561154,86.211631540433,4969000
2022-12-16,84.7911148071289,85.7634912789693,84.13159180304172,85.00250071618177,11412000
2022-12-19,85.07015228271484,85.77195510285605,84.49518230793439,85.07860952600196,4467700
2022-12-20,85.3322525024414,85.72965899837054,84.76573987891852,85.22233416460399,4261400
2022-12-21,86.07723999023438,86.14574712355437,85.36649971493878,85.54632604000392,5615900
2022-12-22,86.36841583251953,86.41979293006268,85.28088602437748,86.06870520818174,3112500
2022-12-23,87.07915496826172,87.1647856341632,85.89742956593783,86.09438597739215,2493500
2022-12-27,87.92691040039062,88.20093245348117,87.10484424111901,87.41311986749601,5468100
2022-12-28,86.43690490722656,88.32937049162663,86.37696279489535,88.2009212414311,2393500
2022-12-29,86.6510009765625,86.90789299167255,86.31703678367839,86.56536377165767,2361400
2022-12-30,86.66810607910156,86.83937391931227,85.88885863904312,86.53965683224355,2858700
2023-01-03,86.74519348144531,87.2932376000096,85.7946780341726,86.9250198453616,2730000
2023-01-04,86.68522644042969,87.12194468445236,86.21424809899425,86.92499485672434,5895500
2023-01-05,86.33415222167969,86.5653556669524,85.42645542684484,86.13719581532074,3590200
2023-01-06,88.62053680419922,89.28846522196672,87.19904929285845,87.43025277085421,5815700
2023-01-09,87.60151672363281,89.4254755159134,87.58438666931947,89.05725774659462,4864200
2023-01-10,87.50730895996094,88.04678799882663,87.16477978613484,87.87552667851388,4275100
2023-01-11,87.39598846435547,88.16667751839408,86.49685667897792,87.61863342067795,4561600
2023-01-12,86.86508178710938,87.82415577285627,86.56536463336192,87.7984672244097,4109100
2023-01-13,87.08773040771484,87.22474472637919,86.66813548990935,86.7794547239224,2772100
2023-01-17,86.68522644042969,87.73849577389535,86.42832797542866,87.44735027788025,4283900
2023-01-18,84.99829864501953,86.83938738016876,84.47594308450739,86.49685817985245,4271700
2023-01-19,86.6510009765625,87.30179930806916,85.83749326237695,86.15433393420098,4645400
2023-01-20,87.19046783447266,87.32748211650329,86.39409028647114,86.9335693222655,4806500
2023-01-23,86.61674499511719,87.6871446946782,86.46260717705235,87.34461548417842,4815900
2023-01-24,86.74519348144531,87.25898402594919,85.9745043980889,86.63386773244864,3604500
2023-01-25,88.56059265136719,89.10863680382587,87.58438859647504,87.77277999885801,12289900
2023-01-26,89.33126068115234,89.35694922391811,87.72994067235179,88.27798469535516,4156200
2023-01-27,88.85173797607422,89.44259415359456,88.6804701082993,89.32270991275269,4133400
2023-01-30,88.91166687011719,89.56246507124662,88.41499992725512,88.47494203875915,5358300
2023-01-31,89.26276397705078,89.28845252281876,88.46638639223941,89.23707543128282,3540400
2023-02-01,90.2475357055664,90.44449211782067,89.07437532502816,89.48541166950612,3791700
2023-02-02,88.63765716552734,89.72518034904866,88.04679446064353,89.56247750957026,4378700
2023-02-03,87.8498306274414,88.86028808577484,87.16477882057838,88.80034597100932,3530500
2023-02-06,87.1819076538086,87.91834312765033,87.05346492376718,87.8155889436172,2888700
2023-02-07,87.515869140625,87.65288342607822,86.14575895209637,86.4283460159431,3939200
2023-02-08,86.73662567138672,87.19903910656245,86.53111076682008,86.64242997904346,3875000
2023-02-09,87.36172485351562,88.40643583637237,86.8222458442766,87.67856546521487,4108300
2023-02-10,87.65288543701172,87.7642046465958,86.4711665972699,87.49018260260347,3692500
2023-02-13,88.80891418457031,88.87742132767573,87.82414523533217,88.0211016384601,3787900
2023-02-14,87.09626770019531,88.68902271484399,87.01063704490026,88.62051557732786,3251400
2023-02-15,86.58248138427734,86.89075698467232,85.86316947228889,86.89075698467232,3035600
2023-02-16,85.88887786865234,86.71094408611539,84.8184781271846,85.8546242929412,2934300
2023-02-17,87.19046783447266,87.34460563515684,85.58914771254258,85.85461125067678,4433400
2023-02-21,85.61485290527344,86.993521715186,85.34938933577608,86.90789104540032,3871000
2023-02-22,85.28087615966797,86.67668145801498,84.98116556999867,85.56346322987083,3518000
2023-02-23,85.48639678955078,85.61484605054572,84.68145418496992,85.4007661266211,4327000
2023-02-24,84.41600036621094,84.95547944297527,83.43123137223071,84.67289236472683,3561600
2023-02-27,84.06490325927734,84.92978798432092,83.89364193280572,84.84415732108512,3862700
2023-02-28,83.31990814208984,83.95358288104974,82.66910335080088,83.65387229729849,4976500
2023-03-01,83.4997329711914,84.87840816453202,83.12295022522484,84.77564745203188,4220200
2023-03-02,84.22761535644531,84.53589100456061,83.20003421819536,83.23428126069568,3316400
2023-03-03,84.94690704345703,85.06679127233268,83.89363752787807,84.37317444338066,2465700
2023-03-06,85.71759796142578,85.72616298745204,84.56156770950558,84.73282903082686,3524800
2023-03-07,84.98973846435547,85.70904394615236,84.25330292830544,85.53778260282971,3682900
2023-03-08,85.41789245605469,85.53777669474044,84.86128332889885,84.94691399464567,3533100
2023-03-09,84.74140167236328,86.08582341847729,84.67289452439795,85.92312057535992,3775300
2023-03-10,84.21904754638672,85.34083088065113,83.88508336083052,84.76709167310466,3970800
2023-03-13,83.37985229492188,85.45214441969256,83.30278012396052,84.09059268711617,7568800
2023-03-14,83.36271667480469,83.70524584166643,82.65196979687664,83.65386875325733,6141300
2023-03-15,82.36083984375,82.55779627527242,81.17912085422057,82.20670201614166,7110400
2023-03-16,81.68434143066406,82.36939985233808,80.93934088708366,82.36939985233808,7200300
2023-03-17,81.1705551147461,81.76141787092844,80.02308317857185,81.54733791963938,18801400
2023-03-20,82.46359252929688,82.66910743499376,81.47025850755996,81.48738856073533,5109400
2023-03-21,81.94979858398438,83.3798575513013,81.63296445339425,83.02019828614301,4039600
2023-03-22,80.16204833984375,82.27089099587089,80.04055177703282,82.0018572173043,7748300
2023-03-23,78.33958435058594,80.27486232310382,78.28751628836069,80.0839372668567,5549100
2023-03-24,78.75615692138672,78.9644358130653,78.1747080957063,78.73012288756023,3897500
2023-03-27,80.36164855957031,80.70878444051696,79.4330638851511,79.54588685357183,6061600
2023-03-28,81.77622985839844,81.92376046270628,80.30090395212041,80.30090395212041,4558600
2023-03-29,82.20148468017578,82.76557980035139,81.87170253120685,82.29694723687017,4400100
2023-03-30,83.85035705566406,85.1868259333529,83.53793541562946,84.01524147268992,5053000
2023-03-31,84.39707946777344,84.49254198965873,83.91109326258685,84.30161694588814,3887200
2023-04-03,84.96117401123047,85.4037723724871,84.34501104061243,84.3710450699101,2962800
2023-04-04,84.64875793457031,84.96985976598891,84.07598276842889,84.65743815192376,3064600
2023-04-05,85.6901626586914,85.89844815791314,84.67479567898356,84.69214949338561,4728000
2023-04-06,85.94184112548828,86.7055414260091,85.69016776473178,85.69884798298312,3469400
2023-04-10,85.54265594482422,85.8203634002523,85.13477167130559,85.56868998422873,3254500
2023-04-11,85.60338592529297,86.52329043309543,85.55131785762613,85.96787564109394,2894200
2023-04-12,85.73356628417969,86.35840960645706,85.01326041982847,85.4558588766194,2978000
2023-04-13,86.56668090820312,86.63610940926561,85.61206219232592,85.79430704181523,2978800
2023-04-14,86.33236694335938,86.818353202753,85.88108831300855,86.71421045242599,2303900
2023-04-17,86.73157501220703,86.81835733107305,86.19351404153134,86.53196971985534,2844500
2023-04-18,87.93785858154297,87.9465321778407,86.56667556499156,86.65345787543,3071900
2023-04-19,88.09407806396484,88.44988755812113,87.73826194874201,88.07671762752803,4048100
2023-04-20,83.92845916748047,85.78562857181127,83.27758185415706,83.67678581180078,9046400
2023-04-21,84.8483657836914,85.26493018795529,83.62471984684942,84.99590301042926,4927000
2023-04-24,85.35172271728516,85.61207632872633,84.62274319895765,85.03930103198269,4099200
2023-04-25,85.64678955078125,86.30634054861787,85.04798022433775,85.34304146741192,4645800
2023-04-26,85.2215347290039,86.01126905796575,85.18682709836222,85.3864257693512,2489600
2023-04-27,85.75959777832031,86.05466561446133,84.57065945748542,84.93515579872629,4131000
2023-04-28,86.75759887695312,86.80966693795656,85.369062074647,85.6207354046065,3855100
2023-05-01,86.21955108642578,87.46923770915627,86.16748301750093,86.56668699508056,2340800
2023-05-02,84.10204315185547,86.16749175514055,82.80896192652082,85.96788643557679,3814600
2023-05-03,83.19080352783203,84.47519777994762,83.156089274928,84.08467402164403,3579900
2023-05-04,81.90638732910156,83.02589694678436,81.38568687510305,82.83497190206963,4466100
2023-05-05,82.9304428100586,83.31229293809939,81.74151120040348,82.01053836094158,2426800
2023-05-08,82.9304428100586,83.19079637391663,82.49652461767266,82.91308899563226,2278700
2023-05-09,83.0085678100586,83.51191460101536,81.98452041031472,82.63539782656547,2908200
2023-05-10,82.53123474121094,83.47717979627151,81.58529630721621,83.24286027630151,2667400
2023-05-11,82.47917175292969,82.49652556755582,81.37701582378189,82.0192195230752,3554500
2023-05-12,82.54861450195312,82.6093627952295,81.94112494812201,82.48786620867675,2229400
2023-05-15,82.44446563720703,82.8697036587002,82.01922761571385,82.78292133487443,2600100
2023-05-16,81.45512390136719,82.37502835383827,81.35966136900892,82.19278350689963,6273100
2023-05-17,81.13402557373047,81.98450818406974,80.8129303337478,81.59397781991811,5658000
2023-05-18,80.36164855957031,80.74349869071824,79.67605701549388,80.56125384296115,8395200
2023-05-19,80.8736801147461,81.38570043719902,80.74350332428746,80.81293182867428,4027000
2023-05-22,80.76954650878906,81.19478455946826,80.43109078789192,80.7521926912596,3062600
2023-05-23,80.65672302246094,81.3076003699732,80.65672302246094,81.12535550719778,7659600
2023-05-24,80.14468383789062,81.16005075603205,80.13600362068284,80.72613259056315,3737200
2023-05-25,78.76483917236328,79.71077773815963,78.65201619478138,79.58928116312279,5536100
2023-05-26,78.83425903320312,79.84095248173699,78.73012289788348,79.58059890130468,4777200
2023-05-30,78.28751373291016,78.63464958556776,77.31553466968201,78.36562244476431,7805300
2023-05-31,78.11396026611328,78.60862677490645,77.72342989323448,78.13999430009187,6644900
2023-06-01,78.24413299560547,78.76483351134891,77.77550054511649,78.22677255980979,4386900
2023-06-02,79.65003204345703,79.85831094729068,78.2788487993294,78.53920239492167,4689700
2023-06-05,78.14867401123047,79.39835398155857,77.74078982536878,79.39835398155857,4470500
2023-06-06,79.51117706298828,79.5892791645221,78.00113688933524,78.06188517532819,4457600
2023-06-07,80.05791473388672,80.19677174785161,79.05122124584175,79.71945903868084,5067700
2023-06-08,79.98847961425781,80.4397582512697,79.69341841557538,80.27486721608462,2712600
2023-06-09,80.35298156738281,80.44844411588237,79.58060758120806,79.92774351929124,3433800
2023-06-12,80.40505981445312,80.58730470025907,79.97114152794346,80.31827748136472,2817800
2023-06-13,80.96914672851562,81.02989501764515,80.23148041914251,80.30958914577586,3403800
2023-06-14,80.76085662841797,81.73283582047839,80.57861177135662,81.55927118167706,3046000
2023-06-15,82.21014404296875,82.46181076923966,81.09930790335679,81.31626700060608,4725200
2023-06-16,82.34900665283203,83.40776826402775,82.10601348719378,82.22751007001291,9547300
2023-06-20,82.28825378417969,83.87639611263364,82.26221974946188,83.10402218436043,5025700
2023-06-21,83.61605072021484,83.80697582161756,82.2795816314634,82.44447269559619,4877900
2023-06-22,84.15249633789062,84.53065077600714,83.27306803617834,83.73916396256497,5775900
2023-06-23,84.6889419555664,85.17262346049135,83.98539668176014,84.13489787185485,8867100
2023-06-26,85.10226440429688,85.41006964350103,83.8095105795593,84.61858291748486,3825700
2023-06-27,84.9175796508789,85.41006397521873,84.41630587592007,85.19899638928554,3345600
2023-06-28,84.60099029541016,84.79446557324928,83.73915441531463,84.56581907171642,2976400
2023-06-29,85.91134643554688,85.94652437009212,84.38113647560104,84.48667027923678,3143100
2023-06-30,85.84980010986328,86.36865962890008,85.48923125669724,86.03447926288516,3754900
2023-07-03,86.60609436035156,86.64126558491016,85.66510643004429,86.18396586109466,2061100
2023-07-05,85.70028686523438,86.25433099939895,85.33092858212838,86.15759334770372,3817800
2023-07-06,85.74424743652344,85.94651886983775,84.68014014527225,84.84723364629257,3091900
2023-07-07,85.92012786865234,86.62367307488972,85.51559172339236,85.7354487616535,4707800
2023-07-10,85.96410369873047,86.65005659845794,85.6563051808405,86.13119719822978,4123100
2023-07-11,86.71163177490234,86.71163177490234,86.02567875277309,86.28071377296318,3419300
2023-07-12,87.06340789794922,87.21290910931074,86.72922753558124,86.84355080729783,5605000
2023-07-13,88.3737564086914,88.50567200816157,87.11617355148725,87.30085270694303,5405700
2023-07-14,87.50310516357422,88.53203453863362,87.49430900298692,88.2682101065568,2938400
2023-07-17,87.01941680908203,87.3272220435125,86.10481739487513,87.19530647297154,4730500
2023-07-18,86.49178314208984,87.64383892645581,86.4214272587151,86.72923257110304,5936800
2023-07-19,86.86112976074219,87.45035181772332,86.16638731193079,86.19276908726472,7653900
2023-07-20,86.34227752685547,88.55843406429759,86.31589574930946,87.74936157519221,6553800
2023-07-21,85.7618408203125,86.65886140134278,85.48922020720778,86.65886140134278,4192900
2023-07-24,85.84980010986328,86.12242075820424,85.64752863207399,85.77944422980562,4414500
2023-07-25,85.47163391113281,85.74425452205875,84.2580186299681,85.51560129800518,4042200
2023-07-26,86.38623809814453,86.5885028339865,84.9351801748444,85.29574226067373,3869000
2023-07-27,86.69404602050781,87.02822636909355,86.35985896241641,86.62369014411955,4643200
2023-07-28,87.8197021484375,87.9076436280984,86.61488307761823,87.06339334624509,3888900
2023-07-31,87.69658660888672,88.10112280080054,87.22169454633438,87.57346719002186,4740600
2023-08-01,86.40382385253906,88.08353499735945,86.37744207908199,87.94282325958174,3380300
2023-08-02,86.1312026977539,86.5709168112454,85.31333417827955,86.0696429902453,2873600
2023-08-03,85.67388916015625,86.08722146609438,85.39247241923096,85.95530590108156,2309900
2023-08-04,84.60978698730469,85.85857343091891,84.51304934777777,85.54197873964985,2560300
2023-08-07,85.48922729492188,85.92014529866981,84.82085988435978,84.92639369955559,2303300
2023-08-08,85.43644714355469,85.69148211526732,84.5394266624269,85.13743808001063,2433500
2023-08-09,85.41007995605469,85.96411737640904,85.31334230511106,85.33972408091286,1829500
2023-08-10,85.16383361816406,86.54454249461358,85.12866239041873,85.74425951854454,2402400
2023-08-11,84.56582641601562,84.97915207060795,84.18767198817156,84.89121058472672,2642300
2023-08-14,84.29320526123047,84.86483502558374,84.17888199216213,84.57462206236512,2763800
2023-08-15,83.22030639648438,83.95902973539062,82.93888957916442,83.95902973539062,2689900
2023-08-16,82.6574478149414,83.85347060495528,82.41120901279223,83.04439833803535,3222100
2023-08-17,82.13859558105469,83.23788083586135,81.67249970653742,82.85972643982767,3385600
2023-08-18,82.98285675048828,83.24668793009508,81.93633490342172,82.02427639345545,2884600
2023-08-21,82.95646667480469,83.79192081079808,82.69263552159364,82.9828484482248,3093500
2023-08-22,82.69264221191406,82.92129544922936,82.05945276058277,82.61349688525038,2459400
2023-08-23,82.94768524169922,83.0180411229816,82.4376151666611,83.0180411229816,2458800
2023-08-24,82.73660278320312,83.74794650763866,82.5871016065008,82.72780662295465,2713900
2023-08-25,83.60723876953125,83.66000231453009,82.71022495702762,83.27305846869749,2474700
2023-08-28,84.31958770751953,84.48668124091266,83.7831358777366,83.89746585721856,2659400
2023-08-29,84.64497375488281,84.88241644336345,83.77434161777983,84.4514984556365,2457500
2023-08-30,85.09346771240234,85.1374350931869,84.4866601558397,84.99673008137049,2574100
2023-08-31,84.4778823852539,85.70028721492997,84.42511883302507,85.30454715420241,3098500
2023-09-01,84.1436996459961,85.278162953197,83.61604401019474,85.07589149289534,2538600
2023-09-05,83.11475372314453,84.17006478617793,82.87730437278435,83.94141159570252,4328000
2023-09-06,82.27052307128906,82.81576434257411,81.83959835813744,82.79817872813183,4690700
2023-09-07,82.03307342529297,83.00923940688278,81.83080866702088,82.8245602630017,3531000
2023-09-08,82.37602996826172,82.4463858277824,81.61093180186249,82.1473834890756,4130900
2023-09-11,83.13236236572266,83.51931299381044,82.54314697077513,82.62229230315347,2482600
2023-09-12,83.06199645996094,83.5105067511509,82.71023052362112,83.334623782981,3071000
2023-09-13,83.76553344726562,84.05574635452936,83.2378778855617,83.54567640409695,4688400
2023-09-14,84.69771575927734,84.71530807810008,83.78310975610376,83.93261762808201,4214600
2023-09-15,84.24042510986328,84.69772480554076,83.7655330934841,84.11730570296918,6932700
2023-09-18,85.26936340332031,85.33092311322591,84.21405217365133,84.73291162721212,4557100
2023-09-19,85.58595275878906,85.89375128905733,84.99673747091768,85.29573984046264,3723200
2023-09-20,85.92894744873047,86.64128229980165,85.33973203588133,85.7970318479194,3765000
2023-09-21,84.35476684570312,85.40128874318937,83.90626321207125,85.06710838115869,3591700
2023-09-22,83.4841079711914,84.23162049790321,82.91247837682222,84.23162049790321,4903600
2023-09-25,82.42001342773438,82.87731314759867,82.10341873340339,82.32327578727185,4092700
2023-09-26,81.21609497070312,82.02763493000064,81.10907669359968,81.96520930266107,4184800
2023-09-27,80.5472412109375,81.24284296063351,80.32429158327172,81.05556608986016,4793100
2023-09-28,82.98185729980469,83.33857127455218,81.06448906806366,81.15366756175054,6932800
2023-09-29,82.56271362304688,83.71313460010097,82.25949856983387,83.71313460010097,5330800
2023-10-02,81.5193099975586,82.72323669812961,81.23392792536323,82.31301017517342,5299600
2023-10-03,80.50265502929688,81.59957027921793,80.34213101232997,81.17150396601177,4129500
2023-10-04,81.44796752929688,81.72442291723402,80.51157628052157,80.61859456160208,4151600
2023-10-05,82.02764892578125,82.33977711573526,81.35879988850081,81.86712488467857,5452600
2023-10-06,82.19708251953125,82.25950815483681,80.71670025204924,81.28745086166688,4987300
2023-10-09,82.32192993164062,82.34868280210566,81.40337842496193,81.92062326689793,2457300
2023-10-10,83.8736572265625,85.06866403020116,83.14238268006703,83.2493941527015,6983600
2023-10-11,83.07103729248047,84.27496398868507,82.6608107710121,84.13227295310492,3604200
2023-10-12,81.92951965332031,83.60609815900482,81.33200956752721,83.36531559001483,3660500
2023-10-13,82.27732849121094,82.3665069771569,81.17149349305737,81.40336299962279,3119200
2023-10-16,83.04427337646484,83.32072871626929,82.23273352830297,82.95508808915051,3682900
2023-10-17,83.2850570678711,83.31180993286773,82.27732726433193,82.66080087167555,2716600
2023-10-18,83.1245346069336,83.84688919069278,82.73214110272744,83.21371309319436,3842900
2023-10-19,80.91288757324219,82.81241608553725,80.44914850481392,81.56389672176992,6693300
2023-10-20,82.54488372802734,83.32075102981955,80.90397742101247,80.90397742101247,5591800
2023-10-23,81.08231353759766,82.35758559477117,80.74343257559181,82.32191284026284,4059500
2023-10-24,81.00205993652344,81.48363194625082,80.60074652647596,80.65425906347853,2915200
2023-10-25,80.28861999511719,81.48363355482022,80.19944150352927,80.67209363243974,4021700
2023-10-26,80.00324249267578,80.5115673647208,79.70003426901643,80.15484660450545,4297800
2023-10-27,78.00562286376953,79.99432988655,77.7915931097047,79.65544887562378,4321600
2023-10-30,79.71788787841797,80.17270713550907,78.66556510554865,78.74583052921618,3821600
2023-10-31,79.51275634765625,79.77137192140745,78.94199905654166,79.61084792163076,3487100
2023-11-01,79.37899017333984,79.87839517989937,78.95984376974184,79.86947528938711,4170400
2023-11-02,81.10016632080078,81.18934481942983,79.17387809177332,79.70895588743096,3600000
2023-11-03,81.61740112304688,82.53595935404572,81.47471689163118,81.59956814557606,3929900
2023-11-06,81.12690734863281,81.84926192714082,80.9574634632515,81.76008344152835,5216500
2023-11-07,81.40338134765625,81.64417079825404,80.80587787287249,81.17151178882827,3085200
2023-11-08,80.44022369384766,81.77792147237427,80.43131060745306,81.41228761759604,5185100
2023-11-09,80.08351135253906,80.62750900447666,79.90514756279066,80.62750900447666,5264800
2023-11-10,79.99433135986328,80.32429928986467,79.08469978542206,80.26187366028422,6008100
2023-11-13,80.26187896728516,80.74345105755492,79.75355400598103,80.14594759150835,7640200
2023-11-14,80.61857604980469,81.30525781838158,80.35995369949133,80.66316188710451,6202500
2023-11-15,81.80467987060547,81.81359295686141,80.5383208223496,80.8593688285122,6297800
2023-11-16,81.40338134765625,82.04547747740519,80.54725544261895,81.20718455202363,4579400
2023-11-17,82.00086212158203,82.20597875220061,81.18932909617214,81.73332667750621,3059700
2023-11-20,82.38435363769531,82.47353894233825,81.28744515097544,81.46580215249435,3466300
2023-11-21,82.75890350341797,83.01751908094461,82.25949171688724,82.64296534395852,3211600
2023-11-22,83.66854095458984,83.69529382287328,82.54487285950366,82.96401927296581,3508300
2023-11-24,84.13227844238281,84.19471087743489,83.7398916767019,83.82907017781649,2080100
2023-11-27,83.8736572265625,84.06984719435339,83.41883805621683,83.89149020404057,3478700
2023-11-28,83.96282196044922,84.26603015506267,83.42774427332542,83.8914764544642,2456500
2023-11-29,83.51692962646484,84.25712400323563,83.32073287080199,84.13226595554632,2627800
2023-11-30,83.25830841064453,83.85581177204051,82.72323067202302,83.85581177204051,4319400
2023-12-01,83.8736572265625,84.00742156735559,82.93726601771253,83.23156117522343,3197800
2023-12-04,82.87483978271484,84.53358563521057,82.4824462422457,83.65070697303801,5729500
2023-12-05,82.52703857421875,83.29398587097879,81.84034988103727,82.5091987930571,3606800
2023-12-06,81.24285125732422,81.48364068996749,80.39564530722888,80.9663958680289,5719600
2023-12-07,81.26068115234375,81.57280926419708,80.87720752810036,81.48363077565078,5511700
2023-12-08,81.43012237548828,81.5728134075161,80.85937185514283,81.4479621564332,3877500
2023-12-11,82.9283447265625,83.21371998857352,81.93844779811238,81.93844779811238,4270100
2023-12-12,82.83024597167969,82.95509722300807,82.18815673794073,82.76782034601551,4038200
2023-12-13,84.18578338623047,84.20361636329011,81.8046829216204,82.8302457976801,11393000
2023-12-14,84.42655944824219,86.12989779031828,84.42655944824219,84.67626193100295,8806900
2023-12-15,84.2392807006836,84.98839493608119,84.18577497097027,84.35521204968987,17596500
2023-12-18,84.61383819580078,85.23810122049579,83.9449893289806,84.64951095183042,4606400
2023-12-19,84.9616470336914,85.3897133423276,84.62276602543834,84.89922140575312,3897900
2023-12-20,83.17146301269531,85.05206741942766,83.14434003823443,84.74466451152456,4461900
2023-12-21,83.93092346191406,84.18408036863657,83.28898790615101,83.43364603941744,3617600
2023-12-22,84.03038787841797,84.80794525914946,83.80435391653113,84.07559053198989,2578700
2023-12-26,84.31067657470703,84.6813756218979,83.72298683292212,83.85860860379707,2608400
2023-12-27,84.78985595703125,84.93452099903855,84.25641913514929,84.25641913514929,3717200
2023-12-28,85.06108856201172,85.33232513400569,84.49147865460922,84.58189774328187,3425800
2023-12-29,85.06108856201172,85.27807919920849,84.74464244568144,85.06108856201172,3709200
2024-01-02,86.39921569824219,86.68853888119368,84.68136317959764,84.82602132206898,5038500
2024-01-03,86.27264404296875,86.5077213032901,85.65783136844249,86.29073062346004,4145200
2024-01-04,86.4896469116211,87.53844100996511,86.39922779965215,86.5981388091682,5179400
2024-01-05,86.16413879394531,86.82415402135828,85.54932621473407,86.25455098835702,3251800
2024-01-08,87.05923461914062,87.48417953715315,86.67045595989602,86.69757892946983,3828300
2024-01-09,86.42634582519531,86.50772164170576,85.69399796664813,86.45347569603837,4523500
2024-01-10,85.4137191772461,87.14061515120537,84.54574954506627,86.51676607376923,4837400
2024-01-11,86.02851104736328,86.118923235463,84.85313190804361,85.27807677992084,4467600
2024-01-12,86.13702392578125,87.16774519517271,85.99236576913596,86.7699231928816,3593200
2024-01-16,85.44987487792969,86.03756451713586,85.13342873312901,86.03756451713586,3304500
2024-01-17,84.72657012939453,85.46796125444384,84.41916724979296,85.04301629898707,2753400
2024-01-18,84.25640869140625,84.51860887403761,83.36130937545532,84.17503289086162,3640800
2024-01-19,83.4698257446289,84.59999561600766,82.96351184961426,84.51862669631294,5893400
2024-01-22,83.56926727294922,84.12079062981192,83.02678720498821,83.22569817277585,5201900
2024-01-23,82.99966430664062,83.17144540786875,81.84236475653238,82.23114340353548,4429300
2024-01-24,82.16786193847656,83.24378578604514,82.14073896719484,83.20761952499983,5562100
2024-01-25,82.46623229980469,82.99063276262862,82.14074283308703,82.68322297828003,7212600
2024-01-26,82.1407470703125,83.27996026259055,82.13170377965682,82.95447077908254,5935800
2024-01-29,82.90926361083984,82.9996827239806,82.24924823217539,82.46623892809153,6509100
2024-01-30,82.96350860595703,83.11721004693294,81.80621580659384,82.58376630153352,6120500
2024-01-31,82.1407470703125,83.08104925622347,82.0865011223977,83.05392628226608,7323000
2024-02-01,84.34683990478516,84.34683990478516,82.23115828758932,82.48432213681679,5169300
2024-02-02,84.0755844116211,84.35587119460321,83.17144862989119,83.85859375544833,5036000
2024-02-05,82.8459701538086,83.85860484655991,82.76460123373519,83.85860484655991,4672000
2024-02-06,82.87309265136719,83.05391705633627,82.32156924879992,82.84596278241384,5160100
2024-02-07,82.67417907714844,83.2980280833546,82.48431138847624,83.1352833647772,4694300
2024-02-08,80.47714233398438,81.87854890885042,79.83520664128937,80.46809904309858,9260300
2024-02-09,80.57660675048828,80.85688671685506,80.06124948116289,80.46810794188956,4966300
2024-02-12,81.37223052978516,81.52593197637471,80.4861743177811,80.57659342566622,4022300
2024-02-13,80.63988494873047,81.52593428784687,79.94369642712938,80.9924974058496,5935300
2024-02-14,80.66699981689453,80.94727971669481,80.2691778445259,80.62179026621303,5534900
2024-02-15,80.45000457763672,80.92015214716687,80.3053395420837,80.86590620783878,8765600
2024-02-16,81.0557861328125,81.40839858770627,80.20589616562769,80.35959761560507,4382500
2024-02-20,81.04672241210938,81.3360455559622,80.58561128040374,81.0195994451869,4448000
2024-02-21,81.88758087158203,81.99607965317261,80.6941218661211,81.05577757341418,4171900
2024-02-22,82.44815063476562,82.47527360667165,81.33606050055504,81.534971491878,4161700
2024-02-23,82.78266906738281,83.14432475574269,82.31252150112093,82.48430950514378,3981300
2024-02-26,81.75196075439453,82.74650879583794,81.41743490931418,82.71034943259332,3941500
2024-02-27,81.53498077392578,81.99609204284896,81.28182380997106,81.75197147188554,4503900
2024-02-28,81.75196075439453,81.92374877084704,81.13714810910076,81.53497008488173,3431700
2024-02-29,81.33605194091797,82.07744298636621,81.24563974474299,81.95990782113958,5735600
2024-03-01,81.2185287475586,81.24565172060827,80.34151582956923,81.2185287475586,5093300
2024-03-04,81.65249633789062,82.06839794984636,80.62178214782465,80.91110530822898,4670600
2024-03-05,81.88758087158203,82.18594734744948,81.2998912094819,81.39934670143771,4067700
2024-03-06,82.35771179199219,82.92732165753388,82.05935227452615,82.4842971272295,5166300
2024-03-07,82.73746490478516,82.86404335869543,82.36676593404196,82.43909844999308,2839500
2024-03-08,83.79530334472656,84.02133728697086,82.50238891916884,82.72842286141314,3549600
2024-03-11,85.3594741821289,85.40467683861557,83.93997418785882,84.00327032335731,4291400
2024-03-12,85.59453582763672,86.20030516729487,84.81697847601238,85.63974537752534,4899800
2024-03-13,86.18223571777344,86.67951323355022,85.82057996975483,85.89291249896048,5269600
2024-03-14,84.94355773925781,85.89290311180235,84.13887740931428,85.76632464853093,6604200
2024-03-15,85.23287963867188,85.77536664222029,83.67777184226065,83.87667592581845,16373200
2024-03-18,86.1912612915039,86.48058445084544,84.69943594883323,85.07917130209246,6144600
2024-03-19,85.87482452392578,86.72470751699703,85.82057168325517,86.46250729745081,6069200
2024-03-20,85.8381576538086,86.12232702032193,85.26981192704874,85.65482393226448,6341800
2024-03-21,84.51812744140625,86.55316380042906,84.481466294269,85.89315125223433,8398200
2024-03-22,83.30809783935547,84.8114564852447,83.26226791347919,84.75645777670037,6126800
2024-03-25,83.55561065673828,83.88561691379998,83.23477318285396,83.27143432809868,8673200
2024-03-26,82.84976196289062,83.83978074294744,82.77643267801167,83.73894510828985,7869800
2024-03-27,84.54563903808594,84.59146897171746,83.13394699879785,83.22561385979408,8796800
2024-03-28,83.9864501953125,84.97646194503754,83.9222827023328,84.82062760404858,5311900
2024-04-01,83.82144927978516,84.74729356092304,83.62894679577433,83.78478114086894,6476700
2024-04-02,84.16978454589844,84.60062642799791,83.78477958502616,83.81227894026956,4861400
2024-04-03,83.4181137084961,84.38063320262577,83.36311499239713,84.18812370881346,4823900
2024-04-04,82.59310150146484,83.95895662780683,82.51060342381732,83.95895662780683,5469000
2024-04-05,82.02474975585938,82.69392403645688,81.54807095925223,82.53808969645276,5119700
2024-04-08,82.79476165771484,82.8864285073491,82.11641857794258,82.34558919889437,5302100
2024-04-09,83.48226928710938,83.61977305145398,82.87726251521788,82.95976057758546,5068200
2024-04-10,82.24476623535156,82.52893561111155,81.27308489083025,82.25393501984706,9601600
2024-04-11,81.9789047241211,82.4189153394743,81.46556483431858,82.40974655751883,5932000
2024-04-12,81.44722747802734,82.07974055366884,81.27306258281835,81.69473563533553,5517300
2024-04-15,81.21806335449219,82.134745800917,80.50305216527796,81.83223891510113,7773900
2024-04-16,82.04307556152344,82.18057932154609,81.06222566416847,81.21805999511932,4617600
2024-04-17,83.0331039428711,83.07893387241228,81.85975144188154,82.40059076910256,4767000
2024-04-18,83.60144805908203,83.62895441107322,83.0972768389719,83.22561183999869,4041700
2024-04-19,85.95732116699219,86.19566059248174,83.76645039297561,83.91312296057934,8710200
2024-04-22,86.22315979003906,86.42483107325245,85.19647979365523,85.71898857573855,8656300
2024-04-23,89.5232162475586,89.5690461762887,86.02148238590019,86.52566055805845,13105500
2024-04-24,90.7698974609375,90.84323373893898,87.67151314956536,88.73486819938955,13572400
2024-04-25,88.0840072631836,91.57657191550621,87.9556722884244,91.20989756173783,7417700
2024-04-26,87.10315704345703,88.56985445272474,87.0298277679789,87.81817517765424,5391000
2024-04-29,87.63484954833984,87.76318454462147,87.11234077955527,87.13067834687136,3510700
2024-04-30,87.02983093261719,87.87317707800035,86.55315215915239,87.65317525610297,6589200
2024-05-01,88.04736328125,89.12904898911836,86.7456687220053,86.75483750591256,6462500
2024-05-02,89.2023696899414,89.82571405468707,87.89151346674387,88.34985470571179,5607800
2024-05-03,89.28488159179688,89.86238907940852,88.3040315449901,89.3490490904204,5611900
2024-05-06,89.3307113647461,89.74322270693763,88.59736952373805,89.61488770991791,4517500
2024-05-07,89.40404510498047,90.21073019900584,89.24821075499196,89.83488700861082,3960300
2024-05-08,90.06405639648438,90.30239580677106,89.08320639283176,89.4223814384808,5784300
2024-05-09,91.17325592041016,91.19159348997955,90.00907202716466,90.22907390586191,3840400
2024-05-10,91.35658264160156,91.65908255578405,91.06323752333299,91.30157693505993,4149300
2024-05-13,91.01740264892578,91.87908640269303,90.77906325014783,91.64991578679597,3853700
2024-05-14,91.5215835571289,91.79659112299383,91.12741676977966,91.20991484329939,3292700
2024-05-15,92.1907730102539,92.25494051543347,91.52159160446682,91.66826418415357,3230600
2024-05-16,92.27326965332031,93.00661150354453,92.14492766095485,92.31909958498457,4417400
2024-05-17,91.51242065429688,92.52993884439891,91.48492129679134,92.52993884439891,5307800
2024-05-20,91.29241180419922,92.09909692424735,91.13657744918368,91.54908879295361,5340100
2024-05-21,91.87910461425781,92.41077523328617,91.0632506257184,91.57659766281738,6199600
2024-05-22,92.64910125732422,92.7499368931964,90.94407122459957,91.23740934884614,4407600
2024-05-23,91.347412109375,92.22742646613517,90.94406957321027,92.22742646613517,4573200
2024-05-24,91.60408782958984,92.39243538491418,91.29241212473161,91.8882571831139,4053900
2024-05-28,91.7140884399414,91.787417725918,90.79740592477451,91.06323769968824,3560100
2024-05-29,91.30158233642578,91.65908797829981,90.94407669455175,91.53075297833134,4465000
2024-05-30,91.12741088867188,91.48491650498411,90.71489956649681,91.38408087025682,3875400
2024-05-31,92.93327331542969,93.0616083114316,91.0082413816682,91.0082413816682,7528800
2024-06-03,94.38162994384766,94.58330121409078,92.23659623758708,92.80493491510954,6332700
2024-06-04,95.1424789428711,95.43581706752644,94.01495637369837,94.335800848502,5080900
2024-06-05,95.3991470336914,95.55498137944166,94.39996647051721,95.28914261647995,5266700
2024-06-06,95.55498504638672,96.15999887366867,94.90414128880724,95.33498319725359,4847600
2024-06-07,94.97748565673828,95.65582882900118,94.93164872880521,95.26165502747004,2506900
2024-06-10,95.0416488647461,95.22498258072706,94.0516300134898,94.92248264873177,3819100
2024-06-11,95.16998291015625,95.29831790880236,94.03329849626235,94.85831419736796,3751300
2024-06-12,94.09746551513672,95.61915491719941,93.72162231121149,95.56415620198415,4083600
2024-06-13,93.48329162597656,94.11579784394499,93.11661719899409,94.11579784394499,4264400
2024-06-14,93.6849365234375,93.80410970893372,93.05243043640154,93.45576592822974,5643600
2024-06-17,93.54745483398438,93.68495161827774,92.79577544033904,93.20827978068449,4838100
2024-06-18,92.804931640625,93.38244607480495,91.035734187369,91.05407175332545,5990900
2024-06-20,92.76826477050781,93.26327415211459,92.2182566777444,93.00660417507382,4646100
2024-06-21,92.7868423461914,93.3254386176563,91.86751911368559,92.7589851398643,10027700
2024-06-24,94.59764862060547,94.77407997411326,92.73113766857571,93.03758113982923,6487100
2024-06-25,94.75550842285156,94.86694434173138,94.11476428759245,94.7183631165583,6319400
2024-06-26,94.68120574951172,94.9597919688528,94.20761201052863,94.22618820368037,4321700
2024-06-27,94.31905364990234,94.98765494917903,93.87331708880377,94.9040762443983,4145700
2024-06-28,94.09619140625,94.49549457697357,93.71545734555758,94.28191084553156,7299400
2024-07-01,94.02190399169922,95.91627209266407,93.95690147726751,94.6997934291237,2906300
2024-07-02,94.3840560913086,94.66264232738405,93.89189321435195,94.05904353904876,3893000
2024-07-03,94.17975616455078,94.6533499103678,93.89188892922179,94.51405679868726,1647800
2024-07-05,94.82979583740234,95.04337248545755,93.60402911003311,93.92904167321008,3569100
2024-07-08,95.2662353515625,95.60053600559021,94.57906493372435,94.78336056504601,6081300
2024-07-09,94.41191101074219,95.55410604928994,94.36548469568253,95.38695572864252,4460000
2024-07-10,95.42410278320312,95.57267691276033,94.42120084090865,94.49549144805837,3089500
2024-07-11,97.50418853759766,97.50418853759766,95.41481306893485,95.4241011658567,3949500
2024-07-12,98.3863754272461,99.01783146540294,97.50419742727736,97.67134776339955,3541800
2024-07-15,97.5691909790039,98.55351670977485,97.42989786424107,98.43279978884287,3606900
2024-07-16,98.52566528320312,98.5628105883016,97.35561296920008,97.71777792272457,2731400
2024-07-17,100.57789611816406,101.04220180732149,98.75781866683606,98.75781866683606,5411000
2024-07-18,99.78858184814453,101.38579461618227,99.52857178539288,99.60286239896274,4510500
2024-07-19,99.47285461425781,100.82862639303823,99.33356148885555,100.46646851783798,4819200
2024-07-22,99.56571197509766,100.03001765893248,99.13855159613873,99.94643895177612,5601100
2024-07-23,101.73865509033203,103.41015831892962,100.29002368204226,101.45078784502887,7560300
2024-07-24,103.48445129394531,103.71660413185546,101.56222607943897,102.08224616924015,7366100
2024-07-25,105.11880493164062,105.56454150941725,103.4565968031371,103.84661188072756,6976900
2024-07-26,105.26738739013672,105.3973924175287,104.5244954466888,105.11880616755008,5381700
2024-07-29,106.23314666748047,106.29814918275804,104.40378105714235,105.23024464484696,4834900
2024-07-30,106.51171112060547,106.63243512139722,105.50881632130515,105.94525767228954,5122700
2024-07-31,106.93889617919922,107.96964835335237,105.85241541661746,106.04742296765957,5519500
2024-08-01,109.07469177246094,109.41828053334093,106.70673700587326,107.51462437170346,7088700
2024-08-02,109.40898895263672,110.56046504268812,106.93888644617627,109.65971089980202,7405900
2024-08-05,105.4531021118164,109.53899344834315,105.07237514428535,108.57323679900102,10890600
2024-08-06,106.04740905761719,107.18031599246879,105.11879774508203,105.45309838437406,6275500
2024-08-07,107.47747039794922,108.11821446516478,106.04740813886552,106.23313465060873,3644800
2024-08-08,107.98821258544922,108.52680885803314,106.73458870492902,106.94816534370878,3548500
2024-08-09,107.72820281982422,108.25751099671015,107.366044966415,107.98821285973419,3814600
2024-08-12,107.802490234375,108.43394624755913,107.45890856269264,107.81177833177635,4860500
2024-08-13,109.49256896972656,109.64114310341174,107.59820094322924,107.83963479606044,5328100
2024-08-14,108.83324432373047,109.65042682297153,108.73109651132533,108.9446802331021,4067900
2024-08-15,109.47399139404297,109.52970580787927,108.28537000058628,108.82396628347833,4422200
2024-08-16,109.63184356689453,109.94757508073799,108.86110160213484,109.67827696399382,3707400
2024-08-19,109.9940185546875,110.3561764373935,109.52971285021901,109.70615128503474,3701400
2024-08-20,110.48619079589844,110.59761963299792,109.65972010720066,110.0033088859909,3837900
2024-08-21,111.43335723876953,111.51692885602242,110.46760062586448,110.66260815086328,4159500
2024-08-22,111.5262222290039,111.62837004475128,110.59761087474952,111.44265060779736,4156300
2024-08-23,111.57264709472656,111.68407591447708,111.03405085012625,111.52621369666929,2896500
2024-08-26,112.59413146972656,112.9191440405257,111.46122443601874,111.46122443601874,3061700
2024-08-27,113.67131805419922,113.80132307561928,112.63127079809648,113.06771926346765,3511600
2024-08-28,113.81988525390625,114.26562178930398,113.24414370500541,113.89417585726285,4430000
2024-08-29,113.80131530761719,114.08918253757734,113.06771154554087,114.08918253757734,3619400
2024-08-30,114.48849487304688,114.63706900586509,113.58774072462727,113.96847478106953,5602900
2024-09-03,116.7357406616211,117.18147726013983,114.4142121135384,114.74851279124174,6352600
2024-09-04,117.57148742675781,118.31437936489608,116.34572068814947,117.00503391799445,5340700
2024-09-05,116.24357604980469,118.35152082347298,116.10428292200007,117.82221260560965,5638200
2024-09-06,116.82859802246094,117.42290875196424,116.07642505522078,116.13213947212961,8412600
2024-09-09,118.35150909423828,119.06654377322513,116.74501548903261,116.74501548903261,4497500
2024-09-10,117.70149230957031,118.77868491008186,116.66144501439459,118.26794581764233,4921900
2024-09-11,116.31786346435547,117.46933959204362,115.35210677880514,117.46933959204362,4506100
2024-09-12,115.75140380859375,116.54072202287594,114.49777992888177,116.07641635744616,6055300
2024-09-13,116.65216064453125,116.88431348264226,115.57496807501978,116.00212844697498,3779600
2024-09-16,116.97716522216797,117.92434561976907,116.39213557579674,117.14431553759663,5549500
2024-09-17,114.43277740478516,116.15070694971185,113.35558486044665,115.89069691066247,6345000
2024-09-18,112.3248291015625,114.21919712353659,111.79552091047728,114.13562550192744,9398600
2024-09-19,111.19190979003906,112.1390972384468,110.87618536373091,111.99051603683709,7688600
2024-09-20,112.1669692993164,112.22268371492872,110.65333530232718,110.9690597704537,18374400
2024-09-23,112.44554901123047,112.91914280047556,111.82338108471282,112.29697487395791,4638800
2024-09-24,112.55697631835938,112.89127695758053,111.55407440069588,111.82337253144304,4056900
2024-09-25,113.00271606445312,113.99632991339271,112.3991172773981,113.1977235953954,6474000
2024-09-26,113.48160552978516,114.02624384033007,112.40172120073085,112.87123550343101,6350900
2024-09-27,113.2656478881836,114.0825982974356,113.20930129276505,113.7351622527544,6046600
2024-09-30,113.99809265136719,114.34552870671767,113.1999196399301,113.90419120841356,6947900
2024-10-01,113.23745727539062,114.5239290574161,112.99331499366124,114.09197675410282,5466100
2024-10-02,112.30783081054688,113.03088691972945,111.99794962089719,112.96515519746016,3425000
2024-10-03,111.16220092773438,112.30781694373717,110.6175697951297,111.99793579234895,4523200
2024-10-04,111.83831787109375,111.8477101641707,110.36404308371478,110.5612382530077,4124500
2024-10-07,111.65989685058594,111.70684398314131,111.06830423378557,111.65989685058594,5110300
2024-10-08,111.5566177368164,112.28905901141212,111.04014906153954,111.96978551281713,3522000
2024-10-09,112.85247039794922,112.95576412895215,111.47209705111037,111.5659984890529,3212400
2024-10-10,112.11062622070312,114.16710118833942,111.8664767738438,113.26563457403552,3606700
2024-10-11,112.77734375,112.84307547144783,111.77258334260009,112.35478370700969,2630100
2024-10-14,112.75857543945312,113.04967206306844,112.28906105854024,112.69284371269416,3719400
2024-10-15,113.07784271240234,113.92297003786099,112.71162206540708,112.94637925779999,5496700
2024-10-16,113.51918029785156,113.61308173610597,112.50502757057473,112.80551647152114,2794200
2024-10-17,112.81491088867188,113.67881559963068,112.52381427533633,113.52857472843903,2929200
2024-10-18,112.8806381225586,113.39710676846673,111.97917143860832,112.73978238601816,4046000
2024-10-21,111.70684814453125,113.09661370874397,111.29367324302096,112.86185654456223,5595500
2024-10-22,123.39775848388672,123.9236122359694,115.70711153857738,115.80101297084641,14411800
2024-10-23,123.39775848388672,123.39775848388672,121.16286570909526,122.05494006198123,6993400
2024-10-24,124.70301818847656,124.80631192189664,123.33202993839558,123.84849860549599,5378900
2024-10-25,121.94226837158203,125.14435969884691,121.66995635127279,124.90020306501005,3888300
2024-10-28,122.54325103759766,122.58080588282671,120.89056560713031,121.72630061578162,5525900
2024-10-29,123.54801940917969,124.07387321617799,122.1864162600943,122.35544888573895,5500500
2024-10-30,124.05506134033203,124.23347905598239,123.0127390848723,123.54799223182334,4385800
2024-10-31,124.6091079711914,125.9706967461473,123.82971241609941,124.1865479139211,5666600
2024-11-01,122.68408203125,125.14434673010417,122.38360032716642,124.57153870549165,5833200
2024-11-04,122.38359832763672,123.61372349274603,121.77322114471156,123.22871833053097,3916000
2024-11-05,124.13020324707031,124.26166668886297,122.3272699045823,122.75921507256936,3333500
2024-11-06,117.66969299316406,124.8720419468133,117.51005982151834,124.8720419468133,10222800
2024-11-07,116.23297119140625,119.16274331078709,116.13906975437017,118.81530011311109,10545500
2024-11-08,118.54298400878906,119.08762238764884,116.02638674408664,116.86212173458291,6364900
2024-11-11,117.33163452148438,119.22847652882272,117.19078594627355,118.22371609506922,5101500
2024-11-12,116.64614868164062,118.22371721695694,116.29870547630897,118.14859319998459,3837100
2024-11-13,117.60395812988281,118.7120123366075,116.6367596678865,117.2377374921215,4935800
2024-11-14,120.38347625732422,120.5337242878792,116.27992543082182,116.43955859012118,6851800
2024-11-15,120.74969482421875,122.2145772761301,120.5149376536319,120.5618919534374,9066000
2024-11-18,123.68885040283203,123.91422242883199,120.95627369239568,121.75445374709426,4906900
2024-11-19,121.64176940917969,123.40714792003136,120.92811276764675,123.2193450489375,5482600
2024-11-20,122.43994903564453,123.23812914517448,120.9468968729827,121.71689293994191,4172700
2024-11-21,123.20995330810547,124.06445847499045,122.45872753560495,122.5432366737958,3605100
2024-11-22,122.06434631347656,123.7733711028791,121.91409828210641,123.70764654443022,4108200
2024-11-25,122.74044036865234,123.10666096669533,121.28494310468253,122.70287119896383,4364100
2024-11-26,124.21472930908203,124.83449175985663,122.57142889861275,122.75923179412075,3462700
2024-11-27,123.78277587890625,125.2852132718429,123.6982524023531,124.46826284988083,4054100
2024-11-29,124.9471664428711,125.11619907307153,123.41654495532912,123.6137473024893,3255600
2024-12-02,123.03153991699219,124.69361034049302,122.7873832934603,124.41191320324904,4136400
2024-12-03,121.78263092041016,123.9048305636132,121.40701085406418,123.66068826681867,4739400
2024-12-04,122.52445220947266,122.87190254755373,121.05956983230017,122.41177335844088,4661200
2024-12-05,124.41189575195312,125.07859798783247,122.98456836688716,123.28505004727886,4186300
2024-12-06,122.5995864868164,124.13959300312547,122.45873791123124,124.13959300312547,4212500
2024-12-09,120.86238098144531,123.07848911605878,120.11115521356216,122.35543306073275,4759500
2024-12-10,121.11591339111328,121.60421230964813,119.94213472222874,120.1581073035567,3790900
2024-12-11,119.08761596679688,121.83897026395046,118.62749392322681,121.64176793820022,10141600
2024-12-12,119.25664520263672,120.19567390501969,118.65566740624926,119.94213930763328,5144700
2024-12-13,118.89981842041016,120.0078725901943,118.4021271837326,118.60871464721752,3233100
2024-12-16,118.26128387451172,119.69799672553987,118.15799013816923,119.32238379013269,5439100
2024-12-17,118.35518646240234,118.84347826820132,117.64152259464606,117.68847689860907,5275900
2024-12-18,116.95602416992188,118.16736485442824,116.87150786389805,117.66029567516617,4719800
2024-12-19,114.72112274169922,117.08747883389472,114.59905160239362,116.79637509521261,6985400
2024-12-20,116.64614868164062,117.16261017882918,114.75869894947883,115.03101813783813,10267400
2024-12-23,116.23297119140625,116.42078122969886,114.61784068319197,116.17663176202868,3697100
2024-12-24,115.41603088378906,116.53347026124011,115.08736507914124,115.95127700226153,2806600
2024-12-26,115.55843353271484,116.13760299715057,115.0742083383639,115.34955179225823,2425600
2024-12-27,115.31156921386719,115.81478759357334,114.7893721220041,115.50146499218553,3923500
2024-12-30,113.94435119628906,115.083696844744,113.29872006382246,114.95077342721703,3336400
2024-12-31,114.26717376708984,114.72291641512412,113.88738943435855,114.35262868275161,4397800
2025-01-02,114.97926330566406,115.9666996443202,114.17222614962094,115.20713100111288,3388700
2025-01-03,115.8527603149414,116.13760036251753,115.01724061585254,115.36854237535864,3350100
2025-01-06,114.88433074951172,116.70728698653296,114.5710081089594,115.93822890861742,4993600
2025-01-07,115.26409912109375,115.74832429443452,114.54250966094834,114.87481821371821,4933300
2025-01-08,115.70085144042969,115.75781655268042,113.93486052282326,114.75139426940615,3569400
2025-01-10,111.2289047241211,114.54250809433407,111.06749874980946,113.93485610792777,5365200
2025-01-13,111.60869598388672,111.81757048166068,110.25097190754657,111.08649162999299,5676900
2025-01-14,112.48219299316406,112.57713726217065,111.35233663377032,111.82706522258673,3942600
2025-01-15,112.52017974853516,113.16581096267927,111.2573998784941,112.08343028658234,5374200
2025-01-16,113.7449722290039,114.37161019645012,112.33027582563413,112.83348696834574,7855800
2025-01-17,115.44449615478516,116.01417626331701,113.27024556610364,113.79244267387985,5170100
2025-01-21,117.55228424072266,117.91308258397515,116.0426508901124,116.19456026323215,5963600
2025-01-22,116.67879486083984,117.30544009056673,116.18508030354462,117.21998517570235,4431200
2025-01-23,119.09041595458984,119.13789171173205,116.5553669889193,116.70727637296409,5375300
2025-01-24,120.8469009399414,120.97033500142497,119.18535098179278,119.24231609091876,3685700
2025-01-27,123.83768463134766,124.7206872823733,122.12867341335247,122.64137388123787,7645000
2025-01-28,122.44200897216797,124.46434299107011,121.8343569333201,122.85026862108991,5102100
2025-01-29,123.04015350341797,124.12253411812546,122.6508725793614,122.77430664981031,3869400
2025-01-30,123.73326110839844,123.89466708325945,122.52744648730005,123.48639298061532,3241700
2025-01-31,123.61932373046875,124.53080901101102,122.96419594876134,123.419945832816,5331200
2025-02-03,123.79972839355469,124.41686980178314,121.76789048849307,122.39453574112261,5633200
2025-02-04,123.79972839355469,124.54030387845589,123.34399297690032,124.3788978868818,5237700
2025-02-05,124.35990142822266,124.8726164351507,123.72376683542231,124.1890060842915,8403500
2025-02-06,137.97512817382812,139.36132758199128,132.94300208291446,138.5637870057138,13753000
2025-02-07,137.11111450195312,138.28843213020068,136.53194504408185,138.1460193485794,7207500
2025-02-10,139.1619415283203,139.28536110636279,136.16165345517453,136.72182969705625,5899800
2025-02-11,140.5006866455078,141.02289105597,138.14603660727755,139.16196286831934,4989600
2025-02-12,142.31411743164062,142.64643319600344,139.09545859385204,139.2473751997073,5268900
2025-02-13,141.64002990722656,142.39010927056913,140.54815983155777,141.54509287188094,5758600
2025-02-14,142.85531616210938,143.5768983149135,140.66205817566444,141.24122756395627,4778200
2025-02-18,141.27923583984375,143.1401638596486,141.1368085657083,142.2286930504777,7986900
2025-02-19,142.22869873046875,142.3806153672532,140.05443351824871,141.46913003411427,7052200
2025-02-20,143.90924072265625,144.8207115593965,140.84248340849965,141.02288260198742,7431500
2025-02-21,146.59619140625,146.82406635835667,143.33007068479395,143.52944859126555,7117200
2025-02-24,148.3811798095703,148.71349564643913,146.38731376349364,146.59619552022806,8687700
2025-02-25,149.46356201171875,150.2326200839866,148.02988674660017,149.19771513457846,9348100
2025-02-26,146.9189910888672,150.38450357248732,146.48223446552288,149.44453586494754,6865100
2025-02-27,146.2353973388672,148.02036696642077,145.7891513100871,147.05193108434062,6073200
2025-02-28,147.4317169189453,148.15329919530174,145.580278225449,147.50767523554615,9654800
2025-03-03,150.76429748535156,150.82127708504544,146.2164040205407,146.99496585312363,5459000
2025-03-04,146.16893005371094,151.44790965975875,146.03600662793156,150.46996992276047,6242900
2025-03-05,145.39987182617188,147.1183870023121,144.93463259289425,145.5897603644763,4239800
2025-03-06,145.78916931152344,146.32086307421483,143.9757024163972,145.2384823465735,5354300
2025-03-07,143.32054138183594,146.13094067499242,142.82681965042363,145.3808614789438,7932500
2025-03-10,142.97874450683594,143.9946705812788,142.08625249425856,143.7098305472017,11848700
2025-03-11,144.4124298095703,145.86509800455752,142.55148753058054,143.2256084419294,5787200
2025-03-12,143.671875,144.8397033364003,142.71291392564092,144.16558232855945,5180800
2025-03-13,142.8838348388672,145.03909248705875,142.5610083450806,144.05166326581337,6258700
2025-03-14,144.2035675048828,144.3364909364523,142.22869474473111,142.94078766118915,5541400
2025-03-17,147.83998107910156,147.85895979129486,144.44092270041395,145.12453301610344,6680700
2025-03-18,146.0644989013672,149.06478726863108,145.82713459042986,147.6406014030072,8021600
2025-03-19,146.4917449951172,146.7006267380964,144.52637612489835,146.14993982365732,4202300
2025-03-20,146.04156494140625,146.5875250159985,145.07415379705247,146.27145132912574,5016200
2025-03-21,145.0933074951172,146.24271026191997,144.01096040897374,145.95537053180612,11194600
2025-03-24,145.16036987304688,146.53007136794727,144.38452333504597,145.59139410355294,6070400
2025-03-25,145.79251098632812,145.95534167301358,143.7714724632557,145.59135859957183,3797100
2025-03-26,147.82315063476562,148.24460172271975,145.553079092907,145.59138618478966,4320300
2025-03-27,148.47447204589844,149.19285058909304,147.51663398830564,147.85188315464268,4398600
2025-03-28,148.61814880371094,149.52809198806656,147.06644129251012,148.55109312774724,4333600
2025-03-31,152.03762817382812,152.63149769782436,149.4227344139103,149.50893632990298,8395700
2025-04-01,151.4246063232422,151.98972723706834,150.13153378900174,151.8173234120155,4429100
2025-04-02,149.5855712890625,151.6928121432309,148.19670899532306,151.42461864990668,3889000
2025-04-03,155.23681640625,156.20422755417053,151.57786811932868,152.71769771253662,10581500
2025-04-04,144.26956176757812,155.16976340467744,143.76190877258884,154.47054572363632,11951700
2025-04-07,144.8538360595703,146.3863826995274,138.96313822966565,140.96501613383055,9984300
2025-04-08,142.93817138671875,146.82699162041683,140.61063188726413,146.30976549235442,9018200
2025-04-09,145.39981079101562,146.49174552240189,139.98801734155066,142.36346609598053,10278500
2025-04-10,144.79638671875,147.24844996531385,142.7945085574248,146.35766752991597,7818200
2025-04-11,147.4016876220703,148.73308184288027,144.92089073693015,145.47643852470344,6460900
2025-04-14,150.94570922851562,151.55872505452763,147.8423230035893,148.8863630702355,5904800
2025-04-15,153.34030151367188,154.25024480689967,150.23691535085499,151.8556495008003,6007200
2025-04-16,153.71385192871094,155.32302751301268,152.36331133537027,154.83452073532945,8296100
2025-04-17,156.32875061035156,158.04327424561274,154.49927647349776,154.49927647349776,7546400
2025-04-21,155.34217834472656,157.133345556777,152.45909088256155,156.8555643190086,7264800
2025-04-22,157.1907958984375,157.74634369629842,155.10270144334308,156.40536171735712,9509700
2025-04-23,161.02215576171875,164.39374980243176,159.07774568231082,161.81716309999348,9084500
2025-04-24,162.89952087402344,163.3209573304964,159.44172499905696,161.2328774392746,8564900
2025-04-25,163.06234741210938,164.1351213019459,161.66389749247412,163.75199194570374,7755700
2025-04-28,162.0374755859375,163.33056291470143,161.05090347586875,163.11024962047048,6153300
2025-04-29,163.08151245117188,163.88610757676108,160.6965048950121,161.02216634690905,5346500
2025-04-30,164.1351318359375,164.7768815873263,161.89379426563355,164.30753567267672,6454400
2025-05-01,162.88037109375,163.8573700436711,161.76927539505144,162.43975913893868,4885900
2025-05-02,163.65623474121094,164.25967748159113,162.59303375911063,163.21562274028472,4451100
2025-05-05,165.8879852294922,166.39563826045392,162.8324793086982,163.9627212673074,4545100
2025-05-06,166.74044799804688,166.8649716203704,164.9014007124427,165.49525562115747,4082000
2025-05-07,167.96649169921875,169.048853441397,165.84966304349348,166.19448534800915,6685500
2025-05-08,164.74815368652344,167.58336090169396,163.10067098042222,166.8937162984214,5635100
2025-05-09,162.54510498046875,164.47036870610646,162.23860442181493,164.47036870610646,4733400
2025-05-12,157.88046264648438,159.57584024957882,155.52417438716074,158.65630920277079,10006500
2025-05-13,156.9130401611328,158.3210486824706,156.70231461580082,158.01454809909168,5941100
2025-05-14,157.1141815185547,158.637140581557,156.06055376811003,156.54906055033868,4953000
2025-05-15,162.00872802734375,162.44933996341203,157.99538423868796,158.29231169724645,4959500
2025-05-16,163.25392150878906,163.407179106307,161.2711897064541,162.19072067611285,3803500
2025-05-19,165.8688201904297,166.0795457393373,163.32096736487352,163.79988640958186,3879700
2025-05-20,166.77874755859375,167.23852032082183,165.46651417809002,165.70597367762414,3787600
2025-05-21,167.27682495117188,167.94730861692253,166.30941384883508,166.66380922599305,6245300
2025-05-22,167.8419647216797,168.79022969405506,165.85924747183043,167.27684375526633,4768900
2025-05-23,170.6771697998047,171.16566195900327,168.27298686531253,168.27298686531253,6164700
2025-05-27,171.67332458496094,172.2480333112747,170.0258418260082,170.67717935686045,5847700
2025-05-28,171.25186157226562,171.89362593876626,170.38024003901583,170.76336941964547,3286500
2025-05-29,170.37063598632812,170.6675634201937,167.5545900005297,169.06797575532775,5727300
2025-05-30,172.97598266601562,173.71352211109516,170.09289518499543,170.51434629646945,8506100
2025-06-02,175.04490661621094,175.12153541536875,171.94150601983932,172.28632830832504,4627400
2025-06-03,174.680908203125,176.1847208511643,171.85528907765283,174.51807749994296,4940400
2025-06-04,173.0430145263672,174.91079568102802,170.76335543657981,174.90122256270334,5684800
2025-06-05,174.28822326660156,174.89165131780018,172.32465228177617,173.5219498803954,3570700
2025-06-06,174.06793212890625,174.82463249214672,173.40702143192064,174.01046417533377,2647300
2025-06-09,173.01429748535156,173.5794184462091,171.23271806762924,173.5794184462091,3114500
2025-06-10,171.4817657470703,173.64647474139178,171.26146706114284,172.97599094805776,3225500
2025-06-11,175.63876342773438,175.6866582546538,171.06988632551383,171.55837848301408,3947300
2025-06-12,176.33799743652344,176.33799743652344,173.97213619543444,176.06980394174366,5621300
2025-06-13,176.5582733154297,177.35328057786097,175.53337968052332,176.26134588563735,5505800
2025-06-16,175.56214904785156,178.81880754502515,173.905093131568,176.15601864262254,5188000
2025-06-17,175.7249755859375,176.75942782129857,173.97213019557483,174.9203805138973,7427900
2025-06-18,174.9108123779297,176.81691541874056,174.65219200399724,176.06980288555724,6063400
2025-06-20,175.56214904785156,175.76330149125553,174.0487776241281,174.53726982175147,10765200
2025-06-23,177.1521453857422,177.65022526677072,175.57171844084536,175.83033880807443,4308700
2025-06-24,176.7115478515625,177.17130602517645,175.95484760421886,176.78817664973963,3184200
2025-06-25,172.02772521972656,175.95485258314935,171.62542036405057,175.58129631612098,5113000
2025-06-26,173.0430145263672,173.55066749108403,171.7690882476888,173.22500608267094,5847500
2025-06-27,174.70289611816406,174.96346358588366,171.9718044800996,172.57014513654775,7053300
2025-06-30,175.76446533203125,176.09257861892564,173.73785554735616,174.67395471475038,5254100
2025-07-01,171.3252410888672,177.40505604478818,170.1864897169785,176.3531555960801,5176300
2025-07-02,169.7618408203125,171.89459171452464,169.00910347818058,170.18646490571717,5572600
2025-07-03,172.62806701660156,172.62806701660156,169.17318788455026,169.80046419749644,2734100
2025-07-07,174.86695861816406,175.1275260946229,172.01042047245363,173.09127115185908,4653700
2025-07-08,171.5085906982422,174.67395173957235,170.95850543944778,173.6220513654231,4177700
2025-07-09,171.75950622558594,173.32289643200005,170.1382301306223,173.2939461249819,3821300
2025-07-10,174.664306640625,174.80905816907753,170.7654985854607,172.16481735395098,5212100
2025-07-11,173.62205505371094,173.921218035697,171.86565793619914,173.6703104726895,3430700
2025-07-14,174.43267822265625,175.15646526922328,173.12985564864152,174.67394057151193,5598600
2025-07-15,174.59674072265625,175.0406699386888,173.0237054430775,174.24932233960467,4323800
2025-07-16,176.86460876464844,177.55944551502256,172.98510602930716,174.50988585787897,5382400
2025-07-17,172.9079132080078,176.9128773770415,171.93321853639273,176.63300478214617,6941400
2025-07-18,172.48330688476562,173.37115072911686,171.88498085879777,173.19744887337959,4650500
2025-07-21,174.172119140625,174.9731119444127,171.33487142552988,171.7788006479913,5126700
2025-07-22,159.4937286376953,164.25141541502848,157.05215467794855,163.69168496025642,19831800
2025-07-23,158.91470336914062,159.66744081991223,155.6045905696562,157.3030724309252,9895100
2025-07-24,155.45016479492188,159.17525620395344,154.9097394672673,159.17525620395344,7239000
2025-07-25,155.29576110839844,157.35132122028517,155.11239935046663,155.72038523719067,4544600
2025-07-28,152.255859375,154.9869511487946,150.2581998990125,154.02190167644963,8676900
2025-07-29,157.06179809570312,157.158308930964,152.31375656549042,152.93138762489647,9429100
2025-07-30,156.5020751953125,158.7506422908677,156.39591916160006,156.79159298957254,7778700
2025-07-31,158.3163604736328,159.3007150062726,155.4405173219438,156.1353393576763,10607200
2025-08-01,157.2644500732422,162.06073184159362,157.1968895498575,159.5709174529865,7554100
2025-08-04,157.29342651367188,158.9533128655589,156.66613549058823,157.96895823234982,5187500
2025-08-05,158.40322875976562,159.3393279789178,157.0328601985965,157.2162219647894,4643000
2025-08-06,161.15359497070312,162.48535304973828,158.51899966389416,159.28139689057696,5915400
2025-08-07,162.29237365722656,162.65909718166296,160.29472883705645,161.10536688798095,3475500
2025-08-08,164.2321319580078,164.83047271641124,162.09938061297785,162.21518185148068,3774200
2025-08-11,164.36721801757812,165.23575657227852,160.57456628428713,164.7339267698704,5349600
2025-08-12,162.7073516845703,165.02346459571905,161.91600402587767,164.32862777727706,5444000
2025-08-13,160.08241271972656,162.46608611731395,158.80854033578294,162.43713581090492,5021300
2025-08-14,159.4937286376953,161.5010332848304,158.88574276474728,159.976253368483,3294900
2025-08-15,160.38157653808594,160.98956242681462,158.45147756483834,159.48407285827278,4027600
2025-08-18,160.77723693847656,161.45276857761598,159.59987548505416,160.1403007963657,3769600
2025-08-19,162.87139892578125,163.18020709087168,160.4877256190315,160.5359810363698,4114100
2025-08-20,166.80880737304688,167.11761554729247,163.2960278787711,164.058410483569,5089200
2025-08-21,168.3914794921875,168.76784817896896,166.7122881912857,166.9535505475683,4397800
2025-08-22,165.7472381591797,169.10560602319916,164.10665708756295,168.66169153553673,4760900
2025-08-25,161.52032470703125,165.9306078429332,160.99920447365417,165.75689128148332,4872800
2025-08-26,160.85443115234375,161.7229844704676,159.74463020336316,161.49136730720411,5854900
2025-08-27,158.4514617919922,160.21750394377372,158.20053952613634,160.10168800357678,5164400
2025-08-28,159.9762725830078,160.45879737175085,156.2994360488638,158.32603132629188,7297800
2025-08-29,161.28872680664062,161.44312353446608,159.39722331728353,160.59388999222264,5358000
2025-09-02,161.54928588867188,162.16691700059908,157.66979736945135,160.74830773493542,6013500
2025-09-03,157.515380859375,161.0667559577099,155.52738124177594,159.90869950066534,7329600
2025-09-04,155.51771545410156,158.7506370532839,154.20524759217957,156.49242483843594,7839100
2025-09-05,155.90374755859375,156.39591749575274,154.475478441074,155.82654183258097,4056700
2025-09-08,157.0328369140625,157.10038271367807,153.99293724520737,156.00988692328548,6055800
2025-09-09,158.9822540283203,159.27175708718195,155.46947456776584,156.46347433782066,3845800
2025-09-10,159.53231811523438,160.03414793944762,158.2874108360064,159.0208430979445,3979500
2025-09-11,162.03179931640625,163.92330274740658,159.42616870547118,160.10170038601194,4800300
2025-09-12,160.30438232421875,162.9003679857431,159.32968757390702,161.47209876610617,3691500
2025-09-15,155.9906005859375,159.725337438661,155.8265439380012,159.725337438661,5584100
2025-09-16,157.2644500732422,158.62515847850852,155.78791100604386,156.3669465118269,6281200
2025-09-17,160.4877166748047,161.24045402177595,157.63116399811722,158.0654332789875,5590800
2025-09-18,156.1063995361328,158.96295249357655,155.48876845418368,158.25847049201425,6547700
2025-09-19,157.2548065185547,158.06544453061457,155.6914311059412,156.74333148293456,10489000
2025-09-22,156.31871032714844,157.74699415697378,154.32106556489222,156.5117172776559,5735000
2025-09-23,158.04615783691406,158.4321717396334,155.38261184149673,156.2125549852811,4622100
2025-09-24,157.3030548095703,159.05945181494087,157.07143764855323,157.8241750150019,6373200
2025-09-25,158.2681121826172,159.48406920674762,157.6118856149714,158.69273630308737,4295600
2025-09-26,159.1269989013672,159.20420462232946,157.30305607940457,158.89538173848038,3736100
2025-09-29,157.29342651367188,159.22352555303007,156.82054694785379,158.7795962947634,6953900
2025-09-30,156.53103637695312,157.8821146022018,156.038866400359,157.2065681268336,6401100
2025-10-01,155.23785400390625,158.3260092766857,152.91208131195128,157.1775980833351,8633700
2025-10-02,152.3909454345703,156.46345484400615,152.05317227400002,154.92901519578461,6930000
2025-10-03,149.30300903320312,152.35198702030277,147.2378696093649,151.76752537736576,11151500
2025-10-06,149.56600952148438,149.6731630518649,146.97486800621394,148.20225082923676,7071400
2025-10-07,150.54989624023438,151.12462212634003,148.36786720164247,149.52706966389889,6789300
2025-10-08,151.25125122070312,151.3194317267923,148.2314805692785,150.46221830480238,6368200
2025-10-09,152.7903594970703,152.81958183749038,149.5367952463665,151.26098765042786,4455400
2025-10-10,156.316650390625,157.3589484796147,152.89750301090092,153.2968799250812,6542800
2025-10-13,155.34254455566406,155.40098923709465,152.55656745124372,154.397649235587,5684200
2025-10-14,154.95289611816406,156.9790476767199,153.85213845702575,154.32944657540202,6198900
2025-10-15,153.6475830078125,155.81012552397814,153.37483123675167,153.75473655100473,4683500
2025-10-16,151.94287109375,154.58273653846754,151.65063281788423,154.58273653846754,5110000
2025-10-17,153.96902465820312,154.8652110617701,152.8098223421568,152.96568472465233,5371900
2025-10-20,153.96902465820312,156.5406945139599,153.11179641833257,154.06644236322657,7779200
2025-10-21,148.0658721923828,151.89414714796985,138.64615697538522,150.66676434788909,28418100
2025-10-22,152.8000946044922,152.89751231467167,147.09176460219706,147.93924219810702,12741400
2025-10-23,153.61834716796875,154.99185659260823,152.3032972867259,153.8521407499889,8147000
2025-10-24,153.54042053222656,154.5145381904467,153.30664180712148,153.98852119510443,6303600
2025-10-27,149.2445831298828,152.80010687922106,148.9718164922395,152.78062036284865,10233700
2025-10-28,145.93255615234375,149.11792488531276,144.30578153425722,149.03999369318313,7725500
2025-10-29,142.9712371826172,146.25400857444222,142.60106775664727,145.37730872371313,7637100
2025-10-30,141.9873809814453,143.61415564656946,141.28601509585394,142.980985130009,5747900
2025-10-31,140.5944061279297,141.77308019353185,139.4644260551005,141.54903728966516,6200300
2025-11-03,140.857421875,141.36395236447115,138.43186351111862,139.78588648601075,5056100
2025-11-04,143.8382110595703,143.9453645921182,140.48724407500563,141.96790701643414,5712900
2025-11-05,144.55906677246094,146.5365245969477,143.43883731621332,144.35451037067656,5928400
2025-11-06,146.02023315429688,146.97487917527155,143.52649429104895,144.62725201734827,7315100
2025-11-07,149.41990661621094,149.5465466678883,145.5039494783402,147.33529542752612,7365000
2025-11-10,151.05642700195312,151.14409402073773,147.43270825363683,148.16329647121907,4976900
2025-11-11,152.7416534423828,153.43326866347945,151.25125459821,151.3973663029893,3570100
2025-11-12,151.5337371826172,153.27741607602076,151.4752925026337,152.20588073013838,4781900
2025-11-13,151.1343536376953,152.020804302802,149.04000655001863,151.66038551398435,5293300
2025-11-14,151.40708923339844,151.5239934511212,148.86465660364087,151.23175520259645,3529300
2025-11-17,148.80621337890625,150.91031116236542,147.84184637604642,150.91031116236542,4709000
2025-11-18,151.81625366210938,153.5404313365092,148.8549274489792,150.13101929282627,5144000
2025-11-19,151.58245849609375,152.61502089761854,150.01412837759193,151.48504077887728,4343200
2025-11-20,151.62139892578125,152.24483359700056,150.14075087154478,151.543482597752,4021200
2025-11-21,151.22203063964844,153.70601877746145,150.41351119952097,152.34226000125605,6834600
2025-11-24,147.15020751953125,151.15383159270155,146.20531222476401,150.02385156912447,13674800
2025-11-25,153.3358612060547,154.134629941266,148.4555223191319,148.72827406909238,7287100
2025-11-26,152.43968200683594,154.12490144144553,152.24484657858451,153.85214967852107,4172200
2025-11-28,153.404052734375,153.45276159262266,151.28048326225812,151.28048326225812,1878300
2025-12-01,152.1084747314453,153.90086261744585,151.48503999053193,153.28716370266076,3453900
2025-12-02,150.61807250976562,152.3325291574708,149.45887008015308,152.01106853602607,4771300
2025-12-03,147.7834014892578,151.53374568250072,147.63727491724697,151.11488220988699,3827200
2025-12-04,144.73439025878906,147.78338300773257,142.56211224070108,146.89693245216975,8566200
2025-12-05,143.9843292236328,145.0656004228691,143.48753456706433,144.37398520669666,5456200
2025-12-08,144.451904296875,145.99101201568115,142.85435189545763,143.74080255201127,6657700
2025-12-09,146.4780731201172,146.98461848367157,144.19864127990712,145.32862137404518,5065200
2025-12-10,145.8936004638672,146.6923691850038,144.37397935119066,146.16635220902168,9023100
2025-12-11,147.0430450439453,148.68930612470098,146.52676391805628,147.08201807072257,4130200
2025-12-12,149.6731719970703,149.74136736768588,145.64032549313828,147.09176615251877,5781800
2025-12-15,154.3099822998047,155.1477240831092,149.55628335604362,150.11153755765685,7020500
2025-12-16,153.86187744140625,155.7321815165294,153.4040409639492,154.64117452200477,5953600
2025-12-17,154.5048065185547,155.4302153459713,152.71243354656892,153.42353529430721,8460800
2025-12-18,153.23843383789062,154.89443074794585,152.43966515302597,154.1930649025817,5386400
2025-12-19,152.78060913085938,155.71271277928903,152.59552439857043,153.1702651103771,18081100
2025-12-22,155.5665740966797,157.00826394896936,152.9267237863856,152.9461954359531,7391500
2025-12-23,157.86550903320312,158.1187891431769,155.14772724281818,155.24513009262208,4728100
2025-12-24,158.4304962158203,159.46305856103547,157.72913030890888,158.06032674721263,1754400
2025-12-26,158.3125457763672,159.8558518056567,158.15526178628906,158.43050126921236,3795300
2025-12-29,159.1874237060547,159.5216409487516,157.55563599251911,158.31255210050833,3626500
2025-12-30,159.19723510742188,159.61993393760292,158.43049443813422,158.8531932683153,2900100
2025-12-31,157.673583984375,159.23656924974227,157.56545311695245,158.74506803408096,2590500
