Price,Close,High,Low,Open,Volume
Ticker,QCOM,QCOM,QCOM,QCOM,QCOM
Date,,,,,
2021-01-04,131.99949645996094,137.91057959664613,130.79061164008453,136.00836517335847,9827000
2021-01-05,135.4927978515625,135.73280071232114,131.99948466673314,132.13281205420176,8507200
2021-01-06,134.3905792236328,136.77278546873768,132.86169532533913,134.692796989657,7174600
2021-01-07,138.3994140625,139.0394124505714,135.34164700022794,135.4038754706317,8482300
2021-01-08,139.23497009277344,140.0260773379416,137.36830584253747,139.75940907886343,6252400
2021-01-11,138.7638702392578,140.5594221555386,137.70609467255431,138.75498626997805,5147800
2021-01-12,137.28829956054688,139.43939985267232,136.85275454657602,139.2349600795164,4385700
2021-01-13,139.92832946777344,140.3816561112073,136.5772279173486,137.94611894494057,5479900
2021-01-14,142.9771728515625,145.04826318568567,140.88828745451534,141.6882786141065,10102400
2021-01-15,139.63499450683594,142.98609602919848,139.44833618129084,142.90609960396486,8607400
2021-01-19,145.57272338867188,145.8660571128987,140.84384792655874,141.2794065285884,8209000
2021-01-20,146.310546875,149.27942094934207,146.1683219513235,146.41720878609976,7943300
2021-01-21,146.44383239746094,147.99049748281195,145.19050104708916,147.38604851164862,6295700
2021-01-22,144.37274169921875,146.01718484868252,143.57275039388173,145.77718203175635,5062300
2021-01-25,146.1326904296875,148.48824384757418,143.75936907715757,146.06159156449664,5370800
2021-01-26,144.48831176757812,146.35496280532246,143.03054038239574,145.95496712318536,6554200
2021-01-27,136.59495544433594,142.87048133386588,135.72385194766207,140.87938762718272,9854000
2021-01-28,138.26609802246094,141.306083832726,136.09721592590282,138.91498043223055,8087400
2021-01-29,138.91497802734375,142.79051804344994,137.55498475585645,142.44385335784165,9502100
2021-02-01,143.6260986328125,144.35497757781133,139.10167538871008,139.88388528537783,8265100
2021-02-02,146.47047424316406,147.0038106867966,143.37715813469913,146.23047148719849,6926500
2021-02-03,144.2660675048828,148.9593801727626,143.82162491464183,148.9593801727626,14156700
2021-02-04,131.52835083007812,134.91500144448892,129.0661349029076,133.49277962670587,46141800
2021-02-05,129.63497924804688,132.35496505419238,128.55053851231057,132.31053165686052,24695400
2021-02-08,131.00392150878906,131.19947736232393,129.1550384338408,130.75503470671077,12181600
2021-02-09,129.87501525878906,131.9994503139012,129.68834340159918,131.15501209862947,11681300
2021-02-10,129.33277893066406,131.3327703574269,128.32833445163067,131.21721095695477,11701300
2021-02-11,129.3861083984375,130.28389099812483,127.58167279447925,129.5816641985688,11600200
2021-02-12,131.53726196289062,134.57724850194583,128.7728277366472,129.39505838749156,9155200
2021-02-16,130.80838012695312,133.10170611123164,129.83060075110436,132.44392602535927,10211900
2021-02-17,128.66610717773438,130.568320585878,127.48388846864239,129.61722066346073,11937200
2021-02-18,127.91947937011719,128.62169274859275,127.075041096683,127.59058260511124,8404400
2021-02-19,128.83499145507812,129.64388004385364,127.54611094390114,128.69276660277086,10012500
2021-02-22,123.96393585205078,128.10613057233152,123.62615513608476,126.44391959003686,12763900
2021-02-23,121.88391876220703,123.0928030227919,119.50171323996305,121.22615247849103,14425300
2021-02-24,125.42169952392578,125.49279839989102,120.0794911160319,121.24392848714359,13146200
2021-02-25,120.47061920166016,125.1817138313864,120.0172925980938,124.05282574409829,12701100
2021-02-26,121.05728149414062,122.79948894733151,119.73283762028592,121.56393902169178,11772600
2021-03-01,123.9906234741211,124.11506688171245,121.29730192436134,122.22173672885224,9421400
2021-03-02,121.81285095214844,124.53285170738224,121.57286165637797,124.44395774081279,8693200
2021-03-03,117.58834838867188,121.62524667265376,117.48116457044259,121.10724833433267,14862700
2021-03-04,114.14092254638672,119.85689430062936,113.05131330136678,118.20462781645767,15831100
2021-03-05,115.88250732421875,117.1507381389639,111.99743040678001,116.92745777803091,13292000
2021-03-08,110.03256225585938,115.90037684864105,109.84500756504539,115.2126695016804,15256100
2021-03-09,115.31089782714844,116.03432393881833,112.82802156904549,113.77472801779622,13130200
2021-03-10,114.20345306396484,117.08823861840854,113.9980321128902,116.7041892720567,12492300
2021-03-11,117.65983581542969,118.99951811665977,116.11472574921811,117.00784728337149,11920200
2021-03-12,116.08792877197266,116.40052674820161,113.98016830050767,116.01647741660739,9365700
2021-03-15,117.57051086425781,117.67768108071454,115.31984092300101,116.15937729311796,7807200
2021-03-16,119.36566925048828,120.96436418267199,118.15102360552535,118.68690189487262,10434700
2021-03-17,119.6068115234375,121.10726250264477,115.81997203110532,117.27576421648818,10781500
2021-03-18,115.88250732421875,119.3210303337674,115.8021296649913,118.28500618832994,9579000
2021-03-19,117.01677703857422,118.32072673332331,115.36449689297976,115.91822783502785,17599900
2021-03-22,119.7586441040039,121.06260733176684,118.42790195268553,118.74942619871263,9036900
2021-03-23,118.3564682006836,119.99088222529457,117.3651027637213,119.678284240649,7425700
2021-03-24,113.5871810913086,118.8387325242205,113.52466286522544,118.77622111211295,10962300
2021-03-25,113.6764907836914,113.99801503304117,111.09537048094921,113.12275987623666,10460800
2021-03-26,118.7762222290039,119.097746484448,113.46214570606327,113.48000513626543,11071600
2021-03-29,117.24003601074219,119.08879000170889,115.90035407052451,118.37429024133624,9750100
2021-03-30,116.20402526855469,117.21325680602259,115.27518501389335,116.25761037179174,7097300
2021-03-31,118.41896057128906,119.24957054169899,116.6148651947807,116.9631819880621,8361300
2021-04-01,123.06318664550781,123.63478377286788,119.32101958098123,120.12482335672335,14069600
2021-04-05,125.33174896240234,125.48357799080907,123.45618825299539,124.17961452926701,12562800
2021-04-06,123.30435943603516,125.24243157083737,122.92925001910119,124.90305464768,9100000
2021-04-07,124.52792358398438,124.9923505775003,122.71488803824147,123.54549811564405,6958500
2021-04-08,125.34064483642578,125.36743738622977,123.97417028462164,125.03698685334709,7304900
2021-04-09,125.54610443115234,125.6443347200739,124.03672681186886,124.94770099239744,6033200
2021-04-12,122.75059509277344,124.93873957785827,121.50915701632493,124.01882571830036,10355500
2021-04-13,122.62557220458984,123.9384617663054,121.24123129478657,123.59014496184726,9225200
2021-04-14,120.34811401367188,123.10785599195974,119.59789527494439,122.42908860377082,9967800
2021-04-15,123.10786437988281,123.24184078175294,121.08048838551677,121.46452408938214,11733200
2021-04-16,123.4383316040039,124.15281791954305,122.04505058161557,122.91137954855735,6583900
2021-04-19,120.794677734375,122.40229909155043,119.75865356775617,122.26832269548048,8728900
2021-04-20,119.14238739013672,120.37489926323254,118.59758279979228,120.16948516036685,7473700
2021-04-21,121.63420867919922,121.79496399379086,118.33858845055677,118.62439384709931,7237900
2021-04-22,118.75835418701172,121.42879209118918,118.3117934849858,120.90184010555573,8345100
2021-04-23,120.9554443359375,121.56277407326402,119.26744516047525,119.44608037189398,7666600
2021-04-26,124.108154296875,124.760129095466,120.67855780351967,120.86611929163672,9715400
2021-04-27,123.2596435546875,124.48322878279018,122.33972987125055,123.88483925468681,9284500
2021-04-28,121.97360229492188,123.4919060259542,121.24123616854587,123.40258843026629,13118100
2021-04-29,127.43055725097656,129.77054463079583,125.63538810866007,129.51153178818294,20502100
2021-04-30,123.96527099609375,126.90363483127825,123.48297773860381,125.99266068349151,11374600
2021-05-03,122.7416763305664,124.82265097830312,122.24153049089531,124.76906587090292,7920300
2021-05-04,119.78545379638672,121.46452661345887,118.26714993930906,121.46452661345887,11996300
2021-05-05,120.25880432128906,121.86642574417216,119.77652470840042,121.5359751506735,6285500
2021-05-06,121.46450805664062,121.94678760703776,118.87446149778962,120.11589967472109,8352500
2021-05-07,123.11677551269531,123.86699412701954,121.72349485015822,122.30403186653602,6893700
2021-05-10,115.1590805053711,122.07183172015581,115.051910293654,121.48238192776022,19537200
2021-05-11,114.64999389648438,114.81968914908339,111.43475810319366,111.86345938882111,11948000
2021-05-12,111.3008041381836,113.54253420427385,110.46126774503229,112.56010191393423,13529600
2021-05-13,113.524658203125,114.74823012250076,112.41718960914265,113.53359132476305,10633000
2021-05-14,116.23974609375,117.37401410060255,114.14984526445724,114.88221136228444,9391100
2021-05-17,115.92716979980469,115.9539623537305,114.06054237991842,115.47166912716146,5917400
2021-05-18,115.13227844238281,117.21325285835904,115.0250946115676,116.6773745881345,8651100
2021-05-19,116.69525909423828,116.84708811470824,112.93521156252613,113.59612638217712,8112900
2021-05-20,118.463623046875,119.03522020304521,117.40974632654132,117.47225773858511,9208400
2021-05-21,117.40973663330078,118.50827205894376,116.54340784857298,118.01705259936355,8674000
2021-05-24,118.70477294921875,119.67827204063192,117.29363944950487,117.29363944950487,8229300
2021-05-25,119.45498657226562,119.94620606506886,118.60652397266962,119.2674250830313,7271400
2021-05-26,118.8655014038086,120.14267185110938,118.08849029351589,119.5621348739914,6663300
2021-05-27,119.35674285888672,120.24986425520522,118.526146501727,118.54399911752864,7379300
2021-05-28,120.16055297851562,121.14299201727098,119.63361459770672,119.81223616076632,7042200
2021-06-01,119.62467193603516,121.52702471104026,119.25848892365346,120.66069593928346,7059600
2021-06-02,120.12738800048828,120.94426532838109,118.91551609700575,119.55286039780647,6026000
2021-06-03,118.29610443115234,119.74136776474322,117.97293953365715,119.07708055947792,6644000
2021-06-04,120.59416961669922,121.23152760698632,118.67313748620997,118.9693731410624,7416700
2021-06-07,119.67857360839844,120.0825264281938,119.06814475165636,120.01968232195051,5563300
2021-06-08,120.46849822998047,121.53673824686743,119.39128635574286,120.34282373961095,9657900
2021-06-09,119.29251861572266,121.50081418391169,119.20274526919458,121.27639451508104,6717200
2021-06-10,120.4864730834961,121.27643496445292,119.01428011284555,119.43619032676621,5522300
2021-06-11,120.84552764892578,120.87245691979523,119.97477803083278,120.10943808267284,6529900
2021-06-14,123.26029205322266,123.26029205322266,120.99813730759784,121.36618895739069,7912600
2021-06-15,121.70731353759766,123.32313838514344,121.39312042647991,123.10769050630608,5723600
2021-06-16,121.14178466796875,123.02691614589742,119.983784724095,122.50626065487431,7404700
2021-06-17,121.5008544921875,122.64089692586727,120.36977021964707,120.56726068953526,6618300
2021-06-18,119.39128112792969,120.80961528427626,118.70905016686704,120.7826860159114,12753600
2021-06-21,120.25305938720703,121.27641268247514,119.08607419497353,119.43616838289442,6371400
2021-06-22,121.25847625732422,121.46493858401237,119.65162323909368,120.48647179938806,5976400
2021-06-23,121.65342712402344,122.29077136115448,121.01606918940182,121.08788513256275,6613800
2021-06-24,123.80787658691406,124.33750386909264,122.3985277871769,122.64089123648296,7941700
2021-06-25,123.5655288696289,125.19931148884798,122.9551136256328,124.2836749253571,7949200
2021-06-28,125.4236831665039,125.82763588743946,123.86171712172943,124.08613682197046,6645500
2021-06-29,128.02694702148438,128.32318267137848,125.00177382626507,125.34289615599005,6885400
2021-06-30,128.3052520751953,128.93363832917487,127.32678525884744,127.78461031231792,6449700
2021-07-01,126.39320373535156,128.3860521763982,125.98925093189493,128.28730694022045,6094100
2021-07-02,127.99102020263672,128.08077984678823,126.79710598576239,127.46139310042979,5399100
2021-07-06,126.7432861328125,128.52965837812474,125.38778222687998,128.36808275085735,7095200
2021-07-07,125.64811706542969,127.79356909427796,124.8312259768428,127.68585200918713,5034900
2021-07-08,124.14000701904297,124.66066241620689,121.72526232352263,123.62833717712726,7501100
2021-07-09,126.95868682861328,127.22799316721334,123.70909444931014,123.78091038610279,7356800
2021-07-12,127.89230346679688,128.38602956071406,126.7522475222048,126.93178054794963,6786500
2021-07-13,126.73430633544922,128.06288103053288,126.05207527127997,127.86539056768243,5657600
2021-07-14,129.04132080078125,131.36630548468102,127.91922235903532,128.81690111243205,11305700
2021-07-15,126.98565673828125,129.39142949266997,126.32136945509563,129.37347208028865,6667400
2021-07-16,125.41470336914062,127.92819289470899,125.25311407250231,127.35367904636614,5914300
2021-07-19,124.58881378173828,124.68755898111813,122.81141389038999,124.16691741801252,9371300
2021-07-20,125.27108764648438,126.05206387144933,123.1615368465887,124.79531894650661,6020400
2021-07-21,127.62301635742188,127.66790304501137,125.36086153835186,125.36086153835186,6161900
2021-07-22,127.86540222167969,128.23345390849107,127.02158174850035,127.47042125997916,3862600
2021-07-23,130.0557098388672,130.15445505545904,127.4973197619367,128.77202202317318,6310400
2021-07-26,128.81690979003906,129.60687152944013,127.68583941566256,129.22086251678127,6253900
2021-07-27,126.50984191894531,128.36804324561703,124.06816866309597,127.91023207842443,7575800
2021-07-28,127.86540222167969,128.28731245826935,125.80073772937823,126.81511940851867,9303400
2021-07-29,135.54049682617188,136.0162653886574,131.42912719201396,131.50991497866508,19446900
2021-07-30,134.47232055664062,135.01990530926977,133.17966057027053,133.9337076631548,8404800
2021-08-02,133.6284637451172,136.6985235291657,133.04497801708564,134.6518170064667,10823800
2021-08-03,132.8115692138672,134.2747899693791,131.56379629089707,133.67334684654367,6223400
2021-08-04,133.05397033691406,133.93369184135616,132.2550366477028,132.87443729279227,5556400
2021-08-05,131.8061981201172,132.38071208386296,129.77744868196666,132.17424976653848,7169200
2021-08-06,131.3124542236328,133.0629251502057,130.9892893066123,131.1778078821624,5733300
2021-08-09,131.8870086669922,132.60515466982207,130.83672578807045,131.77030600350233,4966600
2021-08-10,130.9444122314453,132.40763317104154,127.82946546036784,132.2460575494258,4197100
2021-08-11,131.67152404785156,131.77026926692994,129.62481741376521,131.11496755713267,6216000
2021-08-12,132.0934295654297,132.85646202225678,131.41119861046636,132.64101417977244,5777700
2021-08-13,133.43099975585938,134.0324430139599,131.89596271093578,131.95880681278655,5764000
2021-08-16,132.97317504882812,133.8259672336012,131.70744455803737,133.2155384809002,4410800
2021-08-17,129.63380432128906,131.95878922499807,128.8797573845443,131.9139025435864,7256800
2021-08-18,127.63195037841797,129.85820340592204,127.45241737877794,129.12210030066103,6546500
2021-08-19,126.2226333618164,126.97668036645764,124.74146862430733,126.25853449168316,8661000
2021-08-20,127.55118560791016,127.70378937002572,125.94434647946439,126.2226247337629,6141000
2021-08-23,129.39141845703125,129.813328578308,127.78457947200265,128.05387214729322,6936900
2021-08-24,129.67869567871094,130.69306348823264,129.12212546462283,129.79538461759847,7066800
2021-08-25,129.14907836914062,130.54945547199924,128.7900122341751,129.6787194098331,5721600
2021-08-26,127.81151580810547,129.05030327542622,127.12927113299506,128.53863346658525,6825100
2021-08-27,130.02877807617188,130.11853773658436,127.3985721014935,127.64992106663455,6274500
2021-08-30,131.0072479248047,132.73078959896068,130.66612559328192,130.69305486182407,5263600
2021-08-31,131.68055725097656,132.4346044527032,129.7684962703512,131.77930250578578,7820500
2021-09-01,132.0773468017578,133.56542352397273,131.86992292943205,132.4290715249565,6451400
2021-09-02,130.87786865234375,132.4741640939069,130.32773371266867,132.30280855775274,6006700
2021-09-03,130.4359588623047,131.6624884735583,130.075206764121,130.8778612608122,5505800
2021-09-07,129.6422882080078,130.5531612441381,129.0741123847728,130.48101084108586,6361200
2021-09-08,128.53302001953125,129.5250572145081,127.60410583379796,129.29057869815733,5981300
2021-09-09,127.68525695800781,129.4528936958275,127.56801083106174,128.48791128270076,6190800
2021-09-10,128.6772918701172,131.6714716668613,128.5510321052715,129.08313960688332,6263300
2021-09-13,129.335693359375,130.52614091987755,128.09112266137538,129.88582828633133,4312800
2021-09-14,127.2884521484375,130.59827493668183,126.81948134470812,130.291646002479,6442100
2021-09-15,124.67308044433594,127.16220807384617,124.0237404085879,126.99085254201185,11289100
2021-09-16,124.81736755371094,125.3224205070683,123.84337126116505,123.84337126116505,6719900
2021-09-17,120.48844146728516,124.45661798549729,120.07358001903492,124.28526246907404,14550500
2021-09-20,119.73087310791016,120.0555431077613,117.7918805118424,118.56748030252652,9647100
2021-09-21,118.81997680664062,120.76799642739277,118.39610178468209,120.47939481189654,6175300
2021-09-22,119.95631408691406,120.38921650792865,119.02740000390413,119.57753478948808,5163000
2021-09-23,120.76800537109375,121.89532971270738,120.14572013271766,120.62370455265916,5918900
2021-09-24,120.740966796875,121.34521107324325,119.76695678441585,120.04653105663107,4554600
2021-09-27,120.3802261352539,120.88526535383697,119.06351870984618,119.43327071976738,4319500
2021-09-28,117.15154266357422,119.71283408286867,116.9711735171888,118.81998823052778,8851700
2021-09-29,116.59239196777344,118.5494253795307,116.2406673225504,117.77382567964355,7037200
2021-09-30,116.32183837890625,118.21574889727746,116.06931881129466,117.557395293239,6976800
2021-10-01,116.0783462524414,117.25978003586388,114.05817594959225,117.0613698382053,6863700
2021-10-04,114.24757385253906,117.05235086482843,113.5621586332629,116.26773742022169,8470300
2021-10-05,115.01415252685547,116.1324633736369,113.35473418230387,113.75154772346386,9244300
2021-10-06,115.49211883544922,115.68151537470102,113.69742045854505,114.130316021541,8513700
2021-10-07,115.2937240600586,117.89108402378217,115.06825916768773,116.57436299737093,8010600
2021-10-08,114.13031005859375,115.97009718343928,113.82367428402536,115.97009718343928,6920500
2021-10-11,112.67832946777344,114.74358857293717,112.6242132182953,113.68840771613857,6288200
2021-10-12,110.88363647460938,113.15632654860467,110.180187078587,113.07515560564059,10531500
2021-10-13,112.76850891113281,113.92288793138644,111.39767866410035,112.91280284834366,12373800
2021-10-14,116.03325653076172,116.61044610984517,113.62528622982019,113.77860758726621,10637900
2021-10-15,117.422119140625,117.6746387319649,116.05128867243292,116.35793140016192,7609700
2021-10-18,117.34996032714844,117.48524751651694,115.65447372959737,116.62848369565504,5290000
2021-10-19,119.49639129638672,119.76695191572982,117.53034406764397,118.16164300525473,7330700
2021-10-20,119.18974304199219,119.95631528445386,118.3780613154485,119.49637193897686,4804100
2021-10-21,119.99240112304688,120.18178389893711,118.50432479178028,119.04544595974684,4579200
2021-10-22,118.7027359008789,120.5695915598603,118.53138040430191,119.85711489106993,5216200
2021-10-25,118.98233032226562,120.10064117938549,118.41416813241874,118.88313897718324,4876300
2021-10-26,118.99132537841797,120.65975692668714,118.20671214398314,119.85710265201195,5802200
2021-10-27,118.323974609375,119.37013502900031,117.70168929492056,118.99135565526393,5090400
2021-10-28,120.56959533691406,120.69585511288142,118.92820448805497,119.03643698265805,5016700
2021-10-29,119.98339080810547,120.56058038086789,119.45129696597611,119.82106269136834,5251100
2021-11-01,121.57966613769531,121.63377550105862,119.44226371714868,119.44226371714868,6903000
2021-11-02,121.95848083496094,122.40941067555889,120.95741603838202,121.34522285716531,7321900
2021-11-03,124.8895034790039,125.22320086175594,121.78710450349361,122.42743082279894,13216000
2021-11-04,140.789306640625,143.91876064097633,138.2550832956151,140.97870321688302,48321500
2021-11-05,147.0301513671875,152.00841959882857,140.6089162101481,141.6550765199284,27226600
2021-11-08,149.57342529296875,151.25088475693556,145.45192017423688,147.19251641778547,14541400
2021-11-09,150.37608337402344,152.88325210643882,148.24769404420826,150.16864574587464,12353900
2021-11-10,144.11715698242188,149.81690210899853,143.42272128472388,148.88798788538895,11327100
2021-11-11,148.2837677001953,149.3118871902545,145.551133956583,145.9208997300018,7624200
2021-11-12,148.752685546875,149.7266953103464,148.2025507849499,148.80679490685424,7371000
2021-11-15,151.97235107421875,153.26201741423293,149.537332989277,150.15961829392228,12350200
2021-11-16,163.96710205078125,165.6986709410086,150.66467210894274,151.6116275011275,33338200
2021-11-17,165.52728271484375,168.04347836748357,161.09916313168577,163.04716914768142,21678900
2021-11-18,168.0345001220703,170.19895782300856,164.81485449854176,167.0604900282622,15542600
2021-11-19,166.84400939941406,168.28699012035506,164.4089914739497,166.56443515303673,11889100
2021-11-22,163.5972900390625,170.2440031903186,163.2185107415283,163.33575686741355,16062800
2021-11-23,163.18247985839844,163.53420455546592,159.64719184238317,162.64135858847052,10696200
2021-11-24,162.9750518798828,163.03817489504956,159.92676207486477,161.9018367704813,7886200
2021-11-26,158.49281311035156,162.56019500495646,157.87954141854203,158.42967633211703,7835900
2021-11-29,165.70767211914062,166.00528741022737,161.43285306710038,161.8657417808247,10440500
2021-11-30,162.83975219726562,168.47637417884624,162.64134200261125,165.23870181533454,19309200
2021-12-01,158.9923553466797,165.79996641668228,158.7117242436661,163.75406400978912,10637700
2021-12-02,160.2597198486328,161.0382514977033,154.99106309916382,155.78769017699327,13101400
2021-12-03,159.78900146484375,163.19282121808732,157.25425970813885,161.17406171522413,12111800
2021-12-06,158.82937622070312,160.21443610078876,155.95062864665934,160.123917526996,8577500
2021-12-07,166.3159942626953,167.27557703377187,161.59048975961844,162.10649963461606,9910100
2021-12-08,165.32923889160156,166.31597852977725,163.65448615184604,165.67323162908636,4799400
2021-12-09,164.99429321289062,170.0456949795409,164.31534158532966,164.5507203234001,9398900
2021-12-10,166.46084594726562,167.97264331811184,163.98945196117603,167.97264331811184,6854800
2021-12-13,165.95387268066406,173.17791338571428,165.76376016668428,169.1494702399979,16346800
2021-12-14,164.7407989501953,166.47891324715644,162.4142655064401,164.03469044872062,8542800
2021-12-15,171.34930419921875,171.80193867011977,162.93030027779855,166.54232832837937,11082000
2021-12-16,161.27362060546875,174.42717430074333,159.42687845258013,172.27264409125743,14873000
2021-12-17,160.05152893066406,163.0570142074609,158.4401515482905,159.0828846701881,16232300
2021-12-20,159.93385314941406,160.3050167095326,157.02794774777138,157.77930877081153,6306400
2021-12-21,162.56817626953125,163.0841723137466,157.7159348442962,162.38712526828562,7702400
2021-12-22,164.19766235351562,164.32439943529067,160.80290429171325,162.04311815003382,5227200
2021-12-23,165.4288330078125,166.30694488880988,164.1976668312919,164.33345163214457,4918900
2021-12-27,168.67874145507812,168.75116461851823,165.6823038609369,165.8543071474439,4865900
2021-12-28,167.31179809570312,169.0408511280454,166.10778884883638,168.91411403960188,5399400
2021-12-29,168.56101989746094,169.63829180128198,167.07637986372777,167.1850076814901,5417200
2021-12-30,165.41976928710938,168.85074588512757,165.03955803645331,168.2713743869889,4108400
2021-12-31,165.5465087890625,167.6105206446654,165.30209614719558,165.9448292898466,4113300
2022-01-03,168.57009887695312,169.17662727776047,164.97618085865946,165.5827092594668,5990200
2022-01-04,169.49349975585938,171.03245419108327,163.8627258444138,169.28529176740105,8484200
2022-01-05,168.83261108398438,175.2419150819273,167.23028163117263,168.83261108398438,17141200
2022-01-06,168.33474731445312,170.61602878472993,165.66420685190621,167.0402194322819,9117700
2022-01-07,163.319580078125,170.51646571003846,163.05704433834188,168.92319727723802,7386200
2022-01-10,162.65867614746094,162.94836876676573,157.2994870100616,161.38225775689926,11159300
2022-01-11,167.8368377685547,168.06315497903725,160.43174527195188,162.21512599561908,9591000
2022-01-12,168.76022338867188,171.5122485264446,167.64674653111666,168.9231789704131,7317500
2022-01-13,166.46987915039062,173.43139843548542,165.92671234483694,170.82421987011682,10190900
2022-01-14,170.81517028808594,172.08254106945267,164.76796758467972,165.4831376646196,9587300
2022-01-18,161.9163818359375,168.38000066372234,161.38227654687503,168.26231129676398,10471200
2022-01-19,156.1317138671875,164.04376829519276,155.95066286657143,163.46439680523784,10082700
2022-01-20,150.7272491455078,158.4129859215731,150.53713662728984,157.99655621244597,9468500
2022-01-21,149.30596923828125,155.74243064345532,148.98008574702152,150.49188291135349,11898700
2022-01-24,153.9590301513672,154.63798156925827,143.57559869535538,146.8164479743831,17489100
2022-01-25,149.77670288085938,154.18537082019773,145.9293109256768,150.4284974465664,10708500
2022-01-26,151.1798858642578,158.01466789802754,148.3735471282818,152.6102121905103,10492200
2022-01-27,145.92933654785156,155.20834230425822,145.3952312390178,153.27106750862364,10743000
2022-01-28,151.0078582763672,151.1255476187706,142.4711817079777,146.66256608060797,10320800
2022-01-31,159.11001586914062,159.28201912592354,150.09354768523687,151.2341812323658,11273500
2022-02-01,160.3502655029297,160.62183508981025,156.71108109236926,159.7256278264933,9724600
2022-02-02,170.37156677246094,170.76988721104578,163.18373107610026,163.79932097572342,25646300
2022-02-03,162.13363647460938,173.90213006668498,160.49508845592135,163.67259056629678,36120200
2022-02-04,162.46859741210938,165.13008997239552,160.06057901820225,162.03407224307472,15708400
2022-02-07,158.50350952148438,163.5368017963171,157.91509033183806,162.64964224762855,10376300
2022-02-08,161.67193603515625,162.3056213711865,157.49864671838694,157.7973870510807,10163900
2022-02-09,166.5242156982422,166.56948190707408,161.99787108120213,164.21577718089023,9666900
2022-02-10,157.5801544189453,164.74988201099168,157.01887834221282,162.4052252052304,14362200
2022-02-11,149.04345703125,158.8565676628994,148.05671733887343,158.15045909282205,13572000
2022-02-14,149.487060546875,151.94939310391317,147.08808963104863,149.68622081349628,8381700
2022-02-15,156.6115264892578,157.48059074878773,152.31149902784756,152.99045073228075,11100000
2022-02-16,156.24940490722656,156.80161944366935,152.32052770391428,154.5112766054381,8340600
2022-02-17,150.9988555908203,154.59277423621936,150.9083231753127,153.7870854661074,8878900
2022-02-18,151.75927734375,154.30308073424453,148.68136861920792,151.6053832888536,9591700
2022-02-22,150.17506408691406,153.85951530758783,148.10200428964544,148.51842026710008,9835500
2022-02-23,146.30955505371094,153.13529028844354,146.03798543462403,150.8630565111638,9749000
2022-02-24,152.0670623779297,152.41106897209755,141.03183253632932,142.02763382823275,12567000
2022-02-25,154.7375946044922,154.8824409326008,149.9125238924668,151.73210926942272,7350200
2022-02-28,155.69717407226562,156.60244280358418,152.26619784511777,152.35673024357146,10638900
2022-03-01,148.18344116210938,155.5613758130881,146.4000606524668,154.76474872084145,10723300
2022-03-02,153.8558807373047,154.98310163697886,149.4015653662499,150.2197003949164,7299400
2022-03-03,150.31063842773438,155.29220254011778,149.5379444127918,155.1467519703284,8553900
2022-03-04,147.5016632080078,150.96513693186594,145.3472306096184,148.94705555960434,9057300
2022-03-07,136.4477081298828,148.31983779404172,136.3567980494775,147.55624305398806,13416100
2022-03-08,137.04762268066406,143.93818561985296,134.4295824465256,136.95672650091535,11878400
2022-03-09,142.82005310058594,144.06544024732477,140.1474587197937,141.82009810405646,9276800
2022-03-10,140.6383514404297,141.17468463618923,136.65673008894817,140.0292791126533,8888800
2022-03-11,138.48394775390625,143.9200482456093,138.19306049162523,143.58369207646848,7394400
2022-03-14,128.43899536132812,137.52944772628933,127.69358548028465,137.08402443780113,16154200
2022-03-15,131.09339904785156,131.29337620718522,126.40272303597511,129.538925834628,13893000
2022-03-16,136.76583862304688,137.77487928390545,130.51161748822605,133.6023654177584,11727700
2022-03-17,138.9293975830078,139.02939312280242,133.24786434679373,135.62047318107395,8602900
2022-03-18,139.98390197753906,141.83834843519264,135.45684603306628,138.64760416959527,18454200
2022-03-21,141.43832397460938,143.36550902149202,138.911179702806,139.98386013516438,8986400
2022-03-22,143.27459716796875,145.3926738918582,140.69291244178356,141.31105644484455,7220500
2022-03-23,138.96571350097656,142.91097959242092,138.70209653751002,141.91102448080275,7245600
2022-03-24,144.04730224609375,144.13819843959308,139.62024288191844,140.26567104912695,9261000
2022-03-25,143.60186767578125,144.04730480590726,141.06562386501864,143.60186767578125,7198700
2022-03-28,144.0382080078125,144.08366304163286,140.0384147083406,142.26557265624947,9470800
2022-03-29,146.41990661621094,146.6289831134921,142.40191491134587,146.5471723803292,10212400
2022-03-30,138.83847045898438,145.6926790814486,137.98396574580823,144.8927148612958,14777800
2022-03-31,138.9202880859375,141.02926564541903,137.29308948091932,138.98391403428988,13364200
2022-04-01,133.62054443359375,138.965720197006,129.5934674219533,138.12031491084235,19762100
2022-04-04,139.8202667236328,140.1111679012935,133.32059784939105,134.30236851759844,12116000
2022-04-05,132.22972106933594,138.18395604043363,132.05700026175987,138.00214977438,15946100
2022-04-06,126.61180114746094,129.99345004860945,124.95734626881548,129.90253998971494,21054200
2022-04-07,126.5572738647461,128.62081035278672,124.46646713037738,127.07542241590836,10201200
2022-04-08,124.25737762451172,127.22995900178633,123.95739107534386,125.93910274624194,12992500
2022-04-11,123.04839324951172,125.09374552169713,121.53028900533494,122.075707955358,11210400
2022-04-12,123.71194458007812,127.41176480260299,123.17561129901644,125.37549878095251,10591300
2022-04-13,127.72085571289062,129.62075692792405,124.06648997873982,125.03007570996522,10440800
2022-04-14,124.45738220214844,128.68443685215559,124.2482918181705,128.22082879167428,8002600
2022-04-18,126.64815521240234,127.5844704464764,123.2301371578322,123.28467763811989,8785700
2022-04-19,128.22079467773438,128.53895209191256,125.03003798338749,126.20271375220867,7213800
2022-04-20,127.57538604736328,131.63881875538752,127.3208545289529,130.18435491746075,7731600
2022-04-21,123.7301254272461,130.5752337165084,122.95743156691036,129.3934723475531,8576500
2022-04-22,120.73030090332031,124.83918943528303,120.58485033011648,123.74833787811447,8315100
2022-04-25,124.13921356201172,124.36647486799693,119.00311359511772,119.37582546595651,9673200
2022-04-26,121.35752868652344,123.94831293719135,120.56666383715103,122.73928121160822,9262800
2022-04-27,122.81200408935547,125.54822497005055,118.7758414442337,118.92129199580683,13855900
2022-04-28,134.71139526367188,137.44761601454326,126.47544889687025,129.87526868528258,31111100
2022-04-29,126.98451232910156,134.08415234582714,126.8299763265024,132.5478639063808,13693100
2022-05-02,132.05697631835938,132.41150332770937,126.50271059125829,127.81173766298953,13320900
2022-05-03,131.1388397216797,132.43878141357723,129.77527208634888,131.54792110902073,7556800
2022-05-04,135.4931640625,135.90223155050688,127.58447510097014,131.4297316817171,11038100
2022-05-05,128.75717163085938,133.61147004902355,126.52091416096835,133.61147004902355,14561400
2022-05-06,127.79357147216797,130.99341434964688,125.33915229102094,128.40263007064652,10080600
2022-05-09,122.64836883544922,127.36631533952048,121.86658945886613,125.43914407809949,11668100
2022-05-10,124.36650085449219,127.08455163554906,122.38478851026662,126.8118352371966,8841200
2022-05-11,120.26667785644531,125.71184950620712,119.8939660105387,122.74836726793359,11530900
2022-05-12,119.78489685058594,120.95755912354043,116.19416394058905,119.08492812203882,10749800
2022-05-13,122.65745544433594,123.62105495501682,120.44848238764949,122.07566710311197,9280700
2022-05-16,121.73023986816406,123.61195612355128,119.99396029547195,121.79386581604412,6378800
2022-05-17,126.98451232910156,127.26631409095457,124.26646248462515,124.76644006416795,9094100
2022-05-18,118.58494567871094,124.79372616984786,118.06679711836183,124.38465859674506,11992700
2022-05-19,118.69403076171875,121.25753084739141,117.70316101576194,118.58493591252788,8419500
2022-05-20,119.6303482055664,121.16662286926521,114.4124240110269,120.7939248968132,11370100
2022-05-23,120.10305786132812,120.38485967855975,116.49414699286548,118.13043126977665,10023400
2022-05-24,116.83956909179688,118.484938552715,114.58514106015329,118.484938552715,9157100
2022-05-25,119.29400634765625,120.05761491283874,115.67601007361496,116.1759877439934,9766000
2022-05-26,122.57563018798828,123.63012576619288,118.0485897607033,118.18494096869244,7932800
2022-05-27,127.04814910888672,127.39359071529223,123.72105429865408,123.72105429865408,9180800
2022-05-31,130.1934356689453,130.875219469528,124.9391562887955,126.811786908381,16007300
2022-06-01,127.95455932617188,131.509359658223,126.26396720716687,130.26654953487633,8514300
2022-06-02,133.60206604003906,133.64776037083658,127.662165579113,128.17390861856046,9589500
2022-06-03,129.05117797851562,131.07988333306196,128.4937406703934,129.92844767867322,7458900
2022-06-06,128.3383331298828,132.47798338841883,127.86313745637165,132.4597028776065,7238700
2022-06-07,129.6634521484375,129.90104313752053,126.55643299417606,127.14128415064708,6062800
2022-06-08,126.98591613769531,129.54463086053374,125.60602290079018,128.62166690293483,6773000
2022-06-09,124.9297866821289,128.33837089456344,124.91150616593738,125.89844488105548,7153200
2022-06-10,121.72223663330078,124.33579278225378,121.00944986030895,123.1386768928431,8544700
2022-06-13,117.57344055175781,120.03164693390099,115.6909448995555,119.33712679979514,12320900
2022-06-14,119.03556823730469,120.56166365707097,117.71966389394716,118.98988786273158,6794700
2022-06-15,119.73921966552734,121.79533846852931,117.16222468328453,120.32407067840109,7860000
2022-06-16,110.40901184082031,115.73664586517708,108.77325424458846,115.38025249207355,16422800
2022-06-17,110.5643539428711,112.24580574456687,108.16098215735296,110.95730134989996,17273400
2022-06-21,113.67137908935547,115.25230897420778,113.0591143074192,113.10480165074321,9208500
2022-06-22,111.63355255126953,113.00429848944147,109.98865463667347,111.30457296835031,9081000
2022-06-23,109.74191284179688,112.33719535784628,108.04219434877417,112.17270557181516,7908900
2022-06-24,114.3202133178711,114.56695149853428,111.26802228281244,111.83459282571756,8128000
2022-06-27,116.22098541259766,118.83453472634469,114.63092199179358,115.32542828429781,9947300
2022-06-28,120.26012420654297,124.69219468022231,115.69096379121845,118.59694566006783,27081900
2022-06-29,119.0081787109375,120.23272255493812,115.96512750876538,118.87110967136148,9973300
2022-06-30,116.73271942138672,118.88021994673369,114.53039129082279,116.61392395275853,9277900
2022-07-01,112.885498046875,115.83717408705671,111.57871995044385,114.91420318684253,7672800
2022-07-05,114.9873046875,115.2980037412134,109.98865025013866,110.664882933848,8113100
2022-07-06,116.11132049560547,117.18050068594061,114.28365919029085,115.19748984294816,6038400
2022-07-07,122.81884002685547,123.1021392556764,119.03558150126254,119.39197491512456,9408100
2022-07-08,124.29011535644531,124.63737550370166,120.27839891948372,121.10085496130917,8393200
2022-07-11,120.84497833251953,123.00161936984473,120.004255751047,122.07864142691886,5887200
2022-07-12,121.4937744140625,123.6869762011674,120.5890910521358,122.21570839033244,5991300
2022-07-13,123.95198059082031,124.99374690499823,119.27317243506656,119.30058623723323,7200200
2022-07-14,129.67257690429688,130.08381189396644,122.31625057546076,123.31232273916807,10718700
2022-07-15,131.92970275878906,132.94405515567655,129.7913427687927,131.37226560475276,11880500
2022-07-18,129.48069763183594,133.81224701245483,128.6856692404975,133.39189262271708,7856600
2022-07-19,134.67120361328125,135.67642279527692,130.84225137997174,131.71953484279956,9686500
2022-07-20,138.63723754882812,139.20380802234178,133.98582949645032,134.72603000383364,8517400
2022-07-21,142.42965698242188,142.48448459474594,137.6503262075223,139.7064453333756,8060400
2022-07-22,140.45578002929688,143.16072511806075,139.2221169135303,142.24689439055206,7200100
2022-07-25,140.04454040527344,140.76646044886053,138.6006863741508,139.63331942125808,4928900
2022-07-26,137.0471649169922,139.54191834534035,136.9009486864798,139.4688102300842,5941800
2022-07-27,140.1999053955078,141.46099623323937,137.57721572846606,138.47276591702544,12863000
2022-07-28,133.83050537109375,137.06547390955208,130.67779219435562,136.87356332413842,17051000
2022-07-29,132.56028747558594,132.78874516500173,128.5485710072027,132.13993313567332,11749400
2022-08-01,134.72604370117188,136.58113271695046,131.65558615658387,131.8748965846551,7611400
2022-08-02,134.36050415039062,136.52627808375826,132.35921302231532,133.13597456450034,5946400
2022-08-03,136.30694580078125,137.38525897961026,133.95839497985577,134.93620020087945,6890200
2022-08-04,137.99754333496094,138.13462628084866,134.98191374069305,135.86831652648667,6254700
2022-08-05,137.2665252685547,138.24431693569863,134.94538731815157,135.76784337255816,5041300
2022-08-08,135.0732879638672,138.16203960716808,133.92186651967648,136.90094901785403,5553300
2022-08-09,130.22998046875,133.87616920970905,129.1333866496783,133.04458010220046,6770800
2022-08-10,134.32395935058594,134.4975754444787,131.30831570669383,133.28219306749023,6840000
2022-08-11,135.0915985107422,138.57329136156602,134.35139785035608,135.53023335690614,6243200
2022-08-12,138.25343322753906,138.41792999577856,134.49758868946896,135.2469365173227,4967500
2022-08-15,139.02105712890625,139.5419333331249,135.61245886572198,137.36702593242876,4502900
2022-08-16,137.1020050048828,139.35003443593556,136.0236915805211,138.39964279498943,5270800
2022-08-17,135.73126220703125,136.73648147648987,133.74825141541635,135.4571102295472,5169600
2022-08-18,138.33566284179688,139.73382236388846,135.0275870147247,135.31088617708966,7808200
2022-08-19,134.88140869140625,137.42185676732961,134.2417160851652,136.42577076752949,5400300
2022-08-22,129.4075164794922,133.24560116243043,128.94146802060249,132.77955270354076,6736800
2022-08-23,128.59426879882812,131.23523920187714,128.44805252711404,129.84621250849582,4499300
2022-08-24,129.13340759277344,129.49894822104602,126.66606761371759,128.1647493297622,5113100
2022-08-25,133.64773559570312,134.33310859875803,129.7822357627794,130.07465432656244,5618800
2022-08-26,126.45589447021484,134.66209010538861,126.15432867132527,133.56549607375808,7918600
2022-08-29,125.26793670654297,127.14129276946682,124.3815196515588,125.93502933400086,6852300
2022-08-30,122.8279800415039,126.38278068412819,121.48464788111345,125.9258653627423,6147400
2022-08-31,121.55062103271484,123.29663623356358,120.65923033965878,122.94742758451736,8701100
2022-09-01,119.39105987548828,119.58404728699492,115.86226339180467,119.44619512957853,8716300
2022-09-02,118.0677719116211,121.91820987092943,117.22233186194602,120.97168383584795,6121400
2022-09-06,116.40445709228516,119.0234941017194,115.98173707598286,118.39859510759034,6674200
2022-09-07,118.17806243896484,119.26242668078105,116.12878200780634,117.13963490195636,5340100
2022-09-08,118.40777587890625,119.28078341018052,115.69684484030053,117.1396090094023,6618800
2022-09-09,121.34844970703125,121.8630641258468,119.74945717240468,120.0894672657954,5097300
2022-09-12,122.22145080566406,123.34258102505517,121.59656590813617,122.22145080566406,7081300
2022-09-13,114.80547332763672,119.37269069169419,114.40112938760979,117.97588401802786,9610900
2022-09-14,117.19475555419922,117.53477266276288,115.32927125252728,116.03686608688378,7509300
2022-09-15,114.85140991210938,117.70017920251637,114.16219119615145,116.43201227805278,7459600
2022-09-16,114.82384490966797,115.54982285939599,113.07782962493285,114.06111479510201,13818500
2022-09-19,116.3860855102539,116.87313235197836,113.4086621870598,113.60164261428478,5922700
2022-09-20,114.658447265625,116.2941992607723,113.84976632157108,115.54983811922699,5672700
2022-09-21,114.5206069946289,119.27161358824803,114.4103294542926,115.27415265918519,8123700
2022-09-22,113.65676879882812,115.01683023920194,112.54483003871036,114.64005395107083,8753000
2022-09-23,111.36856079101562,112.73780672159418,109.40199055157672,112.42535724773522,10681300
2022-09-26,110.03607177734375,113.19729077107942,109.89822662148279,111.69019962548354,6424600
2022-09-27,110.58744812011719,112.73781437579187,109.12630766076443,111.70857846585999,5544400
2022-09-28,109.29171752929688,110.68853114514837,108.23491401796998,108.970083507005,11321200
2022-09-29,105.53316497802734,107.95002972934824,104.26500508201269,107.77542541347769,12125800
2022-09-30,103.82391357421875,106.85647180883254,103.76877130774157,104.54069993856208,7568100
2022-10-03,107.72029876708984,108.7311515485411,104.45799382444247,105.67101856440313,7481700
2022-10-04,112.45292663574219,112.5264379693098,110.56905936755413,110.64257771221698,6637200
2022-10-05,114.76870727539062,115.38440768457092,110.76204832579151,111.08368234468452,7070300
2022-10-06,115.12710571289062,116.90069568195919,114.31842485554337,114.41951083909879,6238600
2022-10-07,111.11125946044922,114.0519234288534,110.56907037843648,112.68267742585545,8618500
2022-10-10,105.3126220703125,111.23071589469295,104.25581860008805,110.81718044403353,9512600
2022-10-11,101.11299896240234,103.37363594900019,99.84483880243673,102.92334826345466,10758800
2022-10-12,99.83562469482422,101.82057789954915,99.59669358438248,101.37947485035635,6987900
2022-10-13,103.71365356445312,105.86401302057223,96.17819690912542,96.83984111871048,10455000
2022-10-14,101.03947448730469,105.67102572018136,100.89244478731142,105.34020013132614,7989800
2022-10-17,102.54656982421875,105.20236618855775,101.64599447159283,104.68774469024639,7886400
2022-10-18,102.1973648071289,106.68187936221423,100.66270593199211,105.63426732675948,8908900
2022-10-19,103.70443725585938,104.45798274147339,101.77462633036936,101.87571229889886,5620200
2022-10-20,102.90495300292969,106.68186514678494,102.66602188302095,103.99850860690185,7736400
2022-10-21,106.3602523803711,106.58999200008657,102.02276723836735,102.69361001281915,7490100
2022-10-24,106.9483642578125,107.53649700797794,104.98179405986643,106.91160508454024,6525700
2022-10-25,109.51226806640625,110.21986994266435,106.81053520650953,107.12297768925497,6205100
2022-10-26,108.53817749023438,110.95503556503901,106.74621140963158,108.47385068249726,7342300
2022-10-27,105.40452575683594,110.82638172323581,105.11045934905303,109.65011609210421,8937200
2022-10-28,109.54902648925781,109.76957453503728,103.22659542517707,104.917475461313,9418700
2022-10-31,108.12464904785156,108.78629320860229,106.04780109424226,108.556553607883,6870800
2022-11-01,107.82139587402344,110.85395453135162,107.28839829405362,110.03608207740673,5749100
2022-11-02,103.3828125,109.16306125799815,103.15307291666666,109.08954290866852,13936300
2022-11-03,95.46139526367188,97.86906877538006,93.669429203209,95.92087445980042,24706100
2022-11-04,98.04366302490234,98.78801700248682,95.87492088144849,97.97014467842364,11977900
2022-11-07,101.1681137084961,101.34271802529598,97.64850882353277,98.76963904722518,7570800
2022-11-08,103.41958618164062,105.57913716568153,101.01191248658124,102.52819535149392,9383600
2022-11-09,101.48057556152344,104.31096909301134,101.33353885340121,102.42710158399792,9581300
2022-11-10,110.89989471435547,111.19396110791605,105.24829942111413,106.51646643985947,11673200
2022-11-11,111.589111328125,112.25995400013392,109.3468507385615,109.3468507385615,9433800
2022-11-14,111.01018524169922,113.22487149389086,110.51394682986994,110.9550429663204,6971000
2022-11-15,115.80712127685547,117.74613085172109,113.41783111154147,115.46711119473065,12470200
2022-11-16,110.94585418701172,113.80380845019342,110.2382522706657,113.21567561668567,9561700
2022-11-17,112.90323638916016,113.14216755066661,109.08955739710419,109.31010546328889,7273700
2022-11-18,113.81299591064453,114.40112872303284,112.23238634818989,113.98760024938662,6436600
2022-11-21,110.45878601074219,112.5723929272845,110.36689158200024,111.27665834540788,8204200
2022-11-22,113.62920379638672,113.75785740723526,110.30257197464138,111.04692601042166,7010200
2022-11-23,115.00765228271484,116.74448320535997,113.29838899200114,113.52812860622505,5481500
2022-11-25,113.44540405273438,115.20061784412107,113.39946034247922,114.74113867499521,3153800
2022-11-28,109.85230255126953,113.44542672619383,109.21821892759584,112.25997640268659,7087500
2022-11-29,108.78629302978516,111.5339836978606,108.73115776925394,110.40366177929734,6277600
2022-11-30,116.98018646240234,117.08191697174873,109.19322328388185,109.82209958902358,12776700
2022-12-01,117.276123046875,118.56161900613617,116.23108165040905,117.19289284579126,7924800
2022-12-02,116.21259307861328,116.36056023842715,113.8635553242519,114.40919436877653,6122200
2022-12-05,114.03001403808594,116.03686655668308,113.22542017798459,115.2137794489488,6091600
2022-12-06,110.774658203125,113.7525721977166,109.65562968104656,113.58610473665873,5968000
2022-12-07,109.32268524169922,111.27405089918831,108.90652015318373,109.59088318648853,5427100
2022-12-08,112.59654998779297,113.1514391720556,109.29495122726172,110.03480817681108,7347600
2022-12-09,110.09952545166016,112.27284515078163,109.91455771943431,111.35727780760571,6036000
2022-12-12,112.0971450805664,112.13413863279058,107.33433283263247,107.33433283263247,9008400
2022-12-13,114.2057113647461,118.33039657763454,112.66126782954883,117.43332952742007,9712700
2022-12-14,112.55953979492188,117.06340366870948,111.07058301952219,114.89008390241605,9444100
2022-12-15,107.87071228027344,111.4590016283686,107.35281673983431,111.20930400874188,10207800
2022-12-16,105.91934967041016,107.88921550806771,104.82806471217006,107.35281965189256,12733900
2022-12-19,104.14370727539062,106.50199490467962,103.1264093580535,105.43845328645521,7720200
2022-12-20,103.67205047607422,104.30092671979874,102.74723288564395,103.02468098509233,6260200
2022-12-21,105.97484588623047,106.31703093989685,104.21769808276089,104.28243503282769,5843800
2022-12-22,102.35881805419922,104.12521610134269,99.30691697883046,104.10672285284535,12051400
2022-12-23,102.50678253173828,102.5807696353923,100.07451470945016,101.4524909999633,5356700
2022-12-27,101.23055267333984,102.36808163966444,100.70340682450642,101.4987506744375,6158100
2022-12-28,98.92774200439453,101.97963591889187,98.789017950145,100.68489689469219,5395600
2022-12-29,101.58196258544922,102.34031979690016,99.98203207628151,100.20398632638026,6668600
2022-12-30,101.6744613647461,101.78543497431046,99.15895606289898,99.85256934587304,5642300
2023-01-03,99.14045715332031,103.33913046540248,99.07572019489655,102.97845211764161,8110400
2023-01-04,103.1448974609375,103.7922739620832,100.62939266336076,101.54496709352141,7614200
2023-01-05,101.17503356933594,102.58075303224786,100.92532889886903,101.66518570406313,7546000
2023-01-06,106.66846466064453,107.2603544496242,101.77618548765193,102.61776588247533,10259300
2023-01-09,105.99333953857422,109.91456395899154,105.0037850463336,107.95395527668184,10291800
2023-01-10,108.12042236328125,108.17590915801843,105.17025214259101,105.44769317207479,6384800
2023-01-11,109.48916625976562,109.59089677059889,106.51125215529915,108.61059227253193,7374400
2023-01-12,112.44857025146484,113.17917701290871,108.80479365180356,110.27525027065248,9527600
2023-01-13,111.20006561279297,112.29135065678747,110.71916356809292,110.81164391640466,8040400
2023-01-17,111.237060546875,112.19887170403668,110.07178838741781,110.73765819282193,6179500
2023-01-18,112.86474609375,114.66813767680381,111.91218504958317,112.47632437675358,10960400
2023-01-19,108.74005126953125,111.99540600226545,108.59207707196248,111.95841245287325,8716200
2023-01-20,113.66008758544922,113.71557438512384,108.51809678971085,109.51690151864548,8895000
2023-01-23,121.17884063720703,122.13140157054846,116.36054212038631,117.02641187536615,13419500
2023-01-24,120.8736572265625,122.97299712510078,120.36500472538407,120.73494023151231,7952400
2023-01-25,121.30833435058594,121.65051237917793,118.09921584670495,118.79282911218475,6880300
2023-01-26,123.88858795166016,124.71167515780591,121.29909551393914,124.30475310324422,7413600
2023-01-27,123.37065887451172,124.74864214159444,121.53952402704866,121.6042680308723,6581900
2023-01-30,121.7337646484375,122.44586415383267,120.36502422145682,121.19736866136653,9854300
2023-01-31,123.19493103027344,123.5925957353746,121.44702672339106,121.44702672339106,7125100
2023-02-01,128.05027770996094,129.41900409109257,122.70481788867197,122.70481788867197,10500600
2023-02-02,125.63645935058594,128.69760292833394,124.6653981816255,128.05023351955856,17673200
2023-02-03,124.86888885498047,127.99476306130542,118.903817557695,121.29909199568311,13187300
2023-02-06,122.9360122680664,124.73941810433371,121.94646464954492,122.32564330005434,6830500
2023-02-07,126.35784149169922,127.05145473719429,122.38112272854131,123.13946587225183,7664200
2023-02-08,122.23314666748047,126.03414775977355,121.85396804556085,125.1370735135722,7151700
2023-02-09,120.71646118164062,125.06310183484115,120.15232178311976,123.82384942222127,5717500
2023-02-10,119.29222106933594,120.17079492109772,118.02521848346876,119.56965504555843,5319200
2023-02-13,121.00312805175781,121.54876703388895,118.73732781672133,119.72688939492863,5550400
2023-02-14,122.390380859375,122.88979035997343,118.70961006905026,119.48645361264856,5579900
2023-02-15,123.06547546386719,123.30592294144041,120.50372695507826,120.78117503633696,3501100
2023-02-16,120.37425231933594,122.62155212925275,120.18003443017984,120.9198912717525,5788400
2023-02-17,118.11770629882812,120.05057171728362,117.41484293948139,119.76388051598887,6022500
2023-02-21,114.39993286132812,118.0252231702174,114.26121586770847,116.02761379251525,8164400
2023-02-22,114.63113403320312,115.57445189806546,113.6785730728917,114.9733190713666,5517800
2023-02-23,116.71196746826172,117.66453543474587,114.3721802862926,117.09114603586187,6440200
2023-02-24,114.99182891845703,115.33401400601888,113.91904406025623,114.89934856002924,7357200
2023-02-27,114.1409912109375,117.0819115825858,113.78956304851613,116.9894312299274,7787200
2023-02-28,114.24271392822266,115.69467723896187,113.67857464292288,114.32595117900037,6491800
2023-03-01,115.08012390136719,116.74566017751665,114.42880003869318,115.17316915333524,5530600
2023-03-02,115.17317962646484,115.61980681498171,112.45621826810735,113.66582795037937,5258900
2023-03-03,115.00569152832031,115.57327682680126,113.2098903755146,115.36857300126412,7052100
2023-03-06,113.89842224121094,116.46650499848913,113.54484038269085,115.6383902754767,7031300
2023-03-07,110.90235137939453,113.98219452721695,110.05562309829224,113.96358831285052,8879700
2023-03-08,112.77256774902344,113.28432730329978,111.05120567384529,111.2373032839903,7633900
2023-03-09,109.0693359375,113.44252771974435,108.80880632989727,112.8470294455383,8055500
2023-03-10,107.18047332763672,110.00909326111062,106.56636183007997,109.36706889528281,6884500
2023-03-13,106.47330474853516,108.15744720362821,105.40326662392067,105.84989376336671,7673700
2023-03-14,108.44591522216797,108.92044820890277,105.9987828404664,108.31565042986051,8312100
2023-03-15,107.45960235595703,108.10162668143688,105.27300692572732,107.2362923249241,8596900
2023-03-16,112.13055419921875,112.42830328633319,107.85040840986201,108.86461379759928,11207800
2023-03-17,112.33527374267578,114.32647237235352,110.86513431361675,112.38179282907434,12304100
2023-03-20,113.34947204589844,113.53556257742719,111.47923167876985,112.37247900812561,5945000
2023-03-21,115.19178771972656,116.37347738133109,113.65651614605135,114.43810481692715,6900600
2023-03-22,113.4890365600586,117.46212666653008,113.39599129997907,115.37788302537611,7072700
2023-03-23,115.5174560546875,118.1692850473886,113.60999625176478,115.32205887616199,7353800
2023-03-24,116.08502960205078,116.2432072402073,113.74955615466047,115.03359766853323,6987200
2023-03-27,115.00569152832031,117.29463893415745,114.74516196814508,116.99688985125745,4818000
2023-03-28,112.90283203125,115.08012791755584,111.85140715941174,115.00568887382448,5272100
2023-03-29,116.39208984375,117.2015985239722,114.68003432099302,114.83821197494153,6410100
2023-03-30,118.54147338867188,119.27654302276437,117.63891944429378,118.24372429248616,8156400
2023-03-31,118.7089614868164,119.07184298753127,117.50865840795237,117.84362703921204,6222400
2023-04-03,116.06643676757812,118.6996597449824,115.01501174747663,118.15998725017678,6367800
2023-04-04,113.79608917236328,116.51305044566607,113.34015534240706,116.24321422964037,6962700
2023-04-05,114.48462677001953,114.65211106458392,112.81909047932304,112.97726811894003,6920900
2023-04-06,114.4474105834961,115.23830590352115,112.63300325526815,113.83329911923559,5260600
2023-04-10,115.64772033691406,115.91755656291224,113.21920140182888,113.60068910141362,5243700
2023-04-11,114.97779083251953,116.54097545794735,114.60560266477027,116.54097545794735,5001400
2023-04-12,111.90724182128906,115.84311961110956,111.79559034568182,115.75938100440413,5288300
2023-04-13,112.70745849609375,113.2006119400361,110.83722504778748,111.70255959062301,6077100
2023-04-14,111.80487823486328,113.44249445934473,110.50222347987786,112.46550871727864,4833100
2023-04-17,111.07913208007812,111.50714598723535,109.95326802233654,110.84651536321668,6370200
2023-04-18,110.13005828857422,112.40039970214829,109.24611760976073,111.97237869885254,4829900
2023-04-19,110.29753112792969,110.43710256239977,108.35285189848204,109.0972281497238,4241900
2023-04-20,110.39057159423828,111.56296165445417,108.97626529693005,109.13444293631298,5125000
2023-04-21,109.57178497314453,109.97188602717306,108.4459208673664,109.67413690084247,4980700
2023-04-24,109.1902847290039,109.63691194584204,108.46452171317836,109.6276052895395,4097900
2023-04-25,106.1197509765625,108.71574733630246,105.77547567382436,108.62270206766752,7045200
2023-04-26,106.22208404541016,107.09671793399419,105.33813640304733,106.34304216327345,4671100
2023-04-27,105.99877166748047,106.36165313621517,104.35184862467666,105.96155214518741,6945700
2023-04-28,108.67852783203125,108.77157309460812,105.82199496764053,107.09672997263048,8652500
2023-05-01,107.7852783203125,109.4042957779142,107.47822964978009,109.06002048198535,6208500
2023-05-02,108.0364990234375,108.92043963003057,106.48262119551578,108.05510523563076,7081200
2023-05-03,104.98457336425781,108.69713400109414,104.77056287140879,108.54826300081096,11491700
2023-05-04,99.16915893554688,99.67161188823268,96.30331932344208,96.79646561990258,22117500
2023-05-05,101.21617889404297,101.67210564522468,98.41547179612986,100.68581309400346,10745600
2023-05-08,100.77886199951172,101.26270873568347,99.43899456611773,100.84399439489269,6694400
2023-05-09,98.41546630859375,99.96004454122601,97.97815289345981,99.55994354954761,7804100
2023-05-10,99.05748748779297,100.0065675303038,97.82927168487727,99.55994037519909,7980100
2023-05-11,96.82437896728516,99.10402702861734,96.47080411686531,98.89932318404315,10630500
2023-05-12,96.41497039794922,97.4570886493217,95.47519696149524,97.2058657419796,7635900
2023-05-15,98.89002227783203,99.00168086288285,95.73574001386315,96.54524878295838,7444900
2023-05-16,96.5731430053711,99.07610078711497,96.50801061806055,98.32241790663836,7027000
2023-05-17,97.52222442626953,98.1177226188449,96.37775422134125,96.9453395453425,9504700
2023-05-18,99.52274322509766,99.6716213432305,97.52223788080885,97.52223788080885,9142000
2023-05-19,98.49921417236328,99.67160430611192,98.18285177485733,99.51341955790984,5783200
2023-05-22,97.95954895019531,98.50852808378403,96.07070237824347,96.4614967519786,7912400
2023-05-23,96.35914611816406,98.29451889809529,96.27540750791549,96.83368620626905,7452500
2023-05-24,95.85668182373047,95.96834038975568,94.51681452591765,94.98204790267579,8193700
2023-05-25,96.78714752197266,96.87089322030297,94.41446158571445,94.84247543579752,11677400
2023-05-26,102.67700958251953,103.5423439872923,97.53152933327108,97.64318790446373,15969900
2023-05-30,107.93415069580078,108.57617507072503,104.77986875630953,106.53845047128613,18291800
2023-05-31,106.25704193115234,106.80982619700292,104.56119684742688,106.39757545759188,14924000
2023-06-01,108.52440643310547,109.20836008740507,105.22641482236546,107.33450349209231,8616500
2023-06-02,108.3276596069336,109.99539094479788,107.45631594580048,109.84547897599403,7873400
2023-06-05,105.61994171142578,108.60873844762055,105.53561443833632,108.1496455329668,7769300
2023-06-06,109.02099609375,109.42387561716855,105.16084826816294,105.47940766138072,7594500
2023-06-07,107.91541290283203,109.77053427152751,107.26893002237513,109.27395621732073,7555400
2023-06-08,109.01162719726562,109.28333731419669,106.90353811767356,108.3089308374016,5793400
2023-06-09,111.59754943847656,113.2278029573233,109.97666005752774,110.07972275997982,13807000
2023-06-12,114.43643188476562,114.5957079939703,112.2159090484201,113.40581209529333,9675100
2023-06-13,116.58200073242188,117.49082242128397,115.00796073942892,116.4414600432232,8873200
2023-06-14,115.6169662475586,116.58200135799997,113.8368008539481,116.50704537026563,7324600
2023-06-15,115.81373596191406,116.82562048810568,113.4058299299676,113.9117721930634,8132600
2023-06-16,114.94237518310547,117.09731333960856,114.39895500128172,116.73190469112986,12905700
2023-06-20,112.26276397705078,114.65193432815546,111.2227728499296,114.24905481811577,8667400
2023-06-21,108.45883178710938,111.51321317376242,108.3745045154455,111.12907625319404,7925400
2023-06-22,109.05847930908203,109.32081814652378,107.66245783944005,108.69307776433142,7283000
2023-06-23,106.2757797241211,108.00909568812257,105.9010069661272,106.89414869884459,11958500
2023-06-26,109.27396392822266,110.19215696600874,107.09092604482154,107.33452229819189,9377000
2023-06-27,112.23467254638672,112.37521325938287,108.35578889759961,109.37703759218958,7308900
2023-06-28,110.1265640258789,110.65124163784465,109.22711362756776,109.63935725917098,6384800
2023-06-29,110.61376953125,110.69809680805886,109.50819368420038,110.14530531043569,5138500
2023-06-30,111.5319595336914,112.30024054912649,110.91358334780153,112.05663715939443,6565100
2023-07-03,112.5157241821289,112.88113282166508,110.98853351699489,111.7474432069786,2662000
2023-07-05,109.74241638183594,111.54132426809734,109.71430967470931,111.5132104127746,6249200
2023-07-06,107.95289611816406,108.87108198737458,106.45381204216962,107.89668269912575,7544600
2023-07-07,108.62747192382812,110.30457447774036,107.52189621810594,108.09342306629597,6108400
2023-07-10,109.7330551147461,110.81988832517735,109.12405023435626,109.12405023435626,6037000
2023-07-11,109.49882507324219,110.43575347659542,107.64370368939638,110.37016877428854,5784000
2023-07-12,111.1946792602539,111.70999281582444,109.71433045352174,110.1453167235455,8371300
2023-07-13,115.35462188720703,115.63569610538943,112.31896886382542,112.43140284001602,9823000
2023-07-14,114.82994842529297,115.41084663704038,113.49014045725687,115.2421992302877,7892200
2023-07-17,115.6169662475586,116.61010806635126,113.14347583789642,114.61445314325003,6125000
2023-07-18,115.11102294921875,115.45768902801974,113.61193894988374,114.60508075915637,7481200
2023-07-19,116.5726318359375,119.08360027745154,116.46020500083166,117.43460426333274,8866700
2023-07-20,113.10598754882812,116.74126684469445,112.6468946750868,115.72938254697434,9148600
2023-07-21,116.85371398925781,118.67135741619612,113.72436934127734,114.23968283289281,23704100
2023-07-24,116.27281951904297,117.67821219771358,115.40147577233931,116.85371773291101,5859300
2023-07-25,117.18163299560547,118.03424125832358,116.36650272612516,116.36650272612516,5592100
2023-07-26,116.19784545898438,117.34089913694108,114.62380561770225,115.42956453337023,5291800
2023-07-27,117.91242980957031,119.7113305014668,117.04108617002734,118.57764807121342,7917900
2023-07-28,121.31348419189453,121.72573497179303,119.51458339484057,120.20791555161466,11762200
2023-07-31,123.83382415771484,124.58336973242523,120.9574614213694,121.7913271204316,11029600
2023-08-01,123.7494888305664,124.03993430969177,122.02554422799643,123.59957687476268,7128700
2023-08-02,121.11674499511719,123.28104743185149,120.7044941888071,121.98808159322326,13711100
2023-08-03,111.21339416503906,111.59753822616453,107.64369937864001,109.59251209513869,29239600
2023-08-04,113.83679962158203,114.30526381755563,110.33268943719457,110.33268943719457,12658700
2023-08-07,111.81304168701172,114.99859995762395,110.48260495723153,114.50202900553678,7706500
2023-08-08,110.239013671875,110.4451319428691,108.64623089061203,109.62063741430062,8934600
2023-08-09,109.2177505493164,110.66062123884299,109.17090126692912,109.83612676548361,5642500
2023-08-10,108.31829071044922,110.92295046618673,107.81234852687342,110.2577321733916,6224500
2023-08-11,107.38136291503906,108.17775061367574,106.54749722317054,106.93163414445333,5712500
2023-08-14,106.82857513427734,107.29703934353662,105.69489260565351,106.69740572754048,8537500
2023-08-15,104.63616943359375,106.35075021023036,104.37383061167714,106.19146694132661,6843600
2023-08-16,103.2026596069336,104.86101964805334,103.10896820118715,104.32697077228298,6426700
2023-08-17,103.1370849609375,104.12085553945802,102.74357672952928,103.24014766176299,6250500
2023-08-18,103.15580749511719,103.54931567735579,101.65672359978261,101.95654037884952,6384700
2023-08-21,103.6992416381836,103.96158046175285,102.12520154857133,102.91221801927905,6539800
2023-08-22,102.5655517578125,104.78606746208825,102.25636367426645,104.43940853344237,4587000
2023-08-23,104.15833282470703,104.49562763452714,101.9846591326423,102.44375206615429,6873900
2023-08-24,101.66609954833984,105.47002644753756,101.338176048098,105.08588953245317,8698100
2023-08-25,103.36194610595703,103.54932893629378,100.96341156630217,102.02213813927865,6669900
2023-08-28,104.63616943359375,105.11400494391147,103.64302756542462,104.28013919644931,4316400
2023-08-29,106.60370635986328,106.8004604552855,103.54931794193621,103.54931794193621,6971400
2023-08-30,106.87733459472656,107.05661379580204,105.36763584538737,106.20740599967016,6490300
2023-08-31,108.06622314453125,108.66067218822116,106.08474312945795,106.08474312945795,7962500
2023-09-01,108.87770080566406,109.17020294288207,107.95301337886615,109.17020294288207,5310700
2023-09-05,109.97223663330078,110.45344843183278,108.42479436616678,108.42479436616678,7294800
2023-09-06,108.207763671875,110.1326323182856,107.21702002191854,109.45326606675108,7411900
2023-09-07,100.39506530761719,104.45238029877926,100.0836879118912,104.35802547550787,17947800
2023-09-08,100.1497573852539,101.02727109796503,99.55531539876432,100.17806311811346,9819300
2023-09-11,104.05609893798828,105.52805452464835,102.67849818658367,104.99022404499851,18771700
2023-09-12,104.95247650146484,106.37725091675898,103.32954759514217,103.39559669254778,9250100
2023-09-13,106.28291320800781,107.18873263208134,105.23555792418247,105.28273894370403,8131500
2023-09-14,107.6038818359375,108.2643727891072,106.62257584922004,107.34911589770671,7138100
2023-09-15,106.75467681884766,108.68898311590144,106.11305393386115,107.53783554000107,12247400
2023-09-18,106.3866958618164,107.40574531929418,106.11306181126336,106.5187940656955,5065100
2023-09-19,104.47126770019531,105.99983473139815,103.70698418459389,105.86773652373401,5658800
2023-09-20,103.05591583251953,105.49030924560547,102.99930437601442,105.43369059028849,7073800
2023-09-21,101.86702728271484,103.40503187786827,101.76323481077318,101.88590256787444,7007200
2023-09-22,101.60282897949219,103.58430915425649,101.30088921189774,102.63130883826918,6965500
2023-09-25,104.19762420654297,104.24480521878459,100.6875699805942,100.81023053408596,6782500
2023-09-26,103.52770233154297,104.39577830238211,103.16914389229167,103.65036289302712,6559800
2023-09-27,103.02761840820312,104.55618544753725,101.36694596168971,104.4807058990508,7225000
2023-09-28,104.82979583740234,105.5940863833093,103.01815750416145,103.56542550028968,4851300
2023-09-29,104.79205322265625,105.89602686380242,104.3957586841991,105.56577421627725,4869300
2023-10-02,104.82979583740234,105.4808562879277,103.41445203978087,104.16930494470331,5751500
2023-10-03,103.9711685180664,105.92434287449097,103.20687789246614,104.55617274150998,7750700
2023-10-04,103.65036010742188,104.8015077415947,102.65962360172463,104.54674898264743,7189400
2023-10-05,103.60318756103516,104.22593520098434,102.80115350527068,103.50882553178373,5089700
2023-10-06,104.62223052978516,105.04683806790914,101.95195353575396,104.61280008584465,7930600
2023-10-09,105.49032592773438,105.66016752292015,103.30126047801386,104.09384978967213,4714500
2023-10-10,105.97151947021484,106.61314236351151,104.19762427054134,105.20723602335107,6253000
2023-10-11,104.84868621826172,106.28289830557722,103.39559884625902,105.94321516932663,6378600
2023-10-12,105.16950225830078,105.87717431412008,104.09384130936044,105.66015891500378,5371700
2023-10-13,102.52753448486328,105.65072496338406,102.41430436040343,105.4148342698689,6035600
2023-10-16,104.27311706542969,104.81094752201041,102.8011543430939,102.93325254654796,6254700
2023-10-17,105.86772155761719,105.93377065211216,101.9236295749477,102.66904489785445,7334000
2023-10-18,104.71659088134766,105.78281413332076,103.82020200332752,104.79207042572274,7174500
2023-10-19,104.99964904785156,107.94356706558249,104.58447918413253,106.04700415037065,10511500
2023-10-20,102.49922180175781,105.31104204271533,102.49922180175781,105.22611764946252,7756500
2023-10-23,102.52753448486328,104.32973563993659,101.60283979880624,101.84816813572957,6679200
2023-10-24,103.21631622314453,104.1032674050082,102.31993459806093,103.13139904129542,8578600
2023-10-25,98.8664779663086,103.12194687282032,98.53623252984107,102.66903370365729,8571600
2023-10-26,99.65908813476562,100.46111493503089,98.44189147133694,98.83818605045931,8705200
2023-10-27,100.45167541503906,101.8009702462831,99.86666400050134,100.86684527044076,7292000
2023-10-30,101.7443618774414,103.15970584688024,100.18748207129634,100.68756912202154,6634000
2023-10-31,102.83888244628906,103.04646736341337,100.6686928554693,102.18782916844869,6485500
2023-11-01,104.63166046142578,104.9147321326467,102.5652559784233,103.00873157055732,12809900
2023-11-02,110.73651885986328,112.35944785291731,107.99074795209606,111.31209268179086,22106100
2023-11-03,112.77461242675781,113.32188052867502,110.73652070759374,111.29321925350759,10670100
2023-11-06,113.16146087646484,113.75590271223179,111.69893599316988,113.22750996932784,7756400
2023-11-07,113.90687561035156,114.24655871446285,112.44435073438294,113.0859735756141,7898400
2023-11-08,113.28414154052734,115.17126704184581,112.42550318080994,114.54851936979321,7681900
2023-11-09,113.3218765258789,115.52037929988806,113.08598585567566,114.28431449164286,9002700
2023-11-10,117.1999282836914,117.76606449378423,114.14278699014017,115.02030063536841,12191600
2023-11-13,116.86024475097656,117.52074299302154,115.70909704807491,117.00178060275853,7959200
2023-11-14,120.1721420288086,120.98360649957455,118.96438296501142,120.15326674410508,11255400
2023-11-15,121.64410400390625,122.40838750266465,120.36085813018087,120.70054128492066,7789100
2023-11-16,121.43651580810547,123.01226377897909,121.06852693344186,121.80450468276908,11655700
2023-11-17,122.16307067871094,122.46500327264886,121.17232690937945,122.0026667385525,6543300
2023-11-20,122.20079040527344,122.77636418254454,121.73845393340886,122.1347485082741,7148600
2023-11-21,119.851318359375,120.27592584892699,118.6529970241036,119.72865781287048,14641800
2023-11-22,120.30422973632812,122.20078535138026,119.98342191246064,120.67221856902846,6647400
2023-11-24,120.54013061523438,120.9930366637065,120.36085140502442,120.9930366637065,3708200
2023-11-27,120.9647216796875,121.73844991768016,119.63430216543685,120.08720817925402,8586400
2023-11-28,119.44559478759766,120.12496106094149,118.57751886001915,120.02116859146885,8817900
2023-11-29,121.45868682861328,124.01301529976281,121.1833125078362,122.72160818937161,10608300
2023-11-30,122.54117584228516,122.87351438263859,121.05985181643852,122.75008097699396,11731800
2023-12-01,123.1299057006836,123.69964963520157,122.02840848818359,122.5506713466267,8866500
2023-12-04,123.39578247070312,123.49074462295367,121.57262216317586,122.80705769648218,7485000
2023-12-05,124.15543365478516,124.25039580507278,122.44621637393675,122.57915469082553,6231600
2023-12-06,123.40528106689453,125.4753225795182,123.1204091139051,125.32338893936526,6912400
2023-12-07,126.23500061035156,126.60532987382518,123.81361027724303,124.70620247361335,7815700
2023-12-08,126.2634506225586,127.21301405388463,124.56372396653964,124.60171461773803,7678600
2023-12-11,129.23561096191406,129.71039275899795,127.30799802488866,127.72579383540241,11010700
2023-12-12,129.78634643554688,130.30860931556748,128.66586833767607,129.12165481060737,7380400
2023-12-13,131.7994384765625,131.9798578896455,129.2166241706395,129.50149616554998,7507700
2023-12-14,134.36322021484375,135.5596648748543,132.55905556240427,132.55905556240427,11468900
2023-12-15,135.91102600097656,136.2528694345314,134.24928990520513,134.8854957003121,25053500
2023-12-18,134.50567626953125,135.90153590121048,134.16383279872838,135.32230153371643,7832100
2023-12-19,136.0059814453125,136.19589125501108,134.30626908810405,134.86650809793127,5658400
2023-12-20,133.356689453125,135.7685741724603,133.28072264057747,134.80952033127514,7264800
2023-12-21,135.25584411621094,135.49323502079872,133.87897976743994,134.64812398003383,8361600
2023-12-22,136.2528839111328,137.11697576095847,135.5502016427257,136.02498343481932,4659200
2023-12-26,138.12351989746094,138.6837589126864,136.69917457721257,136.89857480810102,4381200
2023-12-27,138.37042236328125,138.84520420930153,137.72471151831382,138.49387027978798,4470300
2023-12-28,138.50335693359375,139.4814063506592,138.37990902044456,138.80720977240267,4928800
2023-12-29,137.3353729248047,138.27543151181757,136.53772857718374,138.07603129180416,4839300
2024-01-02,133.15728759765625,135.0279288805853,131.78042339930064,135.01843846154733,8495800
2024-01-03,130.65994262695312,131.88487315950317,130.08070831579343,131.88487315950317,8133300
2024-01-04,129.30206298828125,130.4035601506636,128.1341039137702,128.60888567453608,6770300
2024-01-05,129.83383178710938,131.10625807009393,128.99822564076288,129.29258804941153,6827300
2024-01-08,132.01783752441406,132.13178052969116,129.74838090442998,130.08073398874402,7729400
2024-01-09,132.83445739746094,133.84099254045026,130.22315738004133,130.602977041444,5856900
2024-01-10,132.28370666503906,132.9673936361619,130.84036589386966,132.83445530784306,5652500
2024-01-11,132.01783752441406,132.8914343729862,129.16914647895157,131.9893517730948,7374900
2024-01-12,133.12879943847656,135.4647320173384,132.14125977641757,134.95195961479328,6546600
2024-01-16,134.00241088867188,134.10686346446806,131.02078175771535,132.9389042908858,7483000
2024-01-17,132.293212890625,132.58757529988887,130.42257136619003,132.5780703904344,6584700
2024-01-18,137.96206665039062,138.30391007040987,135.15136696506653,135.9300014561619,12893000
2024-01-19,144.2957000732422,145.06484431916854,139.33897661150388,139.83273928222724,16193900
2024-01-22,145.1597442626953,146.7740135444268,144.21018091541177,145.04580129756107,10456100
2024-01-23,145.7579803466797,145.98588077635853,143.77339633923413,145.1597507745149,6232300
2024-01-24,146.5841064453125,148.4357667806525,146.1378104607031,146.9829213591614,8331900
2024-01-25,146.67909240722656,150.01205547156584,145.9194386192578,149.6512311514036,7740900
2024-01-26,143.1182403564453,145.2642490773447,142.79539217961118,144.53309546907775,7744700
2024-01-29,142.09271240234375,143.6120201277925,140.93424352175734,142.81437560287614,10770700
2024-01-30,138.61729431152344,141.29507069638834,138.22798423596052,140.53541689640736,9132800
2024-01-31,141.0196533203125,142.5864416016311,137.05997573710488,138.00953912365406,21184200
2024-02-01,133.99290466308594,136.65168533311459,133.0243458462435,133.76500420936154,22810600
2024-02-02,134.54367065429688,134.97097138234065,132.23622354015515,133.5561163827562,10442700
2024-02-05,136.76564025878906,137.35436503750273,134.08787851733277,134.70508904410096,8032600
2024-02-06,136.83209228515625,137.5062741879185,135.24630865030306,137.21191185100645,7286300
2024-02-07,138.53184509277344,138.58881659546606,136.38583638593036,137.83866766135998,7361900
2024-02-08,140.7063446044922,141.11466453710753,138.9116697592584,139.44343761160272,9448700
2024-02-09,143.38409423828125,145.6630409338098,140.8677566582522,141.4849671622775,11981500
2024-02-12,145.378173828125,146.9544381849494,142.67191212851426,142.79536001681313,11806300
2024-02-13,142.4725341796875,143.62151265618166,140.9247551686718,142.43455800613057,8976300
2024-02-14,146.1758270263672,146.6031277605846,143.4315887245109,143.67847005136758,8715100
2024-02-15,148.11289978027344,149.24288258044072,146.6980595424069,147.1823316756837,9372400
2024-02-16,144.9888458251953,149.80312499315613,144.9033885919081,149.52775796727906,8429100
2024-02-20,144.2957000732422,145.1882777422536,142.3111010130964,144.22922366226504,8745500
2024-02-21,144.3431396484375,144.38113030165425,141.38999664055117,142.2730982129797,9760300
2024-02-22,146.94496154785156,147.6666246404757,144.6375290418468,146.96395687610723,11407500
2024-02-23,147.09689331054688,148.9960204144542,146.54614471171095,147.8470421413467,5953300
2024-02-26,149.10997009277344,149.53727081248203,147.932506019425,148.131920749524,6307600
2024-02-27,150.31591796875,151.17051939710302,149.54677378539418,149.79365510067186,6021400
2024-02-28,148.74118041992188,149.399695042943,147.89177679717582,148.8843326069295,5211000
2024-02-29,150.5926971435547,150.98399925359294,149.05613370713988,149.71466297457306,8321400
2024-03-01,155.6509552001953,156.5194507696571,150.85994347281948,152.11972660148632,10405700
2024-03-04,158.96266174316406,160.17473704656672,157.2065935409784,157.58834243265815,11865100
2024-03-05,154.0857391357422,158.03689973056092,152.92138612619203,157.21612653633355,9608800
2024-03-06,160.23199462890625,161.52996122182645,156.83438004935266,157.30203481041187,12230500
2024-03-07,167.70481872558594,169.48951705228225,161.70171870577883,161.86397724710048,14495100
2024-03-08,162.789794921875,167.46628532039463,162.76114991457604,166.8459396056405,11318000
2024-03-11,163.31466674804688,164.13543998957542,160.45150630961527,161.2913713649804,7256300
2024-03-12,165.18524169921875,165.96783117279443,162.79927509487848,165.02299771765774,7642200
2024-03-13,161.5299530029297,163.67732313147675,160.90960745757482,163.41009601383598,8730500
2024-03-14,160.76646423339844,162.19804452855388,159.10584041120234,161.86401786402365,8151000
2024-03-15,159.5734405517578,161.07183454093115,158.2850273475813,159.47801062706927,16414600
2024-03-18,159.3062286376953,163.63915247670943,158.76223578307577,163.1142368711744,6653700
2024-03-19,156.61489868164062,158.86725238506259,156.16633566626672,158.5141193235795,7404400
2024-03-20,160.02203369140625,160.4992270934428,156.3571918588343,156.6148803735144,5995800
2024-03-21,163.05697631835938,165.03254924861412,161.89262335935493,162.95199319704633,8497500
2024-03-22,162.34120178222656,164.0590863855114,161.57768942366278,161.81628612553976,5645500
2024-03-25,159.8788604736328,161.07184382186028,159.35394488785573,160.22244026043373,5682500
2024-03-26,159.4493865966797,161.69218651451476,159.38257254020877,160.38468144777903,5289900
2024-03-27,161.4154510498047,161.74947770642297,159.35397197854115,161.72084726622106,6309700
2024-03-28,161.57766723632812,162.14075188036796,160.3178698332712,161.38679281359418,5324000
2024-04-01,163.8872833251953,164.91802269637842,160.5373912909391,160.5946521622073,6679100
2024-04-02,163.23831176757812,163.58189159788586,161.55859624317742,162.69431886454987,7436300
2024-04-03,165.9774169921875,166.02513924621385,161.60632356610202,162.24576099425076,6943200
2024-04-04,162.0166778564453,167.92433374671185,161.6826512554932,167.01766931157746,9031200
2024-04-05,163.70594787597656,164.38356883393791,161.9689716717076,162.41752001853374,5863300
2024-04-08,165.7006072998047,166.43548910580924,164.49808535043928,165.04207817415764,4812000
2024-04-09,167.56170654296875,167.9625472731479,165.46204381900034,167.27538757490146,5028500
2024-04-10,163.06649780273438,165.7865054836225,162.312538783671,164.55533859374444,6177400
2024-04-11,167.14175415039062,167.61894751957436,162.72293889165763,163.8395696280133,6262600
2024-04-12,163.47691345214844,165.48113161718703,163.16197861398467,164.4217616550016,8216700
2024-04-15,162.09304809570312,166.4259722554686,160.89052598901068,166.32098912659004,6570600
2024-04-16,160.89051818847656,161.83536630257393,159.81205651344698,161.76855224071485,6390100
2024-04-17,156.82484436035156,162.42709015889633,156.29992871316898,161.50133380735255,8082000
2024-04-18,154.0762176513672,156.6148902046295,152.56828465874042,154.95425181869646,9209400
2024-04-19,150.44000244140625,154.02849172178531,149.20883526107303,153.93304721254844,10292200
2024-04-22,152.8736572265625,154.267068239984,149.99141982854655,150.83127023619505,7848700
2024-04-23,153.99029541015625,154.85877621428594,152.39645685206685,153.61808519044783,6616700
2024-04-24,156.1663055419922,158.3613833743057,154.61065050949043,156.39534903737888,6130500
2024-04-25,155.85134887695312,157.12068491801244,154.35295478844455,156.59576932768186,6230700
2024-04-26,158.1037139892578,158.92448718450018,155.09738696076937,155.46959721426379,7141300
2024-04-29,161.48220825195312,161.54902230344578,157.66466188872596,157.66466188872596,6623900
2024-04-30,158.28506469726562,161.52043553215896,158.24688106815287,161.51088234348697,6914200
2024-05-01,156.62442016601562,161.90217806684348,156.31900939629878,157.00616906537465,13113600
2024-05-02,171.88507080078125,173.4025423379795,167.2944579987289,167.46625519767255,25894800
2024-05-03,171.446044921875,174.83412098930086,169.6899766972374,173.92745643787936,10043900
2024-05-06,173.55523681640625,174.08013788020102,172.1713643746603,173.61249769152667,6980100
2024-05-07,171.9327850341797,175.90303782136453,171.04521225468608,174.1278776995897,8011100
2024-05-08,172.31451416015625,172.5435576380877,168.5637670183968,168.66875013337693,6242600
2024-05-09,172.30499267578125,173.42163808728753,171.2551758956086,172.7440170272338,5513500
2024-05-10,173.7747344970703,175.17768413057854,172.97305315300434,173.69838181247562,4702500
2024-05-13,175.80758666992188,176.30385728637393,174.55732781569753,174.82455493618275,6384800
2024-05-14,180.35047912597656,180.6558753367188,176.074830236075,176.09390748733017,7713400
2024-05-15,185.73321533203125,187.13616509004424,181.33349161095913,181.3430302363354,11349100
2024-05-16,184.45433044433594,186.70668374700853,183.9866756962758,186.10541543704346,8173400
2024-05-17,185.01742553710938,186.52535842788254,183.11819056346488,184.1012078019457,5799700
2024-05-20,188.739501953125,190.86779470494858,184.46385376413488,185.1510133291421,8879700
2024-05-21,191.68858337402344,192.76703049214183,186.83074377892768,187.06934046494823,11498800
2024-05-22,193.67369079589844,195.49657293272193,192.4997992036572,193.67369079589844,11170100
2024-05-23,192.55706787109375,198.4647242583054,190.3238063429366,196.48915123348525,14475100
2024-05-24,200.76478576660156,201.66191159005396,194.27495332727227,194.58990268419396,13809900
2024-05-28,203.3607177734375,207.51229113973054,201.661910629252,207.32141671417426,12485400
2024-05-29,198.7605743408203,201.05111122119902,197.27173337810632,199.1327845814988,12552500
2024-05-30,196.25942993164062,200.63884411224825,195.32030200216667,199.32598055413393,12245300
2024-05-31,195.54071044921875,200.3322004645269,190.42340262226176,199.32598463681876,15064900
2024-06-03,197.32313537597656,202.18169840297534,193.96909253428336,200.82091706189863,12419500
2024-06-04,195.84735107421875,197.6297858799,193.25037176907912,197.32313813377056,6629100
2024-06-05,203.06332397460938,203.63830857722553,196.80563970906886,198.30058212891183,11626300
2024-06-06,200.7059326171875,203.38916990368077,200.08303015252883,203.06333747522027,7597200
2024-06-07,198.0035400390625,201.05093546679018,196.34568849322878,200.9838475839543,5714400
2024-06-10,200.61968994140625,201.79839237414527,196.029434383335,196.72898782134646,6465100
2024-06-11,199.82432556152344,200.71553578312083,196.2402853737466,198.51144721036968,8197500
2024-06-12,206.40780639648438,206.6282108430066,202.0858876646301,203.63832575116717,9502800
2024-06-13,208.72689819335938,209.25396505106596,204.12706457900683,207.3373689302914,10102800
2024-06-14,206.35032653808594,208.9568984755926,204.7403781661115,208.56399275489113,6438200
2024-06-17,212.95298767089844,213.38421885641077,204.50079209599983,208.0369141376424,12109100
2024-06-18,217.61990356445312,221.01228689523174,216.575362185429,217.3611736156829,22037500
2024-06-20,206.48446655273438,216.47950744755332,203.96413819063267,214.85040380894742,18701200
2024-06-21,203.6670684814453,206.48446688171217,200.67718346359484,202.92917494269287,22286500
2024-06-24,192.46456909179688,198.39643612169914,191.88959905846227,198.28144503952566,16087700
2024-06-25,193.7390899658203,194.6782178391121,190.86419618750728,194.66864012393881,11974900
2024-06-26,189.1009521484375,192.76164302194536,187.53892167924232,191.95667618556783,10023800
2024-06-27,187.0118408203125,190.28923270734506,185.7564728338155,188.66011447932937,11936600
2024-06-28,190.873779296875,195.4352869124205,187.45266320768218,187.82639882452622,15547500
2024-07-01,191.68833923339844,192.3016493411861,187.90306522646833,191.15169471689254,6800600
2024-07-02,191.8129425048828,192.1195902792898,188.87096045254427,189.98258970751397,5632900
2024-07-03,195.3107147216797,196.31693055483478,192.0812551130693,194.22783329316857,4996200
2024-07-05,197.16981506347656,198.1281130710755,195.4736234957357,197.26565071322332,6375200
2024-07-08,199.22055053710938,201.66421311507844,197.55310692123817,198.59766274893505,6920400
2024-07-09,198.48268127441406,199.8530550470506,196.12527633318763,197.86937112635454,5272600
2024-07-10,200.0926055908203,200.51425900883044,197.94601301843494,200.03511005608541,5159400
2024-07-11,191.51583862304688,201.36713973454735,191.43917303736816,201.2617263820473,8602200
2024-07-12,193.98825073242188,197.48604709070594,191.89916818000773,193.2503718248994,7217200
2024-07-15,199.4984588623047,200.51426696530288,194.33323353165397,194.5344825336774,7463700
2024-07-16,200.89756774902344,202.28709675586117,198.00350404603043,201.24255557204557,5998500
2024-07-17,183.60989379882812,191.6595907618388,182.61325573828543,191.40084622001976,16156200
2024-07-18,183.47572326660156,185.81395787118387,179.15379035805356,185.69896680180958,9960600
2024-07-19,178.44467163085938,185.03775172869257,178.01342584589486,183.69614041815092,9195700
2024-07-22,186.83937072753906,187.34726752084163,181.16624806421277,183.03492632470974,7590000
2024-07-23,185.2869415283203,188.05642242319024,184.13697212248314,186.1014861312418,5796700
2024-07-24,173.51902770996094,181.70288628244114,173.15486978692846,181.4441417254198,13295300
2024-07-25,168.07591247558594,172.72366436678448,166.04432507034585,172.12950956862474,12700100
2024-07-26,172.5415496826172,173.73942212609208,170.16497484905358,171.5449116210649,6567800
2024-07-29,171.19033813476562,175.02352977649568,170.43328921940883,173.93107074350124,6051600
2024-07-30,159.97830200195312,171.91868924761567,159.815393064529,171.86119369587422,15338900
2024-07-31,173.4040069580078,173.52859036770104,166.17844702265236,168.25795176944874,19222200
2024-08-01,157.16085815429688,169.58998328910164,154.60220447440756,164.59724471507104,24795000
2024-08-02,152.6664581298828,157.41003049459846,150.96068879164136,153.8260051900197,16618900
2024-08-05,151.36317443847656,156.03009589652308,145.07674155489266,146.87834657243238,12733900
2024-08-06,152.1010284423828,156.80627416389865,149.9736061501995,151.813536177027,9301000
2024-08-07,149.60948181152344,157.46753725292444,149.01534171986847,156.75839145589276,9266900
2024-08-08,158.07122802734375,158.68453806875118,151.2864774691378,154.03680225225486,9590900
2024-08-09,157.620849609375,158.97205328731138,155.2251046296865,157.22795854578095,4824600
2024-08-12,156.09715270996094,156.5763016856343,150.85526174629734,153.86431672862724,8548000
2024-08-13,162.40277099609375,162.48901431082592,156.47090375283,157.44837185386447,11102100
2024-08-14,160.1794891357422,164.11809411422283,157.85083224299177,163.5239540917036,7208200
2024-08-15,166.1113739013672,167.35716424154074,163.49522442272982,164.58768357158138,10752100
2024-08-16,164.99972534179688,166.1496945193412,163.5143752953222,165.10513869565625,5435700
2024-08-19,166.99298095703125,167.0504911118935,161.70318726197308,164.4151719789423,6708100
2024-08-20,164.9326629638672,168.1142045967088,164.0126904856858,166.60968439878204,6222400
2024-08-21,166.95469665527344,167.57758457316442,164.90393929998783,165.7759940830101,6309500
2024-08-22,161.95237731933594,167.30926013666001,161.35823718232473,167.0313601242585,6743500
2024-08-23,166.2646942138672,167.3379832379606,163.51438377839474,164.59725051789388,6823600
2024-08-26,162.42193603515625,165.19141671716645,161.50196350568845,164.7985110211194,7437600
2024-08-27,166.6767578125,167.16549913238006,161.25280245087168,162.11526476924067,6498800
2024-08-28,164.68348693847656,168.3920948389582,162.5560645989461,167.10797926391604,6534600
2024-08-29,162.42193603515625,169.00543872747676,161.88527686319412,166.18804022016153,12514200
2024-08-30,167.98965454101562,168.14298574155825,163.6773132274141,165.10516799287146,11110800
2024-09-03,156.4325714111328,164.98058785070066,155.24427662228152,164.72184329537274,11620300
2024-09-04,158.43539428710938,161.22404469826924,155.84799286975579,156.20255841519023,6737000
2024-09-05,157.68408203125,159.7069136797905,155.90207767233022,157.08687150748634,5600000
2024-09-06,152.3765411376953,157.19279181049416,151.35549834674686,156.7593321895484,10703000
2024-09-09,154.86175537109375,156.40294703749515,152.74260764352107,155.16998782516075,7494900
2024-09-10,155.73829650878906,156.10433631454856,151.88529543100964,154.12004311117738,7918100
2024-09-11,160.43896484375,160.76646641256247,153.39760762411782,156.39331659326996,8275400
2024-09-12,158.9170379638672,160.19816268778092,156.91347548047057,159.78397209406697,6039200
2024-09-13,161.5659637451172,162.11502345432254,159.36012709294855,159.71652498964013,4049900
2024-09-16,160.4871368408203,161.1903054608887,157.77076387595585,158.8688686558294,6510000
2024-09-17,162.5003204345703,163.27092360357432,159.97660938666436,162.67371312916185,5828000
2024-09-18,162.11502075195312,166.08360709663307,161.53706472011146,163.29018723814073,5877600
2024-09-19,167.5284881591797,170.3026536892411,166.15104730376052,168.01011330270242,10900000
2024-09-20,162.71224975585938,166.7097475860843,158.26203777665475,166.34370774431972,27546400
2024-09-23,159.8610382080078,163.73329412095404,159.27345489315263,162.23062589228425,9810000
2024-09-24,160.8146514892578,163.13608848293507,159.88029742455012,161.26738035351968,9666800
2024-09-25,162.08612060546875,162.3943530366396,159.66835311713345,160.1692473530722,5095500
2024-09-26,166.31478881835938,169.29122851189427,160.65087274286995,168.48210184340496,8475000
2024-09-27,163.87777709960938,167.0757604303318,163.58879907201785,166.64230073796105,5880700
2024-09-30,163.8007354736328,165.9006143163954,161.58525658678528,165.0722183742884,8099700
2024-10-01,159.68763732910156,164.031890993397,158.05011472003892,163.5599077419926,8277600
2024-10-02,162.13430786132812,163.51174882286497,159.080791281883,160.04404164313698,4484600
2024-10-03,162.71224975585938,163.299833065939,159.57205885987975,159.85139499836095,6260200
2024-10-04,162.69296264648438,166.44964747033774,160.36189878661187,166.20883490591248,6586500
2024-10-07,160.80499267578125,162.51957687658236,159.64909536147053,161.47926488429317,4359300
2024-10-08,160.22705078125,161.55634089369906,157.64554704186364,158.80144445797742,7843500
2024-10-09,163.96446228027344,164.04152406570552,158.61842033743818,159.85137950828616,5486500
2024-10-10,162.3269500732422,162.54849353416526,159.25417916230356,161.0843489139933,5048000
2024-10-11,163.7332763671875,164.16673604799036,160.73756744710357,161.82604495283536,3801400
2024-10-14,171.4970703125,172.29656979434466,164.61946402440137,165.04329649169566,9933600
2024-10-15,167.69224548339844,173.22130763793777,166.40149357595237,170.70722370279077,12910400
2024-10-16,165.1781768798828,168.25094805227698,163.96448664951618,168.20278259196925,6495700
2024-10-17,164.81214904785156,169.16603026609798,164.7350872522143,169.16603026609798,6093200
2024-10-18,164.6387481689453,166.23774727854868,163.19387264297373,165.78501843790153,6432700
2024-10-21,162.79891967773438,163.9162934967483,159.96697628531504,163.40577203941186,7297700
2024-10-22,166.81568908691406,167.10466713243719,162.0476027789013,162.79893687844105,7313000
2024-10-23,160.47750854492188,166.2955339871562,158.2620298782376,163.11680500435122,9788200
2024-10-24,161.92239379882812,162.73152058571083,159.44683328182396,160.4871454498307,4933400
2024-10-25,164.0126190185547,166.81566598728833,163.56951745037273,164.02224622945988,5496600
2024-10-28,165.89097595214844,166.78679171988838,163.14570658372068,163.1938720406821,5024600
2024-10-29,169.53204345703125,170.0811031528283,164.96623199536276,165.87168957914798,6427700
2024-10-30,161.4600067138672,165.4286078494376,161.37331771647231,163.67548529038848,8819700
2024-10-31,156.7882537841797,161.61413244472377,156.12360873254096,161.46000887082982,10261200
2024-11-01,159.19638061523438,159.9766110037005,156.78825487402628,157.08686011425078,6498100
2024-11-04,159.10968017578125,161.34442796443423,157.62628115595936,158.99409484120727,4949800
2024-11-05,159.8128662109375,161.431119714667,158.21386713127598,158.93630488073387,5373200
2024-11-06,166.63267517089844,171.89201359323212,162.4714268077906,163.03011374717266,17661900
2024-11-07,166.55560302734375,175.40787511127868,165.3226438922745,173.64512540300808,23586300
2024-11-08,164.62911987304688,167.11430752512314,162.54849560181552,165.76574822427295,10736600
2024-11-11,162.1053924560547,164.51351829423862,159.98624465805955,163.7525569965073,7829500
2024-11-12,157.40475463867188,161.18069452080255,155.9117135482646,160.91098557908143,8483300
2024-11-13,154.52459716796875,156.95199181644324,153.87922129001544,156.80749546589647,7921700
2024-11-14,157.94415283203125,158.84961046551697,155.92132132326384,156.96163341079853,7012600
2024-11-15,154.6016845703125,158.2909352555987,153.73476511548705,157.009810498199,9737000
2024-11-18,158.4546661376953,159.0711457098234,156.04654051250236,156.62449654176163,7814200
2024-11-19,158.656982421875,160.12111247101353,156.67267421937387,158.00196449628362,6176800
2024-11-20,148.60061645507812,158.1656841425684,147.32911910192,157.9730370370077,14483000
2024-11-21,149.7469024658203,151.17250883588522,147.9456143577036,149.45792442779853,10685800
2024-11-22,151.0279998779297,151.11470357073196,148.0804564714932,149.10149938242535,5709300
2024-11-25,152.98341369628906,153.78289847963924,151.44220739756986,153.0989990243816,9189800
2024-11-26,151.16285705566406,155.53602149036445,150.35373036046198,153.87922985845586,9489900
2024-11-27,150.65234375,151.8564066466529,148.78365048074275,151.16286524233817,6337900
2024-11-29,152.70408630371094,155.58421032056876,151.95275215984105,152.29952289532213,6112000
2024-12-02,157.03871154785156,157.36621315634764,152.55960306673188,152.55960306673188,9812700
2024-12-03,156.60520935058594,157.83816835257062,155.3915194668284,155.56489743678063,6961400
2024-12-04,157.33731079101562,158.9363099213893,156.27774421036017,158.4354156170966,6721600
2024-12-05,155.3039093017578,159.23516121898862,154.85848975415203,157.43414265679328,7279800
2024-12-06,154.4517822265625,155.30388132504655,152.25377670421065,155.30388132504655,9918400
2024-12-09,155.64279174804688,157.7633324183623,152.47648232537173,152.48615989718292,9481200
2024-12-10,151.49853515625,156.36902866386444,151.09184068918353,155.67185925592293,8683600
2024-12-11,154.7616424560547,155.37166929270865,151.99233514946286,152.3021799661522,7081800
2024-12-12,153.22207641601562,154.403390330178,151.94392767941258,153.63843364768755,5796100
2024-12-13,153.50289916992188,154.61642593770938,151.65346308958019,153.22210177823595,8886700
2024-12-16,152.88316345214844,153.67716759595183,149.13588941106192,153.14460564278113,9951100
2024-12-17,152.91220092773438,154.90687395358725,151.5275547150975,151.5275547150975,7187400
2024-12-18,148.19662475585938,156.0494486255565,147.4897779688593,153.2317242730391,10295200
2024-12-19,145.63067626953125,150.53990915038918,145.30146151803163,149.14557046766222,8414800
2024-12-20,148.04171752929688,149.66845087411676,144.6914307961642,144.83668302378183,17347100
2024-12-23,153.22207641601562,153.65780356715956,149.64908718178017,150.72388870122566,8863200
2024-12-24,154.30654907226562,154.34527413467512,152.5442558467961,153.60937974954348,2839600
2024-12-26,153.50289916992188,154.50023595148375,152.36032490557798,152.4087275498907,3846900
2024-12-27,152.2537841796875,152.74760630423583,150.58832573719772,152.20536676945667,7232500
2024-12-30,149.67811584472656,151.17896675423972,148.92285160444055,150.30749778665904,5356000
2024-12-31,148.74855041503906,150.89815316204673,148.351563156744,149.81367421758068,4423300
2025-01-02,148.7679443359375,152.51521861647157,147.94489264890697,150.0944957427581,5009100
2025-01-03,152.8250732421875,153.41573019506865,149.59099113457177,150.49149292220466,5885800
2025-01-06,154.7810516357422,160.41648771958899,154.277537059118,154.277537059118,9599800
2025-01-07,155.42979431152344,158.2668747177634,154.2000628289083,156.86285826237454,7666000
2025-01-08,154.03543090820312,155.11023239397036,151.96329283721,154.97467251175283,7731900
2025-01-10,152.00201416015625,153.26079290687318,150.61736788121073,152.6991834729558,6236800
2025-01-13,152.14727783203125,152.37965777050104,149.89116235489493,150.29784202213688,5714700
2025-01-14,154.47116088867188,155.90422463776343,151.59534104341827,155.06181783811599,6476500
2025-01-15,159.19639587402344,160.203409919384,156.9499583325706,156.95965067838625,9284000
2025-01-16,156.3109130859375,160.58107185699754,156.16567562090287,160.10661962127097,7188900
2025-01-17,159.3416748046875,160.3583814606143,157.92798078971373,160.13567907262387,8097500
2025-01-21,161.96572875976562,163.33100521970167,160.1066153819474,160.73599741365948,7380500
2025-01-22,164.84156799316406,166.63289424890698,162.85657206659792,162.98245439764872,7281700
2025-01-23,168.83091735839844,168.85028728073638,164.0088409407673,164.9771302087611,7172300
2025-01-24,166.65225219726562,169.64426223250237,166.48764480882986,169.54744217896862,5825800
2025-01-27,165.75173950195312,166.7393986309031,161.97541750143967,166.64257857507397,15632600
2025-01-28,166.11001586914062,167.9884992885256,164.4251873355342,164.8221894550786,8720200
2025-01-29,166.26492309570312,167.98847646230107,164.82216705909124,166.10999329816386,5118900
2025-01-30,166.4779510498047,168.0368972152111,165.5484017141742,166.87495315821286,6010600
2025-01-31,167.44622802734375,171.1838245679185,166.8265235904312,167.0395483757686,7800500
2025-02-03,164.84156799316406,167.10736130254952,162.73068973554712,163.52469401614218,7447100
2025-02-04,167.55274963378906,168.27896650330516,163.1567233512831,163.1567233512831,5457900
2025-02-05,170.28334045410156,171.3871895585667,164.5123302821248,167.51403273238438,15197800
2025-02-06,163.95071411132812,164.1153214819316,160.15500791594386,162.51763563504105,16293500
2025-02-07,162.63385009765625,165.86793227216225,160.79409187075092,164.44454605749937,7841700
2025-02-10,165.926025390625,166.35207497048418,163.6408624599508,164.34770938567016,6237700
2025-02-11,166.5360565185547,167.22353354230117,163.74737903370607,164.27024867465522,6588100
2025-02-12,164.8899383544922,165.50964276500753,162.9049575914587,164.17341390244175,5505700
2025-02-13,166.6909637451172,166.8943109584114,164.09595603210818,164.79312537066087,6362200
2025-02-14,166.7684326171875,167.33973443246416,165.61616618923094,167.12670964200566,4691300
2025-02-18,168.1337127685547,168.21117766679697,165.80982492096095,167.76575819563354,7292600
2025-02-19,169.66363525390625,170.90304425118464,167.85293917310062,168.4726436717398,6849600
2025-02-20,168.1918182373047,170.7965183503261,167.41718398149274,170.41888618216922,6316400
2025-02-21,160.18405151367188,169.86694207799712,159.9710415141817,169.43121495758618,12531900
2025-02-24,155.99136352539062,161.30726066974552,155.88485114458823,160.64883124290714,9827800
2025-02-25,156.10757446289062,158.15066511481467,154.38402099632944,156.53362404337443,8244900
2025-02-26,156.9596710205078,158.93497430871975,155.82675975713937,156.69822882319824,9161900
2025-02-27,149.54258728027344,158.07321281781734,149.21337249634288,157.1920660947202,10807200
2025-02-28,152.1859893798828,152.32154925692325,148.5355354964761,150.1816387140051,10149500
2025-03-03,148.74855041503906,155.00370381239557,147.68344138741494,153.94827235573365,9601900
2025-03-04,149.5619354248047,152.21503800596233,146.55055584278668,150.34624720317373,8956800
2025-03-05,153.46414184570312,154.10320141055396,148.1772769597558,150.12353269459746,6786900
2025-03-06,151.90650939941406,153.69777927209032,150.008167676188,150.0276420374631,7808100
2025-03-07,156.9492950439453,157.5334070291569,151.10823461016867,151.10823461016867,8727600
2025-03-10,150.87460327148438,155.04122564618166,148.56738890241417,153.18183249514107,10139900
2025-03-11,149.04441833496094,152.09149517564776,146.8637501279981,150.7480611937981,8692900
2025-03-12,148.7523651123047,151.73130401929225,147.895671362211,150.12501809245376,7117400
2025-03-13,147.91514587402344,151.50740097884082,146.4354061736315,148.55766618723683,5861700
2025-03-14,152.43222045898438,152.7924144595741,149.47274129627036,149.49221565847645,5309400
2025-03-17,153.76593017578125,154.515537174717,151.3224249682047,151.47819016232395,5781000
2025-03-18,152.14990234375,155.4987798023599,151.78970832387645,153.76593283789563,6898400
2025-03-19,154.06771850585938,156.258116450194,150.95248884483414,152.2861930619168,5871000
2025-03-20,153.76593017578125,154.90493530542864,152.37381774662995,153.81460865576682,5089300
2025-03-21,152.66587829589844,153.24997550927444,149.49222550366648,150.87460821961935,10949300
2025-03-24,155.83949279785156,156.73512027401003,154.59340110453675,155.7616102101963,6033400
2025-03-25,155.9076690673828,157.19270979741145,155.19701070555155,155.6448319809038,3978200
2025-03-26,154.19427490234375,156.55016772615488,152.69507577976805,155.226193303603,5960300
2025-03-27,153.78541564941406,155.03150758322303,151.62422170227308,154.0190634574736,6102000
2025-03-28,148.6744842529297,153.4641528257855,147.54520881541586,152.76322426833468,8918000
2025-03-31,149.54090881347656,149.77455661912316,143.96269928812757,146.81507716594933,8613600
2025-04-01,148.99571228027344,149.2585641462772,146.27961099226428,148.3531920987461,5708900
2025-04-02,149.99844360351562,151.341892345255,146.38671446134663,146.79558693609647,5377200
2025-04-03,135.72677612304688,143.495382548232,134.8895568443217,143.10598445074433,16465000
2025-04-04,124.08361053466797,132.26109778803757,123.32427375887177,130.78135810884552,19018600
2025-04-07,126.28372955322266,133.5655808377341,117.6000213680384,121.28961805822205,17938300
2025-04-08,121.3577880859375,131.70619166568213,118.51513258718474,127.6564004234286,14965900
2025-04-09,139.78631591796875,141.02267794161307,120.90022534910212,121.84453136300402,21242600
2025-04-10,130.8397674560547,135.37632864045742,125.86512964413895,133.38062972113468,14898800
2025-04-11,135.56129455566406,136.92420288584324,127.63692216828125,130.4503660356121,10955300
2025-04-14,135.50286865234375,139.31902633383837,133.20538429919463,138.96856211540594,6930300
2025-04-15,134.92849731445312,137.10915029434935,134.37358946215744,135.7657165419731,6346800
2025-04-16,132.14427185058594,133.6726750471502,128.2988949110266,130.13882848282628,10417200
2025-04-17,133.03990173339844,134.49042236162182,132.1150700543824,133.740830235399,7135900
2025-04-21,132.53367614746094,132.93281888888075,129.82731901834754,131.16102321989712,8128300
2025-04-22,135.0648193359375,135.41528362505963,132.87442124257117,133.12752856348635,8228000
2025-04-23,136.73924255371094,140.06864549265077,136.07724792563806,138.80307932350632,9073500
2025-04-24,143.3104248046875,143.90426654515096,138.22870102028472,138.99776744420384,8810600
2025-04-25,144.62464904785156,145.24769487876063,142.21034830990192,142.21034830990192,5145600
2025-04-28,143.7095489501953,145.34505355997524,141.58730416958446,144.2547122019271,5743500
2025-04-29,142.98916625976562,144.33260007802886,141.6651919479313,142.77499285236706,6692000
2025-04-30,144.52731323242188,144.90698157001538,140.06863527669685,141.35366085986524,10851900
2025-05-01,131.62831115722656,135.2789741431709,131.29730642368247,135.11346434910598,22836600
2025-05-02,136.10643005371094,137.66405198788195,133.6531807064959,134.1983587816643,13185600
2025-05-05,135.7462615966797,137.0410319159665,134.62671597923088,134.6364605879462,7165300
2025-05-06,136.19406127929688,137.0702293092679,133.8187090393536,134.16917328042484,6957900
2025-05-07,140.47750854492188,140.86690663794303,136.53478972109622,136.66135078589136,10196400
2025-05-08,141.25634765625,143.5927663878441,140.07839368071066,141.78203667175288,8489100
2025-05-09,141.33419799804688,143.08651925819711,140.7695751768854,141.80149357047773,6217100
2025-05-12,148.09036254882812,150.2710306808412,145.86103079190465,149.99844902116286,11414600
2025-05-13,147.33102416992188,149.22936601255884,146.96110040993761,147.98327419510554,10160900
2025-05-14,148.92759704589844,149.20992334295832,146.44514288480426,147.9054082907905,6971200
2025-05-15,148.56739807128906,149.3267348688479,146.20176046767313,147.6912447985942,6941200
2025-05-16,148.4602813720703,149.00544461873588,147.2920722928463,148.82047533406342,6668000
2025-05-19,149.62850952148438,149.745340842506,146.13361159115422,146.56195844086562,7241100
2025-05-20,149.745361328125,149.81349932467168,147.90541260253966,148.98600962865464,5269500
2025-05-21,147.3018341064453,151.9941606593486,146.83455334396706,149.51170654156633,9684500
2025-05-22,143.46620178222656,147.56468649911827,143.3201811855507,147.37971717360375,9539100
2025-05-23,141.52891540527344,142.6095123044748,138.01454304432,139.62082890724173,8994600
2025-05-27,144.69284057617188,145.3937691802178,142.55110603348254,143.64144767010302,9788800
2025-05-28,143.69009399414062,145.53002745428554,143.45644622689278,144.87777748212676,7032300
2025-05-29,144.4104766845703,146.5132619494096,143.33962454652797,145.8902161140407,5980700
2025-05-30,141.35369873046875,144.09900502594633,139.67925975335243,144.07953065981548,13755600
2025-06-02,142.7458038330078,143.31044152544112,140.6527480129312,140.96427840375785,6419500
2025-06-03,144.99461364746094,145.81235866210633,141.65546588911172,142.82369002956173,6164100
2025-06-04,145.10171508789062,146.07522540065125,143.47595464813097,146.02654691409552,7143800
2025-06-05,144.51406860351562,146.98205502488273,143.9656304973935,145.72847794122714,5605500
2025-06-06,146.15939331054688,147.48151764435403,145.97331289952243,146.70783139957655,5794700
2025-06-09,152.20204162597656,152.89737748887788,148.04955801901383,148.67634658762913,10589400
2025-06-10,155.8452606201172,156.21740653962797,151.86906908978924,152.9659453895159,9068400
2025-06-11,156.18801879882812,158.79311481784407,154.44476265228496,156.69728917290914,8859900
2025-06-12,155.4241180419922,156.315337445383,154.6895995116011,155.71792844291218,5689400
2025-06-13,151.52627563476562,153.92569982009846,151.2520565818029,153.1128308617383,8446400
2025-06-16,153.63189697265625,155.17928452974687,152.42729072052418,153.78859785171264,8686300
2025-06-17,151.27163696289062,154.32722901376684,151.20307473271035,153.41641834086857,7146900
2025-06-18,150.45877075195312,152.87778615006036,149.9886681635593,151.80048639809556,6708700
2025-06-20,148.19647216796875,151.91802092518444,147.52071270025607,151.04639282980014,15501900
2025-06-23,149.9788818359375,150.35104265377453,146.590296618758,148.1083044904535,6860700
2025-06-24,152.495849609375,153.0736672764077,150.968038487862,151.53606795410056,7692700
2025-06-25,152.7113037109375,153.2989245575113,151.39896742325072,152.87780774106122,5280100
2025-06-26,154.92465209960938,155.14990026651918,152.69171694429866,153.26953460645848,6278200
2025-06-27,155.2674102783203,157.77457930359554,154.31744676948563,155.3751402557494,22100300
2025-06-30,155.97254943847656,156.56017021501728,154.5426951294137,155.1205127619279,7988200
2025-07-01,156.1096649169922,158.31322049737278,154.7189782995212,154.9540296078695,8942300
2025-07-02,158.9694061279297,159.42969066392476,155.52206160161265,156.38388652532845,8916400
2025-07-03,158.86167907714844,160.57555569929423,158.74414594697635,159.67453312452042,4280800
2025-07-07,154.82672119140625,158.15654775681796,154.31746572991395,157.78438689018833,7187400
2025-07-08,156.15863037109375,158.48950719699394,155.3359732362409,156.17822171539515,6879100
2025-07-09,156.06069946289062,158.14672179010574,154.9833997116965,156.10965540664026,4190100
2025-07-10,155.80606079101562,156.98128740344043,154.53289240096493,155.7081339572069,5674400
2025-07-11,154.209716796875,155.88441060335919,153.9061032649711,155.71792153711215,5907700
2025-07-14,151.10513305664062,153.26952072328385,150.3118555001378,153.19117029323442,7382600
2025-07-15,151.1149444580078,153.47520085684334,150.9386522448089,153.06385734065165,6467300
2025-07-16,150.8896942138672,151.31081098078147,148.41190472587013,151.11494236956977,7106700
2025-07-17,149.4598388671875,150.3608465176609,148.66656120447826,149.8417879249297,7018600
2025-07-18,151.60462951660156,152.2216149278838,149.57735117488275,149.88094978014857,7433900
2025-07-21,155.6885528564453,156.62872823071714,151.71236150182236,151.7221497027021,7662300
2025-07-22,154.72879028320312,155.75710432440502,152.94635138332524,155.67876882763147,6951600
2025-07-23,156.57977294921875,156.73645888305245,153.6906546888525,155.3163926709002,7296200
2025-07-24,155.56121826171875,155.80605775719886,153.5535314100186,155.08134241462056,5014800
2025-07-25,155.13031005859375,155.9137994919842,154.1607551474115,155.61998908648553,4808200
2025-07-28,157.7256317138672,158.61685120935522,155.87464542375628,156.4622513425008,9627300
2025-07-29,158.73435974121094,160.2229882102832,157.81376075301912,158.69517704938835,9460900
2025-07-30,155.7766876220703,159.8997915502677,154.73857048954372,159.63536069490902,14382500
2025-07-31,143.73057556152344,153.56333830898333,142.57494028763057,149.9495048763169,24440100
2025-08-01,145.1310577392578,146.09082435086802,142.78058968101982,143.4367726614138,12706700
2025-08-04,144.465087890625,147.67738081705653,144.03418293926867,145.44444585463015,8150200
2025-08-05,143.68162536621094,145.58156742082272,142.6630846308093,145.45426103676087,7794500
2025-08-06,142.82957458496094,143.68162625120848,141.1352893408382,143.62285221533583,8475700
2025-08-07,142.88832092285156,145.2583803455069,141.82082432896033,145.2583803455069,6753500
2025-08-08,144.51406860351562,144.96457987286885,142.6826738683255,143.32905375503412,5028700
2025-08-11,144.91561889648438,147.94183183153325,144.66099117088464,145.5032397325682,6215900
2025-08-12,150.55670166015625,150.723190727456,145.5032257205261,145.71867073293618,9304100
2025-08-13,153.35768127441406,153.86695167062328,150.45878966729407,150.79176783473835,7103300
2025-08-14,154.82672119140625,155.3751593461327,151.7025664059264,151.7025664059264,6294800
2025-08-15,154.59165954589844,155.97254290846743,153.45560072885152,154.7777250049899,7583700
2025-08-18,155.6199951171875,156.4524554743909,153.99427203888717,154.52311883422468,4774400
2025-08-19,153.0247039794922,156.13905558184982,152.8288353471622,155.78650100994707,6396500
2025-08-20,152.23141479492188,153.40664144386224,150.29229007697938,153.16180193600727,7151700
2025-08-21,150.94845581054688,151.99636111703765,149.89074735985153,151.62421523269813,4997300
2025-08-22,154.74835205078125,156.58954987102464,151.36956994280766,151.63400078682108,7711500
2025-08-25,153.19117736816406,154.7875356985369,152.19222801866925,154.35661578527183,4653000
2025-08-26,155.8843994140625,156.65810054476435,154.16073484268415,154.4055743243819,9173000
2025-08-27,156.47203063964844,156.6678992493771,154.54269419899632,155.09113228376336,4549900
2025-08-28,157.48077392578125,157.89210250437355,155.74730603157127,156.60914587842234,8156300
2025-08-29,157.4122314453125,158.26428319858448,156.10968331106403,156.2370046527319,9949100
2025-09-02,155.50245666503906,155.65915752613427,151.40874753968916,154.56228138610112,7520300
2025-09-03,154.03343200683594,156.27617029674576,152.83861399732456,156.10966627866065,6336400
2025-09-04,157.3033905029297,157.45112419199032,152.1423448847586,153.84627189031576,7781200
2025-09-05,157.4314422607422,161.026451136774,156.751837143107,157.6678312234862,7954200
2025-09-08,157.82542419433594,157.8746587447564,155.6290161950222,157.8746587447564,7019700
2025-09-09,156.26922607421875,159.16492691608497,155.19565441019276,157.95345042257858,6126000
2025-09-10,156.5548553466797,156.8109471493074,154.25011929620013,156.22982615563333,8256900
2025-09-11,159.07627868652344,159.62785294220978,155.57978393886154,156.79124545698423,8360200
2025-09-12,159.39146423339844,159.88392997655464,157.17536838919554,158.89899849024223,5430600
2025-09-15,158.7906494140625,160.2286409134762,157.79587406093765,158.96792986103355,5604800
2025-09-16,161.66664123535156,162.5136828501492,159.0664229109036,159.38160817634488,7997500
2025-09-17,162.76976013183594,163.86303460296418,160.77035056293144,162.198498108026,6057800
2025-09-18,165.59652709960938,166.3155228396159,163.72514835439344,164.36536280493877,10421200
2025-09-19,164.3358154296875,167.02467403078552,163.7842412035614,166.62084853676606,19444400
2025-09-22,167.16256713867188,167.6550328643859,163.41982461747318,164.33581868230908,6196600
2025-09-23,166.97543334960938,168.27555012288337,165.76397183186717,167.26107189625068,5468400
2025-09-24,170.9348602294922,171.8114486397414,166.12838982963848,166.50266859879935,9213700
2025-09-25,167.1231689453125,169.37867048620697,165.40939776158618,168.63012796000504,8093700
2025-09-26,166.650390625,168.35431774659537,165.5965218372597,167.1231534910489,4846000
2025-09-29,162.80917358398438,167.28075580628283,162.27730217863726,166.65040027210725,7523100
2025-09-30,163.8531951904297,164.32595807421473,162.39550086525685,163.14404335032157,5593300
2025-10-01,163.98126220703125,164.25704184383002,162.0113990705469,163.30165702032608,6153000
2025-10-02,166.30567932128906,166.98526938927986,164.66083059439728,165.2222487279222,5499500
2025-10-03,166.6306915283203,169.1619725083834,166.1973343248855,166.30567738295943,5137900
2025-10-06,166.0791473388672,168.30510218242924,165.19271498643812,167.9702140452149,8265800
2025-10-07,162.96676635742188,169.38850867054467,162.6515810756468,167.33984942559076,7147500
2025-10-08,165.24195861816406,166.01020397030388,161.42041966628588,163.7350146559774,7302200
2025-10-09,163.16375732421875,165.0843707602471,160.77036594327407,164.84798178778894,6928400
2025-10-10,151.27561950683594,162.60233130974152,151.0392455746379,162.33641063601874,15818600
2025-10-13,159.34222412109375,159.9430329645976,153.43263485208388,153.6000714112423,10311000
2025-10-14,159.3028106689453,161.79468591837474,156.86016996661994,156.8995756389358,8675200
2025-10-15,160.51426696777344,161.7651340188446,157.89434591017428,161.7651340188446,7334100
2025-10-16,161.6075439453125,162.70081838713884,159.76572705900136,162.01136942131598,5686700
2025-10-17,160.98703002929688,161.32190308943638,159.23385338637826,160.40592412572656,4833100
2025-10-20,164.52294921875,165.12375802786175,159.6179946143276,160.8787057172405,8194100
2025-10-21,166.28598022460938,166.68980573020738,163.69560567511658,164.28657056276543,6176100
2025-10-22,166.71934509277344,167.22165470483995,163.51831798888466,164.96616837356783,10083800
2025-10-23,167.46788024902344,168.66949772711078,165.3502838073512,165.7934999196942,6546400
2025-10-24,166.39431762695312,169.8218747836982,165.9313986541074,169.1028790503071,6256000
2025-10-27,184.8519287109375,202.84663064571268,166.27613585208454,166.40416672192077,81799300
2025-10-28,178.30213928222656,183.10860956991618,176.7065551416475,181.1584344771404,20323100
2025-10-29,175.9777069091797,180.72508388849448,175.51478790816395,179.25753056305504,11614600
2025-10-30,174.5889434814453,177.16947410102927,174.52000609492757,175.98754433750136,7862900
2025-10-31,178.17410278320312,179.40526716127627,174.16543938320515,175.82997602697802,9452800
2025-11-03,177.99681091308594,180.68566953430113,176.39136785778706,180.1932038146498,8535100
2025-11-04,170.2355499267578,176.63760441627963,169.69383461802602,174.80563129966202,12323600
2025-11-05,177.0118865966797,180.66597396736955,171.69326262197018,172.12661984845818,18845500
2025-11-06,170.5901336669922,175.82011755413166,167.49744934232402,175.12082460171666,16184700
2025-11-07,168.31494140625,171.62431180753836,165.71472287872786,170.1272117374917,10614700
2025-11-10,168.9846954345703,172.16601979764332,166.945880127129,171.1416826774562,10129300
2025-11-11,171.35836791992188,173.32823080218424,168.42327643343208,168.42327643343208,8419100
2025-11-12,174.00784301757812,174.74654162863706,172.24482227854998,172.36300924708365,8785800
2025-11-13,171.87054443359375,176.13529957457843,170.42269394579836,173.96845330955477,9526100
2025-11-14,171.35836791992188,173.04260729695508,168.8172429983401,169.1915217552055,7949900
2025-11-17,164.23731994628906,172.205411801824,162.68112644558352,170.1961582484634,10211100
2025-11-18,162.57278442382812,164.27671164197506,158.9580877681833,162.40534787904943,11073200
2025-11-19,163.60696411132812,164.98586213273916,161.63710120710596,162.20836325279373,8176500
2025-11-20,157.18519592285156,166.3352168938829,156.45635631736047,164.611586972352,12075400
2025-11-21,160.8393096923828,162.77962586206846,156.70260058496606,158.3277314750315,10815000
2025-11-24,162.57278442382812,164.424460378329,161.25297987402328,161.89317931163956,12070100
2025-11-25,160.8393096923828,162.48414341963985,159.4308498959796,161.51891480131025,7758100
2025-11-26,162.65158081054688,163.74485533302257,160.69156179346376,161.64694651260294,7967700
2025-11-28,165.55711364746094,165.65561279795108,161.65679376135978,162.54322600032995,5068800
2025-12-01,165.50787353515625,166.4829610768625,163.00615427558932,163.40997977528332,6818300
2025-12-02,168.1278076171875,168.59072663433417,165.11391956775591,166.20719415714407,9159100
2025-12-03,172.4319610595703,172.45164886834903,167.78308328131013,168.32478357109648,7624300
2025-12-04,172.60025024414062,173.1744161403658,171.49148015866777,172.58044673217137,7245000
2025-12-05,173.0556182861328,175.47113305653772,172.7487318384532,172.98632865552116,8400100
2025-12-08,173.5506134033203,173.738709009466,171.97657402397618,172.98634169053744,6690200
2025-12-09,174.2336883544922,174.580181845186,170.5906275759758,172.74874214692548,7719100
2025-12-10,180.38136291503906,181.59901451230604,173.49120622393764,174.04558369568025,11100100
2025-12-11,179.45079040527344,179.81707227574546,176.30269682164914,179.54977774844414,6319200
2025-12-12,176.50070190429688,181.27233636469612,176.08491877339284,179.43100243889018,8865800
2025-12-15,177.46096801757812,178.5004333957791,174.6197757420624,177.91635817287764,6954700
2025-12-16,174.35247802734375,177.39167516213516,173.05562743182438,177.39167516213516,7136000
2025-12-17,170.61041259765625,175.69882756373465,170.32332964971033,174.35247575802717,8501900
2025-12-18,172.44186401367188,175.30285990760666,171.78848402541294,173.9466138063018,8967500
2025-12-19,173.4912109375,175.41174373511072,172.45174559691495,172.68934242225407,25223500
2025-12-22,172.47154235839844,176.53040110824074,172.15474660367866,175.7780187436078,6422100
2025-12-23,172.99623107910156,173.51101665438495,171.76867012439618,171.8676725792924,4690400
2025-12-24,173.0160369873047,173.7288123765979,172.6695434960232,173.28331642904914,1645300
2025-12-26,173.0556182861328,173.73869591775667,172.60024326881893,173.24371387810496,2442800
2025-12-29,171.68946838378906,173.43181488538488,171.0558919574779,172.2636493803919,3978400
2025-12-30,171.9072723388672,172.64974546749283,171.60038586260663,172.31316127453962,3429300
2025-12-31,169.3333740234375,172.03597197354614,169.2937669975356,171.86767987759916,4682600
