Price,Close,High,Low,Open,Volume
Ticker,SHW,SHW,SHW,SHW,SHW
Date,,,,,
2021-01-04,229.55511474609375,233.82276807716636,226.76607794590123,233.2103913428006,1224900
2021-01-05,228.40968322753906,231.0178582380285,227.72113885230377,228.60957243104053,1171800
2021-01-06,229.19976806640625,230.36106310861155,226.4075501681598,226.86762071537942,1648800
2021-01-07,233.25479125976562,234.80637987470772,229.72009914407573,229.94855845401005,1507200
2021-01-08,231.23681640625,233.0485720405457,228.83169685798998,232.7407931965013,1203600
2021-01-11,233.1945037841797,234.35899412808973,228.17486236596022,230.26585552325304,781800
2021-01-12,234.53355407714844,235.06977777897237,231.50336291441988,232.90897840064093,926700
2021-01-13,231.03688049316406,235.19664389233867,230.62757390433217,235.19664389233867,1207800
2021-01-14,228.0670166015625,231.02740175548666,227.3404028857772,230.48799717460636,1224300
2021-01-15,230.2151336669922,231.1733731676656,225.9442988627767,227.78780565956433,2126400
2021-01-19,230.23416137695312,234.0480774741477,230.17705016900524,231.46527683617606,1353300
2021-01-20,233.60069274902344,233.84819402254084,229.43776199768416,230.86876672007153,1271700
2021-01-21,233.64190673828125,237.32890533177246,232.85183457362453,233.84815776756935,909600
2021-01-22,232.315673828125,233.9973464080222,230.96715484958472,232.48700747601296,924900
2021-01-25,232.985107421875,235.2347542944827,232.19186883910513,233.23577505524878,1200600
2021-01-26,229.60902404785156,233.94964890263736,228.79039641122316,233.94964890263736,1313400
2021-01-27,227.67355346679688,229.32350370441333,223.86281854442697,227.92740202046798,1682100
2021-01-28,225.9315948486328,229.5297458103815,219.49362859322392,226.82319482920386,2002800
2021-01-29,219.50633239746094,223.98973622470749,217.61840912091188,223.98973622470749,2347800
2021-02-01,221.5052947998047,222.00344916142492,216.26672171795704,220.40109644778863,1426500
2021-02-02,225.4524688720703,226.8961680177277,221.98758220766015,221.98758220766015,1223100
2021-02-03,222.53335571289062,230.8179958010304,222.32711918261532,228.58422425179654,1769400
2021-02-04,225.38265991210938,229.25686767835944,223.04736081464281,223.17427782295638,1771500
2021-02-05,227.3689727783203,230.38012202299998,226.21717681883,226.42659426601006,1947300
2021-02-08,229.72645568847656,231.44303065905308,228.88878604306996,229.39328766367532,1424700
2021-02-09,226.2362060546875,230.11676138906023,226.14735833290706,229.7708987192816,1220400
2021-02-10,226.01727294921875,227.683084200879,224.64654593818287,227.05483190003397,1541400
2021-02-11,228.2288360595703,228.9300605608176,226.23620405116864,226.64234431182314,1203000
2021-02-12,228.7872772216797,230.77038096664464,227.5878838527196,227.60057845895474,1308600
2021-02-16,224.46249389648438,229.212425894166,224.2784511707437,229.08868980541334,1562700
2021-02-17,228.89833068847656,229.6757228514727,221.77183401037394,223.06006064092688,1719600
2021-02-18,230.59902954101562,231.81746480194,226.88030882685632,227.9273959554941,1444200
2021-02-19,227.47364807128906,231.44303624175038,226.25204647560452,231.3573694417819,1486200
2021-02-22,224.84642028808594,226.86759311011483,222.6570657385733,226.41386992131294,1414200
2021-02-23,221.02618408203125,223.90088786710945,219.26835873930585,223.90088786710945,2318400
2021-02-24,216.4062957763672,221.48621444727019,215.82246018596047,221.19113026340355,2742000
2021-02-25,213.5950927734375,217.12027196552606,212.76377028306172,215.32436265614342,2021100
2021-02-26,216.40048217773438,219.73711615632774,214.87689564405005,214.92142137174247,2456100
2021-03-01,220.6945343017578,223.82759940162208,217.88273006324678,217.88273006324678,1862400
2021-03-02,219.37132263183594,221.62649694413736,217.6918814325915,219.857989726012,1482600
2021-03-03,214.13262939453125,220.7231806798573,214.01176342919607,219.7657754654675,1626900
2021-03-04,209.79087829589844,215.06460071738343,208.08281110702288,213.46784786635877,2100900
2021-03-05,214.92147827148438,215.30635363828844,209.04659961131668,211.04093922434416,2087100
2021-03-08,218.8719940185547,223.51592088575006,215.3413416788248,215.75166864436846,1971600
2021-03-09,224.57508850097656,226.67121967147673,220.26514892711464,220.57049528325663,2317800
2021-03-10,224.5941619873047,228.90092710012337,224.17112386654227,225.86329091000087,1690800
2021-03-11,223.92623901367188,226.48676013349893,223.703581204884,224.40335456941094,1447200
2021-03-12,225.23983764648438,226.03821391666378,222.67931716588183,223.25820985171842,1228200
2021-03-15,228.05166625976562,228.05166625976562,224.06933610637066,225.23986196106227,818100
2021-03-16,228.0771026611328,229.26989137815346,226.21635517466243,228.223420212614,1269600
2021-03-17,226.58534240722656,228.5892188208565,225.3830019986387,228.3061353314193,1074600
2021-03-18,225.87600708007812,227.83853171271676,222.27218954270285,225.4656802137919,1385100
2021-03-19,224.6419219970703,227.1133771874646,224.49877858795293,225.3607695312098,2829900
2021-03-22,229.09181213378906,229.61981633868925,224.35245640816814,224.68326895912455,1058400
2021-03-23,230.9048309326172,234.80445835657358,229.502110090687,229.66751635575713,1797600
2021-03-24,230.33547973632812,233.02959257342195,229.55301781257205,229.55301781257205,1266600
2021-03-25,235.12570190429688,235.76820909796496,229.05996631571452,230.06827467933576,1431000
2021-03-26,241.42678833007812,241.73849755495328,234.4767995909787,235.17020992432276,1691400
2021-03-29,240.56480407714844,244.28312481342883,239.0094029590446,241.42043194452145,1092600
2021-03-30,237.3554229736328,239.78870036292005,236.0672053060259,239.65193443675153,1084500
2021-03-31,234.74398803710938,238.45594585284948,234.73127680023273,237.36177481325342,1321500
2021-04-01,238.3192138671875,239.3020707215066,233.47171820023723,235.0652823675353,1474800
2021-04-05,244.18772888183594,244.76027335712809,238.75816623771922,240.1704241669194,1371100
2021-04-06,247.09814453125,247.6992856373072,242.68958713482778,243.39572336067812,1908800
2021-04-07,240.179931640625,247.80424231374343,238.9012656384977,247.06949495216213,1742700
2021-04-08,241.8784942626953,243.30030383822117,239.61697122333314,240.19905277461166,1235900
2021-04-09,243.6056365966797,243.7010655251578,241.1818961536841,242.56552825415534,1554200
2021-04-12,245.8098907470703,247.3175627870872,243.36704736181395,244.0254690260942,1016500
2021-04-13,245.6286163330078,246.52559584331212,244.5312564574544,245.80992256088766,694000
2021-04-14,243.37661743164062,245.75265784356526,243.11897098687547,245.2373649540349,890600
2021-04-15,245.3709716796875,246.49695726317287,244.1304539154788,244.1590796804549,1181200
2021-04-16,254.70339965820312,256.9935486685508,246.74508598194626,246.94549549695984,2133400
2021-04-19,253.44375610351562,255.6194015901773,250.74326610123904,253.61551069226869,1157300
2021-04-20,255.0086669921875,257.41334759741704,253.0143278228266,254.073539308658,1056900
2021-04-21,258.55841064453125,259.1500291755421,256.0583302091924,256.3446169673321,1168400
2021-04-22,257.38470458984375,259.7702817791289,255.73387469136495,258.51069003419065,1053700
2021-04-23,261.3830261230469,261.879215869256,256.8026988378784,258.67298385755544,1108900
2021-04-26,257.2033386230469,262.41342983985913,256.6880459160804,261.6977568493868,1230400
2021-04-27,257.15570068359375,257.99542861578084,250.84824780524735,253.3292542083041,1538800
2021-04-28,256.6499938964844,259.06419746539365,255.829369111231,258.0908922064325,1290000
2021-04-29,260.92498779296875,261.6311095789082,257.70923323268664,258.4058033877374,1686000
2021-04-30,261.3351745605469,262.06039925952257,259.0832039365031,260.1328344797845,1279200
2021-05-03,265.19036865234375,266.6694152098897,261.99368864128866,262.41355265520275,1094300
2021-05-04,270.5245056152344,270.6199345454357,263.4059500586951,263.8544398219024,1644400
2021-05-05,270.3145446777344,272.20393245849044,267.61408387915156,271.80314264288114,1059200
2021-05-06,272.3279724121094,273.2440259286153,270.60078768001534,270.9157001868499,1065400
2021-05-07,274.0837707519531,274.5990345064242,270.05691491200673,271.70771584528666,887800
2021-05-10,275.4387512207031,279.6373614748263,274.87575846834,275.4960027466508,1497500
2021-05-11,272.75738525390625,274.8089760775492,270.2286789307734,274.2078058888608,1244300
2021-05-12,267.0320129394531,273.71163027449336,266.9461356396439,271.47873311699266,1869900
2021-05-13,272.728759765625,273.8833711217334,267.3564345765837,268.1770883793654,1059300
2021-05-14,272.99591064453125,276.0494611276469,272.5187952015954,274.19825087939057,980400
2021-05-17,271.22119140625,274.417843182911,269.92342160678476,273.32048293712955,1268700
2021-05-18,270.2096252441406,273.35857613076365,269.8947126829856,271.2211078499442,1034700
2021-05-19,268.3965148925781,269.26486850650656,264.52233976632255,267.76671900376795,1035600
2021-05-20,270.1844482421875,272.92845212499975,267.7177216859284,268.07147421745844,1029100
2021-05-21,270.70074462890625,274.7354899864393,270.42346730857565,271.4847540572219,1438400
2021-05-24,272.4599609375,273.1483544653359,270.2896233042605,271.37956270290886,923300
2021-05-25,273.052734375,274.0948804036993,272.07752238302936,272.96668883257945,835200
2021-05-26,273.1005554199219,274.4868836107594,272.60336449592484,273.4925309406364,960900
2021-05-27,273.224853515625,275.71072087078244,273.04319207034865,273.59774674894203,2675800
2021-05-28,271.08319091796875,274.28613363318595,270.93978166938035,274.02796780785326,1444600
2021-06-01,270.4234619140625,275.9688623206913,270.2513708267546,273.34912710978307,1201600
2021-06-02,270.01239013671875,273.03367171521336,269.13276469371334,272.48868733784735,1304100
2021-06-03,270.16534423828125,270.57646047942956,265.92025538628224,268.4443457108398,1008100
2021-06-04,270.7677307128906,271.8480999976722,269.0754137950379,271.1884173563665,1049100
2021-06-07,268.4825744628906,271.7237691076415,268.12882195242145,270.5955483618223,849500
2021-06-08,268.664306640625,269.8020688499526,266.50350964175425,269.5630436661086,926100
2021-06-09,264.80157470703125,268.14792631039967,263.9888834820677,267.23964838192194,1879800
2021-06-10,265.6620178222656,270.06008507872394,264.2852602211034,269.57249376213986,1206800
2021-06-11,264.59124755859375,266.56081228805107,262.9754353517275,265.66207546844953,1151900
2021-06-14,261.7420654296875,265.0310532729729,259.58126910135456,263.93151442619614,1150000
2021-06-15,259.6959228515625,262.85107091131704,259.21787276776894,262.85107091131704,1325600
2021-06-16,256.69390869140625,260.7955594027331,255.7664899094158,260.2983975771445,1251600
2021-06-17,257.4109802246094,258.1567375405091,254.0550577141231,257.80298497984677,1302400
2021-06-18,256.3879699707031,258.1758736304709,254.4279460078971,255.145021540609,2048600
2021-06-21,261.1110534667969,262.4495883367652,257.3440151469684,258.14713606894935,1041800
2021-06-22,261.45526123046875,263.0902142603131,260.0497921849862,261.4265793796579,672600
2021-06-23,259.4570007324219,262.506963811129,259.3135914859678,261.4934995656893,591300
2021-06-24,258.2236328125,261.19712080036,257.3536069578453,261.19712080036,892900
2021-06-25,261.9620056152344,262.0289396628776,257.94640042478477,257.9559415902509,1840600
2021-06-28,260.5278625488281,261.72298838778437,258.3766360387069,261.72298838778437,936400
2021-06-29,260.8050842285156,263.482153865043,260.2123066074182,261.2544526151332,647700
2021-06-30,260.4896545410156,261.34056901489123,259.22759457966,260.7095390342134,971900
2021-07-01,263.252685546875,263.4343469604942,258.9119814800755,261.6655553519154,790300
2021-07-02,263.1380310058594,263.8455361739916,261.93333480898366,263.5300357870313,549200
2021-07-06,261.49346923828125,263.13796315526747,257.7742245369735,262.9276198922389,686100
2021-07-07,265.2319030761719,265.4709282551262,260.68085433196137,261.00592507399375,674400
2021-07-08,261.1014404296875,263.06146364902486,259.246603421079,262.6407771618435,1166500
2021-07-09,264.09405517578125,264.5721053785339,261.44566755656444,263.6255753140017,698300
2021-07-12,265.7672424316406,266.8954339564625,263.0519206633831,264.457389487651,731600
2021-07-13,265.84375,266.3696228166293,264.3426942905456,264.6008309386463,1217900
2021-07-14,264.77294921875,267.3448623327284,263.0710912081878,266.55131162185245,681200
2021-07-15,266.8667907714844,267.6890524475558,264.32355971256476,264.32355971256476,824000
2021-07-16,270.01239013671875,271.408288926609,267.6603906895027,267.89941585383417,1032800
2021-07-19,270.5094909667969,271.70461651891884,266.1401049455503,268.60686042473714,2059700
2021-07-20,268.8937072753906,270.4234739791906,263.76902237221475,264.34268853337386,1661000
2021-07-21,269.4577941894531,270.40435353634035,266.75204258146044,269.8402577361686,1203500
2021-07-22,269.1900939941406,271.3891427316587,268.7885481089956,269.45780097686156,716300
2021-07-23,273.4161071777344,273.86547565549387,269.63949789584854,269.96456861922485,1092900
2021-07-26,272.9476013183594,274.1522681960056,270.93021394249445,273.21530831093344,1344200
2021-07-27,275.0892639160156,275.9975711509478,267.16318182646796,270.56689760493816,1709200
2021-07-28,274.91717529296875,276.6381447055696,273.5690699426857,275.13705975760814,1103100
2021-07-29,276.68597412109375,277.0301563410207,274.5156070265662,276.4182379350943,964400
2021-07-30,278.25390625,278.8753656923051,276.1791554840491,276.81975560874076,1219300
2021-08-02,278.770263671875,280.3191420016798,277.86195641532265,279.5542731798596,879600
2021-08-03,282.98663330078125,283.09179034921624,278.23481270228643,278.6363585681472,863000
2021-08-04,283.2256774902344,284.64068763568986,281.628976727496,282.3173702931866,920900
2021-08-05,282.6806640625,285.8644657397909,281.62894772629255,284.23911247280694,956700
2021-08-06,283.9140625,285.1760930175062,282.5754984230316,282.5754984230316,709500
2021-08-09,284.35382080078125,284.77450730706863,282.7188973019047,284.09568419923283,862000
2021-08-10,283.0727233886719,285.0136065200793,282.8050163766804,284.640713265229,622900
2021-08-11,289.0578308105469,289.72711278419257,284.0383035418132,284.27732864984813,1151500
2021-08-12,290.3772888183594,290.9796368311362,286.39990704342875,288.32167847888365,1325300
2021-08-13,292.2416076660156,293.8382787534712,290.37720049620765,290.37720049620765,911100
2021-08-16,294.24951171875,295.2629759575795,290.28167113287026,291.93573557218065,853700
2021-08-17,291.5341491699219,293.00652278979396,289.2203733449004,292.59540661714925,869900
2021-08-18,287.8914794921875,292.19393281734796,287.67159499607743,291.5342501511387,850300
2021-08-19,289.8838195800781,290.7746133151701,285.3819116211127,286.1290336620399,707500
2021-08-20,294.117431640625,295.55420670402856,290.400968799619,290.76495649268344,860200
2021-08-23,291.8760986328125,296.9143997715984,291.7419855809168,294.50059868760917,686800
2021-08-24,290.3338623046875,292.1825347838067,289.8453787444743,292.1729469310301,555900
2021-08-25,289.969970703125,290.80329561141804,286.9431608855645,288.2745573215832,920900
2021-08-26,289.5293884277344,290.60220527639086,286.78036285036455,290.60220527639086,673000
2021-08-27,290.10406494140625,292.0101773509981,289.7688115487917,290.65963438774264,682200
2021-08-30,292.44122314453125,294.5389172841784,291.0523287526359,291.7419820208934,615100
2021-08-31,290.8703308105469,292.4411896559186,289.85498288829325,292.14425848579475,963100
2021-09-01,293.01593017578125,293.83966723801854,289.2898792230039,289.86459513431146,681900
2021-09-02,295.6883239746094,295.77452697189625,292.6806607678146,293.7151551977845,824600
2021-09-03,294.47186279296875,297.34541322534494,292.8818280459686,294.06958210194534,786800
2021-09-07,290.0753173828125,292.2017457491872,287.45081749352,289.6059801933079,938600
2021-09-08,284.18463134765625,286.7612512062452,281.7038023732435,286.09074424828555,1688300
2021-09-09,284.768798828125,286.703674573643,280.9853087935342,281.78989930138084,1708800
2021-09-10,287.9681091308594,291.2630870516342,283.53325785888455,284.73057065450325,1200200
2021-09-13,289.3377685546875,292.0005904962356,288.02551867708746,290.77454361447093,1190200
2021-09-14,286.2630310058594,289.75920681804047,285.3147688796165,289.3281626345146,1067200
2021-09-15,286.7899169921875,287.94890748922757,284.2516199402953,287.7765014776877,606500
2021-09-16,285.4585266113281,286.6366929653201,283.83975731840246,286.31102738165,643400
2021-09-17,281.3589172363281,284.5198405344282,280.6692639014035,283.9163902124605,1862100
2021-09-20,279.471923828125,280.97575555806725,275.9949523865855,276.83783595251646,1101600
2021-09-21,278.121337890625,281.3684637242714,277.4508603668921,281.10985472342276,802700
2021-09-22,279.68255615234375,281.89518687086456,278.2362228191642,279.55803100027225,812600
2021-09-23,281.847412109375,283.16925001904025,280.00832692391305,280.97576494820055,854100
2021-09-24,279.50067138671875,281.45469394255537,278.8014594619411,280.6213689613028,746700
2021-09-27,275.4872741699219,279.07921231794694,275.3340438657882,277.74781577800474,783700
2021-09-28,267.8340148925781,274.3857054476831,266.95280925363073,273.6864936489827,1619700
2021-09-29,270.36279296875,273.42789591311606,260.5448289212366,261.93369410139303,2580900
2021-09-30,267.9394226074219,272.22101378137785,267.01986545251754,271.3589252947468,1670800
2021-10-01,273.0256042480469,277.4891892799881,268.4279061693499,268.94515341484725,1797800
2021-10-04,273.2651062011719,276.8187224464381,271.7516864355868,272.96817496196275,1483500
2021-10-05,279.06005859375,280.54474386182056,273.02561435422035,274.06966750772546,1571300
2021-10-06,281.47381591796875,281.61751681775786,275.82250618299616,277.5083317103836,1409100
2021-10-07,281.368408203125,287.15382978548394,280.63087430317347,283.8205016093051,1426300
2021-10-08,277.76702880859375,282.4317555907845,275.89923806287595,281.36855567524475,1171400
2021-10-11,276.1385498046875,280.15194313624215,276.11937409910183,276.8186150340326,855200
2021-10-12,279.5580749511719,280.9661155598926,276.12898496033915,277.0102197842115,1237700
2021-10-13,277.7190856933594,281.12903002224874,274.51028171908354,281.12903002224874,838100
2021-10-14,279.9029846191406,280.03706844592585,273.01603939170377,276.5792432795692,1079300
2021-10-15,283.8971862792969,284.71133542511063,279.5964197392124,281.6462328478238,1058700
2021-10-18,284.8167419433594,284.85506413330603,281.8569885500181,282.3837944289036,757200
2021-10-19,285.70758056640625,286.2631208674695,283.5524174347674,286.2631208674695,656900
2021-10-20,289.15582275390625,289.2037035713494,284.8167625216452,286.7037285829441,847100
2021-10-21,293.8492736816406,294.0025332164353,287.9010323168028,289.1654015554088,970600
2021-10-22,293.696044921875,295.4489272843613,293.3320571425054,293.8493044727291,653600
2021-10-25,296.66534423828125,297.6519287056091,293.8109403198759,295.0178408409577,1052900
2021-10-26,302.69976806640625,305.41050012925245,289.2898671099628,296.6557364738247,1931600
2021-10-27,304.00250244140625,308.1116880015767,302.9775957075582,304.2132306555501,1365400
2021-10-28,307.8721923828125,310.17102677938976,301.2438568208949,303.3319630259621,1152000
2021-10-29,303.264892578125,309.8644935032188,301.33963384041857,307.7667995394563,1524700
2021-11-01,297.019775390625,304.625108582921,296.9814531965306,303.27453624596836,1284000
2021-11-02,299.6059875488281,300.9469720510818,297.8148122603247,298.2075051388702,994800
2021-11-03,301.01397705078125,301.65572023819027,297.19213533456576,300.9756548626291,1281600
2021-11-04,305.1614990234375,305.46801811028763,299.7592389662319,299.8071197848721,1040900
2021-11-05,305.58294677734375,308.743840730775,303.93544327142206,305.4775972868212,1098500
2021-11-08,307.2783508300781,308.88756147800655,305.9565420293538,306.8186014146158,765200
2021-11-09,310.3913269042969,310.9564842117402,305.89900739863305,307.10590793187606,781000
2021-11-10,310.927734375,311.9526410879703,309.68254082759523,309.68254082759523,973200
2021-11-11,312.2591552734375,312.36450476107973,309.38560476478625,310.2955741183661,620600
2021-11-12,317.4315490722656,317.5273399381084,312.2591638607039,313.26489487388295,1212700
2021-11-15,318.8204345703125,318.9641062493966,314.0407423501543,316.35875262069135,852200
2021-11-16,324.3663635253906,325.73608211754413,318.84913773774656,319.3280627753889,1334500
2021-11-17,319.1173400878906,326.1000754417804,318.92575837702697,323.7820653578965,1131600
2021-11-18,317.32318115234375,321.880492499561,316.9777989781316,319.8561008816372,1126100
2021-11-19,318.7719421386719,321.18970524493614,315.96080758423733,318.4553418060284,1355800
2021-11-22,316.43084716796875,321.89963133124513,316.3924616191458,319.19402109132545,971800
2021-11-23,314.2051086425781,317.81259074015264,312.86190656782463,315.6538637087101,1024700
2021-11-24,314.7135314941406,315.23163405465954,313.0057401379729,313.73491935058456,907200
2021-11-26,310.1849670410156,315.3947153517477,309.8971485838918,310.7798406517363,1030600
2021-11-29,320.7196960449219,321.6599521978584,310.48251919965816,312.14235107627565,1629500
2021-11-30,317.80291748046875,323.8377657037731,316.0375623857495,319.4339670369087,2644800
2021-12-01,317.5246887207031,325.89095423247426,317.40953204775633,319.87528441377225,1813400
2021-12-02,325.8909912109375,329.0091520127914,317.3424299298409,318.2730821711168,1482400
2021-12-03,328.5102233886719,332.962011577505,323.22376151393814,326.36110041729285,1794700
2021-12-06,327.291748046875,331.37894654284764,326.05406990182905,331.29257171074323,1123600
2021-12-07,327.9057922363281,331.7915180325694,327.25338405470154,330.640185364141,1261500
2021-12-08,328.3375549316406,330.12208839070877,325.32491765608694,328.6061953215952,841200
2021-12-09,329.9206848144531,333.2211413164674,329.20110905290255,329.93989224037995,668300
2021-12-10,332.405517578125,333.9981816377401,329.8438450241086,332.357557586772,659700
2021-12-13,331.9641418457031,334.4106866705872,329.2681348279948,332.7028954357442,1007900
2021-12-14,328.85565185546875,332.30001686952926,326.26516799193945,332.30001686952926,918800
2021-12-15,331.6188049316406,331.6763686332853,324.38466386905384,325.0466757175714,1413500
2021-12-16,334.12298583984375,335.5333553934677,331.5229271562223,333.3650245652758,944500
2021-12-17,326.6297302246094,332.5974111849709,324.941116927652,332.5974111849709,2325600
2021-12-20,322.0724182128906,324.28870852344886,315.6538020834754,323.91451519017363,1153600
2021-12-21,320.9211120605469,325.5359878732156,319.050233078971,323.11822441165054,1045100
2021-12-22,324.97943115234375,325.4495443640334,320.1343019767096,320.450902260591,454100
2021-12-23,324.6532897949219,328.25116738568727,324.0584453846518,324.787595332917,785600
2021-12-27,331.53240966796875,332.4726655362257,325.4975908405022,325.4975908405022,842000
2021-12-28,334.2668151855469,335.48531516078083,332.04092117561714,333.59522892228415,601200
2021-12-29,337.1067199707031,338.0757576910558,333.6431772460247,333.6623553855833,484700
2021-12-30,336.1473083496094,339.78357169092425,335.5812457591025,337.7687542781818,410700
2021-12-31,337.87432861328125,338.93928644929264,335.072768055075,335.3893977163152,852100
2022-01-03,325.3632507324219,336.1760905628726,321.7557695524736,334.34356812431815,1484100
2022-01-04,322.1012268066406,323.98170950030106,318.91589847276254,320.75802488259745,1707700
2022-01-05,322.70562744140625,328.67330801280355,320.4413480062862,322.87831853199293,1182500
2022-01-06,320.0288391113281,323.78022999172316,319.3476490921092,322.23552585056973,947100
2022-01-07,310.1082763671875,319.66423135481574,309.5997774893218,319.4915402520547,1325500
2022-01-10,310.1849670410156,310.3384799780146,304.20771260448635,309.22553314447106,1603700
2022-01-11,311.3362731933594,311.4993898250501,305.16712078553707,310.3000975554301,1063600
2022-01-12,308.5443115234375,312.78502179276984,306.34719992817094,312.15179197266525,1191400
2022-01-13,304.5148010253906,311.33636337675415,303.7952254551824,309.1680329557198,1064300
2022-01-14,295.9469909667969,300.734586335117,291.667923705459,297.6547822436251,2622700
2022-01-18,293.79791259765625,294.49831003447156,285.7002864147829,288.5114213133506,2738200
2022-01-19,291.4664306640625,296.6569715407265,291.25535403633796,294.2200012532882,1859800
2022-01-20,285.58514404296875,295.09313903218646,284.71205554022805,292.9344124105672,1501300
2022-01-21,280.9703369140625,289.6052455004489,280.88399134175194,285.5852134939735,2124900
2022-01-24,286.41021728515625,287.48480792304974,273.34273133949057,275.59740701783693,2987300
2022-01-25,282.32305908203125,286.8228068983065,278.73475600081173,282.56291758277257,2908000
2022-01-26,280.8743591308594,287.8206532971916,279.8861430863143,283.03308605842363,3524100
2022-01-27,271.68292236328125,282.9754493251241,268.4592090912964,278.5044836398095,3374500
2022-01-28,276.02923583984375,276.17314511641837,262.6738986611546,270.92503878020045,2316800
2022-01-31,274.88751220703125,277.1805448046834,271.71178722961247,275.3576256129931,2498700
2022-02-01,281.20050048828125,282.3614074008538,273.1412609464896,277.017382407487,2221000
2022-02-02,282.380615234375,283.75259879485014,278.3989700843827,281.78577085316766,1190100
2022-02-03,276.1539306640625,282.15039436544635,275.7413809885132,279.6846707439393,998800
2022-02-04,270.30133056640625,274.49405213912434,269.22673997420867,274.4172810284532,1459700
2022-02-07,267.89312744140625,271.21276044681105,267.89312744140625,270.70426166482827,1474900
2022-02-08,268.32501220703125,269.6010469841046,266.703565845434,268.7375619422132,1125900
2022-02-09,274.9930725097656,276.79681379741237,271.48153922671975,271.5199247995414,1086400
2022-02-10,268.5743713378906,273.84168427564913,267.2119913593813,271.69253205552087,1215200
2022-02-11,262.02142333984375,268.57434447884486,261.1579386218514,267.62451421701337,1265100
2022-02-14,259.50775146484375,263.50857535092445,258.2604695403758,262.44361753133364,1074700
2022-02-15,260.5534973144531,263.89230888150627,259.27743370322725,263.59488668512165,1166900
2022-02-16,261.570556640625,261.9735026173026,256.0538098638713,260.83177355070137,924000
2022-02-17,256.3799133300781,261.98300347346805,255.65073423812825,260.2464305557221,946100
2022-02-18,257.1954345703125,260.4766818817166,255.55478163501348,256.83084502913493,1317400
2022-02-22,250.9688262939453,255.90033294457228,248.61822968638015,255.0752041719138,2088600
2022-02-23,248.87722778320312,253.3865802741671,248.63736923112225,252.2352475123355,2101400
2022-02-24,248.4358367919922,249.04985931297992,241.2304782423364,243.23570638410865,2010200
2022-02-25,257.0235595703125,257.13898373746645,249.22448975774535,249.5995229212491,1423800
2022-02-28,253.0421905517578,256.5714745468957,250.83034978555887,254.5808560092,2315000
2022-03-01,245.73355102539062,253.35952554554135,244.2141229252597,251.49389845204132,2311200
2022-03-02,250.24374389648438,251.16693140974408,245.78163178559313,246.23359952879676,1449300
2022-03-03,248.1473846435547,253.81156116372537,246.3971519564465,252.74412994041978,997900
2022-03-04,248.58010864257812,248.83015026209537,243.8006599326126,245.66628736837666,1643700
2022-03-07,233.63584899902344,248.58970045228696,233.58776295005563,247.579966792973,2197700
2022-03-08,230.6547088623047,238.5691854942305,227.14463265788302,233.155022041685,2049100
2022-03-09,232.44342041015625,235.16491203359135,228.88525786382948,232.7030586877115,1887100
2022-03-10,228.44288635253906,230.26042754483177,226.8080633482963,229.24106783655577,1672300
2022-03-11,224.63467407226562,229.96229097948085,224.3750358384367,228.8852193166982,1269900
2022-03-14,228.51980590820312,230.48159044812687,224.46159002606723,225.8559973583534,1340700
2022-03-15,233.1453857421875,235.1071701705714,230.0969183339288,230.53927472789155,1757500
2022-03-16,235.01104736328125,240.03092595237987,230.4719999442204,235.58803596304492,1651100
2022-03-17,238.03065490722656,238.04026624758924,232.23183245348315,233.21271742735073,1409000
2022-03-18,241.88693237304688,242.94476683916355,235.49188354496854,238.61728621672773,2068300
2022-03-21,236.39584350585938,242.22351493952658,234.7802431439837,241.56957691782844,1135900
2022-03-22,240.57904052734375,242.4831276515636,239.0211523960549,241.84844172602448,1400300
2022-03-23,238.14608764648438,240.1848073372944,237.33829471319788,238.89618318079388,1276500
2022-03-24,240.3482666015625,240.4252013512221,237.14594385557348,238.93463643220142,1369800
2022-03-25,235.80923461914062,241.17529769472483,235.0879878464886,239.73280414942082,1143300
2022-03-28,240.97337341308594,241.01183345380298,234.75141631855774,236.12658654970548,1282100
2022-03-29,249.4071502685547,254.29238236639236,246.49331435925455,249.1186339388808,1904000
2022-03-30,243.3101806640625,248.21464973942133,242.52162518438004,247.14721864070307,1157500
2022-03-31,240.05015563964844,245.7047350599324,240.05015563964844,243.73332427048345,1816700
2022-04-01,245.4258575439453,245.57971236957525,240.06939115113218,241.72345158552957,1378300
2022-04-04,249.1090087890625,249.1474541505373,242.64663700119118,244.08913044180886,1587500
2022-04-05,248.0800018310547,252.25361230652058,246.90677275932637,248.37811476875927,1603300
2022-04-06,252.5613250732422,253.5422098619702,244.55067792250077,246.09895450917853,1671300
2022-04-07,253.71536254882812,254.0807989340765,248.42621967258296,251.2439126362902,1559400
2022-04-08,253.64805603027344,256.54263957854135,252.3401800498154,254.840507883476,1131300
2022-04-11,251.08998107910156,254.32115165983075,250.73417079644253,252.03239115801506,995900
2022-04-12,247.09915161132812,255.03286596799813,246.03169114622116,252.90757105248068,857600
2022-04-13,248.49351501464844,249.76291620500453,244.48338526588003,245.93550462822384,1282300
2022-04-14,243.2043914794922,251.24390362374893,243.06014800301725,249.87833023537547,1246800
2022-04-18,236.73240661621094,242.89666548056067,235.9726998557286,240.18477075129522,1389300
2022-04-19,242.57933044433594,244.11799609070928,237.19401535583242,237.19401535583242,1275500
2022-04-20,243.38711547851562,248.75320771238148,241.39648208660657,245.25274274576157,1705500
2022-04-21,241.9638671875,248.52239685776917,241.69460290038063,246.5606267720164,1408400
2022-04-22,235.5303497314453,241.52150228535194,235.26108543736885,241.52150228535194,1426500
2022-04-25,238.511474609375,238.82882491174084,231.4720999179171,235.73227130249973,1738500
2022-04-26,260.96630859375,265.3611125997447,256.1099254398002,258.47560661588847,5011900
2022-04-27,268.6692199707031,273.1024691182224,262.0049072279719,262.28376816667,3950200
2022-04-28,270.5252685546875,273.7853184325162,265.66888479389985,272.1504804856082,2367100
2022-04-29,264.4186096191406,274.07370556951366,263.39925011465493,269.2942436353273,3099500
2022-05-02,258.4755554199219,267.53442592313996,255.7155897032145,263.3030889209403,2870700
2022-05-03,259.0429382324219,260.687372352425,255.72522130075248,258.1966708135007,2007000
2022-05-04,271.698486328125,272.2947123416403,259.850798096772,260.0719910217506,2059100
2022-05-05,266.3324279785156,271.34268113907876,263.12044956103335,269.3712555027433,2130000
2022-05-06,262.899169921875,265.19752690814664,257.860070286163,265.19752690814664,1758600
2022-05-09,266.3515625,270.07319026397175,259.1871678607205,259.6391502377268,2280300
2022-05-10,256.157958984375,269.26541964334405,255.01357860308266,267.98642181298294,2208700
2022-05-11,254.52320861816406,261.0625014122959,253.66731496741116,255.18672869599536,1376500
2022-05-12,264.0148010253906,264.5629262840437,250.99388403476297,252.35945754284177,2637500
2022-05-13,262.8511657714844,267.25559591256024,260.12004813026675,265.09185555460476,1501600
2022-05-16,260.96630859375,264.1782573378975,255.14826308475222,260.24506182746404,1278700
2022-05-17,258.9371337890625,265.8514862981285,256.43680658167506,264.74555145907095,1603800
2022-05-18,249.7052459716797,257.7062836597315,248.16658036280734,256.1868407324631,1526900
2022-05-19,250.00404357910156,253.81141930696262,245.94607655509228,248.43289880743015,1690300
2022-05-20,248.63534545898438,252.83789018773516,241.14590409844337,251.10290059460598,2576100
2022-05-23,249.90765380859375,252.3462933961449,248.07626939450324,251.19926238306974,1290300
2022-05-24,248.3461456298828,250.63055923926808,245.02072950402396,250.0233335099539,1450700
2022-05-25,255.5464630126953,255.87418201988228,246.5244537571703,247.9220910471782,1420800
2022-05-26,262.1490173339844,264.36595132339755,256.7801459877578,260.51039348749856,1363900
2022-05-27,266.370849609375,266.3997651156246,262.66951773157626,264.202098393945,1180100
2022-05-31,258.3609313964844,262.86227856783927,255.43069928903518,262.86227856783927,4118300
2022-06-01,255.68136596679688,260.3658553263654,253.91743151739664,260.3658553263654,1202100
2022-06-02,259.7586975097656,260.028585523607,255.49832033301377,256.92485865663775,2271600
2022-06-03,259.170654296875,263.55634044657756,256.78984568017364,257.16574734829607,1395800
2022-06-06,265.0985412597656,265.9275015673006,258.4958919716067,259.2766401523878,1220000
2022-06-07,267.21905517578125,268.26004273126483,261.6477759076177,262.3032136060914,1293200
2022-06-08,258.39947509765625,265.81178744430514,257.29100809489114,265.0888703448185,1154600
2022-06-09,252.52944946289062,263.96119643679566,252.41378740704457,257.64770134312994,1593100
2022-06-10,238.48556518554688,248.9726741254086,238.29279020539207,248.8088293646758,1513800
2022-06-13,229.27078247070312,236.39392607692147,228.08520237247356,232.73114262938094,1635600
2022-06-14,221.19342041015625,230.56243015578525,218.7451468645806,228.36476265572816,1539000
2022-06-15,220.7210693359375,225.0778394331116,216.29680520396542,223.35248364141012,1580200
2022-06-16,211.04360961914062,215.73776163080618,208.31580048473015,215.22688664882153,1553000
2022-06-17,214.74493408203125,218.1089137137955,206.4844087593763,210.6676856370752,2627900
2022-06-21,212.20030212402344,216.06550906191697,209.38574609027154,213.6943340340621,2509400
2022-06-22,213.21237182617188,215.47751821879947,207.24589298191208,207.36156973262965,2370500
2022-06-23,216.76910400390625,217.18358412727483,212.5279961860747,214.0412950176816,2481900
2022-06-24,222.89942932128906,223.2946275150353,217.83900984480573,218.8028992688978,2744300
2022-06-27,218.9571533203125,222.86090893246026,218.0125309733776,222.04159693329552,1633400
2022-06-28,215.24620056152344,223.01514897399767,214.76425572494028,220.8174816958016,1143300
2022-06-29,217.27037048339844,218.14751359859102,213.10636011750987,214.29195498178558,1266800
2022-06-30,215.8245391845703,217.45351507743717,210.7159210004154,215.91128572485823,1548400
2022-07-01,226.73574829101562,226.98636900199094,216.27755487260822,216.87516172286345,2295800
2022-07-05,233.4829559326172,233.89743607714433,222.62956515685954,224.58625971942297,2331100
2022-07-06,233.9745635986328,238.1192770557133,231.69013527658203,234.07094373264172,1817700
2022-07-07,230.8419189453125,236.88549597351277,230.57203104171444,232.09496362296588,1528300
2022-07-08,229.6852264404297,231.00576507947386,227.6321517713556,229.88764971034297,923500
2022-07-11,233.22271728515625,234.8709601460491,227.4875628121086,227.7092679937435,1214200
2022-07-12,237.65658569335938,243.07363981563938,234.81311469454715,236.2300333939982,1691000
2022-07-13,236.846923828125,237.66623576794538,229.28038553896178,231.33347483461054,1308500
2022-07-14,235.61318969726562,236.30719142571206,231.8925750394568,233.5215509101772,1098300
2022-07-15,236.70233154296875,240.06629620029798,235.00587675355382,239.64218250294425,1109600
2022-07-18,234.4661407470703,238.16747321090628,233.32875810040952,237.22286553902674,1269600
2022-07-19,238.5433807373047,239.05424102008612,234.2733571080584,237.31925160343297,1034900
2022-07-20,240.51937866210938,241.47363469245747,237.29034251225346,239.28560110994803,1062800
2022-07-21,247.32440185546875,247.80634660270235,240.7024857349708,241.41576925567963,1087000
2022-07-22,249.6570281982422,253.7342619473175,247.58464224584512,249.3100126829917,1496900
2022-07-25,249.6570281982422,250.45704353843612,246.5340209310664,248.5003490348379,1194600
2022-07-26,245.1074981689453,247.989533582412,243.42069124330666,247.71964565093296,1366300
2022-07-27,223.59344482421875,224.85613769526208,212.7689700349432,218.0221647822224,7253600
2022-07-28,234.26370239257812,236.74090551790374,222.1861678875603,222.49461959359687,2498400
2022-07-29,233.2034454345703,237.15538385563397,232.76004975996358,234.22516602778293,1974000
2022-08-01,234.3119354248047,234.93847253250308,230.20577074162978,231.69980266578557,2162200
2022-08-02,234.8131561279297,236.50959660197648,230.80337168986773,235.27581903761723,1980000
2022-08-03,230.6780548095703,234.44685178267082,229.23222048053492,234.02273802624114,1887400
2022-08-04,234.3119354248047,235.92162940241104,230.91905438941612,230.91905438941612,1016700
2022-08-05,228.51895141601562,232.12390386661087,227.2176945542055,231.34314092485184,1955100
2022-08-08,231.8058319091797,234.13844314439797,230.0997430760108,231.14074568398897,1518600
2022-08-09,223.96939086914062,231.52628189858328,223.79588309090244,230.8226465998893,2056700
2022-08-10,234.9384307861328,238.29276211026746,228.6056697447836,229.29003775760148,2464800
2022-08-11,235.17941284179688,238.40843395803378,233.36729581025747,237.34816429464632,1624800
2022-08-12,242.52426147460938,242.7266847608929,235.82523173400105,236.25897910999376,1479100
2022-08-15,248.04733276367188,248.94374298361453,242.26399547541027,243.04474365607962,1333600
2022-08-16,247.01596069335938,249.5702914951045,245.90749361055774,246.12919879334777,1369200
2022-08-17,242.3893585205078,244.9629424083672,241.02063682964945,243.24721981646093,1419500
2022-08-18,240.5535430908203,243.44247112116577,239.0752660876474,242.33133815120334,1262600
2022-08-19,236.3119354248047,240.45690479603616,235.88680733689105,239.60666336317212,939900
2022-08-22,233.2781219482422,236.2636609444365,232.30225556780854,233.3264346465846,1065400
2022-08-23,230.03172302246094,232.70808748261382,228.93991788041623,231.26845152718116,1241300
2022-08-24,231.43267822265625,234.4858578429226,229.1041448243728,230.20560649206826,1464200
2022-08-25,236.26364135742188,236.36026674609613,231.94474890844822,233.1621639367007,825300
2022-08-26,227.73216247558594,236.71777907901523,227.56791109191153,236.71777907901523,1184000
2022-08-29,226.09927368164062,228.37949434064814,223.80939638065436,225.92536566823327,1255700
2022-08-30,227.05580139160156,230.11863745398364,226.48574993918513,227.96402695604223,1343600
2022-08-31,224.2538299560547,229.94471701694684,224.2151739061031,229.87707630101326,1742500
2022-09-01,224.47607421875,225.51956653258605,222.3021355839995,223.27798717479791,1575000
2022-09-02,223.97364807128906,228.27321263235584,223.04610917919806,227.29736104437234,1199100
2022-09-06,220.65957641601562,224.8818430369199,220.16680762520755,224.64029433333565,1303000
2022-09-07,230.58242797851562,230.64041206188404,220.52434935854737,221.83837513188615,1434500
2022-09-08,232.64041137695312,232.97858549573013,227.52924674323575,228.74664703349697,1179700
2022-09-09,232.22494506835938,234.16699146771185,231.41333016533454,233.04620186974353,1318300
2022-09-12,234.75636291503906,236.5438292773471,232.85295788895783,233.75151201912684,1477800
2022-09-13,223.05577087402344,228.73700200289468,222.47604799611057,228.14762248277052,1084200
2022-09-14,218.2151336669922,222.6209802460426,216.30205706585332,222.2828061189721,1360900
2022-09-15,216.30203247070312,222.08954482582618,215.97352976590858,218.35037554116536,1100000
2022-09-16,214.07012939453125,215.6257036984716,212.27300637720242,212.27300637720242,2410700
2022-09-19,215.6353759765625,215.95422207051237,213.11362137916407,213.39381142010905,1159800
2022-09-20,211.4324188232422,213.0652904633913,209.7319212105646,212.5628650180462,1188000
2022-09-21,206.61111450195312,213.67399688341897,206.43720649605046,212.64983264519879,1197100
2022-09-22,201.01683044433594,205.31639434196336,200.65932834426712,204.56276357981574,2213900
2022-09-23,204.07969665527344,205.74155313353856,199.42262996216738,199.490270684673,1610600
2022-09-26,201.9346923828125,205.1424658647493,199.84770829164597,203.915394467217,1783300
2022-09-27,201.5095977783203,205.51931529579656,199.07478260145214,204.26325902835865,1538200
2022-09-28,205.86712646484375,206.9492598881519,201.14241989216794,204.52410158296803,1579500
2022-09-29,200.81398010253906,204.49518096571808,199.3453742089393,204.09905219109672,1100800
2022-09-30,197.8284149169922,203.6255845848894,197.6545069035784,201.36469195272105,1512200
2022-10-03,207.13284301757812,208.75604318204074,199.66414670408332,199.8477260723657,1606400
2022-10-04,212.08944702148438,213.9155548774025,209.35511355859742,209.91550839572636,1704400
2022-10-05,210.02175903320312,212.2826660706616,209.26812826837119,209.26812826837119,1363200
2022-10-06,209.44207763671875,213.0363239305736,208.55318007650237,209.9541597665938,1178100
2022-10-07,198.64967346191406,207.5386634199142,197.1520684475366,206.4855145377705,1198900
2022-10-10,198.84291076660156,200.46611110073812,193.47086955177255,198.2148752440413,1621700
2022-10-11,197.5965118408203,201.4999474563202,195.5288553639048,197.28733714205742,1228300
2022-10-12,194.6979217529297,199.3839727408944,194.2824650379986,199.0844546919043,1399100
2022-10-13,198.72695922851562,200.08929757084417,188.63989689349987,191.4321995545682,1797200
2022-10-14,194.88150024414062,202.16661774201086,194.64962291331972,199.74145920877618,1181000
2022-10-17,202.05064392089844,203.05549472948297,198.66896225374435,198.66896225374435,1304500
2022-10-18,205.44204711914062,211.44210979997794,204.17633403077897,207.7609092168908,1270700
2022-10-19,200.2342529296875,204.15700218896694,198.3791603375489,202.92027379420787,1046500
2022-10-20,194.41769409179688,201.741451512854,193.03602803730163,199.35494948114834,1704800
2022-10-21,200.79461669921875,200.90088397730167,192.2824278606255,192.76552527575058,2082600
2022-10-24,205.3454132080078,207.68360323679872,200.48545374956402,202.01204355209,2003700
2022-10-25,212.756103515625,220.8431644541258,211.7319393311201,217.297216372581,2812500
2022-10-26,213.41314697265625,214.9397367749647,208.0990747053528,212.03148051681552,2100300
2022-10-27,214.35035705566406,216.93009582107277,213.81894688084992,214.68851644475305,1755000
2022-10-28,218.582275390625,219.9156291148527,214.11845952146575,214.33102358599376,1469300
2022-10-31,217.42282104492188,220.5919389024839,216.61122092741618,217.5870723965864,1666000
2022-11-01,217.18128967285156,219.89629499835726,213.9445308423303,219.36488485175408,2148900
2022-11-02,208.4372100830078,217.79964050337063,208.14734868049908,217.39384043704376,1777100
2022-11-03,209.8478546142578,212.51454700109045,204.7076911123921,205.21977318584587,1767600
2022-11-04,208.92034912109375,213.59674431375055,205.80919991658047,213.07499073671394,1774000
2022-11-07,213.8865203857422,214.5338690787964,208.41786947680134,210.2343055246533,1343100
2022-11-08,217.7996368408203,220.56295464473692,214.25370358336508,215.9735292015758,1273800
2022-11-09,214.49525451660156,218.35037723632618,213.95418776498335,216.6691929069725,988200
2022-11-10,230.92059326171875,236.58249626362843,223.90602322575484,226.20555718364702,2699300
2022-11-11,229.22007751464844,234.1863185837771,228.14760061338896,229.49061090028474,1913100
2022-11-14,226.16690063476562,229.58722404355638,225.27800310899494,228.73698256927707,2775900
2022-11-15,232.4568328857422,235.32643298524852,229.82878151688143,230.92058649714798,1799200
2022-11-16,232.66940307617188,234.94962374324072,231.02687461311427,231.87713088512925,1539900
2022-11-17,229.66671752929688,231.1874248941744,224.39748594542,230.65470214622127,1521100
2022-11-18,232.5047607421875,237.20251753370627,230.14136859097974,232.46602290814448,1394800
2022-11-21,231.7492218017578,236.31137350150044,231.245556115765,232.9503014417662,1583000
2022-11-22,235.80767822265625,235.93360202613917,228.2234737642241,232.5047205049623,2046800
2022-11-23,242.15208435058594,242.21019848606363,234.05451805871073,235.94330136068723,1380500
2022-11-25,241.68714904785156,242.02615308763365,239.18813784069815,240.21486028197572,403900
2022-11-28,237.8514404296875,241.95834474637377,237.4155696714512,239.60461900423533,817000
2022-11-29,233.98670959472656,239.19781209756945,232.08823086037842,237.309028905099,1239100
2022-11-30,241.35780334472656,241.7549362854068,229.20178129340852,230.05414652682754,2873600
2022-12-01,243.7115478515625,245.35817909274533,241.07693195375376,245.35817909274533,1061000
2022-12-02,249.65875244140625,251.5378546305615,238.93625305020672,240.5828987407696,1769300
2022-12-05,245.62936401367188,248.44801758488367,244.9803982559332,245.7843448817319,1431600
2022-12-06,245.5034637451172,247.52785152455098,241.55154014739898,246.42363866487895,1150600
2022-12-07,243.23690795898438,247.4406791512778,242.14239064647433,245.4065958395297,1285700
2022-12-08,246.46237182617188,246.58829563105,242.03583970913004,243.62435668383625,1153900
2022-12-09,244.94163513183594,247.2081746689221,244.0408218615863,246.21050945097937,972700
2022-12-12,245.91026306152344,246.68513782452717,241.2125072169226,246.68513782452717,1402700
2022-12-13,250.73391723632812,257.30110954406837,247.02416064755877,253.6591330674738,1312700
2022-12-14,240.8734893798828,250.80172381313182,240.83475155349427,246.026492297097,1742900
2022-12-15,236.52447509765625,238.287334607275,233.65738788162264,238.287334607275,1324600
2022-12-16,232.9212188720703,235.89483840954924,231.02274026569984,234.4128690215276,2295300
2022-12-19,230.6352996826172,234.02542839128122,229.70542930513395,232.14632611371275,1026100
2022-12-20,231.09054565429688,232.9405908596411,228.99834839945066,229.64731411854137,952800
2022-12-21,234.60662841796875,234.70348038239513,231.03246134131663,231.96231705471828,1046500
2022-12-22,233.7251739501953,233.94794970961104,230.25755463762616,231.67171440757335,934200
2022-12-23,235.0522003173828,236.56322706730649,231.3424283455618,233.13435981015593,605000
2022-12-27,231.9041748046875,235.07152777525158,231.5748515619419,234.23852412726734,653300
2022-12-28,230.02508544921875,234.66472729135634,229.7441955569226,232.465982402789,861100
2022-12-29,233.7445526123047,234.50006587341585,231.4973743527408,231.79764054885047,605200
2022-12-30,229.87979125976562,233.29897710340646,227.7294798230559,232.0978975865722,877700
2023-01-03,231.85574340820312,233.52175071832528,229.47297547893223,233.0277658500102,1006100
2023-01-04,236.51473999023438,237.4058725284233,233.12461133597986,234.80031414081589,790100
2023-01-05,220.60052490234375,233.57018854141515,219.3897646119906,232.27225705730586,1601800
2023-01-06,228.39781188964844,229.76355297113386,220.94921261775733,222.256839573186,1400000
2023-01-09,228.6012420654297,233.69613123828347,226.7221543578773,229.6570363566307,1047400
2023-01-10,226.75120544433594,228.46563146744276,225.3176545409995,226.59622457157695,865800
2023-01-11,236.1079559326172,236.30168941812724,229.3083362491625,229.71514996511183,1459100
2023-01-12,236.0885772705078,238.8297403578508,231.0614981501029,236.49539095692705,1077600
2023-01-13,238.1614227294922,238.71352179631936,233.46366638118513,233.46366638118513,827100
2023-01-17,240.0211639404297,240.65075348710846,237.11533874691307,238.75228930402736,1379100
2023-01-18,236.6019744873047,242.07460595399246,236.4276172924065,241.66779220561804,1382100
2023-01-19,226.9836883544922,236.05955909058443,226.52844122522075,234.21919426720436,1435400
2023-01-20,237.60928344726562,238.5778916809782,227.29361167014218,228.61091945918284,1648400
2023-01-23,238.31637573242188,239.94364533530668,234.57754716436008,236.61163047301875,1110900
2023-01-24,241.53213500976562,241.9002108456462,235.75922378603536,238.79097210206947,1133300
2023-01-25,239.33343505859375,241.54186092716802,237.0184616797027,237.82240838849455,1608800
2023-01-26,217.99497985839844,223.05111632561642,212.19302564770126,213.8687138547173,7703000
2023-01-27,221.36572265625,223.40948665221202,218.03372269572276,218.03372269572276,2871700
2023-01-30,223.6322784423828,225.55011864721342,222.56680345092747,223.23514551104137,2315700
2023-01-31,229.16305541992188,229.63767885169898,224.0778613729329,224.56216556788422,2244400
2023-02-01,235.58489990234375,236.79566021564017,227.64231520307717,228.7368324760406,1818100
2023-02-02,237.64804077148438,239.97269466663198,234.77127307786049,236.29198034949073,1678000
2023-02-03,234.14166259765625,235.36211842286235,232.55314569640979,234.19009596496878,1691900
2023-02-06,235.40087890625,236.53414886745568,231.91388304116327,233.31837692946684,1342400
2023-02-07,230.95497131347656,234.7809712402035,227.11927584443666,233.4636633273786,2156600
2023-02-08,228.11695861816406,230.16072293026377,224.1262967457346,224.99803839249927,1268400
2023-02-09,224.2424774169922,231.26488681549955,223.58383094012012,229.182385112685,1228200
2023-02-10,223.2545166015625,224.9689425298881,221.71441828082152,222.94455487318058,1451800
2023-02-13,225.7632293701172,228.30097844315404,223.63229401857393,224.29094058295692,1575700
2023-02-14,224.66868591308594,226.59622169662276,222.79927904093836,224.66868591308594,1246200
2023-02-15,225.34671020507812,226.7996226236274,222.07282427220386,224.3877974679008,1906700
2023-02-16,220.00001525878906,223.45793931982854,219.76754393829785,220.84269977841066,1712400
2023-02-17,220.8232879638672,221.04607848593338,217.2103836034744,219.05073322710712,1594900
2023-02-21,216.2127227783203,220.2033838178736,214.65326299095705,219.34132311428695,2326000
2023-02-22,215.64125061035156,217.8399806065065,215.05039901081747,217.72375235079107,2339200
2023-02-23,216.048095703125,217.14261308978428,212.52236189575268,216.00934309239216,1718500
2023-02-24,214.72232055664062,215.2370779604775,210.42942994766864,212.7021341253621,1423100
2023-02-27,215.5576171875,218.20910573164264,214.51838033679905,217.36412928592412,1173900
2023-02-28,214.9845428466797,217.3155190221636,214.1881168477319,214.90684166483223,1675400
2023-03-01,212.7118682861328,214.56694548621903,211.3715633753798,212.70216119387678,1515300
2023-03-02,217.57777404785156,218.7044042143647,210.03121480447166,210.51683611037794,1350100
2023-03-03,221.77354431152344,222.2397514563678,217.7623222235011,219.82135190994316,1297500
2023-03-06,218.01480102539062,223.91995709178238,218.01480102539062,222.39509928211268,1861500
2023-03-07,214.1590118408203,218.59759802068425,213.06150286540793,217.60692633332076,1310100
2023-03-08,213.7025146484375,215.97521884536366,212.20680751934552,214.09100577236137,1035000
2023-03-09,210.94419860839844,216.72308955117086,210.50714236936284,215.4410569286673,1502500
2023-03-10,207.9430389404297,213.6053700485973,207.27287919987853,212.4398819354579,1678600
2023-03-13,207.45742797851562,211.62405226575885,205.79659659018242,205.80630368111338,1727300
2023-03-14,210.74996948242188,212.4399223812239,207.86537733172182,209.7787267332296,1472000
2023-03-15,210.32257080078125,212.44959429210144,207.59338168908172,208.7782987498173,1425700
2023-03-16,214.01332092285156,214.78059608504336,208.7588947015566,209.7204154270893,1390400
2023-03-17,211.07046508789062,213.80936172296393,209.94382002893016,213.32374038582444,1756500
2023-03-20,213.236328125,213.99389621120966,210.90533685821217,211.2064345304122,1035100
2023-03-21,214.45037841796875,216.25689032573374,211.33268301489542,214.64462398246232,1110000
2023-03-22,205.26243591308594,212.70215881472691,205.0876193345037,212.68272981044402,2572700
2023-03-23,203.04798889160156,207.14663411780614,199.52237328015397,205.73833521951013,1873400
2023-03-24,205.20413208007812,206.62215277432836,199.8914339569402,202.61091615770323,2237100
2023-03-27,207.7779083251953,208.57433431720534,205.02930499370785,207.6516568732799,1021700
2023-03-28,205.6314697265625,208.20525650418708,204.85447273822786,208.20525650418708,958900
2023-03-29,209.12796020507812,209.20564657017528,205.81601943835233,208.0692945258119,1005200
2023-03-30,210.7790985107422,211.04132337383874,208.96286455306875,210.3711783481598,1063800
2023-03-31,218.30624389648438,218.8015723792842,210.82767745152614,211.6532249228592,1484500
2023-04-03,220.12245178222656,221.9580999495259,218.7141527874182,220.4526707537012,1864700
2023-04-04,216.8202362060547,221.70558603855463,216.48029531656147,219.6562632492961,1747600
2023-04-05,216.42202758789062,218.21881781517033,214.1201869720834,216.00438549161157,1361200
2023-04-06,217.53892517089844,217.5874902675238,213.88705813246628,213.88705813246628,1366200
2023-04-10,217.9274444580078,218.10226103257136,215.51875186188929,215.74214835603738,1085200
2023-04-11,219.77276611328125,220.63717140211523,218.17022181128092,218.84038155138538,1096000
2023-04-12,219.28717041015625,222.3854369207397,219.02493073779053,221.89010849070414,1206000
2023-04-13,220.9091339111328,221.57929369909846,218.86953327383134,220.02529955830894,1318900
2023-04-14,219.160888671875,222.00663722106688,218.4324567155271,220.70517568252197,1012100
2023-04-17,224.065673828125,224.30848448784772,219.66594585954832,220.16127427018748,1269200
2023-04-18,223.4538116455078,226.13443612083998,222.14262809279833,225.38657510381375,887000
2023-04-19,226.87254333496094,227.22219124520132,222.4436796852398,223.3857861428323,1140200
2023-04-20,227.04739379882812,228.38769855083885,224.5318641235603,226.32866891732496,1213800
2023-04-21,226.921142578125,227.87295626925572,224.82325480094966,227.05711596257223,1132600
2023-04-24,229.7571563720703,230.26220669408158,226.6006177944764,227.7758279087747,2008400
2023-04-25,228.03807067871094,232.27268951159667,225.72652309313628,231.23346751228107,2550100
2023-04-26,222.3174591064453,229.19385954121717,221.9969620411701,228.77623227313913,1538200
2023-04-27,225.99844360351562,226.0081506943481,220.88969802829527,222.91960633121795,1664400
2023-04-28,230.70899963378906,231.76766550971288,226.25099890394176,226.53266760468802,1911100
2023-05-01,225.27000427246094,231.14602479057825,225.23114627043188,230.34959876882345,1666200
2023-05-02,225.21173095703125,226.09555042894374,222.65735826593618,224.4153049392809,1230700
2023-05-03,224.86212158203125,228.24204214159528,224.47361559703148,226.70747684581917,1486700
2023-05-04,220.8022918701172,225.39628009557583,219.62709660871047,223.26925640395515,1363400
2023-05-05,224.20164489746094,225.01748514893652,222.08434308006204,222.58937857669753,1008000
2023-05-08,224.28904724121094,226.3480916375655,224.00739340707952,224.21136087454337,1085700
2023-05-09,222.75448608398438,224.78437946865736,221.84151571040334,222.51167544505262,875400
2023-05-10,223.3858184814453,227.2319460508768,221.5307413885633,225.2020375675724,958600
2023-05-11,223.56060791015625,223.84227655497716,222.0843298724213,223.3857913609451,1503700
2023-05-12,220.8897247314453,225.78479634022383,219.40372455520594,224.80384652806208,2209600
2023-05-15,220.08358764648438,223.18183921217928,218.91808462517216,221.61813797257147,1233600
2023-05-16,215.8295440673828,218.85010931845943,215.3827659251071,218.5393045551395,1477300
2023-05-17,221.08396911621094,222.6476703751873,215.4604658746804,215.8295428239999,1792200
2023-05-18,226.7760009765625,226.90260375085643,219.9981461128675,221.05961824654253,1224100
2023-05-19,226.6786346435547,228.67499106516496,224.36091222495025,228.2562360292704,1046900
2023-05-22,224.60435485839844,228.012762957968,224.5848740800322,227.05841285074294,1332300
2023-05-23,221.10830688476562,225.1983936571288,220.1734226907637,223.27021265263247,1445900
2023-05-24,222.79302978515625,224.70174486738236,220.30002508472384,224.56540913718624,1200700
2023-05-25,220.58241271972656,223.39678318278334,217.43694334559936,223.00725680028623,1947800
2023-05-26,223.14366149902344,224.34146961197754,221.01096897581107,221.0499305417921,1118000
2023-05-30,222.4619598388672,224.76993459347833,220.06632899954414,222.8320203802581,1229700
2023-05-31,221.8192138671875,222.76383108283278,218.52766048238317,222.56906786361833,1976200
2023-06-01,228.74314880371094,229.045034017464,221.2543865008191,221.81921022891353,1722500
2023-06-02,234.5277099609375,236.48510482510807,230.73950815191333,230.83688233142786,1693700
2023-06-05,233.45651245117188,236.8454551894151,233.35913826228045,234.26479400233137,1253000
2023-06-06,234.01156616210938,236.48509008795452,232.015209862956,233.21301769865596,944000
2023-06-07,234.4595184326172,236.26111151296328,233.17406939184337,233.51490128577367,1345500
2023-06-08,236.88433837890625,239.33839611701077,233.95311306636373,234.8100740524566,1623700
2023-06-09,234.4595184326172,235.66707407896354,232.7747951628724,235.66707407896354,1021900
2023-06-12,238.50096130371094,238.55938878803792,233.76814189995704,235.34574341471426,1026600
2023-06-13,240.7212677001953,241.0426336872105,238.24772883995013,238.5788426462413,805900
2023-06-14,239.41632080078125,243.2532018739803,238.296406405795,243.23373595577428,1168900
2023-06-15,242.94161987304688,244.44131306940733,238.403563863316,239.9616994014281,1045000
2023-06-16,241.40296936035156,244.15891291190235,241.0913511629387,244.15891291190235,2244800
2023-06-20,241.87037658691406,242.63971132147802,238.5788382397128,238.90993718040804,1210400
2023-06-21,240.80889892578125,242.9318579720642,239.3384196457337,241.49057757019136,970500
2023-06-22,239.8350830078125,242.64945383347586,239.0365493629658,242.367049398702,820500
2023-06-23,240.57518005371094,241.55875877709522,236.0955668097381,237.27389388260082,1608500
2023-06-26,245.12298583984375,245.3761765280075,241.53928035028963,243.51615591645708,1109500
2023-06-27,249.97267150878906,251.92033342885819,244.8697919287947,245.38592114885455,1795300
2023-06-28,249.32017517089844,253.770589495952,247.88865742521332,250.83934899038482,1837500
2023-06-29,254.45228576660156,255.50401006880725,248.44373599984795,248.6677278070684,1410700
2023-06-30,258.57159423828125,259.53570712903735,254.87104835710713,255.63063534193606,1769000
2023-07-03,257.2179870605469,257.61726133725017,255.25082941830308,256.0591257917885,753100
2023-07-05,252.0079345703125,256.2343566984281,251.2093861775322,255.73769347773046,2068700
2023-07-06,250.63485717773438,250.96595612168613,246.19419059455876,248.58007335812243,1300800
2023-07-07,248.73590087890625,251.67687452526835,248.48271017988108,249.8850291333645,1018900
2023-07-10,250.2063751220703,252.981799232,248.5313995837554,248.70668201959222,1047300
2023-07-11,254.53997802734375,254.70551267195282,250.97575263010648,251.44320225758514,770500
2023-07-12,256.322021484375,258.49367507848086,254.4230690709996,258.0651871072765,917900
2023-07-13,259.3311462402344,259.4772446444637,255.22157882053574,256.5070426888303,1154100
2023-07-14,260.0518493652344,260.68483359773916,257.38353210548314,259.37015574932775,1137100
2023-07-17,260.82110595703125,261.23987581291857,258.629986523715,260.1491900055902,945600
2023-07-18,260.684814453125,264.0834750246583,258.8734733970356,261.15226401704285,1623600
2023-07-19,260.9964599609375,263.22651158866483,259.9252399001492,261.1619945909442,1385800
2023-07-20,259.3604431152344,261.6392342117497,258.59113788655867,260.09081649466475,1256000
2023-07-21,261.69757080078125,262.6811197345344,254.86125932384826,258.49365903461955,2298600
2023-07-24,261.006103515625,261.7656903019704,258.67866350730543,261.40537768419773,2275500
2023-07-25,268.7384033203125,275.57471618638476,267.6866788818977,267.9106409991628,4040500
2023-07-26,273.5491027832031,274.08472762703946,270.07251922432494,272.1467838639743,2289000
2023-07-27,269.8095703125,276.3731806679162,268.41699934302625,274.30866404092825,1889700
2023-07-28,272.7895202636719,274.7274343391646,271.38720132172915,272.5460625267924,1202000
2023-07-31,269.26422119140625,274.6105428724457,265.53446223460827,274.1139093641306,1780000
2023-08-01,272.867431640625,274.2405070648553,268.07617050866145,268.98182611833187,2013400
2023-08-02,270.41339111328125,272.1663047846285,268.4462631472547,270.1504674361131,1239800
2023-08-03,266.079833984375,270.64710339409635,265.5442091449572,269.7803796068922,1580600
2023-08-04,266.40118408203125,269.7511648241513,265.3689256844088,268.83576138188823,1218400
2023-08-07,267.1413269042969,269.33244665308086,265.5929391814318,267.8035248513781,1096700
2023-08-08,265.6708679199219,265.83643228819443,262.2722067898461,264.8820670829643,964300
2023-08-09,264.40484619140625,267.1802405759431,264.27824341505243,265.4468227035518,1339800
2023-08-10,265.71954345703125,268.8552808323518,264.9112767088903,265.13526856390143,1112400
2023-08-11,266.5570068359375,267.2581663034698,264.39510095429307,266.1577325831381,1240600
2023-08-14,269.3908996582031,269.47854089018216,265.34950657134846,266.1967348661123,1359200
2023-08-15,268.05670166015625,270.6860272452053,267.8424576745039,268.085915398247,1026800
2023-08-16,265.9240417480469,269.47851900030844,265.5150196464033,268.75789356103985,1662000
2023-08-17,261.5954895019531,267.44167998290567,261.14654091259405,266.37785083368937,1189100
2023-08-18,263.66455078125,264.4746417976439,258.7260276889561,259.9265100191185,1440600
2023-08-21,263.8891296386719,265.5873488125639,261.36131002542226,263.850081558537,964300
2023-08-22,263.9183654785156,266.59257772765613,261.9371001684317,265.6068446974358,1016000
2023-08-23,265.5189208984375,267.0512372712889,264.09397925878454,264.86502217648473,1784700
2023-08-24,262.7666931152344,266.8365685932116,262.41532003072376,264.91386055520087,929200
2023-08-25,258.2771301269531,263.5669975098759,257.98431424514143,263.17660611908093,1478100
2023-08-28,259.96551513671875,262.1419905335625,258.023298344232,258.218508883705,1731300
2023-08-29,263.9671630859375,264.0647683816201,258.26736528053345,259.89728734206574,1461800
2023-08-30,263.6353454589844,265.5092659848864,263.2254448903209,264.4063886228408,944100
2023-08-31,265.1968994140625,266.48521771236227,263.37179671728035,264.2404152620003,1490100
2023-09-01,268.22247314453125,268.5738164191058,265.9288830412238,266.6511085178162,1575700
2023-09-05,263.11798095703125,267.5977857918971,261.28310913064865,267.15860676001586,1463900
2023-09-06,262.6105651855469,263.73295169796035,260.9025766451484,263.73295169796035,1083600
2023-09-07,264.65032958984375,265.626322826367,261.2929104734077,262.08346261219555,1038400
2023-09-08,264.93341064453125,267.2465101522538,263.9183692059055,264.054992788727,1088400
2023-09-11,267.08056640625,268.04682004806665,265.2359545172408,265.45067423931647,1035800
2023-09-12,262.2786560058594,265.7043717880577,261.18551863314747,265.5287001653702,1358100
2023-09-13,262.0151672363281,262.7667011805936,259.0871871769958,261.6052667075955,910000
2023-09-14,261.634521484375,263.6157866193173,260.11197437500806,262.9911366334485,1035500
2023-09-15,255.34913635253906,261.4686037289898,254.48048800342704,261.4686037289898,2620100
2023-09-18,253.70948791503906,255.26131379590012,252.96772342420465,254.9099406952587,1471400
2023-09-19,255.1441650390625,255.31983667327748,251.31825844588698,252.80175744306328,1264400
2023-09-20,253.5727996826172,257.9647692345758,253.33857083769666,256.7642868344585,864500
2023-09-21,248.27317810058594,251.93315294139978,248.13653963556123,251.76722097657088,1207700
2023-09-22,248.55621337890625,249.82500765482874,247.59974410920051,249.06373406777044,1091800
2023-09-25,250.05921936035156,250.869310428086,246.29189975555252,247.62900572704802,978300
2023-09-26,247.77542114257812,250.74244919623746,246.6920679539848,248.85877433117145,1030900
2023-09-27,244.6034393310547,249.21989842398756,242.9637777136529,248.74165633934066,1243200
2023-09-28,250.05921936035156,250.69360900854906,244.6912714397015,245.32566108789902,1371500
2023-09-29,248.92709350585938,252.7529854449621,247.9511002083594,252.0404996152045,1450900
2023-10-02,246.58468627929688,248.99539077496414,244.66197840392704,248.0584456037791,1217700
2023-10-03,242.79788208007812,248.48792538430519,242.56363830298676,245.4623398899039,1787600
2023-10-04,250.30322265625,250.6838743237213,245.4623044354016,247.1312594595998,1872100
2023-10-05,247.6290283203125,251.58178938391342,246.3602340156798,250.2544527548854,1220800
2023-10-06,248.73190307617188,251.20116497958062,245.16951852960116,246.1259878114512,1196800
2023-10-09,245.77464294433594,246.9555865119161,241.987784128675,245.8136761241214,1140100
2023-10-10,247.12152099609375,250.28374491061484,244.97433853721122,245.16953423484108,1277300
2023-10-11,249.40530395507812,251.37681445363074,245.17926636585383,248.35124436988548,1470700
2023-10-12,243.09066772460938,249.2296592649234,241.41195799267607,249.2296592649234,931900
2023-10-13,241.0117950439453,245.4427982048769,239.76252477423435,243.08089613581475,939600
2023-10-16,246.31143188476562,246.6432809351914,242.9637819118216,244.0178564951401,1132900
2023-10-17,246.77015686035156,248.44886662613436,243.43226136582345,244.03737248169512,934100
2023-10-18,236.47340393066406,242.04633208086017,236.0732580063924,241.90969361812645,1540600
2023-10-19,233.15501403808594,237.47867164121928,231.38846873580857,235.21436027771009,2148400
2023-10-20,231.9936065673828,234.86302927859666,231.92529477984135,233.47712056693422,1663600
2023-10-23,232.91104125976562,234.9606331532984,230.666253684105,230.666253684105,3265800
2023-10-24,229.33892822265625,241.821892325916,226.52807731757855,239.11838639958611,3721400
2023-10-25,232.88177490234375,235.42911815317186,228.76308175514308,229.55363398945582,2266700
2023-10-26,232.0033721923828,235.46813646796474,231.76912844081124,234.1993571012605,1536400
2023-10-27,230.3636932373047,234.14078247433537,229.3779453834411,231.62273291129867,1426800
2023-10-30,229.76834106445312,233.3502346909368,226.48900297839128,232.1497671009651,1920000
2023-10-31,232.49139404296875,233.4966660521708,230.1782795613049,230.24660624759892,1249000
2023-11-01,233.174560546875,233.46736151244397,230.2465806761369,231.993602112988,1327600
2023-11-02,239.43067932128906,241.03130770962542,234.23838790761528,235.69262326049963,1495500
2023-11-03,244.88648986816406,246.5456755497451,241.1093855562829,241.1093855562829,1444600
2023-11-06,244.48631286621094,245.9405481922552,243.92998955680983,244.37895301136908,1048200
2023-11-07,245.94053649902344,246.77012179929037,243.5005534526949,244.97429785138647,1017200
2023-11-08,249.94207763671875,250.54718861305696,246.17474355094166,246.5651497392835,1173800
2023-11-09,246.3406982421875,250.41060333057146,246.14550256442337,250.23493168832644,1116300
2023-11-10,249.61029052734375,250.2251710819184,245.64776004780947,247.16055266586434,1518300
2023-11-13,247.79493713378906,249.49317082880484,246.68230537290998,248.79045446483113,1079300
2023-11-14,259.9460144042969,262.249373747802,252.31374075222323,252.83101593511608,1664000
2023-11-15,258.4332580566406,262.659295675512,258.3454222393375,259.9460356628885,1201300
2023-11-16,263.4369201660156,263.9847257316432,258.78057285818124,258.78057285818124,1327700
2023-11-17,264.39556884765625,265.49117987123475,262.44890389873234,264.4933976575818,1104400
2023-11-20,267.095458984375,268.4454187926089,263.41731108404593,264.39553936790725,1987900
2023-11-21,267.5845947265625,268.6508600596646,265.05098684922,267.30090014245775,1838300
2023-11-22,268.67041015625,271.75182348581706,267.61393667442934,270.7638331532037,764700
2023-11-24,269.8247375488281,270.7834121674475,268.8660927833716,269.12041187769535,364900
2023-11-27,269.38458251953125,270.4899855560771,268.05417616964286,268.8954682451776,1378500
2023-11-28,267.49652099609375,269.1986285604924,266.81174929495415,268.6116856528236,1249600
2023-11-29,267.76068115234375,270.088869540937,267.2617751110275,268.6215269282769,1037400
2023-11-30,272.7300109863281,273.04305117596647,266.41066515542605,267.4573764971293,1648000
2023-12-01,276.1832275390625,276.437576491272,270.1182290085647,272.12358540712376,1537100
2023-12-04,275.3321533203125,279.3331038389348,273.9137400717074,274.99955925126386,1608800
2023-12-05,276.8385925292969,277.0929414252668,272.3876659687635,274.7256159438676,1786800
2023-12-06,280.46783447265625,283.09927105300847,279.7244012464121,279.8613376881574,3189700
2023-12-07,285.2318115234375,286.46438880767226,280.23307894299285,281.26020677774824,1923800
2023-12-08,283.5101623535156,286.07311598772867,281.99389042001013,284.58621956528947,1265600
2023-12-11,285.2807312011719,286.9632851143273,283.735113729876,286.6208992299395,1360800
2023-12-12,288.4012756347656,288.9294974244402,284.5568455663403,286.2785070805443,1890000
2023-12-13,296.78472900390625,297.46947097292843,288.4697875927447,289.2230127146176,1864600
2023-12-14,300.09112548828125,303.43667986279377,298.3596719099098,299.59224928786114,2130800
2023-12-15,303.0257568359375,305.0800421490633,298.93676988087327,298.93676988087327,2849100
2023-12-18,301.65631103515625,302.2725997529063,299.86616605550694,302.253045930482,1255400
2023-12-19,300.52154541015625,303.7007877842632,300.2574344831381,302.2725826458575,1789300
2023-12-20,297.58685302734375,301.0106524252985,296.8336279069319,300.3161186205986,1567000
2023-12-21,300.24761962890625,301.14760284428286,298.50637436392884,300.4824147325297,921800
2023-12-22,304.4931640625,304.54209339772996,299.50422276518975,301.01067310953067,1347900
2023-12-26,305.8627014160156,307.193077773361,303.6127580778043,304.66926151749675,548500
2023-12-27,306.4496154785156,306.58658179089724,305.0214103018267,305.1485847767059,694100
2023-12-28,306.0289611816406,307.16370967875673,305.17790727209376,306.3224476059691,664200
2023-12-29,305.1094665527344,307.3007187171134,304.7279729571621,306.0876950635499,682000
2024-01-02,298.2716064453125,299.7585027735469,294.3391392694269,297.96835804845654,1968500
2024-01-03,290.308837890625,294.6717581446297,289.7316867043409,294.4467548605546,2153200
2024-01-04,289.3305969238281,291.46315747855465,286.78722702083263,288.8023750934182,1711200
2024-01-05,290.2207336425781,292.7543410845051,288.5381799535462,288.5381799535462,1343000
2024-01-08,292.9500427246094,293.8108884419331,288.1567298202309,290.4164349016259,1334500
2024-01-09,291.0327453613281,292.2163933848435,288.65562762397127,290.99360786583446,1730400
2024-01-10,291.9034118652344,292.30448917855523,290.04478347297203,290.99366642078775,1824100
2024-01-11,290.9447021484375,292.8326757845502,289.8686449441479,292.490289875936,1341200
2024-01-12,295.92388916015625,295.9923424612161,289.93713600074034,292.3631233785541,1515300
2024-01-16,293.5467529296875,296.2466727544251,292.1870310338746,295.4249645149746,1177800
2024-01-17,294.3293151855469,296.1879428554938,291.02289898527636,291.2772478785761,1562600
2024-01-18,299.6998291015625,300.1204601473582,294.0554620000978,295.3173849906464,1215500
2024-01-19,297.4010009765625,300.9617668443817,296.3347355543409,300.7270015706927,1673700
2024-01-22,300.7856750488281,301.7345577779248,298.31075842493954,298.3792117235967,1169100
2024-01-23,298.8096923828125,302.4389418930415,298.3988530987805,301.9791732683229,1409500
2024-01-24,294.5054931640625,301.128089886826,294.30983550728894,299.81726717531075,1847000
2024-01-25,297.2933654785156,299.3183052191185,285.64266287279753,288.57734776532624,3830800
2024-01-26,295.2781982421875,299.59218833414906,294.0945504385781,297.65528568475105,1721500
2024-01-29,301.3823547363281,301.68560312245563,295.1999446874315,295.2782196695566,1564200
2024-01-30,300.9324035644531,303.2508000658703,299.9933126715214,300.8443665919747,1367700
2024-01-31,297.7531433105469,302.0084425087991,297.3814117693297,300.8052109179897,1910600
2024-02-01,302.3507995605469,302.79101425097974,295.78689581515516,298.252050316524,1503100
2024-02-02,303.24102783203125,304.7866455016668,297.82166371027876,299.6509461362954,1526400
2024-02-05,297.8607177734375,301.3334460600863,296.2759927451254,300.4139090937298,2267500
2024-02-06,301.17694091796875,301.35301485138336,297.2738194614811,297.87052440910605,1517400
2024-02-07,303.1138610839844,306.16595900415246,302.75192132456147,303.3584182028554,1828500
2024-02-08,305.35400390625,305.6181446930905,300.7759019368627,304.33663796199846,1260000
2024-02-09,304.9529113769531,306.17569687500423,302.6540985231463,305.42247175534294,912500
2024-02-12,303.6615905761719,306.43975489512655,303.465933008056,305.16804040868055,991600
2024-02-13,300.52154541015625,301.5389113287559,295.405429864925,298.99551145883794,975000
2024-02-14,304.2583923339844,305.0605468243811,300.7367639581137,302.2432441236845,945700
2024-02-15,305.70611572265625,307.53539774829267,304.7865787921508,306.1854380055014,977400
2024-02-16,302.3507995605469,306.0778769684183,302.06713483869055,305.04092747213554,1699200
2024-02-20,304.4834289550781,305.21710036981676,299.7096688400054,301.2748404954144,998200
2024-02-21,307.4474182128906,307.9169487480578,303.8768904536331,304.982263490614,1097000
2024-02-22,313.6395263671875,314.2362611035966,307.70167392128036,308.14188856048634,1020700
2024-02-23,315.7229919433594,316.536723101518,313.536656063662,314.4680621361509,1387800
2024-02-26,316.19354248046875,318.1445580851188,315.22291161875773,315.72293267115793,1532200
2024-02-27,321.301513671875,321.66426233158677,317.04651737167796,318.63478443305536,1434000
2024-02-28,323.2231140136719,324.25256740983264,319.41910015637893,320.9485447085034,1340300
2024-02-29,325.5271301269531,326.31145001171996,323.27218801833413,324.3800316275987,1852500
2024-03-01,328.6644592285156,329.36054534847113,322.50745557397846,323.8309915981501,1596200
2024-03-04,330.4978332519531,330.88017946351647,327.59581383743193,327.76246759738245,1146100
2024-03-05,326.75262451171875,332.85080541298765,325.742798522725,329.0860163883932,1277800
2024-03-06,329.89971923828125,330.8311251328645,327.66437501116246,329.6938405373295,1097600
2024-03-07,337.9098205566406,339.360845455086,333.3410832952078,337.2627430986808,1581400
2024-03-08,334.017578125,340.9000804350408,333.40972563150655,339.28240172044593,1297500
2024-03-11,333.7234191894531,333.96852289757317,329.3507474942737,333.62537172222784,992700
2024-03-12,335.9881591796875,336.56660031312657,332.50766873694346,333.94887966937137,1305100
2024-03-13,330.2135009765625,335.30185609866817,327.05656417556327,335.01752743376534,1835200
2024-03-14,328.36053466796875,332.0959126246923,325.88008644578906,329.9389881184991,1417100
2024-03-15,328.1056213378906,331.33119441512173,324.34083208733256,324.9388707552084,1623800
2024-03-18,328.70367431640625,331.71355507136946,328.1448605938626,331.1841226774941,1083200
2024-03-19,329.9880065917969,330.76254267632214,328.2722806586637,329.76253033216915,855800
2024-03-20,334.37042236328125,336.1351867799408,329.5467987814862,331.1644770568457,1222700
2024-03-21,340.4294738769531,340.81182012666727,333.3508771566607,336.3019056374146,1332200
2024-03-22,336.15478515625,340.203902675564,335.9489064457425,340.203902675564,889300
2024-03-25,335.3018493652344,335.8116542714735,333.46847854331355,334.5959495381964,1168800
2024-03-26,335.3018493652344,337.72347502966755,335.0959706423145,335.5273555321646,1127200
2024-03-27,340.0960693359375,340.24312555682764,337.3312927036746,338.2430711930755,958500
2024-03-28,340.52740478515625,341.54704439143296,337.88030320101007,339.79209380291337,995100
2024-04-01,331.53704833984375,339.6842923440175,331.19389720072667,339.6548810989436,992200
2024-04-02,327.4192810058594,328.43892065950354,325.1055167024581,328.27223699770445,1608100
2024-04-03,327.7428894042969,328.92918299819746,325.664414704277,326.9683532932902,1095100
2024-04-04,323.3996276855469,333.3410486145985,322.22314781883915,331.0272839328193,1316700
2024-04-05,325.3507080078125,326.0075692709233,322.9192681541778,324.5859855415718,870300
2024-04-08,325.79180908203125,327.0075437161528,324.45845938511025,325.96830647593976,1097700
2024-04-09,327.9977722167969,330.28215554539156,320.90939208393473,330.0566493614018,789900
2024-04-10,314.8700256347656,322.5858854430792,314.7229693964652,320.98780450714816,1563100
2024-04-11,313.65435791015625,316.17400154387013,313.0366917164048,316.17400154387013,1323300
2024-04-12,312.01702880859375,312.99744366737957,308.87968929252423,311.37976513436035,1280100
2024-04-15,307.8208312988281,315.7425695983092,307.28161513493467,315.7425695983092,1745200
2024-04-16,302.3403015136719,305.80116433997955,300.91868817645525,304.49719598407233,1440700
2024-04-17,304.08544921875,305.30115396144646,301.8108797673503,304.7031153121795,1523900
2024-04-18,303.3207092285156,307.1050956658069,301.6343947223949,305.3795861134127,1127500
2024-04-19,299.96771240234375,305.05606775334,299.3892712442004,304.7521415502458,1563300
2024-04-22,303.2030944824219,305.8796077717698,298.948097786638,300.1343913321728,1638000
2024-04-23,296.43817138671875,298.7029568475202,288.78113504934646,291.9968940366175,4426500
2024-04-24,297.7813415527344,298.2323238977162,294.47731917006377,295.89893232865626,2287900
2024-04-25,298.8402404785156,301.5167837224965,293.94798007508376,297.3303932701249,2004800
2024-04-26,300.4481506347656,303.8403777272156,299.90890450118275,300.19323319271234,1820300
2024-04-29,300.0951232910156,303.70304210234957,298.93824115910115,301.48732528967366,1645300
2024-04-30,293.7420654296875,299.34025550979726,293.25185802707875,299.34025550979726,1779400
2024-05-01,297.39898681640625,301.7128054443831,292.5263246374729,295.2911012286327,1954600
2024-05-02,298.4971008300781,300.2520518125263,294.7519387922982,298.68338204765075,1521000
2024-05-03,305.203125,309.38951547816237,304.86000374497166,309.2718704855942,2027800
2024-05-06,308.8208312988281,309.3110386718768,305.5560633590729,307.49729532750365,1533900
2024-05-07,312.5072021484375,313.5660369156739,308.41885946852324,309.1541705324019,1820400
2024-05-08,312.7523193359375,313.68372535834027,311.2522858976734,311.7817182640857,933600
2024-05-09,314.1739196777344,314.58567711900486,311.1346279583845,312.76212003932517,1287500
2024-05-10,314.57586669921875,315.95825510633387,313.44839570501233,315.69355389131,1075700
2024-05-13,309.68359375,316.6641417901994,309.4581175124473,315.2033334273713,1153700
2024-05-14,307.89923095703125,309.9188828873555,305.82075653707676,309.33065799105356,2196100
2024-05-15,310.1737976074219,313.57583785440926,309.418889050439,310.1542000843422,1509100
2024-05-16,308.56719970703125,310.85675729519903,307.70250562641803,310.47351504271984,1139600
2024-05-17,306.975341796875,310.4047602800392,305.8354809530248,310.4047602800392,968600
2024-05-20,304.04705810546875,306.97529240000574,303.5164265938983,306.33658538870657,1424400
2024-05-21,304.57769775390625,305.9730533885758,303.3101195226737,304.6268475225599,1529700
2024-05-22,301.8852844238281,305.2655529978672,300.76506554151763,303.7326439919258,1876300
2024-05-23,297.8269958496094,302.4159169178221,297.6009788846874,302.1997359041399,1569900
2024-05-24,299.546630859375,302.05236961652736,298.1807829773752,298.505039528807,1011200
2024-05-28,296.4906311035156,300.13620054590893,295.8126101845929,298.9963397255122,1735100
2024-05-29,292.2652587890625,295.0756118089961,290.6439162713896,294.1420961233624,1711700
2024-05-30,296.8050537109375,297.3062074338212,291.20404910951015,292.80574984231686,1149100
2024-05-31,298.524658203125,299.33042652446306,295.59642355325457,296.8640017796394,6144800
2024-06-03,296.78546142578125,300.35243384069884,293.03178582749547,299.6842487568875,1971300
2024-06-04,300.5292663574219,301.6200074599341,294.8299919094286,296.77559119271547,3117700
2024-06-05,302.8777770996094,303.03500239169693,296.71663279078876,300.85355019392637,1607500
2024-06-06,298.7801818847656,303.1627283191941,297.7484264868872,302.57317094192587,1727100
2024-06-07,286.8804626464844,290.09367011991264,277.19166046813456,288.59023891833425,3302700
2024-06-10,288.020263671875,289.7791895319576,285.14114898725245,285.7995279363295,2137400
2024-06-11,290.86016845703125,291.85264011437226,286.7036086325093,288.0891285740166,1082400
2024-06-12,294.093017578125,300.9714667888272,293.20865153428076,298.2986967531623,1639800
2024-06-13,295.23284912109375,295.4883139604839,290.86010913398337,293.7392239631709,1333100
2024-06-14,291.8329162597656,294.7415390176961,289.28789383731885,293.1791221369231,927900
2024-06-17,297.5911560058594,297.8957706004167,290.7913054064453,291.0566361735888,1535400
2024-06-18,294.9773864746094,297.23743638491857,293.55255284354985,297.23743638491857,1973200
2024-06-20,296.11724853515625,298.50504588222435,292.8745330135275,294.0340658296816,1786400
2024-06-21,296.02880859375,301.57085774937764,294.4664215980768,297.4044924275825,2312700
2024-06-24,295.3310852050781,299.28129907608144,295.31144329078876,296.75591866392404,1602300
2024-06-25,289.5630187988281,296.6380063170687,287.19486367102337,295.0264697204924,2654500
2024-06-26,291.7052001953125,292.25550373952797,287.95155486044894,288.7180094561987,1617500
2024-06-27,291.8428039550781,292.75664796234304,290.43764209603694,291.8624458735909,1133200
2024-06-28,293.2479248046875,294.4270994791128,290.73238015439404,291.842763142152,2175800
2024-07-01,290.6537780761719,293.92594126698816,289.563037020795,293.39530967281405,1818500
2024-07-02,289.53350830078125,291.2727921129634,287.2537870254414,290.3785903199382,2354000
2024-07-03,292.0589294433594,292.52076933566764,288.4624798540846,289.5335489686599,1007000
2024-07-05,290.5653076171875,291.60689877028705,289.2092659305646,291.60689877028705,1097900
2024-07-08,295.03631591796875,295.2426609813509,291.253163155128,291.2728350576972,1660500
2024-07-09,293.7195739746094,294.8692406894013,292.687788731356,294.8692406894013,1229200
2024-07-10,300.0673828125,300.58817840191733,293.6311326048275,294.79063523973343,1241800
2024-07-11,308.5180969238281,309.33367126772134,301.30555530268754,303.09395927081283,1603100
2024-07-12,312.84161376953125,314.5121058712753,307.5943445623493,308.9995059256409,1494700
2024-07-15,312.9399108886719,315.2687520917253,311.2596126768422,311.98675330897765,1961900
2024-07-16,320.7322692871094,320.86001671928636,314.33533161467716,314.6694241362461,2239900
2024-07-17,320.14263916015625,321.92120704533943,316.75256462210075,318.934016667416,1824100
2024-07-18,319.80853271484375,324.1124808855345,318.82589724163233,319.28773711354785,2013900
2024-07-19,316.2612609863281,319.4155127374119,315.3277452092569,319.16001789575927,1537700
2024-07-22,316.75262451171875,317.7155883074976,312.48798916390166,316.74278855864776,2350500
2024-07-23,338.5179443359375,339.5496996603311,325.979505219636,333.11344885307057,4163100
2024-07-24,326.254638671875,338.6162104625541,325.93038214075193,338.18384842928555,1919900
2024-07-25,336.78851318359375,342.1045753344786,329.57597153731325,329.57597153731325,2536100
2024-07-26,343.1560363769531,345.87792643885314,337.0440411942735,338.2330219809501,1928900
2024-07-29,346.4281921386719,347.6368448037078,342.73350242520996,343.41152343393003,1322900
2024-07-30,345.73052978515625,350.4963187718619,343.54907740297654,346.80159906461614,1358200
2024-07-31,344.70855712890625,349.52349556802824,342.0161451759272,348.3344848986927,1785300
2024-08-01,344.29583740234375,347.4402530655918,340.83694118881795,345.2784729197943,1351600
2024-08-02,341.2201843261719,343.27388896449025,336.6214572895262,342.3698810791614,1446500
2024-08-05,333.2018737792969,339.08785092863343,330.28344509501636,335.15730886159736,2539100
2024-08-06,338.14453125,340.49304454316484,332.0030592335518,333.73250734943366,2579200
2024-08-07,333.8110656738281,341.4952817526472,332.9758195804516,340.6403937466882,1909700
2024-08-08,336.759033203125,338.59655695049196,334.13541298220434,335.66832209699487,1774100
2024-08-09,339.6381530761719,340.6600724184856,335.8156865368784,335.8156865368784,1763100
2024-08-12,337.2797546386719,339.8935683201185,336.1104161499286,339.3924446732654,1790000
2024-08-13,343.0184326171875,344.41378840672934,337.0538571321202,337.27984413497825,2487700
2024-08-14,346.03509521484375,346.2414402791961,342.2814203005514,343.33284751263153,1230800
2024-08-15,350.2800598144531,351.42975648471173,347.69572378474754,348.88470428186747,1277800
2024-08-16,348.9458923339844,351.0627985180756,346.31699959937254,350.43266353650574,1023700
2024-08-19,350.52130126953125,351.01360646794353,348.1188494974454,349.35946821278026,1457500
2024-08-20,349.8714599609375,352.982832466533,348.9262423794671,350.00931984152965,1739800
2024-08-21,352.46099853515625,353.3569976365446,348.9754691826648,349.87146828405315,1238400
2024-08-22,352.4018859863281,354.7649447631798,351.19080446602743,353.5538632428791,1077700
2024-08-23,353.2093200683594,355.14900387062954,351.77176716658545,353.83945513593807,1358600
2024-08-26,355.13916015625,357.5416121564575,353.80007426449663,354.3416280629275,1359200
2024-08-27,354.4400939941406,357.32499551009033,353.53423912484226,355.13915902662234,1380200
2024-08-28,356.1335754394531,357.3348012677808,353.9871020410845,355.2375764156419,1156500
2024-08-29,355.0603332519531,357.5612520203104,353.82957028200303,357.2560252075967,847500
2024-08-30,363.6855773925781,364.5717208374155,355.59207784026427,357.1477792648688,1882200
2024-09-03,358.1520690917969,365.4775736098386,356.8425503489206,362.69110907020234,1446200
2024-09-04,357.1181945800781,360.0129514827515,355.8972572840337,357.9550893594306,990300
2024-09-05,354.53851318359375,357.8468198791654,352.5003924139919,357.53173732760126,874300
2024-09-06,355.2769470214844,358.70340193053687,352.40190156439775,355.01111303851116,1171200
2024-09-09,358.29974365234375,359.10713144841003,355.2966937411246,357.2659146790852,1169700
2024-09-10,366.12738037109375,366.6098298479648,358.56557977004655,359.9833910908089,1480900
2024-09-11,365.8812561035156,366.3046313934674,354.68623988435945,364.1384763436006,1743800
2024-09-12,368.21478271484375,368.5003281677017,362.16925993959285,365.4381739474237,902600
2024-09-13,369.6227722167969,373.02951610136137,368.7957030103208,369.2289340300836,1006400
2024-09-16,373.2264099121094,374.2799502349341,370.1248932107904,371.2177963144862,1154300
2024-09-17,372.1827392578125,376.93839437168623,371.2965958882123,374.407968425325,830400
2024-09-18,369.53411865234375,373.7974984169481,368.62829393120313,372.7636394910446,1172500
2024-09-19,373.90582275390625,375.12673011082734,370.49907897054226,374.15197536928076,1069300
2024-09-20,372.69476318359375,373.6793737035157,369.9280100264474,372.8523044725327,2543500
2024-09-23,375.9931945800781,376.515036926163,371.69045164290014,373.3052272333073,1213700
2024-09-24,375.6879577636719,377.8048642039245,373.8959595481208,374.3981204887675,1079200
2024-09-25,375.31378173828125,377.5291551186711,373.1968754066047,377.5291551186711,759400
2024-09-26,378.0214538574219,379.30146537298276,374.1027237977166,374.4670248286013,981700
2024-09-27,376.8399353027344,379.32114260191753,374.75253609150883,377.58821874653165,1325900
2024-09-30,375.7962646484375,377.58823274029766,370.81410837955985,376.5445481199668,1706700
2024-10-01,374.7230224609375,377.91318067168066,371.9070510674233,377.1648671330738,1255500
2024-10-02,372.3403015136719,374.683679256132,370.5089104018957,371.64123648856116,794300
2024-10-03,367.3581237792969,371.463932069318,366.59012891619,371.463932069318,713800
2024-10-04,365.5858459472656,368.75629277981,362.5827961113388,368.75629277981,883700
2024-10-07,362.1199951171875,363.35075806079203,358.2504836339964,360.36738988741155,805300
2024-10-08,367.6535339355469,369.56368060154904,363.4000096041652,364.3058644341159,1013400
2024-10-09,373.1278991699219,373.3346889609387,368.3722447911877,369.5439334152667,834000
2024-10-10,370.6566162109375,372.88181539708415,368.59875392665634,370.5286120446694,975500
2024-10-11,373.1575012207031,373.2362868827798,370.03630295123247,371.50336289220553,945400
2024-10-14,378.2479553222656,379.0848802171045,371.5427605395382,373.068894722889,849500
2024-10-15,382.57037353515625,386.52852672523795,378.6417875042134,380.69961971317997,1037100
2024-10-16,383.3974609375,385.17960337095315,382.2553092592335,382.2553092592335,777200
2024-10-17,383.0921936035156,386.2626402304743,381.5463781426351,384.3722051268522,1080700
2024-10-18,382.38330078125,384.98268679798014,381.3002533222055,384.98268679798014,1280300
2024-10-21,375.8750305175781,382.0485270777845,375.0676427559138,380.50271154377555,1351000
2024-10-22,355.8185119628906,383.01344646461234,355.44435520237806,373.05904972114524,4720200
2024-10-23,357.1379089355469,360.446185673727,352.2640751164162,352.60869478862503,1847800
2024-10-24,356.02532958984375,357.5613196630832,354.4204095657453,354.5976623033727,1386200
2024-10-25,353.5144958496094,359.42215773858317,353.1108020147788,356.0547772407823,1122000
2024-10-28,357.679443359375,360.4659078844,355.02101305417364,357.6006877409385,1002200
2024-10-29,356.0548095703125,358.1520345389923,353.3471309586775,353.3471309586775,1044300
2024-10-30,356.3207092285156,360.13114706611873,356.0647008824886,356.7440845331542,1334000
2024-10-31,353.2486877441406,356.5865316627085,353.1010021831259,354.2234725426918,949900
2024-11-01,352.46099853515625,358.3883425351952,352.08684176227695,355.77913089265,1093800
2024-11-04,368.63812255859375,377.79501717838485,363.48862946979,376.3181015991854,5565700
2024-11-05,372.3894958496094,373.88612290789,368.0079975409581,368.076897433438,2582500
2024-11-06,374.8707580566406,377.5291883181329,369.5046189330791,374.02397742075044,4691300
2024-11-07,378.09039306640625,383.2005234390284,376.2885692580361,378.5826982657115,16521800
2024-11-08,380.71929931640625,383.7420302708465,375.45162790580787,379.05530541206525,2209500
2024-11-11,383.25958251953125,385.4848115478254,380.80791233917347,380.80791233917347,1172600
2024-11-12,377.7654724121094,385.9574078222776,377.43067844543634,385.9574078222776,1146300
2024-11-13,381.32977294921875,383.61404625708826,377.6177724840714,379.124225204899,1172700
2024-11-14,382.4817810058594,382.8067192931023,379.4098010969851,380.36487447039144,1276600
2024-11-15,373.8456115722656,383.37449114667936,373.63847052376434,380.4645522637591,1722800
2024-11-18,370.25506591796875,377.67297981881893,367.9862676834239,373.8653892831976,1511900
2024-11-19,368.43011474609375,370.0379939589754,362.38331848807843,367.3450401143945,1671700
2024-11-20,366.6151123046875,368.9233456678563,362.3636184032525,368.9233456678563,1440800
2024-11-21,378.1168518066406,378.2155004352023,364.4745622769405,368.0257021818155,2588500
2024-11-22,383.02923583984375,383.17722383490474,377.7617241710555,379.7740418085332,1619900
2024-11-25,394.2843933105469,394.87625502920463,384.42013167737576,386.67905602030646,3291900
2024-11-26,390.7628479003906,394.60002975794913,389.78626559562895,394.3337055493789,1889300
2024-11-27,388.6124267578125,394.98476118301767,388.55324359873447,392.3312725054535,2249100
2024-11-29,392.00567626953125,393.3570750381456,388.2967350754507,392.1240425699454,1373200
2024-12-02,390.2104187011719,393.0907961240098,387.3300713816692,390.67404016673134,1538700
2024-12-03,389.95391845703125,392.5975328099469,385.0710979046202,390.368200503136,1016900
2024-12-04,386.7480773925781,389.52980614127245,385.46570543658356,389.4508751976208,1213900
2024-12-05,380.0107116699219,386.2153391337307,379.26104844121875,385.1204208124686,1388300
2024-12-06,379.7345275878906,384.39045930428335,379.241314609897,382.4965383266534,1910000
2024-12-09,371.3401184082031,380.66182701685364,370.3734099903421,380.1686139654964,2337500
2024-12-10,366.555908203125,370.7284709236224,365.5793259913071,370.26484949875237,1808600
2024-12-11,366.89129638671875,369.54478478950614,365.48071440253557,368.86414842725463,1302400
2024-12-12,361.8703918457031,365.92458834265057,361.35743104861984,365.67798183738614,1219300
2024-12-13,359.55230712890625,362.2452611717637,357.53014570079097,362.1959218056298,1118800
2024-12-16,360.0750732421875,363.27108377515174,359.0195902218161,361.22920488094223,1486600
2024-12-17,357.8655090332031,363.57689409134446,357.6189025248896,358.5362715110159,1292400
2024-12-18,343.9273376464844,359.6115070722174,343.62154795485293,356.67194637147713,2306800
2024-12-19,337.7325439453125,345.16033063661615,337.53524670091326,344.2528054570458,2055800
2024-12-20,340.78057861328125,344.6079161659346,334.69431717661377,335.128347008564,3294800
2024-12-23,340.1591796875,341.11601422825595,336.13457436243203,339.6758405216552,1083300
2024-12-24,341.8163757324219,341.8163757324219,337.38733198993384,339.1332954232746,445900
2024-12-26,340.820068359375,341.93473459340925,338.19617149869856,338.19617149869856,750500
2024-12-27,338.6302185058594,341.7374546470448,336.74614107468517,339.41934733102755,881700
2024-12-30,334.1518249511719,337.92982348301257,332.52422798683665,337.9199796927646,1217400
2024-12-31,335.3157958984375,336.44033603144453,332.98784489817785,334.28006059979094,1053100
2025-01-02,328.6376953125,337.3774153702326,326.5070115041815,335.58214289850105,2263600
2025-01-03,331.9718322753906,333.60930313562193,328.5193410902043,330.0877549019317,1636100
2025-01-06,333.23443603515625,337.1110829611608,332.4452771791,333.0963219465968,1841100
2025-01-07,329.8608703613281,338.1172517150018,326.970649213523,331.45887577128633,1625900
2025-01-08,332.9582824707031,333.02730942087794,327.6907705786209,330.62045737232614,1413700
2025-01-10,325.6784362792969,328.82513786434885,323.54775234656563,325.53047838882975,1685200
2025-01-13,331.5575256347656,331.8534715175905,322.9953545770559,325.2444048111855,1442700
2025-01-14,337.0025939941406,338.3539928012347,331.8337012700008,331.9718153599711,1501400
2025-01-15,342.22076416015625,349.22439476455196,339.55743202834316,347.37978296537057,1741200
2025-01-16,349.3625183105469,350.43771906475314,339.8434830923295,341.7374343046622,1469700
2025-01-17,349.17510986328125,361.97890094055225,348.24786695248747,355.2120325738386,2392500
2025-01-21,356.6127014160156,356.90864726534556,352.06529220029233,354.1367927322768,1808200
2025-01-22,352.884033203125,357.92468579679485,351.739775412579,356.92838588792864,1181500
2025-01-23,356.20831298828125,356.7311477182331,351.1578161945522,353.73240395820574,800000
2025-01-24,355.2613525390625,361.3081493255285,353.8211788674905,358.08254682803454,1335400
2025-01-27,359.2267761230469,359.74958070831167,352.31192010567673,355.1330840667913,1270500
2025-01-28,359.2267761230469,360.311820659886,354.5017870691758,358.54613976254495,1338800
2025-01-29,355.5177917480469,360.45979555041913,354.1269275011717,357.67806705666874,1616300
2025-01-30,360.5879821777344,364.97758955287804,350.7335968928723,357.41168951857344,3418600
2025-01-31,353.2983703613281,361.70270977178455,351.71020871009057,360.76562305265014,1870800
2025-02-03,352.785400390625,357.8260226767338,344.7558784990172,347.64609938295035,1641800
2025-02-04,352.736083984375,353.40684646668586,348.3366322754925,351.32550197216233,1783200
2025-02-05,359.53253173828125,360.45977451542115,351.83839146648165,355.41912238834516,1619500
2025-02-06,360.26251220703125,363.18232479712367,357.8753479933071,362.7285772568841,970300
2025-02-07,355.6756591796875,359.66079887172765,352.46977441708003,358.9999102554577,951100
2025-02-10,354.2847900390625,358.0430709482186,351.10849689736966,358.0430709482186,1263200
2025-02-11,356.4647521972656,359.7594113638073,354.2157021630796,355.212002037682,1111200
2025-02-12,350.6744384765625,352.86430537244814,343.7299910972076,348.20837350837286,1095000
2025-02-13,356.2279968261719,356.9678162651751,349.7372974234522,354.12690480286994,1907300
2025-02-14,352.0159912109375,361.47584366803386,351.48334281008005,357.26378510309775,1872000
2025-02-18,348.1985168457031,352.85444894017274,346.0283976283093,352.8446051500787,1498600
2025-02-19,347.0740051269531,347.4291040486143,342.6745534563724,343.0296523780336,2042700
2025-02-20,345.2688293457031,346.48214420388763,343.7102894585232,346.10729749469243,2041800
2025-02-21,339.892822265625,348.3662181981671,337.67336371194403,347.942062232708,2871800
2025-02-24,339.20233154296875,342.635105140896,338.36386335373345,342.0531173657017,2442500
2025-02-25,348.2380065917969,350.74353732705515,340.4156548051204,341.39220701585657,2063300
2025-02-26,354.70892333984375,359.98630848449733,350.18123159166413,351.6016874463871,2438200
2025-02-27,350.6842956542969,357.2834876028914,350.37850602108324,353.781657452976,2468400
2025-02-28,357.3525695800781,357.9444312560585,352.24288964734,354.3341081462469,2799200
2025-03-03,352.6568298339844,360.1107155914203,350.66977057333855,360.1107155914203,2607300
2025-03-04,351.223388671875,356.42333930427077,349.09794354537866,351.5001904069193,2564400
2025-03-05,358.1829833984375,359.02328400538596,351.2233587219173,352.48874228409153,2000200
2025-03-06,355.9685363769531,360.8224768412499,352.8940613296506,354.10013238360136,2094000
2025-03-07,359.4681396484375,360.9411170007212,351.40130785884475,357.84688104745493,2024500
2025-03-10,353.6947937011719,360.07115835184993,350.8378079992,351.83625509797355,2445600
2025-03-11,348.9891662597656,355.64233320818664,347.11086671167106,353.9123149090502,2002600
2025-03-12,345.8355712890625,353.1708618051685,344.6987082086088,353.1115493083882,1418800
2025-03-13,338.19384765625,350.57088121837876,337.63034877659356,346.6066584543327,1959500
2025-03-14,337.8774719238281,341.3572688498826,335.3170487918017,340.02270761234803,1860100
2025-03-17,338.3421325683594,340.2995354598803,333.76499385147787,335.7223967429988,1760100
2025-03-18,331.6988830566406,337.6007181949543,331.0662063298134,335.3467526740927,1645300
2025-03-19,331.0957946777344,333.08282337036707,326.3802406827256,330.7992020676609,2112100
2025-03-20,332.19317626953125,338.0752506708539,328.93086805127905,328.93086805127905,2158600
2025-03-21,330.5916748046875,332.4304226464133,324.1164452972802,329.12856274063,3478300
2025-03-24,338.7969055175781,339.4296124353307,332.27225873160506,335.8410551945892,1847700
2025-03-25,337.2645568847656,339.7953237770076,335.11932119100686,337.9565460153399,1180500
2025-03-26,340.48736572265625,341.83182252458965,336.16723780176807,338.09498442976246,1499200
2025-03-27,341.70330810546875,343.3740138341886,338.97484273294367,342.04931778445115,2058100
2025-03-28,335.8706970214844,344.1352271380957,335.23799013090405,343.2653004172353,1305200
2025-03-31,345.2029113769531,347.1405234272307,334.7041765688817,335.2281237619867,1964500
2025-04-01,346.567138671875,347.822626732512,341.61433405962816,345.2424426426906,1258000
2025-04-02,349.6218566894531,349.89865839751985,342.10862868162627,343.8485423718305,1583100
2025-04-03,336.7604064941406,343.2553965919409,335.3170854176709,341.1793686402862,2143700
2025-04-04,328.2684631347656,344.76789544048665,327.20080808781506,335.7421389707845,4338800
2025-04-07,319.1241149902344,332.845636342694,313.14320667037225,321.13093500440317,3240400
2025-04-08,309.9302978515625,328.19927068357043,305.31360745079814,323.7209962195931,3115400
2025-04-09,332.41064453125,335.2379741195409,306.1835694572296,308.6649195359542,3253100
2025-04-10,326.1430358886719,330.58175866122946,314.69524137683146,329.14833310598146,2470900
2025-04-11,332.9246826171875,333.9033991162252,316.7613942888857,316.7613942888857,2032700
2025-04-14,337.12615966796875,338.8166562932746,332.1634898178834,335.1489960381004,1632000
2025-04-15,333.0334777832031,338.0159390437231,332.4798743286037,335.42582910433777,1247900
2025-04-16,327.4974060058594,333.8342195157732,325.53013770672794,330.739953385358,1386000
2025-04-17,329.5734558105469,334.2791155536992,326.83506449671364,334.2791155536992,2238300
2025-04-21,318.61993408203125,328.08067009907944,315.762948080952,328.08067009907944,1511200
2025-04-22,328.16961669921875,328.8517405772357,321.4571677777015,322.4655103860589,1331500
2025-04-23,327.4677429199219,336.4539484562823,326.41984855610804,333.5870670803931,1338600
2025-04-24,330.62127685546875,331.5109943804228,325.04566140594835,328.5056974678631,1081400
2025-04-25,327.83349609375,330.67072107081174,324.9369586214211,330.34450234684243,1552900
2025-04-28,328.4068908691406,331.78782378027506,325.1247920041654,328.81218286428793,1799800
2025-04-29,344.1549987792969,348.47509656784416,335.5444594504644,341.3572952937027,2461600
2025-04-30,348.8902893066406,350.70927613148746,342.05918569942924,342.5336856377503,2307200
2025-05-01,349.60211181640625,352.92373246430213,347.6941258524201,349.35496634549287,1447100
2025-05-02,355.5335693359375,357.3228999618002,353.0719801645327,353.0719801645327,1398600
2025-05-05,355.7115173339844,361.3958627929278,354.0902286697328,354.64383207481313,1583500
2025-05-06,348.4948425292969,354.52519749560764,348.2674880253265,352.31078393517436,1159000
2025-05-07,347.5655822753906,349.9480680769102,345.9640845573946,348.4948515977799,1025900
2025-05-08,349.53289794921875,353.02259073289827,346.80440234223016,349.17699278916075,1259400
2025-05-09,347.8423767089844,349.7404670341715,346.22111824939236,348.4553227653593,1470700
2025-05-12,353.072021484375,359.2803146436027,351.99447082777004,354.90090404321387,1390600
2025-05-13,351.9747009277344,354.6834056242387,351.27278607131376,354.2088754610546,1390500
2025-05-14,347.35797119140625,352.49860845556,346.8043678145431,352.49860845556,1159700
2025-05-15,357.32293701171875,358.03471718088446,348.24773231257484,348.66294998172367,1650600
2025-05-16,360.14654541015625,360.18615353112506,355.7674292265568,357.1841905489658,892900
2025-05-19,358.6505126953125,358.957641931014,354.7469660222983,355.87643242600626,1662500
2025-05-20,355.77734375,359.5718924164404,354.2218633100538,359.5718924164404,1949600
2025-05-21,350.66510009765625,354.55872971151723,348.94120947919737,352.59706941746623,1449800
2025-05-22,349.6743469238281,351.82425158664887,348.138700736099,349.8229529685749,1349600
2025-05-23,349.2483215332031,350.30839810818367,344.8692054002547,347.55412197236745,1018300
2025-05-27,355.9953308105469,356.7482782064693,350.8632669993964,354.11291696792813,1260200
2025-05-28,351.4477844238281,355.886312772829,351.3487036513508,355.4801027703166,792200
2025-05-29,352.45831298828125,354.29120133758033,349.6346774485724,353.32025820630497,726400
2025-05-30,355.489990234375,355.7971194387645,349.1987396474725,351.626082312052,2509200
2025-06-02,352.15118408203125,352.50783855798835,347.9405085191552,352.50783855798835,1990600
2025-06-03,354.4497375488281,354.62806479320955,348.3863693582125,353.6868428336311,1792800
2025-06-04,358.86846923828125,360.53291735781454,352.5772181689238,355.42065793192813,1557000
2025-06-05,354.5686340332031,360.0177439599262,352.86454753761967,360.0177439599262,1438700
2025-06-06,354.17236328125,359.9979321325609,353.93456336421065,357.78858495673114,1495300
2025-06-09,354.63800048828125,356.4609718527797,351.61620314726207,354.7172469670823,849200
2025-06-10,357.39227294921875,357.6399597662734,353.4688919977234,357.0851437148875,769400
2025-06-11,353.8255615234375,359.314309619232,353.20138593366374,358.1254008544052,1115300
2025-06-12,352.9042053222656,354.3506879347709,351.0118743244004,354.3506879347709,888500
2025-06-13,332.77215576171875,347.0488257434506,332.0191782565671,347.0488257434506,2797900
2025-06-16,332.6532897949219,337.0918179036951,331.2067771124973,334.36726310166665,1706400
2025-06-17,327.9670715332031,332.0588626452737,326.094574892633,330.84023260380525,1593300
2025-06-18,328.4029846191406,330.8600486273437,326.84750421594106,328.5714249512602,1451800
2025-06-20,330.4142150878906,334.0601577910314,327.16456524635953,330.90958872370453,2707400
2025-06-23,340.58917236328125,341.3718711592025,328.64076290796584,330.33496248036323,1600800
2025-06-24,342.4914245605469,346.21664395334307,337.61693471177733,344.641329194533,1585100
2025-06-25,340.4405517578125,342.9768621987957,338.3798108627157,341.48085447033793,1614600
2025-06-26,338.7067565917969,341.83752152144325,336.23980562132255,341.83752152144325,1724300
2025-06-27,342.5211486816406,345.55283292042276,339.3705796076447,339.64798763487937,1366900
2025-06-30,340.1829528808594,342.5409361155017,337.8448039412615,342.0158412953238,1809800
2025-07-01,352.012451171875,356.05471648559046,338.43923332441403,339.1525724835871,2310200
2025-07-02,349.2483215332031,353.0032318280273,348.1684106627608,351.29914535466725,1340800
2025-07-03,350.7245178222656,352.4583254668672,348.53497491979783,350.3480290389478,1088700
2025-07-07,343.0858459472656,349.69411263910666,340.79722240350134,349.69411263910666,2209200
2025-07-08,342.7985534667969,344.90884997750595,340.91613971156397,342.64003027627524,1319800
2025-07-09,348.28729248046875,349.4365629046682,342.4814979440134,344.2054186979157,2120100
2025-07-10,348.5745849609375,352.973505085163,347.7225568552211,347.7522780627413,1216400
2025-07-11,342.72918701171875,345.0178107275522,341.44122768803294,343.98745536268615,1038500
2025-07-14,341.31243896484375,343.531703203311,340.03436650402296,341.0944733531938,999800
2025-07-15,335.912841796875,343.5515248359458,335.67507213300576,342.7985472534179,1322100
2025-07-16,336.7153625488281,337.6665017252846,332.2371956417093,335.76425360757975,1273300
2025-07-17,336.7549743652344,338.10240630807886,334.35738302216964,336.45776229302163,1331500
2025-07-18,336.9234313964844,337.20083942270173,332.8613615420675,336.7451041443176,2202500
2025-07-21,338.14202880859375,342.93727216907416,336.9531502339746,340.2523253166714,2350600
2025-07-22,336.9234313964844,338.02314635338655,325.0641853640802,328.3633604699939,3896900
2025-07-23,339.7668762207031,342.3725464169966,337.96370890616896,340.35141349042857,2234100
2025-07-24,337.0621337890625,343.88839726623877,335.6651764540698,336.9333318011598,2132400
2025-07-25,336.953125,338.716653786876,335.0409901818263,338.716653786876,1868400
2025-07-28,333.04962158203125,337.44854208662525,331.2266501476819,334.9023142264707,1919500
2025-07-29,333.8520812988281,334.624862896405,330.63215293639047,333.2081016733816,1518200
2025-07-30,328.9082946777344,333.852113956403,327.76891111140685,332.08858499787453,1539700
2025-07-31,327.8184509277344,330.9492158278544,326.43141084165745,326.43141084165745,1752600
2025-08-01,340.2325134277344,341.80779791162405,324.5093595614327,326.71870655682216,4073900
2025-08-04,344.6314392089844,344.81968360652957,339.3903777564176,340.30187853585795,2145700
2025-08-05,348.83221435546875,348.8619355651564,344.3837686393673,345.22590989412896,1565400
2025-08-06,347.48480224609375,349.8725068043247,344.25495645803915,348.70340204241063,2134200
2025-08-07,346.69219970703125,351.68557462645447,344.7107050826007,351.68557462645447,1410300
2025-08-08,348.9015808105469,349.57528173357196,345.6023752940471,346.7021205446166,1628300
2025-08-11,351.29913330078125,353.67695079891865,347.2568979773174,349.8922891907622,2626000
2025-08-12,354.77667236328125,357.83807767921513,350.77404508370165,352.24036187043237,2567500
2025-08-13,365.41729736328125,366.6359273736237,356.44112963693345,356.7284548072172,2880900
2025-08-14,362.1874694824219,368.3201972101498,360.414023487816,364.6544203918393,2615100
2025-08-15,361.8101501464844,365.00726635023875,359.7747319148826,363.25976522996996,1785100
2025-08-18,356.29962158203125,362.13783665521765,355.71381840981513,361.5222176074799,2097300
2025-08-19,365.3150634765625,366.2781707648171,355.8825812867087,355.8825812867087,2089400
2025-08-20,364.5207824707031,367.3703803022348,362.56478220679617,364.82857685176623,1798300
2025-08-21,361.2740173339844,363.70661720257465,358.3152157101072,361.5520564510241,1450100
2025-08-22,370.279541015625,376.951782499269,360.757701764088,363.3292907326911,2298600
2025-08-25,364.3916931152344,369.22707667440295,362.47541709662966,367.5987480800543,1411000
2025-08-26,363.8554992675781,365.3647157668839,362.3760986419336,364.7888209550905,1828400
2025-08-27,364.78887939453125,365.7321398577083,362.9818068759654,364.4413607870087,812400
2025-08-28,363.5775146484375,365.71222832211765,361.49243349945516,365.53351487238143,1136900
2025-08-29,363.2300109863281,364.81864575080874,362.0286190128613,363.2002254101492,1328500
2025-09-02,358.3549499511719,360.57902054428484,356.68686670564784,358.90102897336646,1472500
2025-09-03,360.4499206542969,361.58183314350094,357.10387631448987,357.7393120359563,2528600
2025-09-04,363.18035888671875,364.3519652208653,359.17900176532737,362.902350090469,1922900
2025-09-05,369.7831115722656,373.9036112265022,363.8952636911201,366.22856816783104,3067000
2025-09-08,372.5632019042969,372.9206287925786,367.9859500247844,369.73345116932364,1544600
2025-09-09,358.8116760253906,369.35619480311107,356.01171050229834,368.3434548546411,2210000
2025-09-10,354.9095764160156,359.665511552876,352.0698869881359,356.38897712908584,1777800
2025-09-11,366.05975341796875,366.8937798322815,355.19750248043306,356.1407628719883,2079000
2025-09-12,357.5407409667969,364.86829545003906,357.4315069909459,363.23993654234664,1848800
2025-09-15,354.54217529296875,357.5407311748452,351.9904636268364,357.50100697556127,2016300
2025-09-16,350.6897888183594,354.85992087048385,349.8756093579373,354.015955834714,2266100
2025-09-17,347.72100830078125,356.6570442536802,346.02316995392255,351.88123190735246,2165900
2025-09-18,347.0756530761719,350.5507783601025,345.5068955660144,347.61182374702804,1608000
2025-09-19,344.33526611328125,348.1480017410268,343.531025240424,348.1480017410268,2559000
2025-09-22,343.9480285644531,346.3011798581413,341.5055205470322,343.1536960745737,1224200
2025-09-23,342.00201416015625,346.42036993554825,341.58498575786626,343.1338964509027,1350600
2025-09-24,340.5225524902344,344.345196349974,340.0161976978716,340.363685984558,1128200
2025-09-25,337.6828918457031,340.5722139105889,336.58076493609076,338.6956317269331,1582400
2025-09-26,339.4800109863281,340.7806982456075,337.5835819340866,338.884269193366,1039400
2025-09-29,340.48284912109375,340.9693569494759,338.16939167858135,340.1055449681905,1642100
2025-09-30,343.7991027832031,344.30545755410276,339.12255544126646,340.3338859826017,1332900
2025-10-01,338.794921875,343.5905813250732,337.9013243110923,342.21047592873856,1413900
2025-10-02,341.45587158203125,342.26011242895663,336.7595074291166,337.6133808021238,1564100
2025-10-03,344.1366882324219,347.19478505906545,340.19490217266224,341.35656990751346,1188100
2025-10-06,334.51556396484375,343.7792417603418,334.39642166018467,343.7792417603418,2032100
2025-10-07,334.60491943359375,335.0616416999634,332.3510633771106,334.4460529277505,1499800
2025-10-08,335.1708984375,336.5708812084085,333.13544960007,334.65457468327884,1549000
2025-10-09,330.8517761230469,335.10135655863706,328.43905362798955,335.10135655863706,2228600
2025-10-10,330.4447021484375,335.45879945423434,329.362452462853,333.60209447526427,2419300
2025-10-13,329.79931640625,331.6063887953517,327.10858507346524,329.5014303494195,1697700
2025-10-14,332.8871765136719,334.6446162590701,326.90997243614606,327.4362044371518,3393500
2025-10-15,330.36529541015625,334.4957338838789,329.3525251681014,332.59930463724515,2245800
2025-10-16,329.104248046875,332.12265072600553,327.24754330796617,332.12265072600553,1913700
2025-10-17,328.3893737792969,330.97090126725135,325.9369272108429,329.8985903141518,2203400
2025-10-20,328.8858337402344,331.37800460969856,326.6419163958835,329.81915548813384,3061200
2025-10-21,336.0346984863281,338.4871453291139,328.27026820504165,328.88585699704083,2268400
2025-10-22,331.43756103515625,336.65024851654044,330.77233979163003,335.37934687596373,1797300
2025-10-23,329.3922119140625,332.9368467567869,327.6050168559034,331.32836514430653,2346400
2025-10-24,331.626220703125,335.2800592159529,329.9382906930443,332.12266714130334,2375300
2025-10-27,333.6914367675781,334.9325529084519,330.8021450562286,333.3141629133296,3088700
2025-10-28,351.930908203125,366.0001839346808,343.5111653191897,353.8968167955745,5420800
2025-10-29,343.27288818359375,350.9380229176346,342.5381268011091,349.3891123501947,2037200
2025-10-30,345.42742919921875,351.404663769184,342.65724956132266,344.62318838510157,1609900
2025-10-31,342.48846435546875,344.73241190744557,340.98918644588935,342.7267489448166,1558200
2025-11-03,343.18353271484375,343.6501633112316,336.7793610869889,338.54670932046395,2386600
2025-11-04,340.54241943359375,344.03739155062266,334.3964099281583,339.65873020389597,2221000
2025-11-05,333.3836364746094,341.654451259056,331.8744501823266,339.76796081853087,2543600
2025-11-06,331.2886657714844,334.58507764201175,330.4645476535084,333.01628981055035,1989900
2025-11-07,337.7424621582031,338.9140685415417,330.1368986906312,331.8546143649984,1631900
2025-11-10,340.1154479980469,341.0587083656208,333.60207305127653,336.45167080290275,1617100
2025-11-11,342.6274719238281,344.0671787630706,339.33109049236884,341.038867508965,2216600
2025-11-12,342.2700500488281,345.90404178755244,341.8431133635789,343.12392341932656,1516300
2025-11-13,336.43182373046875,343.491307945615,336.10418240856535,339.58921585337436,2322900
2025-11-14,330.5899353027344,336.30248010032744,329.9430527543454,335.55607015107125,2317500
2025-11-17,325.2456359863281,331.61499463729007,325.15607043945886,329.8136611056469,1991300
2025-11-18,322.2799072265625,325.48449524406544,316.6967752325757,321.3742898570829,2255300
2025-11-19,328.2014465332031,328.57963245318126,323.0661421718422,326.4498613760412,2050200
2025-11-20,326.4399108886719,332.8391248565525,325.9024872246521,329.455405849369,2881900
2025-11-21,335.44659423828125,340.9501226014609,327.88296704407145,327.912822228369,2392500
2025-11-24,336.382080078125,337.27776593302747,331.9931859804549,335.85461826801037,2306500
2025-11-25,341.00982666015625,342.4927151101618,335.51626025055964,337.1882112832848,1452400
2025-11-26,341.74627685546875,343.1893177790277,338.34263433278056,339.62646787054416,1174300
2025-11-28,342.04486083984375,343.0400741379034,340.61175126091786,340.8108060691296,566800
2025-12-01,339.8553466796875,343.149499949049,337.4867343991564,338.2530680025615,1662600
2025-12-02,335.87451171875,341.666660152142,334.24237777369177,341.666660152142,1389400
2025-12-03,337.6161193847656,340.44252125443654,335.6953651800856,337.4369882962611,1282000
2025-12-04,333.7646789550781,339.0293658065316,333.23721712189655,337.6261114115015,1368400
2025-12-05,331.5154724121094,334.4016151454769,330.848696540068,333.76466408469287,2011700
2025-12-08,325.5641174316406,331.4955799358757,325.076472654875,329.88333931991735,1376300
2025-12-09,319.6028137207031,325.9821042463919,319.4137207639947,324.96699761419404,1685000
2025-12-10,324.7082214355469,325.4944484198795,318.5777040710578,320.6477646728326,2160500
2025-12-11,327.72369384765625,330.6894401104835,325.394898609663,327.08677319431877,1899700
2025-12-12,327.11663818359375,329.8335812284651,325.26552578722607,328.47011359470355,1633000
2025-12-15,326.8778076171875,329.75395814735805,325.2157881084015,329.63453741551683,1623600
2025-12-16,326.3005676269531,328.818455967071,323.5537693026433,326.4299502105617,1485100
2025-12-17,326.3802185058594,327.9028936615638,322.3296930283351,323.7628026303511,1569000
2025-12-18,323.80255126953125,333.69497287962844,323.6234201831906,329.92313672963803,2348000
2025-12-19,319.3241271972656,325.8826096191961,317.9606898257246,323.5836693090869,4367200
2025-12-22,322.28985595703125,324.56890280865355,319.1549402868118,319.89138837458125,1301600
2025-12-23,322.49884033203125,323.4443050646656,319.73214872203033,323.4443050646656,1454400
2025-12-24,323.7926330566406,323.94190896804065,320.9164522205102,320.95626925404946,708600
2025-12-26,323.8822326660156,324.85755267556584,321.72260634897617,323.82252229517593,884900
2025-12-29,323.6732177734375,325.2356795010436,322.35952898801867,323.7528214703576,1217400
2025-12-30,324.5987548828125,325.50440257824704,319.4833442370281,321.68278737086814,913000
2025-12-31,322.47894287109375,325.40487220762066,322.3794154734334,324.7082107954961,830200
