Price,Close,High,Low,Open,Volume
Ticker,SLB,SLB,SLB,SLB,SLB
Date,,,,,
2021-01-04,19.49943733215332,19.88142942873282,19.179628261670757,19.614922999601717,8743400
2021-01-05,20.54769515991211,21.15177814678482,19.73040671197957,19.73929048465786,16256600
2021-01-06,21.684803009033203,22.235585317441817,21.06295217964353,21.285041519510244,19456300
2021-01-07,22.102327346801758,22.626458253032816,21.73810101459468,21.800287444587198,14502400
2021-01-08,22.066791534423828,22.537621429490855,21.746982421215524,22.208928541537123,11951900
2021-01-11,22.20004653930664,22.31553392581127,21.364990285037678,21.498245222451775,16877000
2021-01-12,23.221656799316406,23.745787685882757,22.359950920348002,22.653108730257408,20803200
2021-01-13,22.617570877075195,23.49704589421304,22.431016700014055,23.257189071357267,11276800
2021-01-14,23.061750411987305,23.43486047647494,22.608689764201458,22.679758267227353,10285800
2021-01-15,22.12897300720215,22.821892085729193,21.889116207588188,22.60868660643007,13449000
2021-01-19,22.582042694091797,23.00845379257302,22.306652404790228,22.386604697556344,21249400
2021-01-20,22.519853591918945,22.813011377140796,22.137859754786007,22.697524001334358,10571800
2021-01-21,21.489360809326172,22.502087459417634,21.27615528795991,22.31553326362473,21086200
2021-01-22,21.684803009033203,21.79140663770839,20.83198075726048,21.06295217964353,13559500
2021-01-25,21.089601516723633,21.649267549148146,20.61877155072919,21.649267549148146,15541000
2021-01-26,20.201236724853516,21.667025345141134,20.19235295207524,21.382751393861888,20225800
2021-01-27,19.37506866455078,20.09463916478856,18.859821593371937,19.943618383870273,17044000
2021-01-28,20.11240005493164,20.387791919123025,19.517200852876016,19.65045574592633,12418200
2021-01-29,19.730411529541016,20.281193709234483,19.543857340965246,19.89919986282871,15573600
2021-02-01,19.685993194580078,20.05910324424514,19.366184096465254,19.98803474404259,10081500
2021-02-02,19.996915817260742,20.512162797733286,19.85477883605497,20.210121289069402,11058000
2021-02-03,21.480478286743164,21.54266302230036,20.112407326856996,20.16570998111199,15843700
2021-02-04,22.040138244628906,22.1645093855666,21.089596458926344,21.622611035269887,12894700
2021-02-05,22.217811584472656,22.786359594199013,22.084558356493883,22.41324953921441,11370200
2021-02-08,23.08840560913086,23.24831019136499,22.510973713379766,22.608693556835522,11496300
2021-02-09,23.097286224365234,23.363792695345182,22.59092291285924,22.875196933746338,10799800
2021-02-10,23.6480712890625,23.74578943663235,23.070637707643183,23.310494577364405,11602000
2021-02-11,23.425983428955078,23.79020979701269,23.043989507722184,23.44374928772323,9773300
2021-02-12,23.78132438659668,23.799091938551292,23.052871700527728,23.150589847464065,9063400
2021-02-16,23.9285888671875,24.58905699988528,23.919663415107756,24.098169051990798,14337900
2021-02-17,23.982139587402344,24.23204541545112,23.518026331946363,24.23204541545112,11554300
2021-02-18,22.830780029296875,23.86610846671959,22.804003677476143,23.741155562934114,11173100
2021-02-19,23.312747955322266,23.598355611965665,22.812932853840405,22.884334768001253,10063700
2021-02-22,24.580127716064453,25.151342901714372,23.187788147509472,23.205639047649917,13964700
2021-02-23,24.758638381958008,24.90144221742773,23.55372953062073,24.776489286980723,13549000
2021-02-24,26.249155044555664,26.490137156582545,24.785414871988255,25.062097091895406,21674000
2021-02-25,25.445878982543945,26.65971309932287,25.169196806756656,26.24022540771829,20387400
2021-02-26,24.910362243652344,25.30307355682679,23.68760445600475,24.830034890904034,22478700
2021-03-01,25.63330841064453,25.972468745193805,25.320926131922494,25.66901021527319,17121600
2021-03-02,25.115646362304688,26.061723839652746,25.09779716078098,25.660087014141222,13582700
2021-03-03,25.320932388305664,25.9010732380186,25.276305121493184,25.29415602821818,20695600
2021-03-04,25.508359909057617,26.159902634968056,24.69616243925561,25.615463639104007,21586700
2021-03-05,25.945695877075195,26.51691120902061,24.910367236746147,26.481211101952006,26809000
2021-03-08,26.516910552978516,26.838220020426437,25.704713134579325,26.20452824002185,14971200
2021-03-09,26.195600509643555,26.757890326418888,25.847514716062843,26.58831185766385,20585200
2021-03-10,26.731115341186523,26.838217351447575,25.883216198567023,26.18667473156627,18685600
2021-03-11,26.240224838256836,27.14167495514208,26.17774838401773,26.847141883475075,13239500
2021-03-12,25.892141342163086,26.418731043030945,25.776112179677224,26.258076327192516,12829500
2021-03-15,25.99032211303711,26.320555325400502,25.579759832638953,26.01709676669279,7888000
2021-03-16,25.04424476623535,25.695789147243,24.838964476088517,25.65116188697896,11347200
2021-03-17,25.267372131347656,25.365550386694217,24.606904100733644,24.838960711871916,11302800
2021-03-18,24.321300506591797,25.704713248960147,24.249898591547417,24.99961955069138,14585300
2021-03-19,24.142793655395508,24.63368328623548,23.94643882447303,24.33022473694702,22577500
2021-03-22,24.678308486938477,24.87466501738762,23.875036569012945,24.14279330753618,19700200
2021-03-23,23.803640365600586,24.803269053640218,23.634060149288562,24.08032262205771,14459000
2021-03-24,24.4730281829834,24.990692458676026,24.240971548727277,24.34807526544388,13642400
2021-03-25,24.455175399780273,24.571204559166347,23.37522137582691,23.892885611723404,14595800
2021-03-26,25.267372131347656,25.303073934148465,24.63368045283425,24.84788616257212,11722600
2021-03-29,24.722930908203125,25.454800772517725,24.535499866020693,25.195967833874246,11397400
2021-03-30,24.294523239135742,24.803263779901993,24.2231213267686,24.43732706387003,11439700
2021-03-31,24.267749786376953,24.437328272664715,24.01784222955232,24.294524440866624,11046300
2021-04-01,25.079946517944336,25.115646623719226,24.19634719497799,24.499805754666138,10463300
2021-04-05,24.58905601501465,25.25844957298081,24.410552087637182,25.240600371892157,9880900
2021-04-06,24.490880966186523,25.29415294497824,24.446253704813902,24.642610250141534,9306600
2021-04-07,24.410552978515625,24.722936990771654,24.232047342267634,24.553356806571653,7973300
2021-04-08,24.151721954345703,24.258825685338042,23.59835750089409,24.098170940027558,10548700
2021-04-09,23.883962631225586,24.3034486529314,23.580504078551296,24.196346635726282,8624800
2021-04-12,23.687606811523438,24.187420176493802,23.491250284232517,23.98213990010402,10969200
2021-04-13,23.24134635925293,23.625130589147695,23.080691624603247,23.41985029592018,13688500
2021-04-14,24.374853134155273,24.794340902428544,23.43770272423882,23.43770272423882,14755400
2021-04-15,23.794708251953125,24.419476219905896,23.71438089314903,24.285596153661903,9107100
2021-04-16,23.4644775390625,24.062467513918115,23.428775730342558,23.999991051014153,9234300
2021-04-19,23.67867660522461,23.901807739717416,23.4287691217447,23.553722012306924,7711200
2021-04-20,22.536251068115234,23.500177778379985,22.33097077388199,23.348448495173685,12657300
2021-04-21,22.964662551879883,23.01821526524141,21.884708367761657,22.089988661912997,13113300
2021-04-22,22.536251068115234,23.00036436996462,22.491625509318773,22.937887906707193,16091800
2021-04-23,22.946805953979492,23.18778799724726,21.92932848554518,22.143534178775795,12875200
2021-04-26,23.53588104248047,23.812563269308356,22.982514886468635,23.080693164718166,13934000
2021-04-27,23.366294860839844,23.750080720422204,22.89325619864555,23.562649664701592,13033500
2021-04-28,24.419479370117188,24.53550684649347,23.348448916132547,23.53588001164005,10643900
2021-04-29,24.830034255981445,25.071016308064284,24.339146403832483,24.740781454948294,13827900
2021-04-30,24.142793655395508,24.82111266543114,24.062466292209983,24.526579567869497,13237300
2021-05-03,25.187047958374023,25.436955502474518,24.526579844346863,24.571207103484024,12395600
2021-05-04,25.338775634765625,25.597608614350094,24.838962280480153,25.204897270519343,15195400
2021-05-05,27.07919692993164,27.088122380355955,25.499427954295584,25.677933558070674,22805400
2021-05-06,27.42728614807129,27.462987956489652,26.436584797444656,26.981023756977297,15034800
2021-05-07,28.462615966796875,28.56079424175683,26.945324794117138,27.03457761659383,16483400
2021-05-10,28.230554580688477,29.33728496789675,28.21270538106767,28.757145974861405,16905900
2021-05-11,27.900318145751953,28.17700028463481,27.34695216563072,27.605785106978455,18232800
2021-05-12,28.650041580200195,29.132005736543604,27.891396945176023,27.98064975587174,23375400
2021-05-13,28.34658432006836,28.980277734330116,27.95387298034371,28.275182413059856,16385800
2021-05-14,29.28373908996582,29.435466667436113,28.73037127813908,28.77500024065323,11637200
2021-05-17,30.390459060668945,30.435084605485386,28.917795653461425,29.033821389042004,14531300
2021-05-18,29.515798568725586,30.640381864532603,29.462245848306853,30.452949045423207,12438600
2021-05-19,28.560787200927734,29.024900401508148,28.25732870072943,28.91779840282379,13633600
2021-05-20,28.35550880432129,28.560789067176252,27.84677002143912,28.551863616310076,12478300
2021-05-21,28.516164779663086,28.971350877532036,28.435837420661326,28.801772410622334,8573800
2021-05-24,28.293033599853516,28.67681949226614,28.168078984565554,28.67681949226614,9755900
2021-05-25,27.88247299194336,28.391211827180022,27.73966916809994,28.23055709976721,10064400
2021-05-26,28.159154891967773,28.41798788393674,27.641490610385688,27.78429443272862,9358100
2021-05-27,27.971729278564453,28.58757020692805,27.944952919887573,28.400140803258104,14893200
2021-05-28,27.962797164916992,28.248404780014187,27.748591453594095,28.239479329247942,8307800
2021-06-01,29.50857162475586,29.65194748001111,28.630394084023695,28.63935357944901,15701900
2021-06-02,31.775705337524414,31.9011587912119,29.31143032527672,29.92077860177326,28422100
2021-06-03,32.72557067871094,32.77933790647222,31.542719014762955,31.58752332872234,19992700
2021-06-04,32.635963439941406,33.03920916167679,31.874279735380547,32.80622464375776,13756400
2021-06-07,32.107261657714844,32.95855384394091,31.95492289432656,32.72556936966165,10082500
2021-06-08,32.16999053955078,32.447779344658656,31.560642281762345,31.892198316092774,12822000
2021-06-09,32.04454040527344,32.385059425206755,31.802596368804625,32.17895679740131,9229900
2021-06-10,31.309736251831055,32.4657062008083,31.13051896657772,32.40297946729951,11364300
2021-06-11,31.26492691040039,31.9549242865568,31.148432959010336,31.704017392809032,7243600
2021-06-14,30.512197494506836,31.515828312980087,30.252327732203664,31.24699905675415,10015500
2021-06-15,30.637657165527344,31.11259248064454,30.467399399489192,30.521166629035523,9834000
2021-06-16,30.50324058532715,31.058821551052098,30.046227734502793,30.332979421222106,10924400
2021-06-17,29.09636878967285,30.700385230084596,28.576629136435866,30.440518821816404,14511300
2021-06-18,28.038972854614258,28.755852248520622,28.030011648543518,28.487022903099557,24774200
2021-06-21,29.678831100463867,29.786365561884733,28.37948712344711,28.45117505521924,11198400
2021-06-22,29.589221954345703,29.89389608638585,29.239743506665857,29.42792368336267,7675200
2021-06-23,29.46376609802246,30.539086677345157,29.454803184616082,30.06415139895395,8113100
2021-06-24,29.80428123474121,29.884930362650593,29.150128716520612,29.61610107573594,6238300
2021-06-25,29.884933471679688,30.010390342418077,29.62506707102567,29.84909206981892,7823400
2021-06-28,28.6931209564209,29.78636399490213,28.46909596777147,29.705714862254332,11191500
2021-06-29,28.567665100097656,29.266623662849362,28.531821991563582,28.92610473131328,7321600
2021-06-30,28.684162139892578,29.015721631666278,28.55871038444019,28.764811284060432,10883200
2021-07-01,29.634031295776367,30.073121867553443,29.37416143530322,29.571304559572607,9819000
2021-07-02,29.383119583129883,29.50857303518079,29.15013167073518,29.392079078983436,7582700
2021-07-06,27.931442260742188,29.544423586095863,27.814949991123655,29.544423586095863,13943600
2021-07-07,27.492347717285156,28.10169597842578,26.94572618140753,27.88663218787763,10579700
2021-07-08,27.357933044433594,27.644684764982017,26.7665071935087,26.847154619384753,8903000
2021-07-09,27.949357986450195,28.262993311541322,27.456501987256996,27.779098516970727,8547300
2021-07-12,27.976247787475586,28.23611766735471,27.331056255116987,27.573003720692277,5799700
2021-07-13,27.42962074279785,27.895591430164178,27.29520437939837,27.707411256085,8169700
2021-07-14,26.479753494262695,28.182344808745622,26.282612115686014,27.76117672794877,11845600
2021-07-15,25.744953155517578,26.533522129983652,25.565734177084483,26.193003165363027,12341400
2021-07-16,24.974308013916016,26.16612095804628,24.732360601176943,26.103392521681425,12381500
2021-07-19,23.88106346130371,24.123010859379917,23.217949699638385,23.77353242383097,18636600
2021-07-20,24.409761428833008,24.795084664951204,23.692882181990974,23.92586836450837,11854700
2021-07-21,25.476123809814453,25.70014881453083,25.108722938813607,25.11768414410328,12423400
2021-07-22,25.0728759765625,25.503003538685267,24.839889786452254,25.395472502742074,11761400
2021-07-23,25.458202362060547,25.789760133617314,24.75028420915451,25.341710107239376,12759200
2021-07-26,26.399105072021484,26.551442139767726,25.691186963677257,26.04962662038162,12815500
2021-07-27,26.148195266723633,26.38118144503389,25.574691879606018,26.013780624014807,9333500
2021-07-28,26.27365493774414,26.596251524108496,25.81664367678641,26.246773028330658,7088100
2021-07-29,26.56040382385254,26.865077964839863,26.28261329854356,26.757546920476766,7420800
2021-07-30,25.834566116333008,26.479757580564545,25.673267822981295,26.29157737777109,9241600
2021-08-02,25.538848876953125,26.623129008868872,25.449238539058634,25.85248420499633,12466300
2021-08-03,25.897293090820312,25.915215503397935,24.8130127675043,25.368593884007854,8724900
2021-08-04,24.75924301147461,25.762875794461124,24.741322309895065,25.547811992930118,14324200
2021-08-05,25.019107818603516,25.368586212304834,24.714433733621664,24.965342306305196,10146900
2021-08-06,25.467161178588867,25.76287409989017,25.234174981627984,25.404434454248445,6061000
2021-08-09,25.08184242248535,25.20729589369365,24.588988034873875,24.893662215672904,7758700
2021-08-10,25.467161178588867,25.64638185599725,25.153525847711716,25.261058595991756,9416000
2021-08-11,25.968976974487305,26.11235283435614,25.234175265365764,25.431316645391643,7649400
2021-08-12,25.583654403686523,26.013783704128304,25.180410427814696,25.753913882836912,7432700
2021-08-13,25.404438018798828,25.65534495136579,25.252100934379477,25.56573630926347,7430800
2021-08-16,24.893659591674805,25.072878573199013,24.526258713998725,25.028074255111758,9864300
2021-08-17,24.364959716796875,24.94742438065689,24.015479551140768,24.624827830566673,10539800
2021-08-18,24.024442672729492,24.67859703027964,24.006521970097847,24.427688392508674,9697100
2021-08-19,23.692882537841797,23.746648054868736,23.20898775707445,23.433012738724155,18962600
2021-08-20,23.710805892944336,23.818338648216546,23.226912767157287,23.388211045478027,12082300
2021-08-23,24.6337833404541,24.813003984440872,24.105084320785327,24.185733439661902,8298000
2021-08-24,25.287940979003906,25.511965975409886,24.804047875538032,24.81300908049528,8183200
2021-08-25,25.49404525756836,25.780796979307638,25.019111650203254,25.287940962040057,6545200
2021-08-26,25.207292556762695,25.62846065579425,25.108722717794247,25.314825310117065,6150300
2021-08-27,26.05858612060547,26.255727491601437,25.520925816136927,25.520925816136927,7534300
2021-08-30,25.34170913696289,26.291574677946873,25.305864315820973,26.228847950123658,6887200
2021-08-31,25.238201141357422,25.64323542309643,25.103187997347646,25.166193215611706,9872700
2021-09-01,25.184192657470703,25.56222564569761,25.03117926421783,25.265199849002414,9724400
2021-09-02,25.751243591308594,25.886255008050014,25.391210857647067,25.48121904106245,9514100
2021-09-03,25.283205032348633,25.877256701013426,25.139192610657982,25.68824104133076,6174700
2021-09-07,25.04918098449707,25.38221073698652,24.644145031031965,24.860165350722188,8178400
2021-09-08,23.996091842651367,25.319206573850924,23.942087615213115,25.166193165473008,13279700
2021-09-09,23.960086822509766,24.518134447208865,23.798072442189625,23.93308385353533,10975000
2021-09-10,24.104097366333008,24.41912339627967,23.834072847683306,24.338117929124177,7712200
2021-09-13,25.301206588745117,25.427217026414368,24.52713854760324,24.545140529202694,9877900
2021-09-14,24.905168533325195,25.64323252105785,24.797158373693545,25.625230541658702,7106200
2021-09-15,26.31829261779785,26.372296841940937,25.229198560968413,25.382211960009933,11912200
2021-09-16,25.976266860961914,26.363300902587497,25.70624227257117,26.093276314196753,8079200
2021-09-17,25.481220245361328,26.336295453075245,25.202196408673338,25.832252005595524,17376500
2021-09-20,24.527141571044922,24.941176898289395,24.04109830852628,24.63515175719251,10708200
2021-09-21,24.239110946655273,25.004177909806558,23.97808739350114,24.8511645171763,10499100
2021-09-22,24.4371280670166,25.031179670038103,24.41012681391045,24.7611568383968,10547600
2021-09-23,25.994264602661133,26.219284212754943,24.509135519394658,24.5901427163695,13562300
2021-09-24,26.11127281188965,26.43530156318824,25.715237862165058,25.84124828021976,7414100
2021-09-27,27.17336654663086,27.578400784200323,26.78633257177143,26.822334813954754,13469000
2021-09-28,27.821428298950195,28.4244810060004,27.596408657763757,27.731420099122897,19922800
2021-09-29,27.299379348754883,27.86642801747981,27.12836396237993,27.86642801747981,13176500
2021-09-30,26.67832374572754,27.31738031487886,26.4713061217227,27.245374110148337,13322800
2021-10-01,27.326387405395508,28.469485946081942,26.642327449364636,26.858346111780115,12079600
2021-10-04,27.794424057006836,28.325470523340986,27.587406408575163,27.839429013250815,16285600
2021-10-05,27.53339958190918,28.52348620800213,27.497395620308566,28.13645220461243,12264600
2021-10-06,26.948347091674805,27.488394461299624,26.534310145482582,27.083358504890192,12070700
2021-10-07,27.920433044433594,28.082447434971108,27.49739508763823,27.569401292681196,15928000
2021-10-08,28.49648094177246,28.766503764976644,28.010439516652287,28.253459370830754,11854100
2021-10-11,29.216541290283203,29.918604711007667,28.847509318355154,29.06352962477644,16941800
2021-10-12,29.594575881958008,30.116619517872607,29.00052433293724,29.20754193282805,18377900
2021-10-13,29.486568450927734,29.63958357254865,28.71250215291035,29.21654560318548,12504100
2021-10-14,30.170623779296875,30.224629711131076,29.648576738811194,29.936601508208092,8671200
2021-10-15,30.602670669555664,30.791686340821105,30.38665030701861,30.584668686550312,9352100
2021-10-18,30.746671676635742,31.178708807666172,30.4316456749029,30.728669700318736,11548300
2021-10-19,31.088714599609375,31.29573225847144,30.33264846425228,30.9627041493044,10417100
2021-10-20,31.26873016357422,31.28672871297004,30.42265413382976,30.629671787153338,10818700
2021-10-21,30.87268829345703,31.151713832262764,30.467652328586315,30.917691526547866,12151400
2021-10-22,30.52165985107422,31.09770950497109,30.053618648901317,30.467653908448845,12077000
2021-10-25,30.92669105529785,31.295723022364044,30.629663567072598,30.98969626185601,9768400
2021-10-26,30.836681365966797,31.49374155326105,30.818682821283854,31.232718019516895,11666500
2021-10-27,29.288551330566406,30.764679325476678,29.243548098238954,30.485653791404015,13929600
2021-10-28,29.972606658935547,29.98160936469691,29.25254470670648,29.270546684702985,11364300
2021-10-29,29.03652572631836,29.873598856873844,28.955518538408914,29.873598856873844,13940600
2021-11-01,29.972606658935547,30.215628211599025,29.3245526186925,29.477564281373454,8514000
2021-11-02,29.882604598999023,30.23363463776109,29.621581029935587,29.702588226075044,7293900
2021-11-03,29.684581756591797,30.03561174227187,28.973519079507124,29.306550520790555,10448800
2021-11-04,29.837600708007812,30.368647108015914,29.46856869671585,30.260635226520716,12516200
2021-11-05,30.16162872314453,30.656674640024082,30.08962422929739,30.332645833894542,11279200
2021-11-08,30.87268829345703,31.178715085411948,30.20663220324883,30.323639922579684,14225900
2021-11-09,30.728673934936523,30.86368705915683,29.99060997185863,30.791679143965634,10925500
2021-11-10,29.459571838378906,30.674679994983027,29.2435548995564,30.548666108221337,10311700
2021-11-11,29.504568099975586,29.819597592048375,29.342553717429926,29.594577997793465,6363900
2021-11-12,29.486568450927734,29.58557762958948,29.108537150793936,29.234547584171867,7346100
2021-11-15,29.4505672454834,29.657584871777846,29.000528031749372,29.423562557861192,8358900
2021-11-16,29.603578567504883,30.017613815023086,29.225547280690876,29.54057335303588,7683800
2021-11-17,28.85651397705078,29.75659235325107,28.649494645784635,29.261546499519692,9716800
2021-11-18,28.676498413085938,29.09953636040043,28.17245327231817,28.784506859848094,8860200
2021-11-19,27.04735565185547,28.091446474671823,26.894342252817037,28.082447201284268,19098700
2021-11-22,27.308374404907227,27.81241774721414,26.95734443468172,27.011348649309557,12772600
2021-11-23,28.064449310302734,28.406478402057477,27.740420484709286,27.830428682570087,10914800
2021-11-24,28.271469116210938,28.739510407312455,27.740422596838776,27.740422596838776,9490500
2021-11-26,26.732330322265625,26.83133778314638,25.5712283120282,26.327294338051782,12412300
2021-11-29,26.687326431274414,27.668412106030114,26.579317975698867,27.3983892503278,12588500
2021-11-30,25.923542022705078,26.538186942478507,25.616219562818365,26.140475219560678,39947700
2021-12-01,25.652374267578125,27.080519108459008,25.616219596736887,26.73704197732413,14888300
2021-12-02,26.502025604248047,26.65568680552908,25.363125240170636,25.72468050082264,12517300
2021-12-03,26.42971420288086,27.07147629058559,26.041041656303996,26.96300885180752,9816300
2021-12-06,27.12571144104004,27.505344922808554,26.54722298273815,26.890700073846997,8977600
2021-12-07,27.80362892150879,28.12902954918282,27.4239954305663,27.568617548636617,9153800
2021-12-08,28.07479476928711,28.26461237547201,27.72227857441296,27.948250847851597,8963300
2021-12-09,27.677082061767578,27.78554777679276,27.369759662477136,27.595731913482965,6726700
2021-12-10,28.011520385742188,28.174220684390473,27.478225728631244,28.101909632105844,7445900
2021-12-13,26.9630126953125,27.80362986256805,26.74607951086457,27.622851346845593,8387000
2021-12-14,26.818389892578125,27.36976279992738,26.718961539047825,26.836468088498478,8515900
2021-12-15,26.49298667907715,26.80934818071156,25.787954347240355,26.746076225190976,9370000
2021-12-16,26.845500946044922,27.53245499101488,26.737033519768413,26.85453831787265,8547600
2021-12-17,26.1856689453125,26.773198292017277,25.88738558463041,26.737041897252517,17089100
2021-12-20,25.733722686767578,25.80603374757777,24.992533882455163,25.39928467703231,10479400
2021-12-21,26.619531631469727,26.755114636112626,26.050080598325533,26.16758713330577,8440200
2021-12-22,26.664724349975586,26.890696590229616,26.239897158949304,26.583374205561626,9699500
2021-12-23,26.72800064086914,27.008205781548508,26.60145671747168,26.664728679170413,7160100
2021-12-27,26.972049713134766,26.99012790811897,26.176626374145364,26.67376639202163,6891400
2021-12-28,27.216100692749023,27.333605514325825,26.845506308657797,26.93589383724075,7146300
2021-12-29,26.80031394958496,27.16186927822739,26.673770015568063,27.071481739090633,6817700
2021-12-30,26.9539737701416,27.16186785773472,26.791273449753348,26.845508039237238,7205000
2021-12-31,27.071475982666016,27.2612918433293,26.655686150116097,26.727997200468504,7785200
2022-01-03,28.67136001586914,28.897332278136798,27.09859327737002,27.179943429708903,18781000
2022-01-04,30.063350677490234,30.30740115417282,29.04195845234056,29.050995826411754,17954000
2022-01-05,30.063350677490234,30.795502107537988,30.045275929347845,30.38875131306701,15846900
2022-01-06,30.777423858642578,31.11186186771801,30.22605094353289,31.066668101312683,11163900
2022-01-07,31.663238525390625,31.762666892072687,30.73223372475635,30.75031192306798,14324300
2022-01-10,31.74459457397461,31.988645124292646,31.166105913101223,31.609013233618636,15515600
2022-01-11,32.973876953125,33.01907072262261,31.84401547536689,31.997678429335064,15432500
2022-01-12,32.946754455566406,33.22695783639041,32.494809959462785,33.01002640917588,13196800
2022-01-13,32.693668365478516,33.55236373354079,32.56712443823925,32.964837864492274,12799600
2022-01-14,34.17604446411133,34.25739461234997,32.65751066236525,32.74789818349134,17414000
2022-01-18,33.93199920654297,34.82684752589962,33.43486086822667,34.44721574146067,19101100
2022-01-19,33.534278869628906,34.338742936391895,33.10945340522905,34.19412084143525,11154600
2022-01-20,33.48908996582031,34.64607034124431,33.14561114748637,33.14561114748637,14720200
2022-01-21,32.86540985107422,33.98623045952162,32.25076495686882,33.941036691901935,15762200
2022-01-24,33.082340240478516,33.154653024772315,31.346874794187404,31.898247706205936,17956500
2022-01-25,35.061851501464844,35.251667344245,32.32306577080636,33.00098245050338,24167100
2022-01-26,35.974796295166016,36.408662779707186,34.727427997069945,35.30592009118916,25985100
2022-01-27,35.125125885009766,37.09560411316146,34.546637496573084,36.39056837269932,24350400
2022-01-28,35.8663215637207,36.462888261735614,34.97146979266661,35.17936388233175,18155000
2022-01-31,35.31494140625,35.775926706959574,34.91723150498485,35.45956350198849,16444600
2022-02-01,35.7216911315918,36.02901350747129,34.74548942654069,35.04377443021608,18792000
2022-02-02,35.4776496887207,35.76689394536965,34.9262767469638,35.76689394536965,16356600
2022-02-03,34.872039794921875,35.64034407715014,34.718376869638455,35.64034407715014,12302100
2022-02-04,34.80876541137695,35.7940046028464,34.80876541137695,35.26975075266743,19955400
2022-02-07,36.399620056152344,36.95099304344858,34.38394746762256,34.56472600497501,20523700
2022-02-08,35.27076721191406,36.39507760473474,34.98062237126361,36.313474152126844,13575900
2022-02-09,35.724117279052734,36.01426210606886,35.23449658641332,35.370500028502605,12472500
2022-02-10,35.515567779541016,36.775888313761975,35.30702642867535,35.524636749769236,11082700
2022-02-11,36.830291748046875,36.93909864817985,35.4430366299423,35.73318144603216,15533600
2022-02-14,35.63344955444336,36.65802555543168,35.361439175621584,36.63082555518938,12804400
2022-02-15,36.34974670410156,36.431350164751315,34.56353954254567,34.85368441178931,14924600
2022-02-16,37.80046844482422,38.661837479244035,36.85749941417881,36.8756304408071,21249800
2022-02-17,37.274574279785156,37.673522497998945,37.00256397378491,37.25643979821198,9526500
2022-02-18,36.45854949951172,37.2745840911057,36.00519771724831,36.71242884956296,11301500
2022-02-22,35.86012268066406,37.68259864991969,35.325167478096404,37.56472622662869,20930000
2022-02-23,36.03239440917969,36.61268402808884,35.71504614591446,36.08679439920307,9462300
2022-02-24,34.7448844909668,36.25001245058801,33.81098081410063,36.03240550588134,21602400
2022-02-25,35.76945114135742,35.90545458109544,34.71767529690753,34.85367873664555,11382000
2022-02-28,35.579044342041016,35.60624433829882,34.42753056353927,35.25263055175087,14946300
2022-03-01,34.155517578125,36.195600357160956,33.24881412077569,35.94172449591889,20586200
2022-03-02,35.579044342041016,35.78758571721547,34.62700296742838,34.971551241490104,16209100
2022-03-03,34.92621612548828,35.207295430630865,34.019512706214336,35.025954055016264,22756100
2022-03-04,35.307037353515625,35.42490979136397,34.18272681323838,34.59074412979052,22922900
2022-03-07,38.17221450805664,39.350931780061565,35.70598343426607,35.80572136886333,29778900
2022-03-08,40.87419128417969,41.95316709430281,39.0335810143474,39.0335810143474,41068100
2022-03-09,38.58930206298828,40.14882972525875,37.62819511136164,39.34186416663985,30347200
2022-03-10,39.35093688964844,39.64108175953343,38.16315395063197,39.078923047681535,15498300
2022-03-11,38.897579193115234,39.6229412577115,38.48049297952313,38.69810332830158,13251200
2022-03-14,37.67353439331055,38.1450206866875,37.02977565879193,38.1450206866875,14389400
2022-03-15,35.59717559814453,36.76682386801233,35.08035491309581,36.10493077064817,17239000
2022-03-16,34.3459358215332,36.15934315274066,34.09205644318016,35.69692234635476,27499200
2022-03-17,35.8238525390625,36.12306634406235,34.73581114327929,35.13475942447985,37986300
2022-03-18,36.02333068847656,36.531085908423584,35.488375469553624,35.76945480790278,28267600
2022-03-21,37.34711456298828,37.61912837014534,36.73962490028245,36.87562834506174,19283700
2022-03-22,37.35618591308594,38.09061355453375,37.05697208968167,37.35618591308594,15467100
2022-03-23,38.45329666137695,38.87037945606761,38.07248283808536,38.19035180693305,19967500
2022-03-24,38.661842346191406,39.641083929763546,38.3626319459665,38.525838876561856,16281400
2022-03-25,39.604801177978516,39.62293565938109,38.326349638885475,38.50769099411258,12252900
2022-03-28,37.836734771728516,38.66183477763664,37.573789939599756,38.6255658093156,13984200
2022-03-29,38.65277099609375,38.80690893016275,36.440412252614244,36.71242606840551,13207500
2022-03-30,38.27195358276367,39.39626743517235,38.03621219661956,38.83411223836767,10201700
2022-03-31,37.4559326171875,38.45330534427551,37.39246363230737,37.80047754687956,11618700
2022-04-01,37.80046844482422,38.50769954130756,37.33805117221537,37.356185657643096,12210600
2022-04-04,37.67353439331055,38.326362100878605,36.93910668109627,38.00901376134423,10618200
2022-04-05,36.685218811035156,38.40795665817757,36.61268433745809,37.600991183888404,10473900
2022-04-06,36.975364685058594,37.48311984987927,36.55828193831255,37.14764055000085,8726600
2022-04-07,37.147640228271484,37.591922967192524,36.03239543660561,37.18390573638816,8895800
2022-04-08,38.58022689819336,38.734368266458326,37.274575317754994,37.47405116181596,10526400
2022-04-11,37.474063873291016,38.66184345252422,37.41966040860248,38.66184345252422,7999000
2022-04-12,37.6553955078125,38.906647314903516,37.446854116430565,38.07248174937576,8112800
2022-04-13,38.598365783691406,38.689034745627204,37.637258876695675,38.17221405323494,8596100
2022-04-14,39.21492004394531,39.41439588855672,38.208478768022374,38.40795461263378,10714500
2022-04-18,39.604801177978516,40.29389417728313,39.124249526605546,39.486928778261095,11127900
2022-04-19,39.37812805175781,40.35736590312616,38.98824532183555,39.106117729644325,10033700
2022-04-20,38.6981086730957,39.7770846770306,37.88207407596872,39.50507429758815,11945100
2022-04-21,36.85750198364258,39.37813683422745,36.37694673330542,39.29653337351356,18181500
2022-04-22,37.76420593261719,39.432540677700004,35.98706426632483,36.240943623680714,20746000
2022-04-25,35.08035659790039,36.29533940644392,33.502694470549415,36.26813940870317,23976100
2022-04-26,35.85105895996094,36.83936596127538,34.472869158021574,35.18009681552748,19941000
2022-04-27,36.22281265258789,36.685230006811544,35.624388363051374,36.40415408007169,10619400
2022-04-28,36.367881774902344,36.71243010971301,34.94435740643688,36.59455767381468,11502600
2022-04-29,35.370506286621094,37.09324452828345,35.20730281899814,36.73963067396744,10611900
2022-05-02,35.461181640625,35.832930012775655,34.608877963889306,34.76301938877132,11445200
2022-05-03,36.40415573120117,36.712435134265796,35.279841596847774,35.35237955465131,8876500
2022-05-04,38.62556838989258,38.70717184466726,36.67615790618546,37.43778899781599,11713700
2022-05-05,38.15408706665039,39.37813547635005,37.55565940285107,39.20586304691663,16281500
2022-05-06,39.01545333862305,39.53227409454516,37.63726350323088,38.60743950095794,12396000
2022-05-09,34.49099349975586,38.23567554479502,34.48192453005539,37.936465261851254,14845900
2022-05-10,34.35499572753906,35.49744409661225,33.51176117948962,34.88088542795675,11063400
2022-05-11,34.79020690917969,36.20466539409508,34.69046898630248,34.83554138536056,11569100
2022-05-12,35.38864517211914,35.424914151120696,33.6205756807959,34.436606955529655,13434300
2022-05-13,36.93910217285156,37.02070562633825,35.87825727752463,35.987060729240426,9798900
2022-05-16,38.2084846496582,38.607436400293786,36.993501830430375,37.047905285189586,10181600
2022-05-17,38.94291305541992,39.37813028726873,38.45329237254035,38.55303030336387,9936900
2022-05-18,37.29271697998047,39.459737852965084,36.73962727590333,39.29653094163742,9734900
2022-05-19,37.03883361816406,37.555654294972,36.277202600952506,36.304406055752295,12123900
2022-05-20,37.283653259277344,38.145022421765795,36.658028983600445,37.5284636607509,9870700
2022-05-23,39.72267532348633,39.885882204483714,37.591920358819934,37.999937561313395,13288000
2022-05-24,39.80427932739258,40.07628964663877,38.49862426093267,38.961044916570174,11259800
2022-05-25,40.84699630737305,41.08274117925704,39.50507540037093,39.622947836312925,17205000
2022-05-26,42.333988189697266,42.68760548531377,41.173408733723946,41.25501219289705,16282900
2022-05-27,43.71217727661133,43.90258419183053,41.8262356928601,41.94410466391986,13950700
2022-05-31,41.82391357421875,44.30823183328338,41.341611059394666,44.30823183328338,28706600
2022-06-01,42.4791145324707,43.07062029690039,41.86030967692587,42.806717511453286,15207500
2022-06-02,42.13330841064453,42.65201193832794,41.78750490172227,42.50641100900277,8155100
2022-06-03,43.198028564453125,43.43462883054713,42.16062125602409,42.233420002745014,8854400
2022-06-06,42.970523834228516,43.68032805426209,42.6611213716548,43.48922745216083,6697000
2022-06-07,44.52662658691406,44.66312897580882,42.652011599279234,42.77031343822802,14735800
2022-06-08,45.10903549194336,45.345639197075634,43.753127343194315,44.5903319086769,15101200
2022-06-09,43.8077278137207,44.73593518784024,43.77132670773942,44.3992336360147,11473800
2022-06-10,42.96141815185547,43.57112448398943,42.33351473941926,42.92501704845039,11294000
2022-06-13,40.33150100708008,41.459910963944424,39.630795356096634,41.24150780502214,12470100
2022-06-14,39.33049774169922,41.32341152257256,38.68439023050771,40.98670995515211,13488800
2022-06-15,37.783477783203125,39.667191333741,37.44677628347897,39.667191333741,15091800
2022-06-16,35.017051696777344,37.00086625741791,34.87145078734499,36.882564433691776,21591700
2022-06-17,33.342647552490234,35.62676649295,33.18794806760668,35.12625999150241,32283000
2022-06-21,35.32646179199219,35.73596552417453,34.22535445654654,34.480155235948764,18172900
2022-06-22,34.14345169067383,34.87145635405066,32.84214183615022,33.187945353029235,17335000
2022-06-23,31.83203887939453,34.36185678635011,31.276934150999104,34.279956031809796,28165700
2022-06-24,31.904842376708984,33.215251030680896,31.540838237127527,32.05044333826142,22910700
2022-06-27,32.66014099121094,32.74204173578433,31.777433352075448,32.560039695465655,29428500
2022-06-28,33.6429557800293,34.334559487900414,33.18795233576123,33.49735481671955,13896200
2022-06-29,32.924049377441406,34.24356005498877,32.71474821045677,34.14345874221334,12475300
2022-06-30,32.54184341430664,33.61565177454758,32.141441650186536,32.17784275730672,15332400
2022-07-01,32.441741943359375,32.79664401953062,31.0403307187958,32.723841813444075,10823800
2022-07-05,30.330528259277344,31.98674035478071,29.757223004249116,31.42253364032099,17642100
2022-07-06,29.784526824951172,30.59443244871895,28.783518840607552,29.9301277969611,13030900
2022-07-07,31.28603744506836,31.78654053380717,30.740031235298133,30.88563219695671,10077500
2022-07-08,31.2314395904541,32.050447269263685,30.831037764925625,31.7683438529179,11027700
2022-07-11,30.366924285888672,30.912930418915476,30.103024966562657,30.59442597346644,8918700
2022-07-12,29.784526824951172,30.194030643541904,29.202122936911465,29.27492168721593,10281400
2022-07-13,29.384119033813477,30.42152618197482,29.13841679271206,29.284017735061013,9137200
2022-07-14,28.51051139831543,28.610612696205216,27.891706530815167,28.2102092403462,14827800
2022-07-15,29.393217086791992,29.44781874104296,28.51961144717792,29.174817412588588,10672600
2022-07-18,30.14852523803711,30.548926966813514,29.93922409767215,30.212225434174258,11493100
2022-07-19,31.140430450439453,31.249630282677444,30.103023365678364,30.103023365678364,10867200
2022-07-20,31.067626953125,31.167728241587664,30.266820116823613,30.530722882516105,9984500
2022-07-21,30.603525161743164,30.61262370099081,29.356813529419384,30.012019440047943,14583000
2022-07-22,31.913944244384766,33.20615595032251,31.713741599608227,32.223346753857086,19748000
2022-07-25,32.914947509765625,32.99684826863392,31.85933965735254,32.44174698230527,13120000
2022-07-26,32.396244049072266,33.77035640347316,31.89574095147889,33.488253016531054,17232100
2022-07-27,33.060543060302734,33.32444234893862,32.341636978025996,32.796640300266986,11075300
2022-07-28,32.49634552001953,33.57925595118835,32.06864463817548,33.34265221353767,10292800
2022-07-29,33.697547912597656,33.852250860960574,32.5600395064592,32.99684231784835,12313200
2022-08-01,33.1242561340332,33.47005629405509,32.19604857899302,32.97865515312893,12620600
2022-08-02,33.388145446777344,33.834050268858874,33.060545942182934,33.215245418958055,9987500
2022-08-03,32.34164047241211,33.706650586619034,32.1869375210072,33.588348738062365,11558500
2022-08-04,30.894729614257812,32.19603953425461,30.758227214269247,32.12323732855398,11744100
2022-08-05,31.540830612182617,31.96853485208391,30.421522839951486,30.494321567428354,6863400
2022-08-08,31.531734466552734,31.995836369721832,31.395232068997025,31.56813209735411,6053100
2022-08-09,31.841140747070312,32.18694084564613,31.531738283702072,32.06864245627047,7616100
2022-08-10,31.777441024780273,32.09594554009135,30.77643476843352,31.84114470496331,13302600
2022-08-11,33.57014846801758,33.95235310832721,32.38714038673585,32.396238926824054,13140900
2022-08-12,33.79765701293945,33.87955777595146,32.98775139615457,33.29715389293316,6642800
2022-08-15,32.54184341430664,32.78754568026692,31.877538830666168,32.52364633214719,7639400
2022-08-16,32.3780403137207,33.31534611144131,32.1141375354537,32.74204091381992,9698300
2022-08-17,32.214237213134766,32.59643834478148,31.713730772073692,32.05953427551591,7703300
2022-08-18,33.788551330566406,33.87955061628203,32.73294364782408,32.79664384210506,10758700
2022-08-19,33.779449462890625,34.1889531931539,33.31534754952575,33.542849236183095,12893900
2022-08-22,33.59745407104492,34.05245753444304,32.84215012693252,33.40635344955393,9126300
2022-08-23,35.817867279052734,35.999869328635796,34.17985577560589,34.31635470924291,15983600
2022-08-24,36.31836700439453,36.49126702648249,35.61766143372222,35.61766143372222,11498400
2022-08-25,36.55497741699219,37.21928554353987,36.41847845769962,36.509477763894665,12737900
2022-08-26,35.872467041015625,36.64597491789944,35.67226790193319,36.32747044927651,8944200
2022-08-29,36.746070861816406,37.1646731032054,35.54486231697843,35.76326197709442,11663700
2022-08-30,35.199066162109375,36.12727359010676,34.78956237455159,36.0635733866423,12149300
2022-08-31,34.71675491333008,35.63586009784121,33.943247181838665,34.370951416058624,12383000
2022-09-01,33.53374481201172,34.42555441437588,33.15154367219851,34.17075018310041,10516700
2022-09-02,34.643959045410156,35.15356410969139,34.11615689972646,34.67125813891434,11375100
2022-09-06,34.15485382080078,35.22447683413284,33.95372669524525,34.95935883559183,10785100
2022-09-07,33.880592346191406,33.99029646768386,32.90238883492507,33.313780162379565,11759900
2022-09-08,34.89536666870117,35.206197964512484,33.98115738542456,34.18228454372354,14681800
2022-09-09,36.24839401245117,36.44951765299915,35.34332542397633,35.699866432716654,9628600
2022-09-12,36.70550537109375,37.007192631405566,36.19354689951301,36.59579774240602,8935200
2022-09-13,35.16962432861328,36.63235745769127,34.950212615536145,36.175252918925544,11124100
2022-09-14,36.78777313232422,36.97975619284457,35.63586779434073,35.63586779434073,9958200
2022-09-15,36.2301139831543,36.60493964059713,35.791293956447916,35.98327706423854,9945700
2022-09-16,35.07820129394531,36.0015544143064,34.41082908649459,35.928416014208906,16890300
2022-09-19,35.626731872558594,35.681582189881446,33.90801768534213,33.98115260424966,7377600
2022-09-20,35.197052001953125,35.425604287680095,34.77651663319897,35.38903508498031,9360500
2022-09-21,34.355987548828125,36.04727337760456,34.32855889807049,35.754726677356004,9153000
2022-09-22,34.950218200683594,35.41646685769383,34.593677161458956,34.83137002513157,12875000
2022-09-23,31.997310638427734,33.33205475950464,31.4305021121703,33.1400717326573,17421000
2022-09-26,30.95512580871582,32.31729564026636,30.900271998159443,31.95161403218509,12006400
2022-09-27,31.064828872680664,32.271584763914156,30.955124742777095,31.631637612519086,12712500
2022-09-28,32.39957046508789,32.58241298943959,31.17453008559193,31.457936172708614,12205400
2022-09-29,32.88410186767578,32.92066758058854,31.3573708839216,32.13445069778528,12191700
2022-09-30,32.82011413574219,33.46920187942563,32.24416132007792,32.42700387127326,15329800
2022-10-03,35.01421356201172,35.224481270926844,34.11828891590016,34.35598527375657,13978200
2022-10-04,35.76386260986328,36.42209434399487,35.27933285414492,35.80957237197102,16268000
2022-10-05,38.00368118286133,38.3419376550426,35.77301169580783,35.77301169580783,28104400
2022-10-06,38.84475326538086,39.1647251136612,37.68370707851399,37.82998042164666,16403000
2022-10-07,38.93617248535156,39.42070227670624,38.10424219905105,38.881318674329094,15953800
2022-10-10,38.51564025878906,39.32928600892373,38.021966380921334,38.698482823269536,10380600
2022-10-11,38.17737579345703,38.66190905532711,37.57399784300142,37.729415225089994,10474800
2022-10-12,38.41507339477539,38.69847951989968,37.66542208308565,37.93968416267895,11271700
2022-10-13,40.39890670776367,40.52689893602619,38.195662489003276,38.223091138775345,16364400
2022-10-14,38.54305648803711,40.31662093126726,38.47906212841851,39.804666054318496,11504700
2022-10-17,39.183006286621094,39.68582064164878,38.58876892049574,39.31099501472655,10330300
2022-10-18,39.64011764526367,40.197785902128174,38.90875086881509,39.69496797385239,9734500
2022-10-19,41.569091796875,41.70622107899589,40.07892988329591,40.22520321001691,16869400
2022-10-20,41.770225524902344,42.26389942954644,41.35883409179763,42.05363168959033,15915700
2022-10-21,46.08528518676758,46.20413335809886,42.7758488912571,42.94040682466001,35351400
2022-10-24,47.67600631713867,48.005118666162225,45.39962410661546,45.76530914432738,27296600
2022-10-25,47.96855163574219,48.160534705927645,46.816646239767685,47.438308694356586,18932500
2022-10-26,47.70344161987305,49.26673868808112,47.66687241083817,48.38909859583431,18232500
2022-10-27,47.24633026123047,49.00161019651063,47.08177233136905,48.45308608859339,18298200
2022-10-28,46.121856689453125,47.27375879323656,45.50019412949652,46.66124027860867,15772800
2022-10-31,47.56629943847656,47.92284043759383,45.719596595998716,45.719596595998716,16663800
2022-11-01,47.127479553222656,48.398229675126714,47.081769794597605,48.17882143875405,11932200
2022-11-02,46.75265884399414,47.88627980862546,46.35040804360569,46.87150701879832,11892300
2022-11-03,47.35603713989258,47.65772785799741,46.16756584532109,46.2681294180227,15764600
2022-11-04,48.544498443603516,49.394713126550435,47.74913755832214,48.77305070273052,16764500
2022-11-07,50.10780715942383,50.38206922003253,48.27938877212412,48.45308726344232,19928100
2022-11-08,49.99810028076172,50.39121051880874,49.5318551196111,50.10780789656417,15249600
2022-11-09,48.517086029052734,49.44957990965511,48.261108547588734,49.44957990965511,21809000
2022-11-10,48.544498443603516,49.51356127777707,47.95026466233173,49.17530491074971,13088700
2022-11-11,50.1169548034668,50.51920565007604,49.52271734859623,49.54100195354644,14725000
2022-11-14,49.431297302246094,51.23229076583003,49.24845474205865,49.93411172718775,9089200
2022-11-15,49.97981262207031,50.281503315932866,48.98332799519755,49.778688980259766,9513400
2022-11-16,48.44394302368164,49.92496082833934,48.09654258002033,49.50442546820942,13414600
2022-11-17,48.297672271728516,48.3250974309338,47.00863399018023,47.53887698435736,9868200
2022-11-18,48.8553352355957,49.01075260301726,46.514962066781756,47.401742562026556,12140200
2022-11-21,47.785709381103516,48.16967552355713,44.668256534901374,46.844075137764584,18814400
2022-11-22,49.03818130493164,49.157029478321064,47.38346487223659,48.47137257307889,8969800
2022-11-23,47.008636474609375,48.352525145593404,46.679524084458464,47.95027434378802,10463200
2022-11-25,46.469261169433594,47.100064341498424,46.19499558490545,46.75266382521274,4951900
2022-11-28,45.60075378417969,46.469253181892746,44.869387155159124,45.262493884719845,15397500
2022-11-29,46.67038345336914,46.981214750776125,45.64647002732389,46.258988576296424,10809300
2022-11-30,47.127479553222656,47.447454838460104,46.149276071436184,47.15490819834252,19230300
2022-12-01,47.31947326660156,48.215401476674685,47.04521116578187,47.83143174558166,8152900
2022-12-02,48.2610969543457,48.34337590897009,46.88978336889309,47.081766433873064,9378600
2022-12-05,46.972068786621094,49.53185380085911,46.578958559040366,48.93761643709347,12047000
2022-12-06,46.67393493652344,47.79307955828581,46.307000093727574,46.728972713397816,12311000
2022-12-07,45.6832160949707,47.51788343612897,45.45388267732592,46.7656701062021,9700900
2022-12-08,45.79329299926758,47.352760865688566,45.40801455545479,46.70145483009071,9367800
2022-12-09,43.087158203125,46.35286341971881,42.958732065306116,45.79328939120813,16079900
2022-12-12,45.041080474853516,45.141987735486914,43.114681224152704,43.16972250250278,11416900
2022-12-13,46.82987594604492,47.13259769024114,45.82081046409026,46.09600982286428,11659700
2022-12-14,46.261138916015625,47.297726980084306,45.81164386189192,47.08674064834473,10212200
2022-12-15,45.967594146728516,46.27948775745733,45.2704185465815,45.976765944389435,11048100
2022-12-16,45.29793167114258,45.37131653546825,44.26134378000028,44.903477964761436,22945200
2022-12-19,45.710731506347656,46.36203747318501,45.334621399451756,45.82998234578568,7447000
2022-12-20,47.4811897277832,47.78391152181203,45.70156364869798,45.82081800689269,11496100
2022-12-21,48.903053283691406,49.159905560386036,47.62795669739351,48.48107718710046,9019500
2022-12-22,47.14177703857422,49.10487054485304,45.9859381468022,48.912231312782744,7574500
2022-12-23,48.6095085144043,48.61868031059798,47.13260087337505,47.884814137855166,8082300
2022-12-27,49.07734680175781,49.41675924841928,48.42604079619529,48.93057356811908,6200900
2022-12-28,48.25175476074219,49.20578271858827,47.69218410213788,48.95810218149261,7192700
2022-12-29,48.5361213684082,48.76545477186871,47.75638919638248,48.07745456148719,5200000
2022-12-30,49.04065704345703,49.12321721353761,48.068285595119384,48.17836465544341,4629800
2023-01-03,47.24267578125,49.15990295778345,46.19691613938623,48.49024991517507,8487800
2023-01-04,47.426151275634766,47.72886956603072,46.04097547906625,46.28865598903579,9069800
2023-01-05,48.31596374511719,48.811324777279374,47.38945825845857,47.38945825845857,6622100
2023-01-06,49.994686126708984,50.178153564658714,48.893884998360924,49.031486451660804,10171800
2023-01-09,51.040435791015625,51.62752867584621,50.54507485718372,50.71019516846102,12104300
2023-01-10,51.33399200439453,51.526631237768655,50.407486525297344,51.00375131898158,7080300
2023-01-11,51.66423034667969,52.05868409199435,51.12300335887702,51.324817879554324,8856900
2023-01-12,53.20534896850586,53.764923026174074,51.53580209116626,51.58166807144153,12857100
2023-01-13,53.46221160888672,53.682373255925704,52.59074731687368,53.19618747204255,7345000
2023-01-17,53.6273193359375,54.058467231005146,53.16865255372931,53.34294817055232,8467200
2023-01-18,52.40726852416992,54.53548215465246,52.31553306635176,54.06764006815463,11332700
2023-01-19,52.636600494384766,53.15030504685661,51.5633184127493,51.6367067770166,15283700
2023-01-20,52.60908126831055,54.113511332012216,51.57249680589143,52.737510913493026,19204800
2023-01-23,51.24225616455078,52.93015015186751,50.66433500874042,52.746682729460254,15090600
2023-01-24,50.884498596191406,51.7743098555752,49.60023008870014,49.60023008870014,8784400
2023-01-25,51.600013732910156,51.82934712727865,49.78369366943371,50.59094819742876,9053000
2023-01-26,52.71916580200195,52.79255067408473,50.728549968760696,51.939430102602785,8581500
2023-01-27,52.260498046875,53.297082529758306,51.921082084074186,52.58156341779459,7669500
2023-01-30,51.68257522583008,52.13207023008204,51.48076071379654,51.948602809992465,6181100
2023-01-31,52.26966857910156,52.691641199060136,51.35233497083509,51.62753435344503,5951900
2023-02-01,51.09547805786133,52.691636432209435,50.45334389029671,52.20545078360393,10454000
2023-02-02,47.96737289428711,50.691851199404994,47.67382643379865,50.691851199404994,17007600
2023-02-03,48.28843688964844,50.15062285235225,48.205876731238675,48.453557206467956,10737000
2023-02-06,48.70124435424805,48.96727195661121,47.87564265703486,48.43521675188489,6482100
2023-02-07,49.66899490356445,49.890198137552694,48.60907226294992,49.25424103727784,9109700
2023-02-08,50.42477035522461,50.8118751610795,49.539964393136806,49.770382832174654,7939900
2023-02-09,49.62290954589844,50.45241723875294,49.53074358709503,50.19434622547268,7116500
2023-02-10,51.945533752441406,52.00083192794255,50.2127860966426,50.480072331252714,9410700
2023-02-13,52.82112503051758,52.86720801584161,50.91326060767008,51.521565155303975,8964200
2023-02-14,52.369503021240234,53.27274288860395,51.7151154922175,51.99161691840535,7437300
2023-02-15,51.60451126098633,51.89022785365937,50.71048665987266,51.751978910209665,7077200
2023-02-16,51.41096496582031,52.15752203171947,51.079161825420684,51.613734332932665,5089700
2023-02-17,49.16208267211914,50.74736279897437,48.96853200990728,50.69206110295384,9162900
2023-02-21,49.21737289428711,50.31416324037057,49.097554338795454,49.12520342240666,7422100
2023-02-22,48.30492401123047,49.7150838087192,47.96390568760969,48.99617936543577,9181100
2023-02-23,49.143646240234375,49.78881859692383,48.72889233122641,49.38328339473075,6324500
2023-02-24,49.6966438293457,49.89019797692704,48.11136746850744,48.664370277838394,8458700
2023-02-27,50.13905715942383,50.25887222443979,49.20816463333614,49.79803531494474,6287000
2023-02-28,49.042259216308594,50.95934229701001,49.03304402584071,50.682840876191314,10634200
2023-03-01,50.59067916870117,50.83953154046309,48.959315964422046,49.07913455436079,7166500
2023-03-02,50.96855163574219,51.134453172367394,49.81645958468153,50.34181327869272,5668300
2023-03-03,51.60451126098633,51.74276020443603,49.94549581234115,50.222000731052745,6726500
2023-03-06,51.014644622802734,51.364881659489335,50.63675849655629,51.12524801285531,6116600
2023-03-07,49.807247161865234,50.75656993958041,49.770379370366015,50.71048695815944,6908500
2023-03-08,49.34641647338867,50.01001922364975,48.22197330369497,49.50309933295239,7555000
2023-03-09,48.10215377807617,50.175919803149085,48.019202996436995,49.67821862922052,8844300
2023-03-10,47.005367279052734,48.80263202525669,46.69199802322278,47.71505657948842,8608400
2023-03-13,45.01454544067383,46.53530851257815,44.53527467568523,45.50303139603058,10914700
2023-03-14,45.493812561035156,46.90397214011238,44.65508966847395,45.39242789557622,10345900
2023-03-15,41.7702522277832,43.28179654861975,41.217249408518285,43.10667980956397,18103300
2023-03-16,42.56289291381836,42.88547731129716,40.62737949713308,40.867013118702154,16769500
2023-03-17,41.18037796020508,42.396986867298565,40.89465786993848,42.35090388910224,20723800
2023-03-20,42.59975814819336,42.90390863099155,41.198813748025934,41.3739304795821,10496100
2023-03-21,44.4984130859375,44.848650139160874,43.797942495397514,44.23113033712362,10486500
2023-03-22,43.687339782714844,45.07906568188246,43.58595510157489,44.747262549390435,11557000
2023-03-23,41.917724609375,44.09287537143258,41.51218939722615,43.724204439728844,12213400
2023-03-24,41.07899475097656,41.475314706107405,40.38773950587478,40.74719167078275,19753600
2023-03-27,43.10668182373047,43.254149483485314,41.66886950419102,42.04675560205695,10579800
2023-03-28,43.908546447753906,44.120531034500985,42.8670538990338,43.106691095118045,6816200
2023-03-29,44.8855094909668,44.97767545377845,44.267986289229164,44.47075562650213,9569700
2023-03-30,44.92237854003906,45.65049810480922,44.69196011065334,45.52146434689821,7353600
2023-03-31,45.254180908203125,45.60441792686334,44.81177791848274,45.023762464646275,8154000
2023-04-03,48.23119354248047,49.59527039833148,47.89939039885869,48.175891846574615,20003400
2023-04-04,46.507652282714844,48.41551648760807,46.04681545030767,48.25883365222452,9378100
2023-04-05,46.72886276245117,47.152831870256165,46.00073961041223,46.61826288995999,9102100
2023-04-06,45.73345184326172,46.85789497661081,45.62285197444414,46.71042731288522,6734100
2023-04-10,46.12055206298828,46.96849016595362,45.834831954777215,45.908567537246945,5278400
2023-04-11,47.134403228759766,47.37404041444003,46.03761254079732,46.387849611303196,8081100
2023-04-12,47.908607482910156,48.129810759365796,46.784164233082016,47.300302867540644,8400500
2023-04-13,47.82564926147461,48.20353534993545,47.705830692185195,47.87173224476861,6544300
2023-04-14,48.36943817138672,48.986961414625775,47.82565051607736,48.295706099363365,8037000
2023-04-17,47.98234176635742,48.61829545540311,47.37403716764647,48.20354152084866,7374800
2023-04-18,48.083717346191406,48.58142200979551,47.47541281819961,47.66896697576096,5551200
2023-04-19,48.5076904296875,48.62750548569229,47.6136657674157,47.85329939533162,7791400
2023-04-20,47.89937973022461,48.129798137984544,47.383241231116244,47.88094583569511,8134100
2023-04-21,45.89935302734375,47.69661758141908,45.244965494681914,47.68740239072101,15776000
2023-04-24,46.28646469116211,46.986935312825246,45.49382456934138,45.63207354571739,10252300
2023-04-25,45.12514877319336,45.751887243591035,44.221908863715896,45.53068749868983,9312100
2023-04-26,44.037574768066406,45.31870083782539,43.724205523125555,45.02376549151714,9098500
2023-04-27,44.20347595214844,44.50763000305862,43.30023602251331,43.67812215140052,9231400
2023-04-28,45.484596252441406,45.7426672824565,43.67811662186668,44.17582126985345,8623000
2023-05-01,45.300270080566406,45.696590108123935,44.664312888673024,45.01454992798339,5053300
2023-05-02,42.56289291381836,44.747258658232816,42.323255776343046,44.5721419161595,11963800
2023-05-03,41.72417068481445,42.461508974571665,41.54905393971784,41.90850613623033,9217900
2023-05-04,41.53983688354492,42.387778587379444,41.106649082895416,41.880855196871956,10085400
2023-05-05,42.16657638549805,43.023733301492165,42.009893527001275,42.89469953192858,9900400
2023-05-08,42.9592170715332,43.161986435884785,42.433863278355545,43.01451525024249,8861800
2023-05-09,43.4753532409668,43.97305795719154,42.66428279516351,42.73801487391532,9834600
2023-05-10,42.26796340942383,43.58595729887423,41.945375451724374,43.43848962321088,10124100
2023-05-11,40.68267822265625,41.76103832411931,40.46147849449879,41.62278585709118,15134300
2023-05-12,40.6181640625,41.65965644038389,40.3508778168287,41.051351873353035,10202200
2023-05-15,41.10664749145508,41.36471853006035,40.47069387512991,40.90388165900858,6813200
2023-05-16,39.862388610839844,40.9315299913267,39.58588719648925,40.85779792158945,11890400
2023-05-17,41.01447677612305,41.02369196547864,39.66883411222946,40.406172317383074,12579400
2023-05-18,41.33707046508789,41.46610775650978,40.2679289475105,40.57208300343063,8372600
2023-05-19,41.72417068481445,42.17578884908174,41.49375224952118,41.8255553588885,8359100
2023-05-22,42.396995544433594,42.56289711261912,41.65043848759872,41.72417408052855,11126700
2023-05-23,42.45229721069336,42.857832423816,42.21266004973853,42.69193085574161,7538700
2023-05-24,42.60897445678711,42.94999273915402,41.9361530819957,42.36012213746873,6895600
2023-05-25,41.62278747558594,42.12049215715282,41.08821851516355,41.75182124134629,15889300
2023-05-26,40.99604797363281,42.30482652676177,40.58129408299665,42.120491073600554,12290400
2023-05-30,40.8393669128418,40.876231192363896,39.86239142942324,40.16654546784933,8381900
2023-05-31,39.47528839111328,40.09280811583711,39.383118906590546,39.41998670039964,15547400
2023-06-01,41.456886291503906,42.046756949425394,39.53980665325907,39.687274317739444,12222900
2023-06-02,43.10668182373047,43.72420155023313,42.05597430848894,42.461509493838165,11283200
2023-06-05,42.59975814819336,43.880883986819185,42.47993958665176,43.880883986819185,7202400
2023-06-06,43.50791931152344,43.52645346037189,42.006688605072995,42.13642411198474,12366300
2023-06-07,44.60141372680664,44.78675169845794,43.67472740357791,43.850796532381366,9213700
2023-06-08,43.97125244140625,44.91647260784525,43.52644357514554,44.71260055184077,8289600
2023-06-09,44.04539489746094,44.65700766114972,43.70252198593034,44.07319788787456,6946100
2023-06-12,43.57278060913086,44.045388962147626,43.044569817806924,43.07236926944705,5885600
2023-06-13,44.443870544433594,45.491026969477076,44.25853259225363,44.37900279142472,8821300
2023-06-14,43.80446243286133,45.27789381170196,43.39672172781509,44.97208563164648,7072100
2023-06-15,44.388267517089844,44.79600814605326,44.23072903508613,44.26779732909019,6370500
2023-06-16,44.27706527709961,44.8516132633647,44.23073167434334,44.58287341834012,14740700
2023-06-20,43.795188903808594,43.8878596461945,43.063109481610425,43.489384291503505,7806600
2023-06-21,44.25852966308594,44.86087708404873,43.3874459410268,43.69325407213851,6725600
2023-06-22,43.40597915649414,44.13806205916887,43.3689108623019,44.017591870557645,8533100
2023-06-23,43.1743049621582,43.192839108113205,42.395888507182626,42.757295515737916,9304600
2023-06-26,43.88786315917969,44.24000493837845,43.100177693472666,43.24844735813093,6202500
2023-06-27,44.61067581176758,44.92574928030425,43.79519091643251,44.38827308987553,13198000
2023-06-28,45.027679443359375,45.29641927092965,43.860056468611425,44.53653692299286,9204400
2023-06-29,44.916481018066406,45.32422167139463,44.16586392725244,45.28715337517553,10506200
2023-06-30,45.518821716308594,46.06556667441588,45.10181225079845,45.407620370514906,13420000
2023-07-03,45.84316635131836,46.24164169061229,45.3520202732193,45.68562786286327,3543100
2023-07-05,45.685630798339844,46.1304397681034,45.51882699280007,46.06557201428543,8724200
2023-07-06,45.518821716308594,45.917297035015274,44.76820821341739,45.32421847741288,9411600
2023-07-07,49.43870162963867,49.68890729886131,45.23154945556243,45.35201610238944,23181600
2023-07-10,49.68891143798828,49.79084748227703,48.790028257044334,48.9660973567076,14817100
2023-07-11,51.940757751464844,52.11683038153802,49.90204752423401,49.98544941873522,18093900
2023-07-12,52.52457046508789,52.904511639402,51.87588946295898,52.385566130693455,14304600
2023-07-13,53.21031951904297,53.395657464696484,52.22803441662575,52.82111301469516,15775100
2023-07-14,52.94158172607422,52.97864648614445,52.29290070197817,52.66357658289797,14423300
2023-07-17,52.36703872680664,52.83965069658188,51.940763897814186,52.46897478048473,13598700
2023-07-18,52.80257797241211,53.3493229585658,52.07049504374362,52.218764690750014,11387000
2023-07-19,53.15471649169922,53.22884954320079,52.0148929865249,52.18169677118719,13074900
2023-07-20,53.06204605102539,53.664393447295794,52.533835241692216,53.42345660980385,9963500
2023-07-21,51.90369415283203,52.45970801148366,50.6897374547461,51.72762504185743,16639900
2023-07-24,52.83964157104492,52.90450931490498,51.820284745336984,52.09829340191082,10596100
2023-07-25,53.636592864990234,53.85899555106353,52.607970720577136,52.895244686367676,10686100
2023-07-26,53.44198989868164,53.95167012183991,52.830377165918925,52.86744546124447,8113500
2023-07-27,52.83964157104492,53.87752900783266,52.654303645004674,53.719994068465944,7791900
2023-07-28,52.96011734008789,53.2288536494175,52.48750540207717,52.93231435048137,7019900
2023-07-31,54.06288146972656,54.39648911929052,53.17326342757459,53.34933256038762,8278400
2023-08-01,53.38638687133789,53.9516659588394,52.802573637603736,53.76632803153985,6930400
2023-08-02,53.25665283203125,53.44198722934745,52.3021637177231,53.02498130035898,6726900
2023-08-03,53.72926330566406,54.09993918486891,53.10838527327719,53.47905761745486,7387300
2023-08-04,53.44198989868164,54.30380832235099,53.349322695394974,53.97020426950268,7626900
2023-08-07,53.720001220703125,54.127741884256416,53.4512613689163,53.655133468206635,5956400
2023-08-08,54.22041320800781,54.3130839579142,51.96856877821119,52.63578050239892,7751000
2023-08-09,55.1470947265625,55.71237387949681,54.38721231819985,54.67448631551835,11975900
2023-08-10,54.600345611572266,55.55483473853455,54.06286948918106,55.03588922809901,8857100
2023-08-11,55.27683639526367,55.536307414847,54.424283204446645,54.526219257862245,7092000
2023-08-14,55.15636444091797,55.41583545226095,54.74862377523223,55.09149668808222,5736400
2023-08-15,54.05360794067383,54.54475049726289,53.6273296004927,54.526216348991774,6040000
2023-08-16,53.534664154052734,54.49841868566935,53.30299259558878,54.044340875667935,6234300
2023-08-17,53.6458625793457,54.71155310402671,53.50686177288335,54.452078568914594,5925600
2023-08-18,53.775596618652344,53.89606680900246,52.78404271237385,52.987914798346786,7095400
2023-08-21,53.228851318359375,54.51694803954831,52.85817897843576,54.20187460634831,6269300
2023-08-22,52.27436828613281,53.24738808699671,52.126098635858575,53.15472088121055,8607600
2023-08-23,53.6458625793457,53.88680296659073,51.44961731498972,51.59788696289925,10717600
2023-08-24,52.62650680541992,53.75706149382824,52.55237021731336,53.2010512231374,6685900
2023-08-25,52.320701599121094,53.04351923335182,52.03343114175936,52.99718209568819,8619100
2023-08-28,53.59025573730469,53.69218823294283,52.468962935017856,52.468962935017856,4813200
2023-08-29,53.951663970947266,54.14626719667936,52.98790961252145,53.70145830856594,4911000
2023-08-30,54.67448806762695,54.68375337459921,54.08140944063336,54.43355120104611,5843100
2023-08-31,54.63741683959961,55.02662687708385,53.97947049400201,54.785686488396635,10102500
2023-09-01,55.712371826171875,56.055248255987486,55.128562081403665,55.46216613483098,6921700
2023-09-05,56.02875518798828,56.903479776370546,55.79611627402076,56.01945119333635,8428600
2023-09-06,56.76390075683594,57.09890139484244,55.926399161819695,56.13112256277666,9299800
2023-09-07,56.605712890625,57.11751788759967,56.47543209249235,56.735990138968866,7867600
2023-09-08,55.991539001464844,56.91279077607431,55.66584590173797,56.41028980810551,8323600
2023-09-11,56.54987335205078,57.136124468476794,56.186957177526075,56.773204744163614,8392300
2023-09-12,57.78751754760742,57.8061290908019,56.62432272136903,57.043073568772634,11476400
2023-09-13,56.4102897644043,57.722373257669545,56.27070852882458,57.6293191006164,7914300
2023-09-14,57.322235107421875,57.378069732612666,56.61501427061497,57.108207702206776,6862500
2023-09-15,56.373069763183594,57.15473319542952,55.89848433670454,56.81973610294778,19793700
2023-09-18,56.95931625366211,57.489732743902174,56.59640008137033,56.7639003993186,6232100
2023-09-19,56.233482360839844,57.41528854947551,55.67515034957673,57.41528854947551,9067700
2023-09-20,55.637939453125,56.80113435614339,55.60071636427902,55.95432860873757,5351100
2023-09-21,54.73529052734375,55.926400786149564,54.558486207611196,55.926400786149564,6841600
2023-09-22,54.94001007080078,55.36806484623423,54.75389821850283,55.07028730247285,5979000
2023-09-25,55.68446350097656,55.721686587791545,54.66085346208727,54.837657799775,6279300
2023-09-26,55.023765563964844,55.62862470536706,54.87487677764244,55.04237710597872,5796100
2023-09-27,56.57778549194336,56.829035955327704,55.442509958984914,55.83334164661284,7663100
2023-09-28,56.708065032958984,57.145427362952894,56.12181747761766,56.34514886542719,7574000
2023-09-29,54.25139617919922,56.61500849081321,54.15834202983638,56.53125833647135,11279200
2023-10-02,53.916404724121094,54.4189057355648,52.91140625102254,54.27001694140987,7553600
2023-10-03,54.539878845214844,54.567794384735706,53.22779524090166,53.50696128547681,8407900
2023-10-04,51.95293426513672,53.85126548141016,51.47834879872675,53.73029577802542,10923300
2023-10-05,51.552791595458984,52.53917844969675,51.292233563387,51.673761290925654,7491800
2023-10-06,51.83195495605469,52.31584436242374,51.00376092296111,51.72028926221211,8642600
2023-10-09,54.19557189941406,54.45612639010431,53.013765595543916,53.29293162839614,6667700
2023-10-10,54.54917907714844,54.88417972743451,53.92570840561828,54.270013051839584,6608900
2023-10-11,54.67946243286133,54.800435692277404,53.74890654459093,53.990853063423074,5641100
2023-10-12,54.3165397644043,55.479734486829024,53.76751171342828,55.34945724588363,5023100
2023-10-13,54.865570068359375,55.6658486382161,54.76320836061649,55.27501689933094,6819500
2023-10-16,55.3215446472168,55.59140668910395,54.69807039698747,55.284321562172615,5949900
2023-10-17,56.05668640136719,56.19626765007817,55.03307282854223,55.15404608392286,6525000
2023-10-18,56.38237762451172,56.95001724618872,56.15904266442337,56.16835021056263,6964100
2023-10-19,55.8054313659668,56.62431789803681,55.28431885027703,55.86126244100558,7488400
2023-10-20,54.16764831542969,56.01945578427842,52.79973380305239,55.107511592764084,13102600
2023-10-23,54.75389862060547,54.930702929203356,52.939314259504066,54.335147837306934,9655500
2023-10-24,53.041683197021484,54.94932197046536,53.01376765758706,54.84696025948735,8407100
2023-10-25,52.68806838989258,53.29293107966837,51.850570299959166,52.93001488571836,8571800
2023-10-26,51.99015426635742,52.697378699161796,51.41321063417722,52.12043151719274,8157500
2023-10-27,51.95293426513672,52.2786273893092,51.199182756609076,52.11112705408083,6944500
2023-10-30,52.48335266113281,52.60432236878403,51.50626615457687,52.40890648738842,6698000
2023-10-31,51.79473876953125,52.576405830058185,51.590015345410976,52.21348961441869,8045900
2023-11-01,51.98085021972656,52.76251727377466,51.757515254374745,52.11112747043644,6197300
2023-11-02,53.376678466796875,53.441817085409994,51.84126005711386,51.999456380737506,5811800
2023-11-03,52.92070388793945,53.73959393227681,52.660149416927375,53.42320483899568,5896900
2023-11-06,52.55778884887695,53.47904061230839,52.297234372256895,53.42320598883758,5165500
2023-11-07,49.62654495239258,51.64584943355359,49.31945981942956,51.50626463679062,17838000
2023-11-08,49.25431442260742,49.91500813023546,48.79834055902048,49.21709134194964,13767100
2023-11-09,49.077518463134766,49.81265490734995,48.928629664963324,49.440434686815834,9278600
2023-11-10,49.5986213684082,49.77542923492369,49.0123702448357,49.57070583150092,9267900
2023-11-13,50.25001525878906,50.58501592848054,49.34737495987469,49.598625462143296,6853600
2023-11-14,50.57571029663086,50.91071097900292,50.119739906571404,50.417517502060136,6989700
2023-11-15,49.952239990234375,50.91071141200382,49.728905016823866,50.5477951862771,8328000
2023-11-16,48.49126434326172,49.87779052703979,47.756124393586774,49.49626278286993,11053300
2023-11-17,49.17986297607422,49.65444832898773,48.60291948703446,49.10542037254714,14077300
2023-11-20,49.077518463134766,49.728904736516704,48.947237658669415,49.728904736516704,8086900
2023-11-21,49.058902740478516,49.170568442147434,48.37959743482723,48.60292883816506,6888800
2023-11-22,48.8727912902832,49.068207157326775,47.253622628149664,47.98876256583397,7941900
2023-11-24,48.94723129272461,49.40320517457819,48.83556559606621,49.07751208024599,3077600
2023-11-27,48.90070724487305,48.98445741000322,48.156263304709675,48.835568621970545,6371200
2023-11-28,48.67737579345703,49.1984847762032,48.537791001770756,49.040291992094886,5620900
2023-11-29,48.26792907714844,49.096123183623526,47.905012877662834,49.04029210664957,8002000
2023-11-30,48.426124572753906,49.69168102581414,47.9701506698939,48.92862555554935,11520300
2023-12-01,48.75181198120117,49.40320167349165,48.137645368421744,48.37028429068347,6377200
2023-12-04,48.41681671142578,48.84487507349318,47.83987311445055,48.370289631793504,7772600
2023-12-05,47.322811126708984,48.37941706376679,47.219955208022725,48.304611462203184,6902700
2023-12-06,45.93893814086914,47.47241725493774,45.789330509421646,47.00489296079842,13575300
2023-12-07,45.31245422363281,46.20075110552242,44.96648724095507,46.18204970552263,12955100
2023-12-08,45.63037109375,45.92023744465147,44.994537758624254,45.284404109525724,13211000
2023-12-11,45.957645416259766,46.406468367983365,45.658430115110704,45.817386683315256,8820900
2023-12-12,45.85478210449219,46.0604903615807,45.06934117370986,45.340506111380144,8871400
2023-12-13,45.995033264160156,46.38775547900008,45.293746906949536,46.116590564816185,10502400
2023-12-14,49.0152473449707,49.3238151041932,46.64957545864135,46.74308246155458,19567600
2023-12-15,48.80018997192383,49.090056350659786,48.25786358513798,48.6973376119798,21720600
2023-12-18,48.884342193603516,50.34301936910201,48.84694295853498,49.623031481851775,9356700
2023-12-19,49.53887939453125,49.623033919692894,48.87499567766035,49.02460332606686,7351000
2023-12-20,49.13680648803711,50.47392636041385,49.09940368548435,49.323816933873324,6480200
2023-12-21,49.16485595703125,49.58562496370641,48.81888541488746,49.09005035864538,7470900
2023-12-22,49.632381439208984,49.95964702269576,49.30511228879487,49.54822692246562,5115600
2023-12-26,50.193416595458984,50.83859894128247,50.09056066345933,50.36172565383517,5632300
2023-12-27,49.58562088012695,50.473917669704434,49.445365745094904,50.00639341907702,7132900
2023-12-28,48.84693908691406,49.66977926404364,48.78148240514531,49.33316120661461,6995300
2023-12-29,48.65992736816406,48.996545416665576,48.40746383178792,48.8562867074809,8641800
2024-01-02,48.60382843017578,49.417319757458394,48.463573272742245,49.03394995338934,12105200
2024-01-03,49.23031234741211,49.55757794480492,48.304612623900674,48.50097198233636,6572400
2024-01-04,48.33266067504883,49.88484120275627,48.285908958603436,49.56692453722933,8268800
2024-01-05,48.49161911010742,49.211606932572494,48.342011482512554,48.55707222424723,9827700
2024-01-08,47.05164337158203,47.48176485419579,46.19140040635452,47.304106911445025,16693600
2024-01-09,45.40596008300781,46.86463357707524,45.34985588441782,46.86463357707524,18420800
2024-01-10,45.30310821533203,45.742578659293216,44.77013076536922,45.359208852005445,17704900
2024-01-11,45.63037109375,45.677122810494794,45.19090067603614,45.60232077708859,8783200
2024-01-12,46.7056770324707,46.71502594877228,46.09789403197797,46.481263805033116,12732800
2024-01-16,45.162841796875,46.88333117803819,45.09738868728675,46.621518739685186,14966000
2024-01-17,44.779476165771484,45.44335980507124,44.10624004314228,44.34000218939661,12992700
2024-01-18,45.40596008300781,45.639722226741924,44.61116665415548,44.78882816622685,13695800
2024-01-19,46.41581344604492,47.07969711761922,45.81738289324965,46.32231000976846,20328400
2024-01-22,47.38825607299805,48.024089308936205,46.16334131057343,46.341002800187404,18491300
2024-01-23,47.14514923095703,48.17370484269994,47.004894079533486,47.18255203144093,11432900
2024-01-24,48.31395721435547,48.39811172713868,47.2854052287182,47.50046596873591,10498000
2024-01-25,49.0620002746582,49.08070167434308,47.99604546111089,48.70668081450001,11845300
2024-01-26,49.4827766418457,49.781995514372994,48.91239991780953,49.005903363211445,9172000
2024-01-29,49.74458694458008,49.77263726156436,48.9965487672709,49.351864672163146,10072600
2024-01-30,46.144649505615234,46.35036135027673,44.64857309060675,45.70517906510323,47358300
2024-01-31,45.536865234375,46.46256130416026,45.116092672232995,46.2381516489693,26286300
2024-02-01,45.8173828125,46.35036024557693,45.218952260759416,45.86413453055584,18539700
2024-02-02,45.8173828125,45.98569185104297,45.34050958124654,45.723879376388325,19020900
2024-02-05,45.396602630615234,45.89218074659553,45.106739886947075,45.527508846068834,18305800
2024-02-06,45.14741134643555,45.71163861344496,44.9687413515349,45.5799866606501,12807900
2024-02-07,44.62080001831055,45.47654123127556,44.29166657501853,45.34488928885731,11848000
2024-02-08,44.940528869628906,45.07218081546894,44.30107348648035,44.47974347194232,12157800
2024-02-09,44.272857666015625,44.99694327468063,44.112992047238535,44.73363941698427,8258300
2024-02-12,45.26966094970703,45.72104060921167,44.63961129599638,44.71483944562383,13460800
2024-02-13,44.74304962158203,45.420117263965025,44.197630333881406,45.19442924558615,11578800
2024-02-14,44.90291213989258,45.15681385366625,44.42332240537325,45.15681385366625,9389200
2024-02-15,45.68342971801758,45.95613580436711,44.893514393038274,44.99695265351746,9901900
2024-02-16,45.67402267456055,45.9749424482704,45.38250507435872,45.796272453644754,6365400
2024-02-20,45.62700271606445,45.974940517193346,45.382503168165705,45.61759695570484,10236400
2024-02-21,46.27585983276367,46.3416858056612,45.692828249708526,45.871498235109456,9693000
2024-02-22,46.322879791259766,46.64260749596929,45.9185217641018,46.238245881564694,8047900
2024-02-23,45.909114837646484,46.14420862669107,45.53296334027654,45.96553863842594,7420700
2024-02-26,45.66461944580078,46.09719116210667,45.52356173571354,45.79627139535069,5793800
2024-02-27,45.570579528808594,46.0877851509045,45.288467697415065,46.012557003247956,8009200
2024-02-28,45.2884635925293,45.83388285940108,45.090985687177614,45.3636953206135,6991600
2024-02-29,45.448333740234375,45.96553936687973,45.26025798856881,45.67402177243578,12542800
2024-03-01,46.40751266479492,46.755454056465254,45.89971280520899,46.078382794021955,8507700
2024-03-04,46.47333908081055,46.98114253247113,46.08778540541934,46.595588857079925,7684100
2024-03-05,46.699031829833984,47.05637540675325,46.275862276541,46.275862276541,6684300
2024-03-06,47.046974182128906,47.507759648419324,46.64261252413335,47.48895171232104,7861000
2024-03-07,47.75224685668945,47.91211249048575,46.943523689505085,47.00935324735981,8501400
2024-03-08,47.3949089050293,47.78986474540206,47.1880252245027,47.66761497170484,7026500
2024-03-11,48.4575309753418,48.5045526032637,47.13160213971663,47.13160213971663,10392700
2024-03-12,48.495147705078125,48.749049433935454,48.0249601154712,48.749049433935454,6986100
2024-03-13,49.43552017211914,49.585980049048835,48.880698703332186,49.14400259114755,8861000
2024-03-14,50.05617141723633,50.51695684318031,49.65180979464672,49.65180979464672,9387200
2024-03-15,49.71763229370117,50.70502546622799,49.65180632134915,49.65180632134915,16719700
2024-03-18,50.244239807128906,50.47933357243,49.55776644291927,50.02795397352145,5667300
2024-03-19,51.231632232666016,51.29745819910812,50.27244925233601,50.338275218778115,7467600
2024-03-20,51.156410217285156,51.31627227285177,50.70502698301654,50.89310273275404,6819300
2024-03-21,51.194026947021484,51.532562608523875,51.09058868355964,51.23164281768772,6457200
2024-03-22,50.77085494995117,51.795863987217714,50.38530128935989,51.429114672487664,9009500
2024-03-25,51.071773529052734,51.47613511343968,50.96833169296589,51.052965596378186,7975300
2024-03-26,50.84608840942383,51.344486133505846,50.7520523213035,51.137606022191754,5912600
2024-03-27,51.62660217285156,51.64540652089689,50.68622693172309,50.82728106554425,6995700
2024-03-28,51.54196548461914,52.36949306947213,51.41971570542055,52.11559133755814,8032400
2024-04-01,51.92751693725586,52.181418658256426,51.184619707726036,51.86169096372755,4871500
2024-04-02,51.41971206665039,51.95572560034391,50.009149380668205,51.67361378059675,18540100
2024-04-03,51.588985443115234,52.04976729473618,51.05297185157841,51.94632903322205,13255900
2024-04-04,51.03416061401367,51.72063405371153,50.75204878207911,51.58898210462517,12040800
2024-04-05,51.74884796142578,51.9933475310405,50.761454683512405,51.250450235495,10016100
2024-04-08,50.817867279052734,52.3318716452616,50.74263555507528,52.134390163443804,8975900
2024-04-09,50.940120697021484,51.35388806327308,50.65800886646138,51.250446221710185,6685700
2024-04-10,50.96833419799805,51.26925396108798,50.12199512227851,50.66741443490811,8179200
2024-04-11,50.78025817871094,51.12819598032123,49.98094073487058,51.06237000669892,7522300
2024-04-12,48.89950942993164,51.37269716129762,48.77725965192775,50.87429587585715,13006300
2024-04-15,48.58917999267578,49.75524670220501,48.38229990873637,49.557768790934794,9480000
2024-04-16,48.344688415527344,48.617398081798484,47.667617130232564,48.429322326189194,10349000
2024-04-17,47.780460357666016,48.86188957564287,47.724036559979524,48.466933753576456,7821600
2024-04-18,47.9027099609375,48.68322307542378,47.77105801084261,48.137803753891696,8422100
2024-04-19,46.87770462036133,47.742851712827786,46.09719503084774,46.69903461486951,16841600
2024-04-22,46.5579719543457,47.06577539471682,45.79627038103552,46.426320007711674,10880000
2024-04-23,46.59558868408203,46.86829834272946,46.01255708651411,46.31347685217798,11136300
2024-04-24,46.181827545166016,46.74605124125334,45.72104210980551,46.30407732797542,10180400
2024-04-25,46.492149353027344,46.670822939772286,45.75865783301224,46.3416894620692,7966900
2024-04-26,46.26646041870117,46.68962997488148,46.0689824882326,46.38871019876364,8250900
2024-04-29,46.27585983276367,46.454533405411084,45.711636183000174,46.125399953676975,8941700
2024-04-30,44.64901351928711,46.40751411734425,44.601995477311675,46.01255826005462,14143700
2024-05-01,44.34809112548828,44.931122703475864,44.12239951519665,44.573782735779915,11217900
2024-05-02,44.74304962158203,45.13800544736824,44.44212628499958,44.72424168884273,8933600
2024-05-03,44.81827926635742,45.10979685271061,44.31988158743578,45.10979685271061,11007400
2024-05-06,45.10038757324219,45.65520900897906,44.95933346484915,45.213235164652076,9857700
2024-05-07,45.29787063598633,45.551772364704284,44.9405306508988,45.081584775355466,8587000
2024-05-08,45.0063591003418,45.30727888708629,44.74305518375206,44.808881162899496,6453400
2024-05-09,45.58938980102539,45.73044751758094,45.090992087090136,45.175625999574116,6367600
2024-05-10,45.60819625854492,45.91852179001753,45.260258446156215,45.862097987773424,9206600
2024-05-13,45.84328842163086,46.031364168502236,45.65521267475948,45.83388624854822,6555800
2024-05-14,45.721038818359375,46.07838238002122,45.14740940252619,45.98434629985855,8404900
2024-05-15,45.42952346801758,45.76805549889493,44.5737822498698,45.76805549889493,6939700
2024-05-16,45.532962799072266,45.758654412260974,45.109796853618995,45.11919902668055,7625100
2024-05-17,45.692832946777344,45.862100776555856,45.41072109289545,45.79627479689164,5534400
2024-05-20,45.35429763793945,45.768061454349365,45.02516773707326,45.70223547417612,6877400
2024-05-21,45.41071319580078,46.191222642048714,45.32607929562968,45.363695159538224,6926500
2024-05-22,43.70863723754883,45.41071757756158,43.49235138007426,45.34489160299309,11801400
2024-05-23,43.55817794799805,44.33869106743755,43.29487404613731,43.840289783884074,8766100
2024-05-24,43.482948303222656,44.07538206202813,43.37010070295319,43.8120781692257,6801000
2024-05-28,43.755653381347656,44.41391668574056,43.55817546620371,43.7650591414477,10387400
2024-05-29,42.918724060058594,43.652215576787626,42.70243819197816,43.25725971000946,13138900
2024-05-30,42.8717041015625,43.42652559480588,42.74005215185163,42.88110627486474,14337100
2024-05-31,43.153812408447266,43.28546434739997,42.74945083180892,42.93752656770406,41723600
2024-06-03,41.44233322143555,43.39831528589397,41.197837257001524,43.39831528589397,15482100
2024-06-04,40.821685791015625,41.2448553329415,40.39851624908975,41.141413490776664,15700900
2024-06-05,40.883201599121094,41.37531463548533,40.4857241577776,41.28067543034805,10660500
2024-06-06,41.31853485107422,41.40370833834635,40.47626570478142,40.76017612564956,10522200
2024-06-07,42.160797119140625,42.321681951126074,41.03461773570763,41.10086336943214,15023100
2024-06-10,42.5677375793457,42.87057580018555,41.583511556558015,42.16079804319534,12966600
2024-06-11,42.54880905151367,42.66237609008017,41.89581482527966,42.18919092640199,8300300
2024-06-12,42.312217712402344,43.05985115940008,42.27436203176834,42.98413979813208,8142100
2024-06-13,41.460487365722656,42.28382857989553,41.100865612933625,42.056698101787596,12180200
2024-06-14,40.69392395019531,41.12925343300205,40.32484010128889,41.12925343300205,12740300
2024-06-17,41.290138244628906,41.498337261018115,40.703386044498195,40.78855951805806,11065500
2024-06-18,42.05670166015625,42.766479500386865,41.46049087364661,41.905282531978386,13068900
2024-06-20,43.021995544433594,43.36268945042684,41.96206175587849,42.05669734749154,14612900
2024-06-21,43.21126937866211,43.53303543716756,43.02199458952072,43.22073149356683,26455400
2024-06-24,44.93367004394531,45.11347913585042,43.41001299058469,43.47625863550324,19090400
2024-06-25,44.971519470214844,45.085082901394884,44.394232979032026,44.46047861473008,14237000
2024-06-26,43.75070571899414,44.91474094589728,43.73177787667253,44.81063961818682,13501700
2024-06-27,44.48886489868164,44.51725846172084,43.9021163408687,43.98728980975414,9948000
2024-06-28,44.649749755859375,45.06615137621551,44.327983718729065,44.71599538614067,14139900
2024-07-01,44.081932067871094,44.93366320582692,43.98729286802067,44.93366320582692,8464000
2024-07-02,44.18602752685547,44.734924027742245,43.67499031410107,44.49833145531508,7927800
2024-07-03,44.77278518676758,44.99044994683279,44.39423558049625,44.49833690272669,6655500
2024-07-05,43.66552734375,44.80117248505465,43.49518039204848,44.64975337355512,7917100
2024-07-08,43.76017379760742,43.864271520797026,43.324840621041965,43.5425054042662,5470400
2024-07-09,42.775943756103516,43.466793730298335,42.7380880728312,43.428938047026016,6740300
2024-07-10,42.85165023803711,42.87057807911032,42.37846504155661,42.6813032784948,8538300
2024-07-11,43.71284866333008,43.8264157136978,42.72862616429325,42.9462909289897,6239400
2024-07-12,43.93050765991211,44.252273706805795,43.68445296998927,44.252273706805795,6584000
2024-07-15,45.38792419433594,46.069312047733185,44.072469896340294,44.28067254268204,11441800
2024-07-16,46.1071662902832,46.324831045514635,44.895809743186014,44.96205538129486,8220200
2024-07-17,46.27751541137695,46.61820573323965,45.95574932118717,46.13555840301331,8453300
2024-07-18,46.1071662902832,46.693914917868646,45.974675014065504,46.15448408748716,10758700
2024-07-19,47.0062141418457,48.20810493465039,45.75700555297018,46.826405072729955,17681000
2024-07-22,46.78855514526367,47.810636994634706,46.58981821125826,46.693919541484966,11212800
2024-07-23,46.419471740722656,47.252278781468064,46.05038782781188,46.64660224642301,10099000
2024-07-24,45.45417404174805,46.54250156275784,45.29329278931401,46.46679018976514,8552900
2024-07-25,45.6434440612793,46.27751410796373,45.132403177703765,45.17025886021675,9608000
2024-07-26,46.211273193359375,46.66553059960964,45.577203081846314,46.17341750697595,8231500
2024-07-29,45.29328155517578,46.1923340308279,45.10400677975701,45.59611975179939,9104400
2024-07-30,45.056697845458984,45.3784639438873,44.62136830350208,44.99045220255758,9880400
2024-07-31,45.700225830078125,45.96520837726004,45.36899403598429,45.54880671595754,6599800
2024-08-01,44.157649993896484,45.73809069951067,43.76963821038211,45.690769283621925,8952100
2024-08-02,42.520423889160156,43.542502080637036,42.17026783940682,43.514112122853895,11848400
2024-08-05,41.422630310058594,41.92420543617223,40.99676293405817,41.14818204440095,13010800
2024-08-06,41.07247543334961,41.801177440128306,41.00622979636972,41.45102141464658,8364000
2024-08-07,40.561431884765625,42.03776725135959,40.514114091498215,41.6308313411669,9259000
2024-08-08,41.346920013427734,41.40370353506059,40.608752282782774,40.674997919629554,6697400
2024-08-09,41.21442794799805,41.46048626023051,40.996763201094794,41.148182312423856,5418000
2024-08-12,41.545658111572266,41.76332284996494,41.16710854299251,41.48887459325043,6599200
2024-08-13,41.422630310058594,41.611905100516154,41.06300856920086,41.26174547462894,5253400
2024-08-14,41.43209457397461,41.70654285386698,41.16711201966007,41.64029721528834,6305300
2024-08-15,42.62451934814453,42.700227095185554,41.9620594134836,42.085088563805996,7940000
2024-08-16,42.37845993041992,42.624518224578715,42.160795199504754,42.17972303829513,6013000
2024-08-19,42.92736053466797,43.32483435696993,42.59612873929987,42.71915789815753,8046500
2024-08-20,41.66868209838867,42.908428459630514,41.64975425965413,42.794865037339356,7409000
2024-08-21,41.82957077026367,42.283828111329235,41.744397293181606,42.151336838116336,5529900
2024-08-22,41.75386428833008,42.05670255110124,41.6213729996323,41.87689346074238,7164300
2024-08-23,42.700225830078125,42.870572768518706,42.00937596200959,42.1134772699584,6244500
2024-08-26,43.154483795166016,43.68445245739465,42.81379352314349,43.53303335534592,6222100
2024-08-27,42.62451934814453,43.0977045000286,42.37846104749974,43.01253102828482,5199400
2024-08-28,41.39424133300781,41.79171515325466,41.17657297226337,41.6024403583253,9866400
2024-08-29,41.810646057128906,42.03777293959204,41.08194038983599,41.86742958280304,8000800
2024-08-30,41.63083267211914,41.67815046689932,41.063008304408044,41.46994783772695,10174700
2024-09-03,40.02200698852539,40.8737382230202,39.74755869302648,40.84534826490539,12685000
2024-09-04,39.35997009277344,40.379213952855885,39.312342588177614,40.045817786939445,10048600
2024-09-05,39.26471710205078,39.817202724506,39.01704825142759,39.71242002876125,10621900
2024-09-06,38.69317626953125,39.65526863086543,38.455035099621234,39.24566552792052,9864100
2024-09-09,38.493133544921875,39.21708100830123,38.435978363439794,38.8646331401919,11082500
2024-09-10,37.71202850341797,38.55981032259163,37.26432202795743,38.55981032259163,10782700
2024-09-11,37.6929817199707,37.88349537070604,36.826148061183304,37.683457672619475,15568300
2024-09-12,37.91207504272461,38.31215411375945,37.50247192335976,37.86444753358251,15404400
2024-09-13,38.06448745727539,38.578873306798464,37.635832582672826,38.20737362672499,17481700
2024-09-16,38.48360824584961,39.20755568566968,38.13115675546463,38.8646318754277,24556100
2024-09-17,39.53143310546875,39.7028950337343,38.52171326498782,38.60744422912059,18400300
2024-09-18,39.455223083496094,40.09344324041591,39.22660961963339,39.55048172156013,12663600
2024-09-19,40.722137451171875,41.2174714889666,40.036289762879846,40.67450994698396,17113300
2024-09-20,40.39826583862305,40.855496425264135,40.007714485424685,40.855496425264135,22881600
2024-09-23,40.86502456665039,41.160317279866106,40.369690517108154,40.531624761936676,12921100
2024-09-24,40.94123077392578,41.950950674037436,40.91265499544252,41.760437005408406,12006200
2024-09-25,39.82672882080078,40.96980347934314,39.68384267161013,40.7697657774728,12552400
2024-09-26,39.217079162597656,39.540951241596005,38.60743845712905,39.13135184502729,20933300
2024-09-27,40.283958435058594,40.31253421070617,39.62668652519933,39.72194516693397,14875800
2024-09-30,39.9600944519043,40.45542858848022,39.58859475790895,39.979146184127956,12219600
2024-10-01,41.09363555908203,41.52229034849262,39.76004732216026,39.76957136914916,14716500
2024-10-02,41.855690002441406,42.0843071205099,41.23652515146715,41.39845940005023,14614600
2024-10-03,42.760623931884766,42.8082514347116,41.474663186832444,41.855686843192686,13775400
2024-10-04,43.3035888671875,43.54173003381358,42.77015497954241,43.37026810314314,11294700
2024-10-07,43.427425384521484,43.9703869799005,43.227387667012586,43.436949432797434,8963600
2024-10-08,42.04620361328125,43.02734405266929,41.88426936488532,42.81778229790666,13404700
2024-10-09,42.112884521484375,42.32244991831584,41.560398884945904,41.70328140972067,9980700
2024-10-10,42.4843864440918,42.9797205506962,42.15099023471679,42.46533834676707,9707400
2024-10-11,42.655845642089844,42.82730757693601,42.179563297238474,42.2176667569256,8892300
2024-10-14,42.57963943481445,42.598691163350765,42.12240885118001,42.28434309312014,7048100
2024-10-15,40.91265106201172,41.827112223017586,40.85549587679424,41.5032401076098,10230900
2024-10-16,41.60802459716797,41.61754864491012,41.06506303222004,41.33177997395002,8692900
2024-10-17,41.9033203125,41.960471865575585,41.236524334567484,41.43656203782351,14481300
2024-10-18,39.93151092529297,41.99857823690185,39.902935146772876,41.90332321933753,21355900
2024-10-21,40.41731643676758,40.903122785939665,40.08392027887944,40.08392027887944,13839400
2024-10-22,39.941036224365234,40.71261490208846,39.80767775423312,40.70308722065286,11377900
2024-10-23,40.13154602050781,40.32205965968538,39.66478778621005,39.893404879972216,11117900
2024-10-24,39.29328918457031,40.13154703795656,39.24566168200479,39.91245761915872,13897100
2024-10-25,39.760047912597656,40.16012329949166,39.39807234797053,39.57905831341131,15345700
2024-10-28,39.42665100097656,39.64574043842178,38.48361401517956,38.69317577105343,10589900
2024-10-29,38.51218795776367,39.350445842563836,38.31215025924469,39.350445842563836,15895600
2024-10-30,38.2454719543457,38.91226429892054,38.216892544045535,38.626495632139076,12252100
2024-10-31,38.16926574707031,38.66459980776769,38.11211055915476,38.48361382998715,14264900
2024-11-01,37.87397003173828,38.47408679685487,37.80729079491931,38.25499735677171,12605900
2024-11-04,38.40740966796875,38.674126629882984,37.969230763753636,38.01685827356031,11103000
2024-11-05,38.62649917602539,38.81701284927411,38.254999511750725,38.48361664639841,10810900
2024-11-06,41.693756103515625,42.227193627651815,39.769575031224825,40.503050264257396,25379300
2024-11-07,41.18889617919922,41.82711273677824,40.7126138644403,41.67470254140521,15426700
2024-11-08,41.13174057006836,41.44608500502714,40.512572113754224,40.95075460047062,13598100
2024-11-11,42.189090728759766,42.33197325112002,41.150795077793305,41.236526044707816,12193700
2024-11-12,42.22719192504883,42.83683270876895,42.10335750531014,42.29387115865911,13725800
2024-11-13,41.52229309082031,42.389126773880164,41.16984518902563,42.36055099728069,9900400
2024-11-14,41.388938903808594,41.91284878689556,40.97933577269151,41.74138684206766,10061400
2024-11-15,41.13174057006836,41.884267491743536,40.82692018245866,41.30320249231703,9632100
2024-11-18,41.42703628540039,41.85568745081018,41.131739949594326,41.760432443773695,6955500
2024-11-19,41.055538177490234,41.42704147243751,40.63641100680737,40.69356619843297,8178400
2024-11-20,41.46514129638672,41.57945167962856,40.88407623301852,41.19842433631452,8329600
2024-11-21,41.970001220703125,42.43675588024827,41.56992216448997,41.7699598757236,11529000
2024-11-22,42.131935119628906,42.57964167946961,41.95094913961149,42.06525588310955,9015500
2024-11-25,41.674705505371094,42.83683559883386,41.5508710772777,42.51296345641371,14173200
2024-11-26,41.41751480102539,41.8080662022993,41.13174610341578,41.789014471292504,11192300
2024-11-27,41.58897018432617,42.19861094536831,41.42703594693804,41.53181500032389,8297200
2024-11-29,41.855690002441406,41.98905210766642,41.57944901169699,41.72233153096221,4143300
2024-12-02,41.56039810180664,41.846166779717265,40.99838479395918,41.750911764995685,8511400
2024-12-03,41.57944869995117,42.131934311043516,41.05553523200267,42.103358534153884,7429600
2024-12-04,40.970741271972656,41.65134931247075,40.56812564422913,41.555486707396355,10231100
2024-12-05,40.280540466308594,41.36376400879615,40.22302290994131,41.18162690869177,8466500
2024-12-06,39.2644157409668,40.16550576737967,39.149384294303964,40.02171371646331,15727500
2024-12-09,39.46571731567383,40.012124854566686,39.41778785627154,39.78205832993899,10656900
2024-12-10,39.17814254760742,39.87792299470478,38.79470316035642,39.408209105385126,10075800
2024-12-11,39.839576721191406,40.06005516454997,39.27400031195563,39.39861617769084,9958300
2024-12-12,39.398616790771484,39.88750680229961,39.31234229795967,39.81081673900756,7309700
2024-12-13,38.555049896240234,39.456136242714706,38.4112578490188,39.43696372596627,10763100
2024-12-16,38.2291259765625,39.32193387808782,38.12367895855851,38.44001635578667,14900700
2024-12-17,37.318450927734375,37.960713799387456,37.0979724647736,37.749823423433185,18705300
2024-12-18,35.78468704223633,37.58685982696574,35.73675391953229,37.356796927835276,15657400
2024-12-19,35.38207244873047,36.2927469531908,35.0082174848576,36.17771550048776,16159200
2024-12-20,35.30538558959961,35.8326170360568,35.104075978914864,35.30538558959961,36468300
2024-12-23,35.71758270263672,35.83261781317536,35.13283734625987,35.24786880001453,10833900
2024-12-24,36.16812515258789,36.20647018668713,35.36289772042262,35.73675266093083,4555400
2024-12-26,36.16812515258789,36.30232911515149,35.70799571374827,36.17771323950456,8145400
2024-12-27,36.2352294921875,36.724119566812114,35.94764903129394,36.081853002592005,9493700
2024-12-30,36.24481201171875,36.35984344704799,35.69840812292559,36.08184745961754,10995000
2024-12-31,36.75287628173828,36.982942843057906,36.28315872840336,36.30233124657865,7817100
2025-01-02,36.810394287109375,37.79775521613453,36.666602227425486,37.251351240190125,11557000
2025-01-03,36.992530822753906,37.13632289447183,36.455711232695855,37.078805334427805,10312700
2025-01-06,37.15549087524414,37.893616422749076,37.0212868951131,37.28969851215938,8366600
2025-01-07,37.740234375,38.046987329286054,37.15548541314731,37.567685381116135,9350100
2025-01-08,37.20342254638672,37.510175533761085,36.819979483776734,37.11714804013868,11319700
2025-01-10,37.02128219604492,38.04698809317961,36.915835180245026,37.931956647208686,15273600
2025-01-13,38.20036697387695,38.37291598206801,37.17466101228788,37.203421618175696,15964000
2025-01-14,38.21954345703125,38.4783669961677,37.596453002177725,37.941551054359664,12119700
2025-01-15,38.957664489746094,39.21648799869315,38.34415853822,38.34415853822,11877400
2025-01-16,39.389034271240234,39.51365380174093,38.66049691855612,38.775528362288625,16148800
2025-01-17,41.77595901489258,42.657872832809126,39.88750819347162,40.405155168396696,30731300
2025-01-21,41.92934036254883,42.811254282950436,41.555481732690886,42.13064632392954,22986900
2025-01-22,39.90668869018555,41.65134781519361,39.74372409580953,41.58424582244594,23719200
2025-01-23,40.29011917114258,40.42432312680867,39.86833478808006,40.385981751463746,19071500
2025-01-24,40.501014709472656,40.85569712799938,39.99295581346543,40.453085245906934,19431100
2025-01-27,40.77901077270508,41.00907366084459,40.26136378921565,40.44349721372474,15306200
2025-01-28,39.60951232910156,41.00907312687525,39.245241828042786,40.788594671619144,16077500
2025-01-29,39.24524688720703,40.06964692161194,38.98642336546706,39.609517435224475,12734700
2025-01-30,39.321937561035156,39.667035595267365,39.00559647739424,39.321937561035156,10171100
2025-01-31,38.61256408691406,39.58075607785235,38.20036411560904,39.47530906331613,13105300
2025-02-03,38.497535705566406,39.22607312166603,37.922374780055335,38.468778756326046,12507600
2025-02-04,39.51365661621094,39.78206455629945,37.98947616525244,38.094923186511195,12752000
2025-02-05,39.39299774169922,39.7018864168122,38.80417755406401,39.441260906764974,15186000
2025-02-06,38.659385681152344,39.83702609616126,38.340845835174726,39.66327575026671,13112700
2025-02-07,38.765560150146484,39.257850256844364,38.60146467532818,38.794517308704314,11776400
2025-02-10,39.77910232543945,39.933546645838845,39.19028220321581,39.19028220321581,9388100
2025-02-11,40.329315185546875,40.72507903321129,39.624662660790406,39.8466761673101,11266700
2025-02-12,40.010772705078125,40.27139819957771,39.730841209255246,40.087993028128054,14649100
2025-02-13,40.618900299072266,40.79264695265568,40.00111928155292,40.05903728757631,12099000
2025-02-14,40.30036163330078,41.13050140819964,40.25209846360188,40.79265185581969,12225100
2025-02-18,41.16910934448242,41.56487318845528,40.10730130491962,40.57063431623589,14315700
2025-02-19,40.71542739868164,41.33320474566838,40.58994022437388,40.97605290736232,12752500
2025-02-20,41.12084197998047,41.429730650305245,40.52237064150665,40.64785781452715,9999100
2025-02-21,40.290706634521484,40.995359155289165,40.15556461709565,40.83125997525096,13671600
2025-02-24,40.08799743652344,40.54167931190318,40.039734269029424,40.48376130156418,12990200
2025-02-25,39.5860481262207,40.49341177916517,39.21924514701315,40.00111794996269,14474100
2025-02-26,39.190284729003906,39.80806573266011,38.84278774739161,39.74049288602749,11607300
2025-02-27,39.489524841308594,40.194177375280894,39.08410982816434,39.4412616753024,15135900
2025-02-28,40.21348190307617,40.26174506731204,38.900703215297504,39.40264822428602,17747800
2025-03-03,38.43737030029297,40.69612100489063,38.109175627582424,40.522370667441315,18379000
2025-03-04,37.72306823730469,38.350496765046266,36.84466167042806,37.83890057312345,18236200
2025-03-05,38.0609130859375,38.22500858385579,36.95084187654349,37.3562605646393,13651100
2025-03-06,38.379451751708984,38.582162930699305,37.655493249975535,37.66514809205493,12348300
2025-03-07,39.93355178833008,40.41619081201099,38.475983557000895,38.553203886023205,19615800
2025-03-10,39.7115364074707,40.70577157107137,39.46056574717349,39.788760415096526,18761500
2025-03-11,38.6883430480957,40.02042400384798,38.63042504392433,39.95285484010301,16397400
2025-03-12,38.659385681152344,39.2192487250889,38.35049699561617,38.81383002392043,10562200
2025-03-13,38.54355239868164,39.21924776255011,38.244314880930936,38.688345577454704,13912800
2025-03-14,39.67292404174805,39.99146754693367,38.90070238375106,38.99723239240276,13049400
2025-03-17,39.99147033691406,40.25209585509105,39.60535763985699,39.67292680950544,11825600
2025-03-18,39.701881408691406,40.31000383984766,39.38333793140128,40.15555952177326,14406400
2025-03-19,39.65362548828125,40.223136023319405,39.51848346333404,39.93355333434844,19553700
2025-03-20,39.846675872802734,40.329314887472314,39.19028651827263,39.344730855677156,12753100
2025-03-21,39.566749572753906,40.097651772970515,39.34473237704677,39.55709473003085,73470100
2025-03-24,40.25209426879883,40.34862059813731,39.70188609063395,39.88528758927443,10438900
2025-03-25,40.811954498291016,40.91813567222829,40.454802653246695,40.54167782444597,12757600
2025-03-26,40.94709396362305,41.84480286333981,40.860222472273314,41.2559863337,11744300
2025-03-27,40.63819885253906,41.34285497266515,40.474103374046024,40.90847917335559,23868500
2025-03-28,40.42584228515625,41.0725767555082,40.04938446722085,40.68646777809073,12888600
2025-03-31,40.34862518310547,40.715431904311515,39.837028951438725,39.923904130612684,13596500
2025-04-01,40.73473358154297,40.97605308891912,39.99146905695521,40.32931489438444,13547400
2025-04-02,40.725074768066406,40.956743092744524,39.76945167409654,40.17486663947936,16509300
2025-04-03,37.84855270385742,38.90070596031523,37.684457197427434,38.524248097570045,40728800
2025-04-04,33.57236862182617,36.45855154455587,32.858064943453904,36.11105086545868,49175000
2025-04-07,31.98931312561035,33.90056317122585,30.753758433231067,31.892786796109508,36020400
2025-04-08,30.84063148498535,33.43722786559263,30.425561668594604,33.23452037821385,31416000
2025-04-09,34.73070526123047,35.213344306576495,30.029801990588453,30.203552341492518,45400900
2025-04-10,31.41014862060547,33.63993855875027,30.773063413978967,33.57236938985155,37839000
2025-04-11,32.78084182739258,32.82910499363988,30.98542405794198,31.400493915707163,20884400
2025-04-14,32.74222946166992,33.495148839378956,32.28855128523882,33.495148839378956,15477100
2025-04-15,32.58778381347656,33.176603985412,32.44299432213983,32.66500782131751,11618900
2025-04-16,32.9642448425293,33.50479816047612,32.61674417685302,32.81945167108308,13107900
2025-04-17,33.890907287597656,34.228753076006484,32.94493539781001,33.35035034390061,15923000
2025-04-21,33.41792678833008,33.51445680766869,32.81945539740563,33.51445680766869,10698700
2025-04-22,33.40827178955078,33.75577245476117,32.655356136423805,33.620634125455645,18894100
2025-04-23,32.84840774536133,34.35424268604203,32.62639425680306,33.91021570892549,17255900
2025-04-24,33.7171630859375,33.8716074289603,32.86771735819028,33.12834287746194,15197200
2025-04-25,33.32139205932617,34.296321074528436,32.46229535591443,33.099378594126506,23936500
2025-04-28,32.915977478027344,33.45653446969116,32.5395196568971,33.29243898140084,13252800
2025-04-29,32.925628662109375,33.0993789729049,32.09548910658472,32.616740038971294,14629600
2025-04-30,32.09549331665039,32.452645143581975,31.497021991097373,32.27889480999508,21855700
2025-05-01,32.568477630615234,33.05111657564233,31.960351528853074,32.04722668624767,18079800
2025-05-02,33.524105072021484,33.553062234199324,32.63605106429592,33.02216006155961,13305000
2025-05-05,32.58778381347656,33.11868966177466,32.54917549179945,32.73257698705665,17270700
2025-05-06,32.41403579711914,33.12833942839038,32.26924262962846,32.91597709800224,17481500
2025-05-07,32.33681106567383,32.56847939200295,32.076185579394746,32.39472906781689,12123400
2025-05-08,33.12834167480469,33.77507986927663,32.732577830035936,32.81945299997266,14025400
2025-05-09,33.3503532409668,33.76542306406402,33.15729690985872,33.55306073162081,7407200
2025-05-12,34.60521697998047,35.58980104310313,34.4218154741782,34.7113981557452,12104300
2025-05-13,34.85618591308594,35.174725708563166,34.518336435299965,34.807922754043084,9218200
2025-05-14,34.75966262817383,35.07820616743529,34.412165606584566,34.46042877495166,10519500
2025-05-15,34.479732513427734,34.50868967609676,33.77507999128155,34.238413005203284,11998600
2025-05-16,34.52799606323242,34.56660806871687,33.93917586744691,34.431466049521305,12627000
2025-05-19,33.890907287597656,34.23840791695698,33.57236381660397,34.15153275961715,10077300
2025-05-20,33.36966323852539,33.85230228297296,33.20556773089019,33.85230228297296,13192100
2025-05-21,32.69396209716797,33.4179205366763,32.67465609691192,33.13799273857112,12564500
2025-05-22,32.57813262939453,32.78084012646124,32.02792446178867,32.414037136219584,11507700
2025-05-23,32.49125671386719,32.58778303913137,31.950699718555274,31.970005720056765,10467800
2025-05-27,32.75188446044922,32.915979961118445,32.31750860243726,32.7904964661044,17574800
2025-05-28,32.41403579711914,33.16695143068699,32.30785463192507,33.12833942839038,11032000
2025-05-29,32.51055908203125,32.70361539322716,32.17271329912055,32.645697395195526,9902900
2025-05-30,31.902437210083008,32.33681304716524,31.69972971352575,32.24028671992179,20668300
2025-06-02,32.182369232177734,32.65535708066703,31.767299390312665,32.5684819118524,12681500
2025-06-03,32.925628662109375,33.176599287567996,31.690074169557057,32.24028225966194,16171900
2025-06-04,32.35619354248047,33.30039998711376,32.24911770437569,32.97917618606887,13545100
2025-06-05,32.200443267822266,32.62874284560408,32.161505929859665,32.57033683866018,11545800
2025-06-06,32.96943283081055,33.15438331581739,32.49246347249202,32.59953928733416,10410100
2025-06-09,33.21278762817383,33.60215357617645,33.00837217644345,33.21278762817383,12437700
2025-06-10,34.575565338134766,34.82865060947833,33.43667233391637,33.62162283342604,15648900
2025-06-11,34.74104309082031,34.994132072777525,34.21540388458015,34.702109466362124,14446000
2025-06-12,34.682647705078125,34.75078620303691,33.99152281921527,34.31275034953782,10046700
2025-06-13,35.33482360839844,35.47110057375607,34.62423392241306,35.247216457344415,15387400
2025-06-16,34.955196380615234,35.441901985309556,34.633972612416905,35.179080513182335,16121500
2025-06-17,35.12067794799805,35.6268485053248,34.89679010387742,35.25695492214518,16172900
2025-06-18,34.89678955078125,35.47110229934806,34.86758840343227,35.140142347406695,17588600
2025-06-20,34.887054443359375,35.110938553788635,34.546362039068924,34.984394069365585,30021000
2025-06-23,32.833160400390625,35.208282469015394,32.72608457077814,35.198549990536605,25846100
2025-06-24,32.60927200317383,33.07650888777631,32.180972453938715,32.38538789471443,24521000
2025-06-25,32.29778289794922,32.82342582061295,32.17123840621115,32.59954169724186,13448800
2025-06-26,32.93050003051758,32.96943365330256,32.28804512543734,32.38538846557166,14211000
2025-06-27,33.105712890625,33.25172605422338,32.81369027669724,33.095980412577305,17166000
2025-06-30,32.90129470825195,33.290660636765416,32.82342375051048,32.998638047014666,13101500
2025-07-01,34.26407241821289,34.81891646362493,32.5606029457064,32.90129535490019,18964600
2025-07-02,34.955196380615234,34.955196380615234,33.94284783166648,34.81891940542388,16153400
2025-07-03,34.70211410522461,35.04280657270706,34.54636844676558,35.04280657270706,7240700
2025-07-07,34.020721435546875,34.72157495913294,33.59241814046038,34.47822216447705,9710100
2025-07-08,35.568443298339844,35.733921406754,34.01098327477245,34.0499206108471,13525700
2025-07-09,35.286155700683594,35.62684813248604,35.03307042466878,35.325093039537876,11430600
2025-07-10,35.67552185058594,35.99674561465308,34.750780470905816,35.07200423497296,11649200
2025-07-11,36.31797409057617,37.135639666959825,35.37376401540468,35.48083984412753,11335200
2025-07-14,35.256954193115234,36.13302202877566,35.00386520641608,36.03568239590305,12686400
2025-07-15,34.13752746582031,35.25695173206062,33.991514313434635,35.1888132511523,17351500
2025-07-16,33.670291900634766,34.25433710660396,33.388001775333144,34.06939032447645,19849600
2025-07-17,33.74816131591797,33.92337561233602,33.261455762149765,33.56321454226278,70887000
2025-07-18,32.43406295776367,34.17647000819611,32.288049783133516,33.38800554907798,35376400
2025-07-21,32.64820861816406,33.368530740223356,32.570333949147596,32.7552844314274,22403000
2025-07-22,33.43667221069336,33.53401555567364,32.4729972316366,32.74555117104353,20793800
2025-07-23,34.20566940307617,34.58529918171657,33.66056150072856,33.87470944239266,22471100
2025-07-24,34.303009033203125,34.458754661741004,33.787098621640595,34.0109827305845,15592100
2025-07-25,34.526893615722656,34.68263924639676,34.17646501838873,34.46848761174409,11467800
2025-07-28,35.04280090332031,35.22774768242218,34.61450134016761,34.70210849095666,13367900
2025-07-29,34.682647705078125,35.00387152213103,34.273813004055754,34.848125853472425,14315300
2025-07-30,33.26145935058594,34.565830523938466,33.018106547447545,34.48795955783411,17945400
2025-07-31,32.90129470825195,33.4658749332696,32.794218892247315,33.07650900475614,13121200
2025-08-01,32.17123794555664,32.716349529395394,31.49958558506066,32.716349529395394,17071400
2025-08-04,32.005760192871094,32.317251469076304,31.674800247744443,32.015492670697355,11901700
2025-08-05,32.60927200317383,32.726080296007275,31.83054386216968,32.122566450887646,12204500
2025-08-06,31.986289978027344,33.19331768666871,31.79160701149104,32.891562616142735,11467900
2025-08-07,31.918155670166016,32.765022415071364,31.84028098806155,32.40486129351127,11213300
2025-08-08,31.99602699279785,32.33672316086831,31.723473028956892,32.17124131620111,10217200
2025-08-11,31.509319305419922,32.239377700812305,31.29517136779442,32.2101765532427,10020000
2025-08-12,32.06415939331055,32.356185685693035,31.606658714230523,31.61639119111795,10286500
2025-08-13,32.6579475402832,32.6579475402832,31.947357754980022,32.11283960266395,10370400
2025-08-14,32.33672332763672,32.56060747241345,31.791611683874265,32.48273278904627,16284400
2025-08-15,32.11283493041992,32.46325981936051,32.05442892562876,32.219907035967196,10421900
2025-08-18,32.414588928222656,32.67741037114632,31.898682232818043,32.1322988176822,9148300
2025-08-19,32.453529357910156,32.833159129463716,32.210176559399514,32.43406068843702,10834500
2025-08-20,32.472999572753906,32.74555353181042,32.093369783133994,32.33672259322565,9917500
2025-08-21,32.911033630371094,33.066779272049594,32.26858239428866,32.47299785275375,11130100
2025-08-22,34.66317367553711,34.75078083269824,33.03757502894044,33.095981038137545,16024900
2025-08-25,34.70211410522461,34.87732843514969,34.36141792447276,34.65344056992477,8184200
2025-08-26,34.38088607788086,34.643707568808246,34.07912724460808,34.54636792621411,16438200
2025-08-27,35.023338317871094,35.25695866497344,34.28354735970764,34.332217182317045,13565700
2025-08-28,35.510040283203125,35.55871010075874,34.750780732182214,35.003866011432834,18279500
2025-08-29,35.860469818115234,36.06488528498202,35.53924233023673,35.53924233023673,11887800
2025-09-02,34.94546127319336,35.782591731138986,34.711840966678416,35.70472077114653,20356300
2025-09-03,34.34202194213867,35.08773277168387,34.25371373599669,34.6658199456537,16567600
2025-09-04,35.33303451538086,35.34284861816151,33.900482434053785,34.34202348459529,12427600
2025-09-05,35.1466064453125,35.61758230094178,34.76393879655017,34.940555210284074,13436400
2025-09-08,35.107357025146484,35.65683072043559,34.7443138433754,35.43115502674096,27242300
2025-09-09,35.107357025146484,35.882506414130226,35.097546665848164,35.35265718042109,12029500
2025-09-10,35.48021697998047,35.68626822760569,34.508826645058754,35.04849002167282,20429100
2025-09-11,35.3526611328125,35.87270006536314,35.09755058971848,35.3526611328125,15317600
2025-09-12,34.90130615234375,35.8432578599797,34.75412456047041,35.57833324039771,13476900
2025-09-15,34.11634826660156,35.61758411689654,34.09672380374354,35.12698377439663,14218500
2025-09-16,34.577510833740234,34.891494726690475,33.969163766038804,34.2439024796077,20804800
2025-09-17,34.13597106933594,34.99942493519553,33.83179752430468,34.36164676675265,20414600
2025-09-18,34.0869140625,34.43033281128972,33.51781585823859,34.351834958432846,18765500
2025-09-19,33.782737731933594,33.910294860893245,33.37063152413446,33.74348880871781,33104800
2025-09-22,33.282325744628906,33.5766889472227,32.801539500628444,32.95853146195278,19114000
2025-09-23,33.84161376953125,34.53826536779561,33.06646431868202,33.154772531348186,26182700
2025-09-24,33.95935821533203,34.4990178738156,33.90048482344911,34.155599111958,14604500
2025-09-25,33.93973159790039,34.145782841941035,33.57668839511685,33.77292553630782,11619300
2025-09-26,34.85224914550781,35.244727177829695,34.1065345210241,34.1065345210241,14594600
2025-09-29,34.449954986572266,34.67563068407247,34.0280384129465,34.66582032460872,14983000
2025-09-30,33.72386932373047,34.14578595310399,32.791727846207955,34.05747773432851,18281900
2025-10-01,34.43033218383789,34.47939146948757,33.458941858846536,33.57668863598605,11264500
2025-10-02,33.468753814697266,34.538262642377425,33.41969453219481,34.30277284618898,10930200
2025-10-03,33.615936279296875,34.00841807918989,33.56687699005621,33.72386896141664,9581400
2025-10-06,33.93973159790039,34.18503176737264,33.52762536683556,33.900482672468776,18649900
2025-10-07,33.763118743896484,34.4401459357014,33.40988586365603,33.910300358324655,18080300
2025-10-08,33.331390380859375,33.929923431950314,33.22345770043527,33.89067450398086,15217300
2025-10-09,32.507179260253906,33.90048241566982,32.36981176526738,33.60612296312962,12284900
2025-10-10,31.123685836791992,32.46793163248751,31.123685836791992,32.39924788224976,15644200
2025-10-13,31.663349151611328,31.712408441289192,31.045191621315364,31.476922353641886,29484700
2025-10-14,31.95770263671875,32.14412939971057,31.094246948544143,31.153118459410425,13014200
2025-10-15,31.95770263671875,32.29131098411365,31.722216593253627,32.222627242854394,16212900
2025-10-16,32.301124572753906,32.32074903550208,31.74184048487333,32.14413261375205,24453600
2025-10-17,32.016578674316406,32.63473239691525,31.04518837125846,32.085262421271835,39002900
2025-10-20,32.801536560058594,32.85059584176499,31.889019696983183,32.3305607183073,17997800
2025-10-21,32.88984680175781,33.34119821018986,32.497365037826945,33.08608768372325,18033400
2025-10-22,34.2439079284668,34.567702232038414,33.36082574966449,33.449133967544725,18761400
2025-10-23,35.33303451538086,35.411532365692025,34.3223990220175,34.979805417931175,19431500
2025-10-24,35.15642547607422,35.95119570630686,35.126986907669526,35.421346390829164,17000600
2025-10-27,35.48021697998047,36.13762339195414,35.215292343183634,35.490027340017264,17423200
2025-10-28,35.185855865478516,35.64702136817751,35.01904980882813,35.49983977366149,12504600
2025-10-29,36.13762283325195,36.25536586679121,35.1171732279556,35.244726621379975,16662800
2025-10-30,35.63720703125,36.35348305101828,35.59795810723939,35.99043986137866,15557600
2025-10-31,35.38209915161133,35.84326094270922,35.10736040601752,35.578336300342166,15188200
2025-11-03,36.32405090332031,36.60860000886782,35.35266054896231,35.42134429954499,19349000
2025-11-04,35.44096755981445,35.77457594116915,35.117173281343355,35.63720844466726,18718800
2025-11-05,35.862884521484375,36.33386040419061,35.28397596384854,35.56852506266593,14655300
2025-11-06,35.676456451416016,36.51047551183149,35.65683198913779,35.97081589962245,14651300
2025-11-07,35.9708137512207,36.10818123598036,35.21528884205934,35.794197344248786,11074700
2025-11-10,36.21611785888672,36.35348535866024,35.431158043764,36.18668303550201,12276000
2025-11-11,36.902957916259766,37.364123430397626,36.41235757968196,36.500665789985305,10426200
2025-11-12,35.391910552978516,36.8440872056108,35.32322680030551,36.598787019497564,11588100
2025-11-13,35.62739562988281,36.24554932154783,35.40171993789638,35.53908742493305,10203600
2025-11-14,36.24555206298828,36.63803383533561,35.205481729339944,35.75495171904591,10858300
2025-11-17,35.12697982788086,36.235737525397134,34.940553066150024,36.127804863296014,10775700
2025-11-18,35.36247253417969,35.54889931131203,34.61675793968341,34.76393953525026,15306200
2025-11-19,35.185855865478516,35.4507804898173,34.459765738440744,34.71488000320405,9709500
2025-11-20,34.52845001220703,36.14743260469664,34.43033144301884,35.52927513845726,11718200
2025-11-21,35.50965118408203,35.64702242308785,33.99860498485352,34.50882604351237,20752800
2025-11-24,35.03867721557617,35.40172418109686,34.63638506547206,35.32322632596252,36923800
2025-11-25,35.22510528564453,35.27416457017938,34.35183355179686,35.14660743600198,13234500
2025-11-26,34.98961639404297,35.372284063591486,34.62657318741791,35.07792460570675,9754200
2025-11-28,35.558712005615234,35.696079493112585,34.85224636364794,35.048487235637005,4013000
2025-12-01,35.91194534301758,36.284802669721884,35.54890211971756,35.56852658354239,12674200
2025-12-02,35.676456451416016,35.83344840665834,34.84243364801709,35.62739716721219,12825600
2025-12-03,37.135162353515625,37.21428035738131,35.8297454701643,36.02753670727445,16133700
2025-12-04,37.6988639831543,37.876875714840686,36.99670869292131,37.08571455876451,15860100
2025-12-05,38.03510665893555,38.569141835922785,37.79776020642156,37.80764807004554,12579700
2025-12-08,37.81753921508789,38.401021247725055,37.313171408076656,37.90654507676318,24484700
2025-12-09,37.87687683105469,38.26256767022333,37.67908559306833,37.67908559306833,16847300
2025-12-10,39.488868713378906,39.548207214115266,37.77798155396356,37.92632214697356,20648100
2025-12-11,39.89434051513672,40.42837572388848,39.340525805406656,39.40975217255366,18982800
2025-12-12,39.01417541503906,40.329480228938294,38.71749043068658,40.10202161518291,14892500
2025-12-15,38.47024917602539,39.06361909631492,38.094446214479916,38.9746132310161,10957100
2025-12-16,37.19449996948242,38.47024945723989,37.075826739067814,38.1735607223724,19127100
2025-12-17,38.10433578491211,38.193341654197134,37.31317459824194,37.41207210442204,15363900
2025-12-18,37.70875549316406,38.13400532048228,37.47140526086047,38.114225820077486,12014800
2025-12-19,37.65930938720703,38.06477972229006,37.56041188319041,37.82742948520422,22594300
2025-12-22,37.90654754638672,38.440578978676974,37.73842367557839,38.025220778834104,8495800
2025-12-23,37.777984619140625,38.47025209368395,37.51096700299301,38.064781737138524,7930300
2025-12-24,37.55052185058594,37.85709466394829,37.392289625851035,37.748309302089204,2928600
2025-12-26,37.37251281738281,37.639530423204725,37.12527471264631,37.54063291777767,4726700
2025-12-29,37.48129653930664,37.718642996789065,37.273613673317115,37.43184590249004,6806000
2025-12-30,38.124114990234375,38.30212672742273,37.58019191440512,37.58019191440512,7774500
2025-12-31,37.95599365234375,38.34168447949205,37.84720828621393,38.12411374723241,6157100
