Price,Close,High,Low,Open,Volume
Ticker,SO,SO,SO,SO,SO
Date,,,,,
2021-01-04,47.951393127441406,49.67202179201141,47.620192594030016,49.58316258619956,4774300
2021-01-05,48.26644515991211,48.44416360098627,47.878698355190224,48.08872671883795,3905200
2021-01-06,49.44584274291992,49.76088683340878,48.34722524062401,48.51686697372685,4102500
2021-01-07,49.389286041259766,49.720486563714104,49.12271151418045,49.58316094584777,4690300
2021-01-08,49.73665237426758,49.849744805810005,49.090407707212556,49.33274907216598,3965800
2021-01-11,49.44584274291992,49.85782584704975,49.0742524352427,49.429686240646426,2873300
2021-01-12,47.51518630981445,49.39737725981737,47.25668843158351,49.31659474690908,7012200
2021-01-13,48.234127044677734,48.45223517701031,47.53941293758968,47.54749272853016,3949500
2021-01-14,47.692893981933594,48.21796633029347,47.64442448513881,48.12911020847534,3776700
2021-01-15,48.1937370300293,48.347219160017545,47.22436858630063,47.45863321749638,4107900
2021-01-19,49.32466125488281,49.38928416626745,48.379526138394674,48.71880643815914,6270300
2021-01-20,48.99346160888672,49.38120832864244,48.59763509910486,49.098474226930534,5151000
2021-01-21,48.37145233154297,48.94499418620896,48.1533442146551,48.46838824520298,3530400
2021-01-22,48.58148193359375,48.90460576299374,48.16950197856912,48.24220468610726,3079400
2021-01-25,49.292362213134766,49.30851871593909,48.12912174506419,48.36338333188226,4013100
2021-01-26,48.21798324584961,49.22774167178367,48.21798324584961,49.18735195105394,3222800
2021-01-27,47.288997650146484,48.20989665279672,46.9577970775874,48.06449122274274,5062700
2021-01-28,47.692893981933594,48.6864955546984,47.37784995661025,47.45862936973113,2764400
2021-01-29,47.5959587097168,47.8786928408201,47.022416819718764,47.466709789695585,3464500
2021-02-01,47.74943923950195,48.28259136751202,47.361692517452546,47.89484464546261,3257200
2021-02-02,48.177581787109375,49.03385783303167,47.61211659004889,47.90292743891071,3391700
2021-02-03,48.024105072021484,48.379538882104626,47.91101263615584,48.14527421836135,3165000
2021-02-04,48.74304962158203,48.84806534080602,48.02410225162663,48.1048816777758,3223600
2021-02-05,49.179256439208984,49.470067247752546,48.74304022639365,48.977304831224515,3087200
2021-02-08,49.0580940246582,49.50238703451475,48.97731459797069,49.22773266962455,3550200
2021-02-09,48.985389709472656,49.18734135113871,48.799594568924384,49.13887492932286,2077400
2021-02-10,49.21965026855469,49.45391489301431,48.93691922630153,49.2115704778976,3022400
2021-02-11,49.510459899902344,49.69625502052214,48.953071456505796,49.260038781743226,4502600
2021-02-12,49.06147384643555,49.55127413508845,48.57983860865683,49.347191459996694,4867000
2021-02-16,48.40841293334961,49.06147691163359,48.400250996019984,48.988007019448226,3039600
2021-02-17,48.3839225769043,48.51453536869971,48.10637000508222,48.46555440400596,2933200
2021-02-18,48.85739517211914,49.25739861823795,48.367597957412805,48.424740861993385,4530700
2021-02-19,48.41658401489258,48.87372729960002,48.22882829237987,48.78393040751675,3194800
2021-02-22,48.4002571105957,48.62882875335769,47.70637401583884,48.42474603973304,4076100
2021-02-23,48.09820556640625,49.216580919078524,48.09004362921399,48.34310727893892,3990600
2021-02-24,47.65739440917969,48.10637573987134,47.461473641103446,47.975762932505496,5076900
2021-02-25,47.15126037597656,47.87779732270485,47.03697457497905,47.57575271829197,4064300
2021-02-26,46.302276611328125,47.62473142514794,46.277784573664576,47.38799478341134,6092400
2021-03-01,47.16758728027344,47.82065433748134,46.75125998965519,46.75125998965519,3210700
2021-03-02,47.20840072631836,47.616566031796246,46.620641689932874,47.19207374041275,3574200
2021-03-03,47.012481689453125,47.16758339001765,46.57982744668339,46.93901180727956,3859400
2021-03-04,46.86555862426758,47.91046121945253,46.547190059425624,47.19209224229056,4843400
2021-03-05,47.63289260864258,47.86962924663664,46.579828427388975,46.996155692435146,4435200
2021-03-08,48.661468505859375,48.87371309578255,47.84513789006319,48.28595716996613,7440100
2021-03-09,48.498207092285156,48.947188357527885,48.35943236708747,48.734943744268335,4703100
2021-03-10,48.800254821777344,49.14311538126113,48.400254468776986,48.498213294034535,4075700
2021-03-11,48.39208984375,49.10229989678412,48.367600915733284,48.628826528094706,3351000
2021-03-12,48.8492317199707,49.15943827382872,48.43290441178479,48.63698709726026,4062400
2021-03-15,49.779850006103516,49.90230086728738,48.86556041517619,48.97984622478526,3470200
2021-03-16,50.00026321411133,50.16353000251942,49.48597392054507,49.616586728460554,4410500
2021-03-17,49.5512809753418,50.02475122760602,49.52678893339275,50.0002622997119,3850300
2021-03-18,49.3063850402832,49.72271240743799,48.83291164817081,49.559445613121476,4042900
2021-03-19,48.734947204589844,49.20841742811943,47.77983859197013,48.816579035319336,8891400
2021-03-22,48.726783752441406,48.89005053331403,48.39208825297721,48.571682023342575,3026900
2021-03-23,49.49413299560547,49.771685568164486,48.58800538772002,48.78392301890603,3601400
2021-03-24,49.54310989379883,50.03291019045556,49.13494453694549,49.20841442574127,3485600
2021-03-25,50.106380462646484,50.457402921350614,49.56760231203973,49.79617391712909,4303700
2021-03-26,50.33495330810547,50.400261262057235,49.690051276077675,50.07372772040769,2929100
2021-03-29,50.87372589111328,51.10229747676075,50.26964295360089,50.33494778633404,4505600
2021-03-30,50.236995697021484,50.636996025385606,49.91862719900175,50.628834087973054,3008300
2021-03-31,50.74312210083008,50.84108092431053,50.20434390060529,50.31046777590778,4346900
2021-04-01,50.88189697265625,50.88189697265625,50.26964891219688,50.81658901812767,3396300
2021-04-05,51.15128707885742,51.40435074433242,50.77577566354988,50.77577566354988,3104000
2021-04-06,51.51863479614258,51.55128877393744,50.824751781247855,50.979856618746126,2879900
2021-04-07,51.265586853027344,51.72273334011397,51.10232002806386,51.54313952124857,2311400
2021-04-08,51.31455612182617,51.69823260580517,51.16761632430464,51.37986096847187,3717500
2021-04-09,51.208431243896484,51.54312675082176,51.16761532628217,51.40435200812209,2641800
2021-04-12,51.33903503417969,51.608425648431286,51.12679043141987,51.28189213674226,3240900
2021-04-13,51.885982513427734,52.130881110530446,51.02067081533991,51.02067081533991,4413500
2021-04-14,52.15536880493164,52.18802278085579,51.64107958331717,51.739041511089624,3455000
2021-04-15,52.645172119140625,52.74313405832267,51.98394615696381,52.17986380721809,4773900
2021-04-16,53.069664001464844,53.27374668973432,52.71047647711556,53.06149895006344,5307800
2021-04-19,52.99618911743164,53.17578287324333,52.57169988123879,53.077820944225365,3555000
2021-04-20,53.951297760009766,54.20436453457569,52.91456041939948,52.988033427534596,4870900
2021-04-21,53.65741729736328,54.20435734762232,53.37986163292326,54.02476360500384,3331700
2021-04-22,53.14313507080078,53.82885619737176,53.10232226671708,53.57578940836932,3975400
2021-04-23,53.33088302612305,53.58394353542014,53.1023114399052,53.20843218261817,3885800
2021-04-26,52.78395080566406,53.4370116876189,52.66965876750969,53.4370116876189,3924700
2021-04-27,52.51456069946289,52.77578630057182,52.3921098365441,52.71864339495767,2967900
2021-04-28,52.52272033691406,52.759457014729534,52.3186376382569,52.563539367889376,3610200
2021-04-29,53.192115783691406,53.33904934281181,52.32680093528888,52.40027394295857,5034800
2021-04-30,54.0166015625,54.06558564019289,53.06966117792787,53.36354073164899,5414000
2021-05-03,53.91865158081055,54.449261615858255,53.739057809147134,54.02477234219814,3764600
2021-05-04,54.2206916809082,54.45742836656714,53.755383361677836,54.05742800781716,3815300
2021-05-05,53.42885208129883,54.122738292001806,52.95538491776302,54.04926527627942,4259400
2021-05-06,53.91865158081055,54.01660729036534,53.24926057704402,53.54313393381812,3333600
2021-05-07,54.09007263183594,54.29415530195352,53.71456126619263,53.81251696185942,3608800
2021-05-10,54.13089370727539,54.63702104868865,54.114569831537445,54.24517952177035,3753400
2021-05-11,53.714561462402344,54.253336474864234,53.41251686740582,54.122726804128476,4057700
2021-05-12,52.53904342651367,53.65741870796977,52.49822440098775,53.592110758371845,3781500
2021-05-13,53.65741729736328,54.008439732087936,52.57169601924881,52.66149289055805,3533700
2021-05-14,53.690399169921875,54.06147144069265,53.64092454482708,53.731632218354136,3859600
2021-05-17,53.137916564941406,54.15218422274659,53.104931381339874,53.69040423488605,4449900
2021-05-18,52.90703201293945,53.41828668314884,52.857551086807376,53.14616360890641,4955800
2021-05-19,52.75859451293945,52.77508710513665,51.966968961316084,52.54419710565658,4758900
2021-05-20,52.82455825805664,53.245111467294564,52.60191614215435,52.77508363036285,3520000
2021-05-21,53.088436126708984,53.261603623731546,52.65139344975481,52.98948686628497,6245500
2021-05-24,53.121421813964844,53.41828218061088,52.95650218417509,53.29458931262826,2566200
2021-05-25,52.841060638427734,53.12967315506201,52.55244497615295,53.10493583810493,3634500
2021-05-26,52.54420471191406,52.82456938293076,52.445249144406176,52.76685002034566,2895300
2021-05-27,52.49471664428711,52.750347091809225,52.38751637330814,52.72560663195859,5675000
2021-05-28,52.70911407470703,52.89052943407495,52.55243917520575,52.77508444016451,3754600
2021-06-01,52.30506134033203,52.92351941721222,52.20610892881052,52.88228636224118,4008900
2021-06-02,52.692623138427734,53.08843273741543,52.206102716681926,52.502959915922695,3012600
2021-06-03,53.15441131591797,53.335826698191454,52.420508208561515,52.73386119276829,3245100
2021-06-04,53.063697814941406,53.410032802481545,53.030712631659426,53.28634622927466,2950200
2021-06-07,53.32757568359375,53.54197624011618,53.0142258635077,53.187393366024786,5518800
2021-06-08,52.313297271728516,53.43477137826313,52.28031523719155,53.43477137826313,4757400
2021-06-09,52.4699821472168,52.544197239473014,52.008199001440296,52.296811501525404,4454800
2021-06-10,52.6761360168457,52.725610649036035,52.346290455921626,52.5606910142144,3162600
2021-06-11,52.65138626098633,52.75034179917997,52.354529083324934,52.57717118016102,3123400
2021-06-14,52.601924896240234,52.89053742461903,52.39577219150091,52.58543230238421,3300900
2021-06-15,53.03896713256836,53.33582752794671,52.62666172690744,52.69263210172068,3155700
2021-06-16,51.93397903442383,53.25335797895362,51.9174864437327,53.08019049515685,4200200
2021-06-17,52.23909378051758,52.47823167140257,51.727835956892214,51.9587259780829,4425800
2021-06-18,50.67231750488281,52.02467826563643,50.614595019653535,51.98344836842117,6549300
2021-06-21,51.538169860839844,51.88450485239737,50.746544326731005,50.894974507581445,4303000
2021-06-22,51.19183349609375,51.73607642939963,51.15884831331395,51.422723484271955,3626200
2021-06-23,50.688819885253906,51.175340315917694,50.49091193649231,51.13410726509727,4500900
2021-06-24,50.284767150878906,50.77953552755507,50.243537239232715,50.746550339981866,4963900
2021-06-25,50.73829650878906,50.79601900743977,49.96316356573654,50.27651651958341,4703900
2021-06-28,50.70531463623047,51.05989435239631,50.581621769780796,50.91971203968426,2363300
2021-06-29,49.85596466064453,50.85374290259581,49.707534475569425,50.482670585548384,4097100
2021-06-30,49.89719009399414,50.04562026575861,49.57559243705114,49.84771546716602,4155200
2021-07-01,50.69706344604492,50.837248895212994,49.971405178071514,50.13632794065275,3635500
2021-07-02,50.73829650878906,50.8042668761843,50.507406514186236,50.72180391694025,2940600
2021-07-06,50.82900619506836,50.853743510996715,50.10334785331296,50.73005378571457,3030600
2021-07-07,50.8702392578125,50.93620963189925,50.45793385669204,50.71356433781733,3001400
2021-07-08,50.75477981567383,50.99391763527385,50.54038245214117,50.631090117895646,3480100
2021-07-09,50.688819885253906,50.94444718475581,50.350729629751285,50.84549478319508,3688600
2021-07-12,50.960941314697266,51.03515640451874,50.42494623988907,50.58162114256096,3121400
2021-07-13,50.58162307739258,50.993928448696515,50.40020770741394,50.89497604036287,2426200
2021-07-14,51.03516387939453,51.24131658735501,50.35073852469888,50.56513595689589,2969500
2021-07-15,51.6783447265625,51.71957777302206,50.7630296040606,50.7630296040606,3600700
2021-07-16,52.04118728637695,52.31330721043496,51.59589670631056,51.736082175875396,3651400
2021-07-19,51.77730178833008,52.4699748376791,50.969183755029526,51.892746772281605,6866700
2021-07-20,51.90924835205078,52.733859118101975,51.78555547888693,51.95047826122526,4566500
2021-07-21,51.80204772949219,52.45349098532305,51.74432522790114,51.983463103430005,3966100
2021-07-22,51.93397903442383,52.28031714765741,51.80204145453485,51.85976394913377,4387500
2021-07-23,52.65964126586914,52.75859367183443,51.95047554089731,52.00819803984708,2823600
2021-07-26,52.55244064331055,52.88228304289195,52.36278055578218,52.69262610100384,3960800
2021-07-27,53.22037887573242,53.459516749605015,52.14838552349991,52.42875330598906,5830100
2021-07-28,52.76683807373047,53.360555616154,52.40400736629602,53.360555616154,5104800
2021-07-29,53.15441131591797,53.3440745677351,52.51121589969825,52.60192359083499,4512500
2021-07-30,52.66789627075195,53.49251030024333,52.53595865516151,52.931774647573725,5192100
2021-08-02,52.841060638427734,53.12142528564931,52.568937569337834,52.766845541915984,3616700
2021-08-03,52.88228225708008,53.22862353462058,52.51945467923994,52.85754494253013,4137500
2021-08-04,52.79982376098633,52.90702718174896,52.06592071840159,52.77508644581974,4537700
2021-08-05,53.418277740478516,53.44301505376275,52.74209724849575,52.890527419481245,3792300
2021-08-06,53.35231399536133,53.68215955971873,53.19564222803423,53.459517421263975,3327000
2021-08-09,53.476009368896484,53.525490295196335,53.10493702369393,53.46776149929965,2906600
2021-08-10,53.772857666015625,53.95427300865187,53.269844685535034,53.533719831747824,3484600
2021-08-11,54.119197845458984,54.42430606858318,53.77286286220256,53.80584804507655,3452600
2021-08-12,54.19342041015625,54.39957310113141,54.028494482607606,54.135697908334436,5412400
2021-08-13,54.58491516113281,54.676543027691075,54.11845064418338,54.268386575360324,3635200
2021-08-16,55.29294204711914,55.692773304960674,54.60990201276246,54.66821007587453,5504500
2021-08-17,55.35124969482422,55.484528898138564,54.884785193428414,55.27628490928655,5004300
2021-08-18,54.98474884033203,55.40956203470901,54.793161559554086,55.34292878301044,3545700
2021-08-19,55.29294204711914,55.56782563969131,54.959756746537145,55.0263899935922,4005800
2021-08-20,56.075950622558594,56.192566767785905,54.94310262169048,55.2846258720728,4319000
2021-08-23,55.53450393676758,56.07593956432458,55.484527414412234,55.926003642156516,4798200
2021-08-24,54.75150680541992,55.48452328417509,54.509943040180914,55.48452328417509,5062700
2021-08-25,54.86812973022461,55.10969352545102,54.476630005378446,54.65988573659175,3037100
2021-08-26,55.0930290222168,55.20131360826845,54.7015293074961,54.87645349501131,3378600
2021-08-27,54.96808624267578,55.32626618849233,54.8348133830083,55.20131851342093,3579600
2021-08-30,54.76817321777344,54.96808568278979,54.684876886941844,54.859801088218994,3221100
2021-08-31,54.75150680541992,54.94308769692225,54.46829170458395,54.68486721050539,4581500
2021-09-01,55.376243591308594,55.60947583897207,54.851464678963666,54.95142408014892,3574900
2021-09-02,55.684444427490234,55.79273537494743,55.41789236122278,55.47620042712183,3544200
2021-09-03,55.20130920410156,55.63446022395413,55.13467596305643,55.63446022395413,2891300
2021-09-07,55.13468933105469,55.901025807244444,55.03472991259824,55.69278178512093,6416900
2021-09-08,56.06761169433594,56.19255936350225,54.98474672346694,55.1596709182588,4759600
2021-09-09,55.959327697753906,56.25919956489503,55.88435655341737,56.025967302696934,4789800
2021-09-10,55.151336669921875,55.90101629299306,55.068040346269996,55.84270823092653,3818800
2021-09-13,55.25130081176758,55.701108624202504,55.0014054642695,55.50952134377362,3243700
2021-09-14,54.95143127441406,55.509523705117665,54.78483225062743,55.30961123167665,3252700
2021-09-15,54.98474884033203,55.25962609695752,54.49328968405111,54.77650483540512,3037000
2021-09-16,54.459964752197266,55.259620893201294,54.318360367406385,55.08469670814748,4049400
2021-09-17,53.42708206176758,54.45997055965434,53.37710553359488,54.15177349578563,9457600
2021-09-20,53.27714538574219,53.72695319838753,52.71905297851847,53.352116532067754,4444100
2021-09-21,53.15220260620117,53.876890876057146,53.14387106631754,53.435414588767514,3381600
2021-09-22,52.9856071472168,53.45207170244934,52.87731937080147,53.31879883885558,3500100
2021-09-23,52.81068801879883,53.3771120425375,52.7440484030405,52.99394060703067,2802500
2021-09-24,52.61075973510742,53.093887300865184,52.48581207429393,52.74403575711801,3449600
2021-09-27,52.011016845703125,53.068896676830185,51.97770022285229,52.60243218140796,3375400
2021-09-28,51.59453201293945,52.160955944035116,51.27800342251342,52.036011451251554,5101000
2021-09-29,52.177616119384766,52.58577575741184,51.486247691873174,51.61952372473994,3889600
2021-09-30,51.61952590942383,52.4025222384608,51.586206105409126,52.31922590597546,4987400
2021-10-01,51.43627166748047,51.9610474746121,51.302995625079745,51.93605603209531,4654900
2021-10-04,52.00269317626953,52.169289015758864,51.22802522356277,51.278004928674974,6268900
2021-10-05,51.694496154785156,52.35254483650381,51.57787683560124,52.1942805267958,4266400
2021-10-06,52.252586364746094,52.29423453104201,51.19470641756257,51.4945782989754,3386900
2021-10-07,52.202598571777344,52.87731020043433,52.060994192797374,52.47748214633975,2863400
2021-10-08,52.110984802246094,52.44417332831315,51.96104885337287,52.18595277668271,2624000
2021-10-11,51.57787322998047,52.04434094145248,51.43626883291206,51.961044611124166,3238300
2021-10-12,51.727806091308594,51.994358145573834,51.44459413645789,51.60286160324427,2600900
2021-10-13,52.0693359375,52.11098728560091,51.23635981630943,51.686167684364754,3200100
2021-10-14,52.69406509399414,52.760704705203224,52.085992940693224,52.277577056592015,2853900
2021-10-15,52.58576583862305,53.06056181475129,52.485806449663976,52.685722050031444,2895900
2021-10-18,52.01934814453125,52.26924029129016,51.652836696903876,52.177612429383316,4180200
2021-10-19,52.45249557495117,52.60243149725855,52.09431566916701,52.16928363032069,2661200
2021-10-20,53.06889343261719,53.2854689444387,52.652405485707526,52.652405485707526,2688200
2021-10-21,53.44374465942383,53.46040138363031,53.11054980181842,53.18551777095302,2895000
2021-10-22,52.43584060668945,53.518708787105055,52.39419244158719,53.45206918090037,5067200
2021-10-25,52.3192253112793,52.65241381498481,52.16095783278416,52.31089377159462,2632300
2021-10-26,52.71072006225586,53.193847665638835,52.3525401294171,52.41917973438768,3686000
2021-10-27,52.177616119384766,52.84399628371861,52.12763959302927,52.66907208637184,2854400
2021-10-28,52.26091384887695,52.34421017500464,51.86108258632077,52.07765811833463,2714600
2021-10-29,51.91106033325195,52.55245218844032,51.69448798694664,52.23592044148544,3718700
2021-11-01,52.044342041015625,52.26924595071531,51.79444986719977,51.977705610855374,3469600
2021-11-02,52.052669525146484,52.27757023977197,51.71114950611187,52.2109338148036,3806200
2021-11-03,52.10264205932617,52.227589715705854,51.56953799020122,51.8943980837273,4064100
2021-11-04,52.06100082397461,52.26091646526125,51.45292871565674,52.152628693833016,3797400
2021-11-05,52.56078338623047,52.777358921774606,52.11097876923729,52.25258316147281,3611600
2021-11-08,52.16095733642578,52.77736098761997,51.844428737550295,52.76070108596052,4727100
2021-11-09,52.76903533935547,52.95229110051744,52.06933527929814,52.194282966917974,5442700
2021-11-10,53.19384002685547,53.26880798290614,52.45249200454925,52.560776580749604,3753300
2021-11-11,52.51913833618164,53.15220190178783,52.24425789714186,53.01059432360564,3772600
2021-11-12,52.098243713378906,52.552809872371256,51.87938030969673,52.35077939798617,4157600
2021-11-15,52.35920333862305,52.51914186929654,51.99723431710844,52.28344230595334,3473700
2021-11-16,52.190834045410156,52.73799729970708,52.16558144360616,52.48545843700695,4492500
2021-11-17,52.33393859863281,52.43495543241533,51.78677853255413,52.19083623418867,3727000
2021-11-18,51.87937545776367,52.22450827705423,51.75310602168645,52.18241953541687,3160400
2021-11-19,52.75483322143555,52.80534163907569,51.77835962521577,51.98880654863525,5363700
2021-11-22,53.13364791870117,53.226245095509896,52.42654599990322,52.68750138807637,3622900
2021-11-23,53.041046142578125,53.520868127268265,52.86427148099863,53.243076620930054,3391400
2021-11-24,53.11680603027344,53.23465901329526,52.80534546020081,53.12522570607201,2793800
2021-11-26,52.22451400756836,53.11680698838475,52.148752979841916,52.8137660886445,2353900
2021-11-29,52.881107330322266,53.03262938545968,52.190841617436504,52.43496084084295,6722200
2021-11-30,51.433231353759766,52.76325756890639,51.34063739663461,52.76325756890639,6875800
2021-12-01,51.46690368652344,52.72958534011298,51.43323140508133,51.72785905095152,5750300
2021-12-02,52.199241638183594,52.8137493410814,51.609992955127325,51.643662014755904,5742000
2021-12-03,52.8895263671875,52.914778972350106,52.04773860933571,52.586482260574385,5959400
2021-12-06,54.429996490478516,55.482231129508826,53.57978910388947,53.81548863545937,8959500
2021-12-07,54.27005386352539,54.60677022685578,53.80706806115481,54.21112898161736,4280400
2021-12-08,54.50575637817383,54.64044549981938,54.09328218221325,54.312142371391054,4511100
2021-12-09,54.354225158691406,54.64043628274299,53.93333135804417,54.52258011001842,4872800
2021-12-10,54.783546447753906,55.086590541231544,54.35423291160549,54.62360472554887,4207500
2021-12-13,55.70951461791992,56.0293916570018,54.71620479701926,54.758296754257046,8051400
2021-12-14,55.532745361328125,55.945219608604155,55.28020643799005,55.70110036199911,4289700
2021-12-15,56.1893310546875,56.41661091627421,55.246526483753314,55.246526483753314,5217700
2021-12-16,56.862762451171875,56.95535961317515,56.02938799314247,56.17249678499424,4740400
2021-12-17,56.26508331298828,57.41833470285653,56.18932550738216,56.82066624342016,10776000
2021-12-20,56.500789642333984,56.61021972530316,55.33070531718848,55.67583491567903,4457300
2021-12-21,55.88627243041992,56.820657082902876,55.785255616900756,56.69438767158617,6802800
2021-12-22,56.10515213012695,56.1809099412734,55.77685543716459,55.77685543716459,2349700
2021-12-23,56.01255416870117,56.441867692727534,55.9957148182442,56.2314207683286,2126500
2021-12-27,56.36611557006836,56.382954924143114,55.86946380450447,56.147248923419475,1888800
2021-12-28,57.014278411865234,57.02269166400004,56.399770622540764,56.52604005019153,2152800
2021-12-29,57.30048751831055,57.34257947153475,56.955357906727485,57.03111571573461,2321300
2021-12-30,57.54460525512695,57.60353013474477,57.04794719349373,57.426755495891314,3203800
2021-12-31,57.72980880737305,57.98234129372065,57.376259473087664,57.46043696853687,3609700
2022-01-03,57.384666442871094,57.69613020648944,56.702820455370144,57.66245792753093,3616600
2022-01-04,57.384666442871094,58.1843686178921,57.18263919145054,57.258397002359295,5259900
2022-01-05,57.45201873779297,58.058106996006444,56.94694733005887,56.94694733005887,4542900
2022-01-06,57.384666442871094,57.83081289999297,57.081622354574996,57.51935555870514,4015300
2022-01-07,57.780303955078125,58.201197781337335,56.7954139429908,57.14054354091169,4380300
2022-01-10,57.68770217895508,58.27695734191901,57.553019504951344,57.73820737891528,5599200
2022-01-11,56.946937561035156,57.81397783966875,56.58496860349265,57.68770840381341,4071900
2022-01-12,57.056365966796875,57.19105507369796,56.551294660578,56.66072474318756,3043500
2022-01-13,57.53618240356445,57.68770443169167,56.8543364881569,57.132127943445106,3617800
2022-01-14,57.797149658203125,57.864487796836116,57.17422210278415,57.578283046236166,5700600
2022-01-18,57.24998474121094,57.654039251052204,56.669149158192155,57.48568427567345,4240300
2022-01-19,57.519351959228516,58.02442326733854,57.031113578379106,57.342577322506514,3728000
2022-01-20,57.14055633544922,58.032855814101055,57.06479851247782,57.603542216935146,4225100
2022-01-21,57.08161926269531,57.839229442398874,56.9553562513532,57.68770740645816,5959000
2022-01-24,56.71125030517578,57.32575184500653,55.052927197352176,57.047960310508515,8840400
2022-01-25,56.610225677490234,57.07321150475147,56.15565952590578,56.34927353248707,8001100
2022-01-26,56.4166145324707,57.27524166979175,55.92838249807662,56.55972333691163,6076000
2022-01-27,57.26682662963867,57.82240969550882,56.80384716374519,56.820680094984446,6318100
2022-01-28,58.08335494995117,58.10860755496516,56.93852309222363,57.24156719705333,6140300
2022-01-31,58.495826721191406,58.731526254640876,57.485684028599216,57.603533795323955,14481900
2022-02-01,57.23314666748047,58.319053623199075,56.7701672636918,58.276968089580535,6632600
2022-02-02,57.92340850830078,58.032845017563986,56.89642650576201,57.28365449223593,6443600
2022-02-03,58.293792724609375,58.41164247770306,57.586694206047255,58.08334581946638,5654100
2022-02-04,57.822391510009766,58.31904310451341,57.35940576739652,57.78871923578975,6456000
2022-02-07,56.946937561035156,57.33415912128267,56.57654892848088,57.1573844800173,7758700
2022-02-08,57.148963928222656,57.46884092812904,56.9385170124692,57.39308312117629,4136900
2022-02-09,57.30889892578125,57.56985101560014,56.99743521491427,57.519345816881504,4001200
2022-02-10,55.515899658203125,57.073212136783525,55.40646956251627,57.073212136783525,7823100
2022-02-11,56.222999572753906,56.5344633244809,55.69267564964823,55.751600529993304,8139100
2022-02-14,55.43171691894531,56.450279231426315,54.86772072004207,56.315596543512676,7365500
2022-02-15,54.73303985595703,55.95363601770066,54.430002156912686,55.79369428077155,6117700
2022-02-16,54.60676956176758,55.11184088944636,54.13536408991438,54.77512453021705,7320400
2022-02-17,54.539424896240234,54.791957348408744,53.41142926959559,53.773398231134436,7046400
2022-02-18,54.23326110839844,54.69250218659934,53.92709822678908,54.25877360046151,9113100
2022-02-22,54.67549514770508,54.888107896068334,53.722987699204296,54.32681037015787,7425800
2022-02-23,53.44234085083008,54.93062685330472,53.348790721964185,54.68400177366867,5992500
2022-02-24,53.47636795043945,53.55290868189033,52.532366677283115,53.153195612734216,8625500
2022-02-25,55.3133430480957,55.34736187238317,53.84206296190614,54.020656923094855,8768800
2022-02-28,55.083717346191406,55.262317794964176,54.51391664102802,54.939142209972744,8132900
2022-03-01,54.51390838623047,55.33034057636439,53.55290108177025,55.04969667456224,7192400
2022-03-02,54.91361999511719,55.15174523343336,54.4033507003788,54.54792581100989,4959200
2022-03-03,56.4699592590332,56.75910954378766,55.143251015280455,55.160263672282206,6799700
2022-03-04,57.47347640991211,57.49898890010936,55.84061215303006,56.07023105323112,6514700
2022-03-07,58.87673568725586,59.225417283102665,56.895182960029395,57.660590289046844,9994900
2022-03-08,57.677589416503906,59.0978410996087,57.60105193715855,58.61308426514188,7528900
2022-03-09,57.082275390625,58.2133703277593,57.03975024381313,58.06028888303359,5795800
2022-03-10,58.349449157714844,58.46851178992199,56.85265343913333,56.988728726471116,5693500
2022-03-11,58.417476654052734,58.80868330455459,58.111313799151155,58.111313799151155,4415500
2022-03-14,58.391971588134766,59.063822200693664,58.06879603996937,58.63009684146093,4530200
2022-03-15,58.391971588134766,59.106347348113275,58.11982102613169,59.012797214531346,4836700
2022-03-16,58.27289962768555,58.40897490204277,57.38843629806837,58.204868478933136,5351500
2022-03-17,58.17936325073242,58.75766377367227,58.03478163157044,58.32393838146738,5035900
2022-03-18,57.85618591308594,58.52804304465137,57.498998016839046,58.30692394717275,8192100
2022-03-21,58.58755874633789,58.87671541035,57.96673325714219,58.043270719471074,4730600
2022-03-22,58.52804183959961,58.70663578404593,58.01777249997774,58.64710446923049,3441000
2022-03-23,58.502532958984375,58.88523336522959,58.15384488751142,58.51103928689098,3724000
2022-03-24,58.9362678527832,59.174393138907185,58.4515109521944,58.47702344878948,3889000
2022-03-25,60.3224983215332,60.3224983215332,59.00429648753139,59.106352957968845,5845600
2022-03-28,60.382022857666016,60.526597974891615,59.78670973472156,60.373516530644984,3276800
2022-03-29,61.28350067138672,61.29200699865791,60.143899377256744,60.38202463343754,5422300
2022-03-30,61.65768814086914,61.65768814086914,61.03685615019881,61.232462705414875,3956900
2022-03-31,61.66621398925781,62.23601469593781,61.55565118844446,61.64920133293547,5688300
2022-04-01,63.03542709350586,63.09495840079339,61.20695624335177,61.513119106095054,6034300
2022-04-04,62.18497085571289,62.61019629690463,61.64068281006149,62.465614715696205,4660800
2022-04-05,63.23103713989258,63.90289427849959,62.355073556780546,62.440117367955395,6729800
2022-04-06,65.06800079345703,65.08500695671127,63.28205518418793,63.51167407446054,6877400
2022-04-07,64.43016052246094,64.85538596270449,63.81783485036219,64.67679205641323,6436300
2022-04-08,65.05099487304688,65.22108896531766,64.32811282406803,64.62576937500918,3731200
2022-04-11,63.34159469604492,65.37417211064856,63.23953823801842,65.05099657111111,8172500
2022-04-12,64.2430648803711,64.57474022838316,62.92486332606873,63.3245763066027,6069500
2022-04-13,64.08998107910156,64.32810629568819,63.4096177559179,64.25156882825343,4667200
2022-04-14,64.62578582763672,64.87241745789795,63.76683477459308,64.1325290555421,5925800
2022-04-18,64.48970794677734,65.11903993890968,64.17503870649772,64.63428307538139,3716600
2022-04-19,64.86389923095703,65.00848084178101,64.14952345786902,64.82138057118368,3759200
2022-04-20,65.05950164794922,65.55276478629322,64.97445784544107,65.40818967318674,4583000
2022-04-21,65.02549743652344,65.68884832889823,64.71933448797697,64.8724159622502,4898800
2022-04-22,64.5577392578125,65.30613381048073,64.48119529296133,65.05950223906788,4861700
2022-04-25,63.758304595947266,64.90641200578558,62.8823412127997,64.75333058524544,7424100
2022-04-26,62.71225357055664,64.14101147927582,62.69524740583099,63.571210878788534,6880500
2022-04-27,62.491146087646484,63.375609470945506,61.95535777287837,62.848333971874155,6407600
2022-04-28,64.27709197998047,64.75334249215636,62.848333955026185,63.47766591589099,5702100
2022-04-29,62.414588928222656,64.09848450837363,62.312532487829344,64.03044688144475,8189500
2022-05-02,62.26152801513672,63.1630041593204,61.343039214405785,62.9674040280185,6371900
2022-05-03,62.18497085571289,63.38410322589243,61.9638518095341,62.235995832359805,4747600
2022-05-04,63.41813278198242,63.596726718923335,62.26151886695194,62.55067558992276,5712500
2022-05-05,62.98440170288086,63.90289037975636,62.4486198855834,63.14598947615335,4969700
2022-05-06,63.50318908691406,63.67328321873895,62.525168916310925,62.822832024897565,5242400
2022-05-09,63.128971099853516,63.78381541655639,62.33805152915121,63.188502401371956,6063500
2022-05-10,62.253013610839844,64.09849730116254,61.70022562488657,63.18851494675636,5314100
2022-05-11,62.9163703918457,63.77532126508683,62.25301313460867,62.431613561682106,5758900
2022-05-12,63.001426696777344,63.197026840013976,61.70023739389556,62.91638287413412,6631400
2022-05-13,63.215999603271484,63.542162613775616,62.3748334044989,63.430582082204154,5018100
2022-05-16,63.73100280761719,64.04000213299173,63.164501861584455,63.43917374950693,4537900
2022-05-17,63.64516830444336,64.03999930307704,62.5722558466764,63.94558248291052,4527900
2022-05-18,63.36192321777344,64.18591926939837,63.216008682790985,64.03141960043504,5498700
2022-05-19,62.941349029541016,63.3876778088698,62.24609718200433,63.267512116414395,5814900
2022-05-20,63.009986877441406,63.31897954703014,62.177406014635196,62.89839982456884,5758200
2022-05-23,63.64516830444336,64.11724585673805,62.98425056327766,63.61083431997026,3927300
2022-05-24,64.96701049804688,65.2073418898724,63.533594185020156,63.87692755128774,7298300
2022-05-25,64.96701049804688,65.31033731577517,64.49492630086154,65.06142733748393,3859800
2022-05-26,64.6236572265625,65.49057223594183,64.58073811329665,65.44765312267597,3561800
2022-05-27,65.29315948486328,65.32749346892462,64.42624439579387,64.469163513005,3773800
2022-05-31,64.9412612915039,65.224505259749,64.34901140159835,64.65801077471957,8118800
2022-06-01,64.8468246459961,65.16440250853695,64.16874325923186,65.06140711464792,4902600
2022-06-02,65.1901626586914,65.43907915130536,63.619423692737456,65.35324745867189,4732900
2022-06-03,64.5979232788086,65.17300285741568,64.47775759219036,64.95842033866329,2686200
2022-06-06,64.6751480102539,65.20731483459338,64.60648005578368,64.79531365630854,4674500
2022-06-07,64.96701049804688,64.99275935452256,64.20309719608463,64.68375997973567,3471200
2022-06-08,64.05715942382812,64.89832562483728,63.979912874505004,64.72666226064975,2981600
2022-06-09,62.56367111206055,64.71808117457446,62.52075199406122,64.24599707073385,4184800
2022-06-10,61.919918060302734,62.46924866885499,61.473589396555546,62.27183646031702,4967400
2022-06-13,59.010169982910156,61.43924473349175,58.6925856197109,61.21607716614804,6507600
2022-06-14,57.319271087646484,59.1217626123859,56.744191612114825,59.06167977984584,6889000
2022-06-15,57.13903045654297,57.90294366766742,56.38370237940265,57.47377864800027,6543300
2022-06-16,56.890098571777344,56.898683703439374,55.7399397734608,56.49526764630136,7006200
2022-06-17,56.12619400024414,57.17335757009972,55.6111973482683,56.993109069335055,9042000
2022-06-21,57.63684844970703,57.87717975040279,56.28927090063138,56.43518539769141,6334900
2022-06-22,58.1003532409668,58.572430758586655,57.20768935584769,57.25060192188361,5613500
2022-06-23,59.465091705322266,59.593842494142905,58.27201372275615,58.46943247208608,5067600
2022-06-24,59.937198638916016,60.11744719268923,59.43936555790069,59.825611523337614,4607600
2022-06-27,60.40067672729492,60.66675689770932,59.47367887428448,59.559510553591956,3679500
2022-06-28,60.615272521972656,61.310517790264136,60.56376826423857,60.69251908576557,3788700
2022-06-29,60.65816879272461,61.20749937161792,60.374918371206704,60.82125355939317,2910400
2022-06-30,61.2075080871582,61.54225625169543,60.22901244488969,60.36634838343726,5389200
2022-07-01,62.77824783325195,62.86407951282139,61.31908963495937,61.58516980618584,5053400
2022-07-05,60.78691482543945,62.68382285553024,59.954333890145236,62.58940605574203,5903000
2022-07-06,61.34484100341797,61.98858844943362,60.6324255915116,61.00150772250208,4338900
2022-07-07,61.190338134765625,61.86841952804786,61.03583849390971,61.49075228405844,2622600
2022-07-08,61.104515075683594,61.39634413372323,60.786930616753786,61.19034676636947,3294700
2022-07-11,61.602333068847656,61.61950333375748,60.85559025870384,60.94142193764094,4028200
2022-07-12,61.7825927734375,62.25467031751075,61.23325557997286,61.422089217017295,3887100
2022-07-13,61.11309051513672,61.95425675705324,61.0959267972983,61.30192415404887,3727100
2022-07-14,61.67958450317383,61.76541617979995,60.01442247277102,60.04017132090514,3119600
2022-07-15,62.08300018310547,62.22032955510704,61.319087133586024,62.168831859173594,4975700
2022-07-18,61.5336799621582,62.05726178745906,61.27617834204564,61.95425982970639,3699800
2022-07-19,61.58517074584961,62.04866968084148,61.43925623350147,61.85983605378507,5626800
2022-07-20,60.889930725097656,61.791173272730454,60.73543106714088,61.61950989657317,4217100
2022-07-21,60.81267166137695,61.01009041829232,60.383506714509736,60.88133962452468,3434200
2022-07-22,61.748252868652344,61.76541658467521,61.06158635406793,61.20750086014252,3437400
2022-07-25,62.39200210571289,62.400580689708065,61.456419115783696,61.619503891215714,3227600
2022-07-26,63.095821380615234,63.215987021017234,62.288989324884966,62.40915496528697,2717500
2022-07-27,62.88125228881836,63.044330521951075,62.2890025436261,62.78683547296053,6341700
2022-07-28,65.09573364257812,65.23306956390523,62.88124757374432,63.456327010092984,5841000
2022-07-29,65.99699401855469,66.61499267420943,64.93266663855947,65.09574488763515,7830100
2022-08-01,65.81673431396484,66.32314579104641,65.35323540101346,65.80814918172393,4324600
2022-08-02,65.1729965209961,66.52057434580178,65.1129136835285,66.07424563154801,4795000
2022-08-03,66.31456756591797,66.43473322379174,64.16015775940312,65.1386532869679,4436900
2022-08-04,66.92401123046875,67.61925664356727,66.486260965517,66.5205949616446,5241900
2022-08-05,66.32315063476562,66.83815383023705,65.59357150589798,66.5549033824353,4136200
2022-08-08,66.25448608398438,67.07848198981573,66.01415476335073,66.82098040425835,4259600
2022-08-09,67.16432189941406,67.30165784148434,66.49482555316683,66.54632325717412,3149600
2022-08-10,67.19866943359375,67.48191995981934,66.88108491492814,67.35316912530412,3140900
2022-08-11,66.8638916015625,67.65355343259031,66.6836431324281,67.19005456258618,3619600
2022-08-12,67.6432113647461,67.68650182561768,67.08904325843235,67.21892124725204,3152400
2022-08-15,67.85968017578125,68.10212788468507,67.49600200622092,67.6518621914026,5578300
2022-08-16,68.46580505371094,68.73422838108823,67.72114039756251,67.85102499688237,4122900
2022-08-17,68.62164306640625,68.87275144892043,68.26662571678872,68.34455909366699,3602600
2022-08-18,69.02861022949219,69.23642155338057,68.58700538580186,68.63030243945492,2867300
2022-08-19,69.40961456298828,69.76462535768643,68.91605185260126,69.18448173817728,3483400
2022-08-22,68.50042724609375,69.30570366819003,68.31859148706604,69.12386790916233,2593600
2022-08-23,68.22334289550781,68.6129900048507,67.9808952180319,68.6129900048507,2234100
2022-08-24,68.29261779785156,68.53506548331478,67.80771582072116,68.42249576777546,2508000
2022-08-25,68.50908660888672,68.54372293460925,67.76442212136159,68.4138383647007,2471000
2022-08-26,67.71246337890625,68.8208059678535,67.66051219415375,68.5610368316839,3091400
2022-08-29,68.12811279296875,68.61300827705217,67.11502475392066,67.34881176054503,2714300
2022-08-30,67.17562103271484,68.22334516303228,66.8985370197896,68.06748499287409,3087000
2022-08-31,66.73401641845703,67.61721964921735,66.71670155778503,67.12366354251517,4301400
2022-09-01,68.20600891113281,68.31857860230318,66.8205891468258,66.88986178659178,3740300
2022-09-02,67.42672729492188,68.96800748040654,67.21025521030428,68.32725195967552,3128300
2022-09-06,67.34880065917969,68.37920999921607,67.18427974439622,67.71247221229686,4134200
2022-09-07,69.05459594726562,69.21045611459225,67.6691759078089,67.67783664105033,5148100
2022-09-08,68.76020050048828,69.28838634282832,68.43981941665197,68.87276361341253,2684100
2022-09-09,68.85543823242188,69.34034019745138,68.56970009951604,69.0286198650052,3240400
2022-09-12,69.40094757080078,69.54814699420062,68.75153135511557,68.92470637015028,3368300
2022-09-13,67.73845672607422,69.08057986729817,67.44405121621432,68.81215656029431,3211600
2022-09-14,68.77751922607422,69.04594252916249,67.84235812303795,67.84235812303795,2905800
2022-09-15,66.92450714111328,68.53505989897903,66.87255595737679,68.53505989897903,3976900
2022-09-16,66.88988494873047,67.39210185163404,66.59548603708653,66.90719981156636,8144500
2022-09-19,67.7730712890625,67.83368320309091,66.40497285724909,66.69937169504338,3977700
2022-09-20,66.86390686035156,67.46137200210597,66.16253933304306,67.38343860673582,2999100
2022-09-21,65.9200668334961,67.72977662170345,65.91141270789039,67.21889914424867,2458700
2022-09-22,65.75555419921875,66.27508581518043,65.4178583185335,65.92006847044814,2831100
2022-09-23,64.93297576904297,65.3918956100093,64.2835594040065,65.20140569214404,3283500
2022-09-26,63.3397331237793,64.89832816545103,62.52579597364391,64.88967403855442,4095300
2022-09-27,62.10151290893555,63.72938061271073,61.87638009041007,63.72938061271073,3975500
2022-09-28,62.79422378540039,63.1665560611987,62.06688070125721,62.863496442805705,4003600
2022-09-29,60.075321197509766,62.92409418057109,59.98007296660173,62.73359771875503,3994400
2022-09-30,58.88041687011719,60.698781363982775,58.7505322763686,60.43035804811927,7156100
2022-10-03,60.3784065246582,60.85464122420593,59.33067565200259,59.98009201100798,4279600
2022-10-04,61.20964813232422,61.57331964526089,60.0320394755928,60.49095923328007,4521500
2022-10-05,59.51251220703125,60.58621196550554,58.88907150656096,60.58621196550554,4030500
2022-10-06,56.91484451293945,59.38262500483876,56.86288671939155,59.313352350910804,6649900
2022-10-07,55.52075958251953,57.139966458292584,55.23501486107603,57.001427766994865,4889300
2022-10-10,55.40819549560547,56.26542639266176,55.364898436775945,55.641985740257184,2943500
2022-10-11,55.10514450073242,55.89310621942611,54.87135420558746,55.113805235609576,3906900
2022-10-12,53.25213623046875,55.23502144545347,53.23481806621667,55.02720677753062,5066300
2022-10-13,55.46016311645508,55.538089913355684,52.568091984381056,52.78456411737861,5246700
2022-10-14,54.9925651550293,56.94947128369838,54.72414189271775,55.97968060375806,5079900
2022-10-17,55.65929412841797,56.4126192635164,55.486119125642716,55.486119125642716,4018700
2022-10-18,56.62044143676758,57.02741003808926,56.126885317467796,56.429944933493246,3841500
2022-10-19,56.01431655883789,56.38664879419883,55.57271167359504,55.89309272464628,3158900
2022-10-20,54.98391342163086,56.317382350899955,54.888665169097045,56.317382350899955,4098700
2022-10-21,55.84980773925781,56.109576929364245,54.86269538678128,55.03587374581808,5225600
2022-10-24,55.9277229309082,56.317376635238,55.25233440728261,55.95370512949304,4327100
2022-10-25,56.90618896484375,56.96680089100259,56.00566420033772,56.01432493441884,3752900
2022-10-26,56.83690643310547,57.52961970278487,56.38664743215619,57.148626743840865,4312800
2022-10-27,56.42993927001953,57.919268212104534,56.30005470298589,57.546935976583285,7106500
2022-10-28,57.44302749633789,58.11842592948777,56.72434521747659,56.72434521747659,4509800
2022-10-31,56.69837188720703,57.39107860131586,56.41262714711278,57.13997018785762,5054800
2022-11-01,56.741668701171875,57.200588519683905,56.26543402050287,56.94948007807826,3196200
2022-11-02,56.10956954956055,57.70280099446262,56.083587349003274,56.57714346032664,4289200
2022-11-03,56.15286636352539,56.66374399973897,55.31295678767321,55.64199533351661,4163200
2022-11-04,56.20481872558594,56.53385393648741,55.37356335846632,56.282745509929384,3542500
2022-11-07,54.8626823425293,56.126878447646135,54.048745239510275,56.126878447646135,5010800
2022-11-08,55.373565673828125,55.73724053148111,54.88866696465822,55.02720898112074,3346800
2022-11-09,54.93195343017578,55.7372331292398,54.81939032763182,55.30428566930248,3404700
2022-11-10,56.89752197265625,56.975455358405505,55.37355994912098,56.282742044605776,5143100
2022-11-11,56.36066818237305,57.053381488284856,55.86711209892708,57.0187451623689,4638900
2022-11-14,55.884437561035156,57.010088505877555,55.867116093736755,56.689714029102824,5160600
2022-11-15,57.053382873535156,57.09667993353228,55.98834390212604,56.53385118458897,5905900
2022-11-16,57.001434326171875,57.54694163389661,56.698374710769244,57.14863376705256,5338500
2022-11-17,56.213470458984375,56.92349864631459,55.94504718273877,56.55116638916559,4464500
2022-11-18,57.377296447753906,57.42979755682204,56.362237174350376,56.61599698560159,5202900
2022-11-21,57.51730728149414,57.68356301595722,56.97477135164062,57.21103301436856,4837600
2022-11-22,57.70981216430664,58.13859345738493,57.3597958837737,57.744815127586456,3760800
2022-11-23,58.06858825683594,58.08608640062831,57.403545298469865,57.59605826084947,3900000
2022-11-25,58.549869537353516,58.79488360253334,58.217344726495845,58.30484879604113,1435600
2022-11-28,57.61355209350586,58.42735257967609,57.38604286056568,58.11233928205644,4907700
2022-11-29,57.51730728149414,57.54355783556027,56.90476542337576,57.28103894263342,4408600
2022-11-30,59.188663482666016,59.354925911210636,57.28979753738687,57.42105699802033,8262100
2022-12-01,59.25865936279297,59.993701535796305,58.768631247457414,59.45117231556976,4807100
2022-12-02,58.92613983154297,59.10115465705074,58.43611167238713,58.73363353768386,4003500
2022-12-05,59.04865264892578,59.302412458817926,58.3573591199886,58.44486319334446,4281000
2022-12-06,59.923709869384766,59.94996042515142,59.31116797158568,59.37242149375227,6586400
2022-12-07,59.94121170043945,60.615000485704726,59.713695742915995,59.80995223740155,4855000
2022-12-08,60.09870910644531,60.50123314610915,59.59992859249965,59.80993968359987,3668000
2022-12-09,59.818695068359375,60.15121320215209,59.529925631150334,59.7836921054129,3466000
2022-12-12,62.15508270263672,62.225088622825695,60.632490657252525,61.035014684141125,5793900
2022-12-13,62.312599182128906,63.34516324611639,61.665061043194186,62.898883803544564,4377400
2022-12-14,62.225093841552734,63.047646782429496,61.69131033857517,62.50511086966125,5043500
2022-12-15,61.57755661010742,62.45261067017137,61.41129420233282,61.8225706787441,6068900
2022-12-16,60.755008697509766,61.45505467408967,59.85370400905305,61.21878631963734,18469900
2022-12-19,60.29998016357422,60.78125590433867,59.94120478440845,60.52748941871399,4358400
2022-12-20,60.790000915527344,61.25377845565331,59.91494693758944,60.247465045798315,4940700
2022-12-21,61.892581939697266,62.295106040880114,60.91251890455648,61.08752706119833,6730000
2022-12-22,61.918819427490234,62.03257403768598,60.982511967186085,61.813810549987515,3546000
2022-12-23,62.7763786315918,62.78513104182076,61.813820466525655,61.813820466525655,2981700
2022-12-27,63.24015808105469,63.38016994428086,62.47886527219496,62.785132877835835,3682900
2022-12-28,62.6976203918457,63.73018437817656,62.5401104049094,63.37140903388134,2282600
2022-12-29,63.1701545715332,63.42392104944152,62.90763568372939,62.96013679083709,2367300
2022-12-30,62.48760223388672,63.24014244621122,61.96256455272661,63.161390799716074,2910900
2023-01-03,62.916385650634766,63.02138786077303,61.85757108290217,62.50510919124021,3761200
2023-01-04,63.4501838684082,63.91396154053181,62.846394315421804,63.030154901953765,3857500
2023-01-05,61.58631134033203,63.20516692883654,61.35880205829669,63.0039015281229,4098700
2023-01-06,62.68012237548828,63.056395903107735,62.05883476962973,62.251347738569855,4040800
2023-01-09,62.566368103027344,63.17015756793659,62.33885216788092,62.478864028319634,3168300
2023-01-10,62.225093841552734,62.45260976318233,61.63880923209625,62.45260976318233,3215000
2023-01-11,62.618873596191406,62.68887953131145,62.111347256904665,62.260104861934686,2965400
2023-01-12,61.55130386352539,62.592620407209616,61.49005034190474,62.49636391950099,5082000
2023-01-13,61.533809661865234,61.75257320683434,60.66750789310497,61.21003721190287,3637100
2023-01-17,61.29755401611328,62.05884695496088,61.17504695293932,61.29755401611328,3601900
2023-01-18,59.25865936279297,61.47254496746129,59.22365640082152,61.428789595963885,3494900
2023-01-19,58.1473388671875,59.162404768249765,58.04233665406559,59.039897735519155,3967500
2023-01-20,58.73362731933594,58.7686302807316,56.99226503959614,58.0423338530692,3963000
2023-01-23,58.50612258911133,59.2936726806874,58.23485793162039,58.58487426020217,3502400
2023-01-24,58.36609649658203,62.28634117723323,57.61354955643976,60.19496274566841,3444200
2023-01-25,58.85612869262695,58.952385158185876,57.54354780896705,57.92856699507112,3796000
2023-01-26,59.08364486694336,59.29366263988822,58.42735434778857,58.58486433943102,3235500
2023-01-27,59.50368118286133,59.65243878354651,58.6548776036892,58.92614224918961,2904300
2023-01-30,59.00489807128906,59.72244216431315,58.99614566099538,59.22366159570047,3498400
2023-01-31,59.223663330078125,59.32867222827867,58.514871626590605,59.223663330078125,5420900
2023-02-01,60.256229400634766,60.763762410728376,58.96989872987109,59.057402809786076,5792400
2023-02-02,60.04621124267578,60.562489927015385,59.05739589463218,60.19496882872625,4820500
2023-02-03,58.86488342285156,59.73993747904824,57.963578813150214,59.62618285515041,3888200
2023-02-06,59.41617202758789,59.468673134841666,58.541117967317476,58.759881482385076,3000200
2023-02-07,59.276153564453125,59.381162443385456,58.208586661769516,58.952387870975976,3226000
2023-02-08,58.1473388671875,58.89988588317985,57.71856425263037,58.89988588317985,2619600
2023-02-09,57.561058044433594,58.821138093872555,57.49980452403771,58.217348624160884,3243000
2023-02-10,58.52360916137695,58.61986563554119,57.43854406986364,57.6223046088684,2592400
2023-02-13,58.74237823486328,59.02239527459954,58.45361546110575,58.45361546110575,2345000
2023-02-14,58.322357177734375,59.07490423882511,58.11234606277251,58.628624777914794,2705300
2023-02-15,58.4273567199707,58.44486153982634,57.8410721013274,58.129841543751475,3758800
2023-02-16,57.63106918334961,58.304857968594966,57.001029101693184,58.27860741121488,5312200
2023-02-17,58.91312789916992,59.213753713916866,57.348126504715815,57.410019062783874,5356500
2023-02-21,57.95820617675781,58.59481235628855,57.79020922541647,58.40913471070269,3088400
2023-02-22,57.684112548828125,58.541771368872524,57.49843487837255,57.89632138287686,3523600
2023-02-23,57.24201965332031,57.79021567704652,56.94140059712965,57.58685056873084,7870800
2023-02-24,57.08287048339844,57.162450486524484,56.331316043432665,56.738039543346105,5468100
2023-02-27,56.91488265991211,57.984743666171255,56.773410090927406,57.2597136145831,4839900
2023-02-28,55.756591796875,56.95907807231095,55.72122366065571,56.70266414405775,4751200
2023-03-01,55.102298736572266,55.44712965731558,54.58063049488867,55.341028613907945,5571900
2023-03-02,56.29594421386719,56.32247200413481,55.04040565564984,55.21724297490489,5766100
2023-03-03,57.30392074584961,57.36581331050855,55.8803883858023,56.295952266670604,4965500
2023-03-06,57.675270080566406,57.772524021348076,57.162442232463185,57.215491063031756,4832700
2023-03-07,56.87950897216797,57.99357498828085,56.623095025219946,57.578014535416166,4115000
2023-03-08,57.23318099975586,57.39233424418456,56.48162326264449,56.80877009935185,3238900
2023-03-09,57.07402801513672,58.27651770167584,56.959079882325696,57.401171480442066,3564800
2023-03-10,56.534671783447266,57.38349020667849,56.26057715402626,57.30391021201222,3892600
2023-03-13,57.60453414916992,59.04575026963727,56.40204451345181,56.40204451345181,5202200
2023-03-14,58.51524353027344,58.700921189874336,57.852106140649205,58.02010310467103,5092400
2023-03-15,59.81499481201172,60.150981999433725,58.20578165830427,58.39145932075715,6256400
2023-03-16,60.23056411743164,60.69033642935557,59.5143711132699,59.59395111185796,6737200
2023-03-17,60.03603744506836,61.05284942029693,59.5497340125471,61.00863756432877,10618900
2023-03-20,60.610755920410156,62.264174046951055,60.053716234328974,60.12445250332054,5773400
2023-03-21,59.355220794677734,60.663815009214,58.55946124417407,60.5223424473039,6030900
2023-03-22,58.983863830566406,60.283614288109156,58.97502010924233,59.22259708583659,6618600
2023-03-23,58.656707763671875,59.61162719818235,58.40913755749113,58.98385796228626,4542600
2023-03-24,60.64613723754883,60.65498096052431,58.72746084470017,58.81587783710265,4885300
2023-03-27,60.33666229248047,61.12358483490104,60.16867206433656,60.88485832870561,4100400
2023-03-28,60.46928787231445,60.97327202118219,60.142137663273765,60.301290907431074,5637000
2023-03-29,61.309261322021484,61.521470152079864,60.69033576547446,60.69033576547446,4229000
2023-03-30,61.06168746948242,61.68061973501856,60.87600981355625,61.37999394986507,3997100
2023-03-31,61.52146911621094,61.547993533075974,60.80527613194243,61.185475180500454,5195200
2023-04-03,60.982112884521484,61.56567025523342,60.345499937721485,61.13242240090979,4323500
2023-04-04,61.5656623840332,61.59219354157625,60.7610593288725,61.1235708659195,3067100
2023-04-05,63.21909713745117,63.369406658510506,61.68945727353367,61.89282237232982,4522100
2023-04-06,63.935298919677734,64.1475077907315,63.36942208843559,63.581630959489345,4504800
2023-04-10,63.696563720703125,63.705407442241864,62.90079742679238,63.56393488075416,3175800
2023-04-11,63.51088333129883,63.78497797524917,63.12184054960204,63.678873558663845,3239100
2023-04-12,63.767303466796875,64.20055140477695,63.14837109532767,63.528570192758494,3811400
2023-04-13,64.06792449951172,64.0944489205903,62.6886006371571,63.51972839601468,4190000
2023-04-14,63.6081428527832,63.95297376809296,63.37825332731583,63.634667269994324,3349900
2023-04-17,63.961822509765625,64.09445136600232,63.28984799752508,63.811512954063176,2988200
2023-04-18,64.17401885986328,64.35969652406163,63.7319272558341,63.92644864093214,3267200
2023-04-19,64.37737274169922,64.76641548483174,64.20053881070193,64.37737274169922,2987100
2023-04-20,64.56307220458984,64.79296178917652,64.20056049984194,64.38623821385198,3696800
2023-04-21,65.0847396850586,65.41188996687318,64.63380426867285,65.14663225234418,3184800
2023-04-24,65.51799011230469,65.56220198164498,64.73991113071834,65.12895399440359,2616800
2023-04-25,65.41188049316406,65.83628468000263,65.21735909678684,65.63292630799585,3337400
2023-04-26,64.18285369873047,65.12009245520957,64.06791231399028,65.02283176589776,3999000
2023-04-27,64.9963150024414,65.09357570320456,64.20939242047265,64.36854568119573,4126300
2023-04-28,65.03168487548828,65.45608908486588,64.62495461830844,65.02284115360612,4598700
2023-05-01,65.5091323852539,65.924699583393,64.83715798626315,64.9874675166335,4044500
2023-05-02,64.67799377441406,65.74785449375914,64.61610122852738,65.65059381511125,4180300
2023-05-03,64.83715057373047,65.59754860556647,64.71336547513224,65.07587705080365,3240500
2023-05-04,65.65060424804688,65.68597238642863,64.12980802654468,64.93441799671862,4305200
2023-05-05,66.26069641113281,66.27837710838794,65.1289429048806,65.23504057997737,3945500
2023-05-08,65.93352508544922,66.45519655570149,65.66826749097778,66.14572711355787,2971600
2023-05-09,66.0396499633789,66.20764019593989,65.456085772784,65.71249972812574,4205600
2023-05-10,66.89733123779297,66.97690452003789,66.1369328382327,66.27839869970764,4021700
2023-05-11,66.00428009033203,67.02109216356564,65.77439055954761,66.83540774722795,3206600
2023-05-12,65.46875,66.27204892465059,64.96892258450087,66.20064306253992,4820400
2023-05-15,64.638671875,65.72758737604933,64.34412781790225,65.63833345834507,3706000
2023-05-16,63.28199768066406,64.74578379263109,62.96960554877556,64.58512400914019,4008200
2023-05-17,63.31770324707031,63.66579832418417,62.898202305513095,63.38018167604875,4411600
2023-05-18,63.415870666503906,63.4872697056124,62.791079704439724,63.05884823241531,4355300
2023-05-19,63.737205505371094,64.09422121568741,63.290929057837516,63.737205505371094,4665600
2023-05-22,63.32661819458008,64.085293519396,63.317697569553076,63.906778874294496,2913800
2023-05-23,63.505126953125,63.72826513159021,63.04099572852077,63.05885059619459,4500000
2023-05-24,63.23736572265625,63.9692587602123,63.130263742784074,63.41588037183918,4044700
2023-05-25,62.31805419921875,63.54085433940418,62.184169878672414,63.46052102322061,4980700
2023-05-26,62.00564193725586,62.30018598526888,61.603989105518856,62.2287801294529,5056000
2023-05-30,62.32698059082031,62.648300230884914,61.73789231415543,61.99673351363188,4197200
2023-05-31,62.25554656982422,62.73752581203727,61.720016348355124,62.32695241525642,6383300
2023-06-01,61.74681091308594,62.469776594929215,61.5236726844046,62.469776594929215,5021800
2023-06-02,61.98779296875,62.371590968245954,61.220196969758085,61.48796554973679,4840700
2023-06-05,62.20200729370117,62.62150820249802,61.80928187957009,61.88960836356735,3445300
2023-06-06,61.9163818359375,62.75537672421701,61.898526968948865,62.6214992699849,5025700
2023-06-07,62.59471893310547,62.81785711000756,61.41654963144789,61.92530440239919,4954200
2023-06-08,63.442657470703125,63.46943296634808,62.353741916889895,62.7821634664847,4215900
2023-06-09,63.60331344604492,63.683639928170344,62.79108714204423,63.460501731638814,3937100
2023-06-12,63.228431701660156,63.817519768145665,63.06777874858616,63.79967170990529,3395000
2023-06-13,62.88035583496094,63.26415389556922,62.42515871000891,62.773253833625844,4128900
2023-06-14,62.90711975097656,63.737194066805635,62.80893840536819,63.01422172099518,4249300
2023-06-15,63.15703201293945,63.6836348461041,62.96066932611983,63.26413398055976,4141900
2023-06-16,64.04959106445312,64.43338904221535,62.97852361482859,63.04992947339772,9349900
2023-06-20,62.782169342041016,63.92464280370187,62.73754578166918,63.79968593923931,3723600
2023-06-21,63.94247055053711,63.960325416723826,62.33587307554423,62.63934451399232,2958000
2023-06-22,63.639015197753906,64.29057490617959,63.45157312365297,64.18347293199302,2513800
2023-06-23,62.88035583496094,64.0139019531096,62.844659707608535,63.79076370414289,4605200
2023-06-26,64.02281188964844,64.040659948446,62.85356315411314,63.06778071750657,3078300
2023-06-27,63.478355407714844,64.2102484061972,63.23736234659322,64.12991511594426,4005800
2023-06-28,62.362667083740234,63.44265516317809,62.219855365977786,63.37124930429687,3895000
2023-06-29,61.711090087890625,62.380504579856144,61.291589250050414,62.041337022062706,5376100
2023-06-30,62.70183181762695,62.82678866010819,61.452256583177416,61.969938821820925,5505600
2023-07-03,62.987449645996094,63.0767035623999,62.5768761828287,62.92497122354969,2156300
2023-07-05,63.978187561035156,64.33521005738596,62.80001808982388,62.80001808982388,5197600
2023-07-06,63.18381881713867,63.56761682564501,62.80894824407798,63.48728352591028,3966800
2023-07-07,63.08562469482422,63.49619811697628,62.54116700662251,62.82678359636466,3455800
2023-07-10,62.60365295410156,63.112407778584576,62.25555790627831,62.99637836585598,2652000
2023-07-11,63.1302604675293,63.14810852670282,62.255555756007375,62.621505660618375,2770600
2023-07-12,63.89784240722656,64.0049511791469,62.96959362246282,63.30876118575586,3708400
2023-07-13,63.7996826171875,64.04066889763473,63.42480523368132,63.82645811394408,4050600
2023-07-14,63.71040344238281,63.969244518844505,63.38016333178098,63.630076975361625,2810400
2023-07-17,62.63935470581055,63.674712395103676,62.62150664635607,63.58545847855661,2941200
2023-07-18,61.666465759277344,62.84464191755699,61.4165520807224,62.63935179037998,3611600
2023-07-19,62.60365295410156,62.86249408369993,61.59507073984926,61.78250601101274,3383900
2023-07-20,63.4337272644043,63.63901740477678,62.46084798040468,62.80001559315329,6103700
2023-07-21,65.20990753173828,65.41519767872467,63.53191066406815,63.69257044573299,5326200
2023-07-24,65.1117172241211,65.48659453622568,64.7100712299965,65.37055832619748,3446600
2023-07-25,64.8082504272461,65.31700518079386,64.62081518221656,64.88857689955739,3997200
2023-07-26,65.23668670654297,65.90610136629638,64.6743808438198,64.71901121165858,3005600
2023-07-27,65.0313949584961,65.17419985978775,64.6118940696891,64.98676459642154,5379900
2023-07-28,64.57621002197266,65.72760424182779,64.40662957771124,65.43306010914966,5362800
2023-07-31,64.56727600097656,65.04925540267266,64.26381127193002,64.89752303814939,6777500
2023-08-01,63.62116622924805,64.74578472996566,63.59439073321822,64.5137190816441,3892700
2023-08-02,63.344478607177734,63.942487398915276,63.27307274288841,63.38910216513005,3746600
2023-08-03,61.24697494506836,64.24595286638397,61.22912007585866,63.69256768471878,5397400
2023-08-04,60.550777435302734,62.139527106650924,60.25624019269819,61.354076300672645,4105500
2023-08-07,60.7114372253418,61.16664105078483,60.55077745222292,60.69358916594517,3197200
2023-08-08,61.416561126708984,61.4344159975996,60.40797882980567,60.702522912758695,3567200
2023-08-09,61.755733489990234,62.21985797288924,61.363008059326454,61.42548648605589,3729200
2023-08-10,61.952083587646484,62.451910899683014,61.6753876316522,62.210917867353686,2583800
2023-08-11,62.03241729736328,62.21092512688211,61.523662492633704,61.88960558603846,3230300
2023-08-14,61.43441390991211,62.246633457245586,61.22912375947436,61.95209619393965,2773200
2023-08-15,60.49722671508789,61.16664130425095,60.42582085793087,61.02383639957425,3450200
2023-08-16,60.79176712036133,61.12201408266557,60.497223084492965,60.77391225232492,2246900
2023-08-17,60.91674041748047,61.657561019508194,60.80071098244094,60.907812981050114,2620500
2023-08-18,61.15119934082031,61.50290161596908,60.83556997596938,60.943788706862904,2682700
2023-08-21,60.97084426879883,61.187274859608436,60.5469961549852,61.09709602012147,2308900
2023-08-22,61.07905578613281,61.28646640442112,60.619134814835846,60.86261834069682,2060700
2023-08-23,60.91674041748047,61.45782035304929,60.63717706127625,61.42174743998408,2655000
2023-08-24,60.80851745605469,61.899697199743905,60.79048444087653,60.91673618773616,2414700
2023-08-25,61.4036979675293,61.719334187575704,60.84458510272306,60.97083683866018,2227400
2023-08-28,61.43977737426758,61.69228775305679,61.07906202212021,61.51192319677878,2380400
2023-08-29,61.83656692504883,61.863619885992634,61.24138114367396,61.593083396350856,2535700
2023-08-30,61.88166809082031,62.386675110137205,61.484872929811544,61.8185422134057,3583400
2023-08-31,61.07905578613281,62.07103666366846,61.0519959453006,62.062016716724386,4063800
2023-09-01,60.619144439697266,61.80050310940802,59.888686865931646,61.52094663158754,3505400
2023-09-05,59.78947067260742,60.718325559077286,59.45580148184916,60.465822119672204,3197800
2023-09-06,59.7443962097168,60.014939623880466,59.49189269260662,59.93377384754944,5730300
2023-09-07,60.51993942260742,61.25941686868069,60.18627016905821,60.231363026096,3728600
2023-09-08,61.25941848754883,61.268438435235545,60.40270922282315,60.60109991050175,4412100
2023-09-11,61.43977737426758,61.728353784108066,61.06102212639025,61.16924086015705,2838600
2023-09-12,61.86362075805664,62.11612423736321,60.82654699930142,61.39468670794499,3754600
2023-09-13,62.67524719238281,63.1171283036849,61.98987565633988,62.21532618580889,3632100
2023-09-14,63.937774658203125,64.00090053433135,62.8916808478445,63.04499244433118,3698700
2023-09-15,64.10910034179688,64.41571659694043,63.58606041512195,63.58606041512195,7353100
2023-09-18,63.98284149169922,64.29847765809264,63.49587452454879,64.21731191009928,3686800
2023-09-19,63.94677734375,64.24436674790294,63.65819412483359,64.01891626827647,3961500
2023-09-20,64.20831298828125,64.69528699508272,63.76643184292988,64.16322700703583,4072900
2023-09-21,63.03596496582031,64.20830350818044,63.00891200502639,64.1812505473865,3982700
2023-09-22,62.558013916015625,63.1171268125592,62.33256339187283,62.76542454531276,3528500
2023-09-25,62.485870361328125,62.58506914596192,61.92675056431986,62.278452844310856,3038000
2023-09-26,60.51993942260742,62.32354362085481,60.24038297354436,62.053000239036095,3948400
2023-09-27,59.64518737792969,60.817532801720404,59.54598860144569,60.42073769578441,4712500
2023-09-28,58.68025588989258,60.159210620108944,58.554004160254834,59.99688598483138,5083500
2023-09-29,58.3646354675293,59.428762265492445,58.0399861474589,59.35661644320918,4928500
2023-10-02,56.552005767822266,58.14819925030736,55.83958132221979,57.98587460599029,7772700
2023-10-03,57.74238204956055,58.05801137948016,55.51493340676705,56.18226497291187,8589500
2023-10-04,58.274452209472656,58.37365098753653,57.13817967541617,57.985875822433336,5147200
2023-10-05,58.24739074707031,58.68025875568505,57.46282737174874,58.10310599766778,5269100
2023-10-06,58.59008026123047,58.74338495840807,56.146194092425276,57.255413640682846,5158400
2023-10-09,59.43777847290039,59.45581148723424,58.50891654991642,58.6171352765311,3845600
2023-10-10,59.91572570800781,60.02393754219682,59.23035427726406,59.518930635439894,4253000
2023-10-11,60.510921478271484,60.67324613669539,59.771444007719055,60.24038496770112,3908100
2023-10-12,59.248390197753906,60.556007260080854,58.84258203921997,60.348589767365745,4192400
2023-10-13,60.014923095703125,60.29447950119856,59.51892926640194,59.834558575864996,3368600
2023-10-16,60.87163162231445,61.07002915213816,60.04197547959974,60.48385650862345,4242000
2023-10-17,60.51993942260742,60.916734547887124,60.01493244876343,60.51993942260742,4596300
2023-10-18,60.06001663208008,60.88967288724965,59.888678916901796,60.51091766817708,3545000
2023-10-19,59.91572570800781,60.7273419852377,59.73536118402099,60.060010446994184,4067000
2023-10-20,59.275447845458984,60.51993211511062,59.248388006381255,59.69027593534286,4195000
2023-10-23,59.00490951538086,59.72635392101789,58.19328627909014,58.68928016799107,3700200
2023-10-24,59.92474365234375,60.0960882440291,59.41973670447576,59.57304140219231,3782100
2023-10-25,60.069034576416016,60.18626636501908,59.3566101375122,59.627153502231366,3781700
2023-10-26,60.56502151489258,60.99788259262151,60.00590183593969,60.08706070793782,4655100
2023-10-27,59.99688720703125,60.95279514524796,59.627151957046884,60.24037760500938,4214300
2023-10-30,60.231361389160156,60.709315387873495,60.069036740521305,60.29448725917506,3945800
2023-10-31,60.6912841796875,60.96182068200019,60.1501974146541,60.42976074464243,4856500
2023-11-01,61.71030807495117,62.052990341084154,60.53796278100729,60.9978837046564,4880600
2023-11-02,63.234352111816406,63.63114027183224,60.76340993616891,60.76340993616891,5970700
2023-11-03,63.47785568237305,64.32555194368939,63.45982266584076,63.63116040361396,5554400
2023-11-06,62.4317626953125,63.77544590398976,62.4227427478142,63.49588945337877,5497000
2023-11-07,61.971832275390625,62.6572036967931,61.818527592243605,62.548984983875975,5092600
2023-11-08,61.86362075805664,61.92674662788328,60.88967286912806,61.72834907122704,4665700
2023-11-09,61.358612060546875,62.39568578991153,61.277446298667826,62.052996608961145,5923300
2023-11-10,61.4127082824707,61.719324507516596,61.05198614485304,61.67423166023845,5902500
2023-11-13,60.72734069824219,61.50289093444155,60.5920759083726,61.27744044438832,5187100
2023-11-14,62.413719177246094,62.485864992636415,61.43977131008767,61.538970086198454,5711500
2023-11-15,62.01693344116211,62.95480854230202,61.93577454674076,62.296496797979906,3392300
2023-11-16,63.36963653564453,63.44178236171982,62.45882128221153,62.576053089430374,4517100
2023-11-17,63.55179977416992,63.806850828732486,63.11458329378113,63.7521935566109,4594500
2023-11-20,63.251216888427734,63.4424999698124,62.513402775166,63.4424999698124,3353000
2023-11-21,63.44248962402344,63.661097831466606,62.69557187828214,63.424268219569235,3251400
2023-11-22,63.387847900390625,63.70666001163336,63.04171757462843,63.69754930717266,2753000
2023-11-24,63.40605545043945,63.59733850571692,63.132789971797465,63.469816468865275,1119300
2023-11-27,63.99814987182617,64.13478266206701,63.25123182786626,63.4242935427011,3794300
2023-11-28,64.20763397216797,64.8088153431606,63.69754574182095,64.01635088578784,4804700
2023-11-29,63.970802307128906,64.64484836704875,63.67932236639898,64.28960740645384,4201800
2023-11-30,64.65396881103516,64.92722738758656,63.961701241462485,64.07100189231063,8114700
2023-12-01,65.14582824707031,65.15493895008426,64.12565189127447,64.59020045296306,3996100
2023-12-04,64.92723083496094,65.39177947402428,64.81793017830935,64.89990567079805,4205900
2023-12-05,64.6084213256836,65.09118439191204,64.48089926854517,65.0183126594241,3635500
2023-12-06,65.81990051269531,65.85633638596671,64.76328103612157,64.76328103612157,4829500
2023-12-07,65.26426696777344,66.08405675989437,65.18228451384515,66.01118501183198,3575900
2023-12-08,65.12761688232422,65.75612338095044,64.6175286802105,65.30068550065447,2711200
2023-12-11,65.00009155273438,65.18226391589049,64.52643228944015,64.88168021162592,4000800
2023-12-12,64.18941497802734,65.1185051818565,63.879713610464,65.1185051818565,4376000
2023-12-13,66.56681823730469,66.58503269914111,63.85240476115093,64.27140687771089,5762900
2023-12-14,65.12761688232422,66.87649667479742,64.97276967088692,66.70343500589773,6377300
2023-12-15,64.54466247558594,64.6539700780071,63.78863386172621,64.5264410671335,12327600
2023-12-18,65.05474853515625,65.2915781910611,64.3624879247127,64.37159167920183,5131900
2023-12-19,64.90900421142578,65.5375037176861,64.6994997430523,64.80880732865108,3733500
2023-12-20,63.478939056396484,65.07297176492013,63.46071764804623,64.87257796965389,4363800
2023-12-21,63.187469482421875,63.90706234337832,62.586287997534626,63.688447103729004,4146700
2023-12-22,63.251216888427734,63.94347748312537,63.15101999587899,63.57913272778167,3013400
2023-12-26,63.26032257080078,63.6246742866802,63.014389158504976,63.12369675809809,2131000
2023-12-27,63.2238883972168,63.46071108583248,62.85953671162987,63.050819782941176,2771900
2023-12-28,63.90704345703125,64.05277995762927,63.10546838073646,63.178340105750564,2790500
2023-12-29,63.87063217163086,63.99815426476032,63.42429789624485,63.62469174242912,2895500
2024-01-02,64.53556060791016,64.63575751982461,63.396965653820594,63.46072669327232,3955100
2024-01-03,65.80167388916016,65.85633116945394,64.66307899998863,64.67218970494287,6290500
2024-01-04,65.31890869140625,66.07493734164368,65.20049732849242,65.86543283094686,3442500
2024-01-05,65.22782135009766,65.44642961219704,64.40803168043581,65.34623271093662,5670200
2024-01-08,65.72879791259766,65.74701236997485,64.83613661364349,65.12761657769231,3296400
2024-01-09,65.46464538574219,65.59216744010848,64.9818753805775,65.3097912202139,3073600
2024-01-10,65.42820739746094,65.57394390510936,64.99098397565461,65.57394390510936,2563200
2024-01-11,64.28963470458984,65.58307705645038,64.14389119762549,65.58307705645038,3407600
2024-01-12,65.05474853515625,65.19138129623332,64.49911373635885,64.71772893385452,3184000
2024-01-16,64.05278015136719,64.7632620988282,63.92525810692189,64.7632620988282,3515000
2024-01-17,63.42427444458008,64.57197980780434,62.95062212372658,63.76130096576546,3775800
2024-01-18,62.64093017578125,63.27854745091442,62.34945017697022,63.132803976793234,3797300
2024-01-19,62.80487823486328,63.151015456763496,62.34944037398848,62.76844932149192,5003300
2024-01-22,62.68647766113281,63.16924076468045,62.021535212282274,62.795785268314546,3670700
2024-01-23,62.69559097290039,62.80489163519586,62.36767508715051,62.63182993675078,5660300
2024-01-24,62.12172317504883,63.223888944584765,61.66628530147976,63.05082032881078,6257700
2024-01-25,63.06904983520508,63.08727124617678,62.203720448715735,62.704698059524056,3897800
2024-01-26,62.95063018798828,63.251220884625766,62.47697085702657,63.06904154601312,5987600
2024-01-29,63.023502349853516,63.11458854506054,62.55895372003708,62.98706648188446,4673800
2024-01-30,63.078147888183594,63.37873856403397,62.58627413209134,62.95062583468901,4578700
2024-01-31,63.3240852355957,64.0618993904035,62.914193888037815,63.761308695831104,8371500
2024-02-01,64.21674346923828,64.24406863114605,62.66825739939776,62.941515967906255,4554400
2024-02-02,62.53163146972656,63.72487666622297,61.90312487948327,63.59735459710572,5652100
2024-02-05,61.19264221191406,62.249254624458075,61.09244530864289,62.212825704569916,5015400
2024-02-06,61.39303970336914,61.64808385448341,60.97403760519115,61.10155968074828,3471600
2024-02-07,60.9831428527832,61.73006086336001,60.84651701808117,61.52056328386217,4406200
2024-02-08,60.974029541015625,61.05600502898979,60.44571989818991,60.67343885291503,3811100
2024-02-09,60.94670486450195,61.2108527385908,60.582353144149295,60.69165379565336,3792800
2024-02-12,62.221927642822266,62.24014905166574,60.691655923241214,60.97403216486472,4782800
2024-02-13,61.493228912353516,62.44964435926782,60.56413167885843,61.93955612091352,5357500
2024-02-14,61.766483306884766,61.839355035837265,61.23818064555556,61.447678179505786,4146900
2024-02-15,60.87384033203125,62.121735913871284,60.19068338158795,61.074234149403715,10332900
2024-02-16,61.19601058959961,61.34328974751033,60.5700583667478,60.74495192782981,8509100
2024-02-20,61.71149826049805,62.90816687849095,61.149981985281315,61.32488256959226,6385800
2024-02-21,62.3466682434082,62.45712587505325,61.77594472893499,62.07971726194458,4256500
2024-02-22,61.93243408203125,62.208592220623785,61.251252902627705,61.831176566080195,3530400
2024-02-23,62.309844970703125,62.650432022857935,61.87720053072983,61.96925089555565,3222200
2024-02-26,60.98429489135742,62.13494196477926,60.97508774833218,62.05209874652923,4060000
2024-02-27,61.1776008605957,61.43534467337406,60.82780668939538,61.12237205014096,4146900
2024-02-28,61.49977111816406,61.50897825948041,60.93825488871562,61.17759140200293,5211700
2024-02-29,61.90481185913086,62.26381318019201,61.49058172651947,61.785147093107916,8578100
2024-03-01,61.54581832885742,61.785154914192084,60.744965345041344,61.702304663386805,4748200
2024-03-04,62.779296875,62.86214711011674,61.32488441920358,61.55501381687292,4285900
2024-03-05,62.5767822265625,63.75504349321419,62.18095942389128,63.05544823251808,4542800
2024-03-06,63.12909698486328,63.442069589356215,62.57678784441049,63.02783948976456,4629200
2024-03-07,63.745845794677734,63.90233210605629,63.29479412300157,63.69981710404066,4896000
2024-03-08,63.52492904663086,63.98518790100119,63.1106918639019,63.81949443250816,3705200
2024-03-11,64.23372650146484,64.32577687047637,63.23036554015113,63.44208068657835,3490900
2024-03-12,63.83789825439453,64.52828649872394,63.54333288440034,63.920748495670104,3255400
2024-03-13,64.38099670410156,64.83204831621427,64.2521248149265,64.28893933498404,5086200
2024-03-14,63.865509033203125,64.37179652615337,63.331614158718864,64.11405271992125,4212500
2024-03-15,63.59857177734375,64.22452416567265,63.23957039522798,63.47890699096966,8653700
2024-03-18,63.90234375,64.08645152310324,63.50652081656985,63.681421445269564,2688800
2024-03-19,64.6295394897461,64.74000412940191,63.534121304549615,64.09563759923084,3848600
2024-03-20,64.64794921875,65.04377203754966,64.33496960661029,64.54669172861581,4251000
2024-03-21,64.34419250488281,65.17265988931342,64.31657809590065,64.84127293554118,2864700
2024-03-22,64.25213623046875,64.9149030541252,64.24292908732293,64.70318792271887,3137900
2024-03-25,64.2153091430664,64.52828175310906,63.99437986457431,64.3441810440242,2065200
2024-03-26,63.76425552368164,64.17849268646236,63.6537978986674,64.02200636903056,4360500
2024-03-27,65.40278625488281,65.42119351900826,64.06803135852212,64.10485290976581,4328300
2024-03-28,66.03793334960938,66.19442668546273,65.17265154597054,65.37515952691258,4731200
2024-04-01,65.44881439208984,66.00112366931974,64.95173393568489,65.80781577343895,3147500
2024-04-02,65.66972351074219,66.35091160475817,65.43959410619432,65.57767315352146,3829400
2024-04-03,65.33834075927734,66.01031465816425,65.1726473143615,65.76177800228635,3798400
2024-04-04,64.48226165771484,65.69734462704561,64.12326035016203,65.3383433194928,6240900
2024-04-05,64.35338592529297,64.5835153150593,63.66299775599397,64.02199904219012,5302600
2024-04-08,64.49147033691406,64.73080691471252,64.09564742951366,64.21531922990937,3400300
2024-04-09,64.97933959960938,64.98854674283871,64.30736562671142,64.7676244662825,4811600
2024-04-10,64.22450256347656,64.35338147398349,63.488092780956585,63.85630118371215,8425000
2024-04-11,64.04961395263672,64.53748713912725,63.47889053321838,64.53748713912725,3297600
2024-04-12,63.267181396484375,64.37179977116116,62.88976578762452,64.28894953041461,4818400
2024-04-15,62.954200744628906,63.957568622700535,62.54917073627057,63.50650992321339,3974100
2024-04-16,62.38347625732422,62.81612066406769,62.16255399411193,62.81612066406769,4426800
2024-04-17,64.25213623046875,64.41782969213098,62.61360887714555,62.67804483318129,6705800
2024-04-18,64.96092987060547,65.07139451618725,63.9115403180515,64.43623509432848,4602100
2024-04-19,66.41535186767578,66.44296627433505,65.08059702087317,65.23709036359661,6549300
2024-04-22,67.17938232421875,67.33586864184934,65.96429928657152,66.18522155987307,5387600
2024-04-23,67.42791748046875,67.90658356564012,66.78355793831648,67.17017366360784,6054400
2024-04-24,68.03547668457031,68.32083496660205,66.37854176923886,66.96767262291365,5661800
2024-04-25,68.45889282226562,68.90073731403892,67.40029623361343,67.99863404659003,6164400
2024-04-26,67.39108276367188,68.52332233563338,67.32664682204745,68.45888639400897,5478800
2024-04-29,68.47730255126953,68.56015278583288,67.81452876672999,67.81452876672999,3851400
2024-04-30,67.65805053710938,68.624596925408,67.4095138497429,68.03546616284265,5271300
2024-05-01,68.59697723388672,69.15849360353133,67.38189412742473,67.54758759753285,5241700
2024-05-02,69.34259033203125,69.88569232806601,68.70743096047246,69.04802499013286,5468400
2024-05-03,69.8212661743164,69.94093797008986,68.95598431153114,69.8212661743164,4578200
2024-05-06,69.47147369384766,70.21709080228477,68.9283645852013,69.50829524553495,8062100
2024-05-07,70.83382415771484,70.94428879432232,69.22291841122887,69.22291841122887,8919700
2024-05-08,71.45977783203125,71.58864973251887,70.56688167093607,70.7785967833121,6695000
2024-05-09,72.03050231933594,72.07653100860897,70.97190567298372,71.42295733129326,5542600
2024-05-10,71.92926025390625,72.48156952872203,71.65310210500162,72.43554785256691,4939800
2024-05-13,72.44473266601562,72.66566194765309,72.1133457665514,72.26063195430972,4420100
2024-05-14,72.45393371582031,72.86817081681322,72.14096112763986,72.72088464144026,5224300
2024-05-15,72.98784637451172,73.4296909200726,72.74850981558733,72.82215291417829,4130000
2024-05-16,73.0707015991211,73.50334609568841,72.93262954531755,72.93262954531755,5718800
2024-05-17,73.88815307617188,74.01820457496304,72.67123958579384,73.07996983030527,4833700
2024-05-20,73.56304168701172,74.03679779270547,73.35867297289592,74.0182220401844,2984100
2024-05-21,74.1111068725586,74.44552707958015,73.61876798090911,73.67450231965402,3694100
2024-05-22,73.09855651855469,73.9531827234489,72.97778934382961,73.68378829396096,3356200
2024-05-23,71.68656158447266,72.7734236783164,71.63082724753988,72.76413934701148,3890000
2024-05-24,72.22535705566406,72.29038281711058,71.76088530610996,71.83520248698497,2424700
2024-05-28,72.0302734375,72.76413958773774,71.78874616453263,72.0488491874471,2941700
2024-05-29,71.71442413330078,71.88163422060369,71.194218122703,71.57508829994448,4413800
2024-05-30,72.53189849853516,72.5504742471416,71.40787789504965,71.90021673678645,4237900
2024-05-31,74.44551849365234,74.52912707940303,72.59692323662868,72.76413332085482,7168000
2024-06-03,74.6777572631836,74.7706501831214,73.64662955114018,74.11110123810477,4539700
2024-06-04,74.97502136230469,75.09578145352774,73.90673502916754,74.54770824650497,5106500
2024-06-05,73.77668762207031,74.93786694281786,73.5444517579208,74.93786694281786,4245700
2024-06-06,73.06139373779297,74.20399005568325,73.00565231909154,73.82312697881153,4210900
2024-06-07,72.40185546875,73.02424588538841,72.35540546088546,72.67124992235681,3865800
2024-06-10,73.35865783691406,73.39581642156614,72.09529430784501,72.32753014646396,5509200
2024-06-11,72.92206573486328,73.43298750167422,72.50404398912819,72.86633139203902,3814900
2024-06-12,72.8663330078125,73.75811794915838,72.29967688561199,73.75811794915838,2825600
2024-06-13,73.09855651855469,73.30292519521971,72.28108181189455,72.97778934382961,2678100
2024-06-14,73.06139373779297,73.3586553175252,72.45757916066573,72.91275940428929,2444400
2024-06-17,72.16033172607422,73.0149580494221,71.93738726939141,72.52261912591248,3747600
2024-06-18,72.40185546875,72.47616555914666,71.76088221405531,72.10459384533493,3356300
2024-06-20,73.26577758789062,73.45156345600135,72.14175678508462,72.58764570346099,3996500
2024-06-21,72.88489532470703,73.78597151972036,72.73626807218521,73.36794984177261,8470400
2024-06-24,73.70236206054688,73.92531356760726,72.8012929634603,72.88489446315144,2574400
2024-06-25,72.47616577148438,73.66521935590445,72.28108849497885,73.60947792884846,2998900
2024-06-26,72.65266418457031,72.87560862141437,71.94666519940895,72.24392681095965,2856000
2024-06-27,72.4947509765625,72.76414543975434,72.00241205969603,72.64337824992012,3040800
2024-06-28,72.05814361572266,72.6433754417237,71.69585623477779,72.47616533611253,6227000
2024-07-01,71.52864837646484,72.89419643397976,71.49148978657534,72.48545903247152,2936500
2024-07-02,72.0395736694336,72.30896105664057,71.5286518924341,71.7887549471696,2766600
2024-07-03,72.1974868774414,72.8105858759319,72.04885252188241,72.09530252981364,1432800
2024-07-05,72.4947509765625,73.04282423502852,71.96525346953753,72.29967369368765,2343600
2024-07-08,72.27179718017578,72.66195169548945,72.10458708971628,72.47615876871474,2359600
2024-07-09,72.5690689086914,73.11714217283544,72.18819867107824,72.18819867107824,2623600
2024-07-10,72.8663330078125,72.95922594367164,72.26251829381299,72.85704158804357,2443100
2024-07-11,74.1854248046875,74.38050207955769,73.02424548716769,73.10784699613659,3542500
2024-07-12,74.30618286132812,74.64060306257042,73.97176266008583,74.31547428005038,3682300
2024-07-15,74.3619155883789,74.54770141743757,73.66520809849632,73.8695696755508,4114000
2024-07-16,75.35589599609375,75.42092175477636,74.55700405383527,74.77994849970764,3211400
2024-07-17,75.82964324951172,76.95366385462029,75.41162157614771,75.59740741158164,4313700
2024-07-18,75.53239440917969,76.41489499463198,75.3001585320517,75.3001585320517,2921900
2024-07-19,75.61599731445312,76.01544327651553,75.28157710959735,76.01544327651553,2729800
2024-07-22,76.03400421142578,76.33126577034459,75.5509568359107,75.6902997419952,3619900
2024-07-23,75.56954956054688,76.00615412364027,75.51381522050131,75.9318369453954,2188300
2024-07-24,76.7957534790039,76.81433631691927,75.71818276002384,76.21981307459728,4190600
2024-07-25,75.8575210571289,77.52961491619415,75.54167661736422,77.0744346369641,4028800
2024-07-26,76.33128356933594,76.647128035928,76.00615477084135,76.12691487106041,4010100
2024-07-29,77.14874267578125,77.38097849709634,76.3591352134901,76.56350387021135,3571700
2024-07-30,77.45530700683594,77.55749135951497,76.67499786340683,76.76789079658508,4032500
2024-07-31,77.5853500366211,77.75256013294621,76.44275361779582,77.04656824826299,7362300
2024-08-01,81.34757232666016,81.4497566664767,77.4088543400223,77.95692753787866,8598500
2024-08-02,82.28580474853516,82.89890368238211,80.27928368370785,82.10001182367591,7196600
2024-08-05,80.41864013671875,83.30765504708603,80.26072143947367,82.6666817512039,6380200
2024-08-06,80.30715942382812,81.61697310663244,80.29787509205056,80.6322953052229,4332800
2024-08-07,81.08747100830078,81.59838563079848,80.35360486484242,80.64157505365523,5028600
2024-08-08,80.31644439697266,81.21752061641007,80.12136713615769,80.31644439697266,4337300
2024-08-09,80.63229370117188,80.71589520916376,79.5361401547524,80.40005784038196,3974000
2024-08-12,81.00386810302734,81.09676812025425,80.32574333583904,80.81808224312607,3641200
2024-08-13,81.00386810302734,81.45905550815513,80.64158071512647,81.18966105020489,3408900
2024-08-14,80.99457550048828,81.54264869232478,80.42791947219345,80.61370531312349,2284200
2024-08-15,80.82736206054688,80.99457214536761,80.13993888557536,80.35359897234224,2810600
2024-08-16,81.1524887084961,81.6076689492118,80.58583271836478,81.18035587403124,3754400
2024-08-19,81.43350219726562,81.51779845645082,81.04009821588176,81.33046867192381,2670400
2024-08-20,81.3023681640625,81.97675966150787,81.07756385207433,81.51779669700151,3576500
2024-08-21,82.02359771728516,82.14536136300705,81.17123790488539,81.26490279745403,4543000
2024-08-22,80.93707275390625,81.97676235983829,80.5811361546289,81.97676235983829,5935200
2024-08-23,80.66543579101562,81.37729466395479,80.59050102138846,81.18996488605984,3987500
2024-08-26,81.01200103759766,81.32110161963166,80.73100635534493,80.81530261616875,3965900
2024-08-27,80.30950164794922,81.1524999664303,80.2252053891877,80.8527680249896,3129900
2024-08-28,80.31887817382812,81.20870545256133,80.09408098220032,80.58114275508954,4115900
2024-08-29,80.3656997680664,80.4312659016096,79.5039642535623,80.16899422126417,5020100
2024-08-30,80.92769622802734,81.04009123058633,80.20646161280182,80.46873329317548,4137400
2024-09-03,83.27873229980469,83.58782573865982,80.89023817356357,80.95580431467508,6486800
2024-09-04,83.48479461669922,84.53386005089516,82.81040306561643,83.76579645594727,4189800
2024-09-05,83.84072875976562,84.6181538192317,83.24126485681246,84.28096162672229,4598200
2024-09-06,82.81039428710938,84.15918439246698,82.63242599803998,83.86882109655195,4614200
2024-09-09,83.66275024414062,83.7470536416069,82.80102188211066,82.83848926474316,3854300
2024-09-10,83.96247863769531,84.48700768020687,83.68147685282284,83.83134637706742,4104500
2024-09-11,83.14759063720703,83.73769303752775,82.55749538305955,83.66275826507857,3877200
2024-09-12,82.88532257080078,83.5690898346486,82.71672291301454,83.2318905190761,3527100
2024-09-13,83.77516174316406,83.83135925029941,82.63243145692309,82.95089352558784,2311700
2024-09-16,84.19666290283203,84.4214600924016,83.363033143095,83.363033143095,3701100
2024-09-17,83.97186279296875,84.1498239531927,83.46606377439706,84.09362644429814,3019200
2024-09-18,83.37239074707031,84.06551949181257,82.86659177782396,83.85945245106336,3676000
2024-09-19,83.23188781738281,83.37238871867287,82.42635693923737,83.03518941404582,7627700
2024-09-20,84.01868438720703,84.43081847318078,82.86659267766832,84.41208835389695,9736500
2024-09-23,84.78675079345703,84.85231693244046,83.85945621464187,84.15918815659087,3825100
2024-09-24,84.04678344726562,85.09584154995854,83.82197915711227,84.29031070900656,6222400
2024-09-25,83.69086456298828,84.81486481253556,83.28809905748093,84.44019806268646,3457200
2024-09-26,83.3161849975586,83.9437547441478,83.03519033802439,83.2599874948863,3742400
2024-09-27,84.39334869384766,84.4214474450626,83.27872440067611,83.54098894024588,4531700
2024-09-30,84.46827697753906,84.88977250575527,83.87818180880193,84.34651334956314,6838500
2024-10-01,85.12395477294922,85.9575845053658,84.2996936740917,84.73055791755178,4029900
2024-10-02,85.78897094726562,86.00440660721429,84.41208217622341,84.53384580808944,4869000
2024-10-03,84.9553451538086,86.05124647436367,84.47765209082517,86.00441045822517,6120700
2024-10-04,84.59005737304688,84.74929555956092,83.69086149408645,84.20602914950973,3432300
2024-10-07,83.25999450683594,84.51512695954573,83.05392745145274,84.35588877827564,4871300
2024-10-08,83.6346664428711,84.03743194544658,83.17570342938816,83.55036303033613,2865500
2024-10-09,83.29745483398438,84.29968412608086,83.1850526825274,83.77515504496054,4127800
2024-10-10,82.66990661621094,84.11236898641366,82.62307059174582,83.33493671580636,3288000
2024-10-11,83.32554626464844,83.43794840623019,82.72608246855668,82.99771561775015,3081200
2024-10-14,84.14981079101562,84.25284430532217,83.12885142619749,83.12885142619749,2764600
2024-10-15,84.96470642089844,85.61100622748526,84.63687577486604,84.768008033279,3716600
2024-10-16,86.44464874267578,86.60387977372568,84.8616856267111,85.21762222102639,3425700
2024-10-17,86.82866668701172,86.96916758153013,86.19173549187758,86.46336864896723,3908700
2024-10-18,87.33447265625,87.43750617745359,86.1917424364814,86.82867368293408,3663400
2024-10-21,86.8567886352539,87.79345191025592,86.74438646963115,87.50308143560721,3188100
2024-10-22,87.18460845947266,87.28764197854382,86.27604405284845,86.50084120983426,3021100
2024-10-23,88.18683624267578,88.2149349935463,86.95044118116483,87.02537594760129,4738900
2024-10-24,87.68104553222656,88.46783921526546,87.41878097121361,87.93394146001097,2722300
2024-10-25,86.06061553955078,88.22431247381937,85.99504939888648,88.17747645355628,2498800
2024-10-28,85.97631072998047,86.81930898768428,85.94821197908578,86.37907616720715,2773000
2024-10-29,84.1310806274414,85.26444213802672,83.95311234897702,85.2363433879897,5860700
2024-10-30,83.70021057128906,84.60877487156564,83.40047868166738,84.60877487156564,7005800
2024-10-31,85.26445007324219,86.52894396579654,84.4120902760463,84.94598801495472,10247100
2024-11-01,82.93215942382812,85.23635000601028,82.70736225990555,85.23635000601028,6817400
2024-11-04,82.53877258300781,83.5597321500223,81.95803876428401,82.93216945399465,4745100
2024-11-05,83.0820083618164,83.15694311971188,82.22028008453393,82.59494672783947,4438000
2024-11-06,81.88309478759766,83.119489919087,81.592731483938,82.6136909362723,4708100
2024-11-07,81.42411804199219,82.17345132959835,80.89958902837098,81.96738431819806,4574500
2024-11-08,83.02581024169922,83.16631112515299,81.63018433071447,81.90181746641261,3805900
2024-11-11,82.73545837402344,83.48478461193004,82.55749008741572,82.55749008741572,2899600
2024-11-12,82.15473175048828,83.01646021439865,82.05169822261058,82.80103167150774,4171500
2024-11-13,81.97676086425781,82.6417980309305,81.28363209089078,82.6417980309305,3329800
2024-11-14,81.28363037109375,81.95802901033792,81.12439934409805,81.94866037752259,3316300
2024-11-15,82.36079406738281,82.42636020442578,81.18059645443647,81.18059645443647,4464500
2024-11-18,83.14463806152344,83.26740696738476,82.0113583563641,82.16246519912035,4991500
2024-11-19,83.3807373046875,83.47517547905719,82.29468028650895,82.9274239804738,3546400
2024-11-20,83.07853698730469,83.49407363156554,82.91799135844805,83.20130590257658,4239900
2024-11-21,83.23908996582031,83.49408100373915,82.51190797932813,82.96521417202736,5635600
2024-11-22,82.72911071777344,83.70183771019224,82.71022596289855,83.62629148552102,3440000
2024-11-25,83.5035171508789,83.52240911133045,82.54968209805837,83.05964974750113,5833900
2024-11-26,84.3629150390625,84.39124577249162,83.23908124523253,83.60739519015354,3509100
2024-11-27,84.75011444091797,85.22231254911034,84.37235451332981,84.69345297358971,3504700
2024-11-29,84.17403411865234,85.0806536427226,83.9757117732468,84.91066923680769,2364000
2024-12-02,82.88964080810547,84.41956505224564,82.7668719115123,84.41956505224564,4030000
2024-12-03,81.46361541748047,83.57906081501142,81.44472345923671,83.3618465262339,5724600
2024-12-04,81.076416015625,81.66194428011144,80.74587877162925,81.37862252515991,3795700
2024-12-05,81.39751434326172,81.83193574963892,81.11419258880325,81.12363856866426,3007600
2024-12-06,80.09424591064453,81.63361645277122,79.80148537056135,81.33140993247419,4798300
2024-12-09,79.62203979492188,80.46255182044762,79.18761841584337,80.17923728896393,3866600
2024-12-10,79.69758605957031,79.97146179235565,78.61152910684785,79.4331563052039,3250000
2024-12-11,78.62097930908203,79.66925960961679,78.38488027211783,79.48038326211375,5066800
2024-12-12,78.73430633544922,79.48981890083522,78.55486876877868,78.92318267550309,3053900
2024-12-13,78.57376098632812,78.75319857004776,78.11100886560882,78.63986843214516,2549300
2024-12-16,77.32715606689453,78.70597361513069,77.27049460215788,78.53598922092073,4716300
2024-12-17,78.6493148803711,78.72486830608982,76.85496064799347,77.01551347893854,5500700
2024-12-18,76.9682846069336,78.57375514611424,76.921061918358,78.28099465142347,4016000
2024-12-19,77.23271942138672,78.18656159266145,76.8549595035894,76.96828964047994,4044400
2024-12-20,78.25267791748047,78.47933101180948,76.87386018545668,77.20439744909731,7725000
2024-12-23,78.42266845703125,78.4793299285384,77.40271873887137,78.24323085702946,2556400
2024-12-24,78.5359878540039,78.5454266278484,78.11100526036284,78.44154247419198,1146300
2024-12-26,78.23377990722656,78.55487837077156,77.91268864885295,78.11101099170219,2177500
2024-12-27,78.51709747314453,78.6870890729814,77.68603143237041,77.74269289725902,2603000
2024-12-30,77.79935455322266,78.34710606572796,77.46881733194223,78.1865604447019,3813100
2024-12-31,77.74269104003906,78.18655838485225,77.10994734666193,77.85602117227992,2987200
2025-01-02,77.50659942626953,78.3754422411653,77.26105438547846,78.26211930323983,2653100
2025-01-03,77.74269104003906,78.38488071239564,77.53492273351621,77.69546835031265,4648000
2025-01-06,76.45831298828125,77.79935381920723,75.9861149037154,77.46881660104532,5375500
2025-01-07,76.5810775756836,77.53491967013846,76.46775465309092,76.59996953289608,4533300
2025-01-08,78.40377044677734,78.43210838551623,76.7888537868838,76.98717612702814,7807500
2025-01-10,76.79830169677734,78.31878021460552,76.6849715544872,77.72381317921813,5002300
2025-01-13,77.31771850585938,77.40271070429772,76.02389313443045,77.19494239010916,3555600
2025-01-14,77.48771667480469,77.66714706621565,76.8833036396724,77.44049397933397,3693200
2025-01-15,77.76158142089844,78.58320872747645,77.44049016406628,78.29044820446225,4113300
2025-01-16,79.22539520263672,79.26317191457113,77.40271028153481,77.53492517071973,4452800
2025-01-17,79.2348403930664,79.79203067691685,78.71541961560328,79.02707208208116,5407000
2025-01-21,80.01869201660156,80.71754317685082,79.42371780806339,79.49927123219064,5647500
2025-01-22,77.93157196044922,79.85814109054091,77.87491049359016,79.59371130497031,5195000
2025-01-23,77.68602752685547,78.29044047251841,77.56325141887444,77.93156533247621,5846700
2025-01-24,78.83820343017578,79.24429411262986,77.48771648203052,77.52548599210706,6574400
2025-01-27,81.69026947021484,81.831930338076,78.26211393486393,79.24428682548474,7700200
2025-01-28,78.89485931396484,81.48250288128114,78.88541333452872,81.35028798986016,6138500
2025-01-29,78.22433471679688,79.75425186620035,78.0921198324082,79.21594634971194,5771800
2025-01-30,80.20757293701172,80.36811856854175,78.85708602584724,79.14040777986499,6408100
2025-01-31,79.28205871582031,80.02813258416131,78.7909758583303,79.81092549139177,4685500
2025-02-03,79.30094146728516,79.68814012060759,78.38487609979761,78.87595890026834,6165300
2025-02-04,78.57376098632812,79.2253966702184,78.17711631142586,79.04595908649877,4716200
2025-02-05,79.20651245117188,79.5087189491143,78.60209945528703,79.21595122551574,4161500
2025-02-06,79.1309585571289,79.54649519127997,78.29044651453876,79.54649519127997,3339000
2025-02-07,79.87703704833984,79.95259047804838,78.5359960942857,78.9420795673329,5077900
2025-02-10,80.75532531738281,80.77421007209854,79.49927657622592,79.99035945572199,4141600
2025-02-11,81.64305114746094,81.71860457505213,79.60315903869856,80.5003325745369,4376900
2025-02-12,81.98301696777344,82.03968562902617,80.27366246102251,80.70808376972059,4723000
2025-02-13,81.95470428466797,82.19080334389099,81.2464071069989,81.9641502644849,4396300
2025-02-14,80.82142639160156,82.61578056526588,80.72698821512893,82.18135198418389,4390800
2025-02-18,81.80241394042969,81.81194006563668,80.64047371953112,80.85953100146466,4207600
2025-02-19,82.36433410644531,82.48814466146166,81.3166783859067,81.90717458600082,5049800
2025-02-20,83.64055633544922,84.76439922253498,80.4785588124068,80.4785588124068,9109200
2025-02-21,84.19295501708984,84.74535396764327,82.954820440512,83.38340883992917,5347900
2025-02-24,84.65963745117188,85.3644180934436,83.87866234316694,84.65011132637918,5476400
2025-02-25,85.5739517211914,85.74538564090759,84.69773713877728,84.97393663533695,4871100
2025-02-26,84.52629089355469,85.20250034874672,84.03104145676029,85.12630589191579,5241800
2025-02-27,84.08818817138672,84.83106599953082,83.76436534565761,84.05009094093013,5155700
2025-02-28,85.51680755615234,85.52633368100422,84.12629124625201,85.07870027492108,6142200
2025-03-03,86.52635192871094,86.52635192871094,85.08821237508397,85.34536686152974,5725400
2025-03-04,85.61205291748047,87.93593343312,85.48824235107358,87.05019268464302,8846200
2025-03-05,84.4310531616211,85.89776378688688,84.17389868119665,84.96439983760739,4595700
2025-03-06,84.49773406982422,84.91679638691696,82.94530263130586,84.05010064316689,5368300
2025-03-07,87.05020141601562,87.40258816586699,84.3072582984824,84.33583667787792,6728000
2025-03-10,88.53594207763672,89.03119883968648,86.8597001593443,87.09780241555556,7370100
2025-03-11,85.81204986572266,88.26926684163315,85.67871318637594,88.09783293014395,6760600
2025-03-12,84.45963287353516,85.34537356001593,84.09772005885105,85.16441351952177,4536200
2025-03-13,85.36441802978516,85.71681198381033,84.45963236536662,84.86916853549698,3587200
2025-03-14,86.07872772216797,86.23111665870051,84.55487468836468,85.10727368383851,2990800
2025-03-17,86.23111724853516,87.05971574741365,85.59300492162531,86.05015720174107,3649800
2025-03-18,85.93586730957031,86.16444343511796,85.39299446995466,85.84062059648011,3505400
2025-03-19,85.33585357666016,86.18349709107709,85.02155683096271,85.71681866844753,3366200
2025-03-20,85.68824768066406,85.77396101162876,84.89774638567849,85.64062431925828,4652800
2025-03-21,85.10726165771484,86.35491501748093,84.52629163531152,85.5644138701055,8327300
2025-03-24,84.65010833740234,85.8501456982627,84.54534276729447,84.91678895805215,3641000
2025-03-25,83.55484008789062,84.68820179333277,83.24054339157908,84.68820179333277,3912800
2025-03-26,84.82154083251953,84.95487750747037,83.66912684684225,83.81198964609067,3953300
2025-03-27,85.74537658691406,85.98347882436137,84.76439653123975,85.21202990024926,3830500
2025-03-28,86.79302978515625,87.08828151702889,85.97395746167172,86.55492753452248,4483700
2025-03-31,87.5739974975586,88.27878533178774,86.75492524308946,87.19303974168744,6340400
2025-04-01,87.4501953125,87.7835370139016,86.8120830174878,87.24066416696068,4178900
2025-04-02,86.95494842529297,87.66925520666294,86.393023312137,87.62163184804987,4704500
2025-04-03,88.15497589111328,88.85976379225679,87.62162916921365,88.31689094566491,6392600
2025-04-04,84.70726013183594,89.1931057211924,84.27867171524012,88.77404342931314,8268800
2025-04-07,83.0691146850586,85.17393771684682,82.25004235840565,83.57389029574618,8150900
2025-04-08,82.72624206542969,84.46915218967816,82.059558706249,84.46915218967816,6248000
2025-04-09,83.62152862548828,85.14538185503297,80.95478002405605,82.20243372038556,7694500
2025-04-10,84.65963745117188,85.43108643438413,82.85958497947385,83.79294901894522,7047400
2025-04-11,85.5834732055664,85.88824379450209,83.50722129772204,84.25009915410878,4022000
2025-04-14,86.82160949707031,87.32638511358516,84.91679146264195,85.49775427814279,3330900
2025-04-15,86.68826293945312,87.33590134231036,86.60254961831069,87.20256466521951,2381200
2025-04-16,86.16443634033203,87.52638138951346,85.96443133865827,87.52638138951346,2731300
2025-04-17,87.44066619873047,88.61213244224396,86.48825721796642,86.56445168034047,3462000
2025-04-21,85.93586730957031,87.34542856113548,85.3168000060041,87.25971523891911,3015000
2025-04-22,87.48828887939453,87.83115669112897,85.95490985088877,86.13586988105523,3849500
2025-04-23,86.79302978515625,87.22161819607948,85.87871801467902,87.12637874908677,5214600
2025-04-24,86.71683502197266,87.08827391925186,85.97394996111083,86.70730889821326,3018400
2025-04-25,86.1263427734375,86.9930311508739,85.85966942653398,86.71683894608366,3442800
2025-04-28,86.43110656738281,86.71683214024253,85.54536601108147,86.05014155900423,2332200
2025-04-29,87.0978012084961,87.2406640135038,86.04062662426482,86.28825500185789,3234900
2025-04-30,87.51686096191406,87.84068379496489,86.09777361026308,87.4787637305961,5934700
2025-05-01,87.10733032226562,88.0406943828808,86.4311207727494,88.0406943828808,5319700
2025-05-02,86.71683502197266,87.47875779774647,86.06919666609804,86.99302721426466,4060800
2025-05-05,86.71683502197266,87.19303948169507,85.84061329369283,86.95493725183385,3572800
2025-05-06,86.87875366210938,87.4692426155958,86.57398306041513,86.73589085306114,2995100
2025-05-07,87.72640228271484,88.15498346875222,86.61208538597387,86.61208538597387,5011300
2025-05-08,86.01205444335938,87.6692513346855,85.8787177646969,87.28828628151959,3711500
2025-05-09,86.0501480102539,86.51682636569576,85.75490355811979,86.02157690408657,2982500
2025-05-12,83.60246276855469,85.45013859601008,83.29769217223975,85.09774464208486,6666100
2025-05-13,81.49764251708984,84.05962519935794,81.44050029902732,83.61199178105636,7041400
2025-05-14,80.86904907226562,81.50716133779301,79.13565777246278,81.14524127901932,8015100
2025-05-15,83.22150421142578,83.24055646248075,81.53574330829875,81.53574330829875,5255900
2025-05-16,84.48820495605469,84.51677606460866,82.98339693090777,83.13578586493475,4181800
2025-05-19,85.93843841552734,85.99606130668576,84.59384811155229,85.05484589567492,5997500
2025-05-20,87.2350082397461,87.39827798949541,85.66951791147926,85.80397621449963,9612400
2025-05-21,86.11132049560547,87.21579840039509,85.75596221104358,87.11015154086124,9104500
2025-05-22,85.32376098632812,85.94803583010349,84.89157465540616,85.94803583010349,5055500
2025-05-23,86.09210205078125,86.19774890304048,84.63226596195113,85.99606145620768,3129500
2025-05-27,86.36102294921875,86.69716871068744,86.02487718775006,86.447464617841,4316700
2025-05-28,84.72830200195312,86.36101400422025,84.13283862372191,86.08249116572955,5217900
2025-05-29,85.23733520507812,85.28535916996779,83.9503750132318,84.41137283548818,3670400
2025-05-30,86.43785858154297,86.50508773400927,84.84355678387348,85.15089842649435,10682400
2025-06-02,86.3802261352539,86.45705420998534,85.32375767414017,85.76555757283896,4338600
2025-06-03,86.04408264160156,86.52429296730068,85.19891510624522,86.38023573153339,5353800
2025-06-04,84.79553985595703,86.07290107584869,84.77632733964532,86.05368855953698,5816000
2025-06-05,84.88197326660156,85.7751647521762,84.59385147193656,85.7655658215536,6725100
2025-06-06,84.76673126220703,85.1701061891944,84.25770947423322,85.03564788019861,3995800
2025-06-09,84.99723052978516,85.64071062945045,84.02720358731334,84.24810356869084,3907800
2025-06-10,85.76556396484375,85.98645660322876,85.06445369089056,85.16049428703307,3969000
2025-06-11,86.00566864013672,86.1017092357446,85.40059896569436,85.67912182215663,5151500
2025-06-12,86.78360748291016,87.44630005299398,85.88080975872963,86.29379091687308,7122500
2025-06-13,86.77400207519531,87.465506098157,86.37062717094362,87.16777804893711,5059000
2025-06-16,85.41980743408203,87.33104230760719,85.27574288378212,86.97568406052439,5374100
2025-06-17,84.92037963867188,85.65030127711815,84.37294024169391,85.42940133600246,4413400
2025-06-18,85.12208557128906,85.43902616671073,84.66108773015624,85.03565122386237,5189700
2025-06-20,85.76556396484375,86.39943776132661,84.96841309474804,85.09326513699054,10746100
2025-06-23,87.08133697509766,87.14856612626389,85.90002370068706,86.14972778934568,5907600
2025-06-24,87.2926254272461,87.67679512251898,86.86043909970627,86.89885680197631,4558100
2025-06-25,86.82203674316406,87.10055963827993,86.25538469381006,86.97570025197665,5548300
2025-06-26,86.77400207519531,87.39827694744837,85.92883456236875,86.85083748384169,6003400
2025-06-27,87.30223846435547,87.68640818946207,86.62034068281957,86.66835731881537,5228200
2025-06-30,88.1954345703125,88.3010814334238,86.85084412588289,87.00450762749941,4924600
2025-07-01,88.64682006835938,88.85810643520803,87.65758074266485,88.35869097117809,7399400
2025-07-02,87.54234313964844,88.55078041908709,86.90846199763442,88.15701176542858,6437200
2025-07-03,87.88809204101562,88.32988464216461,87.05252347274362,87.39827547841288,3467200
2025-07-07,88.03215789794922,88.09938704852061,87.5423413281132,87.8208641883169,3433100
2025-07-08,87.64798736572266,87.94571541155888,86.80281253507356,87.30223535817126,4600000
2025-07-09,88.32027435302734,88.33948686770299,87.16777260502069,87.78244118094788,3236200
2025-07-10,89.56883239746094,89.97220731425057,87.83046602808601,87.83046602808601,6686800
2025-07-11,88.99258422851562,89.33832893403405,88.57960304068635,89.17505917609485,5014900
2025-07-14,89.01177978515625,89.5976369260565,88.47394660430128,88.95415689504394,7698600
2025-07-15,88.81009674072266,89.31911850173115,88.23384582877772,88.88693214962942,5215600
2025-07-16,89.60724639892578,89.74170469896428,88.60840807904846,88.72365386340844,4498100
2025-07-17,89.63604736328125,90.09704510166925,89.1078131553086,89.31910683849766,4489200
2025-07-18,90.37557983398438,90.88460159558868,89.67447687731624,89.82814036788173,4197800
2025-07-21,91.03826904296875,91.5184793402769,90.42360044860854,90.52924730021054,4206800
2025-07-22,92.05631256103516,92.62296452232148,91.04787533278807,91.35520963007684,3889500
2025-07-23,91.36482238769531,92.14276816999693,90.82698911789961,91.96028588456107,4353400
2025-07-24,91.23995971679688,91.90265229530632,91.17273056589214,91.40322946507581,3904600
2025-07-25,91.57611083984375,91.75859311475205,91.15353072113848,91.15353072113848,3069800
2025-07-28,90.56766510009766,91.54729088358526,90.2411182873167,91.43203777423416,5481400
2025-07-29,91.43203735351562,91.47045505645589,90.61568131646109,90.80776983116237,5217400
2025-07-30,91.1439208984375,91.83542493691371,90.89420947844819,91.52809062286073,6808000
2025-07-31,90.74053955078125,92.10433501472122,89.2326795344696,91.12470192053574,12682300
2025-08-01,91.23035430908203,91.73937607459443,90.42360449070645,91.47045946846924,7496800
2025-08-04,92.20037841796875,92.39245960870176,91.25916299755045,91.35521092034469,5838300
2025-08-05,90.65409851074219,92.6037511275982,90.24111736573617,91.96987735120963,6033400
2025-08-06,90.93262481689453,91.75858713830702,90.44280824781785,90.97104252107974,3656300
2025-08-07,91.57611083984375,91.78740456291054,90.5772724482551,90.66371412015894,4162500
2025-08-08,90.9422378540039,91.99869915185279,90.73094412894845,91.78740542679733,4148300
2025-08-11,90.82698059082031,91.56650126736122,90.50044108693754,91.25916695241294,4313200
2025-08-12,90.24111938476562,90.93262339442653,89.58803307868897,90.90381194859528,7908600
2025-08-13,91.03826904296875,91.10549819149479,89.70328500264633,90.17388904232857,5478100
2025-08-14,90.46202087402344,90.95183011627003,90.0394334548982,90.95183011627003,5252500
2025-08-15,90.34676361083984,91.00945615540103,89.92417621112807,90.59647501316294,5698500
2025-08-18,89.88211059570312,90.64685966223033,89.80466596947925,90.58877988532544,5070500
2025-08-19,91.16960906982422,91.20833138686866,89.87243729817912,89.91115961522357,4691000
2025-08-20,91.8956298828125,92.58293434793508,91.31480993621152,91.4793742337353,5556600
2025-08-21,91.59553527832031,92.13763287549884,91.34384394297635,91.9246638521713,3294400
2025-08-22,91.46002197265625,92.44741519950082,91.07280619105038,92.02147710118169,3304900
2025-08-25,90.15316009521484,91.46968920904035,90.01763569104394,91.21800525016644,2559500
2025-08-26,90.11443328857422,90.51133144208922,89.53361338744136,90.17252044855553,3699500
2025-08-27,90.29837799072266,90.47262472965824,89.843399984306,90.21125831401837,3089900
2025-08-28,89.29161071777344,90.06604223040303,89.12704642163568,90.06604223040303,2797400
2025-08-29,89.34970092773438,89.84339383297758,89.27225629672608,89.5142652294821,3227600
2025-09-02,89.14640808105469,89.8530774234984,88.70111252527195,89.29161491969673,3467500
2025-09-03,88.73015594482422,89.03024464892177,88.2558131335088,88.71079109489943,3481000
2025-09-04,88.93344116210938,89.48522120789757,88.50750309675492,89.29160963931545,3468700
2025-09-05,88.84632110595703,89.42714108638692,88.6236770164635,89.03993268978483,3166400
2025-09-08,87.92668151855469,88.91407465052566,87.6943476405989,88.50750144239208,3712000
2025-09-09,88.2945327758789,88.57526400708251,87.63626822335604,87.78147505129255,2889600
2025-09-10,88.63334655761719,88.7398310757344,87.82020011256903,88.18805102072992,4309800
2025-09-11,89.18511962890625,89.19480205312043,88.30421104908436,88.6236645784209,3701900
2025-09-12,89.32064819335938,89.48521987057624,88.78823300514921,88.94311487217408,4076300
2025-09-15,89.33032989501953,89.44649683349252,88.63334303523365,89.06896351536282,3922300
2025-09-16,88.43973541259766,89.36904872761396,88.43005298838713,89.15607970813664,6625700
2025-09-17,88.70110321044922,89.11735883189635,88.4784591487018,88.66238089850927,5065100
2025-09-18,88.52685546875,88.94311108535061,87.81051117001606,87.86859094448684,6073900
2025-09-19,88.86568450927734,89.34970238267096,87.4620282451199,88.12997527377159,9381500
2025-09-22,89.37873840332031,89.6207473295382,88.7011089785944,88.94311790481231,5569500
2025-09-23,90.72430419921875,90.72430419921875,89.16576617924488,89.34969531996417,4413500
2025-09-24,91.39225006103516,91.42128994910505,90.1822054879499,90.61781858005021,4826500
2025-09-25,90.69526672363281,92.02147090044562,90.58878220622833,91.56649294163127,6968400
2025-09-26,91.50841522216797,91.64393963181818,90.83079317391692,91.0728021033675,5203400
2025-09-29,90.90823364257812,91.50841103340576,90.46293073350938,91.4793711448852,8002600
2025-09-30,91.74073791503906,91.99242925915831,90.64686025815813,90.8307894002675,7481500
2025-10-01,91.76979064941406,92.33124576281914,91.58586149636109,91.88595021089884,4625900
2025-10-02,90.88887023925781,91.5084124893068,90.54037680041448,91.16960147529973,4436200
2025-10-03,91.51809692382812,91.81818563060614,90.51133889900913,90.51133889900913,6022100
2025-10-06,92.4377212524414,92.47644356432829,91.38256594924557,91.41160583677929,4870200
2025-10-07,93.33799743652344,93.676808443583,92.25380221393283,92.43772396889315,5607700
2025-10-08,93.10567474365234,93.69617711670926,92.44741016641805,93.69617711670926,3700500
2025-10-09,93.05725860595703,93.57032367248763,92.94109906189576,93.57032367248763,4113900
2025-10-10,95.14822387695312,95.21598607628586,93.36703446009483,93.57032844361886,5296400
2025-10-13,94.9449462890625,95.2740748926193,94.08339507913263,94.49965073897161,4261800
2025-10-14,96.4937973022461,96.6196392824102,95.3127925857673,95.54511908204186,5343000
2025-10-15,96.53252410888672,97.03589943849839,96.00010150355337,96.41635716257949,7287400
2025-10-16,95.28376007080078,97.61672240993336,95.23535532863146,96.91974286717138,4927000
2025-10-17,94.67388916015625,95.98073580552578,94.48996002399524,95.9516959178216,4916300
2025-10-20,94.5674057006836,95.26439255544449,94.22858731229498,95.25471013092671,5044900
2025-10-21,93.89945983886719,95.1482267374204,93.44448189301532,95.0707821114188,4582900
2025-10-22,94.36412048339844,94.9739802974986,93.35736249903192,93.8801026477718,3438200
2025-10-23,93.07662963867188,94.86749412203366,93.04758975072683,94.74165214576315,3194500
2025-10-24,92.81525421142578,93.52192347602644,92.77653189968493,93.18311248020112,4353300
2025-10-27,92.35060119628906,92.64100745591442,91.75041644288872,92.64100745591442,4019300
2025-10-28,90.90823364257812,92.19571547532114,90.33708875474495,92.0601910718745,6012800
2025-10-29,90.5210189819336,91.37288772603486,89.88211188471303,90.57909875967141,6431000
2025-10-30,92.0311508178711,92.4667639150016,90.08539705393434,90.08539705393434,7421400
2025-10-31,91.03407287597656,91.65361509748473,90.6081348291175,91.46001092283562,5432500
2025-11-03,90.17251586914062,92.05049987457917,89.23352017365868,90.57908904073322,14019100
2025-11-04,89.76595306396484,90.5210197228412,89.45618193761746,90.17252628250962,12289100
2025-11-05,88.48814392089844,89.28193287291414,87.60722791832467,88.40101687034037,12553100
2025-11-06,87.99444580078125,89.10768832268548,87.95572348687293,88.09124789278896,4916100
2025-11-07,88.51718139648438,88.9721593295417,87.95571895205083,88.24613259862703,4769600
2025-11-10,87.85892486572266,88.43006240099923,87.08449332801469,88.25581567429127,6177900
2025-11-11,88.22676849365234,88.52685718159186,87.65563100557056,88.00412443018944,3885400
2025-11-12,88.95279693603516,89.0786389140778,87.97507884346989,88.2558100734352,5588400
2025-11-13,88.25580596923828,89.42712818671036,88.16868630822766,89.05927730878939,5696400
2025-11-14,87.7911605834961,88.69143408593797,87.41362724881334,88.38166295528734,4613600
2025-11-17,88.40603637695312,88.78667558573297,87.97659421472551,88.31819255000418,5709100
2025-11-18,88.51339721679688,89.2161180496235,88.35723372226417,88.85499555323058,4992500
2025-11-19,86.91275024414062,88.63050384056424,86.76634884371197,88.60122504973542,5014600
2025-11-20,86.44428253173828,87.35196243929411,86.30764318619532,87.08844582897152,7947400
2025-11-21,87.1274642944336,87.89850472401251,86.37594802302783,86.56139029424992,6434600
2025-11-24,87.00059509277344,87.5666765915637,86.08315317723645,87.43979189056418,6045200
2025-11-25,87.1469955444336,87.38123333758115,86.4930776718255,86.86395479816625,5363600
2025-11-26,88.07418823242188,88.23035171854886,87.39099159632848,87.58618850770235,3490300
2025-11-28,88.93306732177734,88.93306732177734,88.09370724855748,88.22058448891511,2548700
2025-12-01,86.87371063232422,88.57194754154959,86.8541864739659,88.44507029735917,5749000
2025-12-02,86.90299224853516,87.15675419144972,86.20027145048552,87.14699211195322,5825600
2025-12-03,85.8684310913086,88.17178284090035,84.98026805685562,87.08843034987508,10934400
2025-12-04,85.23403930664062,86.49307957269225,84.87291680595926,85.63419523513343,7651900
2025-12-05,84.20923614501953,85.97579286720278,84.0823588899644,85.34139914564182,7255500
2025-12-08,83.50651550292969,84.32635896153408,83.41867912144635,84.15067875228209,6726100
2025-12-09,83.43819427490234,84.28731651145551,83.38939876819697,83.93595609952214,6830100
2025-12-10,82.0620346069336,83.33082940968809,81.78875595545676,83.13563250042887,8528200
2025-12-11,82.69644165039062,83.41867920188511,82.23772068988558,82.8525976997178,6262600
2025-12-12,82.41340637207031,83.10636517572556,82.23772615098267,82.46220188297556,4796100
2025-12-15,83.93595123291016,84.09211471639736,82.48171416278807,82.7842716041886,6826800
2025-12-16,83.65291595458984,83.91643998857442,82.95995720560315,83.3503584934748,6579500
2025-12-17,84.94123840332031,85.47804112648693,83.54555876937262,83.56508293000715,8995400
2025-12-18,85.12667846679688,85.36091626427327,84.62891663165985,85.0681208789991,5553400
2025-12-19,83.23323059082031,84.83386906785265,83.18443508686143,84.6679509510799,11300700
2025-12-22,83.66267395019531,83.75051032637862,82.80378966955043,83.23323180987286,5245900
2025-12-23,84.31659698486328,84.70699827771135,83.54555647921683,83.65291702090717,4319300
2025-12-24,85.07786560058594,85.10714439107363,84.30682518384403,84.45322658256694,1617500
2025-12-26,85.07786560058594,85.5268244293943,84.69722643167701,84.83386575147588,2308500
2025-12-29,85.43899536132812,86.05387235298326,85.15595461861176,85.20475757111927,3491000
2025-12-30,85.46826934814453,85.71226920439095,85.07786808889333,85.49754813948854,2975100
2025-12-31,85.10714721679688,85.52682726905175,85.07786842533707,85.34139244104475,3234300
