Price,Close,High,Low,Open,Volume
Ticker,SPG,SPG,SPG,SPG,SPG
Date,,,,,
2021-01-04,62.07426834106445,64.6453921863799,61.51206929954344,64.21062927403179,4299400
2021-01-05,62.344120025634766,63.20615964012917,62.16421794610905,62.32913056858429,4647900
2021-01-06,63.76837921142578,64.8253164223984,62.77890887640192,62.96630860439118,8356300
2021-01-07,63.81333541870117,65.39498913685188,63.348587883783864,64.3455498106452,4227800
2021-01-08,64.83281707763672,64.84031466908813,62.741435143650165,63.970777068296606,3692500
2021-01-11,62.32164764404297,64.16566012025983,62.10426329226734,64.12068601954257,3988200
2021-01-12,64.03823852539062,64.45801210730282,62.37412794140141,62.84637322105262,4103400
2021-01-13,66.6168441772461,66.9241766964375,64.01573555262277,64.01573555262277,4295600
2021-01-14,71.17438507080078,71.77406624082404,66.94664940718893,67.02910571104172,7465800
2021-01-15,69.71269226074219,70.64219322290286,69.21046240948472,70.46229110225555,4006500
2021-01-19,69.46533203125,70.29738730778502,68.01860585591295,69.78765980251119,3094500
2021-01-20,71.42927551269531,71.96898760283027,68.97808405649666,69.21046359024028,3904100
2021-01-21,70.84457397460938,71.78157233950851,70.23739514524551,71.20437814409952,3059400
2021-01-22,71.57919311523438,71.96149013288122,69.00057694104954,69.71269356622868,3692700
2021-01-25,73.07090759277344,75.0873248636451,70.46230075075337,70.95703879901028,5322700
2021-01-26,74.24777221679688,74.70502799644409,72.44123614983239,73.83549054039835,3720100
2021-01-27,72.44124603271484,77.58349556849332,72.0289643000703,73.63311140227769,5775900
2021-01-28,73.09336853027344,74.23275600194236,72.47869784444204,72.89097368503322,3124700
2021-01-29,69.66020965576172,73.33324454745822,69.04553893079095,72.85350182157784,4517400
2021-02-01,69.66771697998047,70.16244923312492,67.88366810725435,70.0350188047831,3774100
2021-02-02,69.30790710449219,70.54474631723548,68.48334953565839,70.54474631723548,2987200
2021-02-03,69.99752807617188,70.27488166798929,68.22847459746426,69.23293987997734,2986900
2021-02-04,71.33182525634766,72.14138762190025,69.99753457524598,69.99753457524598,2794000
2021-02-05,72.523681640625,73.38572137756634,71.9015132834514,72.26882080167763,2547700
2021-02-08,74.1653060913086,74.56259253485656,72.45622176563856,73.16084073912583,4464400
2021-02-09,76.87135314941406,78.71536536533073,75.97183122914782,76.83387092478377,6002200
2021-02-10,79.62239074707031,81.44391618098732,77.28364027667521,78.2506234792717,4318300
2021-02-11,81.90866088867188,83.52029950223009,80.39447378227297,81.06911386690027,4696700
2021-02-12,81.90116882324219,82.93561313788601,80.73928836253825,81.35395916729503,2264400
2021-02-16,82.44086456298828,83.52028276306946,81.42890177937264,81.66128125688385,3719700
2021-02-17,81.12908172607422,82.8231709190764,80.28203141058806,82.08106969846094,2752700
2021-02-18,79.8472671508789,81.43641877500217,79.24759150102919,80.49942021056317,3314300
2021-02-19,82.0285873413086,82.40338669757539,79.98218033973883,80.5218923278005,3073300
2021-02-22,84.5322494506836,86.45122616069465,81.653792964144,81.653792964144,4256300
2021-02-23,86.29380798339844,86.90847871414343,82.50083451510841,86.48869953581638,4174400
2021-02-24,89.20225524902344,90.79889859926806,85.82906072279987,86.23384475222488,4698100
2021-02-25,86.06893157958984,90.93382605418584,85.19190238067984,89.83941252307864,4935000
2021-02-26,84.64468383789062,87.29826392237084,83.40035296966765,85.35680603433539,3964400
2021-03-01,85.39427947998047,88.34020249447077,85.33431021356719,87.10336353987091,3604600
2021-03-02,83.7151870727539,85.5367122301568,83.46032052861909,85.33431736878731,3371900
2021-03-03,85.4467544555664,86.7510603149578,83.99253686232505,84.03001336604149,4274600
2021-03-04,82.53833770751953,86.32381454885564,80.01968487364972,85.47676410737235,5024200
2021-03-05,83.33291625976562,84.17246916638517,78.04824694394257,83.62525940102881,4576600
2021-03-08,83.7302017211914,86.18139352819907,83.33291518659037,84.24742683475905,3387300
2021-03-09,83.20548248291016,84.51728063016324,81.4889002210835,84.1049989248607,2863400
2021-03-10,85.68663024902344,86.15138352725286,82.97308646689957,83.1604861521395,2989700
2021-03-11,86.83353424072266,87.71806117565687,84.90706528738957,85.79908981267518,5177900
2021-03-12,88.3402099609375,88.47513796227942,86.65361280365576,86.76605375793811,2619900
2021-03-15,90.70895385742188,91.39108580258986,87.59062005383947,88.56510079720525,3816100
2021-03-16,87.84548950195312,90.78391556922737,87.51566418373358,90.70145923967249,3633300
2021-03-17,88.63256072998047,88.94739657318803,87.29827577771675,87.56813180390324,2232400
2021-03-18,87.56813049316406,90.5665256557021,86.67610610223382,88.18280127272496,6079000
2021-03-19,87.4706802368164,88.79746751204713,85.5367140833072,87.86046907166298,4471200
2021-03-22,86.39126586914062,87.61310991327079,85.3343287650213,87.3357620040367,2725900
2021-03-23,82.7632064819336,86.17387759997231,82.0960582866229,85.94900139074157,3682200
2021-03-24,82.0061264038086,85.66416722677299,81.99862881298058,83.29543751489042,3428000
2021-03-25,85.18441772460938,85.56671476127283,79.96721011673408,80.81425480680635,3852100
2021-03-26,85.95649719238281,87.44820299440059,84.11248474122534,85.97898424243584,2674100
2021-03-29,85.31183624267578,86.38376273840674,83.17548084041054,85.7616000907189,3331400
2021-03-30,86.4962158203125,87.29078881695084,85.22939186085381,85.43928435487713,2087800
2021-03-31,85.28184509277344,86.6910943669268,85.05696890490826,85.91151100056173,2507100
2021-04-01,86.35377502441406,86.46621598241934,84.42730643640382,86.19635997080054,2858600
2021-04-05,86.24134826660156,86.95346487235868,84.90705753616432,86.95346487235868,2911900
2021-04-06,87.32074737548828,87.5981009419319,85.83654521307449,86.00145783533912,2500000
2021-04-07,87.71056365966797,88.23528057078201,86.29382228067468,87.74054830015812,2541100
2021-04-08,86.66450500488281,87.65751023671072,86.11872919454605,87.21785685802402,2364300
2021-04-09,87.86215209960938,88.08955476198618,86.44465179285554,86.93736623619414,1669900
2021-04-12,86.97528076171875,88.58986831754567,85.98985746597108,88.24117954059759,2994200
2021-04-13,85.94437408447266,86.49014984521003,84.36769562185586,86.18694044666279,3681700
2021-04-14,86.23242950439453,87.74088895656563,86.0808219066647,86.19452615915245,2657400
2021-04-15,86.84642028808594,87.59685906604048,86.12630302825175,87.17236937883197,2314100
2021-04-16,88.77938079833984,89.82544721559351,87.87733437228951,88.31698773819964,3249500
2021-04-19,88.35487365722656,88.60502182726948,87.1344601063069,88.38519517328369,1753600
2021-04-20,86.6114273071289,88.24874864332244,85.74728436628611,87.55895296886335,2180100
2021-04-21,89.16595458984375,89.37062337552305,85.36069400012781,86.39160240356435,2467900
2021-04-22,87.66507720947266,90.24992426133413,87.60443417787927,89.27965888879125,2591400
2021-04-23,88.62776184082031,88.77936942165732,87.48315496749976,88.16536883993372,2348000
2021-04-26,91.09131622314453,92.2510865880406,89.77236225750165,90.12863279484611,3268400
2021-04-27,92.75138854980469,93.46392966819089,90.553127950098,91.69015869650794,3301100
2021-04-28,93.31233215332031,95.07093966593169,92.97122520593734,92.98638307289829,2297900
2021-04-29,93.4866714477539,95.16947791537878,92.30415551245025,94.19920679883185,2281400
2021-04-30,92.28141021728516,93.31231851711979,91.66741548842674,93.18345642544976,2751900
2021-05-03,93.38813018798828,93.86568683955117,92.20561997123802,93.00154386835094,2627800
2021-05-04,91.99337005615234,93.96422223621448,91.26567105658653,93.26684475120193,2730600
2021-05-05,91.65983581542969,92.97121380135327,91.22018254539867,91.69015732887017,2454000
2021-05-06,93.17587280273438,93.2213579625683,91.17469926715484,91.82659732014908,2044200
2021-05-07,94.70708465576172,94.75256403586292,92.32690070983985,92.7286506560339,2686000
2021-05-10,96.0791015625,97.21613235022188,95.23769831692678,95.50300434408102,5105100
2021-05-11,92.96363830566406,93.97180700905102,90.6365154856339,92.30415835572359,5664400
2021-05-12,89.15837097167969,93.50940690914047,88.84757979881384,92.96363123802591,3294000
2021-05-13,89.43882751464844,91.95545507147668,88.33211839818195,89.15836366121569,3583900
2021-05-14,92.61494445800781,93.19861769546341,90.01493392468531,90.01493392468531,2477500
2021-05-17,92.66040802001953,93.37294901546021,91.87964796751909,92.47848475129041,1609700
2021-05-18,92.91057586669922,93.88084121702349,91.50823904683249,92.48608622174176,2552300
2021-05-19,92.68316650390625,92.72106984322916,89.75721261513401,91.07616670159703,2048800
2021-05-20,92.91057586669922,93.30474399655432,91.53097873734983,92.5012440876741,1669800
2021-05-21,92.76656341552734,94.22954347534325,92.44061431049359,93.11525221433858,1854500
2021-05-24,94.47966766357422,94.73739762177948,92.71347864133767,93.38811637373927,1975800
2021-05-25,94.29777526855469,96.03364334772235,94.13100979094853,94.75258652723764,1671900
2021-05-26,96.04119873046875,96.2837650684684,93.84294382251339,94.49484194024451,1765800
2021-05-27,97.2464370727539,97.57239187623347,96.34439668254905,96.64760601492956,3172100
2021-05-28,97.3980712890625,97.93625943911285,96.7689128015923,97.65579551771975,1929200
2021-06-01,101.71878814697266,101.73395179788159,98.31527142271204,98.31527142271204,3726900
2021-06-02,102.47679901123047,102.71935957031056,100.32402344606405,101.86280422232161,2685700
2021-06-03,101.6202392578125,102.14327531973345,100.08145837311905,101.86281140046191,2060900
2021-06-04,100.26338958740234,102.27971562479104,99.77066924971858,102.06747077875012,1952200
2021-06-07,101.57475280761719,101.7642579434523,99.8843702345812,100.16483413434497,1796900
2021-06-08,102.87095642089844,103.62138923512877,101.49892974308067,102.03712933122728,2590900
2021-06-09,102.77999877929688,103.56834659155842,102.56775396056686,103.40158115305984,2075600
2021-06-10,101.98406982421875,103.52286203274817,100.5893149233421,102.90885573091347,2225700
2021-06-11,101.74909210205078,102.2114850861864,101.05930221299218,102.1053626750639,1976100
2021-06-14,101.02899169921875,102.48438996489627,100.1269452715776,101.71879326935343,1474600
2021-06-15,99.52051544189453,101.27912871436247,98.77008248092454,100.55142387867464,2453700
2021-06-16,99.09602355957031,100.44529921729185,98.57298752786829,99.28552869763767,1820700
2021-06-17,97.52692413330078,99.2703736650157,95.54849008800011,98.82313276194324,2784300
2021-06-18,95.00271606445312,97.18581893007742,94.96481272399912,96.30651232403702,4232300
2021-06-21,99.6797103881836,99.9222825357138,95.81380642711463,96.20797460037461,2335500
2021-06-22,98.732177734375,99.60389674996918,97.95899352617205,99.44471890992716,1971400
2021-06-23,100.21790313720703,100.80915824757012,99.15666741532971,99.5584173860514,1805300
2021-06-24,99.01264190673828,100.72577577593496,98.4517140945383,100.66513274312062,2019600
2021-06-25,99.35376739501953,99.75551739498445,98.42898132093666,99.30827644235465,2322900
2021-06-28,98.69428253173828,99.32344103508706,97.21614463422091,99.30070134177731,1904200
2021-06-29,99.2931137084961,100.22547572478652,98.98232251424082,99.00506220489605,2201500
2021-06-30,98.90650177001953,100.27094084768842,98.73216031096214,98.98230843907426,2720200
2021-07-01,100.79147338867188,101.82590482551295,98.89886629533626,99.15171588112558,2550400
2021-07-02,99.32796478271484,101.19759733259275,98.98314649244169,100.71486107975137,1529300
2021-07-06,97.80314636230469,99.11342556722954,96.60781049363062,98.92186503207209,3143700
2021-07-07,96.38560485839844,97.5502904038185,95.09065369899349,97.40470836436843,2607600
2021-07-08,95.8492202758789,96.75338617633099,93.48919908053148,94.63089815828398,2630900
2021-07-09,99.37393188476562,99.4428908621969,97.06754171105962,97.31273892964226,1790100
2021-07-12,99.81835174560547,100.2091309687734,98.1249517280269,98.53872896848746,1263300
2021-07-13,97.01390838623047,99.64211305892263,96.875984580594,99.28964825625089,1742700
2021-07-14,97.65754699707031,98.5770351192779,96.6614358390059,96.92961938748621,1556800
2021-07-15,96.96025848388672,97.933383202509,96.00245603226696,97.18246935417797,1585200
2021-07-16,95.39712524414062,97.94871240671365,95.2592014557323,97.78780229456432,1741600
2021-07-19,89.79590606689453,92.38580204395139,87.90328730267642,92.01034508319206,5454200
2021-07-20,96.26298522949219,96.66143436340569,90.61578514497616,91.18280261681619,3821600
2021-07-21,98.02534484863281,99.01379778616091,97.08286456300185,97.18247977006276,2247900
2021-07-22,95.85688018798828,97.71884862085118,95.32817714376704,97.71884862085118,1709600
2021-07-23,95.12895202636719,97.05222121580634,94.1328350193205,96.59247130734607,1364500
2021-07-26,97.33573150634766,97.49664164331715,94.89141737484255,95.01401891498874,1905400
2021-07-27,96.4468765258789,97.18246809769688,95.66530646172333,96.61544484457627,1960700
2021-07-28,95.94883728027344,97.24378830784893,94.94506199388344,96.79936648411774,1642100
2021-07-29,96.4852066040039,98.30886659587115,96.33196051798167,96.52352104849119,1793000
2021-07-30,96.94493865966797,98.17092473337003,96.16337436454624,96.6077961431266,2194700
2021-08-02,96.79169464111328,100.25510610336384,96.56181968982057,98.23222757745415,2285100
2021-08-03,99.25899505615234,100.35472732313069,97.34339567977882,98.83757126077938,3366800
2021-08-04,98.61534881591797,101.39681117963505,98.27820044553702,99.66510836768151,3112900
2021-08-05,102.69940185546875,103.25109696383906,99.22066874228375,99.71106309506585,3351300
2021-08-06,103.59590911865234,104.24721945177176,102.69174923137285,103.1055147391954,2285400
2021-08-09,101.80292510986328,103.02124723365999,101.68799347249623,102.96761636686419,1652300
2021-08-10,101.22823333740234,102.31629559855274,100.5845928491599,101.6726551103103,1688300
2021-08-11,102.30099487304688,102.73010033868292,100.50799087922798,101.8719010993393,1415800
2021-08-12,102.56151580810547,102.89099431840454,101.33552369905861,102.50021503346039,1832800
2021-08-13,102.42356872558594,103.32007047996106,102.04810592920307,102.95993579761482,1441200
2021-08-16,100.35472106933594,102.42357224214993,100.03290081506937,101.75694540773532,1797800
2021-08-17,98.16324615478516,99.09806216888595,96.49283864908739,99.0214333053342,2164200
2021-08-18,98.0789794921875,99.35094406353892,96.6154544140154,97.69585847854614,1489400
2021-08-19,98.43145751953125,99.0137972603451,96.54649695827946,96.57714734136906,1979000
2021-08-20,98.66898345947266,99.1746942825683,97.01389796954658,97.54260680871114,1701600
2021-08-23,99.19770050048828,100.45433698927584,98.79158145920546,99.32029034208466,2111900
2021-08-24,101.57303619384766,101.68030960463354,99.78769095639895,99.92562059422357,1851600
2021-08-25,101.55770874023438,103.07487630653917,100.86043741155788,101.60369308109131,1746600
2021-08-26,100.40836334228516,101.71098431386282,100.10187116775334,101.45812300850693,1268800
2021-08-27,102.43888854980469,103.55759525351625,101.41978534945761,101.5883595144428,1691700
2021-08-30,102.2243423461914,102.68408050549203,101.09029583101616,102.52317624191035,1428200
2021-08-31,103.02125549316406,103.59593710992614,101.72630437935177,101.97916569375839,2326600
2021-09-01,104.0633316040039,104.55372605145695,102.87565408053808,103.02124194167547,1706100
2021-09-02,104.53073120117188,105.26632865832984,103.74150288434635,104.27786994064647,1859700
2021-09-03,104.01734924316406,104.34682768389143,102.86798626810148,104.3391694731506,1595800
2021-09-07,103.12086486816406,103.97905229245525,102.08643333987062,103.41204061223146,1788300
2021-09-08,102.3924560546875,103.70974728837906,101.33087617365456,102.6714128190688,1695600
2021-09-09,101.23014831542969,102.39246631284676,100.70323649864812,101.31538544152201,1598800
2021-09-10,99.10697174072266,101.74930462906016,99.09922129958964,101.71831468823689,1879800
2021-09-13,101.60208129882812,102.18324026627634,99.45567602545682,100.47850965983677,1843600
2021-09-14,100.39328002929688,102.27624137265751,99.71138300635668,101.857800263595,1291700
2021-09-15,101.62532043457031,102.26072654178066,99.71912576035676,100.33127463249299,1560900
2021-09-16,102.80314636230469,103.66326211404312,101.62532753476431,102.17549656417034,1297600
2021-09-17,101.71832275390625,103.2913254529385,101.62532927664496,102.45445509984538,3153700
2021-09-20,100.36228942871094,101.01318467887704,98.4638331253496,99.30845395637574,2525600
2021-09-21,101.0286636352539,102.74889486854661,101.00541822591545,101.3076203710232,1616300
2021-09-22,103.5547866821289,104.53112956578622,102.1677590425412,102.593932859054,1955500
2021-09-23,104.70157623291016,105.7476669083838,104.08168290906663,104.22115535981925,2364000
2021-09-24,103.717529296875,105.57723363695872,103.69428387940235,104.33742286109502,1362200
2021-09-27,103.9499740600586,106.34435825636345,103.84149151377083,104.33741341447359,1960700
2021-09-28,103.6090316772461,104.7016016107499,103.20609146011633,103.8957330002005,1641200
2021-09-29,103.717529296875,104.22894030498533,103.21385099630645,103.85700180171096,1086100
2021-09-30,100.71098327636719,104.22118276100841,100.28479763639422,104.22118276100841,3053500
2021-10-01,103.1673355102539,103.9577149866042,100.85044425815178,101.9430259131494,2160400
2021-10-04,102.47770690917969,103.83374461875295,101.96628413530725,102.81865542509465,1487600
2021-10-05,101.81133270263672,102.49322988141871,101.05969926431014,102.4699844615705,1499700
2021-10-06,102.75666046142578,102.78765040566053,99.64940126457333,100.94344721908425,2199100
2021-10-07,103.84147644042969,105.5384624582313,103.02010702009133,103.07435419721622,1798500
2021-10-08,102.34598541259766,104.68612251836954,102.098018540381,103.81825028932249,1715200
2021-10-11,102.76441192626953,103.58578147658443,101.52461307014342,102.09801575500654,1081800
2021-10-12,104.430419921875,104.8023584378542,101.76483493931417,102.50096743975443,1324400
2021-10-13,106.27461242675781,106.5923155417657,104.0042234374086,104.60862789713963,2994100
2021-10-14,107.96383666992188,108.40551132323755,106.55355194367695,107.12696636375055,2281500
2021-10-15,108.65347290039062,109.76929992137006,107.96383145321703,108.4829986708683,2443400
2021-10-18,111.99320983886719,112.19467403043267,108.40551792178903,108.69997559106226,3335500
2021-10-19,110.68366241455078,112.36514764928557,110.56743534770426,112.35740311939907,1709400
2021-10-20,112.32642364501953,112.34191270623614,110.0870246332889,110.18775082604036,1543800
2021-10-21,111.55154418945312,112.38840279060308,111.10211311922917,111.9699734900281,1367500
2021-10-22,112.46588134765625,112.82233071184581,111.58252020233613,112.18692457420204,1217800
2021-10-25,113.77542114257812,113.82965649381148,111.38879374301324,112.35739194947422,1537200
2021-10-26,113.4189682006836,114.50380525171646,112.72932677251829,113.90714546483379,1973700
2021-10-27,111.52826690673828,113.48872056668571,111.35004814627348,113.40348345103583,1178000
2021-10-28,114.00013732910156,114.08537444915702,111.45853643398675,112.00870544956462,1627900
2021-10-29,113.58171081542969,114.48057286242575,112.8843129553633,113.4809728101101,2778300
2021-11-01,115.73588562011719,115.77463192070135,114.05440022342047,114.22487448702206,2605400
2021-11-02,123.1979751586914,123.95735301343443,119.68001905696914,121.65596220918542,5642000
2021-11-03,128.81585693359375,129.2420308178168,123.00426589005471,123.15923928647331,4226300
2021-11-04,128.4051513671875,129.92390695991563,127.4830438454617,128.97080949339775,2282800
2021-11-05,132.1168212890625,132.43452440082066,129.61396634302312,130.51281666899882,2501600
2021-11-08,129.70693969726562,132.51199669040443,128.831323019286,132.23303989711863,1642700
2021-11-09,129.78443908691406,129.85417533295825,128.27341614702578,129.6527111253715,1383600
2021-11-10,127.05683135986328,129.93938038857968,126.90960254986149,129.16450187169264,1824700
2021-11-11,128.19590759277344,128.87004813921493,127.0103443720689,127.46751987313364,1175700
2021-11-12,127.69998931884766,129.05602680167343,127.0025915191693,128.8235608684473,1182600
2021-11-15,128.85458374023438,128.87784098083858,127.2583353871434,127.9867233130109,1677300
2021-11-16,127.75424194335938,128.8545682307813,127.34355719607197,128.43613895336568,1221100
2021-11-17,129.78443908691406,130.07888495589305,126.1812459997253,127.25832693112474,1503100
2021-11-18,131.2489471435547,132.59722840296183,129.6914335180883,131.0629720143873,2459400
2021-11-19,129.20327758789062,130.5515589471676,128.52138055414378,130.10988424028014,1816500
2021-11-22,130.171875,132.23304332321047,129.4124853730015,130.28035754332686,2039300
2021-11-23,130.9777374267578,132.27953970870857,129.55970807664625,130.09437623760584,1392500
2021-11-24,130.9777374267578,131.14046714589287,129.1180333939252,130.19511424581847,1358800
2021-11-26,124.35252380371094,126.15024796678672,122.64779311977667,124.22855220437226,2875400
2021-11-29,123.93406677246094,127.606983223885,121.99687056012088,126.97933354287998,2890700
2021-11-30,118.43244934082031,122.28359715486155,117.58783445491359,122.1596137338909,4264900
2021-12-01,114.46508026123047,123.07398292205701,114.40308854760303,121.31500499697316,3711400
2021-12-02,117.6730728149414,119.31581177707415,114.96874205719712,116.18530721879499,4506500
2021-12-03,115.6041488647461,118.39370493898065,114.18611950193345,117.78155600166752,3639600
2021-12-06,118.24650573730469,120.50139398544334,117.40963524186395,117.88231176733386,2858400
2021-12-07,121.0748062133789,122.97325681006238,120.06746146094129,120.70286771933064,2650100
2021-12-08,122.00464630126953,122.7717804541492,120.40065357542525,121.07479424620078,2681300
2021-12-09,119.21685791015625,121.8323587934154,119.18552782054088,121.33118489992306,1946600
2021-12-10,119.35781860351562,120.3210098428173,117.49407241213105,120.18788682185117,1378300
2021-12-13,118.32413482666016,119.08372814621218,115.53634250651913,118.70001223822455,2416900
2021-12-14,118.19100189208984,119.19336158823255,117.3452806888809,118.31629834772365,2000300
2021-12-15,119.06023406982422,119.17770398516328,115.27794416426092,118.59039025525328,2121800
2021-12-16,118.76268768310547,121.25289253520205,118.27716680176326,119.61624756393628,2750900
2021-12-17,118.03436279296875,119.7023371591536,116.23326545115734,118.6451679512202,4124800
2021-12-20,114.5418472290039,116.43691151057371,112.47450329011603,115.6303349099159,2665000
2021-12-21,120.9631576538086,121.29205196547403,115.95141773948214,116.05321067830423,2011200
2021-12-22,121.793212890625,122.16909035664177,120.22704284180433,120.5246189747376,1077500
2021-12-23,121.73837280273438,123.24189424089974,121.58174627775625,122.55277576755995,2259900
2021-12-27,124.06412506103516,124.10328169269272,120.97094234290998,121.73053559114639,994400
2021-12-28,123.54730987548828,124.70627219920665,122.74855991978426,123.38285678648872,966400
2021-12-29,124.32254791259766,124.74542042785447,122.76421669050862,123.72740772137428,953000
2021-12-30,125.32490539550781,126.75795223362216,124.15027801498073,124.32255765337224,1085400
2021-12-31,125.11347961425781,126.61700120996423,124.90986989002224,125.28575925064446,1194700
2022-01-03,125.52851867675781,127.329616434354,124.40870099550261,125.66946823092714,2128100
2022-01-04,127.62718200683594,128.3319656323057,126.70314749986228,127.03986829340852,1834100
2022-01-05,126.10015869140625,129.85896854754662,126.04534896263068,128.31629036064928,2324400
2022-01-06,127.76814270019531,128.83313870507163,125.88873165980465,126.7266382877927,1715700
2022-01-07,126.28813934326172,128.34764506230957,126.1158596627273,127.50975020601085,1457100
2022-01-10,125.98271942138672,126.0688592498893,123.01482056119366,125.52852868463928,1753600
2022-01-11,126.72664642333984,127.33745176472385,123.78225113797774,125.99837116311812,1267700
2022-01-12,126.80493927001953,128.1518463298643,126.67181626338612,127.32177820089838,931100
2022-01-13,127.63504028320312,128.61389662394174,127.05555302787108,127.19650260545107,1246800
2022-01-14,121.92630767822266,126.93021934756534,119.40477352758158,126.93021934756534,2539700
2022-01-18,120.50894927978516,120.83001699515087,118.13620270326746,120.82217849789444,2753000
2022-01-19,116.35856628417969,121.29200285969137,116.31158310852469,121.29200285969137,2198900
2022-01-20,115.4502182006836,119.6162362222743,115.26228544411377,117.84646838731042,1976000
2022-01-21,115.08216857910156,115.53634733137288,113.20275754493956,115.23094468129915,2515300
2022-01-24,114.40872192382812,114.51051484735027,107.86995747174095,111.887187297794,3755400
2022-01-25,114.94121551513672,116.6483470311202,110.28968869638588,111.74622727651061,2614100
2022-01-26,114.00152587890625,118.92712570970838,112.57630531658955,116.765815218987,2029400
2022-01-27,112.6781005859375,117.03988978744528,112.0594686911938,115.66949103241146,1810000
2022-01-28,114.64363098144531,114.6749610705939,109.37347265589078,112.41967260901531,2631400
2022-01-31,115.27008819580078,115.58332930696541,112.45881643581048,113.43767250396253,2108000
2022-02-01,115.39539337158203,116.41340614927276,113.5786306361429,115.27009691763571,1510600
2022-02-02,117.11035919189453,117.44707999218231,115.0430153571966,115.90440165144588,1871200
2022-02-03,113.9858627319336,116.82846540594062,113.81358305781619,115.87310064908233,1539100
2022-02-04,113.68827056884766,114.96470289764363,111.0022948487343,112.9443422347794,1934900
2022-02-07,116.61703491210938,117.30615364299567,113.4612028269662,113.97020337659677,3230700
2022-02-08,111.22936248779297,113.23406966251422,107.88559891224955,109.48308668626568,4550300
2022-02-09,112.05162048339844,112.7955487818761,110.76736166793273,112.17691694074335,2604000
2022-02-10,112.74856567382812,115.50502799264042,110.61857369323606,111.19806084715214,2722300
2022-02-11,111.06495666503906,114.6358226644711,110.08610032971536,112.64679184862251,2157600
2022-02-14,109.5535659790039,111.4329767925384,108.89577757128379,111.03359587083744,2070800
2022-02-15,110.66557312011719,111.902836851223,110.05475585368103,111.2842049856701,1619900
2022-02-16,112.65459442138672,112.99131519358737,110.65772553253449,111.22937416499904,1712500
2022-02-17,112.50582122802734,114.9333895229597,111.99682075437809,112.02031234861242,3546800
2022-02-18,110.37581634521484,112.8503675435896,110.01560397582604,112.16908749140781,1751100
2022-02-22,108.10488891601562,109.93730498685561,107.07121095876492,109.62407575983187,2314400
2022-02-23,104.98820495605469,109.88248589234585,104.48701911720752,108.9427743934355,1978500
2022-02-24,107.92476654052734,108.20666563326208,101.2920364885552,101.74621521502381,3105900
2022-02-25,109.39697265625,109.7493585182231,107.8073110542298,108.57473101236016,1785600
2022-02-28,107.72118377685547,109.55360003176067,106.93809868170656,107.90129000303925,2381900
2022-03-01,105.40325164794922,108.33198206369326,104.4948701296317,107.94043954189394,2182100
2022-03-02,108.66871643066406,109.42047139208154,106.43691924428852,106.44474579322403,2096500
2022-03-03,109.16989135742188,110.36801054632643,107.7211792131996,109.67889186813252,1890100
2022-03-04,107.19650268554688,107.99525271271939,104.79243800475379,107.79164297012781,2315100
2022-03-07,100.4463119506836,106.41341556890676,100.39149026756918,106.37425893081479,3966300
2022-03-08,102.88955688476562,104.8472697503323,100.31321201120953,100.95533561767124,3123900
2022-03-09,105.13385009765625,107.3147211227402,105.03075050418526,105.79206597644274,1728000
2022-03-10,105.16558074951172,105.41934857427049,102.67542270829598,103.11159939245172,1565700
2022-03-11,103.1353759765625,106.33926845430638,103.09572135586275,106.27582348136505,2548200
2022-03-14,101.66030883789062,105.11004286000386,100.5262557144507,103.99186005471914,2455800
2022-03-15,102.20752716064453,103.11952303243532,100.74039073987576,101.98547578141039,1883600
2022-03-16,104.1504898071289,105.04663357008087,101.73962881149157,103.99980948228989,2550300
2022-03-17,104.40424346923828,105.00696468676983,103.04814493157582,103.48432157560741,2045100
2022-03-18,103.76187133789062,104.33286397100557,102.67540495863423,102.8022948995244,4175500
2022-03-21,102.35027313232422,104.53908266822515,101.48585793778891,104.4042545177994,2679100
2022-03-22,105.34796905517578,106.62477046404297,103.77774521909858,104.00772266998634,2501100
2022-03-23,103.1036605834961,105.23695117965055,103.00057307760451,104.73734161799473,1206000
2022-03-24,103.19882202148438,103.51603478859481,102.34233302921653,103.11951277926107,1473800
2022-03-25,103.23055267333984,104.03152288617177,102.81024025363772,103.5001847726029,2055800
2022-03-28,104.48356628417969,104.52322091167683,102.82610692248187,103.73810285044944,1631900
2022-03-29,109.50353240966797,109.78109058826283,105.9427599913575,106.21239208515576,2468200
2022-03-30,106.89440155029297,109.95555204943572,106.53753415005728,109.32112649385755,1346200
2022-03-31,104.33287048339844,107.38609483436036,104.32494439943211,106.76752146002335,2331900
2022-04-01,105.474853515625,105.68104060226702,104.09495257947566,104.89593477555572,1572800
2022-04-04,106.68822479248047,106.97372116051083,104.00773178713395,105.16558152994956,1722800
2022-04-05,103.55570983886719,107.56058534338611,103.34158452333538,106.66444155321804,1719300
2022-04-06,101.39862060546875,103.23847665213889,100.1376773216402,103.09573452046219,2327100
2022-04-07,99.53495788574219,101.12897202950211,97.92507947313482,101.04966883660217,2542700
2022-04-08,101.08931732177734,101.92201592279328,99.51908757571583,99.9949127546769,1804800
2022-04-11,100.54212188720703,102.38198985862797,100.1852544912876,100.89106319908973,1084200
2022-04-12,100.06629180908203,102.23923066729328,99.69356016232538,100.22489818834441,1460000
2022-04-13,101.17656707763672,102.07271077714329,99.73322706696243,99.92355595561006,1661400
2022-04-14,101.41447448730469,102.65955344738866,101.26380022683142,101.50964195479793,1788800
2022-04-18,101.42240142822266,102.38991612162792,100.79589591281359,101.04966976268662,1206700
2022-04-19,104.1425552368164,104.4835583855477,101.42240772793922,102.12029039627248,1470700
2022-04-20,105.14972686767578,105.87139998904414,103.9205059457515,104.45978229059507,1645700
2022-04-21,103.76982879638672,106.9023506759889,103.53983922319385,106.46617398622057,1499600
2022-04-22,99.8283920288086,103.76189015298196,99.70150811535603,103.76189015298196,1988500
2022-04-25,100.15353393554688,100.47867885025325,98.28194949098857,99.82838297039457,2053600
2022-04-26,98.44055938720703,100.6848755837755,98.36125618936477,100.02664754583698,1889200
2022-04-27,96.8544692993164,99.28911433229942,96.79895645688798,98.81328910427771,2032100
2022-04-28,98.6626205444336,99.17016829036123,95.8155890457508,96.76723955675352,2313100
2022-04-29,93.57920837402344,98.32161498602215,93.40473769542413,97.94888327273212,3160500
2022-05-02,92.65927124023438,94.43569440932168,89.93913574161519,94.11847555409562,2818500
2022-05-03,95.8552474975586,96.51346953622668,92.19138138810288,93.36508937893933,1894500
2022-05-04,98.79742431640625,99.27324951279152,94.832204262453,95.74420608495137,1623900
2022-05-05,97.02100372314453,98.56744321186672,96.05349508894733,98.0995440879486,2037600
2022-05-06,96.29139709472656,97.51268553089467,94.08673583285055,96.11692645378179,2366500
2022-05-09,93.7298812866211,95.7838625394231,93.26991427039458,94.84013815275941,2810200
2022-05-10,94.4277572631836,99.91562078072458,93.53161964138721,96.0693582476356,3139200
2022-05-11,89.62191009521484,95.16528632980088,89.4395073008865,94.36431014240019,3323500
2022-05-12,91.69175720214844,92.21516314012192,88.16270747382902,89.40778641696652,2754300
2022-05-13,92.61168670654297,93.32542758872633,91.34281738846485,92.78615737223735,2662900
2022-05-16,92.68305206298828,93.68228312084473,91.59657963290516,92.6275392264407,1564700
2022-05-17,95.76800537109375,95.89488927842511,93.72195018027699,94.27707861943834,1752000
2022-05-18,90.14532470703125,94.91945375269324,89.74087655749229,94.62602524675135,2031800
2022-05-19,87.26656341552734,90.90663251008375,87.16346987258969,89.23330916822559,2629100
2022-05-20,86.31492614746094,88.18651090714862,83.84063216380041,88.02790449040775,3296800
2022-05-23,85.46636199951172,87.59965261469324,85.03812349985968,87.08417272751282,1842900
2022-05-24,85.52980041503906,85.75185178312938,82.04833748568288,84.8795045297263,2605200
2022-05-25,86.59248352050781,87.44896651362511,84.76847974815391,84.99053111860826,2324700
2022-05-26,88.84474182128906,89.4712474728412,87.23486304409235,87.23486304409235,2086600
2022-05-27,90.19290924072266,90.91457623417627,89.14609125814141,89.55053939768784,1436500
2022-05-31,90.9224853515625,91.43003296914526,88.90815309721131,89.61396169198873,3700300
2022-06-01,88.16271209716797,91.43005600262033,87.09210376069323,91.18421426510773,2685800
2022-06-02,89.07471466064453,89.08264679591115,87.1317590011265,87.82963564342823,1531800
2022-06-03,87.19519805908203,88.51165419472491,86.90177560869994,88.26581245511906,1392500
2022-06-06,86.93350219726562,88.10720415501322,86.52904798526293,87.82963991165715,1917800
2022-06-07,89.04298400878906,89.08263863104118,86.09285920642915,86.31491056997093,2546800
2022-06-08,86.86080169677734,88.80947116657565,86.65949271493547,87.92371287516393,1603500
2022-06-09,83.6398696899414,86.52261004422964,83.6157074482311,86.40182955299534,2100900
2022-06-10,81.53820037841797,83.21308661605346,81.50599020068954,82.31122621351048,2792100
2022-06-13,78.22866821289062,79.51704441265639,76.86781758817368,79.15469071828744,3667000
2022-06-14,77.71330261230469,79.162723251229,77.07716564356114,78.3091753368582,2491000
2022-06-15,78.510498046875,79.66198559730098,77.27848813740107,78.52660006129972,2597900
2022-06-16,76.19143676757812,77.08524926874749,75.2895701857913,76.73899752375878,3000200
2022-06-17,77.05303192138672,78.38972043674625,76.44910494399505,77.01276766550878,3631600
2022-06-21,77.7777328491211,79.42846890611123,77.68110847266745,78.66349725636208,2221100
2022-06-22,77.26239776611328,78.68766903756904,76.36053730761923,76.61015852117188,2730400
2022-06-23,77.8663101196289,78.1400935239107,76.65040831757243,77.37511572254716,2372500
2022-06-24,80.21762084960938,80.94232840998558,78.50246405994415,78.84871582158637,4455200
2022-06-27,80.62022399902344,81.68313518715766,79.51704855676657,80.47528128502957,1783300
2022-06-28,79.91967010498047,82.5205849938884,79.83109365671203,81.67508476713064,1497500
2022-06-29,78.3172607421875,79.71836976331228,77.64085925868561,79.47679648846227,1866900
2022-06-30,76.4329833984375,77.64889122014527,75.04797678989011,76.49740373917501,3121400
2022-07-01,77.04496002197266,77.27847913643625,75.5230648824182,75.97399495533463,1709200
2022-07-05,78.56686401367188,78.59102010694815,75.29760832975703,76.55377432782043,1907200
2022-07-06,77.6408462524414,79.29158235264003,77.3107027184792,78.68765541014724,1406000
2022-07-07,78.81649017333984,79.13858577222028,77.82605342535099,78.14009494480722,1378200
2022-07-08,78.66350555419922,79.09027964445421,77.44759749337732,78.913126744319,1423400
2022-07-11,78.2850341796875,78.51855332491627,77.08523442420241,78.0917792863287,1032400
2022-07-12,78.59103393554688,79.83109813744412,78.09179153742659,78.26893830044341,1660400
2022-07-13,76.9483413696289,78.22866965740124,76.52962140077165,77.31874914993485,1821400
2022-07-14,75.6921615600586,76.40882089611841,74.93523797855039,75.70021563784053,1692000
2022-07-15,77.592529296875,77.90657079620443,76.29609904847928,77.23822354646757,2034700
2022-07-18,79.42847442626953,79.58147122423736,78.34946119113147,78.35750912742034,1727400
2022-07-19,82.35148620605469,82.58500539231363,79.83109964009586,80.48333885944655,1990100
2022-07-20,83.30165100097656,84.00220844228734,81.76365363390013,81.99717278100371,2077800
2022-07-21,83.93778991699219,83.95389807560385,82.13406319062251,82.48836895852926,1552700
2022-07-22,83.48684692382812,84.8557453089662,83.16475137924813,84.56585993319037,1627800
2022-07-25,83.7686996459961,84.25184001470201,83.02788400441615,83.51102437312207,1172100
2022-07-26,82.60110473632812,83.56738541322142,82.18237860446837,82.93930235889451,1376400
2022-07-27,83.84117126464844,84.23573516910398,82.48032051176784,82.92320275189553,1275700
2022-07-28,86.53064727783203,86.61116963746551,84.37261486495854,84.48534739713786,1696300
2022-07-29,87.48081970214844,87.9800681262399,86.53064118111101,86.73195013774215,2460200
2022-08-01,87.47277069091797,87.93175489288694,86.22465877358024,86.90910803708314,1650100
2022-08-02,84.936279296875,89.34896826963605,84.75107235013625,88.47931208605415,2594000
2022-08-03,86.10387420654297,87.26341585732474,85.83009080856958,85.90256523347459,2241800
2022-08-04,85.21007537841797,86.49040384463491,84.50951782947185,85.74958203730927,1416100
2022-08-05,85.75762939453125,85.8542599209886,84.44509699666531,84.70277225708878,1277500
2022-08-08,87.64188385009766,88.68869311415922,86.65144700412024,86.65144700412024,1645700
2022-08-09,86.97352600097656,87.68213133832673,86.24075842758435,87.52913456070374,1495700
2022-08-10,89.68717956542969,89.79991210904684,88.3424369783801,88.98662820773204,1581500
2022-08-11,91.85326385498047,92.44913673316746,90.75008840043054,90.8064546707528,1948600
2022-08-12,93.28657531738281,93.39930784892223,91.90962270204075,92.4571833452875,1491100
2022-08-15,91.19296264648438,93.10137387775255,91.07217603680321,92.78733237865885,1989100
2022-08-16,92.21562194824219,92.85981319117657,90.68567849733327,90.68567849733327,1567600
2022-08-17,90.8628158569336,91.49090501840371,90.00926777025255,90.83061182723372,1579800
2022-08-18,91.25739288330078,91.37817950607551,90.41189266734058,90.86282283933917,1146700
2022-08-19,89.38922882080078,90.87891383781755,88.78530196443222,90.67760488569469,1459700
2022-08-22,85.95087432861328,88.57594496314496,85.30668932404947,88.15722501735159,1722100
2022-08-23,86.03140258789062,87.24731054505466,85.9428322888368,86.28102990019235,1313900
2022-08-24,85.90257263183594,86.71586267324624,85.29059158083176,85.84620636026074,1070000
2022-08-25,87.15873718261719,87.18289327807301,86.07166988286588,86.28908702889377,1332100
2022-08-26,84.42899322509766,87.40837010601601,84.42093914494193,87.36810584870048,1538400
2022-08-29,83.46269989013672,84.63028945454724,82.8990310900892,83.68011087383043,1771700
2022-08-30,83.57542419433594,84.59002301977517,83.01175544977566,83.78478722194185,1592700
2022-08-31,82.11796569824219,84.33236458269577,81.94886074081846,84.05052708263143,2294500
2022-09-01,81.59455871582031,81.6750810805763,79.51704853041736,81.48182617646938,2114600
2022-09-02,80.95037078857422,83.55128566539764,80.66048534894489,82.87488425844158,1908300
2022-09-06,81.36103820800781,81.94080905417411,79.57341348014923,81.61065937764954,1839900
2022-09-07,83.30972290039062,83.33387899948872,81.2563746120256,81.57846412461832,2056900
2022-09-08,83.98956298828125,84.03051377468866,81.70429913476238,82.48243281733171,1868000
2022-09-09,84.99702453613281,85.26732592033352,84.03869008214669,84.73491580728621,1441400
2022-09-12,86.20928955078125,86.67617096394,85.05436875292425,85.78336516914186,1668300
2022-09-13,82.24490356445312,84.44825338851324,81.94183774330621,83.6701196912212,2172100
2022-09-14,81.93363189697266,82.0728757994769,80.54936678021826,81.81895971265558,1961600
2022-09-15,81.53227996826172,82.90835244132305,81.41760778293705,82.35137057724667,2019200
2022-09-16,81.6633071899414,81.74522122607226,79.95141132041978,81.27014731283298,2630700
2022-09-19,82.1384048461914,82.1384048461914,80.27087926718858,80.5247953549335,1288800
2022-09-20,80.5329818725586,81.75342503087381,80.1807726893873,81.12272806290726,1525400
2022-09-21,78.34601593017578,81.93363045308372,78.31325155678182,81.49951344165292,1790000
2022-09-22,75.50377655029297,78.46069430390575,75.14337466368487,78.29687242400854,2789000
2022-09-23,73.86559295654297,74.53724702038642,72.52228482885606,74.34066701976934,3334500
2022-09-26,71.55575561523438,73.29222994419717,70.45817095707746,73.21850854032283,3618400
2022-09-27,72.92363739013672,73.67719926581495,72.0308316079199,72.40761254575901,2611900
2022-09-28,75.79045104980469,76.15085290798191,73.22669976102509,74.15226987505767,2864600
2022-09-29,73.00553894042969,74.88125706186987,72.45674976820655,74.74201316727566,2924900
2022-09-30,73.51338195800781,74.13589256892271,72.41580354452942,73.43147414716344,3000300
2022-10-03,74.52085876464844,75.2826132033814,72.98915723216082,74.97954745922664,2247500
2022-10-04,78.5262222290039,78.57536566787273,75.62664060159555,75.62664060159555,2520100
2022-10-05,78.44430541992188,78.78013557154716,75.21709264744726,76.39657888317878,2246500
2022-10-06,77.5514907836914,78.91937045405791,77.12556646237398,78.00199306993893,1596100
2022-10-07,75.79863739013672,77.24842485936331,75.38089947561458,76.56858447785109,1811700
2022-10-10,75.79045104980469,77.00270786875019,75.43004919162746,76.53582648391391,1425700
2022-10-11,77.66616821289062,78.58355190825978,74.807543850704,75.94607925209299,2178100
2022-10-12,76.73240661621094,77.60883329634554,76.00341649204128,77.4204397112705,1912200
2022-10-13,78.49345397949219,79.14872271234456,74.34885127918585,75.20889891193848,1788200
2022-10-14,78.51802825927734,80.26268905075658,77.92828200605463,79.4681701401185,2161700
2022-10-17,81.21284484863281,81.85173460022426,79.94325175312026,80.27088928575249,3178200
2022-10-18,80.8115005493164,82.78550610873828,79.72210829600813,82.03194407979576,2307700
2022-10-19,80.29544830322266,81.6223772883195,79.65655865271258,80.18077612231906,2128000
2022-10-20,80.52478790283203,82.67899999347587,80.43468744471268,80.9589048833172,2096500
2022-10-21,82.76091003417969,82.78548175084663,79.68112781223522,80.36916712473445,2364600
2022-10-24,83.86669158935547,84.25166519672239,81.93363714537766,83.18684484652306,1470400
2022-10-25,86.69255065917969,87.04475988565117,83.99774794286174,84.16975622799912,2379000
2022-10-26,86.43862915039062,87.39696364297038,86.10280525732789,86.61063742476402,1650200
2022-10-27,87.14306640625,88.23245862872339,86.97925075213118,87.56080444816962,1463800
2022-10-28,89.24811553955078,89.37098038559736,86.46320610887943,86.7744645520862,1454000
2022-10-31,89.26449584960938,89.73956364564644,87.94575949088589,88.34711213292533,2144100
2022-11-01,93.2452621459961,93.80224395164615,89.6576479046755,90.09995753702978,2451000
2022-11-02,91.41871643066406,94.48211399620018,91.31223688598176,92.90126864502119,3161100
2022-11-03,92.21321105957031,92.88486502739563,89.12523633921437,90.25558524179294,1563000
2022-11-04,94.66229248046875,94.85887245827294,92.24597791208255,93.49918542547712,1588700
2022-11-07,95.72712707519531,95.95647145867044,94.00703170080031,95.42406128322274,1522100
2022-11-08,94.53944396972656,96.21858234889845,93.90055424470808,95.71893653847818,1848600
2022-11-09,92.49170684814453,95.06365077092248,92.19683373923806,93.86777927331966,1740100
2022-11-10,98.32363891601562,99.34750219248717,96.22676892553486,96.43154158082916,2990900
2022-11-11,98.45468139648438,99.9126678216161,98.23352969809731,98.38096624674367,1999000
2022-11-14,96.2677230834961,97.93866875920267,96.25134402013092,97.43083030656176,1551600
2022-11-15,98.42192840576172,99.05262541114519,97.02947065168136,97.88951827182409,1692200
2022-11-16,94.67869567871094,97.52094154762972,94.62135957685233,97.46360544577111,1832500
2022-11-17,94.84249877929688,94.90802752533844,92.93401623270135,93.35994683280633,1817200
2022-11-18,96.57079315185547,97.0458672496466,95.6288376129016,96.65270097064146,1507700
2022-11-21,95.98103332519531,96.76735952317244,95.06364963630611,95.9482689524673,1315200
2022-11-22,97.78302764892578,98.01237825231729,96.21856794735758,96.59534885061048,1541600
2022-11-23,97.971435546875,98.43831697884764,96.97214392952439,97.4717897381997,1116000
2022-11-25,98.8642349243164,98.8642349243164,98.05333696364576,98.26630227372887,548200
2022-11-28,94.81793212890625,98.38097508388707,94.60496681747287,98.12705899086316,1735800
2022-11-29,96.21037292480469,96.38238118624228,94.62952795159461,95.11279461396532,1765200
2022-11-30,97.83218383789062,98.03695648909239,95.366719367655,96.11208856846345,2503100
2022-12-01,97.47997283935547,98.94614574495957,96.44791694646776,98.43830732959714,1848600
2022-12-02,97.7502670288086,98.31544152996263,96.24314335795145,96.33324382187935,1738100
2022-12-05,96.3987808227539,97.76666071164004,96.14485847122981,97.04586318766091,1455800
2022-12-06,96.86566162109375,97.5127439818371,95.59606861913964,96.77556115003038,2218400
2022-12-07,97.51275634765625,98.57757057381689,96.04658315434676,96.3332636671913,2318300
2022-12-08,97.40461730957031,98.67706387793304,96.93056846360966,98.52736390841383,1976400
2022-12-09,97.09690856933594,97.77055532640799,96.5563249399724,97.13849436586455,1162600
2022-12-12,98.6521224975586,98.7436061717783,96.09891073774861,97.0969063809252,1698000
2022-12-13,99.9994125366211,101.42155913445426,98.69369854831103,100.18237987875776,2386400
2022-12-14,99.55863952636719,101.30513516323886,98.95152748852844,100.11585368304164,1779900
2022-12-15,98.31111907958984,98.81011681153923,97.16342366159621,98.39428431073135,1928300
2022-12-16,96.73928833007812,97.23828614247401,95.51673956539227,96.53969047414006,3919600
2022-12-19,96.15711975097656,97.16343374596259,94.96783842142924,96.61453174227871,1368100
2022-12-20,96.19038391113281,96.48146541319096,94.64348639150847,95.64148192573668,1146300
2022-12-21,96.93058013916016,98.21965737269738,96.69770855677943,97.30482693548669,1335300
2022-12-22,96.77255249023438,96.83908722170949,94.85140812087417,96.04068947931174,1081600
2022-12-23,98.06163787841797,98.09489889970979,96.18207292036259,96.62285442114474,680200
2022-12-27,98.21965789794922,98.57727418428333,97.42126007510835,98.18639052885979,1234200
2022-12-28,95.69137573242188,98.87665430054179,95.50009632995548,98.41923599881677,983700
2022-12-29,97.57095336914062,97.85372281444916,95.91594152737778,96.43156985013225,972800
2022-12-30,97.70402526855469,98.02005574343583,96.24029281811785,96.93888850315037,1265300
2023-01-03,97.75392150878906,99.11785183345674,96.65612377563941,98.24460089670298,1313800
2023-01-04,100.76454162597656,101.72095136804855,98.14479542027735,98.81844208784825,1808700
2023-01-05,97.65412139892578,99.60022116948146,97.44620510927805,99.46715169845814,1390600
2023-01-06,98.86003112792969,99.40892678563064,97.95351288408725,97.98678024896321,1501000
2023-01-09,98.40261840820312,99.467148764584,97.81213692443252,98.82676940320223,1474900
2023-01-10,97.18006896972656,97.95351779282488,96.00742443831379,97.81213624384273,1329100
2023-01-11,100.93087768554688,101.15542447213052,97.42956835369004,97.97015194114849,1660600
2023-01-12,104.781494140625,105.14742884987011,101.0057334660107,101.46315185256708,2304200
2023-01-13,104.43219757080078,104.88961596297494,103.26786503671354,103.38429765561209,1560400
2023-01-17,103.97476196289062,104.47376606994902,103.5090315644103,103.95813145370238,2021200
2023-01-18,101.67106628417969,104.67337803339018,101.41325211380979,104.46546174242049,1483900
2023-01-19,100.5732650756836,101.22196286606619,99.83308361280073,100.70632819789215,1274300
2023-01-20,102.83539581298828,103.00172630292015,100.14080253646299,101.19701447224341,1651900
2023-01-23,103.93318939208984,104.19932197241077,102.52767333143487,103.0100406161107,1097900
2023-01-24,104.33238220214844,104.49871902593316,102.46113576400236,103.89991915051024,1353500
2023-01-25,104.11615753173828,104.40723905228155,103.54230657330923,103.95813912982854,1016900
2023-01-26,105.06425476074219,105.13078949229785,103.85833654542544,104.74821795840342,1205800
2023-01-27,106.96045684814453,107.18500999483854,104.91456131379653,105.07257337969426,1480600
2023-01-30,104.74823760986328,107.16007449297328,104.69833972438599,106.00405393689559,1429900
2023-01-31,106.83570861816406,107.04362490151,104.51535578950985,104.8979209894542,3802900
2023-02-01,107.22659301757812,108.074895113386,105.52168308716024,106.36998518296811,1467100
2023-02-02,109.60514831542969,110.6780035024495,107.7089527232403,108.11647322927006,2066900
2023-02-03,107.95844268798828,108.35763837565953,106.61946139310143,108.12477316700112,1391800
2023-02-06,106.98540496826172,107.74222330451249,106.27017242777698,106.81907447540083,1379600
2023-02-07,104.70663452148438,106.32837888449485,102.46945343267932,106.32837888449485,2443100
2023-02-08,103.32606506347656,104.49871584129293,102.57756524200876,104.04129752120127,1614400
2023-02-09,103.46746063232422,104.61515621377066,103.14310539800758,104.2741704688974,1750000
2023-02-10,103.41755676269531,103.66705883760368,101.87897755436397,102.79380792052574,1171500
2023-02-13,104.60684204101562,104.66505834798384,103.26786063564528,103.54231165925322,1338400
2023-02-14,104.29913330078125,105.64642683192085,103.53399651267405,104.21596170667485,1387900
2023-02-15,104.39060974121094,104.41556502629072,102.76054676326058,103.23459565814869,859700
2023-02-16,103.41755676269531,104.3407055567144,102.60252849551715,103.13479366656041,959500
2023-02-17,102.84371185302734,103.52567699807538,101.7874935966704,103.20132176356715,1292400
2023-02-21,100.31543731689453,102.1783651910138,99.84970058953928,101.64610008412258,1612400
2023-02-22,100.71465301513672,101.529687691362,100.11585306445723,100.83940406237859,1399500
2023-02-23,101.71266174316406,102.36967170135509,100.60654544729934,101.69602488504906,1053000
2023-02-24,101.3217544555664,101.90391745190121,100.04098951852907,100.25722420792519,1047600
2023-02-27,101.88729858398438,103.2429104846796,101.45482915577998,102.64411056568981,1330200
2023-02-28,101.5379867553711,103.19300483603999,101.47145837112743,101.93718878633824,2118700
2023-03-01,100.83940124511719,101.57958273427734,99.2592361627713,101.57958273427734,1655500
2023-03-02,102.17005920410156,102.30312866957682,99.95783327393681,100.18238006554962,1277700
2023-03-03,103.19300842285156,103.48408994247582,102.07026179281445,102.9268758413235,1060900
2023-03-06,103.00171661376953,104.21594684233622,102.72726562060765,103.49240229958328,779000
2023-03-07,100.30712127685547,103.19299998935448,99.58357040569238,102.94349793858079,1376100
2023-03-08,101.61283874511719,101.94550604291888,100.50672267659442,100.53167161353689,1244200
2023-03-09,99.01302337646484,101.79855206696718,98.92017177611697,101.71414327755397,1054200
2023-03-10,94.11722564697266,98.75977937843767,93.80490607755507,98.75977937843767,2845600
2023-03-13,94.0497055053711,95.67037742538274,91.62714043618077,92.7582323678625,2279900
2023-03-14,94.70809173583984,97.485183687656,93.72049550652486,96.2527974934722,2467000
2023-03-15,92.58943176269531,93.0283614064953,90.86746511705728,92.79201417983539,2499900
2023-03-16,92.17578887939453,93.26467949630758,89.29740899683762,91.36545302401255,2496700
2023-03-17,88.04814910888672,91.38235100873031,87.98062594178413,91.38235100873031,3489000
2023-03-20,90.42007446289062,90.79991722357829,88.19164900290701,88.82472456403822,2393000
2023-03-21,92.1082763671875,93.47571546370159,91.73686997555274,91.82127876274855,2114000
2023-03-22,88.04814910888672,91.61025538265434,87.98062594178413,91.23884898369005,1648900
2023-03-23,86.41902923583984,89.25520816500774,85.71843053391467,88.37734264502936,2180300
2023-03-24,87.34754943847656,87.47415940043653,84.68018794690612,85.5580535097023,2022700
2023-03-27,87.19561004638672,88.79939631931991,86.88329045051125,88.63057874531988,2225600
2023-03-28,87.91310119628906,88.23385718769195,86.27554355391095,86.8832971712875,1190500
2023-03-29,89.97269439697266,90.39474476515055,89.01886288328255,89.41559125976617,1580100
2023-03-30,90.79146575927734,91.58492244772772,90.1837122481219,91.12066450449036,1438800
2023-03-31,94.51396942138672,94.61525739774585,91.3401485492447,91.3401485492447,3298500
2023-04-03,94.89381408691406,96.06711372942071,93.73740006745285,94.97822288220652,2154700
2023-04-04,93.95685577392578,95.16392014709086,92.97770221777965,95.04574655307285,1228000
2023-04-05,92.80887603759766,93.69518441208142,91.84660168586099,93.29845602426445,1563400
2023-04-06,92.65694427490234,93.33222750760123,91.77908508836326,93.11275949097737,1145100
2023-04-10,92.47969055175781,93.05367940899674,91.09536562076605,92.41216737559573,1098800
2023-04-11,92.98614501953125,93.74583056957789,92.29397619752612,93.19717021453928,1106500
2023-04-12,92.43746948242188,94.15943568363322,92.29396746900466,94.03281929060732,1317700
2023-04-13,91.95632934570312,92.43746647154813,90.99405509401312,92.29396446280505,1244500
2023-04-14,90.79146575927734,93.29844577280501,90.02333750043928,92.4881099045901,1803800
2023-04-17,93.9906005859375,93.99904339513667,91.09533526836907,91.17974404043119,1464800
2023-04-18,93.94841766357422,94.58992960780158,93.48415966711437,94.27761644652655,984800
2023-04-19,94.58992767333984,94.95289125224609,92.834203013493,93.11275136569455,1070900
2023-04-20,93.50103759765625,94.17632077620213,92.74978844251223,93.83024281618118,998100
2023-04-21,93.40818786621094,93.91464700533469,92.6738179284962,93.84711740279089,770400
2023-04-24,93.04521179199219,93.66984443159309,91.85502685710078,93.50946325711018,854200
2023-04-25,92.19268035888672,92.74134710708653,91.59336962899924,92.24332434057438,809300
2023-04-26,91.44985961914062,92.89327737081956,90.85054894164861,92.20955147792513,966400
2023-04-27,93.35753631591797,93.83867345826671,91.54271851934735,91.72842170410954,970000
2023-04-28,95.65350341796875,95.94050104181642,93.3069041993529,93.3069041993529,1430200
2023-05-01,95.79700469970703,97.02939118124247,95.38339708192628,95.38339708192628,1332500
2023-05-02,94.58148956298828,95.34117506953638,92.54720370840181,94.96977512677303,1700400
2023-05-03,90.8167953491211,95.38338343484587,90.6226557856854,95.38338343484587,2092300
2023-05-04,91.0362548828125,91.33168882578403,89.32273157360065,90.65641216184581,1621200
2023-05-05,92.47123718261719,93.18872151229063,91.65245844735153,92.30241317329684,1340700
2023-05-08,91.1628646850586,92.61471874562429,91.07001310397754,92.21799043372826,1149600
2023-05-09,89.8882827758789,90.7745910970856,88.52928011801656,90.57200872994423,1434700
2023-05-10,89.92204284667969,90.9096390795155,88.67277746838575,90.56356115552028,1364700
2023-05-11,89.68571472167969,89.99803435251445,88.36047665350905,89.01043147013687,1177900
2023-05-12,89.77011108398438,90.09087348202837,89.13703553834276,89.82919787731183,1010000
2023-05-15,90.25968933105469,90.76614846991859,89.38182381836782,89.99802017130342,936200
2023-05-16,87.55856323242188,90.33564870292811,87.53323480334872,90.21747512716091,1472800
2023-05-17,89.7279052734375,89.84607885398384,87.65141192388961,88.48707623772368,1212600
2023-05-18,89.08638000488281,90.0655333730669,88.6052429101767,89.46622270702782,1394400
2023-05-19,88.9344711303711,90.41164770190252,88.13257785324554,89.91362482328296,1615900
2023-05-22,89.45779418945312,89.4746733697065,88.1072279300041,88.75718906935995,1338400
2023-05-23,87.8962173461914,90.14152865122706,87.82025136247641,89.51689583853899,1329900
2023-05-24,86.23334503173828,87.63454907939933,86.04764181627009,87.36443706780332,1107800
2023-05-25,85.4652099609375,86.3852767843891,84.5535795090927,86.20801638097123,1391100
2023-05-26,86.40215301513672,86.5878562099527,85.16976669678603,85.59181707046686,1057500
2023-05-30,87.37287139892578,87.66830537668723,86.64694423072467,86.92549902689021,1135100
2023-05-31,88.75720977783203,89.00199980847115,87.12809480425206,87.3222344023591,3061900
2023-06-01,87.28002166748047,88.91757279638257,86.68914725933864,88.82472763565211,1413000
2023-06-02,89.90516662597656,90.49603453516029,88.57148598527363,88.68121675698568,1517300
2023-06-05,89.9389419555664,91.01094712772046,89.78700355542085,90.07399473348582,1145900
2023-06-06,92.15048217773438,92.51344577692029,89.87141260887819,90.06555218519973,1295500
2023-06-07,95.1301498413086,95.55220020695765,92.07450931559495,92.84263763228795,1832400
2023-06-08,94.15180969238281,94.81261815403674,92.89027221782094,94.49508622009672,1295300
2023-06-09,95.00142669677734,95.26746947865799,93.83429027533467,94.1346613693114,1093700
2023-06-12,94.36636352539062,95.85960899931737,93.63690494342647,95.25887994298353,1480200
2023-06-13,95.22454833984375,96.19429851080466,94.1432295283823,94.50367349717307,1530900
2023-06-14,95.17305755615234,96.5032451261672,94.21188456790287,95.92826069498422,1529800
2023-06-15,95.19023132324219,95.21597592104082,94.04026230519528,94.81263297643525,1409300
2023-06-16,96.79502868652344,97.22412270151071,95.13872552677437,96.31444548492331,3047300
2023-06-20,95.02716827392578,96.5289974027782,94.46934471657522,96.5289974027782,1793000
2023-06-21,95.02716827392578,95.59356899784474,94.10032358301613,94.60665140367921,1539700
2023-06-22,93.61115264892578,95.19021549425392,92.4526001084473,95.06148597921073,1167200
2023-06-23,92.46117401123047,93.23354452677366,91.53433594003351,92.68430472626625,3287400
2023-06-26,95.3189468383789,95.38760345404674,91.86045003043814,92.30670493736862,1567600
2023-06-27,97.03533172607422,97.2241341625179,94.69247524718212,95.30179458205247,1348700
2023-06-28,96.79502868652344,97.21553898792355,95.84243944945528,97.13830520800427,1394400
2023-06-29,98.48567962646484,98.48567962646484,96.11707836211076,96.39169832410425,1304700
2023-06-30,99.10356140136719,100.28785858323607,97.79911186580067,99.75577962169507,3148100
2023-07-03,100.44233703613281,101.0344889263699,98.6830487941721,98.76886629555796,1032700
2023-07-05,101.44641876220703,102.14154905712182,99.17221889250996,99.8501883055868,1748000
2023-07-06,102.210205078125,102.31319001091451,100.1333913727887,100.95725119273725,1855200
2023-07-07,101.73820495605469,102.60497024914459,101.15463676847777,101.34343265633447,1440200
2023-07-10,103.79784393310547,103.85791683580955,101.45499418019142,101.84975990474035,1456600
2023-07-11,105.56571197509766,105.79741986357185,103.7377672709303,104.29559080294126,1649600
2023-07-12,105.07655334472656,106.96456455087491,105.04222503493861,106.7500175252919,1955300
2023-07-13,104.56163024902344,105.12803751227628,103.8579163006354,105.05938089598104,1601800
2023-07-14,104.0810546875,104.41574753224481,103.22286656303518,104.27844083700745,905600
2023-07-17,104.39859008789062,104.6817937496777,102.82810419702342,103.24861455856859,1188200
2023-07-18,104.28700256347656,104.74184770196194,103.5747115016981,103.95230976828596,1325200
2023-07-19,105.90898895263672,106.5526299813815,104.6646123685904,104.69894067581806,1377900
2023-07-20,106.2007827758789,106.38958521507342,104.63029690162195,105.84892249420625,1186100
2023-07-21,106.11495208740234,107.17051970636595,105.94331055152465,106.56120698577413,1131500
2023-07-24,106.76717376708984,107.14477204028225,105.95189122682446,106.14069363714812,1021300
2023-07-25,106.14928436279297,107.54812855835031,106.11495605433413,107.20485202121722,1213600
2023-07-26,106.56121063232422,107.02463297386976,105.60004418833823,105.95189789088158,989200
2023-07-27,105.55712127685547,107.75408040499315,105.53996039817831,107.24775264083361,1412400
2023-07-28,106.8272476196289,107.11044469018738,106.02913249906236,106.63844520761994,1069200
2023-07-31,106.93023681640625,107.73693573212451,106.39816438046923,106.82725843394394,1301400
2023-08-01,107.65110778808594,107.85707108048648,106.42389865229705,106.79291976438616,1406600
2023-08-02,106.46681213378906,106.93023448714168,105.95190059032687,106.59554165651848,1107100
2023-08-03,101.5837173461914,102.70794154682176,97.96216288764961,101.8068415151629,2965500
2023-08-04,101.51506805419922,103.73777202297212,100.95724449663537,101.94416209117827,1537400
2023-08-07,102.69078826904297,102.93965704920613,101.57514115178114,101.7210315532438,1048700
2023-08-08,102.12438201904297,102.63929356006805,101.14604812685866,101.75536088094148,889800
2023-08-09,101.95274353027344,102.59638457138007,101.36059167726965,101.97848812432487,1002900
2023-08-10,101.99565887451172,103.35159770371118,101.5322364943756,102.59639449948337,1185300
2023-08-11,102.0128402709961,102.12440238710765,101.00017786778028,101.12890086811794,884800
2023-08-14,102.14154815673828,102.58780965006166,101.42925698626442,101.47216246420902,792300
2023-08-15,101.15461730957031,101.70385708075648,100.43373601772937,101.06021611007382,842300
2023-08-16,99.21511840820312,101.19753065704467,99.18079010139984,101.19753065704467,1172900
2023-08-17,97.9621810913086,100.08190692261677,97.91068534874573,99.44684296150533,1193700
2023-08-18,99.20655059814453,99.49833797902062,97.21555431656773,97.40435676052472,1170300
2023-08-21,96.73495483398438,99.5498104969963,96.63196991431748,99.14646107928637,1417800
2023-08-22,95.19879913330078,97.43867043194945,95.10439792550677,97.43867043194945,1753600
2023-08-23,95.80812072753906,96.43460093297595,94.88127599105256,95.40477126550573,1991700
2023-08-24,94.96709442138672,96.57190191266176,94.7010516689511,95.79095417814159,1751500
2023-08-25,95.02716827392578,95.59356899784474,94.32345431544744,95.18164238907738,1080900
2023-08-28,95.83384704589844,96.76069160561624,95.36184760068518,95.36184760068518,900400
2023-08-29,97.43009948730469,97.48158868104764,95.25888451839724,95.84245272148927,1085900
2023-08-30,97.41293334960938,98.1080636174596,96.66630734333849,97.44726165940459,774600
2023-08-31,97.3957748413086,97.7133068254049,96.79504573351147,97.33570193052888,1573400
2023-09-01,98.61441040039062,98.8718629350382,98.11665966696631,98.14240426568543,1306000
2023-09-05,98.64013671875,99.18079283402426,98.16813067151872,98.51999091535572,2187400
2023-09-06,99.33527374267578,99.51549246009957,98.04799157754391,98.15097650783851,1921600
2023-09-07,99.85877227783203,100.2165045925491,98.72451321006896,99.17821550582951,1581900
2023-09-08,100.00711059570312,100.12053451289192,99.38762922018185,99.85877881879614,1022500
2023-09-11,100.11180877685547,100.644040479786,99.56212980057549,100.11180877685547,1349900
2023-09-12,100.75746154785156,101.28096623634876,99.61446887795839,99.68427127821755,1314000
2023-09-13,100.13796997070312,100.79235247200788,99.70171496983329,100.79235247200788,1451900
2023-09-14,102.41524505615234,102.65082653832425,100.78365523964305,100.95815461725408,1627000
2023-09-15,101.56889343261719,102.3890483152298,101.41184136458956,102.31052560957754,2880800
2023-09-18,99.68426513671875,101.51653476193532,99.67553817304321,101.49908749130708,1334700
2023-09-19,99.69300842285156,100.20778619970345,99.06480006981442,99.47488089230944,1130500
2023-09-20,99.25675201416016,101.20244583241377,99.2305777759263,100.61786565611148,1560600
2023-09-21,97.40703582763672,99.1607831508885,97.36340765600742,98.64599868390542,2385700
2023-09-22,97.44192504882812,98.48893447191118,97.1627220922244,97.60770409256031,1585600
2023-09-25,97.83455657958984,98.29699253115305,96.77882014160929,97.04057583821309,1576500
2023-09-26,95.23446655273438,97.2586894592884,95.12976295771983,96.87478293429133,2228000
2023-09-27,94.3968734741211,96.30766613992598,94.30089682689756,95.60966202715593,2376000
2023-09-28,94.95527648925781,95.16467705093788,93.98678973849216,94.80695136876457,1984000
2023-09-29,94.25726318359375,96.56941623445134,93.44582854028822,96.10698695562455,2228800
2023-10-02,91.29073333740234,94.4055942636188,90.98535612046427,93.79483982974266,2077700
2023-10-03,90.19136810302734,91.13367391712181,89.09200355373966,90.74104704930942,2202500
2023-10-04,91.12495422363281,91.27327933854205,89.67658430612305,90.6276237479132,1295900
2023-10-05,91.21221923828125,91.50886951798567,90.3920575009636,90.88066775095429,1083500
2023-10-06,91.09878540039062,91.91894039180369,89.71149083932313,90.54037279587409,1123800
2023-10-09,91.9974594116211,92.34645809717372,90.18263695716517,90.470566863797,882100
2023-10-10,92.61695098876953,93.37603053630377,91.63101028840128,91.99746959957102,1019100
2023-10-11,94.51901245117188,94.76331419269634,93.44582219322007,93.45454915733829,1479000
2023-10-12,93.66394805908203,94.30960360133759,93.18407154855385,94.27470905892211,1604400
2023-10-13,93.38475036621094,94.24853345904118,92.82634446208597,94.1351095480145,1499600
2023-10-16,94.51901245117188,95.04251713397046,93.4632761214565,94.23108254577954,1235800
2023-10-17,96.10698699951172,96.74391563250691,93.96061299356423,93.96061299356423,1470500
2023-10-18,94.7109603881836,95.69689426288092,94.54518136288864,95.54856916483955,1294700
2023-10-19,92.92231750488281,95.10359256368288,92.86124206950534,94.22235557604515,1571600
2023-10-20,92.61695098876953,93.70758864370859,92.5558755463619,93.28878085525344,1506700
2023-10-23,91.7967758178711,93.07936657619378,91.46522441603705,91.8316770164941,1560600
2023-10-24,92.45989990234375,93.62033997739043,92.27667357313491,92.61695199262618,1521500
2023-10-25,91.59609985351562,92.46860982612525,91.40414659446586,92.25048233297284,1465200
2023-10-26,92.76526641845703,93.52435254339237,91.68335584169752,91.68335584169752,1388500
2023-10-27,91.21221923828125,93.07066361128909,90.78469109417351,93.07066361128909,1744800
2023-10-30,91.9014892578125,93.08810351120742,90.95044979945283,92.11088981525756,1458400
2023-10-31,95.88013458251953,96.06336090514468,91.55248527512305,92.84380315512607,2384200
2023-11-01,98.14863586425781,98.45401299504199,95.9411869030893,96.8398710265637,2080800
2023-11-02,101.0715560913086,101.50781109513515,99.52721630672076,99.68426837436724,2049500
2023-11-03,102.86021423339844,104.54415897755574,102.68571487765391,102.98236511376436,1956400
2023-11-06,102.15347290039062,102.86893083764303,101.37693952910654,102.8165757108137,1225500
2023-11-07,100.54805755615234,101.97897352351777,99.85877380922138,101.97897352351777,1661200
2023-11-08,100.72256469726562,101.17626700509605,100.24268149566497,100.9057910133158,911300
2023-11-09,99.28289794921875,101.12389428971301,98.96006690401026,101.12389428971301,1204700
2023-11-10,100.62657928466797,100.80980558474512,98.94263472865644,100.16415005256044,906900
2023-11-13,100.809814453125,100.95813956765635,98.99499190691361,99.96347861875124,1321700
2023-11-14,105.39049530029297,106.90866100353165,103.479696059799,103.49714998948524,2105700
2023-11-15,105.17236328125,105.89654822763109,104.44817833486893,105.13746208009294,1623400
2023-11-16,105.06765747070312,105.39921554636862,104.45690310509299,105.22470954424905,1271600
2023-11-17,106.16702270507812,106.25427237836757,105.25961145807636,105.87036582782592,1121300
2023-11-20,107.10061645507812,107.22276733845639,105.07639325759327,106.10595545801287,1283500
2023-11-21,106.22808837890625,106.58582066025517,105.65222860601955,106.58582066025517,1213700
2023-11-22,105.66096496582031,107.06570666878292,105.13746027091975,107.06570666878292,1190200
2023-11-24,105.4341049194336,106.00996471310218,104.66629851793182,105.74820905112136,767600
2023-11-27,106.19320678710938,106.61201457714131,104.63141286054973,105.43412057999326,1027500
2023-11-28,106.53348541259766,106.78651414879802,105.13747053763363,106.00998066657665,1149700
2023-11-29,107.10933685302734,108.63622945836299,106.95228477592389,107.46706251620977,1151700
2023-11-30,108.96778869628906,109.1422880581472,106.88249003548167,106.8999373089779,2300500
2023-12-01,112.3967514038086,112.4752741133415,108.74965245973395,109.09865781223483,1833600
2023-12-04,114.16795349121094,114.23774258434341,111.33228897022299,111.78599129954674,1920900
2023-12-05,114.10686492919922,114.3162721370778,112.91153040366224,113.33905181375806,1668700
2023-12-06,114.93575286865234,116.02639050431257,114.48205719790002,114.64782293522431,1769800
2023-12-07,116.28138732910156,116.36105918702452,114.27180047124696,115.08625542712177,1983700
2023-12-08,117.6358642578125,117.66242154408276,115.39610972712694,115.80333045546033,1394100
2023-12-11,119.31787872314453,119.34443600718078,117.06927645561765,117.29944408669274,1452900
2023-12-12,119.0611572265625,119.6188737156199,118.78670943650317,118.99033329767137,1330500
2023-12-13,123.28392791748047,123.59378091861915,117.83946838757645,119.06115752451,2192300
2023-12-14,129.76416015625,129.77300808072496,124.39937311902374,124.56757824201955,2874700
2023-12-15,127.79000854492188,129.61368083092395,126.97554010834067,128.86118839837357,3723300
2023-12-18,127.14375305175781,128.5956099274829,126.82505210302381,128.5956099274829,1425900
2023-12-19,128.507080078125,129.11792464105497,127.03751395691421,127.40048152449334,1318900
2023-12-20,127.57754516601562,130.0563288332676,127.5067212317188,128.50709072977065,1215800
2023-12-21,125.90434265136719,128.53362157245294,124.86856815340636,128.4273924470051,2114000
2023-12-22,125.97518157958984,126.90472706284751,125.69188586693555,126.06370135858201,1191500
2023-12-26,127.17913818359375,127.38274849731144,125.70957233543164,125.97515864061333,786300
2023-12-27,127.18801879882812,127.82542069178481,126.66570748629766,127.35622395228671,1185300
2023-12-28,127.72803497314453,127.79001097835553,126.44438330636474,126.59487909408395,997500
2023-12-29,126.27618408203125,127.57754516966871,126.04601642677315,127.2057296458129,1227800
2024-01-02,126.62142944335938,127.50670826964772,124.82431450665666,125.69188397410004,1162900
2024-01-03,124.01870727539062,125.70959307208044,123.3724575158604,125.33777758680485,1248500
2024-01-04,124.169189453125,125.18726809469386,123.46982520206095,123.97442705241725,1162300
2024-01-05,124.51447296142578,125.66533824306242,122.84129636624803,123.54067426795179,1187200
2024-01-08,125.97518157958984,126.15223464585725,124.16920518212642,124.7534924582636,1232800
2024-01-09,125.84236145019531,126.04598527658885,124.16033732820577,124.8331442753454,897800
2024-01-10,128.0821075439453,128.6309894880587,126.04597747232624,126.17876386542137,1675700
2024-01-11,127.81656646728516,128.58675475487019,126.35584823945428,127.28539374656785,1554900
2024-01-12,129.799560546875,129.80842197930284,127.86965943696396,128.8080527111982,1641900
2024-01-16,128.83462524414062,129.71105613654285,128.03787971161697,128.92315852921337,1934700
2024-01-17,125.81582641601562,129.10906483377258,124.7269372078441,127.15260613094391,1591800
2024-01-18,125.55909729003906,126.56831460955907,123.85936356812554,126.1168272720811,1214600
2024-01-19,125.37315368652344,126.18760839492148,124.1072117454651,126.09908863799892,1550500
2024-01-22,125.72730255126953,127.43588420012064,125.58565469723382,126.44437623843639,1611800
2024-01-23,126.24076080322266,127.03750631056836,124.90398118559474,126.33814201041223,1138600
2024-01-24,125.25811767578125,127.58639202041634,124.69153971445037,127.55983473381364,1364600
2024-01-25,126.44436645507812,127.40046913341853,125.5059731341927,127.04634952572849,1139000
2024-01-26,125.67417907714844,126.84274001942558,125.47055523579589,126.77191609742668,1010300
2024-01-29,125.47052764892578,125.5856181854046,124.12491395164884,125.5856181854046,1305400
2024-01-30,123.26622772216797,125.28466235048944,123.2485183634542,125.08103849598797,2234500
2024-01-31,122.70848846435547,124.46133661255796,121.80550035419223,123.67343906290739,2292600
2024-02-01,123.40787506103516,123.4255844216136,121.05304341890096,122.45178572234607,2139500
2024-02-02,122.11537170410156,123.04491723611872,119.93757970075517,121.61961768923474,2028700
2024-02-05,121.0972900390625,122.18619276933049,119.64543324032198,120.71662661096484,2333000
2024-02-06,126.94013977050781,128.15296752977238,121.50452791451758,121.71699971155795,3199700
2024-02-07,126.9843978881836,128.0909964287481,126.10796698107464,127.48015187303122,1803100
2024-02-08,127.56867980957031,128.0732816985984,125.52367444541355,126.64798229779471,1226900
2024-02-09,130.07400512695312,130.46352995287236,127.53325934191022,128.60445261318813,2222400
2024-02-12,128.98513793945312,130.56979479542798,128.46282661055426,130.12715532857447,1554500
2024-02-13,127.05522155761719,127.08177884187414,124.20462264225236,126.14338544270738,1567200
2024-02-14,126.47091674804688,127.85194937101448,125.56792868369074,127.52440057174887,1454000
2024-02-15,131.02127075195312,131.51702475022978,127.6218031852418,127.6218031852418,1474900
2024-02-16,132.7564239501953,133.37611645128993,129.13562314211018,129.4543240724279,1792800
2024-02-20,131.81800842285156,133.0131402107537,130.9681483362264,131.99507499015746,1221900
2024-02-21,133.03970336914062,133.60628128800462,131.18061239659272,132.03933395447328,1038300
2024-02-22,134.12860107421875,135.54505271540125,132.80068272621662,133.65055641258294,1658300
2024-02-23,133.10166931152344,134.34105419402033,133.0928078784671,134.05775850185984,854900
2024-02-26,132.37571716308594,134.22594632348904,132.34915988390543,133.13705735224764,1108900
2024-02-27,132.52622985839844,134.4472831783219,132.0747425463257,133.03969316866971,1250900
2024-02-28,132.66787719726562,133.7833235860373,131.30455383321134,131.8976889889434,1613300
2024-02-29,131.14520263671875,134.00464941644816,130.2864811086298,133.82759635574874,3365300
2024-03-01,133.18136596679688,133.41153362833865,129.54286898110198,130.96816861560254,1240500
2024-03-04,134.92532348632812,135.20860563253737,132.70326540980182,133.18132344968282,1440800
2024-03-05,132.66787719726562,135.89029138422143,132.34032837455976,134.36761081703858,1696200
2024-03-06,134.84568786621094,135.21750338138114,132.80954370460708,133.31414565080806,1863300
2024-03-07,134.24481201171875,135.7065334781995,132.63961951273546,135.4016387193801,1878700
2024-03-08,135.374755859375,136.2176978950026,134.60354250823937,134.97120332922663,1044600
2024-03-11,134.33453369140625,136.0114690515864,132.78314407449957,135.06090646916428,1237500
2024-03-12,135.0519256591797,135.78726100428858,134.10134952100503,134.3345156439447,2038100
2024-03-13,135.8500518798828,137.39247875025828,134.4331707462375,135.0160587346005,1161800
2024-03-14,133.93994140625,135.32094441688037,132.585840074281,135.0698529604021,1549900
2024-03-15,135.20437622070312,135.65275578026186,132.98040375320198,132.98040375320198,2985200
2024-03-18,136.26255798339844,136.53158848064334,135.07884295236423,135.4106394783392,1152900
2024-03-19,138.19058227539062,138.2892263233663,136.531572473106,136.7557622472819,1536300
2024-03-20,139.35638427734375,139.7240588599444,137.20416751519545,137.3835166314644,1995300
2024-03-21,139.72402954101562,141.52652404246314,138.84520947728225,140.07376503356463,1451700
2024-03-22,136.1818084716797,139.95716949938975,136.065225434801,139.72400342563236,1367000
2024-03-25,135.46441650390625,137.6076700322789,135.37474881123094,136.88129740936176,1084400
2024-03-26,135.11471557617188,136.73784764157975,135.10575290964985,135.71554263619544,1475700
2024-03-27,138.3968505859375,138.4237522675733,136.05630849940624,136.4867490890385,1330000
2024-03-28,140.33384704589844,140.6656435591613,138.72864047336182,138.80934551440538,1904800
2024-04-01,137.63458251953125,140.11860905217645,137.21310464882566,139.96616164754263,928800
2024-04-02,134.5497283935547,136.65711773706278,133.97580312094408,136.54053467617916,1595700
2024-04-03,134.28965759277344,135.31196228520656,133.97578647560152,134.58558969893252,1253000
2024-04-04,132.67550659179688,136.08319392090658,132.20022536174153,135.41062459345562,1172800
2024-04-05,134.64837646484375,135.02502733688345,132.42441767745214,132.73828884299914,918000
2024-04-08,134.8367156982422,135.10574619860313,133.8502750914053,134.78291233486192,1000000
2024-04-09,134.68426513671875,135.48238026967306,132.59481457888126,134.97122096254873,1008000
2024-04-10,130.52330017089844,131.8235982331046,129.63550366491594,131.17793053483717,1474600
2024-04-11,131.69805908203125,132.89971314810637,129.71621519285145,131.35728620105542,1333600
2024-04-12,129.8596954345703,131.59941044341426,128.97191259853292,131.05238679304023,1128000
2024-04-15,127.68952178955078,131.1420496380796,126.76586105399353,131.1420496380796,1237700
2024-04-16,125.86016082763672,127.40258776634138,125.13377437209887,127.28600469012056,1301600
2024-04-17,126.38923645019531,127.51018538467844,125.66286373000362,126.40717546451546,1019700
2024-04-18,125.8780746459961,127.39359976440656,125.54627814674353,127.03490158594208,1046100
2024-04-19,125.94084930419922,126.8914117541349,125.39382570972293,126.747927015118,1116100
2024-04-22,127.70748138427734,128.66700661609602,125.67183416208246,126.44304762400698,984400
2024-04-23,128.93603515625,129.55480118628466,127.79714715435227,127.79714715435227,877400
2024-04-24,128.066162109375,128.89117882150074,126.99901661412243,128.3262299054817,1110000
2024-04-25,127.9944076538086,128.88220398579645,126.07534394991531,126.6582455073258,1741000
2024-04-26,127.66260528564453,129.54580456311817,127.61776460123691,128.2813711534846,1026200
2024-04-29,129.87762451171875,129.88658717684066,127.9675232144699,128.98982806015417,1111000
2024-04-30,126.02156066894531,129.5906582096627,125.75253019063909,128.53248899403908,1835400
2024-05-01,125.70768737792969,128.0751446003488,124.8737079610434,125.85117212173539,1355900
2024-05-02,126.765869140625,127.3308317622134,124.92751021677832,126.93625556195853,1829400
2024-05-03,128.17376708984375,129.55478371803974,127.24114367934541,128.23654679269697,1257400
2024-05-06,129.5279083251953,130.43363024211004,128.68495244041318,129.38442356109192,1598800
2024-05-07,132.67550659179688,135.841065131656,129.79691753304334,131.60836106955477,2682400
2024-05-08,132.61273193359375,133.65296202621172,131.5814508219228,131.74287456539648,1490800
2024-05-09,133.73370361328125,134.7649712178815,132.63965629674317,133.20460528688636,1364800
2024-05-10,132.4692840576172,134.51389415408238,132.36167732100142,134.2538399794406,1305300
2024-05-13,131.79669189453125,133.36602038946046,130.9268344340938,132.8548611116234,1381700
2024-05-14,134.1013641357422,134.26278790640498,132.11953397551713,132.3168220932942,1087800
2024-05-15,134.73805236816406,136.52260787133127,134.4690219062782,136.298418100336,1005600
2024-05-16,133.31222534179688,135.8410791587463,133.05215751225782,134.73806917919705,1802200
2024-05-17,133.4287872314453,134.2000006438745,132.810034915187,134.2000006438745,1258400
2024-05-20,131.25863647460938,133.59021581025047,131.0254840144289,133.4018903621923,851700
2024-05-21,132.69345092773438,132.8458983393898,130.89993264925823,131.10618341991457,1101900
2024-05-22,131.09722900390625,132.90868641052214,130.59504604368627,132.26301869496518,734400
2024-05-23,129.7251739501953,131.3572683874892,129.63549256732358,131.17791930520363,1091000
2024-05-24,132.61273193359375,132.95349106589228,130.9357832149422,131.53661013298802,1410900
2024-05-28,131.98500061035156,133.99374596362605,131.68010579381993,133.52742739022233,1187200
2024-05-29,131.91326904296875,132.15538414780485,130.55019138001813,130.98063191651804,1131000
2024-05-30,133.1149139404297,133.5005137591459,132.28092091875004,132.81001915119498,1088100
2024-05-31,135.68861389160156,135.85003764102618,133.42877718386038,134.0027024463946,2376200
2024-06-03,135.9486846923828,136.52260996760492,134.47800031941006,135.72449491794515,1770900
2024-06-04,136.72886657714844,137.21311048992533,135.5182362700185,135.5182362700185,1208100
2024-06-05,137.60769653320312,137.66149989586128,136.1728900229671,137.096550904491,1480600
2024-06-06,137.90362548828125,138.6389745833154,137.02480532399824,137.03376798974531,1686200
2024-06-07,137.9127197265625,138.6395831664303,135.7775748351741,136.34088741578233,1776400
2024-06-10,138.1398468017578,138.78494166503665,136.75882168493982,137.37664652186913,1962400
2024-06-11,136.99502563476562,137.54925729631813,136.86782560738126,137.41297650403604,2294100
2024-06-12,139.15744018554688,140.72019130376376,138.85760857828586,140.0569211435667,1818000
2024-06-13,137.98538208007812,140.37494052015924,137.79458895375882,139.20288401004728,1073400
2024-06-14,135.22332763671875,137.95813559462385,134.73268897853015,136.96779137566242,1299200
2024-06-17,134.1693878173828,134.6781880513328,133.61515602030875,134.56916339084825,1211000
2024-06-18,133.48794555664062,134.97800921010307,133.23354545949573,134.2874966412477,1143100
2024-06-20,132.8701171875,134.03309299040356,132.1977661692918,133.07000495335203,1555000
2024-06-21,132.7974395751953,133.1699589729811,131.65262521748932,133.06092045182052,2538500
2024-06-24,136.6952362060547,136.89512400558704,132.7338448775086,132.87922034330805,2240800
2024-06-25,134.35107421875,136.79514488614655,133.56969862096258,136.57709560735447,1885600
2024-06-26,134.0966796875,135.13245539581868,132.90644777907184,133.5697041357218,1674600
2024-06-27,136.1137237548828,136.2681799606351,133.7968529410687,134.36017930390258,1641300
2024-06-28,137.9217987060547,138.45785505991466,136.0137841258981,136.98596681244643,3709800
2024-07-01,133.12451171875,137.55835158325505,132.54302384158058,136.8133267392714,1452500
2024-07-02,134.26930236816406,134.84170943814993,132.73380737098924,133.0699897736265,1142300
2024-07-03,134.70542907714844,135.604924016353,133.92405341603794,134.95074839943425,619500
2024-07-05,132.7338104248047,134.56005631343763,132.14324181096416,134.46919320495576,962800
2024-07-08,133.4425048828125,134.40559287961915,132.95188011861904,133.35165563361755,784300
2024-07-09,134.07852172851562,135.54131528566305,132.87011439265203,133.233539124503,1334100
2024-07-10,134.86898803710938,134.9507565282083,133.10634884444792,134.5509809755924,719800
2024-07-11,135.1960906982422,137.46753034752797,134.77813970271595,136.8496915537632,1384500
2024-07-12,135.81390380859375,136.9859743293317,134.73269641142653,136.19550397281168,1140700
2024-07-15,136.34088134765625,136.4680814041893,134.6600244480243,136.1955058933995,1187400
2024-07-16,137.65829467773438,137.69464546821794,136.04103109532826,137.04046987715878,1584600
2024-07-17,140.73838806152344,141.35622682428303,137.16769176664386,137.16769176664386,1794100
2024-07-18,139.11203002929688,143.7275963832479,138.79402297953783,140.33861280549277,1226600
2024-07-19,139.4209442138672,140.14780757697088,138.71225624737662,139.86615131641253,993100
2024-07-22,143.31874084472656,143.50953398458893,139.44819935661894,139.65718175672689,1708700
2024-07-23,142.48284912109375,144.00924965526153,141.64694726998465,142.64638609385528,1764900
2024-07-24,136.1864013671875,142.64637468618903,135.98651361839873,142.61003776084743,1905900
2024-07-25,135.65945434570312,138.44878878579908,134.88717321195523,136.8042687591376,1118100
2024-07-26,138.5123748779297,139.23923827462878,136.09555997600583,136.549847865972,1032400
2024-07-29,138.85763549804688,139.72077969998895,137.14950862750803,138.73951621247298,784900
2024-07-30,140.65660095214844,141.49248892687095,138.83944956437824,139.32099357303616,964800
2024-07-31,139.41184997558594,141.63785754567454,139.0302498661791,140.2568186756087,1770100
2024-08-01,139.41184997558594,142.292033122876,137.66738639097005,140.83830653714736,1266500
2024-08-02,137.258544921875,139.04842639099104,135.9047620662326,138.10351371301155,1432900
2024-08-05,134.51463317871094,137.92179200358322,132.41582556079197,135.03251411093387,2049300
2024-08-06,141.31985473632812,142.11940576869537,133.68782459310034,136.38629546357518,1586200
2024-08-07,138.93942260742188,142.54646997833447,138.6759417009494,142.54646997833447,1569200
2024-08-08,140.974609375,141.28352178665114,139.0665948535971,139.3482511032652,988800
2024-08-09,144.16371154785156,145.12679961769464,140.55666473729656,141.14724728879142,1477700
2024-08-12,139.1029510498047,145.0813672064401,137.8945436544695,143.1824472410986,2035700
2024-08-13,141.66513061523438,141.8468429941986,138.83945945147815,140.22049848638483,1287300
2024-08-14,142.48284912109375,143.35507403668532,141.19265941618258,141.5651787836039,960200
2024-08-15,143.42774963378906,146.55325202196835,143.10066185214788,143.5549496675515,1853500
2024-08-16,142.37379455566406,144.62705817460463,141.61059437463373,143.5912825392739,1422600
2024-08-19,145.2721710205078,145.30850794917714,142.60095619094338,142.9553001664714,968400
2024-08-20,144.82696533203125,145.69012336365623,143.86387727965536,145.37211631371383,910200
2024-08-21,146.4079132080078,146.42608860702322,144.45448065875553,145.01779325432705,882600
2024-08-22,147.38006591796875,147.60720983606552,146.0898762630663,146.63502721200436,881000
2024-08-23,151.27786254882812,151.6958134943653,147.57995258747144,147.7798403618024,1325800
2024-08-26,152.05921936035156,152.72247569436902,151.23241220230443,152.1864193951462,1173600
2024-08-27,152.6861572265625,153.7219330247482,150.82357417037997,151.1052304340619,1404200
2024-08-28,152.37722778320312,153.35847728136628,150.7599503776785,152.6770455464527,909900
2024-08-29,150.36927795410156,152.9405488419836,149.8332216198165,152.64071719812122,1296200
2024-08-30,152.05015563964844,152.1864364551468,149.89682170841502,151.31419764466048,1747100
2024-09-03,148.9337615966797,150.6327941130363,148.05244185432713,149.05188090145936,1867200
2024-09-04,149.98768615722656,151.22334972917034,148.76110335180798,149.00642268564482,1258400
2024-09-05,149.16995239257812,151.64127941597062,148.88829614260763,151.4050547239423,1013500
2024-09-06,149.46070861816406,150.20574737652163,147.5072763306669,149.52431557431115,1443600
2024-09-09,148.9822998046875,149.42392979239375,146.71900578224398,149.12950980058957,1406600
2024-09-10,150.8499755859375,150.98797616349415,148.24625705921306,149.78272432377958,1155000
2024-09-11,150.3163604736328,151.03399160457738,147.271025846906,149.41470984144755,1566600
2024-09-12,150.64755249023438,151.4203837358597,148.51305014854753,149.04667573396924,1356000
2024-09-13,150.90518188476562,152.58885919223616,149.60792024870722,151.57680812040692,2512400
2024-09-16,151.71478271484375,153.46286935412815,151.16276643826507,152.634823881189,1794000
2024-09-17,151.20880126953125,153.01207445124456,150.81317618947003,151.73321753814082,1288100
2024-09-18,151.20880126953125,153.25129418667777,150.42676050767435,151.73321753814082,1786900
2024-09-19,153.70208740234375,154.0333028104952,151.1995741049138,153.25127617924537,1599300
2024-09-20,153.23287963867188,154.2357212753585,152.30362895110628,153.11326977859724,6736200
2024-09-23,154.70492553710938,154.84294014334688,152.72684252947263,152.72684252947263,2274400
2024-09-24,156.50823974609375,157.2074661411018,153.87692083719452,154.46574675896903,1546700
2024-09-25,155.5789794921875,157.03263229911863,154.65893825104794,156.61861654834885,1349400
2024-09-26,153.10406494140625,155.8457838847016,152.6164442110498,155.8457838847016,1085300
2024-09-27,154.3001251220703,155.23855709471474,153.10406868229248,154.04250065493693,1397200
2024-09-30,155.50537109375,155.56057132081187,152.8464525267883,153.72048887893624,1599400
2024-10-01,155.99301147460938,156.18621229367142,153.02128188734935,155.48698593158574,1327100
2024-10-02,155.0637664794922,156.16782735558186,154.10692963076065,155.03616636146168,1321400
2024-10-03,154.88894653320312,154.9901516299519,153.3248652127739,154.75093192561022,1126700
2024-10-04,156.02059936523438,156.15859993946444,153.71130084458608,154.88895254040116,1211100
2024-10-07,154.10691833496094,155.20176973231136,153.37088248442384,155.01776427935613,1069300
2024-10-08,153.85850524902344,155.46857755103122,153.1132740297173,154.86136095226985,1087400
2024-10-09,155.69857788085938,155.91939283632036,152.86484912666302,153.4720797251441,805300
2024-10-10,154.41053771972656,155.68939460374045,153.71131136457996,154.76015791665813,741900
2024-10-11,157.12466430664062,157.79629057701604,155.34899119817374,155.43179155231923,1135400
2024-10-14,157.9526824951172,158.50471288658343,155.94699921430743,156.69223041568566,888800
2024-10-15,160.6667938232422,162.57127174280313,158.2470810565586,158.2470810565586,1374000
2024-10-16,161.0348358154297,161.7340621850949,160.13319922636092,160.7404298845716,1264000
2024-10-17,160.40921020507812,161.09924119700352,159.05674833780702,160.48280115681303,1070800
2024-10-18,162.77369689941406,162.92090686927918,159.47994752693793,160.86921880462745,1060400
2024-10-21,160.28041076660156,162.65410511043018,159.7651758148453,162.18488907292303,1032000
2024-10-22,160.86923217773438,161.49485354359612,159.6731756409037,160.43681162950548,928100
2024-10-23,159.9215850830078,161.28324227257778,158.6979284725876,159.6639606040681,908900
2024-10-24,159.53515625,161.23723827523935,158.86353002996506,159.94918606712903,1047200
2024-10-25,156.8854522705078,160.1423924172024,156.35182661191737,159.8571818497371,954900
2024-10-28,158.7255401611328,160.02278781587145,157.78709403834387,157.85150367245393,1101500
2024-10-29,158.22869873046875,158.96473457768778,157.3270621879514,158.26550824412357,857700
2024-10-30,158.32070922851562,159.7007711840933,157.8790933335713,158.45870980858692,929400
2024-10-31,155.59738159179688,157.94348973607438,155.51458124332876,156.81184285752784,1794900
2024-11-01,154.29090881347656,157.67666778186162,152.72684155708075,153.74808786639053,1433600
2024-11-04,158.394287109375,158.394287109375,154.30010681626175,155.10053812111934,1215900
2024-11-05,160.4459991455078,160.4459991455078,157.26265012205724,157.32705975059724,894600
2024-11-06,159.72833251953125,164.42054764475492,157.67664484121062,162.2032452718423,1967000
2024-11-07,161.697265625,162.81052182426154,159.9031878184119,160.1792030283601,1278200
2024-11-08,164.70579528808594,165.11061570095006,162.17568174640107,162.17568174640107,972000
2024-11-11,166.8402862548828,167.31871166253248,164.2273723277555,164.5401830009927,1491200
2024-11-12,163.96975708007812,168.22034327628324,163.91455684979738,166.7022807887002,1516500
2024-11-13,164.84381103515625,166.7022985385483,164.22738500019375,165.03702590042735,1197200
2024-11-14,164.0525665283203,166.33426508506196,163.65695549687987,164.88061214462442,1187600
2024-11-15,165.8558807373047,166.3895064777991,162.38732044345034,163.7489778964975,1127500
2024-11-18,166.3894805908203,166.7758962658074,164.9174088433982,164.9174088433982,1125600
2024-11-19,166.72068786621094,167.1990992277818,164.7977909061275,165.4050215251012,1160400
2024-11-20,166.44468688964844,166.82190721899443,165.0186199646282,166.02146168425978,1139300
2024-11-21,167.26351928710938,168.14675111640813,165.87424787172642,166.49988328630343,883800
2024-11-22,166.65626525878906,169.25078822577757,166.20544000913588,168.44114746353182,1836500
2024-11-25,165.70864868164062,168.27555787995942,165.67185320454914,167.57633150548563,4564900
2024-11-26,168.79078674316406,169.23240264592064,165.598242239687,166.15025860845364,1358500
2024-11-27,169.05760192871094,171.1276950135523,168.55157636689518,168.60677660296287,903000
2024-11-29,168.9196014404297,171.12769511677212,168.9196014404297,169.95004328422718,1291400
2024-12-02,166.86788940429688,168.52396658494655,166.2974682793517,168.51477122570165,1687800
2024-12-03,166.1870574951172,168.21114546191873,165.07380139208277,168.10994036164288,1651400
2024-12-04,166.99668884277344,167.08869858690105,164.95419606384067,166.80348803430775,1128400
2024-12-05,167.33712768554688,168.1835640553197,165.94785624188478,166.19627134087025,1209300
2024-12-06,169.14039611816406,169.26920134386648,167.55792389455308,168.36756476394942,1419400
2024-12-09,169.4847412109375,170.16412804610516,167.79091072763953,169.05662568409232,1638400
2024-12-10,166.80441284179688,168.80536705313912,165.81790235477018,168.80536705313912,1925500
2024-12-11,164.38467407226562,167.3907420122999,163.83556655181124,166.8044138434603,1777000
2024-12-12,164.91513061523438,167.3814207591396,164.2915818711796,164.38465478262225,1509100
2024-12-13,167.14877319335938,167.35352226291326,164.00309585288062,165.35256802880642,1462400
2024-12-16,169.3172149658203,170.10829214905144,166.42283757061276,166.91609278337887,1499700
2024-12-17,167.4838104248047,169.95938820238402,167.26974554931792,167.86537531398167,1681100
2024-12-18,159.61959838867188,168.69365316177445,159.5172238693483,167.04637344302077,1852100
2024-12-19,157.52560424804688,162.16036299342522,157.29293614961787,160.62474502323346,2057400
2024-12-20,159.71267700195312,162.0672768295625,158.5214175714208,159.2008043870527,4887000
2024-12-23,159.49864196777344,159.84298621473775,157.80481136727377,159.14498190812319,1388500
2024-12-24,161.33206176757812,161.4251204844494,158.68894143181905,159.04260147835677,441700
2024-12-26,161.7508544921875,162.30924937203747,160.178015975551,160.66196956550058,469900
2024-12-27,160.0849609375,162.20689295992548,159.4428088841072,160.40140035910932,734400
2024-12-30,159.0240020751953,159.6289477076114,156.8276144548842,158.27947545212174,852000
2024-12-31,160.27110290527344,160.60614554285655,158.67964682652024,160.32694097804827,1376100
2025-01-02,161.49957275390625,162.16035637488577,159.68476450041766,160.54098136357808,1154500
2025-01-03,163.8634796142578,164.030993812768,161.58332110547627,161.983517581249,896900
2025-01-06,162.3185577392578,163.70525036474436,161.87182481474778,163.01656195775604,2050700
2025-01-07,162.09521484375,164.44981494707406,161.15524080518009,162.69084462876214,2317800
2025-01-08,162.5791473388672,162.85835187073616,160.7922582162111,161.76946697728633,1319700
2025-01-10,159.1077423095703,162.7187411690647,158.30736356527777,160.41067784635712,2010300
2025-01-13,160.8201904296875,161.08077756054024,158.06539393090102,158.80993467659468,1257000
2025-01-14,161.5367889404297,162.5977547353661,160.72709442784264,161.60192861332087,1067900
2025-01-15,159.8429718017578,164.67316344014358,159.02397561154643,164.3660398688143,1204400
2025-01-16,160.73643493652344,161.15523467238702,158.90300918973955,160.09426871443023,1195800
2025-01-17,162.06727600097656,163.53773995947597,160.57819461995797,161.46234467796228,1302400
2025-01-21,163.76112365722656,164.3102169713893,161.93699948359804,161.93699948359804,1078300
2025-01-22,160.91323852539062,163.30507320539417,160.6340481900018,163.30507320539417,1517100
2025-01-23,162.73736572265625,162.86765928204457,160.29900873941787,161.29482075740012,902100
2025-01-24,162.16966247558594,164.21713887468928,161.89977373336302,162.25341958169648,1050700
2025-01-27,164.44981384277344,164.64526129946643,162.20688990140872,162.5140135042496,1186100
2025-01-28,163.44467163085938,165.11058307019158,163.19340032400112,163.7052587497047,786600
2025-01-29,161.59262084960938,164.8778926246548,160.77362475806342,163.79830944960443,689200
2025-01-30,163.60289001464844,164.96167792608927,162.38371147955843,162.9793412295617,1093600
2025-01-31,161.80670166015625,164.8313869158182,161.12731479437667,163.67734804439874,1504200
2025-02-03,161.3878936767578,162.01144243963117,158.76339086493914,160.17801679615204,1306100
2025-02-04,161.33206176757812,161.6205679314659,159.49863605410633,159.49863605410633,1041100
2025-02-05,166.69273376464844,168.03290428984414,163.77042300312655,166.18086110558983,1998200
2025-02-06,167.67922973632812,168.87980497840005,165.4642250764264,168.7774304554399,1382900
2025-02-07,167.46519470214844,168.3586322577548,166.86024911879215,167.99567058811462,1082100
2025-02-10,168.0421905517578,168.3865347632461,166.35767593749102,168.23763798588487,1492000
2025-02-11,171.5973663330078,171.7555789227677,167.30696638409432,167.83744222023833,2155800
2025-02-12,171.13204956054688,171.64390803207567,168.40517197866276,168.40517197866276,1395300
2025-02-13,173.309814453125,174.12881070464647,170.93659700678168,171.77421068245602,1355200
2025-02-14,172.22093200683594,175.09670634043803,172.16509393448388,173.9054467938145,998000
2025-02-18,173.14227294921875,174.035724628879,172.1092261012988,172.54664322975614,1135200
2025-02-19,173.03990173339844,173.64484727626444,171.50429804945577,172.63971944278214,783100
2025-02-20,173.76585388183594,174.49177723375902,172.5745801187237,172.5745801187237,940600
2025-02-21,171.05758666992188,174.50107164350024,169.17762448182117,174.2311829011024,1367600
2025-02-24,171.8486328125,173.2725602813217,171.1227095617647,171.63458216188118,1657000
2025-02-25,171.05758666992188,173.3377311658769,170.36888399483277,171.98825905202054,1356700
2025-02-26,171.46707153320312,173.19812259810763,170.4898627673658,171.87655542088305,1078300
2025-02-27,169.9221649169922,173.19813567225094,169.86632684631772,172.21161102024595,954100
2025-02-28,173.18881225585938,173.3284216273494,169.67087194849142,170.94588850935594,2573100
2025-03-03,174.7616729736328,176.95806054187742,173.15161359804773,174.30563835701602,2047200
2025-03-04,170.85284423828125,174.82681944028036,170.0617670024329,174.52899745000622,2894800
2025-03-05,170.6667022705078,171.57875720891377,168.28418329617935,169.44752374856108,1772800
2025-03-06,162.43954467773438,169.03802238958156,162.2348098269072,168.6099068629195,1949500
2025-03-07,159.23802185058594,163.41673101216108,157.8885357765342,162.2347875224178,1898700
2025-03-10,155.74234008789062,159.66204927433577,154.59282422909357,158.53136780292908,2140500
2025-03-11,154.03689575195312,156.38307098192772,151.03115751879145,156.03444790397066,2565500
2025-03-12,156.2511444091797,157.72103164981382,154.5268491838531,154.9602844771294,2003000
2025-03-13,150.26795959472656,157.86238786106253,149.08074609638743,156.40193194630274,1832900
2025-03-14,151.89801025390625,151.90742744662768,149.54241810813593,151.60590475082023,1887500
2025-03-17,157.22164916992188,158.10735415326752,152.26548826878036,152.8779365007224,2279300
2025-03-18,155.2806396484375,158.3805926366017,155.0544976229064,156.93897137015105,1340200
2025-03-19,155.2806396484375,156.42073821418003,153.4526978132272,155.2806396484375,1674500
2025-03-20,154.95086669921875,155.9402183922924,152.8308335186589,155.12047682990902,1445800
2025-03-21,152.7366180419922,154.44206465121275,150.67311678468508,153.86729952647147,3094000
2025-03-24,156.52439880371094,156.8164899601986,152.3502959824801,153.11350561779176,1300500
2025-03-25,156.18519592285156,158.9553749319113,154.76242326534597,156.6845803698023,1661800
2025-03-26,158.7198028564453,158.81403229735957,156.5903526392876,156.5903526392876,1630100
2025-03-27,156.27001953125,159.76571091388385,155.9025476591085,158.72925879170347,1665700
2025-03-28,154.79067993164062,157.70218856131228,153.6882644614949,157.2499188657794,1309300
2025-03-31,156.4866943359375,157.14625724097104,154.1311022626799,154.21590012674284,2409200
2025-04-01,156.85418701171875,157.82468992494623,154.2253378565531,157.01436556874324,1483200
2025-04-02,160.5666046142578,160.99060837291796,156.0061811554246,156.241740396613,1417900
2025-04-03,144.33184814453125,155.46909572096436,143.10695161955462,154.28188234768456,3770000
2025-04-04,137.61370849609375,142.00453610409448,134.50432370655778,139.3380038282673,3680100
2025-04-07,135.0602569580078,141.83494373123705,130.13236115155323,131.91318862286604,3557400
2025-04-08,132.26177978515625,141.3355250971597,130.52806746120544,139.93158703866638,2703600
2025-04-09,144.33184814453125,145.33063138193208,128.46458146212998,131.16881126735944,4323400
2025-04-10,139.1589813232422,143.22002039051094,134.83411705281412,141.33554643800423,2325500
2025-04-11,139.6395263671875,140.41216764066556,134.0803335855432,138.29213430196108,1713000
2025-04-14,141.2130584716797,143.11638128967954,140.10122568226137,142.25894214553054,1406900
2025-04-15,140.74192810058594,142.97503944046142,140.251975240121,140.95865295000928,1203500
2025-04-16,139.49818420410156,142.49449082287782,138.35807116134643,140.6288656757644,1435900
2025-04-17,141.71243286132812,143.28598123472906,140.23312831216603,140.47810474560697,1267300
2025-04-21,138.69728088378906,140.1389023161496,137.4158380130913,139.73374731501346,1701000
2025-04-22,142.00454711914062,143.3896223065462,139.45107847771743,140.7136726295758,1495900
2025-04-23,144.42608642578125,149.15612019852526,144.02093141632528,144.15284402142672,1862300
2025-04-24,147.17739868164062,148.21386500694408,143.06924528459197,143.82303766868597,1696800
2025-04-25,147.61083984375,148.65672340363082,146.55552471310443,147.29989993379684,1421800
2025-04-28,149.35397338867188,149.83452343348202,147.15855957546975,147.84640289894415,1551700
2025-04-29,147.7427520751953,149.31628600783864,146.32939669382048,148.1007923285154,1284300
2025-04-30,148.2892608642578,148.7792137432932,144.313019649052,146.49900197158198,2279600
2025-05-01,149.6931915283203,151.55883118913835,147.9312128927215,149.09016040754773,1365700
2025-05-02,152.42567443847656,153.0475398946228,150.53176897972847,151.81321179851233,1321300
2025-05-05,151.56822204589844,152.84966475204163,151.04998889683438,151.3797775491643,991100
2025-05-06,150.9180908203125,152.04877228681215,149.10899759843406,150.55061898426524,1139400
2025-05-07,152.14300537109375,154.08401123752205,151.29499784528954,151.5870890069022,1629300
2025-05-08,153.5940399169922,154.87548274303137,151.08770055887888,152.54815632825878,1387000
2025-05-09,153.76364135742188,155.55388570885026,153.1134955988039,153.91440271135525,1612100
2025-05-12,161.537109375,162.19667238235013,159.53014001648194,159.6149378936994,2804900
2025-05-13,151.5870819091797,158.2958042504566,151.21017851071807,158.06024501794104,3838100
2025-05-14,151.8697509765625,152.5575943302151,149.07132034660785,151.55882542231956,2179200
2025-05-15,153.61289978027344,154.00863760225207,151.64362786469087,152.029948492359,1279200
2025-05-16,155.58216857910156,155.88369131974733,153.16062696939608,154.07459800805958,1352600
2025-05-19,154.9885711669922,155.46910686690012,152.9910189263762,153.3867567458408,1591400
2025-05-20,153.528076171875,154.17822190524757,152.5198758311625,154.0180433644359,1661800
2025-05-21,148.9864959716797,152.64237979215932,148.8357489925318,152.1429953788333,2158200
2025-05-22,148.8263397216797,149.8910721928789,146.9512971867883,148.8546056830924,1903800
2025-05-23,147.71449279785156,148.87344023731956,147.03608103392025,147.21510835737368,1268500
2025-05-27,150.95578002929688,151.56822826315357,148.15733528695358,149.40108051833167,1929600
2025-05-28,151.89801025390625,151.91684463934914,149.68374788592476,150.95577339559813,1488400
2025-05-29,153.80133056640625,155.12988809267063,151.90743950671066,152.36914077979822,1337300
2025-05-30,153.6505889892578,153.85786789463162,151.7001515679488,152.74603517559382,3546200
2025-06-02,153.49981689453125,153.51865128081548,150.33390033409577,152.76487326241178,1156200
2025-06-03,152.43508911132812,154.26303105262699,151.9639706471746,153.03812017034886,1651900
2025-06-04,152.28433227539062,153.06639067440165,151.1253848448202,152.19011720619827,994700
2025-06-05,151.464599609375,152.5952811477761,151.15365967027043,152.28434120867152,1065900
2025-06-06,152.7366180419922,153.35848351314897,151.34209697965247,152.81198434721503,1303800
2025-06-09,153.1375274658203,154.37851521869732,152.16382759004335,152.44067082667354,1139000
2025-06-10,153.58621215820312,153.8057669642153,152.03020322849798,152.7366153181399,1328400
2025-06-11,152.45022583007812,154.55035130280248,151.8011022297862,154.09214555164945,1486300
2025-06-12,151.58152770996094,152.13519964990127,150.77966403119123,152.08748111381317,1565000
2025-06-13,149.77732849121094,150.9228646895397,148.38361511792763,150.3310004361104,2090700
2025-06-16,150.69375610351562,152.46931975006947,150.10190641003032,150.98968095025828,1753200
2025-06-17,149.99688720703125,151.31423043588111,149.32865295005456,150.60783300527814,1388000
2025-06-18,149.96826171875,151.37153045986022,149.15684266819585,149.99689866725444,1476100
2025-06-20,150.13055419921875,151.65791164632816,149.53868989689846,150.66513003401198,2806500
2025-06-23,151.8583526611328,152.31655834147895,148.84180158615413,150.43598795756537,1340500
2025-06-24,152.85116577148438,153.6053109797225,151.5720000918564,152.34522688974945,1559200
2025-06-25,150.254638671875,152.71751832835608,149.92053606735115,152.33568261858636,1380400
2025-06-26,153.3093719482422,153.45255668791938,150.43600526587355,150.77966320719645,1788200
2025-06-27,153.21392822265625,154.73174495030648,152.2497835131507,153.52894926226097,2029000
2025-06-30,153.4621124267578,153.62439333622822,150.82741099743373,153.0611805505193,2060200
2025-07-01,156.81277465820312,158.24468039795806,152.7366122405265,153.061174045674,1772300
2025-07-02,158.31149291992188,158.77925403228775,155.7531616917123,156.92732030369814,1589400
2025-07-03,159.17063903808594,160.19205750521624,158.16830215890738,158.63604868738574,925300
2025-07-07,157.5478057861328,160.27797325485477,156.7745790335885,158.43559490038234,1277600
2025-07-08,156.0299835205078,158.01556111293112,155.75315483588759,156.8127656047746,1790400
2025-07-09,155.53359985351562,157.26144507492157,155.5240590587152,157.14688270682186,1427100
2025-07-10,156.0299835205078,157.17550513295652,155.37130458767297,155.59087394268298,1061500
2025-07-11,154.40716552734375,155.0467483290461,153.6530349301419,154.64581647869977,1112300
2025-07-14,155.05630493164062,155.18040810014975,153.40484425839435,154.0062493782775,1434000
2025-07-15,152.66978454589844,155.54315141543003,152.09703098378446,155.54315141543003,1532200
2025-07-16,154.13986206054688,154.5598900230906,152.11610685857804,153.44300543147023,1438900
2025-07-17,155.34268188476562,155.7722507080632,154.02533846439292,154.34990028056453,1054200
2025-07-18,155.46678161621094,156.3736523489564,154.69355483812168,155.5049593606419,950800
2025-07-21,156.32589721679688,157.3950632694945,155.03719095693233,155.68631448348398,1502800
2025-07-22,158.0537567138672,158.33058540425515,156.00134982295762,156.28773387356102,1654000
2025-07-23,158.21604919433594,159.19929000605453,157.61464410064633,158.80789892711053,1040600
2025-07-24,157.471435546875,159.33290988158663,157.31869545630974,157.84373041381733,1339300
2025-07-25,159.5238494873047,159.62885649314003,156.8127780571362,158.01557366080564,1374700
2025-07-28,157.7769317626953,159.91524974704467,157.6051100520572,159.20883761574453,1090200
2025-07-29,160.44979858398438,160.52616863121926,158.55968725473704,159.3042770076556,1125600
2025-07-30,157.94874572753906,161.06074876476757,156.87957960334538,160.70755003206028,1085200
2025-07-31,156.35455322265625,158.464234073318,156.01089526491356,156.79367738881015,1739400
2025-08-01,153.38571166992188,155.93451630303917,152.4502041459368,155.55266609297658,2149800
2025-08-04,156.4977569580078,157.7196487164915,153.21391739479589,153.9871441800443,1847300
2025-08-05,161.62396240234375,161.8626133454849,152.72706281641206,152.72706281641206,2645200
2025-08-06,159.92477416992188,163.78138169632882,159.7052193734392,162.28264673184296,1844700
2025-08-07,158.79835510253906,161.22304245456954,157.6051002988413,161.12757624383423,1399500
2025-08-08,157.4427947998047,159.6193048239378,157.32824700709685,158.78878962851275,1109100
2025-08-11,157.70054626464844,158.1014781163214,155.87724949439186,157.04186730615066,1190800
2025-08-12,161.53805541992188,161.7289732657788,157.8628249812599,158.4928669820759,1242600
2025-08-13,164.75506591796875,165.03190917626418,161.4330487811095,161.60487047293591,1660300
2025-08-14,164.37322998046875,164.69779177527812,162.75040644032393,163.66681792756194,1889000
2025-08-15,165.4137420654297,165.5282898580393,163.44726060644345,164.61187838496696,1581600
2025-08-18,164.7264404296875,166.20607933200333,164.4782486688606,165.5187633846837,1187900
2025-08-19,166.9411163330078,168.1439118709288,164.27776358790695,164.7550654854134,1907500
2025-08-20,166.22515869140625,167.53296119169448,165.59511670900997,167.19884404663955,1017400
2025-08-21,165.5569305419922,166.28243875448482,164.62142289367588,165.30873879703833,810700
2025-08-22,168.5448455810547,169.8240111846564,166.17743222174587,167.01748823179983,1313800
2025-08-25,168.4016571044922,169.38489783715167,167.95299216052936,168.56393799991096,1408400
2025-08-26,168.80258178710938,169.72854858400945,168.01025893171564,168.36345765581873,2020200
2025-08-27,170.08175659179688,170.5113253867935,168.3921037943058,168.60211779472155,1754600
2025-08-28,171.21774291992188,171.38956461698092,169.04124736058333,170.87408495970536,1438700
2025-08-29,172.45872497558594,172.76419061539363,171.2750110268485,171.828682975479,1716900
2025-09-02,170.74998474121094,171.08410191271008,168.97442101053548,169.41354518741164,2825700
2025-09-03,171.69505310058594,172.06734802823885,169.76674919951483,170.54953136673842,1590500
2025-09-04,173.27967834472656,173.66151402173895,171.54229251229623,172.6114586269062,2103600
2025-09-05,173.97653198242188,176.39167828443468,172.60190026334325,174.5015669537501,1829500
2025-09-08,174.26292419433594,174.62566372837503,171.93368862395792,173.51833440591645,2369300
2025-09-09,173.2872772216797,174.24360342118135,172.0894558471247,173.34523370534117,1889400
2025-09-10,173.13272094726562,173.75094802072306,171.93491428352092,172.82361478038496,2223300
2025-09-11,177.6438446044922,177.8950090195728,173.5480958751918,173.86687127454323,1786300
2025-09-12,176.26251220703125,178.22345199013176,175.90510403898438,177.64385763249652,1547300
2025-09-15,177.50860595703125,177.97228729994723,175.08399973594388,176.0113476820803,1570800
2025-09-16,175.34481811523438,177.80807181058262,175.08399920309984,177.04493881499891,1348600
2025-09-17,175.38345336914062,177.8853398422669,174.52373113653488,175.36412962804394,1706300
2025-09-18,173.96347045898438,176.61991753261648,172.60143405824948,175.8084972367433,1898600
2025-09-19,174.572021484375,176.10792715604074,173.91514698812938,174.2242678662908,7083300
2025-09-22,174.9777374267578,175.25786533471546,172.32129059256906,173.62537038886708,1401800
2025-09-23,177.8660430908203,178.38766621879003,174.47544117007854,174.5720451425195,1386200
2025-09-24,176.90005493164062,178.39731326402043,176.2721586164108,177.80807917172652,1531200
2025-09-25,176.39773559570312,177.52793124196157,176.27215338844252,176.8614022029563,1303600
2025-09-26,179.08316040039062,179.55649624708286,176.02100336696287,176.60059767965967,1368100
2025-09-29,179.5275115966797,180.00083268677975,178.5325526958347,179.16043422909587,1282600
2025-09-30,181.28561401367188,181.73962616645954,178.99624424641712,179.83664282129348,1812200
2025-10-01,179.44058227539062,182.0197491588831,178.12684784045885,181.27595457961564,1836400
2025-10-02,178.71607971191406,179.46954346065692,177.62453157010194,179.440565219528,1494100
2025-10-03,178.92860412597656,180.87988930190235,178.4069810241369,178.8899713827535,1146500
2025-10-06,173.07476806640625,178.9479327564057,173.05544432441877,178.16549071242142,1568000
2025-10-07,172.83326721191406,173.6060547294069,171.29736141745317,173.14238811478958,1601000
2025-10-08,172.16673278808594,172.29231499342103,170.9206241940445,171.78034641124864,1318500
2025-10-09,172.7559814453125,173.1906698038053,171.44224712961943,172.64006848029987,923300
2025-10-10,169.33642578125,174.11802747121655,169.32675654049507,173.4998003904489,1621100
2025-10-13,170.49559020996094,171.6354403385771,169.57791151087756,170.47626646922467,1124000
2025-10-14,169.84840393066406,170.53424203675303,168.70853893478662,170.24445959175605,1528600
2025-10-15,172.2923126220703,173.0747546051987,170.6211701926914,170.71775941572358,1409400
2025-10-16,170.72743225097656,173.24864243842356,170.08022695822063,172.48550944001445,1069200
2025-10-17,172.03150939941406,172.6594057350003,170.36036681766893,170.42797780598636,1045500
2025-10-20,172.39857482910156,173.33557727706426,171.14279698484987,172.5531352769439,685200
2025-10-21,172.6400604248047,174.52371971684434,172.01217890735637,172.57243470523915,1073300
2025-10-22,173.85720825195312,174.9004692126791,172.736681803496,173.89585573551497,919800
2025-10-23,172.6304168701172,174.46577429879173,171.9445640896866,173.77992151836116,1168200
2025-10-24,172.03150939941406,173.72197572340556,171.9928766546179,173.403200304975,1229500
2025-10-27,173.6640167236328,173.82823168110951,171.67409875224908,172.45654079539545,1005000
2025-10-28,170.75640869140625,173.24864061107695,170.60184824529597,173.24864061107695,962300
2025-10-29,167.73289489746094,170.5728806279151,166.52541897394786,169.71315835996165,2293400
2025-10-30,167.4527587890625,169.68417182836484,167.23057261740792,168.09996408368775,1571500
2025-10-31,169.78076171875,170.45695999729264,166.33221830078253,167.6652763771492,1912300
2025-11-03,170.65982055664062,171.65477956875466,167.8874604684876,168.52501131305488,1965500
2025-11-04,176.37841796875,178.72575880749932,172.00252644063923,172.00252644063923,2382100
2025-11-05,175.22889709472656,177.86603507866582,175.18060985037798,176.63923543447225,1809900
2025-11-06,174.5913543701172,176.34943155274877,173.67366092731157,175.36412712661274,1099500
2025-11-07,177.35406494140625,177.44099966811723,174.55271202769745,175.27719756301414,1040800
2025-11-10,176.7165069580078,178.53255534283844,176.09827991589245,178.10752148769123,1282300
2025-11-11,178.7064208984375,179.36328066776733,177.60520354302952,177.60520354302952,1251700
2025-11-12,177.5569305419922,179.06385824905888,177.51829779501242,178.06889919273414,1480000
2025-11-13,177.3637237548828,178.8416731036898,176.56195797420708,176.77447491557638,1467800
2025-11-14,176.51365661621094,177.80808201088308,175.30618069036868,177.57624132683068,792100
2025-11-17,174.83285522460938,177.38304372715018,173.74129229801827,177.38304372715018,1418200
2025-11-18,175.74085998535156,175.9630461567951,173.6640073962088,174.13734324094585,945400
2025-11-19,174.00210571289062,176.37840994658998,173.97312747148177,175.92439784492387,1132400
2025-11-20,173.94415283203125,177.86603214066125,173.7992468822908,176.48467206622058,1184700
2025-11-21,176.85174560546875,177.22847748308826,174.17597498049693,174.55270685811644,1331500
2025-11-24,176.44602966308594,177.24779537406008,175.2868558271058,176.85173976869424,1425900
2025-11-25,178.83200073242188,180.3485826737044,176.95799593108202,177.18982185144912,1368100
2025-11-26,179.24737548828125,180.55145532300924,178.3007185338607,178.3007185338607,1180100
2025-11-28,179.98153686523438,180.83158988547495,178.14616463261598,178.76439171083467,506300
2025-12-01,178.84165954589844,179.9138986725414,178.37799295428653,178.70642284252432,1073300
2025-12-02,175.97271728515625,179.5468432305555,175.1806207085723,179.25706078771807,1242700
2025-12-03,176.09828186035156,177.38303794043432,176.06930361897113,176.29147504945294,1791700
2025-12-04,177.08360290527344,177.66318252696985,175.972716169219,176.02101815595128,1285800
2025-12-05,176.3494415283203,177.46998272419833,175.95338588741055,176.47502374121763,1642400
2025-12-08,173.94415283203125,176.9000514345082,173.82822512429973,176.04998369639088,1840000
2025-12-09,174.8908233642578,176.156255829134,174.32089824094209,174.37885472945595,1522600
2025-12-10,177.62881469726562,179.14450538877088,175.29172263574668,175.36018021041738,2038500
2025-12-11,177.82440185546875,178.94893839611294,177.1398857827225,178.26443724437274,1451500
2025-12-12,177.9906463623047,179.37921017941974,177.6190536080743,178.4991244332436,1239800
2025-12-15,180.09304809570312,180.2788444749108,178.22532596504595,178.60669198304862,1498900
2025-12-16,178.4893341064453,180.76775671134877,178.21553365719564,180.62108322818122,1583400
2025-12-17,180.14193725585938,180.75799576915037,178.36221929346598,178.929381668701,1442600
2025-12-18,180.97312927246094,182.93862871227725,179.48677319741705,180.89489843472109,1144300
2025-12-19,180.83621215820312,181.41316271516348,179.8779105180247,180.93400443457105,4492200
2025-12-22,182.52792358398438,182.83105874725507,179.5649996860067,180.093039176703,1160900
2025-12-23,183.44712829589844,183.584028536616,181.65763698587162,182.42036903001326,937900
2025-12-24,184.121826171875,184.86501163549485,183.73068692228998,183.99471412231313,437200
2025-12-26,183.55467224121094,184.7281048694501,182.27365916398577,184.15116927437495,492000
2025-12-29,183.46665954589844,184.53254160385396,182.94839332624383,184.35651849700577,746400
2025-12-30,182.69415283203125,183.78935465778304,182.1172172217517,183.26131518351153,768400
2025-12-31,181.01223754882812,182.86039819578482,180.95356815067183,182.53770158491852,1096500
