Price,Close,High,Low,Open,Volume
Ticker,UNP,UNP,UNP,UNP,UNP
Date,,,,,
2021-01-04,179.63841247558594,184.96536208330446,178.19607585997963,184.08933124764965,2642400
2021-01-05,181.84178161621094,182.67356613528102,179.50571255305093,179.54110160610728,2127300
2021-01-06,185.64671325683594,187.2483342905255,181.5143500615587,181.8859958122947,2512400
2021-01-07,188.23056030273438,188.78803572302746,185.04500576122726,186.3634740163183,2023000
2021-01-08,193.62828063964844,195.80506475395134,192.0089583827512,192.90267693347025,3922900
2021-01-11,192.3275146484375,195.54845790251542,191.97355667967756,194.83169807907,2969500
2021-01-12,193.4690399169922,195.0618173741976,189.23933914304155,192.0709360102296,3226000
2021-01-13,191.67271423339844,193.78756428066902,190.56662082996996,192.5310437946283,1466000
2021-01-14,191.2745361328125,193.00888314448432,190.87634518130443,192.85845605178648,1720000
2021-01-15,191.66387939453125,192.47796255762984,188.69954353256313,189.81448087508824,2325200
2021-01-19,190.49583435058594,193.62829851445116,190.36310853945483,193.08852437898946,2841900
2021-01-20,193.0619659423828,193.30974329364835,190.8763377378488,192.09745570804674,3239600
2021-01-21,183.9654083251953,191.92927904926634,183.9565644407073,185.82365022832406,6344000
2021-01-22,183.2841033935547,184.93881478410358,179.84194130440412,183.70883947466717,4290300
2021-01-25,182.6912384033203,183.30179061089362,177.965997194559,181.54089858093099,4815200
2021-01-26,177.01919555664062,183.4433813488959,176.44401887073383,183.4433813488959,3867700
2021-01-27,171.95767211914062,175.91306241934797,170.90466924921728,173.4531122619989,3791000
2021-01-28,178.11643981933594,181.3816299415973,172.93993041999767,174.6565896660085,3406500
2021-01-29,174.73617553710938,177.6828093594272,174.11676606292406,176.34664016999116,3508000
2021-02-01,175.73609924316406,177.60318517099935,175.44408900776446,175.93077273343047,2228700
2021-02-02,182.22227478027344,183.28413542178575,177.01036235658896,177.4527997898461,3714100
2021-02-03,180.8329620361328,182.21336416202394,180.39052476490545,181.52316309907837,1731600
2021-02-04,180.9126434326172,182.85936521980773,179.96583445292413,181.20465372601336,2552100
2021-02-05,180.69142150878906,183.77078186261377,180.3905673338656,182.77088257511903,2097000
2021-02-08,180.62066650390625,181.66482594306177,178.8509166427992,181.66482594306177,1995400
2021-02-09,181.08961486816406,181.93025669480573,179.21368469106346,180.90379872909818,1526600
2021-02-10,180.07200622558594,182.45232139205152,179.36410374638876,182.2222453225953,1766800
2021-02-11,183.37257385253906,183.93889310054112,180.8241439875878,181.49664387517902,2658000
2021-02-12,188.619873046875,189.09769939012273,182.46999727500366,182.46999727500366,3318300
2021-02-16,189.35433959960938,190.61970392412914,186.23073302695317,188.8057081108752,2936300
2021-02-17,186.912109375,189.25703581108306,185.65558871773237,188.69071645143964,3042700
2021-02-18,183.22213745117188,185.63784139365225,180.65600644289316,185.13346987916557,3621400
2021-02-19,184.9918975830078,187.20408427275413,183.96543971845767,184.08932163299883,3120800
2021-02-22,183.01861572265625,186.15106587572802,182.88587643096346,183.29292468919377,2775900
2021-02-23,183.1336669921875,184.1247222983823,181.11614032982308,183.47876757217432,2677500
2021-02-24,186.84127807617188,188.43405515622388,181.81519651480303,182.59389053218752,2355200
2021-02-25,185.49896240234375,187.4724512919107,184.81446058205222,186.48570684712723,4150200
2021-02-26,183.0898895263672,186.86796296354711,182.99210355365122,186.86796296354711,3707900
2021-03-01,185.95236206054688,188.1036539090122,184.69894068538804,185.41899501447122,4118200
2021-03-02,186.05902099609375,187.25022215773265,184.30777162609496,186.28126062615013,2315500
2021-03-03,183.32989501953125,186.530150824701,183.1165536754728,186.08567160534017,2307400
2021-03-04,178.75177001953125,183.7477122591898,176.53825855539571,183.1076610783417,3208800
2021-03-05,186.42349243164062,186.81462277631974,178.36063235044065,180.45857494658404,3187200
2021-03-08,187.47244262695312,191.73054753527958,186.83239147265346,187.18798298305836,3068500
2021-03-09,188.19253540039062,191.09943385894368,187.7747237677007,188.5036763402855,2814500
2021-03-10,189.45481872558594,191.2860709448999,187.90803971849869,188.9036688324334,2764600
2021-03-11,190.69937133789062,192.4950576484662,189.4992719992958,190.96606158695943,2573500
2021-03-12,190.31712341308594,193.34847517590478,190.16600209470306,191.89058376773033,2321100
2021-03-15,189.0548095703125,191.02829859856968,186.6457395421557,190.45936568007227,2881100
2021-03-16,188.19253540039062,189.49930564485797,185.71234684188173,189.4548550013827,2786100
2021-03-17,188.72589111328125,190.44157449690383,186.5212778447509,187.9524879991798,2795200
2021-03-18,191.44613647460938,193.53519473953673,187.96142017490087,187.96142017490087,2866600
2021-03-19,187.3924560546875,191.59722599624246,185.97901528352145,191.5083247197389,7005200
2021-03-22,183.365478515625,187.57024853546477,182.0409254318715,186.75240832124086,5863500
2021-03-23,184.94781494140625,187.15242817930303,183.56992658105952,184.24553014436162,3661700
2021-03-24,189.25927734375,191.83726537922252,184.90338570249276,184.90338570249276,3245100
2021-03-25,192.09506225585938,192.48620621350238,188.29921876789638,188.9303717831942,2689300
2021-03-26,198.16664123535156,198.4244468147019,192.68176852939757,193.04624479568946,3653800
2021-03-29,198.219970703125,199.0822615688254,195.78423299395263,198.05996467745564,2279800
2021-03-30,196.5753631591797,198.61107180076453,196.05086742669462,196.69091852021208,2601500
2021-03-31,195.9353485107422,197.85550214845404,194.841919776683,196.56650145697435,3246500
2021-04-01,195.757568359375,197.16211093236112,194.69970551404984,196.35316896043392,2551300
2021-04-05,198.65553283691406,199.67782956138439,197.41099651456508,197.56211781339115,1958400
2021-04-06,196.5487060546875,199.20668296766604,196.2820158239878,199.1000123011576,1590800
2021-04-07,196.76205444335938,197.29543492388518,195.54418574228794,196.37091056623098,1634200
2021-04-08,195.7309112548828,196.975461517587,195.64202352753924,196.53098218757108,1983900
2021-04-09,198.4510498046875,198.55772045686155,195.98863158973106,196.18420349500136,2383700
2021-04-12,198.72669982910156,200.26459442520536,197.8021752793142,197.8466259226672,2286500
2021-04-13,197.33990478515625,198.58444127506834,195.7486614540218,198.2199650300118,1799100
2021-04-14,197.88217163085938,198.5933275940682,196.94876247360963,197.77548738483364,1515300
2021-04-15,198.32667541503906,199.5712120689837,197.67772584993804,198.5844674489161,2008800
2021-04-16,197.97994995117188,200.70904544370242,197.47323710433685,199.93565590319633,2539800
2021-04-19,198.65553283691406,198.69108520422606,196.85983308801462,198.44217793975628,1911000
2021-04-20,196.16648864746094,200.31792359735707,195.69534168419088,198.0333070952932,2766000
2021-04-21,198.62001037597656,201.09132772454416,195.29531394528945,195.64200725128174,3470200
2021-04-22,193.77517700195312,196.5576215476539,192.06837824829208,194.6552508318038,4831400
2021-04-23,198.7177734375,199.0733649695656,194.29966225368588,195.144170100143,2975600
2021-04-26,199.6511688232422,201.75800950805635,198.9222299704069,199.10890364302304,2767600
2021-04-27,200.6645965576172,201.61578865477745,199.08225152735463,200.63792888801737,2239600
2021-04-28,201.0735626220703,202.9670489192839,200.47796194420658,200.62018502164858,2172900
2021-04-29,199.55343627929688,202.34476593024613,198.60225756621796,202.31809825558997,2239700
2021-04-30,197.42880249023438,199.43785750847454,195.80200670466292,198.81557566759207,3674700
2021-05-03,198.89561462402344,200.60241361621817,198.4244676213858,199.13562369480914,2771400
2021-05-04,200.6112823486328,200.8246372923339,197.9088542172435,198.3888858850315,2781500
2021-05-05,198.73556518554688,201.74024933320882,198.50444085281543,201.26020413481888,2649800
2021-05-06,201.98028564453125,202.10473930359416,199.2245086110118,199.55341894615705,1852100
2021-05-07,203.99818420410156,204.43377873398026,200.9134972536542,202.4425068945158,2073700
2021-05-10,203.07369995117188,205.58055609037473,202.89591094826332,204.57604211994726,1827200
2021-05-11,201.44686889648438,202.51361629182279,199.0022332318039,201.62465786830262,2085200
2021-05-12,197.3488006591797,201.20687756074702,197.25989937725444,200.48682329621846,2413100
2021-05-13,200.17567443847656,201.5091122279077,197.34879283580923,197.34879283580923,1915000
2021-05-14,202.55804443359375,203.90036662086166,200.75346011938535,201.58018485053265,1631800
2021-05-17,199.80227661132812,202.06912314789693,199.20667613636627,201.5357562692166,3062200
2021-05-18,197.73995971679688,200.22014832475807,197.33103277887565,200.01569163801358,2937200
2021-05-19,197.61549377441406,197.6510461490353,193.81075216166784,195.80201068680972,2832300
2021-05-20,197.30435180664062,198.17552740679378,195.7664572792983,197.36658541743864,2456000
2021-05-21,196.922119140625,199.46454136016052,196.6643135423339,198.24665881556595,2463200
2021-05-24,198.73556518554688,199.4734023871977,197.2687890487088,197.81105429019044,2021400
2021-05-25,197.29544067382812,200.36234461516023,197.15320406628535,199.5267215013834,2372400
2021-05-26,198.99334716796875,199.8556379180323,197.19764736671561,199.44671107766473,5997100
2021-05-27,199.99378967285156,201.36936874129003,199.2970727632303,199.85088351851496,3558900
2021-05-28,200.73516845703125,201.6998565432336,200.39575101102753,201.2264466902242,1663800
2021-06-01,201.00314331054688,203.10223505906032,200.92275604262446,202.1822110917325,2133100
2021-06-02,200.4850311279297,202.1821725840117,199.80618272324384,200.29746087183543,2244600
2021-06-03,200.93167114257812,202.593076059379,199.08269594541747,199.60969728682065,2260400
2021-06-04,202.0214080810547,202.8521173439522,200.55651446726353,202.325102379499,1842500
2021-06-07,199.1452178955078,202.50376453966163,199.02910750145244,202.50376453966163,1926800
2021-06-08,198.144775390625,199.60966881360815,196.18860382557293,198.45739702315754,2511500
2021-06-09,197.8500213623047,198.76111782774956,196.78707775754884,197.9214812448473,2117300
2021-06-10,196.14398193359375,199.3417406028554,195.97426639073643,198.59143216772077,3077100
2021-06-11,197.6981658935547,198.48421093882698,197.12650048687806,197.25155186866425,2029900
2021-06-14,198.85043334960938,198.96655736295875,196.68882300393165,197.0282540401351,1764200
2021-06-15,199.04696655273438,199.98485887798194,198.45743267634097,199.60970467379903,2030100
2021-06-16,198.3502197265625,199.70793018654027,196.84960313625427,199.70793018654027,2903500
2021-06-17,195.6794891357422,198.7253866407027,193.9734201698713,198.22518107846565,2962800
2021-06-18,191.87432861328125,194.0895305153974,191.60635745368816,193.24990753872208,4791300
2021-06-21,194.28607177734375,195.48300799098888,192.55322042095588,192.96409778344628,2962000
2021-06-22,195.60806274414062,195.9474802168728,192.96410108157386,193.5804307654252,2311100
2021-06-23,195.71522521972656,197.7607117356258,195.38473515770823,196.36727796869633,2625800
2021-06-24,195.14353942871094,196.37619853868588,193.8126246849035,196.10822738918102,3485900
2021-06-25,197.6445770263672,197.85001566427383,194.98274758923523,195.6169455100495,4337900
2021-06-28,195.73309326171875,197.86790804292446,194.83092408704982,197.62673262073196,2133400
2021-06-29,195.3043212890625,196.84961573653183,194.6790643364116,196.4119290548865,2203300
2021-06-30,196.4476318359375,197.16221697763314,194.51826967181057,195.20604543370277,2828400
2021-07-01,199.68112182617188,199.78830482454612,197.68028620252738,197.86787007925997,2363900
2021-07-02,200.72621154785156,201.80700987227206,199.56501233922523,200.17241450987012,1706600
2021-07-06,199.9133758544922,201.42293350137703,197.68030563829066,201.18175810174517,2263600
2021-07-07,203.96864318847656,204.3170016041749,198.752180697822,199.02909285916414,2610100
2021-07-08,195.0274200439453,199.38637753253997,194.19672445330923,198.38596642220514,5669000
2021-07-09,198.01976013183594,198.8772515638793,196.26902687791144,196.51020230611516,4229900
2021-07-12,197.5999298095703,198.41277068637632,196.20649609480554,197.40341852881326,3412700
2021-07-13,195.77772521972656,197.76069265972092,195.6169507065492,197.28728286481567,3465700
2021-07-14,196.55487060546875,197.76966151791484,195.84028531057442,196.43874657654393,4597300
2021-07-15,196.45660400390625,197.29624065637583,194.64335192658584,195.4740475745099,2070200
2021-07-16,195.09889221191406,197.24264796421528,194.55402249153192,196.4119386916943,2958100
2021-07-19,191.4545135498047,192.83901987314712,190.20399962331578,192.18696715644788,3682600
2021-07-20,192.47280883789062,194.4021850221746,191.14190754200513,191.14190754200513,3066400
2021-07-21,194.00021362304688,195.81346557945017,193.1337812738793,193.3392199210242,2320000
2021-07-22,196.0992889404297,200.5297062651739,195.66161589912892,199.35063864382215,4194900
2021-07-23,196.6441650390625,197.98400721819644,196.03677646005323,196.9568003326922,3946800
2021-07-26,196.6798858642578,198.29662644871524,195.26858391434368,196.44763784909043,2840900
2021-07-27,194.75054931640625,196.86749585373428,194.00024087654074,195.8402888441266,3199000
2021-07-28,193.43746948242188,195.68840804469187,192.526373030859,195.43830527439283,2366200
2021-07-29,194.11636352539062,196.17971853511955,194.04490363216257,194.90239509173722,1908000
2021-07-30,195.40260314941406,196.1529252228669,193.58935092860023,193.58935092860023,2324100
2021-08-02,194.2949981689453,197.35876429422387,194.1699467685172,196.94788696263745,1990900
2021-08-03,196.5637664794922,197.16222764955188,193.9555421562674,194.64333158496592,2278400
2021-08-04,194.38427734375,196.17073338368397,194.0001958373616,196.00995888228732,2396900
2021-08-05,195.7598876953125,196.1439692636379,194.34858556062863,195.0720981927431,2051800
2021-08-06,196.95677185058594,198.02864271297295,196.1707268576993,196.41190223134907,2480700
2021-08-09,196.46551513671875,197.02825319335776,196.00997371870275,196.40299625796942,1990000
2021-08-10,198.03759765625,199.12732334185523,196.02783453670972,197.06396871985976,2061300
2021-08-11,202.21792602539062,202.3876415594006,198.17160348236024,198.62714494503416,3076400
2021-08-12,203.35232543945312,203.53989571980824,201.0567225343773,201.23536543981362,2015900
2021-08-13,203.47735595703125,204.16514538344478,202.40548500481995,203.73638609889736,1794100
2021-08-16,203.20046997070312,203.71854391596804,201.0031227979988,203.16473321333066,1803200
2021-08-17,201.74449157714844,202.6287922693349,199.30598277270406,202.53946401088342,2265100
2021-08-18,200.8155517578125,203.9061134093243,200.2528136827725,200.47612071196878,2277500
2021-08-19,199.87767028808594,201.43187857217495,198.65393843398417,199.27920905311623,2110400
2021-08-20,199.8240509033203,200.77087044535693,199.30597700436894,200.0384169100738,1608900
2021-08-23,199.8865966796875,201.94102417489088,199.64542126005395,200.4135980233185,1873200
2021-08-24,197.62673950195312,200.38681137237256,197.50168809897693,199.94913827674623,2390700
2021-08-25,197.66244506835938,198.32343878511406,196.91213671717585,197.92148885623573,1744000
2021-08-26,197.38555908203125,198.45743017038785,196.09930832417118,197.68926702122292,3064500
2021-08-27,197.7875213623047,198.82366938510552,197.54635955236233,197.68927934093787,1944800
2021-08-30,196.6386260986328,198.02087076476073,196.33345715485612,197.6798052317354,3485300
2021-08-31,194.62808227539062,197.32976295334507,193.46124449090036,197.09638717899017,5434800
2021-09-01,194.70884704589844,196.17188296590584,192.79704214147856,193.9100144230209,4309800
2021-09-02,195.2473907470703,196.65657492960923,194.64602360218925,195.06788041506647,2659400
2021-09-03,192.89578247070312,195.08584422746287,192.47392563907673,194.7716908606735,4355200
2021-09-07,191.18142700195312,194.54729719564946,190.91215464730524,192.7072854172766,3840100
2021-09-08,193.2009735107422,193.8113114756254,190.52623216059862,191.45969425270314,3319700
2021-09-09,188.5336151123047,193.1471007229984,187.6360497118136,192.75216975546056,3887600
2021-09-10,186.4781494140625,190.22099482302002,186.33454938437583,189.3862657234165,2981900
2021-09-13,185.5716552734375,188.08484125208503,184.19838124180288,187.6360585307466,3209600
2021-09-14,182.57379150390625,186.24483090807536,181.85573640462636,186.24483090807536,4362800
2021-09-15,183.32772827148438,183.68674894401772,181.85572160088037,182.59171808830197,5225600
2021-09-16,182.60069274902344,184.8176802076292,182.30449454692015,184.00089247114076,3481900
2021-09-17,180.83250427246094,183.61496252213627,180.26703368144197,182.0890903683239,7702800
2021-09-20,177.6012725830078,179.44128450889687,175.63560204097695,178.4898673158574,4370600
2021-09-21,176.47032165527344,179.13609180484355,176.0753907152245,178.72320572322144,3730300
2021-09-22,177.78079223632812,179.66567143186128,177.43971298847666,178.07697677752776,2907200
2021-09-23,181.05690002441406,182.48402577419867,178.77707615768747,178.88479332263685,3553500
2021-09-24,182.923828125,183.88421596474927,180.5004043256743,180.55425605742985,2908500
2021-09-27,183.06741333007812,185.33825230344559,182.69940829277922,182.7353048764324,2449600
2021-09-28,180.51837158203125,181.99037847544014,179.25281461755029,180.90433187439677,3792800
2021-09-29,181.02098083496094,181.87367890996754,180.34780679412052,180.67991530071922,3448800
2021-09-30,175.93177795410156,181.5864423542547,175.85997108316906,181.53259062499538,4098900
2021-10-01,181.0748291015625,182.13394958480956,177.08065254784293,177.52943519920382,3468600
2021-10-04,184.4586639404297,185.45496210125563,182.7443244025224,183.05846408105515,5531900
2021-10-05,188.46180725097656,190.25693804256886,184.1175940223059,184.1175940223059,4177300
2021-10-06,190.6787872314453,191.13654063447964,185.39212780993697,186.54998109796992,3074400
2021-10-07,190.1761474609375,193.38044858338196,189.65555792342417,192.57264526061718,2655200
2021-10-08,194.30494689941406,194.5203675180633,192.50084544141876,193.12913845944493,3352100
2021-10-11,192.89578247070312,195.7320924080071,192.85987218525008,194.64603225310995,2312000
2021-10-12,191.54945373535156,193.2997036946402,191.18144859895276,192.66242617317488,1975500
2021-10-13,193.73951721191406,194.3947361872258,191.4058414509712,191.863594922091,2206100
2021-10-14,198.6671142578125,198.89150559867363,195.229437272329,195.47178375527196,2559400
2021-10-15,202.0958251953125,202.58050447665016,199.20566356250106,200.1032289467093,2747400
2021-10-18,202.7869415283203,203.3434413819743,200.06731949845593,201.05464690351863,2287000
2021-10-19,202.63436889648438,204.1871669693421,201.83553620234994,204.0166273443423,1933300
2021-10-20,204.65383911132812,205.01287341367726,201.25207298308945,202.9843672687399,3454200
2021-10-21,207.58889770507812,208.31592339350672,203.69346766105377,205.991232595856,3361500
2021-10-22,213.2525634765625,215.10154603852536,208.64806221475288,209.22250353202057,3809000
2021-10-25,215.66700744628906,216.4748108063723,212.88454930242773,213.8898318366495,3158000
2021-10-26,216.06195068359375,218.92518658705214,215.2092662670941,217.13005573304804,2409700
2021-10-27,214.8592071533203,218.35073596791753,214.80535542131412,215.91832773813775,2886300
2021-10-28,217.48007202148438,217.60573061397395,215.50543112703684,215.7298224490368,1998200
2021-10-29,216.6722869873047,218.00966439405784,214.87715614666172,215.79267671020284,2387000
2021-11-01,214.93101501464844,217.4531715774306,213.30641014902483,217.354438836379,2547300
2021-11-02,215.81063842773438,217.60576932306304,214.2847799058574,215.66702466912525,1933200
2021-11-03,214.93101501464844,216.13374935417798,212.75889471151348,215.2541391039299,2535600
2021-11-04,212.90252685546875,215.3169801623452,211.82545103006154,215.2002922685407,3007800
2021-11-05,214.3655242919922,215.6669912502833,213.57566243779743,214.51810875095987,2313900
2021-11-08,214.9220428466797,215.41570658007805,213.2525705728536,215.41570658007805,1612900
2021-11-09,216.31321716308594,216.40297916303368,213.9436455395032,214.53604186933845,1778800
2021-11-10,216.79794311523438,217.65961193500894,215.83755524828607,216.87873441091665,1613800
2021-11-11,215.91830444335938,216.42992323374295,214.52707550166443,216.3132353631447,1443600
2021-11-12,217.6057586669922,219.04185509547293,215.29003828192674,216.3222330178898,1803800
2021-11-15,216.7261505126953,218.13532108842244,216.1965765105801,217.67756765855464,1633800
2021-11-16,216.7440643310547,219.31110163122224,216.2952816820447,217.21977284334451,1986100
2021-11-17,215.19126892089844,217.1748941516838,214.23086752839254,216.63634952279614,3023200
2021-11-18,215.63111877441406,216.78897212581276,213.64749319451994,215.0028120315465,2754200
2021-11-19,216.5915069580078,218.10839469266546,213.82700385092218,216.48380349142047,2589000
2021-11-22,218.92515563964844,221.80633258341348,216.1516821492549,216.94153030024543,2381400
2021-11-23,222.0307159423828,222.3807658490407,217.90192392741267,218.44943928867337,3004500
2021-11-24,221.339599609375,221.83324954803172,220.10095516225167,221.36652547163777,2145700
2021-11-26,215.2271728515625,216.92357068597846,213.31536811484565,215.75674677649053,2566700
2021-11-29,214.93101501464844,218.11736120290402,214.8232978543806,216.76204239006947,3749000
2021-11-30,211.5023193359375,214.9040863210037,211.19715037389432,213.47696056107088,4488300
2021-12-01,209.3571319580078,215.155410534834,209.32123536772983,213.2884728378693,3934700
2021-12-02,215.4874725341797,216.70816185413327,210.1110516147226,211.21506676222182,3783200
2021-12-03,215.80162048339844,218.13529576309625,213.66542436293136,216.46582374196097,2961100
2021-12-06,220.85494995117188,222.2372083982488,217.00440024012383,218.38664499143906,2623700
2021-12-07,222.1205291748047,224.33751699352496,221.5281326743727,221.9320343989355,2270700
2021-12-08,222.23719787597656,223.2065564529051,220.08303270474605,221.96792551760262,1814500
2021-12-09,221.9230194091797,223.84380859455717,220.85491451574725,221.75247981163878,1983000
2021-12-10,223.00909423828125,224.1220665137378,221.76147894205272,223.1706494282951,1937800
2021-12-13,220.5677490234375,223.01809898277142,219.3560301304442,222.2102955179509,2548300
2021-12-14,219.55349731445312,221.69867830978205,218.35973355698584,220.36130078545497,2682200
2021-12-15,221.80636596679688,222.02178660172183,219.01493691545897,220.87290394031217,2517600
2021-12-16,222.91036987304688,224.30158526961648,221.06137366696416,222.51543891050028,2297200
2021-12-17,218.87008666992188,223.04565863328693,218.45522941037257,222.387297900499,4937100
2021-12-20,217.02127075195312,217.25574689226718,214.7035224753714,216.42604620983536,2769900
2021-12-21,218.4462127685547,220.40322655491366,217.13853239421243,218.87909712285065,2746200
2021-12-22,219.05044555664062,219.69977895279803,217.4271120662472,218.24779924210515,1623000
2021-12-23,221.53054809570312,222.585711490433,219.28493547954713,219.39316689313333,1655700
2021-12-27,223.61380004882812,223.88435791636388,221.33211967729918,222.04458918718143,1176500
2021-12-28,224.76815795898438,225.76019884438864,223.06366135489466,223.5326273880989,1119700
2021-12-29,226.3914794921875,227.05885366756266,224.95754081922956,225.47158833394468,1106200
2021-12-30,225.0477752685547,226.95970775030605,224.18200646573825,226.60798659394683,1163300
2021-12-31,227.20315551757812,228.4657542834225,224.68699905780315,225.047733698819,1516700
2022-01-03,223.45144653320312,228.6190447568352,222.30609283061094,228.39358218804145,2450200
2022-01-04,227.29331970214844,229.43070041266915,224.8853811616667,225.4625647770502,2647500
2022-01-05,227.97877502441406,229.71034004245593,226.9596933474603,228.0328976121591,3651300
2022-01-06,228.61004638671875,229.7012775858928,227.1580667968369,229.06998510358417,2342300
2022-01-07,229.77345275878906,230.97290172768956,226.8785205682978,227.97876543888935,2346800
2022-01-10,225.7151336669922,229.54799814982545,224.01965038631334,229.54799814982545,3341400
2022-01-11,222.23394775390625,226.53577750858884,221.01645811392368,226.13896117752128,3087200
2022-01-12,222.75701904296875,224.52465164574306,221.8912367197206,223.30714826392546,2480800
2022-01-13,223.31619262695312,224.3533288482032,222.47747835661266,223.20797498204342,2615100
2022-01-14,222.09869384765625,223.86631286163822,220.5294692542627,221.1968434801956,2525500
2022-01-18,214.6764678955078,221.44034604467637,213.55818218197828,220.77298554109143,5752100
2022-01-19,215.98414611816406,217.9772276931992,213.765588193605,216.44408484444656,4910900
2022-01-20,218.31092834472656,221.54856791000063,213.73854030748285,213.93694849220415,4256100
2022-01-21,222.15280151367188,225.94057028509744,218.46423683259732,220.64671305917517,4932400
2022-01-24,221.04354858398438,221.78305878977662,215.65950035055593,219.0775074668938,5093200
2022-01-25,220.1597442626953,221.5576153191714,215.7136278100224,218.82500934789053,3325400
2022-01-26,220.8451385498047,225.597880426126,218.57247160435904,222.38729508478366,3529100
2022-01-27,220.5835723876953,224.2631234434102,218.8971166475884,223.05464728484313,3045500
2022-01-28,221.7920684814453,221.92735430192315,216.08336739929047,220.95335419129347,2659900
2022-01-31,220.54750061035156,221.30505158369755,218.97827608458292,220.95333050599092,3522000
2022-02-01,222.49551391601562,224.00160240341629,219.88916686110042,220.78198993262083,2438500
2022-02-02,226.5989227294922,227.08592964352238,221.88224907013668,221.88224907013668,2640200
2022-02-03,220.36715698242188,226.98673580312843,219.6366465783814,225.7331642620892,3666700
2022-02-04,218.5995330810547,221.9363770404743,217.49026086516798,220.6286966219222,3603500
2022-02-07,217.48121643066406,220.93530508184188,216.57936603906083,220.19579491652254,3067400
2022-02-08,219.1045684814453,221.1066776215992,218.2929085645812,219.33003109847934,3027700
2022-02-09,222.29714965820312,222.41438087351239,219.79901975197376,221.10670031274307,3135200
2022-02-10,218.35601806640625,221.94539262596928,217.29184118210387,219.64567131559372,2034800
2022-02-11,215.37088012695312,220.493397276581,214.37885299751008,217.65256041415967,2379100
2022-02-14,218.74380493164062,219.82602259835753,214.98309062714142,216.56132873810398,2429400
2022-02-15,224.849365234375,225.44457608464438,220.4843985118077,220.95336460817865,3248500
2022-02-16,228.89866638183594,229.8365985801268,224.0647472954451,224.0647472954451,3493100
2022-02-17,226.3554229736328,228.43869506813775,225.06576982489764,227.54585827285956,2697500
2022-02-18,226.53579711914062,229.50287878778533,225.76020524886152,226.7793005726739,3319300
2022-02-22,222.09869384765625,227.51880960208277,221.1968434801956,226.3644422326247,4360300
2022-02-23,220.79100036621094,226.89651708085324,220.33104789917357,223.6949457155575,3346900
2022-02-24,218.3289794921875,218.96929938816066,213.56721005668004,216.8138772905016,3944100
2022-02-25,223.31346130371094,225.0716231221822,218.91805675753284,219.55244147848902,2548100
2022-02-28,222.8965606689453,223.3859530205958,217.17801311419186,217.98459089590187,3358100
2022-03-01,219.70645141601562,223.4402833957639,218.39236613908213,221.90868891280593,3327000
2022-03-02,228.71478271484375,229.63012197289433,220.1777423531949,220.42243851241665,3528900
2022-03-03,231.51516723632812,238.88311469568762,229.5848124892116,230.12856484616162,7218000
2022-03-04,239.82568359375,239.9706897794993,229.85673649457473,230.8083067457461,5924800
2022-03-07,236.9527587890625,244.8191838989743,236.7896372313403,239.2546866240538,5794000
2022-03-08,229.71168518066406,238.57498257221994,229.37637054197532,236.98901402710547,6229800
2022-03-09,229.8929443359375,235.04055247783606,227.96258955415695,233.22801693169058,6204400
2022-03-10,235.31239318847656,235.5480316311487,226.16815578680507,228.37945109729884,4501100
2022-03-11,237.00714111328125,238.71092897376144,234.732427780366,234.732427780366,3873800
2022-03-14,233.50897216796875,239.13688764276932,231.68736498118093,238.67468219965022,3839200
2022-03-15,235.74742126464844,237.70496281581967,232.72953433518202,237.03430591088528,2913800
2022-03-16,239.39060974121094,240.0974974477708,235.86524273577012,237.53277200106265,3958600
2022-03-17,238.85592651367188,239.63533116211204,234.21584004839022,236.46339402999092,3761500
2022-03-18,236.8258819580078,239.39967890668152,235.3124027301651,239.25467275585683,6342900
2022-03-21,239.71688842773438,240.55971078707117,235.84710748271877,236.39994518504807,5158400
2022-03-22,240.9403839111328,242.15480730238113,239.06443027403463,241.067274699542,3704700
2022-03-23,242.58975219726562,244.4838485345895,239.72594269969863,240.2153350438462,2877100
2022-03-24,244.8826446533203,247.20268829448486,243.12448269222037,243.78606822425547,3400200
2022-03-25,247.7554931640625,247.93673012802947,244.95512900832475,245.9338860536212,2814300
2022-03-28,249.53175354003906,249.58612739128895,246.18762340268998,247.15733651180665,2548400
2022-03-29,247.96392822265625,250.87306787630646,244.1304329940788,249.40491841369388,2759500
2022-03-30,250.7551727294922,250.91829425216133,248.19042005346637,248.43512999456107,2770400
2022-03-31,247.60145568847656,252.79438093169222,247.60145568847656,249.7402624046402,3793000
2022-04-01,235.5933380126953,248.71610395692733,232.910793427709,248.49860856430792,6367000
2022-04-04,233.58143615722656,236.25493702673893,229.59386367191195,235.41211467454144,4633400
2022-04-05,228.47918701171875,235.1583904344088,228.08948464742792,232.3308115253566,5042600
2022-04-06,220.15963745117188,227.01103386652747,217.8305363173628,226.50351226540695,6794200
2022-04-07,221.90869140625,222.93277824853757,217.52235941623468,220.77585687400142,4793100
2022-04-08,219.2986602783203,222.36184961472134,217.21424174458969,218.60990178542545,3530700
2022-04-11,220.32273864746094,221.3921278838534,217.1145571097361,218.32895249536574,2912100
2022-04-12,222.08998107910156,224.89034521463347,219.76088006355027,220.76683785758732,3097700
2022-04-13,221.7002716064453,223.22279470289035,219.9149231333333,221.8180770038896,3062000
2022-04-14,223.13221740722656,224.66379848502328,221.60968020126296,223.30439668581124,3180200
2022-04-18,219.42555236816406,223.69407973348078,217.70364910267605,222.03560802229654,3173200
2022-04-19,222.5974884033203,223.02343536755296,220.7849528375809,221.8271690850104,2269000
2022-04-20,223.91160583496094,225.87820542318963,223.02345337946406,223.02345337946406,2937700
2022-04-21,221.4918212890625,227.0381890400255,219.8061628067631,222.4615343698829,4179600
2022-04-22,212.33853149414062,219.91493025543315,211.92164225458552,219.5524148670052,5105300
2022-04-25,214.25982666015625,214.7492190048228,208.49596303234827,211.91259643130593,4129900
2022-04-26,211.69509887695312,215.56486637913704,211.55009270544772,213.51670606368438,2316200
2022-04-27,214.5951385498047,215.71891555961486,210.51693359666203,210.7435005385033,3489800
2022-04-28,216.8245849609375,217.39553813644088,214.26890296444623,214.5951599463696,4531800
2022-04-29,212.3294677734375,217.3955150703051,211.92165004644116,215.78235956099618,4407100
2022-05-02,211.0425567626953,214.18730681612462,207.19091900322314,213.40791603400717,3665800
2022-05-03,210.3447723388672,211.56822563238808,208.08816042672217,211.1513501677098,2285000
2022-05-04,214.8669891357422,215.3654390980858,209.7193956336576,211.40505397905363,2598400
2022-05-05,209.7828369140625,214.18729835462545,208.04280464265514,213.3716629809664,3005500
2022-05-06,208.07000732421875,208.9762750651616,204.60807174466214,208.92190121327275,2774900
2022-05-09,204.13681030273438,206.41153737266944,203.38460641222636,205.7227788622451,3288900
2022-05-10,201.73524475097656,206.8375237429172,197.8201606944559,206.62002829214453,3845200
2022-05-11,202.8952178955078,206.7377841082817,201.6083194158951,201.97082096589529,2457500
2022-05-12,204.7530517578125,206.610903280707,201.06454946488014,202.45113791883685,3230900
2022-05-13,209.13037109375,210.5713475332218,205.45999724112963,205.604989592289,3263800
2022-05-16,206.52935791015625,209.73753967482074,206.01279248121085,208.5412734303614,3091900
2022-05-17,210.4263458251953,211.24198140343248,207.79816061916864,209.7738318311853,2916400
2022-05-18,203.9011993408203,210.57133096871368,203.07649231571526,210.54414404072554,2620700
2022-05-19,196.2069549560547,199.65077494501134,192.7812641928979,198.8623126510135,5428100
2022-05-20,193.5606689453125,197.06792073516144,190.53373795975895,195.75383525494672,3796000
2022-05-23,196.56044006347656,196.75076240295823,194.24039650178787,195.29167056210008,3079300
2022-05-24,196.7416534423828,197.21291652261166,193.27971798811313,195.52725803231976,2159700
2022-05-25,197.04074096679688,198.9710957819328,195.4366431087466,197.2763656135897,2006700
2022-05-26,200.54798889160156,201.71708205977995,197.77481172585556,197.77481172585556,2045300
2022-05-27,202.83615112304688,204.4314916374978,201.31374212991696,202.0703910145741,1537400
2022-05-31,200.35655212402344,202.17979858172518,199.89162928500545,202.13421463822934,4405400
2022-06-01,201.76043701171875,202.91818836685565,200.4841562886001,201.6236851965998,2796200
2022-06-02,205.47071838378906,205.9265299081251,201.11316132395763,203.21900834074793,2091900
2022-06-03,204.20361328125,205.4069626792999,202.27097639255226,204.0304026336276,1964400
2022-06-06,205.2701873779297,206.34590995112504,204.30386904403943,205.4251616474908,2151300
2022-06-07,208.5337677001953,208.8163686132944,198.0045189424606,199.57251166378154,3772300
2022-06-08,202.088623046875,205.89010400835414,200.55710275729245,205.6439618510048,2409300
2022-06-09,197.6307830810547,202.72676722929836,197.53050397483932,201.07673149906265,2198300
2022-06-10,192.46188354492188,196.14484902463235,191.4499812469624,194.932388511923,2752200
2022-06-13,189.68145751953125,191.1673939675687,186.16259119557864,189.16182558677437,3374500
2022-06-14,190.0643310546875,193.501140595136,189.2347505820552,191.0215243120532,2631600
2022-06-15,191.29498291015625,194.18482639155417,188.75156064888805,192.48920691395398,2236000
2022-06-16,189.79083251953125,191.057988186323,187.17447843801716,187.55735850529246,3124500
2022-06-17,188.2046356201172,190.74807252656421,187.5118068899322,189.7543925149039,6079700
2022-06-21,190.95770263671875,192.79006016333855,189.6996582365009,191.486445733763,2956000
2022-06-22,190.52012634277344,192.55304206403977,188.259290924679,188.70599127403767,2098400
2022-06-23,191.21298217773438,192.6715849837215,189.14359344594197,191.1856345922705,2504700
2022-06-24,196.7100372314453,198.59710378126448,191.49555183217865,191.49555183217865,5516500
2022-06-27,194.9506072998047,197.6581290446344,193.6560902448148,197.6581290446344,1827600
2022-06-28,194.50392150878906,199.5087377558387,194.31247452119302,197.02912160275463,2156400
2022-06-29,194.3125,195.11473295185525,191.86024501811082,195.11473295185525,2179000
2022-06-30,194.4309539794922,194.55858064416626,190.54744497418406,191.44083162690256,2314100
2022-07-01,196.23602294921875,197.1020761965401,192.62600253721536,193.71994769508706,1765900
2022-07-05,191.59585571289062,194.36719816715757,189.31679760062292,194.34896180738474,2236000
2022-07-06,191.18563842773438,193.79288160631106,188.87010747004692,190.985080190131,2655800
2022-07-07,193.8384552001953,194.3763095767379,190.32870013985897,191.46822919707637,2007200
2022-07-08,191.1674041748047,194.24869539535206,187.4753270094642,193.3188357298715,1850900
2022-07-11,191.3223419189453,192.46187083190472,189.8364056754265,190.35602362639816,1818500
2022-07-12,188.2501983642578,190.22841911851464,186.97393139708137,188.23196200465054,2653900
2022-07-13,188.44163513183594,190.1737136232736,186.23549477795112,186.87364213715375,1902500
2022-07-14,187.35678100585938,187.7670086135493,184.49428506495343,185.51529847258425,2306600
2022-07-15,190.6477508544922,192.21574376099923,189.48998557707085,190.66597330181858,3997500
2022-07-18,191.64146423339844,193.97521781399976,191.03067825021517,191.82378612370755,1990100
2022-07-19,197.73109436035156,198.0775156764197,192.90861307376767,193.364424737955,2387700
2022-07-20,195.4976043701172,198.59713178513903,195.1694194417094,197.7310785641553,3152100
2022-07-21,193.17294311523438,195.41554222183515,191.2676540386919,193.71992257838548,4130900
2022-07-22,194.54039001464844,195.324386541995,192.1701779835601,193.4555700650702,2612600
2022-07-25,198.150390625,198.34183758980404,193.81106982883747,194.53124593207076,2534200
2022-07-26,196.88327026367188,198.39656816522523,195.4975990580166,197.23880276726413,1927900
2022-07-27,200.4568634033203,201.65108779911188,196.61892287345887,197.27529281638184,2041500
2022-07-28,203.96658325195312,204.29476816595712,199.7457633127314,200.88529233215272,2337200
2022-07-29,207.21197509765625,208.0597780742849,203.54724560353492,203.67487230679947,2337000
2022-08-01,207.0114288330078,207.83188427139922,205.41608799481597,206.10891672256272,2245100
2022-08-02,202.83615112304688,205.69864726113678,201.97011191154087,205.69864726113678,2954300
2022-08-03,205.6895294189453,206.45528950277856,203.1734407002576,203.7842265226197,1922300
2022-08-04,207.25753784179688,208.74347418273965,204.59558588556223,206.00860461232807,1891900
2022-08-05,208.41529846191406,208.79817854941177,206.0268500497903,206.0268500497903,1482200
2022-08-08,207.7224578857422,210.88579142607497,207.6586375863576,209.67333093016,1662500
2022-08-09,208.2967987060547,209.8192078446316,208.05065653686358,208.46088421200426,1778700
2022-08-10,214.9242706298828,215.55329283427457,210.50290666164503,211.59685166872111,2411500
2022-08-11,218.10586547851562,220.51255033428166,216.05471313859226,216.22792378405074,2746600
2022-08-12,218.74398803710938,219.86528069863226,217.51330504088176,218.7804607555219,2186700
2022-08-15,217.1212921142578,217.60445128906827,215.580646707299,217.5132973168067,2070500
2022-08-16,220.02029418945312,220.9410287363935,216.73844466822456,216.73844466822456,2486800
2022-08-17,219.60089111328125,220.08405025030413,216.66546357687915,217.0756911956372,1686800
2022-08-18,220.5307159423828,220.86801198989357,218.83509666230114,220.19340598460943,1457500
2022-08-19,217.4403839111328,219.70120570148495,217.23070054590096,219.70120570148495,2082500
2022-08-22,216.51962280273438,216.86604407254495,214.0126589844586,214.66902880606483,2891100
2022-08-23,216.63816833496094,217.92356057317633,215.49863916851498,216.2735245658055,1638900
2022-08-24,217.2306671142578,217.89616200715653,215.91794150626177,216.3555167089271,1779700
2022-08-25,217.94178771972656,218.90810618637204,216.21880633905374,217.50419852292035,1624100
2022-08-26,210.8311004638672,217.9873342073283,210.53937436417786,217.45859108434098,1728800
2022-08-29,211.87037658691406,213.420133430188,208.61587469679776,209.32693976500897,2139900
2022-08-30,206.489013671875,212.2187077935899,205.82895178997254,211.74199332588014,3159400
2022-08-31,205.81976318359375,207.97413364165752,205.315561321439,207.32323427288816,2420700
2022-09-01,207.24073791503906,207.44242426296935,204.25213455977033,205.04054101390403,2263200
2022-09-02,205.29722595214844,209.12923850677328,204.3712984679704,209.12923850677328,1571800
2022-09-06,209.00086975097656,210.57768244435564,204.89382956726092,205.29720220814983,2956400
2022-09-07,209.74343872070312,210.86187597225594,207.9099368641915,207.9099368641915,2858500
2022-09-08,211.1644287109375,211.37529151938335,208.31333245055467,208.78088442809843,2181800
2022-09-09,212.5762481689453,213.85969410523668,211.76034025476474,211.87034590972928,2016400
2022-09-12,214.66644287109375,215.70236211125734,213.19963550244782,214.87729170921386,2635500
2022-09-13,207.45159912109375,212.5762483731282,206.7732122634788,210.99025890713787,2378300
2022-09-14,199.805908203125,205.2422497383806,196.1939064726792,204.7838741682938,5915000
2022-09-15,200.18179321289062,205.98483000552443,199.88842611349372,202.9137078805866,4148500
2022-09-16,194.35122680664062,196.82645189751352,190.29918875655747,196.0563843560884,7984100
2022-09-19,198.2015838623047,198.55911622967173,192.99444435926554,193.31529884928074,2863800
2022-09-20,195.51551818847656,197.29401762590274,193.08611929121963,196.06556047555407,2094100
2022-09-21,194.25038146972656,198.89831605663804,194.1311993556485,197.00063464867696,1917600
2022-09-22,191.75682067871094,194.81876591196155,191.45429114534025,193.76450777111836,2508400
2022-09-23,186.98973083496094,189.88666778980246,185.293735633367,189.30911009623577,2585500
2022-09-26,184.13864135742188,186.87973240337143,182.5159878627619,186.04548547784165,3708100
2022-09-27,180.8291473388672,185.56874866020502,180.13242156622655,184.1294567640304,5466100
2022-09-28,185.0278778076172,186.61385330768553,181.02167994195162,181.76424610127518,3284900
2022-09-29,182.6168212890625,183.8269394884606,180.93916505181264,183.487732060047,2072400
2022-09-30,178.60142517089844,182.73596688197293,178.518906954881,181.53502538654493,3267600
2022-10-03,183.5885772705078,184.92704008263536,179.7198863614893,180.61831254557325,2489900
2022-10-04,188.28233337402344,188.30065832312516,185.33955637595076,185.9537778951163,2896500
2022-10-05,183.9185791015625,186.54048749199092,182.87348353270698,185.7062547225214,3065800
2022-10-06,181.70925903320312,184.64286003556322,181.36088910562154,183.49692105116372,2586800
2022-10-07,179.33482360839844,180.74662796200525,177.49215916031204,179.7015323963203,2875700
2022-10-10,177.89553833007812,181.58088134936116,177.583846340343,180.71913315190844,2859500
2022-10-11,176.6029815673828,179.49991922446605,175.69539268441557,176.8596708293,3094700
2022-10-12,176.12625122070312,179.54574356262876,175.94290376263146,176.76798830672556,2381300
2022-10-13,180.36160278320312,181.6908889797759,171.33159953703498,172.66088573360776,3482900
2022-10-14,177.65719604492188,182.6076605600132,177.3180026017765,182.2409517134256,2719400
2022-10-17,182.0667724609375,183.08436673256628,179.77489473100883,179.82989755836527,3002200
2022-10-18,184.8536834716797,186.76052735812158,182.44262370373687,185.39456324069383,2551300
2022-10-19,183.4052276611328,184.97287823839036,182.1859469873796,183.34106235646792,2386900
2022-10-20,170.92822265625,178.5647602320631,170.3598415075722,176.52040940085823,6103200
2022-10-21,174.6685791015625,175.26446169774687,168.40716765593862,170.01148201790852,6711600
2022-10-24,177.38217163085938,178.76646072677698,175.9612046581494,176.78627503532996,2994300
2022-10-25,178.40892028808594,178.7939540459067,176.63042103397757,177.4646678368446,2770000
2022-10-26,179.48153686523438,181.73675082200538,178.20725334162952,180.78332180392687,4134600
2022-10-27,179.71986389160156,183.28602480156258,179.2981662557662,180.8291387812754,3148200
2022-10-28,182.11260986328125,182.2867948194757,178.87647943154843,180.25160615285742,3724100
2022-10-31,180.72830200195312,182.07592716874322,178.80311919553557,182.03926328157348,3130300
2022-11-01,180.43496704101562,181.52588915301953,177.45552582030012,180.78332296386472,3042400
2022-11-02,176.50209045410156,182.38763091384732,176.16289701902411,180.0040864160269,3020000
2022-11-03,177.10714721679688,178.95898835526265,174.38439533118276,174.43939815901146,3238800
2022-11-04,180.32493591308594,181.31502876510666,178.01471925837092,179.2798402340382,3334000
2022-11-07,179.95826721191406,181.9751170974068,179.19736202099597,181.9751170974068,3757800
2022-11-08,187.02638244628906,188.04397670273255,181.30586467040027,181.65422056796316,6285100
2022-11-09,186.47633361816406,187.5122527879237,185.1287084615061,186.56800032965464,4682700
2022-11-10,195.25885009765625,195.44219754650197,191.6835118968529,193.32450443702936,4923400
2022-11-11,199.3933563232422,201.28186127600398,196.88145337323712,198.119072904441,5176500
2022-11-14,198.88912963867188,203.02368566339982,198.28407061234432,198.79746293040154,3999000
2022-11-15,193.122802734375,200.8326833476784,191.36264218569139,199.67756793336136,6235200
2022-11-16,194.5987548828125,195.4421641943864,192.95776262267063,193.5719841651697,3864600
2022-11-17,192.3527069091797,194.67208588490666,189.7766247768506,193.09527300176674,4561400
2022-11-18,193.04946899414062,194.52543898277216,191.87602857953442,193.99372160919853,2499500
2022-11-21,194.5987548828125,195.57967126042675,190.86757128778936,192.42604531979572,2365400
2022-11-22,195.45132446289062,199.60420567256435,195.1029685700171,195.7905318694798,2962500
2022-11-23,194.8279571533203,195.4788426323731,193.0402952191799,194.98380316926975,2405000
2022-11-25,195.57049560546875,197.48650186856617,194.7912516477254,195.26796609205698,1101900
2022-11-28,191.16094970703125,194.74543599711188,190.39086812590682,193.64533743787828,2755400
2022-11-29,195.05714416503906,195.48801832034076,190.78508049122485,191.5643245563906,2280600
2022-11-30,199.32920837402344,200.72267412649927,193.16865312776426,195.01131801936074,5173000
2022-12-01,197.9540557861328,200.9151718731299,197.0006408092266,200.9151718731299,2638400
2022-12-02,196.85397338867188,197.8715677395273,195.4513452278323,195.94639868960664,1760000
2022-12-05,193.48947143554688,195.77218655123417,192.89358885750326,195.2129678596888,2504500
2022-12-06,193.5628204345703,195.4788268143632,191.32594558474975,193.92035279246713,3097600
2022-12-07,194.5529022216797,196.90894506467285,193.05859358553525,193.43446486027878,2828600
2022-12-08,195.2954864501953,196.6981145194024,193.92952227018137,195.02045832145612,1585400
2022-12-09,193.7553253173828,195.31379918647698,193.48029722554034,194.71790265606668,2334400
2022-12-12,197.8623809814453,197.92654628097844,193.22362290235603,194.93794289110357,3017500
2022-12-13,199.87005615234375,203.01450535551774,197.88070816877266,202.51028950979463,3585000
2022-12-14,199.46669006347656,203.25287627998495,198.34825269184714,201.06184188576214,2749800
2022-12-15,194.63543701171875,197.20234306362346,193.21446991258287,196.88147456144313,3373200
2022-12-16,193.89752197265625,194.39561129627984,190.6137693375069,192.36633608107942,5194100
2022-12-19,190.3739776611328,194.08202652893817,188.86124347782692,193.88831649660779,2355300
2022-12-20,189.4700164794922,190.955079702981,187.86503686025947,190.4385384208448,4081900
2022-12-21,192.24639892578125,192.91974625849176,190.67832343227963,191.36090376284255,2756400
2022-12-22,192.46778869628906,192.48622654346687,189.22094010704467,190.96427374443897,2399300
2022-12-23,193.62081909179688,194.39563104043697,192.0435102698486,192.0435102698486,1639500
2022-12-27,193.99899291992188,195.04129437216827,192.64306506486125,194.1281282358946,1139700
2022-12-28,190.816650390625,194.83831004067275,190.73363786996447,193.91591116749382,1631200
2022-12-29,192.98431396484375,194.035848229484,191.06572241494567,191.89587585951222,1484800
2022-12-30,191.0011749267578,192.77217938493405,188.79662772147876,191.55460590292347,1554200
2023-01-03,191.47158813476562,191.73907765473132,189.2117133757941,191.204084540108,1766300
2023-01-04,193.0027618408203,193.89748995050195,191.4623572794847,191.94199460088993,1830900
2023-01-05,187.32078552246094,192.48621133738408,187.02561109462405,191.60993512611682,2317500
2023-01-06,195.55780029296875,196.05590361790857,190.01418755780702,190.75210954772706,3375200
2023-01-09,195.0504913330078,199.12749306937087,194.71842714261805,195.72383863654858,2259500
2023-01-10,195.80690002441406,195.89914557380882,193.583914586131,194.97674637864023,1225300
2023-01-11,197.6332244873047,198.01141149314677,195.66852399111934,196.69238754675692,1840500
2023-01-12,198.0298614501953,199.4688017682256,195.61318035579535,198.60174437795274,2034600
2023-01-13,196.68313598632812,197.50407053817068,195.69617636936078,196.3879756234312,1693500
2023-01-17,197.67933654785156,200.12370245531213,195.96367376579974,197.82692377257897,2186200
2023-01-18,193.22415161132812,199.0629393640954,192.9658809998841,197.99295307400283,2719400
2023-01-19,189.55299377441406,192.9843191672547,189.5437748513384,191.4992562199517,3065600
2023-01-20,192.46778869628906,192.52313038720752,187.7358770770649,189.8850685474513,5344000
2023-01-23,193.82373046875,196.4433405764761,191.87746777381616,193.07658943782118,3155600
2023-01-24,187.41307067871094,190.93664252857025,185.4022470929595,189.09184405003333,4462600
2023-01-25,184.5904998779297,186.03867319324405,181.7402900910556,185.36532580396252,4163900
2023-01-26,185.84494018554688,185.955637632529,179.4065993279559,183.06852435795167,4207000
2023-01-27,186.68435668945312,188.03106559287002,185.08861015827523,186.00177627611944,3429400
2023-01-30,184.664306640625,188.11408452151989,184.47982962593787,185.26387453172572,2617500
2023-01-31,188.34466552734375,188.3631174493807,184.14774700691996,184.58127568928614,2958700
2023-02-01,191.79441833496094,192.87363755643378,186.8964818708427,187.44070798050504,3080100
2023-02-02,196.8491973876953,198.21434412919743,190.8904929459051,191.85901482607156,3446000
2023-02-03,193.9713134765625,196.36033800158546,193.32563687845936,194.229598190498,2142100
2023-02-06,192.74449157714844,194.05429640256955,191.9235570712616,192.79983326242538,1665600
2023-02-07,192.8182830810547,194.05430845265337,190.53073747451666,190.97348505891617,2067500
2023-02-08,191.06573486328125,193.3163907525792,190.493851967529,192.20028173135802,1805100
2023-02-09,187.07176208496094,192.449350609308,186.73969784088604,191.9881510522425,2989900
2023-02-10,189.55299377441406,190.10643880217225,186.10321646073035,186.52752619197054,2599900
2023-02-13,190.06033325195312,192.7260660302077,188.65828270941685,189.01801778763485,4095400
2023-02-14,188.1970977783203,189.94965053651387,185.95567459574562,189.88508991474166,2174600
2023-02-15,187.34849548339844,187.35771440818397,183.9448403032,185.9648967320784,2880000
2023-02-16,184.95947265625,187.28390826934213,183.97249885708274,184.1846467105259,3375000
2023-02-17,185.94642639160156,186.00176808422222,183.1515583167155,183.3913910843289,7063800
2023-02-21,178.7147979736328,184.63659759042847,178.65022329077124,183.93557944978198,4462300
2023-02-22,176.5287322998047,179.39739386940363,175.32961073612196,178.6318009793192,5816000
2023-02-23,178.31820678710938,178.63181911376918,175.93841533981464,177.68174913467436,3125400
2023-02-24,178.96388244628906,179.4896426295,175.55100849352402,176.4549556964881,3371400
2023-02-27,197.0255584716797,199.4678367640458,194.79687325763294,198.65992668400497,12140400
2023-02-28,192.4845733642578,196.31048762064998,191.8623989505963,195.5025918277755,6091200
2023-03-01,193.1439208984375,195.14973184268572,191.27738329122676,191.37953218599765,2775200
2023-03-02,196.27334594726562,197.0162456221478,191.53737291832033,191.89953456150087,2812900
2023-03-03,194.41612243652344,197.68487281680987,193.1531971193424,196.87696278966143,3665800
2023-03-06,193.92396545410156,195.7626314489292,193.0046253718703,194.60185495756215,2300400
2023-03-07,190.73876953125,192.87460090927573,190.0423037016525,192.6238692431232,3898000
2023-03-08,189.03941345214844,190.50662239323606,187.0800222677228,189.89374320592933,2980800
2023-03-09,185.32493591308594,190.20019711384867,185.18563423414045,190.20019711384867,3342100
2023-03-10,182.06546020507812,188.59366574895157,181.24826905967842,184.6841786466722,3909500
2023-03-13,181.1739959716797,184.93490037523648,179.90177533316958,180.7282476078522,2774700
2023-03-14,181.22039794921875,185.44562669376631,178.8802830316261,182.81762733911205,3168900
2023-03-15,178.3323974609375,179.28889027103983,175.8808382185356,177.52450160355642,5749600
2023-03-16,179.14031982421875,179.78107072197682,175.63941391842525,177.44094132092326,6357200
2023-03-17,176.44729614257812,179.5396062116587,174.33004109576092,179.5396062116587,11852800
2023-03-20,176.150146484375,178.1559715494302,175.50011451967214,176.54944677353743,2956800
2023-03-21,176.01084899902344,178.94529527479307,174.9336592188739,177.74738020917147,3338900
2023-03-22,172.4635009765625,176.60514288703317,172.41706709055677,175.1007813339494,3325400
2023-03-23,172.9092559814453,174.44148938679928,170.57842198677477,172.73281569510448,3854900
2023-03-24,175.05435180664062,175.1007856938025,170.72698841403218,170.9962822881584,4263600
2023-03-27,179.43746948242188,179.89249896888848,176.59589089381254,177.01376759749598,3666800
2023-03-28,182.54832458496094,183.3747967385302,179.43743845285204,179.43743845285204,5635300
2023-03-29,184.87918090820312,185.60350426989058,183.38410029351303,184.3034403308706,3152100
2023-03-30,184.20130920410156,187.0707454267471,183.40269437321,186.058551678767,3050700
2023-03-31,186.89427185058594,187.01499712422913,184.4705702858685,184.67486805528017,3422600
2023-04-03,185.29705810546875,187.5164620880111,183.85770665813934,186.57855982722964,1908400
2023-04-04,181.89833068847656,185.4735139147617,181.13685448003483,185.14850498671873,3556700
2023-04-05,180.34750366210938,182.28831829148558,180.2174972795108,181.201833343419,2382200
2023-04-06,184.46131896972656,184.50775286475323,180.2360895757354,180.709695467518,3280000
2023-04-10,184.21058654785156,185.07421164911824,183.021952521947,183.10552503088513,2402000
2023-04-11,184.70272827148438,185.77993213157106,184.34056661485923,185.20419159273965,3598000
2023-04-12,184.5448455810547,186.3649489581229,184.08053508553675,185.50132406825105,2315400
2023-04-13,183.79269409179688,185.44563858529784,182.68763266947826,184.6934577300078,2894400
2023-04-14,184.35914611816406,185.38991610745194,183.28194223988183,183.987703345476,1947800
2023-04-17,185.7613525390625,188.21291159616527,184.28484843902365,185.39919088868254,2740800
2023-04-18,185.23204040527344,187.56287411992724,184.82344487959938,186.3742403195841,2388100
2023-04-19,187.58145141601562,187.77646807044292,183.95053972304328,183.95053972304328,2619800
2023-04-20,188.13864135742188,192.98604465436642,187.04286108638078,187.94362469092323,2989200
2023-04-21,184.65634155273438,189.1880036252936,184.015590621974,188.5008329676608,6029400
2023-04-24,185.98423767089844,187.3028779672587,183.25408929787955,183.79269125041554,2723700
2023-04-25,180.84896850585938,185.29705756848895,180.28250903900428,183.9505597383157,2594400
2023-04-26,177.83094787597656,180.49608600698897,176.78160145605474,179.76248154281845,2377500
2023-04-27,179.72531127929688,179.9481854317408,176.8558756435405,177.5987753153876,2287500
2023-04-28,181.7311553955078,183.0497957221614,179.10315585259013,179.10315585259013,1814900
2023-05-01,184.45199584960938,185.603476834063,181.57326504921102,181.57326504921102,2195000
2023-05-02,182.0747528076172,183.79269340621653,179.21459801041266,183.35624033903582,2693800
2023-05-03,181.38754272460938,183.93196938102662,181.32253245279387,183.105483083194,2017400
2023-05-04,182.99411010742188,183.30983794697784,180.18038871742166,181.4618906386783,1866300
2023-05-05,186.86643981933594,188.04579270900877,183.99700371648865,184.51702932054232,2065000
2023-05-08,185.66851806640625,188.3522326674706,185.25992248651252,188.03650487196526,1973000
2023-05-09,186.27212524414062,186.37427414409783,183.70913580380744,184.7399059144175,1606700
2023-05-10,184.85130310058594,188.13862953754824,182.8547735200686,187.69288123345098,1703500
2023-05-11,183.94126892089844,184.6934497436634,182.98479032285988,184.5448669671674,1397200
2023-05-12,184.78631591796875,185.25990757310265,183.28194011585904,185.19489729533723,1459500
2023-05-15,185.389892578125,185.78920696923626,183.42122062739807,184.63771184863523,1630500
2023-05-16,182.817626953125,185.06488825982711,182.4740416888078,184.90702437704263,1893900
2023-05-17,184.6470184326172,185.83565232191242,182.80835259911888,182.97549759778525,2273000
2023-05-18,184.61915588378906,185.00917503964448,181.22969458694797,183.84839868187242,1947800
2023-05-19,184.7677459716797,185.77993959500907,183.17051650659394,184.8884712519491,1798800
2023-05-22,184.1362762451172,187.5350329560109,182.08403149828118,186.6621268332491,1744000
2023-05-23,182.36264038085938,184.04344252802824,180.95113215382997,184.04344252802824,2434100
2023-05-24,178.21168518066406,182.00046110676246,177.65450683255426,181.79616332376443,2970800
2023-05-25,179.41891479492188,179.99465542552323,177.09736171070932,177.4223706407178,2467500
2023-05-26,179.31675720214844,180.10607671074638,178.37884073301439,179.76249140521756,2287400
2023-05-30,181.560546875,182.0186605037779,178.77450329889552,179.60657733824814,2453400
2023-05-31,179.9898681640625,181.28939964826543,178.6716343825239,180.5040743482449,3569300
2023-06-01,182.94422912597656,183.29950152454737,179.73747631799668,179.93381481870057,2713800
2023-06-02,185.7302703857422,187.65619355345913,184.06612235155913,184.3465855191491,2522700
2023-06-05,185.79566955566406,187.1886981582691,185.2721193942123,185.80502783647913,2140600
2023-06-06,183.5799560546875,184.86078536119933,182.45806062619235,184.21569156675417,2341900
2023-06-07,188.3480224609375,188.52564436576398,181.4950923333462,183.52385660537962,2582800
2023-06-08,187.90863037109375,188.74070441343034,184.67381717188874,188.35738571852772,2180700
2023-06-09,186.6745147705078,188.64718639726658,185.77700417450473,188.64718639726658,1806800
2023-06-12,186.0107421875,186.63713368561153,183.12184325771165,186.5716827713722,2096400
2023-06-13,185.98268127441406,186.5529801396893,181.93451085144187,184.54291808613317,3577800
2023-06-14,189.5447235107422,191.6950171798969,186.33795677510793,187.1139381469047,3259400
2023-06-15,192.5177459716797,193.377866287134,189.54472233341423,189.928026742814,2288600
2023-06-16,191.34909057617188,193.4339474593049,191.17145440723849,192.93844354895052,4139800
2023-06-20,188.27322387695312,190.94708186754303,187.9366538408763,189.7316892780615,2412600
2023-06-21,190.39547729492188,190.8816371997482,187.10458601862948,187.42245376707692,2191200
2023-06-22,190.1337127685547,190.39548790134998,188.7313398718622,190.3767998673466,1809300
2023-06-23,186.8802032470703,188.84353092050776,186.10422190054692,188.7406896754101,7413900
2023-06-26,188.2264862060547,188.6752415250181,186.81476933511027,187.16068340747015,1764800
2023-06-27,189.7690887451172,190.1430633952489,187.60009283705014,188.51630576494296,2433900
2023-06-28,189.87193298339844,190.18045672499213,188.5163087362803,189.82518436818586,2498200
2023-06-29,191.33038330078125,191.5267217628301,188.52563779860117,189.19877786037827,1957400
2023-06-30,191.30233764648438,193.1721679877169,190.1243496671503,192.19051847110853,2298700
2023-07-03,192.714111328125,193.630324403681,188.90899889419435,190.02155047592203,1057400
2023-07-05,190.63858032226562,192.3962113678631,190.23655932917285,191.32106448998684,1818100
2023-07-06,189.32969665527344,189.79715431610725,187.54401923280173,188.88094129526215,1518500
2023-07-07,189.61952209472656,191.10603395172117,187.45051181867726,187.98342037062338,2074800
2023-07-10,191.5267333984375,192.0502836414767,189.2548819855023,189.4699227583517,2025200
2023-07-11,193.3311004638672,193.70507508882707,191.68565491106358,192.59252376129052,2101000
2023-07-12,195.32247924804688,196.91183221355985,192.59252861260345,194.5278098981272,3261500
2023-07-13,196.90249633789062,197.1923177754713,194.99527555355934,195.79928895295131,2214300
2023-07-14,197.25778198242188,197.8841735142365,196.21066715797303,196.678124802522,1603000
2023-07-17,196.20132446289062,197.10819344068088,195.4907939740311,196.85576231653428,1471700
2023-07-18,198.7816925048828,199.13696489459363,195.4908008211038,195.82737090986254,1893600
2023-07-19,200.30560302734375,201.00678950235195,198.6695012523246,199.00607133095556,2036600
2023-07-20,202.6709442138672,203.45626966776115,200.651523676132,201.03484238541685,3137600
2023-07-21,202.6709442138672,203.12905786147655,198.23944041144986,199.63246938960228,6040100
2023-07-24,202.8205108642578,204.8399311707364,201.7266617646671,202.24086799071597,2165200
2023-07-25,201.52099609375,203.29732946035003,200.77306099940643,202.21282428683563,2766100
2023-07-26,222.50982666015625,224.82841245617578,218.19052282529844,221.41597754349777,14540700
2023-07-27,216.9938507080078,221.00463113967348,215.41384154030825,220.12580845948492,5806700
2023-07-28,217.6202392578125,219.938825216825,215.26424869787016,216.76946290760063,3595800
2023-07-31,216.9190216064453,219.27499756213396,215.4231516290817,217.5828033879663,2988700
2023-08-01,216.4329071044922,217.04995466945954,214.21716225336328,216.42356308648104,3486300
2023-08-02,215.2174835205078,217.32104279218763,214.90895978211384,216.10565013763775,2740200
2023-08-03,214.9276580810547,216.64789865189508,213.67487511744312,214.64718066358256,1914100
2023-08-04,213.65618896484375,217.66698352674203,213.38506980905902,215.5166755178549,3176300
2023-08-07,214.75001525878906,216.7413891689435,213.7216171141309,215.32031409257786,2211300
2023-08-08,213.74969482421875,215.3764383559149,211.63677706458478,215.32034571905308,2513700
2023-08-09,214.329345703125,214.85289602080763,212.00140132734728,212.4595149881577,2562500
2023-08-10,215.31097412109375,216.28327965539427,214.58174140394988,215.00245039219843,2737700
2023-08-11,214.55372619628906,215.95609920422393,214.35738769828077,214.79679904868777,2346200
2023-08-14,214.84352111816406,215.02115729305817,213.39439966924684,213.7870623510618,1682100
2023-08-15,210.86080932617188,214.20780811111766,210.7860286492843,213.94603294498128,2146200
2023-08-16,210.00067138671875,211.4404489461749,209.1031606820874,210.68316983111865,2169200
2023-08-17,209.7762908935547,211.91724056501482,209.48646944506234,210.62705293941693,2075400
2023-08-18,210.59901428222656,211.00103527735402,208.62634243852975,208.72918369163907,1660100
2023-08-21,209.39297485351562,211.0945132323746,208.8600663003347,210.58032124471924,2000600
2023-08-22,207.93447875976562,209.9819451895052,207.14915346952037,209.6734214828361,1636200
2023-08-23,208.6076202392578,209.11246813913797,206.9621604589933,208.32714284346972,2026500
2023-08-24,208.037353515625,209.64540894942138,207.99994891539245,208.75722801483752,1738900
2023-08-25,209.5893096923828,210.8047024621112,207.81297628978598,208.7011429910844,1609900
2023-08-28,209.92587280273438,212.45949951387837,209.2994812707241,209.33688587107778,1731300
2023-08-29,208.89744567871094,210.58029582021456,208.486080725713,209.82300255728302,2362100
2023-08-30,209.6027374267578,210.7500100555146,208.43665305104278,209.52750478808343,2690700
2023-08-31,207.42105102539062,210.48670575854283,207.39282623000332,209.61213887798334,2410300
2023-09-01,207.8536376953125,209.14196267520165,206.61233491268672,208.42727406394195,2303700
2023-09-05,202.85076904296875,206.7157579569174,202.35235101931204,206.38661695715814,2679700
2023-09-06,200.14247131347656,203.3021706978912,199.079829919422,202.9636309656625,2344800
2023-09-07,198.0171661376953,200.9793774832668,197.38709463833936,199.75687232429095,2882100
2023-09-08,199.17388916015625,199.52182761812924,196.5784129032215,197.78212097910324,3188200
2023-09-11,198.9951934814453,200.1236544436108,197.5281927957142,199.84153561577952,1943900
2023-09-12,201.12046813964844,202.09847819341644,194.52836354779723,198.45917246427373,2828200
2023-09-13,199.4842071533203,201.25212414277195,198.2146795475451,201.14868104638165,2919700
2023-09-14,202.84140014648438,203.6501332498622,199.11747700007422,201.3743992494645,2798700
2023-09-15,200.60325622558594,201.44019964145085,199.54061488272083,200.35874655071257,4222800
2023-09-18,200.44338989257812,201.64708354365666,199.2396962414996,201.41198690322477,2206800
2023-09-19,199.14566040039062,200.7819237867247,197.3871278236981,199.9731907932038,2156000
2023-09-20,200.2835235595703,202.0890640150985,200.20829091361162,200.415177102708,2116800
2023-09-21,198.7977294921875,200.5750596636714,198.2899270214041,199.41838811693714,2370300
2023-09-22,196.76649475097656,200.33055360427483,196.30570015736444,198.1488641826523,2416500
2023-09-25,196.05177307128906,197.02037001622722,194.78225990857516,195.55336937531737,1427400
2023-09-26,192.6287841796875,195.82610717074917,192.42189798353573,194.99856238614208,1990200
2023-09-27,190.33424377441406,193.2964701999647,189.45029241593434,192.9767421969511,2760800
2023-09-28,191.94227600097656,192.6099566840794,189.5724981648003,190.36241932713963,2112600
2023-09-29,191.4909210205078,193.60679079394367,191.2088021808843,193.60679079394367,2246700
2023-10-02,190.5599365234375,190.98310761577392,188.19957136681745,189.85464658648993,1888000
2023-10-03,191.63198852539062,192.91091493091915,189.58195253592535,189.90168055001715,2087500
2023-10-04,190.2119903564453,192.77924160493157,189.34683645748333,191.36866178831013,1911900
2023-10-05,188.67913818359375,190.35302492934358,187.61649689531174,190.1179283150623,2037200
2023-10-06,190.39068603515625,192.03636266023116,187.44727125114773,187.9174645725977,1760500
2023-10-09,192.12098693847656,192.45952669141857,188.8108220596169,189.4502924148011,1557700
2023-10-10,194.0487823486328,194.69763705501873,192.0081307815047,192.79806643778306,1972900
2023-10-11,196.99215698242188,197.4247410794206,194.6600025159375,194.88570043817495,2851100
2023-10-12,195.59100341796875,197.58461830936088,193.54095328036368,197.48117521504372,1851200
2023-10-13,195.36529541015625,197.89493739147696,194.67881728279733,196.4373354463828,1874600
2023-10-16,198.2616729736328,200.5938273047956,196.28685572882966,196.73825154711267,2358900
2023-10-17,198.74127197265625,200.65966839585224,197.07679826180993,197.38711316784938,2479900
2023-10-18,193.64439392089844,197.8573215876701,193.22122284920331,197.61282625381864,3487200
2023-10-19,197.79151916503906,206.97910044434306,197.61284341168175,205.5403100661598,6031000
2023-10-20,198.74127197265625,202.14548073172875,197.4905562529154,199.82272501637559,5485700
2023-10-23,195.3746795654297,199.02338350620136,195.11137251291606,197.75385608581504,2576500
2023-10-24,193.19300842285156,196.60661607260906,192.08334487080066,196.02356667441575,2937500
2023-10-25,192.9861297607422,194.735249325157,190.26841319363552,191.6978047734872,2457300
2023-10-26,190.1837921142578,193.99234638424514,189.88286151313443,192.15859537477704,2626300
2023-10-27,189.69479370117188,191.86708453835178,188.04911708522815,190.48471503302613,2427600
2023-10-30,193.5315399169922,194.6976099654959,190.34363033260152,191.12415283073548,2230100
2023-10-31,195.23365783691406,195.51577667986345,192.44070855511987,194.08638506497084,2057800
2023-11-01,195.18663024902344,195.96715280832993,193.2118271012239,194.71643697347687,2444200
2023-11-02,198.78829956054688,199.2773045531444,195.36529331068226,196.13641712013066,1776600
2023-11-03,199.4842071533203,200.68790081177428,198.9575929713917,200.30233887530505,1634800
2023-11-06,200.39637756347656,200.48100890834147,196.86992803584025,199.3619466290393,1547200
2023-11-07,198.80709838867188,200.18005453941413,198.3274921264448,200.0484010133271,2324200
2023-11-08,199.36196899414062,200.27414518888637,198.44979279939488,199.44660034849977,2483100
2023-11-09,197.6974639892578,200.16128655255844,197.02038451299384,200.11426435437008,1496400
2023-11-10,198.88233947753906,199.28669877157836,196.0705787697718,198.63782981215832,2673600
2023-11-13,196.91696166992188,198.52502917873161,195.73207963917275,198.52502917873161,2185100
2023-11-14,202.8319854736328,204.34600845436916,199.8039395121601,199.81333821234287,2610400
2023-11-15,205.07949829101562,207.26118760146437,202.944816828222,203.46203229486713,2709700
2023-11-16,206.28318786621094,206.61232888829767,203.8663876191091,205.34280134500267,1438200
2023-11-17,206.1421356201172,208.09812695689806,204.84439762916642,207.62793369631123,2002600
2023-11-20,207.91943359375,208.46484506488758,203.98861107823032,205.94461646334267,2548000
2023-11-21,208.7658233642578,209.7062099559887,206.03870798790248,207.91948117136425,2422300
2023-11-22,210.1669921875,210.90989123763194,208.8786528751925,209.46170228519406,1716200
2023-11-24,210.90985107421875,211.57753170155274,209.82841250295118,210.00708820670914,1045600
2023-11-27,206.7439727783203,210.7312022586926,206.2925769378126,210.40207560112617,2369200
2023-11-28,208.0417022705078,209.4052598315307,206.39602588844176,206.61232511576512,1827600
2023-11-29,208.2673797607422,210.5337144568852,207.68434477718063,209.5463058547041,1228900
2023-11-30,211.84088134765625,212.18881977812978,207.49628574540083,209.00090995946366,4430100
2023-12-01,217.57725524902344,218.49884450008932,212.75308147797912,213.85333213976682,3239000
2023-12-04,219.95643615722656,220.7181614124741,216.80614942531884,217.00362259029419,3881900
2023-12-05,218.3295440673828,219.23232147098054,217.1352491285154,218.91257913792214,2632400
2023-12-06,219.08184814453125,220.04104641020993,218.01920678795426,219.22290038250185,1804900
2023-12-07,218.91163635253906,220.2450108451068,218.01324453491807,219.79109643124713,2075100
2023-12-08,217.28509521484375,220.26392931414665,217.0392134825458,219.05348125102782,2544800
2023-12-11,219.42230224609375,219.71545562434295,217.06759492036053,217.4269516703073,1810200
2023-12-12,220.25448608398438,221.79590775465826,219.89512934164927,220.4246985852928,2427500
2023-12-13,223.82908630371094,223.9425613012349,218.97782814405227,220.27338246471496,3926700
2023-12-14,229.663818359375,231.75374086300263,226.05137717500543,226.63769830656824,4863600
2023-12-15,228.83163452148438,229.66382296381997,224.50049424701433,224.72745866665466,4768500
2023-12-18,227.99948120117188,230.637876081676,227.84817157434605,229.84352218536083,2457600
2023-12-19,229.46524047851562,230.20285684763311,226.95923799749846,228.21697217296284,2314200
2023-12-20,224.91659545898438,228.96403394212524,224.78420315083227,227.16727912724957,2724800
2023-12-21,228.95458984375,229.17208840775714,224.68965266681772,225.18138729590518,2603100
2023-12-22,230.3447265625,231.64028099343966,229.16264713874324,229.79623997831519,1824800
2023-12-26,231.9617919921875,233.0398477976862,230.38253568946362,230.38253568946362,1454100
2023-12-27,232.45352172851562,233.2951615906644,231.03502660603934,231.3565487040111,2206000
2023-12-28,232.65213012695312,233.56942484406238,231.87667915798266,232.67103300691872,1208500
2023-12-29,232.27383422851562,233.14384280449573,231.43219439949416,232.62373949046878,1228700
2024-01-02,230.20285034179688,232.6237609329497,229.55980611189017,231.66863159837507,2622200
2024-01-03,228.5668487548828,230.70405734737932,227.8859699290919,229.60708430252967,1748200
2024-01-04,227.96160888671875,230.81751629469764,227.83866803154072,228.13183579617126,2305400
2024-01-05,226.87411499023438,228.85054807870029,225.45561985751516,228.75597596464752,2316900
2024-01-08,227.54554748535156,227.5928335464398,224.61399928371793,226.17433829187132,2567800
2024-01-09,224.50994873046875,226.28778609027952,223.22384594375552,226.28778609027952,2055200
2024-01-10,226.01356506347656,226.12704006023705,223.93310835468583,223.98039441322908,1683400
2024-01-11,223.53594970703125,225.4934657095427,222.04179959895103,225.4934657095427,2219300
2024-01-12,224.79368591308594,225.06792198998073,222.04180155504312,224.37759164771694,3018700
2024-01-16,223.3751983642578,225.30434569925475,222.50517518117186,224.87879997841375,2578700
2024-01-17,222.9968719482422,225.27592408173226,221.72968652410654,222.1079460917156,2311100
2024-01-18,225.05845642089844,225.79607277968196,222.29712079550993,222.76048666493472,2326500
2024-01-19,226.26889038085938,227.1578163037682,223.65885010854353,225.53127406816455,2272100
2024-01-22,229.90025329589844,230.74189323090593,228.00892630220247,229.5692653001297,3005300
2024-01-23,230.1083221435547,231.24311556096941,229.0964551801531,230.74191501469724,2398300
2024-01-24,229.16262817382812,232.08472480440628,229.16262817382812,230.51491999644702,2843400
2024-01-25,228.4439239501953,232.11308828237313,224.2546274108054,230.8364512971688,4154600
2024-01-26,227.32806396484375,229.04917858053895,225.31379595255189,228.3493823472869,2493400
2024-01-29,231.8483123779297,232.19820324609736,226.1837829693696,226.65661470675485,2844600
2024-01-30,233.295166015625,233.5599506224685,229.14370412228985,230.61893676889767,2435400
2024-01-31,230.6757049560547,234.52456256635412,230.55277850560202,233.8531350905925,2798900
2024-02-01,235.7255401611328,235.8863012214858,231.4133169926442,232.00907517402777,2116300
2024-02-02,234.83660888671875,236.16999782919896,232.5197362943389,234.6380132109471,1994200
2024-02-05,233.23841857910156,235.5836597524942,233.08710897315927,233.9098459369216,2701300
2024-02-06,236.2929229736328,237.1913147999694,233.23843405312596,233.23843405312596,2357300
2024-02-07,235.62149047851562,237.97618305227243,235.43236068904957,237.11564034575014,2337200
2024-02-08,235.2999725341797,235.6971494279512,233.02092029236098,235.53638838259212,1871500
2024-02-09,235.895751953125,235.9903240728978,233.10604757598122,234.65693510437055,2012500
2024-02-12,233.95713806152344,235.5364087636906,233.57887844320382,235.27160971525146,2259600
2024-02-13,232.26441955566406,232.8885609469083,230.49603337681899,232.63322775418473,2664100
2024-02-14,236.51988220214844,236.7562980607956,231.7348275318786,232.9736443224411,2579500
2024-02-15,236.93597412109375,237.73032793531084,235.27159725738701,236.4158563511854,2252300
2024-02-16,233.19114685058594,236.15107806884527,232.6804949362545,235.8579247078699,2202400
2024-02-20,233.7112579345703,233.8814848542536,231.5645979226584,233.19114016564734,1907200
2024-02-21,237.66412353515625,237.79651582891157,233.8814700796587,235.8862717935755,1721700
2024-02-22,240.68077087402344,241.10633091971388,236.51985796017553,238.29770965247945,2507600
2024-02-23,242.95040893554688,244.06628491949277,241.09690215938903,241.39952140026364,1943500
2024-02-26,238.91241455078125,244.60531258677844,238.67599868717298,243.02604191975755,2806400
2024-02-27,239.52711486816406,241.80616749285522,238.49634505904305,238.94080808310085,2206300
2024-02-28,241.4281768798828,243.19618564652984,238.8712164830745,240.02136422401625,1885800
2024-02-29,241.1430206298828,243.0916347788205,240.91488531105915,241.74186677671932,3022100
2024-03-01,240.46812438964844,240.9433954159169,238.3674345758493,240.35406398466262,2811400
2024-03-04,240.9338836669922,242.23612157522257,239.97384146143577,240.82932346606069,1834900
2024-03-05,241.15252685546875,242.97756593930245,239.90731903036252,241.2951168723422,1368800
2024-03-06,238.5860595703125,242.3692129477636,238.43396935812328,240.90538454177488,1911000
2024-03-07,236.7230224609375,240.81987151523376,236.42835670040037,240.81987151523376,2395600
2024-03-08,238.5480499267578,238.80468584877747,235.36372811508554,235.9720744741491,2409100
2024-03-11,237.51194763183594,239.04232097847847,235.05954729661315,237.8446431653274,1539600
2024-03-12,238.7571563720703,239.70769846671976,236.89410198886534,237.08420750697098,1633900
2024-03-13,236.92262268066406,238.37695095945736,236.17170078998925,237.88266499742488,2129000
2024-03-14,233.89036560058594,235.71540452663135,231.552040368889,235.19260351820478,2519700
2024-03-15,232.0558319091797,234.19455149035647,231.20033537423674,231.40945578250364,3258900
2024-03-18,232.27444458007812,233.47212228313208,231.79917357827767,232.93982108177477,2280700
2024-03-19,230.7060546875,233.05388007847571,229.34677208838792,232.21741298314197,3244300
2024-03-20,234.12799072265625,235.30666798901646,230.64900362533638,230.86763872178767,2564800
2024-03-21,235.83900451660156,237.97772427339083,234.43220624884535,235.2876883499124,3215400
2024-03-22,232.85427856445312,236.77050702475935,232.75921856130935,236.07661541499405,1676900
2024-03-25,231.78968811035156,233.0729111942918,230.64902603024356,232.37901954871876,1974700
2024-03-26,228.7859649658203,232.15087739145204,228.60535965832076,231.9132418824517,2801900
2024-03-27,232.53111267089844,232.66418798136084,230.02168217066395,230.20227298162496,2150500
2024-03-28,233.7667999267578,234.55575157054858,232.14138113986465,233.70976972428727,2265900
2024-04-01,231.2668914794922,233.78582219544947,230.63003002496944,233.35808115932176,2493800
2024-04-02,230.5349578857422,231.8181954307301,228.9570546314614,230.2878221788786,2019400
2024-04-03,229.6034393310547,232.88280656347123,228.89053278035018,230.85814731815174,2097200
2024-04-04,228.7859649658203,232.8162539158289,227.90195333019645,231.2383651591982,2062500
2024-04-05,230.04067993164062,230.80111648447297,228.81448704959064,229.62245360649766,1503700
2024-04-08,228.40574645996094,231.45699287099754,228.16811094366628,230.03117977322958,2139200
2024-04-09,228.88101196289062,229.88859871109867,226.2385062458654,229.10914727450537,1736900
2024-04-10,225.1359100341797,226.8468742705214,224.213883004711,226.40011830761918,2181000
2024-04-11,224.48001098632812,225.97235444259076,223.4058938429727,225.14538751154458,1692400
2024-04-12,222.80706787109375,223.83365510461977,221.71395023108863,223.19679362258563,2595000
2024-04-15,222.3697967529297,226.1529498339512,220.99151376024764,225.9533441371988,2298000
2024-04-16,219.82235717773438,222.8355738442515,219.5276914522822,222.8355738442515,2025400
2024-04-17,217.8927459716797,220.649326567426,216.60000822777255,220.3356459563176,1997000
2024-04-18,218.44407653808594,219.96494969178178,217.7691997729229,219.30907332555196,1570200
2024-04-19,220.60177612304688,221.2956676810734,219.03337321284016,219.28052340093765,2971900
2024-04-22,222.87362670898438,223.99525952244548,220.5638016631803,221.46682833992585,2200000
2024-04-23,224.60354614257812,225.5826176737648,223.19674814805364,223.7575644054772,1980800
2024-04-24,220.5067596435547,222.55043392911742,217.97832859644623,222.30328369224532,2951100
2024-04-25,231.50453186035156,231.56156206581642,224.44199649981675,228.35823982315415,3897500
2024-04-26,230.7821044921875,232.72121845156832,228.8239901342339,231.83720677781855,2255500
2024-04-29,229.03311157226562,232.31247885169523,227.62631335319472,231.35243657113352,1625800
2024-04-30,225.43055725097656,228.19663811209145,225.05984642968122,227.86394259118404,1737000
2024-05-01,223.33937072753906,225.3545152708175,222.58843437134846,224.1568374863612,1651700
2024-05-02,225.93435668945312,226.27655242958588,221.67593209322908,224.32793820116666,2440900
2024-05-03,228.4722900390625,231.34293112037722,227.90195900162064,230.2878288539943,2174700
2024-05-06,227.37916564941406,229.85056622789065,227.21756074049537,229.85056622789065,1527700
2024-05-07,230.39239501953125,231.1148017820704,227.9399947016962,229.4323382318108,1585300
2024-05-08,233.73826599121094,234.21353697899633,229.26122140857942,229.52737200140967,1739000
2024-05-09,234.41319274902344,236.58992782159814,232.8352893491327,233.43413552593836,1765100
2024-05-10,235.16409301757812,236.20019485604087,234.42267139262484,235.7344240386747,1299500
2024-05-13,233.52915954589844,236.1146350342215,233.2154934388487,235.1736077048315,1317200
2024-05-14,232.82579040527344,234.78390486200558,231.13382658319682,234.6128142414935,1357500
2024-05-15,234.3466339111328,234.66982923579624,233.2440161408039,233.69077207089782,1769200
2024-05-16,233.73826599121094,235.04051836054418,232.8257538169699,233.96640128683094,1526000
2024-05-17,232.85427856445312,234.7078325927961,231.29539024008773,234.12800138350727,2105700
2024-05-20,231.58055114746094,232.81624413907534,229.87907285216204,232.81624413907534,1130300
2024-05-21,223.33937072753906,228.17762637371953,222.94013029526607,228.13009636948505,2967600
2024-05-22,223.10174560546875,223.61503196440245,221.02005605844568,223.15877581155897,2634200
2024-05-23,221.20065307617188,223.26332764235414,220.3356563052861,222.64546658995528,2815700
2024-05-24,220.5732879638672,222.5504171895206,219.61323120045557,220.52575796003438,2305500
2024-05-28,217.68362426757812,220.78240055660933,216.95171735013872,220.66832565062737,2480900
2024-05-29,214.70846557617188,217.04679114387469,214.5088453427718,215.57344790991309,3279100
2024-05-30,217.90225219726562,218.07334279442108,214.33771971532886,214.87002091197226,2840400
2024-05-31,222.5673828125,223.02624111281256,217.08014821172173,218.1125903275568,5524500
2024-06-03,218.26553344726562,223.21741601718352,217.3286789717341,222.73943439830305,2593900
2024-06-04,217.5963592529297,219.68036680885982,216.2771398326862,218.06478651597195,1820800
2024-06-05,217.3955841064453,219.00159520166815,216.04767255998607,218.65744788314325,2920800
2024-06-06,218.2559814453125,218.83911964915023,216.4492113689697,217.62504215850262,2023200
2024-06-07,217.93093872070312,220.55983760333166,216.7073069531906,217.51986694662557,2555600
2024-06-10,218.86776733398438,218.90601402984834,216.28666966310766,217.33823499675842,1884800
2024-06-11,217.3955841064453,218.84863759635928,216.36314215087057,217.74928580523698,1619900
2024-06-12,216.49700927734375,221.0856360253737,215.8278378860741,218.8582397904857,1931900
2024-06-13,212.3385467529297,216.23887845921473,211.63114330239543,215.71309576838442,3283900
2024-06-14,212.3194580078125,212.40549120528445,208.92578532360736,211.59291655313584,2130500
2024-06-17,211.6311492919922,212.71137784717132,209.63317501029022,209.86261144192093,3134500
2024-06-18,212.77830505371094,213.97325913372313,211.41127000101926,211.6311520542676,2057100
2024-06-20,215.25424194335938,215.50278713558527,211.7171808572326,212.52018648150843,2267800
2024-06-21,216.15286254882812,216.62128981752988,213.31365037822277,216.17198589916188,3322600
2024-06-24,216.39183044433594,219.27884339143543,215.9998820316592,216.6786223215833,2407600
2024-06-25,214.19314575195312,215.2160335375879,209.91043403057162,214.94836496667926,3079500
2024-06-26,213.76295471191406,215.22557739817768,213.0555366166141,214.13577981651378,1921500
2024-06-27,213.6291046142578,215.40719680918716,212.9694876503071,214.69022438521307,1815000
2024-06-28,216.29623413085938,217.42427832200508,214.43210875867075,214.99612356082298,3492600
2024-07-01,214.95790100097656,217.84491415431683,214.279160662565,216.18153281692705,1697300
2024-07-02,215.5697021484375,215.6079342583248,213.96369097003517,214.9578862823546,1530500
2024-07-03,215.6366424560547,218.05522836939087,215.10129077031743,216.00946754898834,1219800
2024-07-05,215.25424194335938,216.6977411908201,213.00773707162278,215.24468756218042,1659400
2024-07-08,213.55262756347656,214.7858137246547,212.3481191325462,214.62330172430356,1781600
2024-07-09,212.0135498046875,213.09379305394515,210.9141977910282,212.49153147790338,1514200
2024-07-10,214.5277099609375,214.6424208796873,212.15691066993972,212.54885909145642,1832700
2024-07-11,218.64791870117188,218.88690951694468,214.38431612957464,214.94834554079821,1517900
2024-07-12,220.0818634033203,222.19453404427273,218.64791850993765,219.55608069171166,1912300
2024-07-15,225.5977783203125,226.03751325779467,220.1392216066477,220.44513685606307,2569500
2024-07-16,232.35641479492188,233.08295616793075,225.51171473091736,225.6073168863683,3417400
2024-07-17,233.14988708496094,235.22432568158362,232.06964389543893,232.71970652022353,2933000
2024-07-18,232.30860900878906,235.04266430928564,231.51515781251888,231.95490729710306,2491300
2024-07-19,231.6490020751953,234.0197866496053,230.86510527506246,234.0197866496053,3870100
2024-07-22,232.5571746826172,232.6527622517188,230.25329984070615,232.0887474574441,2187000
2024-07-23,228.9532012939453,232.20347055064667,228.75244259067554,231.56297691540195,2538300
2024-07-24,226.92654418945312,230.13858105564978,226.41031590395625,227.7104264113892,3288800
2024-07-25,224.98594665527344,229.1443778546001,220.73189871364693,225.47348263969576,3017600
2024-07-26,229.77532958984375,232.44246066509226,225.5021726538064,226.77360553910208,2818600
2024-07-29,231.48651123046875,233.14989265226052,229.44075031685577,230.37760486945018,2023000
2024-07-30,234.62205505371094,236.3714695636209,232.11743598933577,232.44245999572124,1914400
2024-07-31,235.86480712890625,238.2069141595475,233.71388982971382,234.708099772194,2285700
2024-08-01,233.704345703125,238.35988223831004,233.05428308346552,236.47663339788016,2166100
2024-08-02,229.4025115966797,233.15944032024797,225.32054426889613,232.80573857115618,2114600
2024-08-05,224.52706909179688,227.4905608066145,221.0760414028091,226.57282972876652,2494400
2024-08-06,228.04502868652344,230.87467164460256,224.39324219023408,225.0146270343528,2514600
2024-08-07,226.4103240966797,231.28574232268176,226.05662237529856,229.28778270631867,1939200
2024-08-08,229.94737243652344,230.28196537776637,226.46766711232584,226.7927056732168,1444800
2024-08-09,227.0603790283203,229.88046749729784,226.51547301300397,229.88046749729784,1621100
2024-08-12,226.32431030273438,227.85385741090053,224.5557723705949,227.85385741090053,1782100
2024-08-13,226.82139587402344,228.4752081499566,224.8712227487987,227.54792266541324,1486200
2024-08-14,230.5974578857422,231.5820988729295,226.8596380522143,227.49057730230763,1903100
2024-08-15,232.97779846191406,234.46909872367905,232.0600673694521,233.18809694653658,2128000
2024-08-16,233.76170349121094,234.59338689054036,232.6814602994623,233.25504411152264,1951400
2024-08-19,235.23387145996094,235.7978862467218,233.41753262913605,234.21098383499796,1686500
2024-08-20,235.6449432373047,236.35236129990892,234.50734462571268,235.23388603780396,1552000
2024-08-21,234.90884399414062,237.3656765342677,234.21099490994905,236.82077048320144,1482900
2024-08-22,233.5609588623047,236.12293348712035,232.136568303771,235.19564792550696,2722300
2024-08-23,235.97952270507812,236.11335697014349,233.28369946853786,234.2109849432195,2449200
2024-08-26,236.92591857910156,238.560622087195,236.12291298315856,236.84943977184398,1680600
2024-08-27,239.32537841796875,239.4687670545229,237.12666027415204,237.54728639049748,1466200
2024-08-28,241.54322814941406,243.18748607588057,238.8091727216236,239.4401119557694,2359700
2024-08-29,242.04989624023438,243.43604005974802,240.3196050611936,242.6330344164653,1287700
2024-08-30,246.1151123046875,246.31692444607776,242.10753847386047,242.10753847386047,2386600
2024-09-03,245.2694091796875,246.94164031502945,244.15458842279284,245.90369060082827,2585800
2024-09-04,245.7403106689453,248.01800755213688,242.27092200218502,245.49044312242745,2880300
2024-09-05,241.73272705078125,246.13431989991562,240.13738170786618,245.83641163039343,2562500
2024-09-06,239.90673828125,243.78937094958357,239.53192964578105,241.60778496136768,2406200
2024-09-09,241.32911682128906,242.31899653587848,240.08936954045143,240.9447029248379,2162500
2024-09-10,242.7418212890625,242.7802568066998,239.8971090571235,242.04025944271098,1694700
2024-09-11,237.85971069335938,241.70390803789851,233.94823285635525,240.87740502224463,2372100
2024-09-12,239.19557189941406,239.8010376819417,235.85112427075273,238.26335285767595,1867900
2024-09-13,239.41659545898438,242.18442211867847,238.86880498684818,240.20466291909946,2267800
2024-09-16,242.59767150878906,243.7124922334834,239.7625789628697,241.10805680232974,1651000
2024-09-17,243.674072265625,245.12525154446857,243.14549217583107,243.40497961344803,1640400
2024-09-18,241.41558837890625,244.64471470914518,240.77168708856487,244.1161346455966,1568200
2024-09-19,238.7631072998047,244.1161446533239,236.46619989717462,240.26234196736914,3406700
2024-09-20,235.83189392089844,236.05293116020795,233.09289747136927,233.99628618565467,6802600
2024-09-23,234.4960479736328,235.80307571285073,233.40045227049794,235.54358827503071,2740600
2024-09-24,239.26284790039062,239.3301137280478,232.15107405225365,233.71758915442223,2772700
2024-09-25,235.9376220703125,239.57999275704418,235.5339830916777,237.89815634717434,2347200
2024-09-26,233.7560272216797,238.62855442190943,232.9103137730044,237.37918734509802,2398600
2024-09-27,234.70745849609375,237.84047389854322,234.43836586837162,235.14953295687363,1954500
2024-09-30,236.8794403076172,237.3887952913066,233.97708182135477,235.4570913719062,2923200
2024-10-01,235.9856719970703,237.71556376854917,234.16928930312986,236.58151790440493,1925000
2024-10-02,233.87135314941406,236.60072964344764,232.7757575333894,235.50513402742297,2568300
2024-10-03,231.25730895996094,233.53499121872972,230.26742930614037,232.98718605224397,1990200
2024-10-04,229.55624389648438,233.70796938283053,227.95129327269842,232.30484557100644,2137900
2024-10-07,227.6437530517578,228.87389503692842,226.12529333096458,228.4414257657191,1684100
2024-10-08,228.306884765625,229.63313758173123,228.06662242441445,228.42220599678222,1783200
2024-10-09,228.4221954345703,229.36403432696892,226.69231838940308,227.8744049474537,2046700
2024-10-10,229.517822265625,229.63314349975425,227.08635381861748,228.2011746300332,1900700
2024-10-11,232.8718719482422,233.0929091986725,230.21938094972973,230.728735945845,1663800
2024-10-14,235.71658325195312,236.5815218197824,232.53551218132475,233.19862392895408,1735800
2024-10-15,236.21629333496094,239.01295022674265,235.80304918829634,237.1004715670048,1858000
2024-10-16,238.43634033203125,240.4833653961316,235.93760625338493,236.35085041888522,1500100
2024-10-17,232.30484008789062,237.26385804058697,231.13235875804114,237.26385804058697,2177900
2024-10-18,234.59214782714844,235.17838850629678,232.05497817702826,233.08329333684318,2866100
2024-10-21,230.9882049560547,234.23654161591318,230.09442148217883,234.23654161591318,1547900
2024-10-22,232.04537963867188,232.51629913390246,229.33522789847143,231.6897960457235,1818400
2024-10-23,231.9492645263672,232.7565424540711,230.75755806324534,231.9012091263838,2156100
2024-10-24,221.76214599609375,224.88555650308098,218.69639610600046,220.48394855196193,5181100
2024-10-25,221.32965087890625,222.8481104925467,220.3493765127438,221.22393487211963,2952000
2024-10-28,222.9442138671875,224.36657739826222,221.09900095967154,221.09900095967154,2493000
2024-10-29,222.95382690429688,225.25073408824343,222.44447196097659,223.06914812483785,3682100
2024-10-30,223.12681579589844,225.51021397067277,222.2714824994402,222.48291452008817,3079400
2024-10-31,223.03074645996094,224.73179337893507,221.32006499706563,221.75254896863743,2594700
2024-11-01,223.62657165527344,225.6928218555657,223.2517630019593,224.45307466828015,2653300
2024-11-04,220.95484924316406,224.14552531041173,220.50315489663538,222.91538337310556,2195600
2024-11-05,224.7606201171875,224.7798452113731,220.56083890132018,221.61799911477544,1483700
2024-11-06,238.81114196777344,241.9153270504441,232.9102999479373,238.41710824168862,5318700
2024-11-07,233.11212158203125,240.15661488363006,232.76614323896334,239.5895993021837,2921300
2024-11-08,232.08380126953125,234.62097084078374,231.4302801185162,232.53549561472514,2209300
2024-11-11,232.52587890625,236.36047095353658,232.420162894988,234.3614866179589,3299100
2024-11-12,229.6042938232422,233.1890036380583,229.29675100557336,232.91030579093854,2362900
2024-11-13,231.04586791992188,231.5456030022502,229.02765850503482,230.08481861082302,2563900
2024-11-14,226.4040069580078,231.69938358152484,225.67361473338627,230.90171086366814,2766000
2024-11-15,226.3944091796875,228.56637549635136,224.88555461619,225.7312827620714,2068500
2024-11-18,225.27957153320312,226.2886762382631,224.77021657373976,225.9234728090446,1401400
2024-11-19,224.20318603515625,224.97202841247142,222.82889256718113,224.05903450510593,1773900
2024-11-20,224.4626922607422,225.19309917939205,222.80968614357124,224.37620133546517,1158000
2024-11-21,229.7100372314453,230.58458106154504,224.5684169517212,224.95284551965827,3490700
2024-11-22,232.94873046875,233.21782308946143,230.14246837815347,230.65182331481785,2664900
2024-11-25,239.6088104248047,240.81972722271792,233.5830274112131,233.97706113037663,4224400
2024-11-26,236.0625457763672,237.5425552555693,233.01602123542332,237.14852152055659,3305300
2024-11-27,235.67811584472656,238.2345105034066,235.32253229618144,236.45656343178396,2040800
2024-11-29,235.13031005859375,237.02357823036837,234.59212483169392,235.54355419194627,1484900
2024-12-02,231.40147399902344,235.04385944719226,231.04589041266374,234.52488455766445,3100000
2024-12-03,227.75906372070312,232.31442771413393,225.95228646438514,232.31442771413393,4196800
2024-12-04,225.8466033935547,228.5855999813415,224.5107453472942,227.48038440010748,3264900
2024-12-05,225.4910430908203,226.3655869683936,224.47233299327587,226.1637747906656,2011400
2024-12-06,224.47232055664062,227.4515649664513,224.28009894066219,226.5097406388486,2585100
2024-12-09,225.738525390625,227.12076351568692,223.95033400036888,224.49162468604783,3095700
2024-12-10,229.16993713378906,231.0354726007636,224.04698220131175,225.55488234391422,3092600
2024-12-11,225.97052001953125,230.46517971823457,225.5162193060114,228.6093195636509,2862600
2024-12-12,225.90286254882812,226.71479858840192,224.143653047353,226.42481721739264,2242700
2024-12-13,227.13043212890625,229.60491234979511,225.3905586145108,225.3905586145108,2715600
2024-12-16,225.11024475097656,227.22708955703186,223.83434738442168,226.2218227842892,2839500
2024-12-17,222.2008056640625,224.74293982507422,221.66917560219358,222.97406966416418,3642400
2024-12-18,217.0391845703125,223.38971932984785,216.91353727876432,222.12348253280663,3582400
2024-12-19,215.6956024169922,219.03036594688405,215.60861243335972,216.92318182148767,2785300
2024-12-20,218.75973510742188,220.29661724970828,214.4487159499101,215.6666200486731,5949400
2024-12-23,219.5426483154297,219.9196196402399,217.25180895783183,218.0927563355345,1939300
2024-12-24,222.0751495361328,222.32645886794637,219.0690391961925,220.12262396107127,669000
2024-12-26,222.5391082763672,223.09007437112732,220.90556076616133,221.07955549310975,1021700
2024-12-27,222.24911499023438,223.9889884211747,220.67357563946643,220.94422097882773,1455900
2024-12-30,220.1806182861328,221.9591638893266,219.20436286870807,220.55758966009543,1659700
2024-12-31,220.42225646972656,221.8334912697897,219.36867175031236,220.38359916998715,1784700
2025-01-02,221.4661865234375,222.9160786623372,220.7025831532058,222.2974586063693,3177200
2025-01-03,223.76669311523438,224.6076258599404,221.20522283017235,222.13314556590328,1994500
2025-01-06,222.3264617919922,224.53997211513067,221.26321637504412,224.45298212402025,2798800
2025-01-07,222.8387451171875,224.76227396158458,222.09447778588893,223.2833851876694,2752700
2025-01-08,224.07601928710938,224.34666465803437,221.35987544114587,221.96883490026033,2062800
2025-01-10,217.68679809570312,222.3264408398081,217.2324974084076,221.17620554014852,2711300
2025-01-13,219.1850128173828,219.43633688331917,215.06732463074516,216.2562320034601,2278100
2025-01-14,221.71749877929688,221.91081477103035,220.02595804076563,221.18586874023126,1823400
2025-01-15,223.14808654785156,225.50658032993758,222.74211848276465,225.2165989265707,1892300
2025-01-16,227.04342651367188,227.27541454931267,221.90115042401587,222.59708503280925,2296900
2025-01-17,226.43447875976562,231.26745246567847,224.44329595277998,231.26745246567847,3643700
2025-01-21,228.8219757080078,229.4115991075046,227.14011024808286,227.72005826048033,2630500
2025-01-22,227.9230499267578,229.08296070201817,226.3378350924533,228.82197598413822,2757500
2025-01-23,239.7638397216797,241.3297185559815,233.97393164135082,238.41059817124992,5226200
2025-01-24,240.4694366455078,242.13198076722796,237.50199848286445,239.21286054201258,4048500
2025-01-27,245.92103576660156,248.26019330352253,241.6486887199212,242.25764813519635,4537400
2025-01-28,240.8367462158203,247.7188959665539,240.4984321610465,245.5150611643737,3167200
2025-01-29,241.21372985839844,244.53881825537795,240.7400931073995,241.35871317550738,3026900
2025-01-30,241.57135009765625,243.22423355464838,238.8165640014226,241.0493954396437,2490500
2025-01-31,239.51251220703125,243.62053999047947,239.38686491596107,240.36312032659922,2987200
2025-02-03,234.90187072753906,238.44927184800554,229.15063465893027,234.1382525815825,3962300
2025-02-04,235.36581420898438,237.32800030973368,234.24456079453768,234.58287484600407,2895100
2025-02-05,236.31307983398438,237.03802589490058,234.88252373684804,236.0714311470123,2436900
2025-02-06,235.37547302246094,237.5309898496667,234.66020237494288,237.16367913938566,1574500
2025-02-07,233.99325561523438,235.96510238838738,232.74634014549474,235.83945510198876,2185500
2025-02-10,236.16810607910156,236.3324254230047,233.50997041483464,235.62681535822867,2315000
2025-02-11,239.4545135498047,239.70583762448157,235.713796582912,236.61272262184434,2584800
2025-02-12,240.2084503173828,240.90439970080678,235.22083273493124,235.22083273493124,2656900
2025-02-13,242.58628845214844,243.42722117487816,239.08722013552855,240.84641493178904,2279800
2025-02-14,240.89474487304688,244.74178784987555,240.77875822270056,243.08891908617895,1696300
2025-02-18,242.77960205078125,243.36922543936873,240.14080250798534,241.64868796101157,1709300
2025-02-19,238.806884765625,241.89998486285134,236.2357393179981,241.3103615045469,2488500
2025-02-20,239.377197265625,239.4545266198183,237.1443656286586,238.34294849505537,1425400
2025-02-21,237.34735107421875,239.46419600133643,233.73228128894814,238.52659788522436,3292500
2025-02-24,234.2349090576172,237.78231004325266,234.1285830444645,237.04770333814847,5576700
2025-02-25,237.67596435546875,238.61356237136553,234.6601936852399,234.77618032669045,2911600
2025-02-26,237.2797088623047,239.6768748027196,236.60309539084383,237.71467361188186,2477000
2025-02-27,236.8833770751953,239.03887918893972,235.62680097895748,236.806047727066,3012400
2025-02-28,239.76022338867188,240.16842337169746,235.67820872826232,238.03994037937184,3252600
2025-03-03,238.90493774414062,242.68566298411864,236.92225000213432,241.36386621272985,2218000
2025-03-04,234.73545837402344,237.1652307968205,234.0842811443323,236.82505672556732,3037800
2025-03-05,236.76675415039062,238.16630549543464,234.41473612947394,235.02704355046933,3051700
2025-03-06,238.380126953125,238.5842195402682,235.0561999196872,236.4654650176714,2311100
2025-03-07,242.30662536621094,243.2979766779891,238.0788302024334,239.17707726503508,2835800
2025-03-10,241.31527709960938,244.20184799227604,239.20623636657743,240.66409985458466,2420700
2025-03-11,231.1005096435547,241.12088857553687,230.76033557796436,240.4988674388617,3357900
2025-03-12,230.81866455078125,231.70309043461972,227.44613926876332,230.04113441573477,1927500
2025-03-13,227.7085418701172,231.40179885425565,226.96018265468496,230.48820206642546,2399900
2025-03-14,230.8575439453125,231.06165136090024,228.31114710697202,229.02063652564047,2116800
2025-03-17,231.1782684326172,232.78191230268723,229.3413610706544,230.78951077628324,2139000
2025-03-18,230.42987060546875,233.2581289785705,228.91369513993243,231.78082334259688,2184200
2025-03-19,229.74957275390625,231.44069978836657,228.30142297456152,230.35215160094344,2058300
2025-03-20,228.19451904296875,229.31222334718422,226.707499384714,227.69885076693555,2869500
2025-03-21,227.31008911132812,227.66969070745768,224.8414318655793,226.53255891982877,4167700
2025-03-24,228.59300231933594,231.14912782986866,227.31009010339457,230.30357171413107,3291100
2025-03-25,229.16641235351562,229.895344090057,227.75714729556648,228.59298961334008,1849000
2025-03-26,231.34349060058594,232.04326624436345,229.06922717338597,229.23444991842317,1709900
2025-03-27,229.34136962890625,231.63507547923956,228.068171202224,231.63507547923956,1913900
2025-03-28,225.628662109375,230.05085090176178,225.4925954463856,228.99147368061895,1918000
2025-03-31,229.603759765625,231.41151088047772,223.81117630002788,224.08330960074528,3478100
2025-04-01,230.5076446533203,230.99359912992557,227.27118605951082,228.06815851961724,2367300
2025-04-02,231.7613983154297,231.80998189536325,228.0195431910843,228.5346537116619,2023600
2025-04-03,217.67845153808594,226.4353459521822,216.81345315458543,224.85114442766226,5754800
2025-04-04,207.26931762695312,215.52083075901783,206.57927050979308,213.81998993002895,6784500
2025-04-07,204.07174682617188,210.16562079411898,199.03725017600485,205.17972256305723,5055900
2025-04-08,202.4194793701172,211.6137296505253,198.91088749859057,211.4193508282834,5126200
2025-04-09,217.25082397460938,218.38795575844264,200.58259006632986,200.8158387418927,5361000
2025-04-10,213.15908813476562,215.4625077097829,208.18290399042385,215.1612182938284,5088800
2025-04-11,212.44956970214844,214.08238441817025,209.05761702371223,212.61479244082656,2965000
2025-04-14,216.0261993408203,216.99810825875065,213.1299000876776,214.93765126823416,3197700
2025-04-15,213.89773559570312,218.0089065343269,213.4214948444071,216.53160069431345,2807000
2025-04-16,210.5155029296875,214.34481207055975,209.35892880512137,213.52841204033246,3293600
2025-04-17,214.0726776123047,215.9970681694464,211.19583518834628,211.39021402831835,4545800
2025-04-21,209.98094177246094,212.82862801525894,207.3665041976492,212.03167034938184,3379600
2025-04-22,210.8070526123047,212.47873725052114,208.92156164143654,211.90531450942999,3353300
2025-04-23,213.6061553955078,218.27132148645092,212.1968903342214,215.09317495516126,3879500
2025-04-24,209.3977813720703,209.76711152059013,200.82555210133182,202.40003986265742,5205100
2025-04-25,207.2984619140625,208.72716931551454,205.626792095309,207.98852382210467,3454900
2025-04-28,206.63755798339844,208.66884408572741,204.87840519477126,207.07491403540826,3053300
2025-04-29,208.5133514404297,208.92156627313025,205.35464717367984,205.35464717367984,2886400
2025-04-30,209.60189819335938,209.9129013612252,204.616000284986,207.4734151136408,3139100
2025-05-01,208.06626892089844,209.44637784447795,206.59869175142353,209.44637784447795,4458500
2025-05-02,212.15802001953125,213.4409470841285,209.77684581283447,210.72932735963732,2926800
2025-05-05,210.44744873046875,212.64395767052224,210.18502915532412,210.70986830561338,1895600
2025-05-06,207.21099853515625,210.14616790586214,207.01661969865324,208.7271742220963,2265100
2025-05-07,207.84274291992188,208.87296407390167,206.72503868614527,207.73583233808506,3277100
2025-05-08,210.7487335205078,212.77030591959624,207.8621627476408,208.87295636226185,3335500
2025-05-09,210.24337768554688,211.60404445500973,209.077074934401,210.65157771638573,2172900
2025-05-12,224.38461303710938,225.03579024962698,220.15681803103465,220.68164233524988,4965900
2025-05-13,221.83824157714844,225.47318677799134,221.6341341505386,224.52070522735247,3028100
2025-05-14,221.92568969726562,222.33388968329368,216.87176604100588,220.9537807314405,3253000
2025-05-15,224.3651885986328,224.94832507459273,221.29395273605448,222.8101283357655,2607600
2025-05-16,224.91917419433594,225.45372709894457,223.65568955530304,224.83170594544202,2006800
2025-05-19,223.0531005859375,223.60709579736968,221.75074617225425,222.64490061284963,2509400
2025-05-20,221.91598510742188,223.43216078387397,221.41058827188633,222.22698827764447,1982900
2025-05-21,217.33827209472656,220.51641847625473,217.20220543653457,219.2918185525267,2183600
2025-05-22,216.60934448242188,218.0477804163696,215.69574769009537,217.0855852101665,2848900
2025-05-23,215.87071228027344,216.74542446319225,213.82969741325664,213.9366079982938,3227900
2025-05-27,218.04779052734375,218.64065561176062,216.4830164409421,217.37717094314954,2613300
2025-05-28,215.938720703125,219.1168670824859,215.7249143805292,218.67951102646367,3073200
2025-05-29,216.25946044921875,217.30912392067634,213.59643935196254,216.1914345327241,2980600
2025-05-30,216.7386016845703,217.62840100783515,215.408796461671,216.01502614916714,4179600
2025-06-02,214.03009033203125,215.11544613432739,212.5633941083881,213.92253201216386,4587000
2025-06-03,216.8559112548828,217.43280815358662,212.7296049366878,213.00338702149654,6229300
2025-06-04,215.96612548828125,217.2372652013152,214.4896566588374,216.92437776487924,3976800
2025-06-05,215.75100708007812,216.8363628750808,214.52876023525556,216.04434930683664,3084600
2025-06-06,218.46929931640625,219.18310226992384,217.2177196466856,218.01952079885388,2953400
2025-06-09,219.1635284423828,220.25865685493508,218.2932892745499,218.99730465976367,3128500
2025-06-10,221.5689239501953,224.11118854962015,218.40085461490528,219.51554319065445,3122200
2025-06-11,220.7084503173828,221.9795900365466,219.6426546356247,221.9795900365466,2655100
2025-06-12,220.4835662841797,220.4835662841797,218.54751646861163,219.58399436381745,1939200
2025-06-13,218.41062927246094,220.46401005130826,217.82395970708043,218.7137441192418,1670100
2025-06-16,219.66220092773438,221.16801742279708,218.80174927913285,219.06574385995086,2659500
2025-06-17,215.6923370361328,219.0364025421188,214.77320504115323,218.80174070170193,2767900
2025-06-18,217.080810546875,217.20792899214445,215.35989237402117,216.07368034821553,2414500
2025-06-20,217.56971740722656,218.81152441584078,216.29859258707668,217.66750312570235,4274300
2025-06-23,220.8649139404297,220.95291213855916,216.8950583002973,217.4915004787348,2665300
2025-06-24,222.84983825683594,222.96716918583058,220.82579021164122,222.49783054984584,2777100
2025-06-25,221.7742462158203,221.96003012603418,220.46400116063538,221.87203193277676,2005400
2025-06-26,224.29696655273438,225.1281003906399,221.83291269024318,222.3707042959464,2960200
2025-06-27,226.27210998535156,226.53610455269794,223.98406754832013,223.98406754832013,7430700
2025-06-30,224.97164916992188,226.8490185676674,224.7076396689872,225.8125556114126,3579000
2025-07-01,230.3397674560547,231.84556906229867,224.33607639893572,224.52186031373333,2687500
2025-07-02,231.89447021484375,232.13891960200226,229.3032977589597,231.01444346906922,1752100
2025-07-03,231.03399658203125,233.8793909429541,231.03399658203125,232.41269466454102,1327600
2025-07-07,230.1246337890625,232.23666492316872,228.63837750061342,230.4961866711711,2580900
2025-07-08,231.28822326660156,233.55672071825646,229.10773893264493,229.83131448257066,2574300
2025-07-09,231.2393341064453,233.1851415654777,230.95576447874345,232.06068041839885,2432800
2025-07-10,231.73802185058594,235.39499009824908,230.35932370940742,231.9042456454788,2630100
2025-07-11,229.8802032470703,231.04376976472068,228.8730729936379,230.38864721578932,3211700
2025-07-14,228.12994384765625,229.64553303312354,226.26234694762883,228.8828521382444,1973400
2025-07-15,226.00811767578125,228.81439177756823,225.91033195599525,227.86592699166698,2419300
2025-07-16,226.04721069335938,227.76814377977297,224.60007462342497,226.84901177589393,2356500
2025-07-17,222.4391632080078,225.22587718815456,221.71558767196655,222.44893581200614,5211300
2025-07-18,219.8773193359375,223.34850344944329,217.40349285132763,223.34850344944329,5794500
2025-07-21,220.8355712890625,222.27293480731188,219.9262118558816,220.952902214632,2814100
2025-07-22,224.15028381347656,225.41163590855305,220.98221483141748,221.74489561820872,3806300
2025-07-23,225.8712158203125,226.02766699648717,222.26314076481316,224.34585415262293,3740100
2025-07-24,215.6239013671875,225.53876707504176,214.342989074004,220.98222730294958,9784100
2025-07-25,219.75021362304688,221.25601519523752,216.2594694165964,218.12706620626588,8254700
2025-07-28,224.15028381347656,225.8418691564875,219.82842104832457,220.21953404462622,6858400
2025-07-29,218.80174255371094,225.264984383322,214.26476292051987,221.36356713331296,19091000
2025-07-30,220.27822875976562,221.5395959423833,217.56972539461577,220.8355805195284,8361200
2025-07-31,217.04171752929688,218.81152865999294,215.89769621696857,217.54038889518168,5546800
2025-08-01,214.5287628173828,215.92702098309246,213.77586949431398,215.65323888015732,4637300
2025-08-04,217.1297149658203,218.43996006219191,214.75367415314673,214.98833600920963,4181100
2025-08-05,218.01951599121094,218.43996176660832,216.67015062829614,217.78483921331082,2430000
2025-08-06,220.45423889160156,221.26579771636148,217.4817260288425,218.8995294711424,3135700
2025-08-07,217.71640014648438,223.33873590617483,217.1688359205677,222.12626160592632,3113700
2025-08-08,217.3057098388672,219.47642136327312,217.17859139644546,217.93149960770464,2345500
2025-08-11,214.77320861816406,218.80174434580735,213.834531400853,217.75549388984012,4419600
2025-08-12,213.9420928955078,216.29858841729055,213.33584830865567,215.41856172799123,3224200
2025-08-13,218.22483825683594,218.53774061753316,213.66831325922732,214.5678851662232,3096800
2025-08-14,216.60169982910156,217.4523788539812,214.43098825112804,217.23726221688435,6245600
2025-08-15,215.8781280517578,218.69418958957402,215.51634775585984,218.31284916632853,3739200
2025-08-18,215.19366455078125,216.47457682286844,214.04964332487123,215.7998941952793,3188400
2025-08-19,218.80174255371094,220.02398938291117,215.17410739984234,216.0150138151323,4899200
2025-08-20,220.66932678222656,221.8426956870921,219.45686746320678,220.00443166147448,4521500
2025-08-21,220.2977752685547,221.15822690550934,218.56706955103454,220.47377165338443,3435500
2025-08-22,222.79116821289062,226.18412675996822,217.24704321175363,221.6569195225695,5317300
2025-08-25,218.36175537109375,223.8667454154384,216.2203763558308,223.16272998795452,5993000
2025-08-26,217.7946319580078,218.0390813458443,215.46746901140224,217.6186206403621,3758000
2025-08-27,216.04434204101562,218.0488297831125,215.51633798661206,217.5599310616257,3464900
2025-08-28,217.41326904296875,219.86753527202853,215.93678534420735,219.29063835715073,6299300
2025-08-29,219.971435546875,220.10918151327377,217.63957274066004,217.83635054791765,5012800
2025-09-02,218.41685485839844,219.18429877907826,215.80950024459528,218.63331493994235,3955400
2025-09-03,218.1905517578125,218.91864614298936,215.2290060394558,217.85602799158963,5881000
2025-09-04,219.4696502685547,219.88288819673878,216.96069176376486,219.07609462643234,3601000
2025-09-05,216.76390075683594,219.57786696507327,215.34707651028504,218.59396290643343,4001800
2025-09-08,213.7629852294922,216.5572840987832,212.78892984332495,215.78984015257333,4131200
2025-09-09,212.5724639892578,215.11093813217514,212.1788933780398,213.979439514755,3111200
2025-09-10,211.72630310058594,212.59214342046366,207.4463147167709,211.53935893941383,5004700
2025-09-11,212.5626220703125,213.29071646422898,210.71289268516975,211.31307474974278,4126700
2025-09-12,211.45082092285156,212.79876465396356,210.4472345979647,211.7164642042636,6207200
2025-09-15,212.7692413330078,213.56620117589142,210.87031380743906,212.53309896678226,4484400
2025-09-16,212.5232696533203,215.49466401605363,211.972285800773,214.92399787929133,4425900
2025-09-17,213.67445373535156,216.13421400998587,212.6512000669052,212.82829560034995,4797500
2025-09-18,216.81309509277344,217.00003926268798,213.29071682412723,213.97944665024593,4349300
2025-09-19,217.05906677246094,218.0921689976195,215.69144078317373,218.0921689976195,8632100
2025-09-22,222.21473693847656,225.31402870800727,215.7209641669458,217.0984238393629,8136000
2025-09-23,224.3104248046875,225.31401106640382,221.8211489402487,222.21471953954102,5183000
2025-09-24,226.65213012695312,228.32476395447316,224.71383801095197,225.63871018973634,5925900
2025-09-25,228.2657470703125,228.7576991114123,226.77020866167732,227.33104119485984,6034400
2025-09-26,231.41424560546875,231.70941984357535,228.05912895913403,228.28543771582082,4940900
2025-09-29,232.37844848632812,233.53946305801298,231.30599668808242,231.95537695632052,5097300
2025-09-30,232.56539916992188,233.18526353543766,231.04035987886647,233.18526353543766,3797500
2025-10-01,230.96163940429688,233.4312331362076,230.23354501105408,232.1226389634088,3950800
2025-10-02,230.74517822265625,233.17542238732537,229.7612741888043,231.65036813221798,3873400
2025-10-03,232.98849487304688,233.91336713308803,230.74519471656566,231.07971850882325,3176600
2025-10-06,233.58865356445312,234.39544704216127,231.70939331065907,233.18524931900723,3261100
2025-10-07,228.1280059814453,234.38563667868038,227.5376575142177,233.95271647113813,3024100
2025-10-08,228.9052734375,229.97774027237568,225.53048971974212,226.4750292094792,3580300
2025-10-09,227.81314086914062,229.7219171595692,226.41599889679856,228.9938377590609,2331300
2025-10-10,221.8211669921875,230.09580372756056,221.59487326241805,228.80689181300022,2762700
2025-10-13,222.21473693847656,223.74962486293688,221.20131696237303,223.0805622983454,2079700
2025-10-14,223.4249267578125,224.1825370572249,219.7352866812498,220.3157864501315,2306200
2025-10-15,222.08682250976562,224.33012253405138,220.9750061333384,223.48396445379032,2483700
2025-10-16,220.43385314941406,223.83816771251307,219.62705964847083,222.6279699545062,2971200
2025-10-17,222.4016571044922,224.98932947001904,221.2013080174594,221.4866335762134,3237300
2025-10-20,223.6414031982422,225.52066361783247,222.1655470596878,223.01170517965303,2922100
2025-10-21,222.89361572265625,224.47770183544998,221.791647996603,222.64763971143478,2727700
2025-10-22,221.6145477294922,225.1664418560022,221.58503180983237,223.33637977117354,3756800
2025-10-23,216.4982452392578,222.30328826773692,215.57338802332714,219.68609983496046,5148500
2025-10-24,213.12344360351562,217.70843979425143,212.5232615698512,216.96066315436457,4128600
2025-10-27,214.71739196777344,215.40612184934122,212.91684562605565,214.6878760452195,4692000
2025-10-28,214.08767700195312,217.35424562934406,214.0581610817332,214.84528731836102,2782500
2025-10-29,212.88731384277344,214.64851049426682,212.06083804646698,213.15297213915207,3587900
2025-10-30,215.3077392578125,216.75407950772106,212.22811457406112,212.57248701953853,2806900
2025-10-31,216.82293701171875,217.43296774945821,212.85780477574386,213.9991371101624,2586300
2025-11-03,215.2978973388672,217.44280102043237,214.52060471064146,216.39986510090546,3552700
2025-11-04,217.354248046875,217.57070813968483,213.95978206517074,215.09126572134403,2737800
2025-11-05,213.8810577392578,217.77730919765264,213.78266133333338,216.21290543046658,2707600
2025-11-06,214.4812469482422,215.04206444383053,212.83812900406699,213.43829605542928,3429800
2025-11-07,217.91506958007812,218.11184739176642,214.68786542619898,215.6914517829494,3735400
2025-11-10,220.2764434814453,221.0242051545741,217.18698536548845,217.50182685458003,4095300
2025-11-11,221.18162536621094,221.28000675970793,219.84351530654453,220.88645115935233,2698000
2025-11-12,219.95175170898438,223.40524949349896,219.9123871399002,221.18163176213997,1945700
2025-11-13,217.91506958007812,220.02062369283078,217.393601623171,218.8104258884223,2682200
2025-11-14,219.43028259277344,220.6207980704714,216.87212609063127,218.15120434170237,2886400
2025-11-17,217.44281005859375,220.0895145378872,217.31489771904583,219.26303868200546,2921100
2025-11-18,217.26568603515625,218.3971696171175,216.35064751862416,218.1413599847496,3863100
2025-11-19,217.6100616455078,218.41687019029382,216.4293797625974,217.74780761496095,3396500
2025-11-20,217.6494140625,219.88286537012127,216.90163740163663,217.99377146031208,3955100
2025-11-21,222.57876586914062,223.77912995983843,218.12168191438934,218.74154624358778,3595600
2025-11-24,220.88645935058594,222.94281521309085,218.91865124946713,222.94281521309085,4483200
2025-11-25,225.4419403076172,225.75678179749715,221.6342214162525,222.10650617084906,2582500
2025-11-26,226.9473114013672,228.09847733638395,224.753194563998,225.31402707790028,3233700
2025-11-28,228.09848022460938,228.7183445871535,226.76037010134843,227.2129575619485,1207600
2025-12-01,227.6360321044922,230.351601764368,227.41957202147486,227.73442851065778,3463000
2025-12-02,228.5018768310547,230.04659834791286,225.67806206217952,227.8623302050462,5190100
2025-12-03,231.44374084472656,232.063605188037,228.60025879767525,229.03317897311848,3576500
2025-12-04,233.4705810546875,233.89366759513507,230.54839989293825,231.92585953191715,3162200
2025-12-05,232.87680053710938,234.61861111628275,232.55021105351437,233.32214434164538,2494700
2025-12-08,233.00546264648438,234.9056072990348,231.70901096435415,232.3423925152043,2461800
2025-12-09,229.1655731201172,232.3423870606021,229.10619596065135,231.7386941043545,3785200
2025-12-10,233.02525329589844,234.3217049403566,229.45258157824333,229.6109156355995,4938300
2025-12-11,233.6784210205078,233.75759560100164,230.32347556474338,231.3824185902153,2888600
2025-12-12,237.46881103515625,237.50840587455897,232.79761665207556,233.37162101536165,2928000
2025-12-15,237.9834442138672,238.67620291073675,235.6775355434959,237.5183029957533,3289100
2025-12-16,233.44091796875,239.0225976686331,232.72836182825364,239.0225976686331,2755700
2025-12-17,234.29202270507812,235.47961122294566,232.10486831135782,232.85700418243889,2530100
2025-12-18,231.99600219726562,235.54887654586625,231.6595215566699,234.35139688344995,3053400
2025-12-19,231.80796813964844,233.06484008302795,229.64061115965782,231.99600588326513,4721900
2025-12-22,232.1840362548828,232.7877292068495,230.1057450822744,232.3126968334844,2095600
2025-12-23,231.72879028320312,232.7976244678608,230.8381026798253,232.25330866534895,1980700
2025-12-24,232.61949157714844,233.03514679627165,231.4022144996442,231.4022144996442,921900
2025-12-26,231.02613830566406,232.51062769837418,230.3234733486715,232.23352421981554,902500
2025-12-29,232.1048583984375,232.23351897522238,230.67974619745834,231.02613308833762,1554100
2025-12-30,230.6500701904297,232.20384305288542,230.51151844672722,231.56055523490392,1884300
2025-12-31,228.92807006835938,231.07562962714948,228.77961206506527,230.72924272047055,1768600
