Price,Close,High,Low,Open,Volume
Ticker,UPS,UPS,UPS,UPS,UPS
Date,,,,,
2021-01-04,127.20987701416016,130.891034300663,125.71877367845528,130.78230838608772,4304000
2021-01-05,125.43917846679688,127.37294717115792,125.21395290549745,126.34004516129039,3967000
2021-01-06,125.06640625,126.68954491315878,124.26649162544047,124.47618154991056,5061400
2021-01-07,123.48212432861328,125.7110117115256,122.81423311924149,125.51685742799005,6024300
2021-01-08,123.00838470458984,124.18107228533638,122.2938983788797,123.56754997692593,4844800
2021-01-11,125.70321655273438,125.76534732905812,122.50355859858193,123.3811276698493,6127800
2021-01-12,127.29530334472656,127.7146713370798,124.20435895755918,126.0993064531432,4612100
2021-01-13,126.67401885986328,127.71468295613533,125.77314015701428,127.01573228854649,2643000
2021-01-14,126.95361328125,128.6000379356561,126.75945898331578,127.13223191728288,2625000
2021-01-15,123.40446472167969,126.56530232111803,122.86860882359096,126.37890993249736,4816300
2021-01-19,121.36972045898438,124.10341599200233,121.19110184255094,124.02574954125564,4537400
2021-01-20,124.13447570800781,124.4839510365868,121.17556642234294,121.85899326951011,3029800
2021-01-21,124.33641052246094,125.57899085299182,123.65298363801473,123.7461739039893,2002800
2021-01-22,123.4743423461914,124.60819654153943,122.23951229751087,123.01612930537367,3131600
2021-01-25,125.61779022216797,127.47390423737642,123.5675219716857,124.03349687643652,3938100
2021-01-26,125.36927032470703,126.40217230485352,124.63926033557212,126.10706591783624,2962400
2021-01-27,122.43367767333984,123.94809045645425,121.92111940775997,123.87042400851745,2821500
2021-01-28,122.13855743408203,123.77721975831585,122.08418855662536,123.53647038725883,2565100
2021-01-29,120.37567901611328,122.47254331279771,120.18928660187314,121.94444924780963,5007900
2021-02-01,121.35420227050781,122.04539112081396,120.3057761359023,121.30760713344601,4783000
2021-02-02,124.48396301269531,127.52053904139763,121.87452880456608,126.7439218586239,10758300
2021-02-03,124.03353118896484,125.4003731173303,121.81240564897263,124.79461268371763,4559200
2021-02-04,126.01387786865234,126.1303775359256,122.56570813174821,123.66072916260826,2811100
2021-02-05,127.66030883789062,127.78455855422877,125.59450473199045,126.58857356410695,2560300
2021-02-08,126.93804168701172,128.50681128831545,126.4410072990051,127.70689675527719,2242200
2021-02-09,129.63290405273438,130.161009757888,126.41771025005123,126.97687542010348,3073600
2021-02-10,128.65438842773438,130.65028816293164,127.78456923922411,130.4250744236415,2943700
2021-02-11,126.09931945800781,129.1358952768003,125.18291693379723,128.91844342867452,3188400
2021-02-12,126.8914794921875,127.23319294453329,125.84304156796632,126.1769931146634,2563800
2021-02-16,125.61779022216797,127.3418807794183,125.0974582936622,127.32634512253085,2867700
2021-02-17,125.0353775024414,125.74210204542557,124.18109378562112,125.1052702110252,2845400
2021-02-18,125.90515899658203,126.29346754206888,123.18699917817405,124.10341350764594,3595900
2021-02-19,125.46749114990234,126.82736490687479,125.29556460272504,126.08490982601796,3081700
2021-02-22,126.2959213256836,127.00710832724478,123.49020471028871,124.82663333184841,3894800
2021-02-23,125.67852020263672,126.15525656975068,123.30266134169797,125.02203429800096,4385800
2021-02-24,125.10016632080078,126.53036319766832,124.32644328596344,125.2642817999924,2963400
2021-02-25,123.0994644165039,125.27995181143203,122.72433128817596,124.2639548271628,2617100
2021-02-26,123.34952545166016,124.44366839510015,122.38041889799639,123.93567601248809,3492800
2021-03-01,126.19428253173828,127.12430980100805,123.93564998862361,124.69373884213286,3271500
2021-03-02,126.11618041992188,127.52294448078118,124.95951304777824,126.42880128081644,2653600
2021-03-03,125.38153839111328,126.74141232679807,124.95170407878419,125.50658673755326,2635100
2021-03-04,124.61563873291016,126.05365894803055,123.13072836896775,125.09237512137871,3710400
2021-03-05,128.4842071533203,129.0938028252132,124.32645175206962,125.44403984211843,3671700
2021-03-08,125.72541046142578,129.914434501111,125.63944121727069,129.13290025434335,3176400
2021-03-09,127.60106658935547,129.0703424815885,125.99110836819085,125.99110836819085,2551000
2021-03-10,129.13287353515625,129.87532853090914,127.96057240756836,128.44513164948404,2511700
2021-03-11,130.7037811279297,131.82918033482886,129.25793811850022,129.81283263584373,2906700
2021-03-12,131.0554656982422,131.399342637996,129.6877809130263,130.21140737119146,1914800
2021-03-15,127.10871124267578,131.2430215698163,125.8426297600277,131.21957649978685,4535900
2021-03-16,127.24940490722656,128.29665787924557,126.1630609146619,127.21813686089628,2397800
2021-03-17,125.55342102050781,126.4131131131749,124.70155189930401,125.65502424743975,3644100
2021-03-18,125.20175170898438,125.93639561982545,124.21702310471028,125.39713522036708,2964900
2021-03-19,124.4905776977539,129.14071573644068,124.02166433205866,126.1630604117912,14934200
2021-03-22,125.8739013671875,126.38971682183578,123.90443176551784,124.80320328654427,3893900
2021-03-23,124.93604278564453,126.73357361627383,124.44367248229342,124.88915264728044,2920800
2021-03-24,124.97512817382812,126.81954923576626,124.81100075601896,125.0923535256456,2285300
2021-03-25,127.58547973632812,127.89808869911258,124.02949613963423,124.65472599047067,2944500
2021-03-26,131.28211975097656,131.3759119699969,128.00748934104496,128.5623839047113,3135500
2021-03-29,131.40716552734375,132.05584037210005,130.25049820098204,130.99295333766153,2702600
2021-03-30,131.79791259765625,132.85298842238004,130.8288060025415,130.95385432293003,2401100
2021-03-31,132.85302734375,133.6423727375832,130.98516073980852,132.25905361052276,3688400
2021-04-01,133.86119079589844,134.5333107550724,131.94643419106794,133.00149831604796,3615000
2021-04-05,134.38482666015625,135.23669622414192,133.728340680127,134.50206396569064,2315900
2021-04-06,135.18197631835938,136.0104006916731,133.822102469075,134.494222381903,2465600
2021-04-07,134.38482666015625,135.47898188547262,133.79867590828707,135.15072697019042,2079700
2021-04-08,135.22105407714844,135.39299255956166,133.84554621784267,134.8459090653746,2029100
2021-04-09,137.50314331054688,137.51095436026102,135.06476016985258,135.41644821125783,2579800
2021-04-12,139.56639099121094,140.15254169213006,136.57311331415204,137.11237386704028,3024000
2021-04-13,140.22286987304688,140.61363698737102,138.0814617934548,139.0740136029126,2465400
2021-04-14,137.71414184570312,140.20722583988442,137.46404518626264,139.75394651386242,2591900
2021-04-15,140.39479064941406,141.3404521939195,137.94858500619904,139.77738393377226,3139200
2021-04-16,140.4495391845703,141.6062066497213,139.84775441356712,141.24669561210098,2820500
2021-04-19,139.15997314453125,140.60581613685036,138.8473642449696,140.60581613685036,2614200
2021-04-20,140.43386840820312,140.55891672989162,138.20649138852613,139.0349156504998,2642500
2021-04-21,139.55859375,140.31667109361675,138.77705940478037,140.1994457119409,3204400
2021-04-22,138.73013305664062,141.29356430647908,138.495682334305,138.9567846552526,3077900
2021-04-23,139.8633270263672,140.91839074962957,138.5894228163395,138.9958238271005,2407100
2021-04-26,137.4014892578125,140.55889326438245,136.53398604947787,140.50418016080366,3972900
2021-04-27,151.71925354003906,154.18108175108136,148.26487345466518,148.6947077683032,14666500
2021-04-28,155.03292846679688,155.07981860864595,151.69578616904397,152.70395999459421,6308800
2021-04-29,159.21414184570312,159.82373754343683,154.48585773870494,156.22086454772088,6950000
2021-04-30,159.32357788085938,160.8163112091323,156.1661846549484,157.6276499340519,5931200
2021-05-03,165.84153747558594,166.76375393608035,161.87134272461057,162.10580534509316,7286100
2021-05-04,167.4906005859375,168.264323774414,164.7943098507246,165.37264947976155,5775400
2021-05-05,167.65472412109375,168.61600787208963,166.27921626248155,167.97514408791517,4187000
2021-05-06,167.85794067382812,168.02987917863697,165.73998934000528,167.96735500186398,4470100
2021-05-07,169.98367309570312,170.64015890214722,167.09199920280614,167.77193007910432,2644100
2021-05-10,168.91294860839844,171.61704959222064,168.6237729168706,169.98364638101322,3566300
2021-05-11,167.50619506835938,168.0298214530186,165.3726104420064,167.19357429189347,3088500
2021-05-12,164.6692657470703,167.13110581450442,164.4035469614602,165.6852626673479,2667100
2021-05-13,168.55343627929688,169.51471975982605,165.00527716787897,165.04434432765288,3208000
2021-05-14,169.10836791992188,170.18687696788783,168.1158161826044,169.44442188968802,2333700
2021-05-17,169.03802490234375,169.55384033040053,168.02985104320132,168.42842918746408,2071200
2021-05-18,167.24046325683594,169.60851029879672,167.22482923792103,169.60851029879672,2041500
2021-05-19,167.52191162109375,167.6000579097629,164.62241360785842,165.68530092096597,2141100
2021-05-20,167.20143127441406,168.56129317153955,166.26359260478063,167.5140401892033,2716600
2021-05-21,166.37692260742188,168.74846661409163,166.30625043066604,168.1909137052029,3927700
2021-05-24,167.60189819335938,168.46570889148165,166.91871008454902,168.11233614493813,1981300
2021-05-25,166.07847595214844,168.9525848000279,165.82718119911343,167.54694222021755,2414300
2021-05-26,167.9003448486328,168.21446334580278,166.3533456994577,167.23286550913812,2376300
2021-05-27,167.10719299316406,170.29542037025996,166.47896807564516,168.2851102201144,5110200
2021-05-28,168.5206756591797,169.51797016326503,167.2877833593557,167.9160082008154,2128000
2021-06-01,167.49197387695312,170.0519883534418,167.4291621685086,169.29811604577552,1865300
2021-06-02,166.40829467773438,168.27724851587382,165.6936886896019,168.27724851587382,2486000
2021-06-03,166.4632568359375,167.40558820787663,165.01049946572948,165.73295391696257,2172400
2021-06-04,165.4031219482422,167.5783335515395,163.83256582505103,166.80091593929092,2943900
2021-06-07,167.20143127441406,169.15677828699407,165.15185471311986,165.37173164838256,3444300
2021-06-08,164.71990966796875,167.49980050994895,164.56285646377805,167.146427804922,3402000
2021-06-09,157.8880157470703,164.0524537374034,154.6997885201327,163.38496254727806,10560600
2021-06-10,159.56851196289062,160.4637285425008,158.04507048932396,160.33023269967396,4880000
2021-06-11,159.56851196289062,161.1704860415993,158.49268477032567,159.9297451711934,2699200
2021-06-14,157.91160583496094,160.01615784801743,157.14203647862624,159.37222390937322,2157500
2021-06-15,158.89317321777344,160.08679932495482,156.48237560060375,158.19427616458296,2414900
2021-06-16,157.3854522705078,159.0031234130957,156.5137930065782,158.36705000095137,2102900
2021-06-17,155.5243377685547,157.44826681192242,153.49831873278836,157.44826681192242,3068700
2021-06-18,155.30447387695312,156.74153442924126,153.5297374658459,154.1265565700672,8170500
2021-06-21,159.66278076171875,160.66007551951571,156.25466402405303,156.5530735957,3638000
2021-06-22,161.29612731933594,161.861528546286,158.7361248623741,158.79894855230117,3460700
2021-06-23,160.2124481201172,161.9950208554871,159.86692382426244,161.17833686906138,2504500
2021-06-24,161.8458251953125,162.26987010751984,161.17833400088992,162.19133750262546,2602500
2021-06-25,161.46104431152344,162.0421544684606,158.7832428876827,159.05023458854816,6618600
2021-06-28,161.1626434326172,161.78301992769343,159.21515682991605,161.52387668090907,2288100
2021-06-29,163.0315704345703,163.3142710014528,160.39303580446438,161.20187120757976,2291100
2021-06-30,163.31430053710938,163.43994791897885,161.71232637425845,162.15209221080156,2744800
2021-07-01,165.08114624023438,165.20679359914539,163.33782807811698,164.42936404607414,2746100
2021-07-02,166.10989379882812,166.55750811659362,164.34301787955334,164.58645220013702,2172300
2021-07-06,165.92144775390625,166.17274256299984,163.48709219839094,165.26967730541122,2421300
2021-07-07,168.25369262695312,168.77982755119697,165.1597067715719,165.9371244737501,2553700
2021-07-08,166.53392028808594,167.02863730702322,164.82985639070557,165.1596837131864,2354300
2021-07-09,167.98667907714844,168.44214178419557,167.00508151430347,167.96312169423155,2050500
2021-07-12,167.5233917236328,168.1123503450846,165.23038092866778,165.69369216843535,2216100
2021-07-13,165.9056854248047,168.19869573323112,165.49733751217246,167.52335617796646,1852200
2021-07-14,166.10989379882812,166.79308198658157,164.61787003773156,165.96068902623963,2867500
2021-07-15,167.1543426513672,167.8610883420828,165.387466442182,165.7722571302894,1663200
2021-07-16,165.35601806640625,167.68043457159584,164.99478486204126,167.35846766937382,3805300
2021-07-19,166.0156707763672,166.05493708370668,162.29344771312464,163.69910243207346,2910700
2021-07-20,166.84019470214844,168.27724311771354,165.4659579916979,166.52607626460954,2257000
2021-07-21,166.8323516845703,168.60708809052642,166.61247474651466,166.99726537930925,1770900
2021-07-22,167.44488525390625,167.83752439616808,166.36905783847547,166.7616969807373,1629700
2021-07-23,166.19625854492188,167.4605567799773,165.6465662649832,167.25638878525524,2188900
2021-07-26,164.7984619140625,166.67527608657795,164.39797439825793,165.85073168825764,2673700
2021-07-27,153.27845764160156,155.5400627490163,149.40702978710047,155.5400627490163,13741500
2021-07-28,150.80479431152344,153.81241073798512,149.6033198308148,153.19989480595294,6295500
2021-07-29,150.62423706054688,152.7287892507295,150.45147486648722,151.58227759764247,3150300
2021-07-30,150.27084350585938,151.2759986879137,147.88360294407912,149.2028646271273,3741600
2021-08-02,150.72630310058594,152.1319458387433,150.01954551485306,151.04827004578442,2782500
2021-08-03,152.4617462158203,152.54027882284353,149.65046101677046,150.18444440086913,2726600
2021-08-04,149.8232421875,152.18693754874278,149.6583404539783,151.49588880759592,2341700
2021-08-05,149.5326385498047,151.00896505603671,149.2813558152242,150.34147394867225,2045200
2021-08-06,151.2445831298828,152.3047014895369,150.20801017477837,150.59280079885093,2340100
2021-08-09,149.972412109375,150.89904652247964,149.87033410172964,150.0430962468442,2150100
2021-08-10,149.681884765625,150.86765058612346,149.51697106411712,150.1294871284694,1668000
2021-08-11,151.0875244140625,151.1817659482907,149.76826275881467,150.23157403185567,2131100
2021-08-12,152.06126403808594,152.78371851507157,150.98543678182602,151.30739172422608,2457900
2021-08-13,152.3282470703125,153.05070150618215,151.51156309397084,151.58223524932487,2432200
2021-08-16,154.7548065185547,154.95112610140214,152.01418082834127,152.35970521133626,3091700
2021-08-17,155.296630859375,155.72068784759838,152.7758942498087,153.6711110242409,2957700
2021-08-18,152.97218322753906,156.67083653646597,152.8936506210134,154.71550164734694,2605800
2021-08-19,152.3910675048828,154.0637137069132,151.1660355753254,152.053403670471,2858800
2021-08-20,152.5489501953125,153.3620594274469,151.6490034701489,151.92529582381943,2222800
2021-08-23,152.35951232910156,154.19887990788604,152.2726748195209,153.3384067965828,2248700
2021-08-24,152.57264709472656,153.68573064784832,152.26477087012574,152.55685517288097,1667500
2021-08-25,152.25689697265625,153.12527214874575,151.73588391271173,152.45425387215758,1593900
2021-08-26,151.85427856445312,152.73843353417953,151.62534988325896,152.66738794819253,1969700
2021-08-27,152.59637451171875,153.05424401628056,151.68063550259515,151.822738750216,1947800
2021-08-30,153.15682983398438,154.4199186926403,152.24899299824975,153.05421244678558,1507700
2021-08-31,154.43576049804688,154.81468245975063,152.28061398514788,153.70158639867688,2782000
2021-09-01,155.04356384277344,155.7461538706617,152.69896308826475,154.50675889818837,2381100
2021-09-02,156.4566650390625,157.2934564055501,155.16989413830717,155.4461986290726,2021200
2021-09-03,155.7855987548828,156.7092273586818,155.46193063296778,155.6829813849314,1491800
2021-09-07,154.38046264648438,156.26719416675957,154.1594238776771,156.0303634728348,2266200
2021-09-08,153.59889221191406,154.36462569396528,152.73840720679632,154.36462569396528,2455300
2021-09-09,149.20970153808594,153.43314388046235,148.45185781206996,152.54108686654115,3636700
2021-09-10,152.56471252441406,152.9041725202003,149.99907385217034,150.37010563919733,3094100
2021-09-13,153.45680236816406,154.19886610256086,152.04373252499883,153.70942493549362,2136200
2021-09-14,150.78857421875,154.6330951451026,150.63859308053443,154.1278619204479,1895300
2021-09-15,152.6357879638672,153.0147097315396,150.6622195239191,151.25429005590354,1769200
2021-09-16,152.33584594726562,153.31474051422146,151.1043408104011,152.64372223148177,1657200
2021-09-17,150.01487731933594,154.925116366033,149.7306829934732,152.01212753736644,4504200
2021-09-20,149.5096893310547,149.6596824990062,147.48875664766544,148.68868994556865,2439500
2021-09-21,149.77804565429688,150.5595830563536,148.42022966757293,150.07014196080377,2496400
2021-09-22,146.28091430664062,147.86765920339684,143.77052865898693,145.1362468709285,4229800
2021-09-23,147.45716857910156,148.2860699259443,146.5651236277052,146.8335261070383,2527500
2021-09-24,148.4281463623047,148.96495122408894,146.67561653237487,147.22821331530173,2312900
2021-09-27,147.4966278076172,148.88602788482922,147.34663465876295,147.91502340931197,1847600
2021-09-28,147.43350219726562,148.2624036311474,146.91248910788298,147.37034654037168,3093900
2021-09-29,145.8388671875,148.37292317737857,145.60203648532288,147.63876125091033,2467400
2021-09-30,143.7547607421875,147.81241784107783,143.67581316941545,146.24145269029788,2902800
2021-10-01,143.273193359375,144.3941789016721,141.1733134349546,144.37838697975045,3014500
2021-10-04,140.84967041015625,143.4389919646393,139.83131411014622,142.49168125738854,3512500
2021-10-05,141.83644104003906,142.91795288756182,140.22601419972386,140.89702036414351,2491800
2021-10-06,142.6495361328125,143.02056799361745,140.38388323251112,140.83385060996613,2119200
2021-10-07,143.36004638671875,145.27045959209065,143.02058628002956,144.44944820315052,2518400
2021-10-08,144.85208129882812,145.64939887491278,141.84435188659225,142.64957144829296,2781700
2021-10-11,143.4705352783203,145.50725934859875,143.30475022968005,145.4914674283221,1780200
2021-10-12,143.6679229736328,144.26788357021948,142.59430103267727,143.69160483628042,2615700
2021-10-13,145.302001953125,145.9887999206005,142.62584361090302,143.81787462085475,3780400
2021-10-14,151.11219787597656,151.39639223386652,147.82817686162758,148.1281631409855,4106400
2021-10-15,152.9515838623047,153.15683068354883,150.5517294723961,151.53851388441097,3153400
2021-10-18,152.66738891601562,154.41991898905337,152.4147783712244,152.73054456364045,2305000
2021-10-19,152.98313903808594,153.86730596624685,152.3989704389103,153.06997653873458,1974500
2021-10-20,154.15151977539062,154.3725585238901,152.51739897858215,153.7883778053082,1952000
2021-10-21,157.44345092773438,157.88552848016525,154.27783837245275,154.41994161185403,2997300
2021-10-22,160.8932342529297,161.16953872610307,156.89873259812236,156.9934600537434,3735900
2021-10-25,160.96424865722656,162.27470108605465,159.33803007370318,160.2695607077556,4829700
2021-10-26,172.1504669189453,173.8635232102756,168.66908862735082,168.94538103489614,6596500
2021-10-27,167.52439880371094,171.68467265172006,166.16658267193702,171.40047829749514,3309000
2021-10-28,168.8585205078125,168.96903986490736,166.5297120253597,168.37696929924783,2236400
2021-10-29,168.51907348632812,170.5715896109252,167.55597106355484,167.94279483850693,2362000
2021-11-01,166.49026489257812,169.61640327972165,165.70083734534788,169.61640327972165,1868400
2021-11-02,165.10086059570312,166.4902486064631,164.5482637758388,166.4902486064631,2206700
2021-11-03,167.94284057617188,168.0375680384046,163.71939788121932,164.832493745293,1765800
2021-11-04,166.34815979003906,168.56644908473677,165.62977789122945,168.26646278727617,2451900
2021-11-05,164.37461853027344,167.12972523589363,163.4588796082914,166.9797320621213,2117800
2021-11-08,165.22718811035156,165.69294747243322,163.62465115249148,164.80089048908044,2166100
2021-11-09,165.74819946289062,165.88240068937978,164.20880623603404,165.45610310339544,1552900
2021-11-10,167.0744171142578,168.10856509741006,165.34556915341886,165.6929191422622,2415500
2021-11-11,168.37696838378906,170.90314575343348,167.57965102949024,168.6217010013245,2113700
2021-11-12,168.29806518554688,169.79008280756045,167.35864445211078,167.88755947729985,1600300
2021-11-15,166.97970581054688,168.46382129846995,166.4349989159396,168.03753575461198,1378300
2021-11-16,167.2559814453125,168.86642010676152,166.9717870959807,167.02705279660097,2302800
2021-11-17,164.08255004882812,167.56391700410347,163.79835559883517,167.3507802008917,2542300
2021-11-18,163.7825164794922,164.57194394137022,162.1878696337006,164.40615887426472,3919400
2021-11-19,165.3850555419922,167.13037436650762,163.6635355842257,164.797988583333,2677600
2021-11-22,167.2969512939453,168.4234751890844,164.7344940758751,165.4246974148586,2220500
2021-11-23,168.03475952148438,169.27234895368238,165.4247163836023,167.41596480538536,2345300
2021-11-24,165.3850555419922,168.1855018448591,165.21845136952737,167.07484771250077,2518700
2021-11-26,162.87020874023438,166.22598212977934,162.45767487202895,163.54453014427742,1941000
2021-11-29,162.34658813476562,163.42551434474558,159.85553951682638,161.96579420924937,3435100
2021-11-30,157.37240600585938,161.44218082615456,157.15821625074247,161.44218082615456,6267600
2021-12-01,154.0246124267578,160.37123585272113,153.9056180796104,159.36371809961037,2938400
2021-12-02,158.58621215820312,159.16535013064149,153.76279009763195,154.92104183206712,2423400
2021-12-03,159.24468994140625,160.75202006275015,156.888505347259,159.49061962880515,2606400
2021-12-06,160.2998046875,162.32279288946103,159.7603476230949,160.24427803920932,3006700
2021-12-07,162.94158935546875,163.33825323842234,161.34700490387488,162.1006638604425,2250600
2021-12-08,162.4100799560547,164.60760151079518,161.35495245295147,163.4414085918507,1615500
2021-12-09,163.85389709472656,164.92489432699747,161.64844706706376,161.8785188779522,1931500
2021-12-10,165.8927459716797,166.48774171131723,164.48855263667372,165.01215179280737,1887900
2021-12-13,163.6714630126953,166.05938753333047,163.1240648720152,164.17919234074807,1909700
2021-12-14,161.63262939453125,164.33786831164718,161.10903007951927,162.7908813402236,1930500
2021-12-15,163.24305725097656,165.36124092645542,162.25139754680737,163.9411774511614,3703400
2021-12-16,164.98837280273438,168.0506183957592,164.86937848256298,164.89317734659727,2932600
2021-12-17,163.89358520507812,168.60595421377263,163.7428509881664,167.23350052675042,5625800
2021-12-20,160.5933380126953,163.41759510105655,159.7920813062,162.65599509970963,2936400
2021-12-21,164.2982177734375,165.06774682753093,161.60883659739886,162.0451572710774,2317000
2021-12-22,165.36126708984375,165.46440358906628,163.85393683788485,164.4727437279971,1716500
2021-12-23,168.33621215820312,169.15333874776658,165.97209892360303,165.97209892360303,2573900
2021-12-27,170.65274047851562,171.04940437139442,168.66149209414385,168.89155182571616,1807200
2021-12-28,170.31161499023438,171.4778078842022,169.55795596279407,170.21641952304424,1375400
2021-12-29,170.24815368652344,171.62853633521746,169.62141793468638,170.19261492905002,1154900
2021-12-30,169.69281005859375,171.35880326576617,169.00261875244416,170.34334465927563,1207000
2021-12-31,170.04185485839844,170.89865021969678,167.97921011917202,169.0898640475847,1579900
2022-01-03,169.37545776367188,171.08110741428612,167.2890021152079,170.2877797432619,2319600
2022-01-04,172.38218688964844,173.4690541728618,169.45481756851865,170.08947010429088,2741200
2022-01-05,170.2164306640625,172.92961060356416,169.94670208588803,171.99348950099764,2710800
2022-01-06,171.86651611328125,172.25525105246027,169.2406033070511,170.61305686789248,2102200
2022-01-07,173.07240295410156,174.09579053238312,170.70827729598025,172.42980934620127,3014000
2022-01-10,167.97128295898438,172.33458563180568,167.08275974291692,172.19179244574667,2853800
2022-01-11,167.60635375976562,167.7888157491327,165.04389646306262,167.7888157491327,1771700
2022-01-12,167.5666961669922,169.34375476805343,166.67817291907224,168.12202319694214,1865700
2022-01-13,166.97169494628906,169.48654249784298,166.54329117611692,167.83641930114854,1828500
2022-01-14,163.85389709472656,165.93242389092745,163.0288416167343,165.1946228385315,1921600
2022-01-18,163.10023498535156,163.4572300206565,159.86345659516175,162.2513806616362,2339700
2022-01-19,161.64846801757812,164.41718639484515,161.41047936197995,162.67186765753644,1701700
2022-01-20,160.48226928710938,164.2109194907534,160.3394760989976,163.1954609134439,1706800
2022-01-21,160.21255493164062,162.2672711328169,158.9828943580997,160.7044264241903,2570400
2022-01-24,161.94200134277344,162.4893994401618,155.72230243449323,157.88015493436617,3660900
2022-01-25,160.20465087890625,161.4739683573154,156.4284020254707,158.70526151216686,3817200
2022-01-26,157.87222290039062,163.45724495710226,156.46010046799074,161.29940460501567,3074700
2022-01-27,154.5640411376953,160.04593858805842,153.84211000725426,159.14154547148206,3371000
2022-01-28,157.2772216796875,157.35655929437578,152.90599026730166,155.33357117202928,3066200
2022-01-31,160.4188232421875,160.6409540625856,156.19831344418023,157.2137720817777,4626700
2022-02-01,183.01280212402344,185.41658452101888,176.12671014885015,178.50669367896228,19125300
2022-02-02,184.13929748535156,184.29796060823162,179.05406389733048,182.9810336884085,5474000
2022-02-03,181.42617797851562,184.20282591303783,180.26791379953053,182.33850031491176,3503300
2022-02-04,178.33216857910156,180.73596318907417,176.84864931916772,180.31548827643462,3623100
2022-02-07,178.54637145996094,180.52176224705124,175.75385392157503,178.88750874446006,3295900
2022-02-08,178.6574249267578,179.72048131389377,177.03904147956743,178.29250090381717,2759600
2022-02-09,178.55426025390625,182.7430292835389,178.18139528945014,180.77556799293924,2130300
2022-02-10,175.0715789794922,177.7847707993061,173.95299594385324,176.60270797968477,3379500
2022-02-11,169.36753845214844,175.53962711440866,168.27274233036286,174.738358373882,3821000
2022-02-14,169.76422119140625,170.50993915902419,167.96336368627476,169.52622042908402,3641400
2022-02-15,172.35838317871094,174.1116428383224,171.12079382144205,171.33499570411422,3149000
2022-02-16,170.8114013671875,172.93752609975854,169.37548003069475,171.23980514478384,2226700
2022-02-17,167.16209411621094,170.0418655928256,166.37669529246838,169.82767581789454,2815600
2022-02-18,167.29795837402344,168.53655383292968,165.85160331416523,166.3710084131354,2823900
2022-02-22,166.98629760742188,168.24886474356367,165.14838311321094,166.79451109033906,3558300
2022-02-23,163.3983612060547,168.5764871738099,163.15064458775237,167.38583546773577,2836000
2022-02-24,165.5639190673828,165.7477068639532,159.059308882162,159.90634468473294,3347000
2022-02-25,167.76943969726562,169.07995068895193,165.3082337483559,165.60390621495307,2657100
2022-02-28,168.1449737548828,168.55250637399354,163.44630787092404,164.74883201609006,3536700
2022-03-01,164.27737426757812,168.29680701722407,162.84699241595254,167.38584240622075,2986100
2022-03-02,168.97607421875,170.50233134515366,164.40526498715505,164.53311049673255,2854200
2022-03-03,169.75115966796875,172.79571136217163,169.26372510421464,170.9098531771849,3019500
2022-03-04,168.12100219726562,168.76826490805595,165.46002379154396,168.67237774888076,2442900
2022-03-07,160.7613525390625,167.002272459431,159.93030206984562,165.77166372289358,4043100
2022-03-08,162.54336547851562,166.57878397776022,158.64379120525834,161.4885578040061,4001000
2022-03-09,165.23631286621094,167.23404371350836,164.8607384914645,167.01029883406557,3097600
2022-03-10,165.55592346191406,165.7077529375346,162.90294358108846,163.4143621239693,2284100
2022-03-11,162.93487548828125,167.1460942997544,162.78305823045525,166.14722916754772,2006600
2022-03-14,163.25454711914062,166.93836283436232,162.41549782825535,164.28537074404773,2237200
2022-03-15,168.23287963867188,168.79224173919854,165.05249610152367,165.80364471930775,2865400
2022-03-16,174.1221923828125,174.2100930160129,169.81508574235312,169.88701331001147,3022000
2022-03-17,177.65420532226562,177.8539783965162,171.6130573146568,172.60393615248466,3520200
2022-03-18,175.62448120117188,176.75919065204445,173.2751482028554,176.58338939413105,6278200
2022-03-21,174.6495819091797,177.2386449174406,173.36304303375698,174.35392170947682,2244600
2022-03-22,174.53773498535156,176.11993429156178,173.6267702704814,175.46468495997192,2182100
2022-03-23,171.46923828125,173.97838777771852,171.18156454692704,173.78660122377602,1939300
2022-03-24,171.53314208984375,172.17241831647368,170.462361421317,171.6050574646299,1882500
2022-03-25,172.0845184326172,172.2363357156561,169.46349686587735,171.40528515264245,1754200
2022-03-28,175.44073486328125,175.67246628900372,172.65989678870102,172.89162821442352,2353200
2022-03-29,177.758056640625,178.97268019317542,176.19184276394878,177.36650926804558,3034800
2022-03-30,175.96009826660156,177.6381967473292,174.65758628480478,177.3984666510568,2200200
2022-03-31,171.3733367919922,176.46355074520537,171.3733367919922,175.12106936606196,2858600
2022-04-01,165.12442016601562,171.97264652301308,162.79107228585164,171.72491768607168,3993600
2022-04-04,163.9817352294922,164.82877111132223,161.88810512513297,163.64610573557766,3204600
2022-04-05,157.5889892578125,161.5764518138199,156.63006879553865,160.01822435239515,6270700
2022-04-06,155.3355255126953,157.35722771529063,154.42456093205226,156.28644714023596,3911700
2022-04-07,153.98507690429688,155.37550183383505,151.44396935634606,155.37550183383505,3627900
2022-04-08,152.60264587402344,153.30585094623814,148.67111352089375,150.81267486892233,5465800
2022-04-11,152.498779296875,155.18373004801705,150.74077858684683,151.62777157230934,2787300
2022-04-12,150.14144897460938,153.52960465331458,149.2704413101273,152.61064120945002,3428800
2022-04-13,150.92454528808594,151.85948173220666,149.16654482410215,149.797834512769,2296000
2022-04-14,150.2453155517578,152.85833820916594,150.10147261847,152.72249400133688,2624300
2022-04-18,149.55812072753906,150.86863163751391,148.36746878764257,149.98962521300226,2552600
2022-04-19,152.37890625,153.026169034957,149.95765765795613,150.4291191688285,2448800
2022-04-20,152.17111206054688,154.0090264416314,152.02728132647223,153.4097073299633,2526000
2022-04-21,150.86859130859375,153.05010933314264,150.07748573800492,153.05010933314264,2618200
2022-04-22,149.55007934570312,152.57864518646645,149.38227683545443,150.43707205083604,3964200
2022-04-25,151.53988647460938,152.0992487315731,146.37774406164075,149.13462267307398,5354900
2022-04-26,146.2738494873047,149.76587897310043,144.49986358725013,149.18254500207487,7811800
2022-04-27,148.9508056640625,149.70195440632804,145.38686069495674,145.89029276544989,3978600
2022-04-28,151.9553680419922,152.49874485795925,148.72702888804886,150.42111255827626,3176700
2022-04-29,143.82061767578125,150.66084528665323,143.485000398782,148.75101532430378,4853500
2022-05-02,142.7018585205078,144.6276732707484,140.0169087679548,144.06031255514745,5026600
2022-05-03,142.3343048095703,143.8046437868572,141.07973634272045,143.22929640295794,3266300
2022-05-04,146.87313842773438,147.200769132963,141.44729594467967,142.2863451340692,3920500
2022-05-05,143.6687774658203,146.50555713928233,142.09457709126113,145.15508940616064,3249700
2022-05-06,143.77267456054688,144.67565269483896,140.3685460028869,143.14938358792153,2826600
2022-05-09,144.97927856445312,146.7213057395497,141.31144863255182,142.0066670735186,3925400
2022-05-10,145.44276428222656,147.4325082135144,143.58887675246098,146.39368593380775,3510200
2022-05-11,141.806884765625,145.99411942823335,141.36738168644885,144.85941014674603,4934100
2022-05-12,142.75782775878906,142.8457283953546,138.39479083554042,140.75211057029583,5352400
2022-05-13,143.4912567138672,144.3213960889027,141.64563760083215,142.54024211969735,3598100
2022-05-16,144.88552856445312,146.6505597361701,142.524090403419,143.31392967792843,3003600
2022-05-17,147.60159301757812,148.10934514503188,145.3529992919366,147.48876057790102,2640900
2022-05-18,138.8086700439453,145.18373313177756,138.23645282240008,144.65180354439914,4275300
2022-05-19,134.9079132080078,137.98664681472727,133.25571394406663,137.14039721145826,4382900
2022-05-20,137.84957885742188,137.98660107639543,134.23892901781866,136.35857985808832,3483300
2022-05-23,140.54949951171875,140.7671092685467,138.18000657548902,139.17938814591142,2837700
2022-05-24,140.3238525390625,140.8235372389314,137.30959731260634,139.25999341285018,2865100
2022-05-25,140.12237548828125,141.08951239369992,137.9060144435325,138.51853161414132,3370100
2022-05-26,143.76527404785156,145.095085788025,141.43608051226508,141.43608051226508,2628400
2022-05-27,147.10997009277344,147.1260925271302,143.9264718360016,143.982881909529,2959800
2022-05-31,146.88427734375,148.78631840922213,144.01509946314886,145.20790112521422,8734300
2022-06-01,145.25624084472656,148.28661812398815,144.5470138137209,146.8762068300626,3253800
2022-06-02,148.3511505126953,148.36726065045727,145.24018452834173,146.83596131164603,2317800
2022-06-03,149.49557495117188,149.5358625873199,146.7392291780446,146.9810041861857,3802200
2022-06-06,150.8011932373047,152.22772712352963,150.34179617479708,150.61582831806342,2649200
2022-06-07,149.51162719726562,149.91460178522442,146.85200475498428,148.97971008749442,2984000
2022-06-08,144.6195831298828,147.69024881843026,143.4509587911551,147.11801925098797,3592200
2022-06-09,142.29037475585938,146.1992221244789,142.2420197575633,144.26494840576123,2891600
2022-06-10,139.46954345703125,141.0411422973537,138.49433929068098,139.6710308031703,3220600
2022-06-13,139.20358276367188,140.94443643680302,136.608424685526,137.68033887413512,4302900
2022-06-14,140.36415100097656,143.4348162592603,138.6555299038242,140.27549607471954,3925500
2022-06-15,141.75038146972656,145.13536642001523,139.78386300682993,141.12174193457918,3465100
2022-06-16,138.7764129638672,139.66294982175586,137.6077889297623,137.93016373302902,3355500
2022-06-17,137.873779296875,140.00148536812355,136.57620018121656,138.1880990927022,7578300
2022-06-21,140.63816833496094,141.04114302933047,138.96179213064636,139.13910197999388,2845800
2022-06-22,141.96800231933594,142.4999319513527,138.921514132787,139.32448889077298,2671000
2022-06-23,143.9667510986328,144.27300352054667,141.23458301368981,142.95124694282995,2923600
2022-06-24,147.7305450439453,148.79439198356891,145.69149380333783,145.69149380333783,4826400
2022-06-27,146.5296630859375,149.06841115500933,145.91714594975556,148.97975622628977,1902300
2022-06-28,145.0064239501953,149.32631350548598,144.67598172334993,147.295317442749,2380800
2022-06-29,145.98162841796875,146.37653577950303,143.19303789839014,145.33686639573776,2101000
2022-06-30,147.11798095703125,148.20601743963132,143.11242421881298,144.19239333775158,3728200
2022-07-01,149.09255981445312,149.99521906112977,146.2878475017479,146.50545724793244,2962500
2022-07-05,148.80247497558594,149.07649488146674,146.46521381356385,146.91654361097096,2471800
2022-07-06,149.2376708984375,149.87437790497123,147.25504196925772,148.92335107806443,2005000
2022-07-07,150.05975341796875,150.7206256749622,147.51294980811736,149.85019865775422,2961800
2022-07-08,149.4230194091797,150.1483812748977,147.5612781934511,149.6728740626526,1938200
2022-07-11,148.810546875,150.56752355398407,148.06907465285252,148.06907465285252,2275900
2022-07-12,144.56314086914062,147.07771137576748,143.50734911602444,146.30399453577184,4207600
2022-07-13,143.39454650878906,145.87687266861147,142.03248976318318,143.80557636368076,2414400
2022-07-14,143.68467712402344,143.8458645658606,141.1459410961008,142.59664037044888,2487000
2022-07-15,147.15834045410156,147.3356503570857,145.5303310507968,145.5303310507968,5014100
2022-07-18,145.1353759765625,148.21409642861892,144.85328875470935,146.94876220838646,2289200
2022-07-19,149.7534637451172,149.8662961750054,146.07028119262839,146.07833625983022,2710800
2022-07-20,150.59165954589844,151.11552176890558,148.51230849062077,149.78571009646427,1754800
2022-07-21,150.7205810546875,151.63130774061287,149.769566740169,150.672226062127,2320100
2022-07-22,151.5023956298828,152.55818759129934,149.63259903586456,152.03432529371256,2255200
2022-07-25,151.44593811035156,153.07394686553326,150.68028872381217,152.29218734718376,2816100
2022-07-26,146.30397033691406,148.165711187261,143.99089986197515,144.46640698089814,4961000
2022-07-27,148.2140655517578,149.12479216042345,145.11922331232307,147.4000612178188,2739300
2022-07-28,151.71189880371094,152.38083819026676,148.13348198782683,148.82659886926214,2452500
2022-07-29,157.07150268554688,157.74849733615,151.50238850745018,151.9617856403826,4093100
2022-08-01,157.43417358398438,157.82103820137223,155.48377725478798,155.6127321272506,2086100
2022-08-02,155.97540283203125,157.13597205796088,154.69394610248946,156.77329724931116,2075100
2022-08-03,155.88674926757812,157.43417081648724,155.35481965138064,156.91030856581028,1916700
2022-08-04,156.7732696533203,156.86997963918668,154.41989904735394,155.30643594602145,1627300
2022-08-05,158.57862854003906,158.69952835085343,155.91093750544496,155.91093750544496,1785900
2022-08-08,158.0386199951172,160.41616834228861,157.65176771401912,159.46515392254497,2102500
2022-08-09,158.48995971679688,159.19919919178488,157.33745786775444,158.3448947139019,2022400
2022-08-10,163.09999084472656,163.34177814608393,160.39200012471258,161.00452959452633,2791400
2022-08-11,164.76023864746094,165.94498531190575,162.60030004424698,163.89787913874306,2730600
2022-08-12,166.36798095703125,166.44918459593427,163.72090835393226,164.45980695223233,1883100
2022-08-15,167.17189025878906,167.3586438026606,165.06883447804154,165.51542981333304,1618200
2022-08-16,167.553466796875,168.64964144910402,165.46665495229382,165.85640511375743,2296000
2022-08-17,166.44105529785156,167.36671977929785,164.30553838123154,164.41921604070964,1767300
2022-08-18,168.9338836669922,169.0719199586286,165.65344952361127,165.9620085225264,1913900
2022-08-19,169.24241638183594,170.0219292240707,167.87016898706983,169.63217899792147,2704300
2022-08-22,167.59408569335938,168.60095387662977,166.5953453083813,166.86330246336303,3593500
2022-08-23,166.67652893066406,168.60904903183135,166.00257841998612,167.748345031909,2088000
2022-08-24,164.8657989501953,166.53037441391737,164.72776267719493,165.56410811297908,2024000
2022-08-25,166.45730590820312,166.48977993095477,164.435454171185,165.38547730835654,1984400
2022-08-26,161.52854919433594,167.02570401478755,161.4798319623867,166.35988119491947,2203900
2022-08-29,160.18064880371094,162.01573461786145,160.11568836914773,161.0007510589414,1928000
2022-08-30,158.3780517578125,161.10632831380585,158.02889093826832,160.50545353060318,2238000
2022-08-31,157.93951416015625,159.29553033876093,157.54164864298002,158.51603011617667,2627700
2022-09-01,159.6447296142578,160.03447981974628,156.80277573645247,157.83400246986668,2343300
2022-09-02,159.19000244140625,162.37298896714464,157.8014996680425,161.92639378331802,2665100
2022-09-06,159.11692810058594,159.3117969899489,155.34118230003045,158.16689270520362,3760600
2022-09-07,159.3848876953125,160.04260742808628,156.6484960724155,158.25622650934605,2902300
2022-09-08,159.25498962402344,159.596022624443,157.18442061653494,158.53232180148126,2166300
2022-09-09,161.3336639404297,161.91829544453304,160.07508188604234,160.424242662907,1748000
2022-09-12,162.535400390625,163.17687691725473,161.99137070762225,162.03197252663887,2382600
2022-09-13,156.47801208496094,160.51357586637465,156.01517357185742,159.27936461130733,2382500
2022-09-14,155.0570068359375,157.00577022580788,153.95270427769483,156.5835336150263,2608300
2022-09-15,150.2175750732422,155.22753271186548,149.87654206527372,154.870256496869,4041800
2022-09-16,143.48622131347656,145.1345538529231,140.63613915113228,144.2657218575823,12562000
2022-09-19,146.1820068359375,146.48243803694123,142.6255000978262,143.16141444821452,3018000
2022-09-20,142.6498565673828,145.1183037496242,141.8135110285801,144.82598796198872,2827400
2022-09-21,141.1476593017578,145.81658314940236,141.09894207878062,143.78661625912213,3162900
2022-09-22,136.3001251220703,139.53995739884007,136.18644744867157,139.52371419122963,5238500
2022-09-23,133.43380737304688,134.5137514255833,131.46067278384518,133.88040264137948,4252800
2022-09-26,131.33885192871094,133.12522023429855,130.00719420382555,132.6299078396192,4163600
2022-09-27,133.79104614257812,134.8628620966623,131.94783294548148,132.79229362476192,3371200
2022-09-28,135.69923400878906,136.5599380595012,133.4906288571819,134.2051812268006,2958100
2022-09-29,134.23765563964844,135.36631672808534,132.96283049324688,135.04964239075224,2494900
2022-09-30,131.16835021972656,134.23767190964952,131.15211940349013,133.94535614822524,2823300
2022-10-03,132.42691040039062,133.6205318628573,129.4469206425786,130.42943001948225,3494500
2022-10-04,137.13645935058594,137.33945606419564,133.95347236797784,134.4650280510539,3414500
2022-10-05,136.35693359375,137.9403177217689,135.35007791924275,135.64239365473017,2811400
2022-10-06,134.4650421142578,136.76295424950624,133.75048964283963,135.90225007617292,2375000
2022-10-07,129.21958923339844,133.1739613021755,128.5699972632458,133.1333718708642,3491000
2022-10-10,129.70675659179688,131.3794471685081,128.6186850253529,130.76232936277765,3141700
2022-10-11,129.43882751464844,130.91663714781626,128.667442480472,129.41446890019606,2164600
2022-10-12,129.4956817626953,131.32265249113604,129.0978160669509,129.83671481187832,2229200
2022-10-13,132.8897705078125,133.83167822501014,125.75239917603598,126.75926732786134,2574100
2022-10-14,131.28201293945312,134.43252552174886,131.11961806602167,133.62866656178605,1936400
2022-10-17,133.75045776367188,134.88723425185464,132.9465864249276,133.35257979784066,2274700
2022-10-18,135.59368896484375,137.02278136492464,133.66927169918426,135.99155459302577,2282500
2022-10-19,134.61932373046875,135.78858703152798,133.70178681528265,135.42319534743166,2129900
2022-10-20,130.71363830566406,134.1564669747958,130.17773640650165,133.70175632584056,2832600
2022-10-21,134.4244384765625,134.82230414192443,130.75425409095868,131.2414512039807,3161000
2022-10-24,136.04840087890625,138.22451971666354,135.25265722524207,135.6424074488826,4471300
2022-10-25,135.601806640625,141.93530667428217,135.21205641407363,139.88909630249896,7698800
2022-10-26,137.2176513671875,138.4518623606206,134.391928432376,136.00778659619397,4819800
2022-10-27,135.18768310546875,138.5655386849953,134.86288096036574,137.98090721374484,3325300
2022-10-28,135.73983764648438,136.02403799455445,131.9397452079161,134.2701434583218,4771600
2022-10-31,136.2270050048828,137.86720913236437,134.31883140368754,134.89534738211245,2908900
2022-11-01,135.92662048339844,137.77794987453174,133.81546169189934,137.1933306262241,2454500
2022-11-02,133.63677978515625,138.53305885921327,133.6124211740363,134.9115925301922,2824000
2022-11-03,133.1739501953125,134.72484795209536,129.97473262076304,131.80981832270484,2671800
2022-11-04,134.5380859375,135.16331920114985,132.0371652728351,134.79791525347412,2400900
2022-11-07,137.3313446044922,137.69673622150796,134.28639381279987,134.7005026600929,2624400
2022-11-08,137.0552520751953,139.10959016119688,136.1295875812761,137.87536670599266,2715600
2022-11-09,133.1739501953125,137.29884461333393,133.0684003367953,136.5680614515706,2687100
2022-11-10,141.23048400878906,141.2550704870835,137.2800897516409,137.2800897516409,3338900
2022-11-11,146.04141235351562,146.6970808756834,141.38617710137743,141.55010361129706,3851400
2022-11-14,145.7135772705078,148.74604273532947,145.6562129945674,145.97584969148502,3082500
2022-11-15,148.7296600341797,148.80341946906566,145.93488028011984,146.27091215794044,3105000
2022-11-16,145.1152801513672,147.89366441616423,144.16456141915944,147.81990499017488,2713500
2022-11-17,144.29571533203125,144.32030181037814,140.64857514245887,143.42695974820484,2517400
2022-11-18,146.6807098388672,146.89379682862403,144.86942665549756,146.30369631224002,3003000
2022-11-21,148.02479553222656,148.13134525888333,145.803721459055,146.00861708364943,2465600
2022-11-22,149.7705078125,149.89344018291672,147.91005206989723,148.72963455490543,2210300
2022-11-23,149.85244750976562,150.74578935116307,149.74591029853758,150.27863387218386,1583500
2022-11-25,149.59019470214844,150.71301867499443,149.33612613946087,150.5163143817028,912400
2022-11-28,147.45108032226562,149.39348671031792,146.24629313058276,148.31983571091627,2043000
2022-11-29,151.53260803222656,151.77848528356822,149.36891073092562,150.79498878403805,3671400
2022-11-30,155.4993896484375,155.4993896484375,150.745808481427,151.4178721576755,7146900
2022-12-01,155.87640380859375,157.03201818045994,154.40115274938552,155.37645796369085,3934700
2022-12-02,155.220703125,156.0976622556267,152.92587000896089,153.49957516151207,3661500
2022-12-05,148.4755859375,154.1552873190385,148.0084178554663,154.1225095178015,5004700
2022-12-06,143.50888061523438,147.10684678513596,142.50898910507178,146.72164206372076,5598200
2022-12-07,143.156494140625,145.10710476999856,142.59918396414014,142.9352033325086,5124300
2022-12-08,147.2216339111328,147.9756484406973,143.30402988478767,143.53351202396647,3109600
2022-12-09,145.59063720703125,147.63959349090968,145.3693464267381,146.91835687711674,3487100
2022-12-12,149.59840393066406,150.2458811574338,145.90209108088146,146.44300606696464,3214500
2022-12-13,150.6802520751953,154.56506523613396,149.10664262360854,154.07332322512033,3863700
2022-12-14,151.05728149414062,153.46685657019572,149.81971615153782,150.319662085725,3188900
2022-12-15,148.5165557861328,149.40989774256587,147.04130473074426,148.7542292173002,3478300
2022-12-16,146.0496063232422,149.0738679008432,145.57424694870247,147.8199076134238,8241400
2022-12-19,146.23809814453125,147.49207086351623,144.70548288531324,145.89387499835675,3690200
2022-12-20,142.3041229248047,145.5332801901306,142.17298671469746,145.33657587496975,3062200
2022-12-21,144.80381774902344,145.04150365702316,142.83682491909374,144.53336655222233,2833000
2022-12-22,143.92689514160156,143.96787677113343,141.55830202237402,143.26303526303263,2626400
2022-12-23,145.0742950439453,145.22182639822202,142.73849240278747,144.1809531128271,1897600
2022-12-27,145.00872802734375,145.7381684695424,143.93507693621018,145.13986423082912,1294200
2022-12-28,142.28770446777344,145.45129310990367,142.09100018482943,145.066088371952,1455900
2022-12-29,144.04161071777344,144.58253811788646,142.95156459542517,143.25480608980584,1369200
2022-12-30,142.4762420654297,143.30402852934526,140.87805843060843,142.82046527094207,1670900
2023-01-03,143.6564178466797,144.10719071734678,142.32049438611256,142.82864403388106,2206500
2023-01-04,145.15625,145.77912816753843,143.59084449990056,144.61532257496523,1965100
2023-01-05,142.4762420654297,144.172784120282,142.0582594242729,143.32861500789338,2736800
2023-01-06,146.66432189941406,147.14787269178927,142.84506350987783,143.94331383407996,3690100
2023-01-09,148.9099578857422,150.50814138256786,146.68888363724477,146.88558795448387,3214600
2023-01-10,146.51675415039062,148.8033836218681,145.27917668041655,148.59848801487482,2324200
2023-01-11,149.35252380371094,149.5410367934278,146.69708435933546,147.1396534314523,2674700
2023-01-12,149.94261169433594,150.55729855220218,148.08215596956,150.36879808409066,1832200
2023-01-13,149.2869415283203,150.18848724536082,148.15592622656655,149.31152800189085,2078100
2023-01-17,146.7052764892578,149.47546951086701,146.59872675586138,148.8525787689645,2703300
2023-01-18,144.83663940429688,147.9756422918618,144.62355242843913,146.54137272867314,3085100
2023-01-19,144.3694610595703,145.24642039013963,142.32870851551084,144.3776648887993,2711600
2023-01-20,145.9922332763672,146.04140622494478,143.52528197214212,144.8530141129193,2296400
2023-01-23,147.9182586669922,148.9263542318524,145.23823266847242,146.30368000433438,2240100
2023-01-24,147.5166778564453,148.65589717932718,145.4595175102488,145.50869046570816,1958400
2023-01-25,145.44313049316406,145.90209473811493,143.35319240805637,145.8938909085594,1722000
2023-01-26,147.27899169921875,147.34455980835577,144.28752019164074,146.40204481441697,1627000
2023-01-27,149.23777770996094,150.6638557934657,146.54135672815116,147.1970252437569,2831600
2023-01-30,145.04151916503906,149.04108585348143,144.56615980404902,148.10676228349053,4593300
2023-01-31,151.81126403808594,152.50791417030644,146.5167680542217,146.5167680542217,6872100
2023-02-01,151.6063690185547,152.303019153564,148.18052013361495,151.36049176467864,4005200
2023-02-02,156.77793884277344,158.76133959810994,152.45874785377237,152.46693917708507,4995900
2023-02-03,157.08119201660156,157.56474271194995,153.46683002763396,154.95027241842243,2766300
2023-02-06,154.70440673828125,156.19605306984752,154.22904733061193,155.7206936621782,2243300
2023-02-07,154.31918334960938,155.07321025438966,152.27022710057628,153.9749602004722,2037800
2023-02-08,152.73739624023438,154.24542504910193,152.4423460379919,153.0406377654315,1970000
2023-02-09,151.41787719726562,153.68812437866424,151.26215451071607,152.47513319177148,2135600
2023-02-10,151.80307006835938,152.10631158833127,149.62297763967976,150.35240555684413,2533900
2023-02-13,153.59796142578125,153.63894305250867,150.1639087029107,151.41786894458292,2481400
2023-02-14,153.0734405517578,153.9503874012073,151.59818942024162,152.6062724826787,1876400
2023-02-15,153.13079833984375,153.29471234621352,151.6473559475661,152.13090664339992,1750000
2023-02-16,152.0735626220703,153.08164577604694,150.08197028721636,151.74572205983165,2633000
2023-02-17,151.478271484375,152.13970243053922,149.94042056416862,151.39558630811115,2510100
2023-02-21,147.55091857910156,148.46866823459348,145.62447064942998,148.14620371889654,3994800
2023-02-22,146.02133178710938,148.36118023794702,145.59139171498822,147.47649707184988,2376900
2023-02-23,148.77459716796875,149.0557065239872,147.04658583622802,147.12099491000043,2341200
2023-02-24,148.94825744628906,149.76679532064378,146.96393926214034,147.815543639303,2674400
2023-02-27,150.66796875,151.70974626436555,149.6758099016391,150.37859591955285,2925400
2023-02-28,150.88291931152344,151.9742900732364,149.75846944479918,149.8163389545958,3703000
2023-03-01,151.3707733154297,152.75152987944742,150.10576842097078,150.4199443149242,2307500
2023-03-02,152.69363403320312,153.05742856659228,150.2959156863885,151.15579596821468,2334500
2023-03-03,153.5204315185547,154.35550875451437,152.64402431787113,153.9917142298568,2499600
2023-03-06,154.2067108154297,155.16580338170598,153.2558943366475,153.33030342817227,2419500
2023-03-07,151.52784729003906,153.77674738274973,151.05656458820633,153.11530395266118,2822300
2023-03-08,152.3794708251953,152.61097416276704,150.70932879044022,151.45344485892278,2277900
2023-03-09,151.2053985595703,155.13270402753653,150.89121008501803,153.47910172523498,2497400
2023-03-10,150.09747314453125,152.39599191645465,148.43560739776467,151.04830202347452,3442600
2023-03-13,150.66796875,152.01565865014757,147.34423723879016,148.05528672637925,4435900
2023-03-14,153.00784301757812,155.29808609803928,150.69279690797006,153.0822521050189,4892100
2023-03-15,152.42906188964844,152.91687154469975,149.62620647057778,149.99826446822735,4306700
2023-03-16,155.3724822998047,156.07526837664616,151.75936503920835,151.75936503920835,4710200
2023-03-17,154.43817138671875,158.69620460666178,153.3385370295669,157.05086588156746,20535900
2023-03-20,151.709716796875,154.46296558208581,150.1222604246419,153.99994643453377,3974300
2023-03-21,154.43817138671875,154.47951396477325,151.96604418045206,152.64401451980848,2965600
2023-03-22,153.4047088623047,156.77805970686026,153.22282418157616,154.19844366760643,2758400
2023-03-23,153.19796752929688,155.92641363371806,151.67665656032892,152.77630351758893,2901700
2023-03-24,153.84291076660156,154.1240201566815,151.8999228316671,153.03263647850923,2586700
2023-03-27,154.8763885498047,155.40554075067593,153.3964075116289,154.93425806665843,2283400
2023-03-28,155.21539306640625,156.39772539849957,154.07441593544615,154.95908670087164,1850100
2023-03-29,158.30764770507812,158.33245073507882,156.1496957831094,156.69538767509843,2546100
2023-03-30,157.993408203125,158.91115786505338,156.42249126857286,158.65485156040376,2075300
2023-03-31,160.3911590576172,160.49863462786413,157.86113695022317,158.68793809727129,2571200
2023-04-03,160.1679229736328,160.1927259993475,158.18360522055085,159.43207044013326,2735200
2023-04-04,157.5965576171875,161.1270018341526,157.03432631086832,160.95336805273507,2498700
2023-04-05,156.59613037109375,158.6548697448942,156.55480040701266,156.9599248900931,2718300
2023-04-06,155.91819763183594,156.72845940954915,154.22325236793571,155.71149729760387,2206100
2023-04-10,157.3072052001953,157.5469846336179,154.42994031102745,154.9590926195639,2157900
2023-04-11,159.1178436279297,159.65527182624416,156.753192356898,157.50558426494936,2844400
2023-04-12,156.96820068359375,160.432486845292,156.2819542269373,159.15921864714784,3729000
2023-04-13,157.9190216064453,158.415107348985,155.88508520121394,157.85287599970772,2355600
2023-04-14,159.4651336669922,159.58916140900783,157.2989186924166,157.91901955454176,2034900
2023-04-17,159.81239318847656,160.71361605525325,159.22537142056,159.75452366667486,1920500
2023-04-18,160.49864196777344,160.95338514264304,159.47341657277823,160.05217487898275,2461400
2023-04-19,162.07785034179688,162.23494460009707,160.49039343305506,160.6309481336431,2652200
2023-04-20,161.20970153808594,163.54128708036785,160.49865197015447,161.94555413383014,3336300
2023-04-21,161.3998565673828,162.46642449010156,160.0769696930799,161.11873459080408,3371700
2023-04-24,161.92901611328125,163.13613877086055,161.00299021301808,161.52387899341707,3689100
2023-04-25,145.7567596435547,151.30460054801466,145.69889012715376,151.03175467245268,12474900
2023-04-26,142.68109130859375,146.39342067879505,142.317296756506,144.88037294587673,5845600
2023-04-27,146.97216796875,147.30289599853526,142.3668921208513,142.83816221631682,4679000
2023-04-28,148.66709899902344,149.22105420431896,145.93865293343197,146.2114988015894,3440800
2023-05-01,150.64317321777344,151.04831033973147,148.5513672313077,148.78287055357376,2807800
2023-05-02,147.038330078125,149.46086428126526,146.9060388513627,149.40298213856207,3527800
2023-05-03,145.37646484375,147.1706220366834,145.10361891819068,146.75722141298488,3825200
2023-05-04,143.27638244628906,144.64061207252308,142.92086396598876,144.318160091047,3495100
2023-05-05,145.30203247070312,145.7567629910999,143.6980362892792,144.83901324894413,2775300
2023-05-08,144.1858367919922,145.8146358944778,143.53266950361683,145.44257793953068,2589100
2023-05-09,143.0448455810547,143.69802547761608,142.3337961711173,142.9290939383199,2180600
2023-05-10,141.85430908203125,143.84689068286244,140.43220979679884,143.64019035205524,3233300
2023-05-11,140.7463836669922,142.00312519243795,139.8782397670725,141.8212278947029,3136500
2023-05-12,140.65452575683594,141.7897794118983,139.3022429975695,141.16372069191237,3346600
2023-05-15,140.94671630859375,141.0051418426972,138.78471680277568,139.86988798852073,3048400
2023-05-16,139.076904296875,140.0952945038987,138.69291588389822,139.8114841805515,3458900
2023-05-17,143.04190063476562,143.38414913433638,139.16034156307987,139.97838807908036,3882200
2023-05-18,142.77479553222656,144.761492935452,141.70632282894547,143.27564768441428,2747200
2023-05-19,142.6829833984375,143.12541004933308,141.38078299305496,142.84994261939443,2350100
2023-05-22,143.16709899902344,143.45092195676202,141.33901829339524,143.2505785872754,2675400
2023-05-23,141.7313232421875,143.79314405179267,141.2805666251204,142.39912167323135,2660500
2023-05-24,140.00343322753906,141.6228405748433,139.77804850982199,140.94669915889003,2410500
2023-05-25,142.93341064453125,143.64294912771544,140.37909248458865,140.72134105822812,2976900
2023-05-26,143.2172393798828,144.33579488550328,142.89167652575657,143.35078893095925,2291800
2023-05-30,141.70632934570312,143.44260075268195,141.00514649015395,143.3173940774767,2542200
2023-05-31,139.40243530273438,141.25557049160298,138.81811626507303,141.12200821522333,5106100
2023-06-01,140.09524536132812,141.0051142925902,138.7429626290965,139.8281208656198,2524800
2023-06-02,142.0235137939453,142.69131234140102,140.17872173953364,140.87156161801414,2752200
2023-06-05,140.1119384765625,141.86489514822455,139.91993797615464,141.86489514822455,2314100
2023-06-06,139.89491271972656,140.78809599141334,138.71791920247873,138.99338658335787,2521900
2023-06-07,143.15878295898438,143.30068809584424,139.31895044946137,139.6945959297837,3435600
2023-06-08,143.14207458496094,143.25893838000525,141.5978039173893,143.14207458496094,3676000
2023-06-09,142.31568908691406,143.0586116767654,141.53936956201395,142.7414044797956,2838500
2023-06-12,143.15878295898438,143.42590750168475,141.93170665750284,142.60784814256425,2795100
2023-06-13,144.31906127929688,144.72809091111358,142.83321621125762,143.0001626623591,3528000
2023-06-14,145.98023986816406,147.49946945903477,144.4860388762962,144.9618497385604,4476000
2023-06-15,149.4193572998047,149.66978335109872,146.43096862534483,146.46436555868968,4162900
2023-06-16,149.0687713623047,150.479492523446,146.99860722131785,150.24576493029582,8469300
2023-06-20,147.97525024414062,149.1522310180677,147.29910882968096,147.29910882968096,3088200
2023-06-21,144.9368133544922,147.40765201711332,144.30239884979684,145.3541859550756,4935300
2023-06-22,143.05862426757812,144.82827986495198,142.70803284190217,143.70972444914776,4192700
2023-06-23,141.3140106201172,142.874992819956,140.82986960834373,141.5727923337768,11278600
2023-06-26,144.2022247314453,144.444295220693,141.25557536951248,141.25557536951248,3763100
2023-06-27,145.80491638183594,146.4894134368171,143.96847981893814,144.73644373661546,2711600
2023-06-28,146.6313018798828,146.9818932325853,144.96181196956795,145.34578751610994,2746400
2023-06-29,146.95687866210938,147.07374246762313,145.90509167528617,146.4309851686978,2301600
2023-06-30,149.6280517578125,149.9619446863814,146.54784045354924,147.40762684495297,4892900
2023-07-03,153.401123046875,153.72667315281595,148.73488787878765,148.80166902067305,3330000
2023-07-05,150.22906494140625,151.67317028528578,149.24405917693696,149.7282128256153,4820200
2023-07-06,149.65309143066406,149.75325676068397,148.2423702592903,149.13555357596312,3011100
2023-07-07,150.0537567138672,151.6898625193165,148.61799429394162,148.67643255783526,3145300
2023-07-10,151.36431884765625,152.28253074458118,149.9869818964712,149.9869818964712,2372700
2023-07-11,154.62815856933594,154.84518767016732,151.389344099038,151.86514209549065,2896600
2023-07-12,155.67160034179688,156.6565933324116,154.8201568715178,156.15575397245763,2586000
2023-07-13,154.7283477783203,156.78182626940202,154.70330644501925,155.79682045649645,2857200
2023-07-14,154.64491271972656,154.98716135635453,153.50965858001626,154.2442385343002,2213500
2023-07-17,152.54129028320312,154.01043674754504,152.2741657966701,153.9937382828376,2556000
2023-07-18,154.0688934326172,154.34434807865446,152.60808965731334,152.60808965731334,2387500
2023-07-19,155.279296875,155.654929646283,154.09396028660458,154.09396028660458,3018900
2023-07-20,156.04722595214844,157.10735562518096,154.92867075484972,155.78845705068952,2703600
2023-07-21,156.34774780273438,158.16748586750455,155.88029262048875,156.0221977481563,5071500
2023-07-24,157.21591186523438,158.05901269024793,155.02888346213237,155.1457472835836,2460200
2023-07-25,154.16905212402344,161.08908239173155,152.04044988131358,156.77345238115691,10006600
2023-07-26,153.9186553955078,154.5363713826553,151.68988740682695,152.96704644823734,4189100
2023-07-27,155.69664001464844,156.2893018281947,153.63481885827645,154.5279893794736,3251400
2023-07-28,156.8402557373047,158.30940252236562,156.67330926537494,157.25762828572874,2299000
2023-07-31,156.2058563232422,157.19920504090518,155.4295367485276,156.77347688350702,2323100
2023-08-01,154.84521484375,156.09733248399596,153.40110939841549,155.98046868039432,2823500
2023-08-02,153.05052185058594,154.72835494547206,152.62479369034943,153.55136127700587,2008500
2023-08-03,151.5062255859375,154.06054338431062,151.30588218985386,152.20740836643236,3692800
2023-08-04,151.0387725830078,152.42445243392686,150.6464413874199,152.03212123833896,4437100
2023-08-07,152.04879760742188,152.95867934339097,150.87181683032068,151.92359095151684,4411700
2023-08-08,150.7132110595703,153.86854611467842,146.93181725960426,152.80841640697028,6433400
2023-08-09,149.72821044921875,151.3977004924269,149.05206901967117,149.51952419381774,3249400
2023-08-10,150.57131958007812,152.13228878276857,150.19567410937387,150.32089351200827,3964800
2023-08-11,148.76878356933594,150.798753692321,148.16231935954264,150.15860273870817,3558500
2023-08-14,147.8337860107422,148.6171407956015,147.03359428404355,148.34759549464383,2980700
2023-08-15,145.93861389160156,147.03361937147824,145.51745892646665,146.94096476504336,2269300
2023-08-16,143.8159942626953,146.20815124931616,143.6812215965854,144.96153621937174,2500300
2023-08-17,143.8159942626953,144.498263212512,143.23479838614662,144.3382222780851,2986500
2023-08-18,144.23715209960938,145.01207566635046,143.03264225759992,143.03264225759992,2868300
2023-08-21,141.9207763671875,144.649851769249,140.72469804796114,143.95916444806286,3512000
2023-08-22,140.54783630371094,143.49592107695568,140.16036807835602,142.35037905096112,2701000
2023-08-23,142.24929809570312,142.61991650309758,140.95213366982256,141.26379706838367,2375200
2023-08-24,140.66575622558594,142.19876644473166,140.64048795627073,141.5333344124196,2207400
2023-08-25,142.2408905029297,142.64520857079677,140.53943349802225,141.02796200459062,2506900
2023-08-28,142.21560668945312,143.748616944174,141.47438268462392,142.93999374943436,1967800
2023-08-29,144.666748046875,144.8183576834254,142.3503954580604,142.63677778440967,3261200
2023-08-30,144.88572692871094,145.50904090599295,144.0265800510609,144.91942652349894,2713300
2023-08-31,142.68727111816406,145.4584774826531,142.60304785201947,144.9025499450646,3549800
2023-09-01,141.508056640625,143.76544089872567,140.95212904776312,143.63068108897036,3286600
2023-09-05,138.11354064941406,141.5248979523045,137.81030860354318,141.0868932521293,4897500
2023-09-06,136.71530151367188,138.34938458128062,135.9909145719266,138.03773406827625,3883500
2023-09-07,136.65635681152344,137.00169408738472,135.2075828188317,136.44577934575577,3013200
2023-09-08,135.6455841064453,136.8079759109845,135.27497853718518,136.8079759109845,3561500
2023-09-11,135.51922607421875,136.69003620687707,135.0559531038947,136.11727170002393,3638000
2023-09-12,131.88046264648438,133.08495959252204,130.64226610814114,132.55430026105248,6232500
2023-09-13,132.95018005371094,133.12707077259668,131.28241019442652,131.87202450299898,4071900
2023-09-14,135.3844451904297,135.51079936699924,133.9525211576976,134.5674036885961,2796400
2023-09-15,135.1822967529297,136.00775671132212,134.47474679310935,135.38444286776965,4382300
2023-09-18,133.45558166503906,134.895924386342,133.1523495890865,134.6937782374596,2729200
2023-09-19,133.09336853027344,133.65771456099358,131.82990381452234,133.33764557279017,2348900
2023-09-20,132.78172302246094,134.28103351350396,132.53745882335699,133.59034612620337,2300300
2023-09-21,130.9202117919922,132.89964504993816,130.7517523951225,132.24264440530675,3801200
2023-09-22,129.5303955078125,131.26555157900438,129.3029682709918,130.9117830176317,3206200
2023-09-25,129.976806640625,130.88650265117164,128.72177342402318,128.81441515171107,2900500
2023-09-26,127.9468765258789,129.7241510381225,127.8626532422844,128.87342261382764,3461800
2023-09-27,128.37643432617188,128.70493462030905,126.80130632635215,128.4353893263365,3419500
2023-09-28,130.9792022705078,131.0297388130338,128.39330445513298,128.56177673372665,5571600
2023-09-29,131.29083251953125,132.52061055861833,130.6085635958259,131.82149183913688,5034600
2023-10-02,130.62542724609375,130.91180954151992,129.41249887413622,130.68438225862045,3243600
2023-10-03,129.50514221191406,131.7035714816166,128.89025960697725,129.93471561767072,3687600
2023-10-04,129.47987365722656,130.87811111971436,128.4101365284434,130.05263819696648,2600400
2023-10-05,129.19349670410156,129.69887493302974,128.53649600965454,128.90710156981692,2922100
2023-10-06,129.94313049316406,130.68435434342825,128.2837792349544,128.77232043889384,2383500
2023-10-09,130.00209045410156,130.38955861429727,128.48593025516013,129.25243525193434,1765800
2023-10-10,131.0212860107422,131.77935965526643,129.9515490145841,130.14527666105104,2083400
2023-10-11,130.81072998046875,131.6025033425259,129.26930132186095,131.215035133547,2209800
2023-10-12,130.87811279296875,131.02130392973442,129.3451026476622,130.97918586536127,2340300
2023-10-13,130.62542724609375,132.55431135661667,130.20427227542126,131.50142392993544,2759600
2023-10-16,131.9478302001953,133.49769006093373,131.50140701690947,132.02364785316368,3349700
2023-10-17,132.39427185058594,132.79858988072021,130.5748921255011,130.71808327477078,2937000
2023-10-18,129.56411743164062,131.2234561415272,129.41249496341297,130.97919192107568,2974700
2023-10-19,128.08163452148438,130.67595041773868,127.84578879024565,130.11160435708686,3035100
2023-10-20,127.99739074707031,129.15976942125414,127.98054095392958,128.3174597009862,5022500
2023-10-23,124.79663848876953,127.67733681876878,124.56921121590325,127.39937300807203,4552700
2023-10-24,125.77371215820312,126.52336740575187,124.94823925664696,125.28517090604588,2802300
2023-10-25,123.76057434082031,125.4199256964304,122.9856508571418,125.2851658946894,3565800
2023-10-26,116.4156494140625,123.2215016561117,116.17979083287948,120.02915299648444,10581400
2023-10-27,113.56864166259766,117.74649143313421,112.59997759755072,116.60094949231703,6594600
2023-10-30,116.8957748413086,117.27481175155276,113.13064830411454,114.47834937679379,5665500
2023-10-31,118.97626495361328,119.03523281170138,116.42406716547346,116.760985960574,3996900
2023-11-01,117.75492858886719,119.72593070368478,116.28088623885219,119.08577979576768,3566800
2023-11-02,119.59960174560547,120.77041213364079,119.3721744464531,119.52378407746758,3904600
2023-11-03,120.33238220214844,121.97488379158143,120.29026414034186,120.64403272478681,3272000
2023-11-06,119.83544158935547,120.86306076860653,119.00996857478987,120.6356334807054,2931300
2023-11-07,119.48165130615234,119.69222875797664,118.42876404703091,119.16998793766558,2952600
2023-11-08,119.5658950805664,120.80409173785115,119.1531714298914,119.71751755524917,2896600
2023-11-09,117.88125610351562,120.39976707869587,117.81386977596324,120.39976707869587,3411100
2023-11-10,117.69380187988281,118.29885139943953,116.33884776248046,118.20511169931521,5683900
2023-11-13,117.74494171142578,118.0687721621008,116.756416232739,117.31885448817977,3211500
2023-11-14,122.00579071044922,122.51710048223629,119.22770722504681,119.33848103985414,4258800
2023-11-15,125.41448211669922,126.03656567486857,122.67048000666293,122.71309131955607,4766700
2023-11-16,125.19290924072266,126.2922081881477,124.11064441426998,125.49969245912081,3729300
2023-11-17,126.10474395751953,126.16440239751579,124.58787480771082,125.84908907766639,3320200
2023-11-20,127.45972442626953,128.06476093611673,125.158843266922,125.9939834964824,4733300
2023-11-21,127.63016510009766,127.91990127890865,126.54789995789238,127.40007436838324,3080700
2023-11-22,128.4652862548828,128.88285637724292,127.77502709580817,128.64424859393685,2640200
2023-11-24,129.55606079101562,129.56457785307975,128.46527870199023,128.82319035590655,1644400
2023-11-27,127.47674560546875,129.0532732022322,127.45971148237807,128.71239569320764,3320000
2023-11-28,128.4567413330078,128.74647743516397,126.9569064453362,127.57047289881166,3073900
2023-11-29,129.77761840820312,130.7746737818395,129.06179511705466,129.12145355955764,2981600
2023-11-30,129.1981658935547,130.44234628313671,128.47381242656417,130.25486686822504,4664400
2023-12-01,132.0103302001953,132.06145858011868,128.69537253596246,129.5219826864529,3945300
2023-12-04,132.87103271484375,133.1352047019727,130.62980985101498,130.99625160969194,2717800
2023-12-05,131.37118530273438,132.5386598624675,130.85987555224625,132.0870085509001,2485300
2023-12-06,132.33416748046875,132.99034546203882,131.62687411444767,132.1040897362621,2995800
2023-12-07,133.36529541015625,134.31120952712104,132.51312099858976,132.8284213698615,3241200
2023-12-08,133.19483947753906,134.37083111454245,132.90510334980976,132.99884303856305,2845900
2023-12-11,132.75173950195312,133.25451932457804,131.95069340996056,132.64095265850503,3742100
2023-12-12,132.4022979736328,133.8850857255916,132.01882219387593,132.89656055761907,3039900
2023-12-13,134.00439453125,134.12369840053194,131.2518754736513,131.95065156426074,4058100
2023-12-14,138.35902404785156,139.30493806955286,135.3082384013118,135.46163654158275,6401900
2023-12-15,138.853271484375,139.59465890543115,136.39900553446932,137.51535169822182,8738200
2023-12-18,137.68582153320312,139.60321389816139,137.53242338236888,139.2282550885101,3883800
2023-12-19,137.72842407226562,138.22268679076322,136.48425671462473,138.06077157225457,3926500
2023-12-20,133.7572784423828,136.8080508702883,133.3652725588442,133.68057287609116,5624500
2023-12-21,133.92771911621094,134.57536691762115,132.29154598384707,134.3026778971346,3778600
2023-12-22,134.85658264160156,135.998493080023,134.49015393501847,134.64353906712827,2332500
2023-12-26,134.66909790039062,135.10370209389993,133.8339707625474,133.8339707625474,2384000
2023-12-27,133.655029296875,135.0185135332547,133.1692966522512,134.66060184691364,3116400
2023-12-28,134.0555419921875,134.43901784068828,132.8539730641565,132.8539730641565,2254900
2023-12-29,133.98736572265625,134.80545879753,133.04998176533965,133.859544774933,2186500
2024-01-02,134.9332733154297,136.7910200204218,133.19484349349133,133.74023451636882,4363800
2024-01-03,134.2515411376953,135.74284624753022,133.09258350364053,134.02146342587352,3257200
2024-01-04,133.7828369140625,134.91623019919834,133.28857430078278,133.8339652873075,3173400
2024-01-05,135.25711059570312,135.8877242805603,133.1522389619409,133.2971070375537,2537300
2024-01-08,136.2797393798828,136.33939783416278,134.20043159718867,135.12931164982365,2469500
2024-01-09,136.2967529296875,136.56944193066028,134.8991876664405,135.5127541725633,2639500
2024-01-10,137.3875274658203,137.60908807975423,135.80248291175602,136.46717775670427,2399200
2024-01-11,135.70875549316406,137.60058345457645,135.39345516731123,137.57501926616393,3341800
2024-01-12,134.90773010253906,137.2000813686433,134.89068297328836,136.54390342556354,3474500
2024-01-16,132.36822509765625,134.78839679725684,132.206309912974,134.78839679725684,5331400
2024-01-17,131.71205139160156,131.9336250209576,129.54753449510886,130.868407197199,3930000
2024-01-18,133.390869140625,133.72321666477512,131.08148360190646,132.3086039196642,3095800
2024-01-19,133.69766235351562,134.48166136579187,132.10410013315047,133.75732081251292,3097600
2024-01-22,135.1548614501953,135.73433378528702,134.05554922164038,134.45607221925042,2631600
2024-01-23,136.39901733398438,136.73989485826348,135.18041431794998,135.52127883908113,3443000
2024-01-24,133.43344116210938,137.0466645423822,133.39082985040528,137.0210873528424,3187600
2024-01-25,136.10079956054688,136.62914360679082,134.77992644178562,135.11227398751188,4070000
2024-01-26,135.7514190673828,137.49837963258864,134.85663311904298,136.40759716325238,2818200
2024-01-29,134.6605987548828,135.28268240949038,133.3652900603795,134.99294624193607,5459700
2024-01-30,123.61640930175781,127.40006550150358,123.19885219169444,125.09919735394561,16983600
2024-01-31,120.92353820800781,124.0680637217759,120.92353820800781,123.40336875174432,10906800
2024-02-01,121.35814666748047,121.60527149611676,118.96353893570766,121.00875207945329,6774900
2024-02-02,120.88092803955078,121.34109643401123,118.92092457513505,120.90649222795705,4343000
2024-02-05,118.52040100097656,120.37813469892863,118.36700286819148,120.37813469892863,4536700
2024-02-06,124.3492660522461,124.78387024229208,120.45483645841603,120.76161971113885,7566800
2024-02-07,125.4741439819336,125.9428294271163,123.64196150266997,124.48561870966417,3985200
2024-02-08,126.0535888671875,126.18993984129814,124.28959527603024,125.0991580547022,3316400
2024-02-09,124.63899993896484,125.97691974025629,124.34074675618851,125.86613292780244,2825900
2024-02-12,125.65310668945312,126.07919386914143,124.71572269602811,124.8435436486751,3253700
2024-02-13,123.48006439208984,125.01398090071163,122.11659316465328,124.42597848881083,3706000
2024-02-14,122.90057373046875,124.32370319486337,122.2614430307207,123.73570087059159,3831400
2024-02-15,125.25259399414062,125.68721127515681,122.85798592799598,123.79538300160948,3855400
2024-02-16,127.88948059082031,128.38928606946035,124.89927344295447,125.51972071650971,5442400
2024-02-20,128.08767700195312,129.06143710041016,126.70028976434243,127.43276626921237,4254900
2024-02-21,127.7688217163086,128.7684193909972,126.70027085492072,128.22553796093356,3017100
2024-02-22,129.02694702148438,129.15621452888098,126.83815660863253,127.36381291452147,3027500
2024-02-23,128.07907104492188,129.61295103297132,128.01013099333903,129.21654902361266,2414200
2024-02-26,127.10529327392578,127.76020394970853,126.29526421634512,127.60509871687914,3052900
2024-02-27,127.7688217163086,128.24277625760837,126.99325615355414,127.10528535848891,2382200
2024-02-28,127.33796691894531,127.8549975214253,126.7261322513632,127.04496844700763,2258700
2024-02-29,127.76017761230469,128.8718174809613,127.32069972758337,128.25998295222456,3338600
2024-03-01,127.58784484863281,128.05318678826887,126.53653234674915,127.54475568400474,2936200
2024-03-04,129.7852783203125,131.18990375369654,128.0962801406561,128.46683122784808,4562200
2024-03-05,128.96664428710938,130.60392766944045,128.39789876100593,129.32856967218353,3614400
2024-03-06,131.45704650878906,131.88791194267628,129.57846637957655,130.12136103394474,3471200
2024-03-07,132.1981201171875,133.45623967354703,131.38809109239733,132.04300174166886,3514800
2024-03-08,132.6720733642578,133.74061108945878,131.73277684427686,132.64620934445236,3448900
2024-03-11,133.3528289794922,133.76645604356588,132.31012902228142,132.61174003400288,3266000
2024-03-12,135.6192169189453,135.8605005255558,133.01678584882308,133.38732383434262,3879500
2024-03-13,133.3614501953125,136.9376408060368,133.1804940957269,135.93802994986075,4244800
2024-03-14,132.6117401123047,133.32697818852216,131.54318928476883,133.13739637800828,4101600
2024-03-15,132.16363525390625,133.31836440261787,131.78447163632634,132.21533699285493,8821700
2024-03-18,130.7159423828125,132.99952365984134,130.54359885889923,132.7754783936509,5181600
2024-03-19,132.01715087890625,132.40492709427528,129.44058430083186,130.0437932079579,4210000
2024-03-20,133.3614501953125,133.4131650870194,130.99169056068735,131.41394337466727,2862300
2024-03-21,133.8440399169922,134.49895061949627,132.96507078152345,133.7061598273169,4036400
2024-03-22,134.6626739501953,136.97210615100596,134.45585382740413,136.7049717105059,3939400
2024-03-25,134.9212188720703,135.5502787732238,133.58553329235684,133.95607128308666,3807700
2024-03-26,123.90827941894531,136.14486862859897,123.25336867336583,135.59336138259258,18208800
2024-03-27,126.95880126953125,127.18284654553963,124.11508697895927,124.42531059518473,7078800
2024-03-28,128.07907104492188,128.44099645400397,126.3642217778462,126.9071164659545,5197000
2024-04-01,127.20870971679688,129.23378256697214,126.08847007947767,128.5185443507181,5421900
2024-04-02,128.52716064453125,130.12136809602427,127.04498241959931,127.24318999720283,4935000
2024-04-03,131.21572875976562,131.29328136192422,128.57020937287194,129.94035794020476,4314200
2024-04-04,129.25961303710938,132.95643218442487,128.854598531009,132.10332715371933,3689100
2024-04-05,130.4315948486328,130.73320593547353,127.69128363784556,128.99250576504744,3374000
2024-04-08,129.35443115234375,131.1812965264994,129.26825279927314,130.87969858869346,3196400
2024-04-09,129.7508087158203,130.2678392898956,128.61331778471214,128.85460134907422,2664300
2024-04-10,126.89848327636719,127.96703428958605,125.89888545964521,127.7343632728026,4024400
2024-04-11,128.40650939941406,128.58747866370652,126.76061346689345,127.05359880053906,2232500
2024-04-12,124.87342071533203,127.79468777288699,124.39085354283446,127.57925506023848,4123900
2024-04-15,124.82172393798828,126.27803808834206,123.59805451033063,125.7006799733325,3271000
2024-04-16,123.1327133178711,124.70106968323398,122.97760808558782,124.55456387634179,4197100
2024-04-17,122.58123016357422,123.58945381797453,121.80567755218046,122.79666290551371,4165700
2024-04-18,123.00347137451172,123.49465114196057,122.26238228675415,123.29645671993524,3430600
2024-04-19,123.0293197631836,124.19264854614191,122.83973792021803,123.35676855187631,5118500
2024-04-22,125.26118469238281,125.87301932188966,122.84833591739117,123.40846880476437,4578500
2024-04-23,128.28585815429688,129.0355728808772,125.16639691056405,125.81269500132427,6371100
2024-04-24,126.34698486328125,127.50171430374392,123.8996721756192,127.47585027876767,5284700
2024-04-25,127.010498046875,127.90669226482825,125.19224559074001,127.49306517569353,3553300
2024-04-26,127.1828384399414,128.15659839666682,126.53654037640885,126.53654037640885,2607600
2024-04-29,128.01011657714844,130.01795097560588,127.38105675713257,127.76020727468357,2654700
2024-04-30,127.08806610107422,127.7257516838982,126.38145361916034,127.13976784987649,2402900
2024-05-01,125.74375915527344,127.65680261966072,125.26980457644437,126.92432616610957,2842200
2024-05-02,126.864013671875,127.37243170513057,126.31250646738427,127.08805895374128,2038800
2024-05-03,126.18324279785156,127.70851009305449,126.17463022292972,127.4930773792845,2039300
2024-05-06,126.39005279541016,127.37242536541889,125.95918740244198,127.16561839213387,2073600
2024-05-07,126.75199127197266,127.32073680533294,126.13154398993773,126.99327486510072,3403500
2024-05-08,127.33796691894531,127.47583385689202,125.74375964278552,125.91610317694553,2799600
2024-05-09,127.58784484863281,127.87221755641777,126.86399421916218,127.60508314427743,2510600
2024-05-10,128.40692138671875,128.94715091949212,127.65758275317853,128.0932444402289,2504500
2024-05-13,131.22128295898438,131.37811475766972,128.82514409104058,128.82514409104058,4185600
2024-05-14,128.903564453125,133.67841216713296,128.85128718508668,131.92705721116036,3597300
2024-05-15,128.903564453125,129.82716497603604,128.77285798769142,129.3566562683534,2695900
2024-05-16,130.40225219726562,130.7246375734692,128.41563607704563,129.39151394793578,2298700
2024-05-17,130.0363006591797,130.44582369453184,129.1126867463533,130.33254740529088,1956700
2024-05-20,128.59860229492188,130.32383199671986,128.3372026465884,129.23467787477898,1812700
2024-05-21,126.70780181884766,128.7118475796398,126.44640223346866,128.46787817870876,2750200
2024-05-22,125.27015686035156,126.25474316657247,124.40754199121487,125.83651169759953,3590500
2024-05-23,121.20108032226562,124.75606780293428,121.14008130750305,124.607944432518,4437200
2024-05-24,120.81768798828125,122.41221117018685,120.18161242759446,122.23793587965797,2995400
2024-05-28,119.87665557861328,121.30562519167842,118.70908560233742,120.24260975198314,3314700
2024-05-29,117.11456298828125,119.30157959241772,117.01871689752335,118.77879361174202,3996900
2024-05-30,119.24930572509766,119.36258200704363,116.39136640414215,117.0099984932203,4077000
2024-05-31,121.05294036865234,121.17493839486399,118.6045240091242,119.850523248714,5887400
2024-06-03,120.60858917236328,121.8022980326635,119.67628000357115,121.67160483457975,2728300
2024-06-04,118.17758178710938,120.51272181681476,118.06430550517919,120.16419781980562,3874800
2024-06-05,119.86793518066406,119.97248970681981,117.80289022173247,118.63064457625067,3109000
2024-06-06,119.8592300415039,119.99864495924612,118.36927465606627,119.37999957135149,2852500
2024-06-07,119.9289321899414,121.62800987675749,118.83106967584588,119.28414819543835,3209300
2024-06-10,119.96378326416016,120.29489036632563,118.85721226700177,119.17088918080638,3633000
2024-06-11,119.67626190185547,120.22518654611983,118.89206294594574,119.1621710446905,2659800
2024-06-12,118.8746337890625,120.73927845147767,118.68295489098168,120.6608492484688,3484600
2024-06-13,117.53279876708984,118.77879799290119,116.59176801275818,118.77879799290119,4944200
2024-06-14,118.19499206542969,118.23856088645206,115.7988531579118,116.8444516810987,3800200
2024-06-17,118.36925506591797,118.75262608325353,117.34979528206996,118.07299509091229,4117600
2024-06-18,116.93157196044922,119.58040196055727,116.68760252561519,118.76135601704145,4104100
2024-06-20,119.25801086425781,119.79824032865471,116.43493199850383,116.77474753957932,4165700
2024-06-21,119.02277374267578,120.7566986828889,118.75265233878125,119.04019063685809,9144100
2024-06-24,120.76541137695312,121.67158173408352,119.4932735439894,120.06835009705539,3695900
2024-06-25,117.07100677490234,120.27747034680549,116.80089866149454,120.27747034680549,4818700
2024-06-26,120.37330627441406,121.07036756014865,117.71578089651686,118.91819798668739,6104300
2024-06-27,118.35182189941406,120.23388304403522,117.79417563011917,120.23388304403522,3732500
2024-06-28,119.24059295654297,119.54554811908048,118.23856323447974,118.6567946748574,6609600
2024-07-01,118.45641326904297,120.32976655147267,118.1165976757226,119.05762854076515,2668200
2024-07-02,117.55023193359375,118.46512407587139,116.80960179571692,118.16015559666594,3280400
2024-07-03,118.10786437988281,118.92691032873445,117.79418749086172,118.27341791788523,1539900
2024-07-05,118.80492401123047,118.90077009534494,117.14069350312326,117.51535609853813,3237500
2024-07-08,118.0904312133789,119.65010717330925,117.98587668478892,118.80492261297533,2773700
2024-07-09,117.00127410888672,118.38667475718006,116.69630568149998,117.85516709209855,3116800
2024-07-10,118.19499206542969,118.29083815354392,116.59176049637145,117.05356074946607,2834800
2024-07-11,120.45172119140625,121.15749083996343,118.29955187314563,118.40410640023956,3449600
2024-07-12,124.0328598022461,124.93032161265243,120.84381377742189,121.11392183555668,4801300
2024-07-15,125.60123443603516,126.55969527778831,124.38138726956475,124.6079265160987,4164000
2024-07-16,128.3720703125,128.5811927021079,125.49670060825268,125.49670060825268,3805100
2024-07-17,128.41563415527344,128.7728666092318,127.56172773568464,128.0758185949354,2863600
2024-07-18,126.13274383544922,129.08652900291594,125.86263576601382,127.2306195955249,3412900
2024-07-19,126.49872589111328,127.10866291250046,124.80836964902275,127.09994116940975,3073800
2024-07-22,126.49872589111328,127.36134085066995,125.20046252324302,126.99538661504168,3629800
2024-07-23,111.25055694580078,115.24121252635669,108.8979867427466,113.39401142245815,25353900
2024-07-24,111.99118041992188,112.61853424685832,108.741148299361,110.2311103145005,11642500
2024-07-25,110.7277603149414,112.87992980819675,110.25724496175584,112.6359603615825,7761900
2024-07-26,112.25257873535156,113.15004064194969,111.93019337919631,112.2612871817505,7271300
2024-07-29,112.0608901977539,112.60982813152154,111.22442062707906,112.522690483345,5414300
2024-07-30,112.42684173583984,114.02136493341189,111.9301943798993,112.13930345804769,4747700
2024-07-31,113.59440612792969,114.2740371890116,111.05014387189577,112.61852835721461,7025800
2024-08-01,113.77738952636719,115.44162009470314,112.93220492549865,114.17819076874224,4790600
2024-08-02,111.58164978027344,113.82966529045247,110.83231127688042,113.16746442747105,5099000
2024-08-05,109.80416107177734,111.48581533319063,109.61247552679811,110.50993747631698,5243000
2024-08-06,108.47974395751953,111.34639823010116,108.41003650250792,109.83900609190191,5608300
2024-08-07,107.45159149169922,110.75390767022823,107.39059912524277,109.13324576419195,4741900
2024-08-08,109.9697036743164,110.08297330065781,107.27731809395425,107.34701889988122,3823200
2024-08-09,109.62989044189453,110.08297560441076,108.63658247420959,110.08297560441076,3825000
2024-08-12,108.79342651367188,109.89129572034312,108.54074196186909,109.79544962663624,2549500
2024-08-13,110.21367645263672,110.62319944532985,108.78470684898551,109.18551474779802,3057600
2024-08-14,110.15269470214844,110.48380182481927,109.55148611984787,110.10041742916651,3155700
2024-08-15,112.00861358642578,112.74923041893292,111.42482191948434,111.42482191948434,4448300
2024-08-16,112.967041015625,113.32428669780411,111.85174844788119,111.97373315699892,3255900
2024-08-19,113.78770446777344,114.60835953187589,112.63173999643963,112.73763249265178,3157800
2024-08-20,113.72594451904297,114.008311049931,112.58761867600569,113.68182096166755,2342300
2024-08-21,112.86115264892578,114.52009443521368,112.587598759746,114.40537589925464,4895900
2024-08-22,111.9258041381836,113.10824005737975,111.3081147374557,113.10824005737975,5083000
2024-08-23,112.92294311523438,114.06125550938509,112.01405437213975,112.53467734835522,6310300
2024-08-26,114.0612564086914,114.3436364103279,113.29355765924898,113.71711419708416,4501400
2024-08-27,112.86115264892578,114.47597088564352,112.28758016605595,114.41420868793881,3214000
2024-08-28,112.23465728759766,113.62004543151977,111.7581511430434,112.60527093370331,3361100
2024-08-29,112.04934692382812,113.2053046507386,111.8552140489617,112.96706168445434,3477600
2024-08-30,113.43474578857422,113.56710299677042,111.96992984964606,112.5170309953258,4116100
2024-09-03,112.5082015991211,113.23179022144234,112.11993584710666,112.58761592168251,5821200
2024-09-04,113.76123046875,114.2995055308497,112.18170278039457,112.67586101929669,5710400
2024-09-05,112.41996002197266,114.09655415872865,111.79344457663461,114.08772136879212,5311100
2024-09-06,112.54350280761719,113.07295183907468,111.81109483574099,112.65821463253491,3590200
2024-09-09,113.72594451904297,114.4671718103207,112.60527079187972,112.77293223113476,3770800
2024-09-10,114.56423950195312,114.8466060359251,113.41709432075952,114.21126450371386,2590100
2024-09-11,113.39061737060547,114.07008242766655,111.48459286656383,114.07008242766655,3404400
2024-09-12,113.32002258300781,113.87594976386478,112.49055493899692,113.72594044585647,3443500
2024-09-13,112.27875518798828,113.64649771778899,110.88454122111463,113.54061196949722,5214500
2024-09-16,113.75241088867188,114.28185315971292,112.92293651962702,113.11706939172767,4589600
2024-09-17,115.2878189086914,116.0378790258854,114.20244936166074,114.71425302939241,3141700
2024-09-18,115.2878189086914,116.59380625309083,115.12017092608303,115.59667036038775,2939600
2024-09-19,116.59378051757812,117.86446334807529,116.29374845815406,117.14087483335781,4092300
2024-09-20,113.47887420654297,114.0083165266234,111.66108992584566,113.39062708755293,14211500
2024-09-23,113.60240936279297,114.18479455441603,112.81705176298732,114.16715590273809,2991700
2024-09-24,114.29067993164062,114.54657499614363,113.49649636996843,114.18478071131355,3829500
2024-09-25,116.04669189453125,116.31141977202309,114.04361435915915,114.30832877203183,5048200
2024-09-26,117.65269470214844,118.4468648490224,116.98206243289086,116.98206243289086,3997100
2024-09-27,118.47332763671875,119.65577690996338,118.21743257485271,118.21743257485271,4104400
2024-09-30,120.30876922607422,120.82939219193963,118.91454830209797,118.91454830209797,4115600
2024-10-01,117.59974670410156,120.41465979082952,116.48789238931325,120.2734698040916,3658500
2024-10-02,117.37031555175781,118.58805568594258,116.95557836010413,117.7938855334162,2258400
2024-10-03,115.34957885742188,116.99969473271803,115.00543668384091,116.99969473271803,3635000
2024-10-04,115.8172607421875,116.86733939392226,115.08485282993033,116.34671646285625,3270500
2024-10-07,115.77313995361328,116.2849435719208,114.84659915261895,115.63194996277977,1955600
2024-10-08,115.56137084960938,116.28494600468626,115.15545298362558,116.04668957324753,2618200
2024-10-09,117.36149597167969,117.75858104708114,116.26729371836514,116.41730303731151,2703900
2024-10-10,117.22030639648438,118.31450865370437,116.96441131374931,117.10560130783297,2462600
2024-10-11,118.77338409423828,119.03809853511622,117.44975803136617,117.59976736940388,2429800
2024-10-14,118.74687957763672,118.98512250807318,117.59090182773492,118.24389535081492,2319600
2024-10-15,118.06744384765625,120.36172087353515,117.95272528374525,119.07339908572612,2957500
2024-10-16,119.8675537109375,120.23816733307955,118.69393717517849,118.69393717517849,4056700
2024-10-17,119.48812103271484,120.21169616387294,119.10867462003195,119.87638677048584,3800700
2024-10-18,119.94699096679688,120.40585178583876,119.29401070680521,120.13230454561297,3237500
2024-10-21,115.88787078857422,118.11156625375277,115.69373789675434,117.82036691602296,4414000
2024-10-22,115.88787078857422,116.56733590994378,114.51130189357512,115.43784279278452,3280100
2024-10-23,115.95845794677734,116.56732802405634,115.19074575756426,115.80844862499572,3454500
2024-10-24,122.08241271972656,127.95930044717916,120.51171133896813,127.95048112332917,11959800
2024-10-25,121.27059936523438,123.82961753570288,121.04999504698463,122.07360231517202,4916700
2024-10-28,119.42634582519531,121.58826536656247,119.2763365104069,121.18236097704524,4069000
2024-10-29,118.5174560546875,120.07051899746867,118.21743742787508,118.90572179038278,3061700
2024-10-30,118.06744384765625,119.4087219866228,117.89096307099175,118.24392462432075,2754600
2024-10-31,118.2968521118164,119.05573147084641,117.3879634389177,117.93505781474686,3303600
2024-11-01,118.28804016113281,119.45282397980708,117.74093228657709,118.75572024664997,2266700
2024-11-04,117.36149597167969,118.92337829718555,116.56732582087677,118.56158398786958,2422200
2024-11-05,118.10272979736328,118.1203819136954,116.54086084977118,117.09677460034649,2537900
2024-11-06,118.17330932617188,119.82342517476269,116.65555067119396,119.43517291862558,5624600
2024-11-07,118.37626647949219,119.47928802128627,118.27920004522957,119.25868371292745,3075500
2024-11-08,116.86734771728516,118.34980229734968,116.69086695269927,118.34098297173712,3111700
2024-11-11,116.13494110107422,118.00566146371641,115.80845100956915,117.06148195668037,4684100
2024-11-12,114.8377914428711,116.7438161180555,114.72307288063816,116.41731254815096,3243500
2024-11-13,117.96153259277344,118.51745977402138,114.5377627874899,115.287809378059,5345600
2024-11-14,117.04381561279297,118.18212786413977,116.51435991263021,117.9350521279619,2971300
2024-11-15,118.3056869506836,118.3409777161858,116.55849110440475,116.7261525359322,3337600
2024-11-18,120.70860290527344,120.86938632599173,117.9394369744522,118.1806257358637,4037800
2024-11-19,118.98456573486328,120.36022078098696,118.51112972856104,120.36022078098696,3835900
2024-11-20,117.99302673339844,119.18108749468176,116.85857407387995,119.1453623905054,3848600
2024-11-21,117.3498764038086,118.4039510816208,117.02829591587171,117.70719562948,3014700
2024-11-22,120.43169403076172,120.67286917183706,117.62678924772509,117.62678924772509,3677500
2024-11-25,122.86138153076172,123.87078946893158,121.46787080959487,121.46787080959487,5029000
2024-11-26,120.5567398071289,122.90605041046236,119.97610124232287,122.57554209056244,3424800
2024-11-27,121.19989776611328,122.46836394800034,120.73540322971445,120.73540322971445,2453400
2024-11-29,121.23562622070312,121.99491756556216,120.27088486254104,120.41381253715763,1533500
2024-12-02,119.7170639038086,121.61080799296805,118.93097527947793,121.61080799296805,2832300
2024-12-03,115.86703491210938,119.88678381440243,115.68836850107404,119.66346443094172,5604700
2024-12-04,115.03628540039062,115.79557679379772,114.16087719047479,115.79557679379772,4793200
2024-12-05,113.97327423095703,115.840220955599,113.8482159247689,115.599045841736,4632500
2024-12-06,112.20458984375,114.83082793366867,112.0259370657986,114.4288557756947,5745000
2024-12-09,114.8129653930664,115.04521265517835,112.15100204142169,112.71376445907804,6139500
2024-12-10,116.3226089477539,116.94790053515754,114.39312608062183,115.50079519997566,6415900
2024-12-11,115.33998107910156,116.56378046586498,115.11666171447794,116.42085280122612,7485500
2024-12-12,115.21493530273438,115.6258489756499,113.9822147294885,115.4650519278712,4980100
2024-12-13,115.01841735839844,115.26853399268659,113.9643563468033,115.25960612372425,4284800
2024-12-16,114.8308334350586,116.39406917010903,114.5449780723748,114.85763067151845,4515900
2024-12-17,113.73209381103516,115.10774201252471,113.24972313140894,114.3395227985089,3549500
2024-12-18,110.60562133789062,113.5623677237531,110.54309218461509,113.3569177123477,4849400
2024-12-19,109.56049346923828,111.35598326279664,109.2746449242829,110.82894596152983,6391800
2024-12-20,112.26712036132812,113.28545620138803,108.98879345841301,110.80214575579748,12899000
2024-12-23,112.32965850830078,112.49044874934877,110.98974210462323,111.9544835509112,3419000
2024-12-24,112.78522491455078,112.82988470276983,111.21305452467018,111.84728076478201,1579200
2024-12-26,112.87455749511719,113.49984908580349,112.05274374302456,112.17780206116181,3011100
2024-12-27,112.6512222290039,113.32118033115951,111.97232944390635,112.41896817867675,2904000
2024-12-30,111.94554138183594,112.40111483687298,110.95400276419655,111.79368583521251,2953900
2024-12-31,112.64228820800781,112.66908544182492,111.69541626558345,111.99912733573228,3400800
2025-01-02,110.65028381347656,113.64276200607465,110.35550060966997,113.48197178719526,3050500
2025-01-03,110.57882690429688,111.06119759114263,109.65875213343371,110.73068244964645,3490400
2025-01-06,110.95399475097656,111.65968477658453,110.59668239665822,111.3916988070542,5049200
2025-01-07,111.64183044433594,113.51771192364448,110.77535013625608,111.82048322706369,3725300
2025-01-08,113.23186492919922,113.24972748164932,111.85621667486714,112.47258036948244,4536300
2025-01-10,110.12325286865234,112.04380092224392,109.78380986052531,111.6686259950772,5231800
2025-01-13,111.66862487792969,111.81154573749195,108.58681333946241,110.17684623740496,6939200
2025-01-14,112.41004180908203,112.49044033117306,111.26664765393605,111.99020709208838,4247600
2025-01-15,113.86608123779297,114.30378529386907,113.07106482739981,113.89287847171265,4315900
2025-01-16,116.0724868774414,116.71564780303467,115.02735378093578,115.68837044366563,5471300
2025-01-17,115.88490295410156,116.64419439062624,115.6169169394261,116.26007792251326,4261100
2025-01-21,118.68978118896484,119.31508636496689,116.26006521408098,116.50125396395796,5282700
2025-01-22,118.40394592285156,119.19002092441046,117.2426823431007,118.5022070018382,4420700
2025-01-23,119.35081481933594,119.40440929185014,117.92156527739928,118.75232049237093,3282600
2025-01-24,118.83270263671875,119.60984968629258,118.38606389460365,119.16321094417746,3212300
2025-01-27,121.71800231933594,122.25397433785578,119.46695255435576,119.60986661300436,4944400
2025-01-28,120.9676284790039,122.37008059297064,120.90510614639528,121.27133953529017,3094500
2025-01-29,119.5026626586914,122.00384238055356,119.36867648604982,121.51253703031284,4262100
2025-01-30,102.6375961303711,105.38889273453515,97.9210915604711,104.86185541421021,41170400
2025-01-31,102.03909301757812,104.14722167229105,101.26193913002514,102.73584838530385,15844600
2025-02-03,99.41287231445312,100.54733195214129,97.72457807011999,100.34188190535707,12635200
2025-02-04,99.84162139892578,100.18107120458937,98.44811070458661,99.45751180815712,9347800
2025-02-05,99.95775604248047,100.64557673552453,99.16273959337111,99.79696581596585,7122900
2025-02-06,101.36019897460938,101.71751133749878,100.28826188594115,100.35972572155232,6318200
2025-02-07,101.03862762451172,101.79791220451962,100.60092351853469,101.71752049359544,4830700
2025-02-10,101.9765625,102.52145550413164,100.7259726390672,101.40485863100707,6101500
2025-02-11,102.30707550048828,102.46786573019234,101.31553688650766,101.83363949501708,4589100
2025-02-12,102.0658950805664,102.58399088160974,101.19941476401377,101.2530092363228,5172900
2025-02-13,103.2986068725586,103.73631092794666,102.14627810965973,102.31600301110596,5854000
2025-02-14,103.81672668457031,104.29909741996774,103.3164933953437,103.67379899326704,5942300
2025-02-18,104.57780456542969,104.90398784449779,103.21870987355028,103.789534068276,5407800
2025-02-19,104.197265625,104.59593563598135,103.51771824048913,104.16102226830047,4252000
2025-02-20,105.64696502685547,105.6741458161239,104.06135446753774,104.17008453732494,5801200
2025-02-21,105.4023208618164,105.87347062676828,104.4328336325486,105.51104400842149,6459900
2025-02-24,105.24830627441406,106.98794598654148,104.9764845450819,105.6288511653081,6269900
2025-02-25,107.01512145996094,107.22351211774328,105.52011584833978,105.52011584833978,4985600
2025-02-26,105.90971374511719,107.43190000862943,105.75568467929287,107.00604925146934,3445300
2025-02-27,106.5802001953125,107.57687513764192,106.00032036307331,106.00938292965255,4821600
2025-02-28,107.84869384765625,108.39233034608661,106.73424006278098,106.73424006278098,8754900
2025-03-03,108.05709075927734,109.61552044804492,107.61311484867078,108.56448389972704,5165100
2025-03-04,105.81910705566406,107.5134474896373,105.64695285983913,107.3594115136669,5387000
2025-03-05,107.8396224975586,108.35607816591076,106.29931805867321,106.44429146656068,6812000
2025-03-06,109.18061065673828,109.25309736850764,107.06948183727049,107.76715434080229,5742100
2025-03-07,110.19540405273438,110.23164740867476,108.11145601879885,108.36515259766821,5635800
2025-03-10,109.28933715820312,112.08000634312889,108.77288145094704,109.66988201350485,6279900
2025-03-11,105.42950439453125,109.25309183789078,105.04895954607603,108.97220757218177,6498300
2025-03-12,104.4328384399414,105.16674736416115,104.15195416861839,105.01271829090496,4970900
2025-03-13,104.4056625366211,106.4352421099467,104.161021608627,104.89493056718243,4629100
2025-03-14,105.79193115234375,105.93689765600882,104.27880049792796,104.91304882551248,4020700
2025-03-17,106.96981048583984,107.62217704285219,105.93689907480797,106.0093857839678,4427900
2025-03-18,107.69465637207031,107.82150464805102,106.78859330780098,106.95168493587796,3930700
2025-03-19,106.43523406982422,107.70372379959848,105.33889854209953,107.25069224701573,5010300
2025-03-20,105.99127197265625,107.10572579332346,105.32984282130279,105.34796104299001,3655600
2025-03-21,104.28787231445312,104.57781226021251,101.89586603375979,103.61738748601834,19575300
2025-03-24,104.92211151123047,106.18153868841328,104.42377403275685,104.84962480295923,6611600
2025-03-25,99.62163543701172,105.10331997674614,99.56727386288497,104.94929090824509,10645500
2025-03-26,100.58206939697266,101.79619066582917,99.99312698344258,100.301185127703,6609200
2025-03-27,100.58206939697266,101.27973496131791,100.04748855885018,100.40991519123122,4031700
2025-03-28,99.35888671875,100.88106614959891,99.3226433638184,100.80858635244881,3284100
2025-03-31,99.65789031982422,100.4461677994202,98.12664819883484,98.76995224703738,6536100
2025-04-01,98.9964599609375,99.75754967543008,98.0179101171215,99.67600731146865,5877400
2025-04-02,99.84815216064453,100.11997385928433,98.38938999755105,98.62496834219135,4540000
2025-04-03,90.71504974365234,97.3021261421742,90.57913888160242,96.71318368176694,10057700
2025-04-04,88.53143310546875,91.14089259348368,87.49852162608492,89.0931947695619,9567700
2025-04-07,86.5833969116211,89.88146639638373,84.47227491582554,86.0760037332618,8729800
2025-04-08,83.28531646728516,88.61297178984226,82.18898097247575,88.61297178984226,8233800
2025-04-09,90.29825592041016,90.77846827894783,82.04402015560277,82.61483744566796,8849800
2025-04-10,87.48946380615234,88.91198280935181,85.15182591226923,88.90292715415099,7553700
2025-04-11,87.96060943603516,90.33449038865716,84.81656930047765,86.75554382618687,5544100
2025-04-14,89.40125274658203,91.45802004630995,88.7851295046754,89.22004287478563,4926900
2025-04-15,87.43508911132812,89.31063945099007,87.18139254947438,89.23815274397104,5767000
2025-04-16,85.35114288330078,87.57100166828045,84.73501968703746,87.38978489719536,4632800
2025-04-17,87.37165832519531,88.17805386948551,85.7679298024812,86.02162634503826,4740100
2025-04-21,87.20858764648438,87.29013002072642,85.7317070403729,86.59246436114871,3930800
2025-04-22,87.74315643310547,88.61298318297206,87.03642824746325,87.22670068877358,4305300
2025-04-23,88.07840728759766,90.4432329119623,87.86095404418309,89.3197164228207,5817200
2025-04-24,89.62776184082031,89.68213032846467,87.2448183325848,87.88812231588686,6641000
2025-04-25,88.712646484375,89.38313128094727,87.98779319806594,88.83043220549709,4577700
2025-04-28,87.96966552734375,89.66400606042538,87.45320982237216,88.70358135956563,8664600
2025-04-29,87.64349365234375,89.51904414151548,86.54715113124622,86.9820644953167,10314600
2025-04-30,86.34781646728516,87.47133277926729,85.2333558091783,87.40790863857588,9305800
2025-05-01,85.71356964111328,87.06360175233215,84.78032573494477,85.9400854207741,7501500
2025-05-02,87.344482421875,88.48612383989887,86.88238831484179,86.98205580680411,5689600
2025-05-05,86.5833969116211,87.3897926041051,86.08506630079353,86.68306441632933,5406800
2025-05-06,84.9977798461914,86.54714696592096,84.9977798461914,86.07599718084064,5154300
2025-05-07,85.13369750976562,85.51424239501515,84.44508754166152,84.90718170958658,5890000
2025-05-08,87.84281158447266,88.38645495486693,85.5776539168719,85.79511403011465,6649600
2025-05-09,86.88239288330078,88.53142750150597,86.71023867672952,88.06933337017489,5619000
2025-05-12,91.70264434814453,93.17952469367131,90.92342953909751,91.14088274475561,8336500
2025-05-13,90.43416595458984,91.92917162001991,89.98113435371488,91.85668490482864,7031800
2025-05-14,90.28919219970703,90.75128633111972,89.50091478879281,90.47040206044652,6175500
2025-05-15,90.92343139648438,90.97779988354412,89.91770079479052,90.51570576345732,4523300
2025-05-16,91.80232238769531,92.1013249002719,90.92343998493516,91.76607903046965,6321200
2025-05-19,91.27737426757812,91.30500225454804,90.59585815868361,90.66032580376219,6217700
2025-05-20,89.84066009521484,91.16685261594881,89.67488515181734,90.81688641386346,4671800
2025-05-21,88.27499389648438,89.51830228417808,88.23815424462998,89.05781717566595,5298600
2025-05-22,89.30648803710938,89.59198657180647,87.72241805147611,88.18290318560459,5179900
2025-05-23,87.83293151855469,88.56970347120213,87.70399625118026,88.05396240170441,3318500
2025-05-27,89.84066009521484,89.99722336774413,88.35789727550547,88.80917077780298,6117400
2025-05-28,89.09465789794922,90.30113367472889,88.9012549932239,89.93274417820415,3816500
2025-05-29,90.3471908569336,90.55901713124385,89.14993360551397,89.59199544324096,4593900
2025-05-30,89.8314437866211,90.25508928088851,88.99335744203316,89.99721872146014,6763200
2025-06-02,89.6656723022461,89.82223557271726,88.35789611399387,89.58278131841392,4274800
2025-06-03,90.32877349853516,90.64190004443954,88.61576808761573,89.27886786299695,4098100
2025-06-04,90.76162719726562,90.96423476400159,90.06168779166816,90.50374960729592,3933800
2025-06-05,89.21440124511719,90.99187431982736,88.94731899771608,90.93661132027961,4584200
2025-06-06,90.4853286743164,90.94581380751903,90.19061847012455,90.19061847012455,3043400
2025-06-09,91.46155548095703,91.9128359733622,90.66031584109238,90.71557180896015,4037200
2025-06-10,94.36260986328125,94.54680812698457,91.72863441710882,91.78389740944247,6902500
2025-06-11,93.16535186767578,95.154643911326,92.97194193604547,94.50075589100165,4917400
2025-06-12,92.94432067871094,93.07325595816393,92.26280462639575,93.07325595816393,3106400
2025-06-13,92.09703063964844,93.46927442877437,91.82994840761995,92.4562084970274,4240000
2025-06-16,93.10088348388672,93.46006836224454,92.58514236861717,92.94432022052928,4293700
2025-06-17,91.79310607910156,92.935114284818,91.47076788653871,92.59435275185406,3800500
2025-06-18,91.36946105957031,92.32727099838792,91.15764182899704,91.74706224881623,4363000
2025-06-20,91.42471313476562,92.56672129767188,91.27736154930874,91.84836563076186,11096600
2025-06-23,92.46542358398438,92.51146788513799,90.92740480182127,91.2957873168345,5077200
2025-06-24,92.66803741455078,93.56137273513953,92.19834057742452,93.22061820893379,3686800
2025-06-25,91.5168228149414,92.35490214860761,90.82609507805839,91.7562700380198,6058100
2025-06-26,92.64961242675781,93.2942958641207,91.90362871891872,92.21675525380816,4161700
2025-06-27,93.18378448486328,93.9021402659389,92.4930566912988,93.01800953334994,5869900
2025-06-30,92.96275329589844,93.26666818410956,92.33649315044336,93.16536790567015,5446800
2025-07-01,96.2137680053711,97.52154414013273,92.76012939328844,92.78775737795378,6819300
2025-07-02,97.19921112060547,97.52154933628556,95.73486461730718,96.01115853157361,5243200
2025-07-03,95.900634765625,98.04649724999071,95.900634765625,98.01886926523466,2961300
2025-07-07,92.87985229492188,96.04799233940558,92.81538465571184,95.7809101122652,5299800
2025-07-08,94.2889404296875,95.50462099162785,93.20219515261613,93.28508613657249,6511400
2025-07-09,94.07711791992188,95.09018384861311,93.84687534401725,94.78626196207199,4566500
2025-07-10,94.78626251220703,96.23218561622235,94.38104035424612,94.6204875755357,3645800
2025-07-11,93.26666259765625,94.76784873844018,93.19299031106279,94.15080030123804,4342900
2025-07-14,92.20755767822266,93.09168840659078,91.70102115478166,93.01800908928182,4030600
2025-07-15,91.66416931152344,92.70487020744788,91.65495764147269,92.37332035007583,4033400
2025-07-16,91.75627136230469,92.30885918094312,90.75241707624046,91.82995067498261,4782700
2025-07-17,91.63654327392578,92.09702841600581,90.50374673277283,91.47998001196552,3949900
2025-07-18,91.37867736816406,91.89441850507326,90.78925691842612,91.83916253367471,4572400
2025-07-21,91.0839614868164,91.72863786791734,90.9273982266127,91.69179821379078,3750200
2025-07-22,93.14692687988281,93.22060618334808,91.17605118407992,91.36024241629801,5751700
2025-07-23,95.34805297851562,95.72565417002659,93.38638879076716,93.68109900244457,5079500
2025-07-24,94.42708587646484,95.32042821195802,94.04028002803871,94.97046201954093,3676800
2025-07-25,95.37567901611328,95.92826679986865,94.19683819346685,94.74021430710748,5473600
2025-07-28,93.55216217041016,95.20069980494485,93.27586827748088,94.91519424186578,7045900
2025-07-29,83.66094207763672,90.43007967875758,83.55043013407298,90.43007967875758,26112300
2025-07-30,80.2901840209961,83.80828997860041,80.13362077002027,83.61488707566937,20976500
2025-07-31,79.3508071899414,80.19809820916386,78.98241765179591,80.03232326832068,15782000
2025-08-01,77.82199096679688,79.7007712368611,77.61937637495969,78.96399218044327,11276600
2025-08-04,78.30089569091797,79.30475702136937,78.07065310451902,78.65086891916988,8579500
2025-08-05,79.92179870605469,80.17966925677709,78.18116546223301,78.30088906751254,9513400
2025-08-06,79.43368530273438,80.10599668736745,78.95478385689304,79.94022175872132,6331600
2025-08-07,79.65471649169922,80.74146168872123,79.60867219417821,79.96785003649141,6839200
2025-08-08,79.82049560546875,80.17046882249208,78.97320460105229,79.66393233808773,6285100
2025-08-11,79.48895263671875,81.2664257822002,78.95479514709494,80.26257142317343,8701400
2025-08-12,80.52043151855469,81.30325484793185,79.66392888074435,79.78365248711408,7308600
2025-08-13,81.21116638183594,81.3216853542245,79.56262859921588,81.1466987378875,13633200
2025-08-14,81.55191802978516,82.25185035715441,79.81128482832878,80.13362300888637,12487300
2025-08-15,81.4874496459961,82.34395224730204,81.21115576437019,81.57954526438964,8897400
2025-08-18,81.17779541015625,82.05047339698669,81.06518925861145,81.63759133379821,9385600
2025-08-19,82.3882827758789,82.86684280074104,81.3091637825578,81.49683353829091,7227600
2025-08-20,81.58129119873047,82.98883586587687,81.5249845438278,81.78773222870807,7076400
2025-08-21,80.8399887084961,81.5625252009925,80.68046868743288,81.496840065311,6193200
2025-08-22,83.34541320800781,83.79583066198572,81.05580487197669,81.12149000493778,10230700
2025-08-25,82.33197021484375,83.1952696430476,82.088000981723,83.09204913705737,6029900
2025-08-26,82.0692367553711,82.82930858367398,81.67512596729867,82.2006070180619,5478000
2025-08-27,82.444580078125,82.62287135272933,81.7783431561063,82.2099893101265,5482200
2025-08-28,81.89094543457031,82.80115879645403,81.13087360662891,82.76362341296846,8618500
2025-08-29,82.05047607421875,83.08267410672715,81.64697963361223,81.84403503588852,6838500
2025-09-02,79.97669219970703,81.49683587856791,79.58257424672229,81.28101636919153,10058800
2025-09-03,80.03298950195312,80.58662029348469,79.55442231732697,80.10806026800081,7430900
2025-09-04,79.27291870117188,80.4083372054376,78.51283971367911,80.36141618626979,10741500
2025-09-05,79.79839324951172,81.01826089790646,79.00078610264943,79.39489685863195,8585400
2025-09-08,79.12277221679688,79.80778039442023,77.93105429140404,79.80778039442023,11783700
2025-09-09,79.19784545898438,79.69517674639359,78.86941981250114,79.0383254534271,7889700
2025-09-10,78.6817398071289,79.92037873883626,78.55975518870068,79.15092132912626,6684600
2025-09-11,79.43244171142578,79.63888274893245,76.94577794361459,77.34927438261144,10453500
2025-09-12,79.15093231201172,79.77963392053199,78.70052199751532,79.56381439958581,5545500
2025-09-15,78.84127044677734,79.9203895248368,78.73805708441884,79.63888486913184,6389000
2025-09-16,79.94852447509766,80.08928035646602,79.11338198055795,79.22598811748095,6185500
2025-09-17,78.99140167236328,81.04641903854808,78.56914116439141,79.82654421240858,9007000
2025-09-18,79.80778503417969,79.84531325837688,78.82250090915826,79.45120247202524,8067300
2025-09-19,78.87879943847656,80.33326509871416,78.83188557923351,79.86408355143007,18120200
2025-09-22,79.038330078125,80.41771787406545,78.00612490143527,78.63483364336699,10224300
2025-09-23,79.20722961425781,80.44586857152188,78.93510346678757,79.26352910713372,7486300
2025-09-24,78.72866821289062,79.77963033896299,78.55037692687083,79.1133933742871,6988400
2025-09-25,77.49002838134766,78.81311666143986,77.28358734891594,78.6348325363654,9021100
2025-09-26,78.55976867675781,78.70990306682002,77.5463346970513,77.64016958573306,6845800
2025-09-29,79.29168701171875,79.31045112489397,78.31578846632354,78.75682029694032,7275300
2025-09-30,78.3814697265625,79.33860411146898,77.5463271282643,79.2916830921362,9876200
2025-10-01,79.1790771484375,79.38551817941416,78.18441453643261,78.25009966818497,7074800
2025-10-02,80.29573059082031,81.7408106312995,79.3292177383457,79.45120236467763,9815500
2025-10-03,81.43115234375,81.9472549356747,80.15497789748403,80.41771843186656,7098900
2025-10-06,81.28101348876953,81.68450990411162,80.49278476987563,81.50621862596397,6987000
2025-10-07,80.68045806884766,82.04108162566422,80.51155243373357,81.65634933934916,4726800
2025-10-08,80.93380737304688,81.75018574644852,79.95790901055317,80.56784638200442,4896000
2025-10-09,80.02360534667969,81.14964538079754,79.64825866864041,80.96196846220668,5784700
2025-10-10,77.76215362548828,80.75552708288686,77.46187771618096,80.1362111520653,8506000
2025-10-13,78.05303955078125,78.81311133780937,77.75276365820233,78.05303955078125,6132200
2025-10-14,78.86942291259766,79.10401369204126,76.9457756575031,77.41495721639032,6306800
2025-10-15,78.90695190429688,79.69518065364363,78.4565416125066,79.04770780515979,4903000
2025-10-16,80.36141204833984,80.44586844666465,78.68174130844274,79.52626949598067,7056200
2025-10-17,81.08395385742188,81.43114360094758,79.9860636578511,80.38956005208675,9396100
2025-10-20,81.55313873291016,82.10676951381508,81.07457155746984,81.3091623275093,5456500
2025-10-21,82.63225555419922,83.23280738915439,81.04642672086881,81.40300213564139,6181500
2025-10-22,81.7126693725586,82.77301721384117,81.57191346038829,82.34137099989049,5258500
2025-10-23,81.66573333740234,83.0169783912293,80.98073233477301,82.13491485229872,5764800
2025-10-24,81.84402465820312,82.86683692496672,81.76895389757595,82.50087591583646,5256200
2025-10-27,83.72075653076172,83.81459140848864,82.78239343520805,82.78239343520805,12012900
2025-10-28,90.4206771850586,94.3711853394307,89.14450267923495,92.38185280761314,30027000
2025-10-29,91.39656829833984,92.23171089307452,89.82950362364825,90.92738674358363,10789200
2025-10-30,89.20079040527344,92.24109188150186,89.01312065648295,91.09628780011064,10073600
2025-10-31,90.47696685791016,90.92738428833647,88.75038221941735,89.06942223164842,7305400
2025-11-03,88.29058074951172,90.46759001692419,87.82139919894364,90.46759001692419,7693100
2025-11-04,87.50234985351562,88.76913847318593,87.15515296581393,87.97153135407066,6457700
2025-11-05,87.18331909179688,88.23428118236058,85.48487701190979,86.7329016535965,6215300
2025-11-06,87.83078002929688,88.13105591886668,86.92056672552978,87.3615985043977,6571800
2025-11-07,90.03593444824219,90.28929648835931,87.45543598437848,87.64311289541749,7741700
2025-11-10,87.32405853271484,90.00777728678736,86.37631705682313,89.93270652855587,9771900
2025-11-11,89.17264556884766,89.61367737784539,87.13639932986985,88.02784142442182,6859200
2025-11-12,90.25176239013672,90.55203829292893,89.47291930631428,89.66059622002331,5814500
2025-11-13,90.0547103881836,91.13382941539741,89.84826935490796,90.17669501732715,6119500
2025-11-14,90.06409454345703,90.74909560536466,89.29463707880568,89.81073249436827,6583000
2025-11-17,89.92089080810547,91.08559612405283,89.31944056065275,89.94952990872773,6488200
2025-11-18,88.62252807617188,89.43400079136792,87.89697265952313,89.3576250035952,6347800
2025-11-19,88.22156524658203,89.73949577473068,88.19291886375248,89.00439885454968,5604300
2025-11-20,86.7513656616211,89.58674578998776,86.72271927828335,88.57479208660295,7452700
2025-11-21,90.36958312988281,91.85887452645797,87.17141449112064,87.42918094581759,8913200
2025-11-24,89.31944274902344,90.45550899218273,89.11896175615942,90.40777230091186,6554600
2025-11-25,90.2550277709961,91.05695174042353,89.30035221676545,89.78723878883008,5840200
2025-11-26,91.33380126953125,91.45791374322334,89.51037489327575,89.97816383828012,4685800
2025-11-28,91.4483642578125,91.98298019091942,90.97102652222537,91.20014659590036,2554800
2025-12-01,90.90420532226562,92.27894041909417,90.72281464043512,91.20970120116127,4772500
2025-12-02,91.24788665771484,91.64884862237467,90.21683536265007,91.11423266949491,4854500
2025-12-03,93.75867462158203,93.79686251343068,91.54382787952984,91.70612095718987,7259000
2025-12-04,90.46505737304688,94.21693258483401,90.2168396900482,93.85415121346755,9451300
2025-12-05,90.570068359375,91.50564628143115,90.29321158712685,90.69417355372234,5523600
2025-12-08,91.21924591064453,92.05935771908416,90.57006628661519,90.73235937172353,5617400
2025-12-09,92.57488250732422,92.7849122784047,91.20014748468525,91.26697447697487,4738300
2025-12-10,95.12387084960938,95.57256952174092,92.6989940880022,92.73718198388535,7188100
2025-12-11,95.92579650878906,96.6131567438615,94.51287357779336,95.57256395514115,5264200
2025-12-12,96.3458480834961,97.05231318574455,95.48663869129928,96.4795020685494,4510200
2025-12-15,95.53437805175781,96.67044424009117,95.2288821797181,96.42222656793511,5061700
2025-12-16,95.57257080078125,96.116735578105,94.62744403671297,95.6012099021778,4841800
2025-12-17,96.38404083251953,96.80410039733218,95.38163589412066,95.63939508296714,5978800
2025-12-18,97.45327758789062,98.22656241848647,96.6036169686049,96.73727095701415,7611600
2025-12-19,97.30052947998047,97.55829595510106,95.58211787476075,96.52724462181142,17317500
2025-12-22,96.16446685791016,97.37690154491258,95.49618963401291,97.02366898584134,5464400
2025-12-23,95.6489486694336,96.32676745704951,95.35299428685445,96.12628645932621,4645300
2025-12-24,96.09764862060547,96.48906182599266,95.37209313102349,95.65849143856606,1845500
2025-12-26,95.98308563232422,96.31722063537612,95.41982324123947,95.96398804152308,2856700
2025-12-29,95.16206359863281,96.42223509265834,94.57016210765235,95.95444609052679,4352600
2025-12-30,95.12387084960938,95.62984772376745,94.98066806094666,95.20024664137568,3397900
2025-12-31,94.69426727294922,95.28616143455646,94.56061328267685,95.04749255427065,3926400
