Price,Close,High,Low,Open,Volume
Ticker,V,V,V,V,V
Date,,,,,
2021-01-04,208.75160217285156,211.13860001097322,205.37722963073722,211.13860001097322,10318300
2021-01-05,205.63601684570312,209.42262258690985,204.80201220650227,207.36155629538965,6869700
2021-01-06,203.82420349121094,207.2273478851194,203.29696792350265,204.95539614900656,7206200
2021-01-07,204.96499633789062,206.31667024809428,203.42159905538387,203.42159905538387,10967900
2021-01-08,206.53713989257812,207.17942119917973,203.94883794174265,205.31009282510718,6513000
2021-01-11,204.08303833007812,205.971543359848,203.68999594513926,205.1087809501545,7353100
2021-01-12,200.2197265625,203.98714041215098,198.88722968945507,203.55575926847715,9331600
2021-01-13,200.68943786621094,202.2711734187019,199.99922226538382,200.74695339502142,6688500
2021-01-14,193.50933837890625,202.4725479769412,193.38471161390572,201.85902445529598,12887500
2021-01-15,193.25047302246094,194.8513854782278,192.13845724547426,193.20253853374473,8755000
2021-01-19,193.31759643554688,195.72375579444963,191.79337613999755,194.65009339168077,9772000
2021-01-20,197.4876708984375,198.61886367963157,193.86404498305743,194.63095311186692,12675700
2021-01-21,196.6536407470703,198.59966127865164,196.27977509389837,197.52599881365614,6513500
2021-01-22,193.6627655029297,196.8358338498676,193.45186537465364,195.55127097950106,7316200
2021-01-25,192.6656951904297,193.29839529537406,187.65205809166434,192.05217180527035,19282400
2021-01-26,193.6531219482422,195.07190693816227,192.6561517381469,193.41346410059336,9605300
2021-01-27,186.90431213378906,191.43863327199693,185.93609996075128,189.4638554893861,13772400
2021-01-28,190.01988220214844,193.64350705505373,189.97194771548587,191.72624460896407,11041300
2021-01-29,185.2555389404297,194.6501306453262,184.8337387364565,189.63649195367603,21503000
2021-02-01,190.1541290283203,190.96897158622224,186.95230359660457,187.06733468617017,12970700
2021-02-02,194.22833251953125,195.89635662739366,191.72630367151572,192.54114631314212,11305100
2021-02-03,193.02999877929688,195.0910502192845,192.66571420518542,194.66926473524563,13458600
2021-02-04,200.59359741210938,201.0058018455422,194.69802083022972,194.83222862571398,14534800
2021-02-05,200.13345336914062,201.4371924751598,200.0280033448467,201.2933890088214,10284000
2021-02-08,198.3312530517578,201.93570190964596,197.3917983598849,201.3125973403287,8637100
2021-02-09,197.97654724121094,199.04062860731008,195.27319985745243,197.24797806556086,7619400
2021-02-10,197.8998565673828,199.36656135032362,197.42054089642036,199.36656135032362,8467600
2021-02-11,202.2588348388672,203.15173919537665,198.9272180554811,199.06163423765236,8411100
2021-02-12,201.58673095703125,202.71006920508543,199.3976446464166,201.0106532989332,6911000
2021-02-16,199.60888671875,202.63327266919438,199.08083258557838,202.2588265591696,9652700
2021-02-17,199.23443603515625,199.97373231499574,196.88214567231879,197.07416668454272,8373200
2021-02-18,201.00100708007812,201.33704008799722,196.78608339880557,197.66939150999997,7328600
2021-02-19,196.56529235839844,201.17386962054832,195.63397512343272,200.99144454252735,15011500
2021-02-22,200.0121307373047,202.24919660963283,195.0099009592766,195.43235594555313,8337700
2021-02-23,203.6509552001953,205.3791732936323,198.3126929284488,199.12878574322357,10571700
2021-02-24,210.67904663085938,211.7351841002673,202.86367330803017,203.89100836011454,12039000
2021-02-25,205.22557067871094,211.65836926233024,204.1022324709222,210.54462697673588,11404300
2021-02-26,203.91978454589844,206.62732862812967,202.3355931958346,205.51358646734258,11730000
2021-03-01,207.99069213867188,209.11403019653488,206.2240611230671,206.39689025134035,6982000
2021-03-02,207.16502380371094,209.23887114175218,206.25291305384263,208.30756854681204,6155200
2021-03-03,206.28167724609375,208.52835332529867,204.3710341965374,206.5697013714323,6484600
2021-03-04,203.06527709960938,208.36514091605528,200.3481371184485,207.35701249685604,10658900
2021-03-05,206.8193817138672,207.48186663047554,201.26989119105838,205.206373049482,7582000
2021-03-08,211.48553466796875,217.11183574481385,207.20339508377816,208.32673318483833,14750400
2021-03-09,211.57196044921875,216.026914908431,211.4087418715417,213.20416087625213,9228600
2021-03-10,214.26991271972656,215.24923892050242,210.65025733127385,211.91762237348547,7822900
2021-03-11,217.1310577392578,219.12810841299438,214.884381225153,215.57566856030272,10053400
2021-03-12,215.41241455078125,217.50546805726884,214.50989986440177,216.2957227448251,8172400
2021-03-15,214.3659210205078,218.03357051093187,212.89693910978062,215.2876276918102,9306100
2021-03-16,215.73886108398438,216.58377098048982,213.43458001202995,214.7883521006775,8949300
2021-03-17,214.12588500976562,217.2174714051871,212.91612489400583,216.0749266959753,8675600
2021-03-18,211.86000061035156,213.64582370427186,210.82306965417882,212.59928217565184,9321800
2021-03-19,198.64874267578125,211.38953408124394,198.62955083165178,210.38140555446506,32209700
2021-03-22,199.70486450195312,203.82377088619083,198.00544881253154,198.31269409773702,11371600
2021-03-23,199.84889221191406,201.58672102310882,199.2248203216141,200.71300865647868,8820700
2021-03-24,199.77210998535156,202.71966980157015,199.63767916513424,200.42498433933633,10101600
2021-03-25,199.67611694335938,200.49222463741106,197.57345222715153,199.38807807191375,8390800
2021-03-26,205.01437377929688,205.17759238253385,199.41687374951783,199.94494255426397,7399900
2021-03-29,205.95526123046875,206.70415338684057,202.70045619692556,203.9774170918322,7792300
2021-03-30,203.44932556152344,205.60959453603343,202.97887636101981,204.5150588416255,5498000
2021-03-31,203.28610229492188,205.5711914454097,203.11328781308393,204.0734073351025,13180000
2021-04-01,208.21151733398438,209.05642719009438,203.83337471643452,205.25434748786046,6138400
2021-04-05,210.30459594726562,211.71597296624734,208.64359310019498,209.88215561902197,10440500
2021-04-06,209.93016052246094,210.65025027680315,206.7521667506728,208.94123843185204,7828100
2021-04-07,210.52542114257812,212.22482222462483,209.92054112847836,210.38139441765526,5614300
2021-04-08,211.89842224121094,213.93388603829374,209.41171564765244,211.19753893787032,11042000
2021-04-09,213.6458282470703,213.7226395769678,210.75585872944743,212.18644227954454,5724900
2021-04-12,212.63768005371094,213.06013500401076,210.47741104443742,211.4567370973814,6315200
2021-04-13,212.2056427001953,212.78170568254183,211.43754407347052,212.18643620570492,4764000
2021-04-14,213.12738037109375,214.20272446522247,211.29356276241847,212.1864671077129,4972600
2021-04-15,217.25587463378906,218.5520420297696,214.93238682380732,214.96118924147237,8698100
2021-04-16,217.3806610107422,218.71522653893874,216.75657454128014,218.11034656168226,6829400
2021-04-19,216.785400390625,218.50402269742395,216.10372367137384,216.74700205232375,6541600
2021-04-20,214.37548828125,216.3917451618305,212.97372196639884,215.81566758158996,5799100
2021-04-21,218.37921142578125,218.78245992068196,213.98186167148796,214.40431666145915,9490600
2021-04-22,218.4944305419922,221.72041842436352,217.841541577515,218.2351941406363,7303000
2021-04-23,220.82749938964844,222.57492402564006,218.62883203749283,219.4929337836954,5345200
2021-04-26,221.15394592285156,223.65985867364267,220.3666554662294,221.56680497043467,5650000
2021-04-27,220.74110412597656,221.94125364432023,219.85779583850714,221.81643340632843,6642100
2021-04-28,224.13990783691406,226.84745202201827,221.47077663826818,221.73960894242953,10111400
2021-04-29,227.41390991210938,228.0283858184096,223.85186004963109,225.84891040767207,7411400
2021-04-30,224.24554443359375,226.5210233294408,223.02618836882266,225.93536440373657,10260200
2021-05-03,223.33343505859375,226.33861428732195,222.16208789948462,224.7160097152644,8174400
2021-05-04,222.77655029296875,223.12219393602962,221.0483320776644,222.36370589584013,5884500
2021-05-05,220.06903076171875,224.5239853383294,219.54096202575198,224.5239853383294,6523200
2021-05-06,222.09487915039062,222.3445049793167,219.54095742650034,220.472274636714,6124100
2021-05-07,222.8629608154297,223.91909825426072,221.5092032896261,223.0741883031959,4528700
2021-05-10,216.958251953125,222.74777263006638,216.18055733238126,222.36373060632707,9627400
2021-05-11,216.48773193359375,217.39024657084778,213.18491864417913,214.8171334478566,7633300
2021-05-12,211.83119201660156,216.02690998013168,211.52394671250383,214.71155081633665,7721300
2021-05-13,215.1291961669922,216.24454150820324,212.38887478026072,212.98500889983407,6650100
2021-05-14,218.20603942871094,218.75409490489486,216.26377659632826,217.1291481972319,4777200
2021-05-17,217.72528076171875,218.41757216887385,216.6483895379408,217.4752776765256,5534200
2021-05-18,216.88876342773438,220.35981557770947,216.75413735611428,219.600225821172,6900000
2021-05-19,215.94651794433594,216.1965210808682,213.2542746604858,214.1869448124433,9311900
2021-05-20,217.72528076171875,218.8406407700845,216.57146664030773,216.76376654861915,7478600
2021-05-21,218.04258728027344,220.4848269828291,217.83105297475174,218.1483544330343,5603900
2021-05-24,220.4944610595703,221.25405088297487,218.86949958387848,219.17717652333758,4040100
2021-05-25,220.2059783935547,221.33094820712938,219.62906402536885,221.0521008829409,4689100
2021-05-26,218.3310089111328,220.52325983703017,217.66756184932746,219.2732886003068,4295600
2021-05-27,218.12911987304688,219.62907973174674,217.6579726162838,218.99447681566824,5969600
2021-05-28,218.5521697998047,220.60018496800242,218.40793387400322,218.83100244855424,5779700
2021-06-01,217.90798950195312,221.22521088739177,217.57145362988297,220.609842325083,5091500
2021-06-02,220.8213653564453,224.13858657232262,219.9752281246925,220.39829674056892,9081100
2021-06-03,219.3310089111328,221.52326015501203,219.00409759809915,220.18675597851072,6382400
2021-06-04,221.28286743164062,221.82131301193516,219.9271289495508,220.5232777033412,5085700
2021-06-07,222.41748046875,225.64815422218368,221.22519753245214,223.88859607845387,5421300
2021-06-08,223.119384765625,223.88859910034324,221.30212341901898,223.21552738775034,4170600
2021-06-09,223.36935424804688,225.8116084533168,223.1866642084942,223.55204428759959,4659000
2021-06-10,224.94625854492188,225.24432561854167,223.19631021818424,224.1289802255681,4452500
2021-06-11,225.91737365722656,226.37889634633837,224.715480956332,225.3693035432786,5378300
2021-06-14,225.07125854492188,226.16738420863322,222.6578630469069,225.667392688059,5805800
2021-06-15,224.01358032226562,225.76354325636999,223.66743461395612,225.4173975480605,7093800
2021-06-16,220.76365661621094,225.1673785503064,219.22522809430092,224.62893296910042,8905400
2021-06-17,223.2155303955078,224.3597347164818,220.38869078500792,220.38869078500792,6876700
2021-06-18,221.54249572753906,223.2443653393908,220.39829145428354,221.580949840995,8840000
2021-06-21,225.30203247070312,225.9654649978594,221.53288359320683,222.5424765185525,7298400
2021-06-22,226.85003662109375,227.00388241321778,224.2635757647771,225.28277846239982,8858400
2021-06-23,225.6481475830078,226.8404304842255,224.93663645795456,226.3885176321575,6814700
2021-06-24,227.14813232421875,229.0807706902593,226.35007373394663,227.87887787446573,4611500
2021-06-25,228.18653869628906,229.30188392851755,227.2250245733582,227.30193279223644,7825200
2021-06-28,225.08084106445312,229.19612040175747,222.93666864454272,228.8403648655572,9301700
2021-06-29,226.86924743652344,227.41731751218097,225.13851913384278,225.54236796408554,11897700
2021-06-30,224.82122802734375,227.3019214295406,224.82122802734375,226.0615747284422,7797100
2021-07-01,226.10008239746094,227.15775399898382,225.04242546748196,225.1866467442606,5329600
2021-07-02,229.44610595703125,229.59032719812188,226.744253782638,226.75386364153061,4383700
2021-07-06,230.3788299560547,231.3499541080565,228.08081138778715,230.28267265835228,8048700
2021-07-07,230.763427734375,231.76339613241146,229.12885638889858,231.01341616599822,4366100
2021-07-08,227.50387573242188,227.9461787204518,225.5231588253999,227.85002143171502,6388000
2021-07-09,229.2923126220703,230.23459251294523,228.28271968893253,229.57114530912486,5615900
2021-07-12,228.7154083251953,229.33077690776582,228.13850853177914,228.4365756257758,7010700
2021-07-13,233.02296447753906,233.14795134272742,229.08075052022173,229.08075052022173,8079200
2021-07-14,236.5229034423828,237.3113375241916,233.47490492991145,233.85950477398254,8693400
2021-07-15,238.98434448242188,239.22472301948497,235.8690333603294,235.8690333603294,10135100
2021-07-16,238.5709228515625,240.8208774585645,237.99402307586607,240.36896456491985,8674500
2021-07-19,231.1576385498047,235.04214956662605,229.70574267903385,234.5998612388142,11474600
2021-07-20,233.3594970703125,234.81139292489985,230.29226437669865,231.3787801346546,7072300
2021-07-21,234.2825927734375,237.39788991396708,232.97493265533103,233.92682248313957,11241400
2021-07-22,234.74407958984375,235.9075182441175,233.79217523634705,234.3979338859852,10293600
2021-07-23,239.4363250732422,240.3882149596378,237.2632930933743,237.2632930933743,6766000
2021-07-26,240.61891174316406,240.7246788846381,238.16704777011427,239.61894350048885,4879000
2021-07-27,241.2727813720703,242.94582157129753,238.6670857798895,239.5997558443873,7038300
2021-07-28,237.43630981445312,241.82081205131658,236.4459514000538,240.42661944894738,9036500
2021-07-29,238.37860107421875,240.74393248522188,237.59016705157936,238.56129112148247,7495300
2021-07-30,236.90748596191406,238.89782742186867,236.5324960063267,237.6959346576089,5804700
2021-08-02,230.55191040039062,238.29210387674485,229.19617164142065,236.7632995765675,9989500
2021-08-03,227.96543884277344,232.09995357498602,225.02320721310787,231.36920793432205,9839000
2021-08-04,227.5615692138672,228.40770642432057,226.0039208687532,227.87887066778723,8171800
2021-08-05,230.96534729003906,231.00380140503327,227.3308098824959,227.5038900788281,5337500
2021-08-06,232.10952758789062,233.26335639284565,230.62880213979437,230.76341354416675,4509700
2021-08-09,230.763427734375,232.85952182728798,228.88847781834193,232.4460777282715,5226900
2021-08-10,228.90771484375,232.05185601926738,226.49430457782665,231.25379739525889,7185700
2021-08-11,226.01348876953125,229.1864880481174,225.55196613657654,228.91726528959884,7375700
2021-08-12,223.17318725585938,225.4069481773832,222.43182262705497,225.19512551442688,9867000
2021-08-13,224.001220703125,224.59818216760348,222.7976895050821,223.37539035675988,5445400
2021-08-16,226.6104736328125,226.7260079218547,221.64229352240582,223.57758101311646,7575900
2021-08-17,225.81134033203125,226.90896021645574,224.5500419647545,226.2638692458464,6850500
2021-08-18,223.0191650390625,225.63805028000243,222.86510950923216,225.2240278800264,4996500
2021-08-19,222.9613800048828,223.7893953553332,220.39062446811013,220.52541937301402,5761300
2021-08-20,222.7591552734375,223.52941808272004,221.7385632950431,223.2501906522288,5522200
2021-08-23,225.4358367919922,225.9268722353491,223.3753919538725,224.0493664912868,6342000
2021-08-24,225.53213500976562,227.40964083578226,225.2529075303707,226.30238326240774,5081800
2021-08-25,223.94346618652344,226.26387799319005,223.45243071898332,226.26387799319005,5277100
2021-08-26,221.9503936767578,223.98195474497734,221.59413848375766,223.5005423088262,5889100
2021-08-27,224.0397186279297,224.3863361645785,221.67116301223922,222.43180287755757,6369000
2021-08-30,222.634033203125,224.98332868637985,221.37273473257696,224.0397642467518,6448000
2021-08-31,220.58322143554688,223.22135262934216,220.15957606942217,222.32593239856922,9405100
2021-09-01,221.56527709960938,222.20074510493222,220.26547220676878,220.5832062094302,8177600
2021-09-02,215.8460693359375,221.9792736637304,213.7086116701541,221.86372469067135,19708800
2021-09-03,216.74151611328125,218.85010501717358,215.04694956035874,215.67277987534442,11532000
2021-09-07,217.8584442138672,219.52412755934708,217.46368238833782,218.31097319600175,9662600
2021-09-08,220.5735626220703,221.66155950873778,218.59976855100396,218.9271401971314,10652600
2021-09-09,219.03306579589844,221.44975127081113,218.65756463140534,220.78539966635174,5853000
2021-09-10,216.54896545410156,221.48824751263325,216.46231473360206,221.3053231109819,6715400
2021-09-13,216.2793731689453,218.7538256502613,215.10472555489807,217.14590974712448,6808100
2021-09-14,214.7388916015625,217.41554433790876,214.01677274050047,216.6356583186091,6575700
2021-09-15,215.4898681640625,216.48157677217205,213.13094977284612,214.24783033646943,6535800
2021-09-16,215.9905242919922,216.82817730299834,214.4692590974739,215.53799538703547,5928500
2021-09-17,213.50643920898438,215.38394498074345,211.14752094746433,214.18041375634104,13787400
2021-09-20,211.86965942382812,212.30292776667568,208.26868837592707,208.89453348585766,8822600
2021-09-21,211.9851531982422,213.91080296852175,210.83938923427914,212.54359339460828,7033600
2021-09-22,214.46925354003906,215.7690730744745,212.88059827932244,213.16943400560362,6005900
2021-09-23,219.82260131835938,220.1981025283889,216.01944502364066,216.63565251424157,7952700
2021-09-24,222.9806365966797,223.32725418181175,220.12104519222598,220.4195185894007,6461200
2021-09-27,221.06460571289062,224.65593852168607,220.26545927279707,223.10578982541637,6881100
2021-09-28,217.17481994628906,220.36176857011816,215.67281519114076,220.36176857011816,6951400
2021-09-29,218.25315856933594,220.50618017938464,217.685095359306,218.36870755673795,6432700
2021-09-30,214.46925354003906,220.28470966333313,214.3537192495266,219.11969972321896,7128500
2021-10-01,221.89260864257812,222.95170710178442,215.16245803892116,215.83643245687796,7925400
2021-10-04,216.37570190429688,221.76752887155942,212.60142890383173,221.44979479430373,10283400
2021-10-05,215.9423828125,218.92714609219487,215.59576523609377,217.09776983667305,5814000
2021-10-06,218.08949279785156,218.19540413907632,213.02503841643258,213.78566372774182,5420900
2021-10-07,221.97930908203125,222.56663292602641,219.99589191128996,220.4002766526654,6561900
2021-10-08,221.70973205566406,224.07827349069726,221.62306663415245,222.41259024019323,3735200
2021-10-11,216.74151611328125,221.7578403594819,216.5104328458882,221.45935229643754,5620200
2021-10-12,215.72093200683594,217.81026037586912,214.63293511697972,217.1747923857827,5448200
2021-10-13,214.19004821777344,217.46364722276135,210.5024268381566,214.83513918145752,9076000
2021-10-14,216.80897521972656,217.26150424684747,214.7677904618514,215.78838284078898,5590500
2021-10-15,222.40298461914062,222.49925831831777,218.30134011569598,218.7731297237649,6355100
2021-10-18,222.07559204101562,224.10715348541362,219.65890645300104,221.62306309191672,5580200
2021-10-19,224.8389129638672,224.9544472702041,222.10447861768924,223.3272705620848,4409700
2021-10-20,222.81695556640625,225.1084837248082,222.7110442307269,224.781126756906,5401800
2021-10-21,221.6808319091797,222.2488951296735,217.88729908214427,222.12372317915867,5982200
2021-10-22,222.634033203125,224.16493620511116,220.20772464408142,221.7289753013913,3788000
2021-10-25,225.18553161621094,226.12909606926488,223.65462859244172,224.77150919734737,4938700
2021-10-26,223.20208740234375,228.15100706746898,222.73029788695533,226.77415974664387,7814500
2021-10-27,207.75839233398438,216.39493438324666,207.64285802693166,216.39493438324666,22958100
2021-10-28,202.0391845703125,211.81186665619356,201.24003809650046,211.09937090216354,23199400
2021-10-29,203.89744567871094,205.72680722417266,200.78751048326586,201.43261613434623,14329800
2021-11-01,204.56178283691406,207.24805781892977,203.58932029427092,205.5534912994699,13210300
2021-11-02,201.36520385742188,205.41870324851416,200.0942825983555,205.23576416245297,14688700
2021-11-03,200.3638916015625,202.33767113009648,199.0448113400817,201.89477985023237,11486700
2021-11-04,201.0186004638672,204.46551569494466,200.1424261960074,201.38447866177424,11368200
2021-11-05,208.6153106689453,209.53962922042984,203.50271178724122,204.07077506486502,14273600
2021-11-08,212.29327392578125,213.37163314517906,210.0402524259073,210.25207508565222,13500100
2021-11-09,205.45724487304688,212.21628110221522,205.00471590651222,211.52304586375976,11535000
2021-11-10,207.91192626953125,209.25260846422614,205.76105081705106,205.97324639181488,10063600
2021-11-11,202.9542999267578,209.08864781498127,202.70353002095578,208.7896489649153,13546900
2021-11-12,204.56504821777344,206.00218835081515,203.92846147019193,203.9959849361813,7660500
2021-11-15,204.767578125,208.72210089250393,204.29495807478412,206.04073674250768,9596900
2021-11-16,207.54541015625,207.99873574155077,204.15031029355606,204.63257030196905,8719600
2021-11-17,197.7844696044922,199.95463961282329,192.3831664142014,198.64289181909132,38379600
2021-11-18,196.11585998535156,200.4947744574886,194.12895107307497,199.1733867224597,18292200
2021-11-19,193.7334747314453,196.27980677113132,192.75931489536836,194.8716011903824,18032600
2021-11-22,188.6407928466797,194.54364958211076,187.6955675204778,192.90396879086933,21185800
2021-11-23,191.4475555419922,191.86229202444,187.48337826176635,189.98148120916613,14742700
2021-11-24,196.03866577148438,196.71382674455947,190.62770865153095,191.1389030109596,12026800
2021-11-26,190.6373748779297,192.12274394122068,185.71833163703113,186.4610161686766,10987600
2021-11-29,189.32562255859375,194.10964818963467,188.42862603131508,193.86851819188357,14633500
2021-11-30,186.89501953125,190.64700124087844,185.7279440116398,188.34179933780192,16023000
2021-12-01,183.4130859375,189.8271366239261,183.35521710515633,189.07481236865038,13204900
2021-12-02,191.2546844482422,192.36389139539776,185.04318735728782,185.1878594855474,13976300
2021-12-03,189.35455322265625,191.42826511401688,187.15543431772392,191.23536407811915,10660500
2021-12-06,195.4888916015625,196.974260529838,190.72417552817794,191.7176298748919,10722100
2021-12-07,200.01248168945312,200.56226508233854,198.58499639589562,198.69109417079954,11897200
2021-12-08,201.57501220703125,202.04761752249786,198.4113882221635,200.29219901844078,11749200
2021-12-09,203.8898468017578,204.67110551129147,199.8195719312498,201.12167959207568,10176800
2021-12-10,205.8285369873047,206.6483847741878,203.37866296202287,204.3817571639148,8882700
2021-12-13,203.5330047607422,205.7514035978435,202.52989576709678,204.91226123024646,8844300
2021-12-14,202.5299072265625,205.79962946607753,201.05419279122256,203.25329723280396,9832300
2021-12-15,204.77723693847656,204.95085818991168,200.48512592192307,201.97048023243335,10892500
2021-12-16,206.76414489746094,208.59674170315057,204.10207503168675,207.65150151938568,8548400
2021-12-17,204.36251831054688,205.6453317770762,200.41762001644358,205.2498750139354,11578400
2021-12-20,201.33389282226562,202.327347159627,199.52059066829062,201.6714659628549,9434400
2021-12-21,207.7383270263672,208.49065146605648,202.89643239555565,203.13756240103064,6993700
2021-12-22,210.2267608642578,211.1719862318263,206.262583543422,206.262583543422,6003400
2021-12-23,208.93434143066406,210.76693846933784,208.93434143066406,210.68977509448126,4798200
2021-12-27,209.90847778320312,210.38108313135663,207.25604796676012,209.95669200594074,4818400
2021-12-28,210.3135528564453,211.9339391140529,207.93118768783523,208.34592415231643,4279800
2021-12-29,210.42930603027344,211.17199047842945,209.61911284177913,210.03384933681582,3223100
2021-12-30,210.1399383544922,211.37452260474927,209.44548287404692,210.23639622798936,3812800
2021-12-31,209.02110290527344,210.24603251669544,207.8443875123666,209.1175460597087,4723300
2022-01-03,213.57363891601562,214.1812911754552,209.31046263381262,209.80237721237074,7694500
2022-01-04,214.5670928955078,218.7434509061529,213.94014616084428,214.123407287632,10629300
2022-01-05,212.1943817138672,217.27740579670487,212.117218354428,214.74071370573736,9594600
2022-01-06,211.95327758789062,214.03664439465254,209.83133645540696,210.07246646403937,7877500
2022-01-07,209.26226806640625,212.38730348296806,207.98909458750524,209.59984123981857,10702100
2022-01-10,204.44927978515625,206.60015499293922,199.17335487334637,206.38795944231612,11978600
2022-01-11,206.7738494873047,207.32361835968877,201.3339560348293,203.9188631602489,8803100
2022-01-12,208.056640625,209.86028853171612,206.22404357479778,206.8702702862019,6923300
2022-01-13,207.3717803955078,212.6573453749476,207.04384715868767,209.15614811378035,8867700
2022-01-14,207.05349731445312,210.50648052512355,206.12756639787725,206.5712373361596,8838100
2022-01-18,208.056640625,209.214061820312,206.72559815581627,208.2206072785734,9099300
2022-01-19,207.06317138671875,210.4872207411439,204.5843623422716,205.44278465660048,9399800
2022-01-20,206.74485778808594,211.80858754073768,206.3494010752251,207.1017254610837,8532700
2022-01-21,198.62359619140625,207.95051752655996,198.51751312030106,207.81548531549026,16200200
2022-01-24,194.6883544921875,195.52748212488427,188.70831912969481,195.00663311897122,16054000
2022-01-25,194.8330078125,198.0930895834866,190.00076870907947,192.53744588216932,12125500
2022-01-26,198.5657501220703,203.37871076404903,196.4438088258396,197.03216668100168,10817600
2022-01-27,198.8357696533203,203.4751226918991,198.5464254599293,202.06691717530532,12009800
2022-01-28,219.91053771972656,220.02627539843027,208.4327567695628,212.8116706502532,26425300
2022-01-31,218.14552307128906,218.3480787807816,214.1717047171028,217.54752528097436,12380600
2022-02-01,224.11587524414062,226.28604531633357,218.38662389876606,218.84958939329306,12247200
2022-02-02,227.06727600097656,227.4820272163411,221.84921974294824,223.09345867163597,10590500
2022-02-03,223.32493591308594,225.20576153195353,222.37007061094712,224.77171579381115,9968000
2022-02-04,220.28672790527344,222.0518013169859,216.9687766647259,220.39282569671212,10848100
2022-02-07,219.10037231445312,221.7624422840112,217.99116545574824,219.91056560291764,5984500
2022-02-08,219.85269165039062,220.39282049682305,216.7758704886695,218.23229039368607,7542000
2022-02-09,222.6787109375,224.87781519466083,221.95532099192326,221.96497561033755,7772800
2022-02-10,217.9400634765625,222.15221306299463,217.2444780592543,220.29732353062334,6794600
2022-02-11,217.070556640625,221.33101299969647,215.95954535946166,219.54374231423992,7535200
2022-02-14,217.69854736328125,219.55343694840758,215.25434274787898,215.71806145882255,8280800
2022-02-15,220.09445190429688,221.51458948744624,217.28312875241946,219.5630998880973,9461700
2022-02-16,221.06053161621094,222.0845837808567,217.94972330020167,219.7852868321496,9561300
2022-02-17,216.9932861328125,221.05085764374394,216.56820454513718,220.65475755146915,8131200
2022-02-18,215.13841247558594,218.08498756834754,214.3172307354985,216.98364643842126,8121200
2022-02-22,213.8148651123047,216.732443831941,212.4623314109468,213.52503540906005,9928800
2022-02-23,208.626953125,216.67447767280137,208.11492704467003,215.2833069106404,8669900
2022-02-24,209.93116760253906,210.47217514823225,194.61864923581882,196.4735385673455,13463400
2022-02-25,211.83438110351562,213.19655565981907,206.98460923562075,209.9215138909725,8463600
2022-02-28,208.7911834716797,211.23538785464237,206.0088567292607,208.67525749030617,8409400
2022-03-01,201.8836669921875,207.85409134057946,200.25097383956364,207.20681332730194,9317800
2022-03-02,201.41029357910156,203.40043518285927,199.1979555634343,199.8838707127843,8865700
2022-03-03,200.20265197753906,204.3278568075679,199.5553740109878,203.41007505622957,8610000
2022-03-04,193.4980010986328,199.37182525571097,190.18432218908055,198.0482877572002,10912300
2022-03-07,184.23316955566406,193.3916891582244,183.60521760150826,193.06322243578438,13412400
2022-03-08,185.20896911621094,189.75924104459892,180.33987123789788,183.56660566452547,11070900
2022-03-09,192.9859619140625,193.70087318682522,188.61924960112933,189.83651661451947,8457600
2022-03-10,191.25665283203125,193.15984946396264,189.64328586704332,190.22293045958105,7061600
2022-03-11,190.0393829345703,194.0293206748361,189.79786067280378,193.9423761985239,5432100
2022-03-14,193.53668212890625,197.4976396369906,191.4402699988966,191.69144792414417,7994700
2022-03-15,199.14962768554688,199.41047589789437,194.57035955715824,195.23696346573996,8277700
2022-03-16,204.68527221679688,206.42423536934865,199.98042349244284,202.87869049957968,9232300
2022-03-17,206.21170043945312,206.2986449142017,201.64210345658836,202.8110629273602,6668500
2022-03-18,211.6798095703125,211.82471705676258,203.1588955746088,204.52108491264607,14620800
2022-03-21,209.6799774169922,210.66539245307214,207.27442492776052,209.00371797707467,6101500
2022-03-22,211.06146240234375,212.12416618575688,209.81519935258217,210.45282162263004,6259900
2022-03-23,207.40003967285156,209.92153328474393,206.93632094576577,207.99902505091293,6008000
2022-03-24,209.94081115722656,210.2789482245846,206.7430587289599,207.69949220473194,5487000
2022-03-25,211.0228729248047,211.5059175615319,208.37579775000506,211.01321733895702,5051400
2022-03-28,213.28350830078125,213.48637876952924,210.13404819999147,211.09048177671272,4316800
2022-03-29,220.38424682617188,221.05085068209175,216.1914235549675,217.2154756704704,8032500
2022-03-30,216.35565185546875,218.49071526113696,215.17702196948267,218.18155967206198,7084000
2022-03-31,214.24957275390625,218.25883641501315,212.96467254839743,216.31700273132785,10759500
2022-04-01,218.68399047851562,218.94483873610884,214.694036661437,215.51521852283778,6559600
2022-04-04,220.0171661376953,221.46629997999887,217.33143926260084,218.10429885208134,8521200
2022-04-05,218.423095703125,221.22476312548886,217.66954733398768,219.13800699186973,4658000
2022-04-06,211.58319091796875,215.31229582901426,211.20641671867392,215.2253513387196,7430000
2022-04-07,208.82020568847656,211.26441054807688,206.43396383086622,210.90696220823642,6995100
2022-04-08,209.62203979492188,211.96964432065016,205.85429764418757,207.5256279068105,5438600
2022-04-11,207.46766662597656,209.93119716398502,206.17311056772502,207.95071125141538,6942700
2022-04-12,204.23123168945312,209.6316810106922,203.55497226161054,209.15829204052744,7446600
2022-04-13,206.037841796875,206.59817528547975,200.14469195236862,203.29413734554282,8052900
2022-04-14,205.5741424560547,208.62698828289115,205.32296453663903,207.00396528109152,8191600
2022-04-18,205.94122314453125,208.51102383153778,204.3471819373174,204.4920894138457,4744400
2022-04-19,208.38543701171875,209.1679669033,205.2359915338599,205.87361394231547,5028800
2022-04-20,210.40455627441406,213.331820055313,210.01812649849822,211.24506388612505,7178300
2022-04-21,209.1099853515625,216.32667219776698,208.0472961731347,212.06621567577156,8850300
2022-04-22,201.11077880859375,209.21626627699658,200.89823801393737,208.9071254110832,6201100
2022-04-25,202.83041381835938,203.39074729355934,198.36708666866215,199.35250172790003,6839400
2022-04-26,194.2805633544922,201.4875812486947,194.2805633544922,199.96115839179822,8155300
2022-04-27,206.84934997558594,214.2785779508375,205.8252978278778,209.99879532022527,15955800
2022-04-28,213.17721557617188,217.30240524973536,211.8343523720564,212.9260229860393,10799100
2022-04-29,205.90255737304688,213.6988880922518,205.14900911740173,211.20637665383,7965000
2022-05-02,204.3568572998047,204.94617233030525,199.94183710519548,204.58872402604086,8803700
2022-05-03,201.48756408691406,206.3663175652473,199.2752262733376,206.3663175652473,6616900
2022-05-04,207.24546813964844,207.51597194786302,198.36710565483912,202.25078853185138,7191100
2022-05-05,198.28013610839844,207.3034049427514,196.18372448894064,205.07174143627535,7749600
2022-05-06,195.94219970703125,198.74385222006842,193.4303621329394,196.84065550046148,8825300
2022-05-09,186.45518493652344,193.94237500521803,185.56638478765316,193.26611562470248,10314100
2022-05-10,187.01553344726562,191.04412330501364,184.49404025672118,190.03939710732794,11016500
2022-05-11,190.049072265625,191.5948209119527,184.90947054673433,186.92860821707086,9427300
2022-05-12,187.7501983642578,189.77317730198055,183.85909873632653,188.29223915431712,9308600
2022-05-13,192.84156799316406,194.10955970467276,190.19911119447377,190.68307839853097,6684500
2022-05-16,191.46705627441406,193.52876078781426,189.59895041109158,190.99277798243236,5161300
2022-05-17,197.45860290527344,198.2329533215482,193.7320498347981,196.34548433591365,7265600
2022-05-18,193.5771942138672,198.87179624179868,192.74477008965385,196.31645017180753,8748200
2022-05-19,191.0411834716797,193.99338596960288,187.11137267128242,190.0539011434601,9012400
2022-05-20,192.64796447753906,195.1936364382853,187.7986189029764,193.26744184496525,6966600
2022-05-23,200.90443420410156,201.29161677281394,194.33216702619765,194.43864038640547,12187400
2022-05-24,196.13253784179688,198.10711737467923,192.64796834905653,197.37149260154771,7458500
2022-05-25,197.3037567138672,198.37816455487803,194.0418223110314,194.157969719949,5457200
2022-05-26,201.8627166748047,203.0145609431181,198.10712657701094,198.53302006474092,9212300
2022-05-27,206.05386352539062,206.39263167693272,202.9177510000388,203.26620794730013,4897200
2022-05-31,205.36663818359375,207.47674283835164,202.40476130711846,203.63404212045205,9586400
2022-06-01,203.19842529296875,207.24439804412577,202.12403247915057,205.2504558985645,5246100
2022-06-02,208.15428161621094,208.3478655292359,204.311581126167,205.09560557409685,5337200
2022-06-03,205.8312225341797,207.34121244524079,204.49548324638317,206.12160577744166,4352500
2022-06-06,206.1119384765625,210.60315317443806,205.28918838872625,208.54144832646415,3965100
2022-06-07,207.62191772460938,208.0768480499021,203.96312706934458,204.35029490088874,4493300
2022-06-08,206.65394592285156,208.65757675020055,206.00543179932168,206.90560349079496,3646300
2022-06-09,199.50096130371094,206.85726870789077,199.41385075172496,205.77317212831784,5138600
2022-06-10,193.112548828125,196.89717513210385,192.79312876663664,195.18392744575854,5162500
2022-06-13,186.09503173828125,189.6086377570991,184.95287642399592,186.80163436780123,7119200
2022-06-14,187.3146514892578,188.10834994197006,185.6014036279994,186.54030108866885,6441200
2022-06-15,189.86997985839844,192.45436244962661,186.06599069929572,189.6957440189146,6490000
2022-06-16,182.9879608154297,185.7175275397814,181.51669671726293,185.27228608514773,9887200
2022-06-17,183.91714477539062,185.1754620028562,179.94862400507807,180.93590610875737,15089300
2022-06-21,188.15675354003906,190.42171632421267,187.51791333850116,189.4344339431149,6241600
2022-06-22,187.60504150390625,190.09262508599292,184.9044964152315,185.1174431523136,5138500
2022-06-23,190.33457946777344,191.12829259684239,187.24686702335308,189.85061237039105,4752800
2022-06-24,198.9202117919922,199.04604800197853,191.17673586930172,191.38968263873636,7754800
2022-06-27,197.03269958496094,200.44950641026205,196.11316497327599,199.15247802032727,6121200
2022-06-28,191.7671661376953,200.15915594313728,191.1670515123546,197.45862535959665,4354200
2022-06-29,193.10292053222656,194.2063652016304,190.99283054509763,190.99283054509763,4324600
2022-06-30,190.57659912109375,192.4737570008299,186.66615073199327,189.10533473085997,7045200
2022-07-01,192.79315185546875,193.3932811805169,188.46649900861433,190.47978940840306,4131800
2022-07-05,194.10952758789062,194.13857920327365,187.9147543087301,189.9377333422914,4110200
2022-07-06,194.67092895507812,196.0163569532848,192.2994930291101,193.5868473362366,4111200
2022-07-07,196.29710388183594,196.90689252488565,193.6255954226398,196.04543147944372,4650700
2022-07-08,197.0424041748047,197.55540820253478,194.03212773328158,195.83248622836462,3621800
2022-07-11,198.484619140625,200.11075655902195,195.52274233764115,195.52274233764115,5353600
2022-07-12,198.25230407714844,201.44647534942513,196.25834707651168,196.73264018537023,6779500
2022-07-13,197.60377502441406,198.9782546829731,193.10288658328236,194.00305836370677,7597300
2022-07-14,199.307373046875,199.47192012022103,191.63164568263466,193.58687727861047,5605500
2022-07-15,203.30491638183594,204.92137967994486,200.53662365889994,202.65640216517508,7245700
2022-07-18,200.565673828125,206.0828964124624,200.01394418493857,204.7181054977958,4648900
2022-07-19,206.808837890625,207.24440535447036,201.23352709098933,201.5432731440823,4927100
2022-07-20,206.52813720703125,207.2637767287338,204.4374103403904,205.20207194007529,4460300
2022-07-21,209.25770568847656,209.94493072788762,205.90864671981862,206.31517732823878,4801300
2022-07-22,206.8475341796875,211.07741664818997,205.31819638174542,210.94189168238782,5071500
2022-07-25,207.39930725097656,207.91231129950526,204.83427223882626,207.69936455073787,4357200
2022-07-26,205.67636108398438,208.25105505159368,204.96008439763906,206.99275229946724,6141000
2022-07-27,203.72116088867188,209.896587285135,194.74840457719938,204.01154417189406,17432200
2022-07-28,204.57293701171875,205.89900238536958,201.2529144099457,203.88569710370234,7477100
2022-07-29,205.30853271484375,207.29280086536116,203.10164382406964,205.20205935741586,6059700
2022-08-01,204.58258056640625,207.1282523315192,200.9044275183183,201.76588839696615,8028400
2022-08-02,199.64613342285156,202.14340581455076,197.39084461829952,201.1367605906013,9939400
2022-08-03,201.7949676513672,203.5856522708242,200.24628141110057,201.3206892288733,9520100
2022-08-04,206.62493896484375,207.98972989077035,201.86270391752004,203.77920972167954,6789700
2022-08-05,208.94796752929688,209.02540404375281,203.75016519104483,203.95343788767983,5553700
2022-08-08,206.47976684570312,209.68362724647432,205.25048606065127,208.32851026711216,4063400
2022-08-09,203.51785278320312,206.605565444715,203.0242116261874,205.2020637175291,4596800
2022-08-10,205.2988739013672,207.95100446916828,204.53419752240583,207.94133044305053,5746400
2022-08-11,204.67344665527344,207.01999470265278,204.19831347213952,206.81636196826258,6639600
2022-08-12,204.91586303710938,206.748498501614,203.7231992702197,206.535174602409,6443700
2022-08-15,209.85137939453125,210.16167409452117,203.98500153437894,203.98500153437894,5290600
2022-08-16,210.54949951171875,211.00523554408082,205.6915652806429,208.0381131517073,6564400
2022-08-17,208.00901794433594,209.61862334568158,206.29273581148524,208.4744451208899,4902500
2022-08-18,208.71688842773438,209.44412497277875,205.98247191644816,207.37876845023982,4516400
2022-08-19,206.36065673828125,208.69749901121273,205.94370007665773,207.61149713182,4178800
2022-08-22,202.2784423828125,204.8383146941458,201.88088281280108,203.56807709814208,5139500
2022-08-23,200.52334594726562,202.94746759847612,200.26153666614888,201.68692138071378,3525500
2022-08-24,200.39732360839844,202.0263413502651,199.4373659321734,200.35854416496528,4230800
2022-08-25,203.45167541503906,203.53894023767714,200.23243497597662,201.0954216341676,4495000
2022-08-26,196.73202514648438,203.87833136702633,196.5477895252459,203.4032129708482,5060200
2022-08-29,196.18902587890625,197.76955801572632,194.53092006956552,195.14180349337502,4476200
2022-08-30,195.2678680419922,198.20590254123374,194.13338079140377,197.73076933208176,3918200
2022-08-31,192.67892456054688,197.00355003525232,192.61104204086453,194.89941386010338,6559000
2022-09-01,194.0558319091797,194.34671473187905,190.6911491670606,192.68862345982276,5608300
2022-09-02,191.75772094726562,196.33446397968444,190.87535187790812,196.29568454190613,4508100
2022-09-06,192.6110382080078,193.968540617972,190.43901955639853,191.89349276521727,4547800
2022-09-07,194.33700561523438,195.03515391654713,191.23413249588097,192.6789144963661,4098300
2022-09-08,194.61822509765625,195.00607871521237,190.98204194931606,191.40867501036092,4377600
2022-09-09,198.97190856933594,200.135484040194,195.2387699838469,195.93691822549474,4885600
2022-09-12,200.3585205078125,200.90152142576468,198.72950295829062,200.2324614391217,3812300
2022-09-13,193.6097412109375,197.2944089837548,192.8340193436606,195.9175096972787,5217900
2022-09-14,193.35763549804688,194.78302015776546,192.0486039384967,193.9297246347601,4632800
2022-09-15,189.44029235839844,194.23036007678,188.6257908699046,192.07773843171245,6099300
2022-09-16,187.43309020996094,187.93731165937103,182.50727320823077,184.44657054140023,9398200
2022-09-19,187.2682342529297,188.10213262027403,184.92168647404523,185.7749671600358,8133600
2022-09-20,186.2404022216797,187.1712565347184,184.51441420808126,185.29984195401477,5292500
2022-09-21,181.34368896484375,187.22944839156642,181.32429184966756,186.68644753194312,6705900
2022-09-22,180.15101623535156,181.52793033900952,179.0553233215265,180.69403190789623,6604700
2022-09-23,178.3765869140625,178.97776439216136,176.69908395797145,177.9014537098346,10755800
2022-09-26,175.10887145996094,178.90020178035826,174.4398114274595,177.4845080366644,9914600
2022-09-27,172.47142028808594,179.2395792889636,171.647227719096,176.97058994478533,9799600
2022-09-28,173.7416229248047,174.63371262555836,169.5236605408103,171.87989945387667,9751000
2022-09-29,174.59494018554688,176.70878201660912,173.30530565656665,173.4022764435168,9105200
2022-09-30,172.25807189941406,177.36812428368134,172.2096013048115,174.5949286310129,9472300
2022-10-03,176.1366729736328,177.79477869046966,172.7429026674305,173.8967869388456,8842300
2022-10-04,180.01528930664062,180.55830504944106,177.51360848529566,179.43350891856795,7081400
2022-10-05,181.9739532470703,183.08905802832064,176.82512148441572,177.77537298143432,6119900
2022-10-06,179.9571075439453,182.342449973503,179.62743052067012,180.9849328492537,5163000
2022-10-07,178.2505340576172,179.00685890986702,176.4081925286588,177.88206279269232,5610300
2022-10-10,176.65061950683594,179.17171242248324,175.40947016870203,178.54144659140502,4743800
2022-10-11,173.70286560058594,176.12698732371328,172.78170230493052,174.89552934557844,6294500
2022-10-12,172.83016967773438,175.10883498248154,172.81077256318574,173.65436210026124,4884300
2022-10-13,179.05532836914062,179.74377064471275,169.30066503910643,169.6885185919078,8426400
2022-10-14,177.0772247314453,181.4503494393729,176.54392983154904,181.1206576666954,6449400
2022-10-17,179.62744140625,182.84668254578807,177.3002901888891,180.35467801113361,13952100
2022-10-18,181.48915100097656,184.4174943080782,180.10256041913075,183.73874315627725,5209200
2022-10-19,180.752197265625,181.94486088888743,179.15226821425995,179.86012233804416,4927000
2022-10-20,181.53762817382812,185.1835019066937,180.77159742632745,180.8007004989186,5706700
2022-10-21,184.59201049804688,185.15440849580398,179.43348732538612,180.1607238197103,7582500
2022-10-24,184.9217071533203,187.26825519461266,183.36057217926103,185.60045827341898,7299200
2022-10-25,188.48033142089844,189.30452399263635,184.931413394829,185.0768547911163,11907200
2022-10-26,197.1586456298828,200.10637077432995,190.53594411739655,190.61351777852187,15450000
2022-10-27,198.0895233154297,200.05792375766208,195.47147482550048,197.14897770314857,7946700
2022-10-28,202.9862823486328,205.10012448998214,197.13930109235807,198.77800998097132,8455600
2022-10-31,200.8724365234375,203.25776413819443,199.94156722297208,202.57901297934757,8674100
2022-11-01,200.64938354492188,203.59712366041873,199.0979546170965,202.56929848176424,5919500
2022-11-02,194.85092163085938,200.71729977670304,194.49215631273162,199.5149299491853,6985600
2022-11-03,188.83908081054688,192.81464632482428,188.28637395991404,192.26193947419142,8236200
2022-11-04,191.00140380859375,195.33573484067153,189.41118047392902,191.02080092609341,9680100
2022-11-07,194.0267333984375,194.35641044389558,191.18565468261735,192.30075969496087,7821300
2022-11-08,195.6557159423828,197.92469037771977,193.67763907980668,195.53936283154457,6943700
2022-11-09,188.46429443359375,195.65574267224937,187.88121365450533,195.0434937669061,7320200
2022-11-10,199.7762451171875,199.96087772219488,194.38266273373986,197.3661304844794,8048900
2022-11-11,199.22227478027344,200.61196450606988,196.4525933213464,200.19409075481136,9601000
2022-11-14,201.02984619140625,203.2747386429989,197.48272393749136,197.76454403579848,5796100
2022-11-15,204.07168579101562,207.7062688283292,201.66157097830518,204.07168579101562,7316100
2022-11-16,204.2174072265625,204.94626920364817,202.35152234467134,202.70137668682187,6125300
2022-11-17,205.04348754882812,205.32530769768036,201.4769241843718,202.09888590514575,5385600
2022-11-18,204.8588104248047,208.13382551422538,203.82868786425902,207.16200953956192,8028500
2022-11-21,200.50506591796875,204.6158430703278,200.08717736520816,204.3728890925261,10450900
2022-11-22,204.4020538330078,204.54782029636021,199.56241447615454,201.69067898477408,5273100
2022-11-23,205.76260375976562,206.83160732363606,204.00361911908996,204.08136618089287,3807300
2022-11-25,207.76455688476562,207.96864478981107,205.4322041831036,205.74319245198487,1993500
2022-11-28,205.30584716796875,208.42538311865272,204.7130388022696,206.27766318854205,10229400
2022-11-29,203.1678466796875,204.22712254041699,201.50604965574217,203.44968161835848,8986900
2022-11-30,210.88406372070312,210.88406372070312,202.14743288535806,202.35152076198912,13918100
2022-12-01,210.88406372070312,212.48755412625604,209.23197955131093,210.88406372070312,11261500
2022-12-02,211.5254669189453,212.3223483008785,208.2018580915233,209.64985439184545,5132800
2022-12-05,207.65768432617188,210.79666141695972,207.04545018653147,209.57216348020128,9006300
2022-12-06,203.18731689453125,206.15135903715358,201.78789930399893,206.02501819589415,5986000
2022-12-07,201.9530792236328,203.1289831003356,199.34861947901345,202.91518239548054,7923800
2022-12-08,203.20672607421875,204.3729022771531,201.89476857795825,203.60515935367965,4896500
2022-12-09,202.8179931640625,204.58670537508132,201.67125741921438,202.05026506032766,4928400
2022-12-12,208.54200744628906,208.76553581966226,203.5663139001079,204.0813752322523,5941700
2022-12-13,207.03564453125,213.7800489801142,206.6274836490219,213.3524476286181,14585000
2022-12-14,207.3077850341797,210.1843519346285,205.66541371034134,206.85103035256543,7001700
2022-12-15,202.05026245117188,205.85006646347983,200.9909865997822,203.6926338176993,10831800
2022-12-16,201.0590057373047,202.5264425158289,199.51382190161735,201.64210125166042,12472900
2022-12-19,199.04736328125,201.6226697891326,198.20187326478234,200.80634789554742,4893600
2022-12-20,199.57215881347656,200.70918189338622,197.8131740104863,198.1338751092409,5024900
2022-12-21,200.98126220703125,202.0988594910359,199.78593269323432,200.74803586018413,4086900
2022-12-22,199.2805938720703,200.82577780965778,196.43318000577656,199.95114930918,5690300
2022-12-23,200.02886962890625,200.42731770909802,197.7839772595698,198.3767855551346,3246000
2022-12-27,200.47592163085938,201.0493043564732,198.8335650018125,200.11635444616226,2904900
2022-12-28,199.2125701904297,202.65279235780213,199.02792277504017,200.85492679912434,3139200
2022-12-29,202.196044921875,202.65279965151908,199.70819820731595,200.1455124639205,3675500
2022-12-30,201.9044952392578,202.17660254430342,199.9025565683926,200.4953649462568,4159400
2023-01-03,201.54493713378906,206.34571096292328,200.34960750212284,203.3816689400027,4202800
2023-01-04,206.61781311035156,207.19118102685653,203.71207775259805,203.71207775259805,6606200
2023-01-05,205.1600799560547,208.12412177385457,204.5284054764557,207.77426741456122,5246000
2023-01-06,211.61294555664062,211.99195322418964,207.08427919042387,207.96863535761696,6829700
2023-01-09,212.43898010253906,215.9472363990621,212.19602610646058,212.89573480146547,6294500
2023-01-10,214.85877990722656,216.12214357904767,212.0307919985795,212.8179753561933,10857000
2023-01-11,215.84034729003906,215.91807952354608,213.50797990895913,215.05316384560544,5408200
2023-01-12,217.31748962402344,217.50213703700277,214.39232879632155,215.84033997765945,4264400
2023-01-13,216.7732696533203,217.45353787208933,213.93556877735884,215.6556872102523,4283200
2023-01-17,216.71495056152344,218.07548692055056,216.10270178559415,216.11242943520202,6101100
2023-01-18,213.27476501464844,218.64890679039144,213.2553245408588,217.76455059217128,6558000
2023-01-19,214.1979522705078,215.2766685438436,211.3699643608526,211.95305984920384,4853100
2023-01-20,217.98806762695312,218.10468081408288,214.19799075786725,214.90741236080137,5211000
2023-01-23,217.8616943359375,219.82476672304674,216.86072508554548,218.269870087564,5501500
2023-01-24,217.57986450195312,223.51766033263465,210.52448630110203,215.76257348705224,5274900
2023-01-25,218.56143188476562,218.62946612860253,214.9365620347903,215.37387630789277,4729600
2023-01-26,218.3767852783203,220.6799845100116,217.36608830926536,219.63042142464025,7043400
2023-01-27,224.9171142578125,226.27765082821603,220.84520254024815,221.57406459483644,11382600
2023-01-30,222.64305114746094,223.9258405543059,221.50601338013507,223.71203984837584,5677400
2023-01-31,223.72174072265625,224.29510853414737,222.01133527992542,222.36118959059914,11294200
2023-02-01,224.39230346679688,226.10270907906252,221.37968283118946,222.90542620623825,5792700
2023-02-02,223.09007263183594,227.69648568720882,221.933609250111,227.36607181492596,7190000
2023-02-03,223.64404296875,224.3534645669457,221.22421555081212,222.24462541759252,5243600
2023-02-06,222.9734649658203,223.7703463732812,221.61291367130525,222.25431578891656,3402400
2023-02-07,224.8004913330078,225.58765994525498,221.5254612261004,221.59349546604068,4042600
2023-02-08,223.7120361328125,225.32525422213294,223.50796308064568,223.84808977716875,4978600
2023-02-09,223.32254028320312,226.37027176476013,223.10832083622105,226.30211913587218,5238400
2023-02-10,221.22906494140625,223.86785129416467,220.2164032102139,222.94282075111985,4509700
2023-02-13,222.8648681640625,223.78989848610684,220.32346031049335,220.91742965122106,4946700
2023-02-14,223.36151123046875,225.3381605889683,221.19985279326963,222.66043201528092,4829400
2023-02-15,222.9038543701172,223.04992120206157,220.83957389376417,221.6088057206645,4407300
2023-02-16,219.89505004882812,222.3585588992295,219.7392513816791,220.12874804955163,3865900
2023-02-17,217.68470764160156,218.86291465819235,215.91254605187325,218.28840891776036,4520200
2023-02-21,214.82200622558594,216.59418297015642,214.20857300135742,214.37410354489728,7276100
2023-02-22,214.23773193359375,215.9222622205026,213.68270478172195,214.61748187937732,4621800
2023-02-23,215.318603515625,216.2533659401268,213.1764086724316,215.737295780025,5533800
2023-02-24,213.78009033203125,214.4519590735606,211.7450204176731,212.7382034759719,4414400
2023-02-27,214.55909729003906,215.62044797680687,213.57563108825087,214.9291005959239,4255300
2023-02-28,214.15985107421875,215.94175939127732,213.73141215325003,214.21827186202736,5385400
2023-03-01,212.6213836669922,214.48119141709103,210.74209736735128,213.69248102510667,4792700
2023-03-02,213.30296325683594,213.82878003808116,211.38473490533983,212.16371337450929,5539300
2023-03-03,217.88922119140625,218.13265107145185,214.12091654500924,214.41303537262013,6055400
2023-03-06,220.7908935546875,221.4432838276817,217.81131430336632,218.04499747113724,5737600
2023-03-07,217.30496215820312,221.4043274723083,217.21733097587506,220.79087948045319,4386800
2023-03-08,216.3507080078125,217.07125082867196,215.36724194054244,216.126756714122,4194900
2023-03-09,214.22799682617188,218.4734139446541,213.8872039556419,215.58146617878683,5066700
2023-03-10,210.45973205566406,213.3614120043822,209.8170736200411,213.27378081528283,6638900
2023-03-13,208.8336181640625,212.1247947625256,206.915389598923,208.9894168468042,6810800
2023-03-14,212.91346740722656,214.09165944929703,210.36231271752806,212.27080909821856,7985600
2023-03-15,210.6836395263672,211.20945626707496,208.05460039616034,208.77515802470245,8372200
2023-03-16,211.7352752685547,211.86186354188132,203.27365151671108,209.51519628064236,13674600
2023-03-17,211.67689514160156,212.91352314641264,209.22311768341228,209.22311768341228,18801200
2023-03-20,212.41690063476562,214.75383632361167,211.14133048110503,211.29712916525082,9817400
2023-03-21,216.1170196533203,216.6623001446043,212.9329530286982,215.5230502200762,8971400
2023-03-22,214.2572021484375,218.98947884806256,214.14036057933856,216.65255831941394,6700600
2023-03-23,216.74020385742188,219.3303011011089,214.4714358078265,214.6467130308671,6427700
2023-03-24,215.23094177246094,215.513328734737,212.5142710307283,214.87067032863948,4791500
2023-03-27,215.980712890625,218.19106024388788,215.57175249686458,216.74021288729153,7210900
2023-03-28,214.53961181640625,217.4607702156275,212.90375538679677,216.96417863656066,6418400
2023-03-29,217.43154907226562,217.67497892683429,215.11409210228283,216.44808295082964,4483000
2023-03-30,216.51626586914062,218.34686326042055,215.39649440145018,218.03526589263663,5383900
2023-03-31,219.53477478027344,219.90477803603798,217.4217906813577,217.72365616533025,9509000
2023-04-03,222.9817352294922,223.13753389420933,218.22997996006893,219.31080905265404,6421500
2023-04-04,221.6769561767578,224.00414488553034,220.86876731367397,222.9817365716157,5254700
2023-04-05,222.17356872558594,222.46568753687788,220.5961479455013,220.8200992624538,4813600
2023-04-06,220.05087280273438,220.77141571605645,218.77528779082738,220.21640333303216,4285200
2023-04-10,220.4792938232422,220.52798276859917,218.42475999231104,219.63216263359533,4952200
2023-04-11,222.44618225097656,223.11805097886037,220.2553137162832,221.0342921668409,4513300
2023-04-12,221.82301330566406,225.50367143525165,221.35563215559327,223.8872936714407,4373000
2023-04-13,226.5747833251953,226.7208353009548,222.7870152234408,223.42967363234223,7615500
2023-04-14,227.86981201171875,228.81432099290575,226.1365927150161,226.86688224534964,9781300
2023-04-17,227.34402465820312,227.89905190483614,224.8707836660793,227.8698415084639,4865000
2023-04-18,227.46087646484375,228.1716875250457,225.60106869222776,227.60692844372767,4796200
2023-04-19,226.45797729492188,227.90881000782352,225.75689798565824,227.85038920834856,3833900
2023-04-20,228.43458557128906,228.5027382057466,225.41604937733607,226.35082657308405,4925700
2023-04-21,227.89906311035156,229.37912098303178,227.24667279632743,228.82409370910875,6771500
2023-04-24,226.6428985595703,228.97008708856652,225.42574943650166,228.07426711692125,9124100
2023-04-25,223.5562286376953,228.84353259121238,223.4004299712031,226.89609383339572,6076500
2023-04-26,222.1540985107422,226.65269271474213,220.76168675416207,225.1434245145931,8400400
2023-04-27,222.99147033691406,223.59518645708118,220.65454976307993,222.66040931288032,7128200
2023-04-28,226.6137237548828,227.43165938593796,222.0664556999642,222.6409466103996,11627900
2023-05-01,226.3994903564453,228.42482847358767,225.42577096499875,226.75002993167726,4571100
2023-05-02,221.0148162841797,226.26316304291765,220.26506307420163,225.85420269444464,5244000
2023-05-03,220.0410919189453,222.66039931633688,219.98267113588912,221.01481125728995,4093300
2023-05-04,219.67108154296875,220.11898410371234,217.6067865093977,218.93104536087105,5648700
2023-05-05,225.68870544433594,226.233985989321,221.31669952265557,222.33910797339283,6237500
2023-05-08,226.12684631347656,227.3147851396903,225.1726054860811,225.1726054860811,2938400
2023-05-09,227.1298065185547,227.9379954911047,224.75394340551946,225.00710512816454,4352100
2023-05-10,225.19212341308594,228.63908406619836,222.88439798731716,228.14249244687147,5245000
2023-05-11,225.3774871826172,225.8750618423653,222.70430364678504,225.12383188619998,3818000
2023-05-12,225.7384796142578,227.0555548772482,224.21651803742554,226.34335796229422,3432700
2023-05-15,227.1335906982422,227.1531072236535,224.92869970267077,225.55309453510895,2843200
2023-05-16,224.85064697265625,227.41652668068534,224.03113155186838,226.88968470535957,4289700
2023-05-17,226.9774627685547,228.18723413344318,224.92867443295168,227.05551397468415,4990100
2023-05-18,227.90432739257812,228.44090528108694,225.49455020013343,226.73357410593158,6621900
2023-05-19,227.62139892578125,228.62628412353845,226.284807230788,228.2945776263024,5399400
2023-05-22,225.640869140625,228.16771550795985,225.5433014121758,227.6213719568329,3987800
2023-05-23,219.10421752929688,223.89450384901002,218.20665106170557,223.67986677124426,8537200
2023-05-24,216.83103942871094,217.66032044984047,214.66516688779726,217.123727723624,6730800
2023-05-25,217.93353271484375,219.21158979046217,215.113997560566,217.0262003207019,6827600
2023-05-26,219.5237274169922,220.6944805349182,217.89444768819646,218.36275489006456,5067300
2023-05-30,216.2359161376953,219.97253388281266,214.39199919740585,219.52374317050223,6916000
2023-05-31,215.6407928466797,216.12860172791216,210.87002258369608,214.59688958194997,20460600
2023-06-01,220.97744750976562,221.1823338125925,217.00667563403977,217.2993639723293,7003600
2023-06-02,223.21156311035156,224.65548799943375,221.8749716485977,223.2310796322971,5897100
2023-06-05,221.24085998535156,222.76282142176646,219.8164514001126,222.35306371863527,4858900
2023-06-06,222.65548706054688,223.66037216548705,220.6457168506665,221.16279307411162,6020100
2023-06-07,219.7774200439453,222.00182737698353,215.63104450582864,221.46523462411338,8517200
2023-06-08,217.61155700683594,219.65059467105613,216.98716219957606,219.60181080286858,6248200
2023-06-09,218.10911560058594,219.68961169177248,217.32861837388091,218.1871668119311,6385000
2023-06-12,220.6554718017578,220.92864358957166,218.17740918751895,218.93838986596413,8621100
2023-06-13,217.95297241210938,221.61153852166856,217.2017575560686,220.1188447399079,6868700
2023-06-14,217.99205017089844,219.97255317353063,217.15301824219122,218.2847384970515,9160700
2023-06-15,220.6554718017578,221.572554898024,215.97250347434803,216.6066639642163,12534000
2023-06-16,223.32867431640625,224.19697356350244,220.5676741541968,220.92864797667335,13628900
2023-06-20,220.9481658935547,223.97258704928694,220.66522839300907,221.46524214021107,12312300
2023-06-21,221.70912170410156,223.05547889008938,219.49446536301522,220.6066689424307,7032100
2023-06-22,222.82138061523438,223.34820775241474,220.0018453654443,220.8408773889155,6275500
2023-06-23,223.9530792236328,224.37258775120668,220.87012326162488,221.67988785911888,5424400
2023-06-26,220.7823028564453,224.48965333507843,220.68473512539745,223.84574203835223,5165400
2023-06-27,221.7969207763672,223.035959403719,220.9969220163468,221.93350665669968,4628500
2023-06-28,222.40185546875,222.4994083233829,220.50915442525417,221.95306469984746,5324500
2023-06-29,228.60678100585938,228.97750566465228,223.02624573127136,223.21160061729435,7118900
2023-06-30,231.68968200683594,232.4701791265972,230.19698815041176,230.509192953014,6879400
2023-07-03,232.16775512695312,232.5872636101446,229.67017609068643,231.22140472679413,3087400
2023-07-05,233.61166381835938,234.14825655030288,228.28479931841733,228.69455698097093,7601200
2023-07-06,233.0555877685547,233.75803378435816,230.91898237771468,232.46046030757526,6441800
2023-07-07,230.68479919433594,232.62628375137174,230.37260927549409,230.95797095585175,5729500
2023-07-10,232.3531494140625,233.27023256975275,230.73362021940721,231.2311799608629,4858900
2023-07-11,234.6848602294922,234.83119694196415,232.31410128022506,232.9872799310879,3856500
2023-07-12,236.3043670654297,238.00193231722272,235.34825101150048,235.66045581770052,6116000
2023-07-13,237.37753295898438,238.3141324725616,237.2214305589308,237.84582527240087,5819600
2023-07-14,237.231201171875,238.77267890912537,236.06046292073702,238.76291320470483,4941200
2023-07-17,238.04098510742188,239.38732750729432,237.07511815570717,237.1824367058977,4328100
2023-07-18,234.89950561523438,237.25073323675224,231.88483525129644,237.17269691184615,7674000
2023-07-19,235.53366088867188,236.67513199319853,234.26535469917098,235.36780763964632,4835500
2023-07-20,233.7775421142578,235.71902697556186,233.24096421152396,235.28000192480377,4695000
2023-07-21,233.4165496826172,234.4897351760861,232.90922427781862,233.89460774547982,5427400
2023-07-24,234.8702392578125,235.39706633024616,232.38241084039763,233.83607186413386,6010000
2023-07-25,232.87020874023438,234.9287628378037,232.74337366591982,234.16778216540803,4997500
2023-07-26,231.31895446777344,233.02628538256837,222.12862295751376,225.77743838607486,7551400
2023-07-27,228.7238311767578,232.84093933542647,227.27992105304685,231.6311679477658,8160100
2023-07-28,230.0019073486328,230.12874243245682,228.0116534916277,228.86043625445748,6794800
2023-07-31,231.93362426757812,232.60680295712072,230.24580957752352,230.24580957752352,4799600
2023-08-01,233.9336395263672,234.86047347737488,231.22142317958853,231.35800907882393,4627300
2023-08-02,231.7677764892578,232.9677822890251,231.01654656860805,232.81169474531958,4868200
2023-08-03,232.93850708007812,233.22144458656493,229.51409386558447,230.245807236038,5033800
2023-08-04,233.16290283203125,236.01170501491157,232.04093343262622,232.19703585307764,5169700
2023-08-07,235.62144470214844,236.2751068283766,233.37753571741587,233.3872865359879,5649800
2023-08-08,233.45556640625,235.4751023078734,231.60189862357018,234.55801923487024,5080600
2023-08-09,233.91409301757812,236.07021467206982,233.65068695858287,234.63605547056176,4055000
2023-08-10,234.7449951171875,238.44953351609237,234.67656628336294,235.19461491328053,4778000
2023-08-11,234.6276397705078,235.29231507952292,233.0441718425931,234.588548241619,3607100
2023-08-14,237.4231719970703,237.8434842670373,234.84269836631435,235.29233301386748,4351100
2023-08-15,234.42242431640625,237.19838571195768,233.95325131364535,236.55326351144842,3770100
2023-08-16,233.8945770263672,235.63445601094833,230.69831843347612,231.19681378559696,3218600
2023-08-17,232.01785278320312,234.95999381636955,231.1577048823001,234.58855716148076,4177600
2023-08-18,232.79981994628906,233.6599827705138,229.99453652829095,230.26822198786448,4344800
2023-08-21,234.0607452392578,235.10661149338276,232.39906431995075,233.98254726184132,3573600
2023-08-22,235.14572143554688,235.98631614710885,233.28855300245627,234.58856643119788,3848400
2023-08-23,236.83673095703125,237.07130999894255,235.2923543005721,235.87883173483178,4947700
2023-08-24,234.0705108642578,238.06828731793846,233.96299051127363,236.7878271508699,4570700
2023-08-25,237.10060119628906,237.92165751282843,234.79381327262766,235.93743062382273,3541500
2023-08-28,238.33221435546875,239.7006417143975,237.12995211049997,237.5306962489965,3741500
2023-08-29,239.8081512451172,240.2871082564876,237.9118913371162,238.00964253608615,3975600
2023-08-30,240.6781005859375,242.63300538845598,240.50216631278604,240.86381892853515,4573300
2023-08-31,240.14048767089844,242.4277375192155,239.91567780513807,240.052520538393,5532600
2023-09-01,242.5157012939453,243.25855970493825,241.20591873453444,241.8901323913357,4112900
2023-09-05,239.8081512451172,243.08262251900408,239.67130851540261,242.75029230608857,4459600
2023-09-06,240.60968017578125,241.0984063632127,238.70365102774656,239.88636004907647,4520300
2023-09-07,241.5675811767578,241.82171342686183,239.58335403377168,239.96455986629758,4007900
2023-09-08,241.71417236328125,242.54501278300373,240.88334685829722,242.2028985125913,3309100
2023-09-11,241.64576721191406,242.76006227611794,240.71719047753396,241.75328756524684,2995800
2023-09-12,241.7239532470703,242.17357294625845,240.46303144620904,241.37206982761347,3499600
2023-09-13,242.24200439453125,244.42171883926807,241.0495113998035,241.57732907734834,5657000
2023-09-14,236.0547637939453,240.00366508126294,233.36676958925236,239.4758473271909,12000000
2023-09-15,235.6344757080078,238.59615551911466,234.61791678002416,236.44574813866512,13077900
2023-09-18,239.14349365234375,239.70063373180366,235.34120463729587,235.50736974572212,4771600
2023-09-19,238.06829833984375,239.59312166022247,236.0156572988492,239.4758321478055,4709000
2023-09-20,236.40664672851562,239.01644294243584,236.22092837934778,238.1367417160773,5756600
2023-09-21,231.2749786376953,235.35095275102222,230.94264845055315,235.34118359777844,6881500
2023-09-22,229.77951049804688,232.42839813268822,229.58402300225717,231.4118542057378,5935500
2023-09-25,228.09829711914062,230.16072232004365,226.97423280306495,230.0727551818618,5921600
2023-09-26,224.471923828125,227.4238340699081,224.42306314293518,226.70051396928233,6193200
2023-09-27,224.32530212402344,225.47868867521632,222.78092570525283,225.0681605003135,6006700
2023-09-28,226.4365997314453,227.29674759949705,224.49146431663192,225.4689166008066,4203900
2023-09-29,224.82382202148438,227.77573245699242,224.4719385595381,227.59001411391802,6045200
2023-10-02,226.05543518066406,226.15317147807045,223.61180402439072,224.07120787494938,5175200
2023-10-03,223.65087890625,226.52459131839515,222.64410413801411,225.2734534527284,5585700
2023-10-04,226.0065460205078,226.47571899824754,223.71931097494402,224.30577346843367,5430900
2023-10-05,228.21559143066406,228.90958922529325,225.02910184674926,225.21482019663907,6126200
2023-10-06,229.74041748046875,231.25547176220255,227.50205793055522,227.91258617013472,6401300
2023-10-09,229.1539306640625,229.86746670139195,226.47570586342678,227.5509094112431,5372200
2023-10-10,231.26524353027344,232.84871164366945,228.9975468059009,229.60356252046185,4644000
2023-10-11,230.36595153808594,233.1321433444574,229.5937707814485,232.1937974861319,4760900
2023-10-12,231.44117736816406,232.36975416236479,229.59379293442618,231.3727634560389,4472800
2023-10-13,232.31112670898438,233.2690259532666,230.90359276610542,231.0599887408122,4966800
2023-10-16,234.65701293945312,235.28258190049021,232.95624033534895,233.61113167622054,6227300
2023-10-17,235.76150512695312,236.03519059327138,232.91711519335345,234.22691268472144,4527600
2023-10-18,232.1156005859375,235.39984093474698,231.6464276546043,234.54946220019207,9528300
2023-10-19,228.53814697265625,232.55547699854978,228.14717197219673,232.11562639434777,5927400
2023-10-20,228.11782836914062,230.4539388291774,227.39450827937293,228.85091761285182,5748300
2023-10-23,226.30955505371094,229.17349836763344,226.06519195147052,226.14338993395629,5071700
2023-10-24,229.35922241210938,231.19683787884176,227.63891138701916,227.63891138701916,6844100
2023-10-25,231.50961303710938,233.10285034928089,226.07496502079863,227.0133259121354,10365300
2023-10-26,226.06517028808594,230.2975406030789,225.16591594778382,229.28099675765785,6414500
2023-10-27,224.10049438476562,226.1726885008804,222.88844815595473,225.9576478003698,5540900
2023-10-30,227.8245849609375,228.11782363528454,224.8433524487635,226.95465300637576,5170300
2023-10-31,229.79905700683594,230.40507270049693,227.73663191983212,228.3035560813735,4828400
2023-11-01,233.20057678222656,233.65019649811154,230.3659560994654,230.81559073008918,4996200
2023-11-02,237.76531982421875,237.76531982421875,233.80663422960308,234.500632064752,6286700
2023-11-03,238.10740661621094,239.78862590921995,236.79760908695528,239.59312350070374,5029800
2023-11-06,237.9998779296875,239.26078489795458,237.13971508948094,238.4983732585858,5254100
2023-11-07,239.25100708007812,239.54424575723343,237.89234896017263,237.92167133641428,4219700
2023-11-08,238.91796875,239.74077312781586,237.83068619842481,238.5065665610921,5117500
2023-11-09,236.69444274902344,239.47631393055053,236.03815718520144,239.32938990375945,4866600
2023-11-10,240.2305450439453,240.25013989522563,237.01767697261417,238.98653355125853,4094400
2023-11-13,239.6624298095703,240.65175314064533,239.11389350931117,239.98567761790014,4088500
2023-11-14,241.8859405517578,242.85566889310127,240.55377474818815,241.13169577233097,14092000
2023-11-15,243.03201293945312,243.15935705409643,240.31870145450293,241.75861663249688,13258900
2023-11-16,243.48263549804688,244.34461476567708,242.20923903077062,243.502215405463,7051600
2023-11-17,244.45233154296875,245.11842196891692,243.5707575386318,244.34458228052824,7238200
2023-11-20,244.8539581298828,245.7943017967183,240.5734020782513,244.50132551819624,8604200
2023-11-21,247.0677032470703,248.1549859099089,244.91273277424872,244.91273277424872,7213700
2023-11-22,248.52720642089844,249.33041600756113,247.48890344603316,247.8219412027837,5701400
2023-11-24,249.09530639648438,249.48711371463537,248.31167681369126,248.98755714201917,1640900
2023-11-27,248.93858337402344,249.7613877294813,247.35174426757024,249.0953122835844,5478900
2023-11-28,247.76318359375,248.94841065209496,246.46040236236308,248.65456258572428,5234900
2023-11-29,249.02674865722656,250.8291013029144,248.33128837872346,248.723095723247,4955100
2023-11-30,251.42660522460938,251.51475963618856,247.9884486545899,249.0463464330172,6874700
2023-12-01,251.20132446289062,251.65190140676674,248.70349663476452,250.55481395710672,3939400
2023-12-04,249.23245239257812,252.12208755171847,249.14429798374456,250.67236752282693,5247500
2023-12-05,249.39898681640625,249.60469539634246,246.9795382464289,248.98758460302653,4199100
2023-12-06,249.0855255126953,251.57353361045483,248.3410855578404,250.56463041627202,3874000
2023-12-07,250.58421325683594,250.89767108374528,248.31168885121875,249.67323952556103,3589300
2023-12-08,250.505859375,250.79972236350972,248.67412188296848,249.7809993295417,3732300
2023-12-11,251.26988220214844,252.35717975644005,249.78100228334594,249.78100228334594,6479300
2023-12-12,254.2476806640625,254.4044095913691,251.15235160897615,252.0339256687128,5946600
2023-12-13,257.00994873046875,257.1079080378053,253.39546850852997,253.84604545069783,4859900
2023-12-14,253.4346466064453,257.86212610129786,251.15231741123364,257.80335649818346,8168700
2023-12-15,252.7489776611328,253.0820153978957,249.242246633327,249.30101624022728,13374000
2023-12-18,253.08200073242188,254.27703249178504,252.6706135079589,253.4052634446252,6041100
2023-12-19,254.66888427734375,255.01172695291072,251.93600755873845,253.3171233749862,8731200
2023-12-20,251.84779357910156,255.4818836618568,251.81840877568504,255.168425830091,7240900
2023-12-21,254.22811889648438,254.66889101130738,251.7792852819505,252.2396671972024,6246700
2023-12-22,253.14080810546875,255.86390974795617,252.935114462547,254.67868270999597,5111500
2023-12-26,253.85586547851562,254.42398166615223,253.23875468779895,253.23875468779895,2085100
2023-12-27,253.63055419921875,254.4533585970518,253.0232483265075,253.94401203448405,4034700
2023-12-28,255.0705108642578,255.62885211922207,253.24859294972944,253.24859294972944,3020500
2023-12-29,255.02149963378906,256.10876724389414,254.35542416671657,255.23699815466355,4074900
2024-01-02,253.57180786132812,254.76683981158052,252.39638571069466,254.2966530155348,5471000
2024-01-03,252.70004272460938,253.56200702502593,251.60294018292086,253.25835405593867,4148300
2024-01-04,254.296630859375,255.69738622565876,252.7195965627902,252.78817106950726,3843000
2024-01-05,254.37503051757812,256.1087938705595,253.4542667320209,255.44271833423767,3748400
2024-01-08,257.1667175292969,257.2450670515277,254.62972950861482,255.5994580477861,4659000
2024-01-09,257.94049072265625,258.224563749677,255.79534029731323,256.63772458663703,7055800
2024-01-10,259.1453552246094,259.93877489118745,257.4801364789836,259.5469675078012,4355800
2024-01-11,258.6261901855469,260.7419858167287,257.02954603611437,260.0269157070422,5599000
2024-01-12,258.7633361816406,260.1150670838722,258.31272932124483,259.70367982018854,4656100
2024-01-16,259.8114013671875,260.2228185036317,256.98056569152624,258.1266029055782,6196400
2024-01-17,261.1729736328125,261.6333554884706,258.97882856396586,259.008213367817,5118700
2024-01-18,262.65216064453125,263.2790466203854,260.96736161324446,262.3974723361875,6694300
2024-01-19,265.3555908203125,265.6004741691487,261.5843812696376,262.69125878925513,7226500
2024-01-22,265.6494445800781,266.7759019035326,264.8266102971015,266.66813769550635,5984300
2024-01-23,265.7082214355469,266.3057224199546,264.3858454575979,265.9922645791251,5883000
2024-01-24,266.0902099609375,267.27543686160647,265.53186881612436,266.99139373289813,5021700
2024-01-25,267.0305480957031,267.19708190308734,265.2575952836487,266.38408244887313,6894900
2024-01-26,262.4561767578125,265.3262023926824,260.1640722311494,260.4971099938626,8586500
2024-01-29,268.0591735839844,269.44031957301286,261.2514029792756,261.50609128580385,6574500
2024-01-30,271.4776306152344,272.9371554653733,268.57822060418425,268.9700279203291,6549000
2024-01-31,267.6672668457031,274.25950652080354,267.5888874452274,271.4482508616349,6139300
2024-02-01,271.37969970703125,271.5168487231718,267.7652192934268,267.7946339908728,7065000
2024-02-02,271.5070495605469,272.8000407701114,270.0377495204924,271.9282417310459,4848700
2024-02-05,269.9398193359375,272.3103034759455,269.49904721214756,271.72257741790315,4899100
2024-02-06,271.0956726074219,271.2132118322221,268.42153567126906,269.1757656257284,4400000
2024-02-07,273.6718444824219,273.81876851033905,271.38951497449193,273.6620395828986,4785900
2024-02-08,270.639404296875,274.4470851105721,270.1487243971455,274.32932672643295,5833400
2024-02-09,271.2773132324219,272.01333316627523,268.9809346326467,269.8739757462361,4618300
2024-02-12,269.9427185058594,271.51290058936036,269.12817288593413,271.27735381015924,3676200
2024-02-13,270.6688537597656,272.81803419482435,267.6757182417946,268.64725489508334,5493800
2024-02-14,272.3862609863281,272.46478655236524,269.5893791836434,271.31658225171816,4218400
2024-02-15,275.74249267578125,275.87986747708015,272.38622891795114,272.47454770779865,4834800
2024-02-16,273.3675537109375,275.8798321293473,272.6904131268085,275.72281098460655,6630700
2024-02-20,270.0211181640625,271.6796184695366,268.24485948520686,269.4519427098111,6157200
2024-02-21,271.60113525390625,271.8072124167201,268.43133246515714,269.51083418491095,4770100
2024-02-22,278.4608459472656,278.76506509231444,273.7797704374639,273.9760244301303,5100200
2024-02-23,278.31365966796875,280.61986130702223,278.21551769314664,279.41277790903445,5107700
2024-02-26,278.8533935546875,280.0310373464365,277.39117697139176,277.7640985037365,3856900
2024-02-27,277.8917236328125,278.87308363018286,276.2921020453019,278.87308363018286,4145200
2024-02-28,280.3057861328125,280.79646600072033,276.8219411014336,276.84158746333225,4358800
2024-02-29,277.37158203125,280.33527820668746,276.9201349051822,280.17825702571537,6633700
2024-03-01,277.8818359375,279.59921553419935,276.85139021024634,277.92109871392427,3955700
2024-03-04,275.3009033203125,277.7248635749048,272.9456454493523,277.53840279003396,5920300
2024-03-05,274.1723327636719,275.75230782215317,272.5040089595973,275.0457274984981,6227900
2024-03-06,275.2027282714844,276.7434703829416,274.10361006034105,274.78075073483564,4535200
2024-03-07,273.07318115234375,275.9289416974774,271.0123196307426,275.6443389764832,5668500
2024-03-08,274.82000732421875,276.419628593196,273.6325404007755,273.79938474454605,3928800
2024-03-11,275.330322265625,275.536399452333,272.8082202162964,274.2410271871561,4614000
2024-03-12,278.627685546875,279.17724463494045,275.06534470724506,276.06632091435193,7988700
2024-03-13,279.824951171875,280.76704820576157,278.5295490323281,279.35388768056936,5783800
2024-03-14,281.0712890625,283.65227035924573,279.2459440978289,283.5737447969335,5484500
2024-03-15,277.76409912109375,280.3058175276876,277.3715611725469,278.2645722772826,9845000
2024-03-18,279.7366027832031,280.89463012385147,277.9701670988697,278.57860539127955,4095600
2024-03-19,281.9937744140625,282.6905315602833,279.9329126258445,281.31663368438046,6595200
2024-03-20,283.88775634765625,284.4667550247991,281.37547770332753,282.27834187959746,6105000
2024-03-21,284.9574890136719,285.5364878007357,282.5335286956362,284.56495101635926,5057600
2024-03-22,277.9799499511719,285.07516120430296,277.6168516647492,284.5943045491725,8744100
2024-03-25,275.9681396484375,278.21546163956265,274.81996562565257,277.7346049931587,8519200
2024-03-26,275.3695983886719,278.83379769381685,273.220417776973,278.83379769381685,8752400
2024-03-27,273.81903076171875,276.0074741382054,271.81707811238687,275.02611423015844,5190700
2024-03-28,273.8778991699219,274.5844794738266,271.95444221157493,273.29890044083317,5844400
2024-04-01,273.09283447265625,275.654199410305,271.63061779079993,275.1340499073868,5084000
2024-04-02,273.24981689453125,274.12321151694204,271.8170400152406,272.81801619961243,6912300
2024-04-03,271.7973937988281,275.2517993600368,271.4048558801608,275.2517993600368,4536600
2024-04-04,268.892578125,273.8778726003901,268.4607774284634,273.1712923650324,4018600
2024-04-05,271.9741516113281,272.7788441296927,269.90346623367185,270.9535287249778,4392100
2024-04-08,272.58251953125,272.79841989462415,270.0211547680963,271.1006565849671,5542400
2024-04-09,271.5619201660156,272.8180596744814,268.22530240434673,272.45496129332986,7313900
2024-04-10,269.3636474609375,271.66002578865056,269.01034236120705,270.28612806464156,5276000
2024-04-11,270.5412902832031,271.3263961731328,267.1065306301701,268.89261283744185,8102300
2024-04-12,270.8160705566406,271.8366932418204,268.951492729926,270.41370940239926,9038400
2024-04-15,266.2232666015625,272.72968640924853,265.3007860586154,272.71006999617043,10267500
2024-04-16,266.29205322265625,269.02023293978897,265.1340555615041,265.4971539850237,8237100
2024-04-17,267.6070251464844,268.89260417932684,266.4392045061578,268.2056402913489,5940900
2024-04-18,266.3116149902344,268.0584343074934,264.8297520482353,267.48925877773,8231800
2024-04-19,264.7512512207031,266.9298712205255,263.2890346715062,266.4097517135228,7905400
2024-04-22,267.25372314453125,268.65709053502206,264.33908310078385,265.8994716660403,6463700
2024-04-23,269.0005187988281,269.76600818903967,267.6266210767642,268.90240677839256,6438000
2024-04-24,269.8935546875,277.72481647785054,269.3734352044127,277.30283896206197,8807200
2024-04-25,270.0310363769531,271.0712756395445,265.4480717418242,267.88185546021214,8064600
2024-04-26,269.4029235839844,271.61098347879147,268.7257828203452,269.88381032621146,6840600
2024-04-29,266.77288818359375,269.3538696726192,266.03686821290114,267.2439517463796,4128600
2024-04-30,263.6030578613281,267.0083777766049,263.57361826345016,265.4872819716983,6376400
2024-05-01,262.33709716796875,265.86017509824734,261.7384521434583,263.1516125880304,6119900
2024-05-02,262.6216735839844,264.44701832889274,261.67957659075097,264.329259948329,5061700
2024-05-03,263.4852600097656,264.4273868982191,261.53236376263374,263.98576304746143,3862000
2024-05-06,267.5873718261719,267.69530702151667,264.5451506612667,264.62364626254265,3958700
2024-05-07,271.3067626953125,272.70030699817806,267.74442129415513,268.61784602280426,6377100
2024-05-08,272.02313232421875,273.35776731101015,269.7954563027103,272.62174744216117,9029700
2024-05-09,273.3479919433594,273.5933319156773,271.24786740492914,271.6404053708923,8948800
2024-05-10,275.5069274902344,275.79153020426395,274.03488786064565,274.33910698819614,8986400
2024-05-13,274.1821594238281,276.89069240825376,273.89755666449867,276.2135516749654,10528400
2024-05-14,272.5628967285156,274.77095656578155,269.15757658153854,274.2312205850523,18526100
2024-05-15,276.25274658203125,276.47847008724324,271.90533043985414,271.98382603586856,21288400
2024-05-16,275.1319885253906,277.62926415068057,274.561759605173,277.00001706229307,10341500
2024-05-17,275.3876037597656,276.1839739198932,273.4212517586308,275.338426957247,6177800
2024-05-20,273.8538818359375,275.5547573020597,273.4999228344937,274.52243438914337,5460900
2024-05-21,271.3074951171875,273.7457529869183,270.2554893406013,273.3229944052031,6578200
2024-05-22,270.9436340332031,273.4015740799684,270.4913814657606,270.8944872339282,4202500
2024-05-23,269.6163330078125,272.77231918887173,268.4365099473798,270.6093202461274,6115900
2024-05-24,269.8719787597656,270.6093607819552,268.7511736881961,270.38324949780724,4339700
2024-05-28,266.42108154296875,269.84251531167416,265.68369943707125,269.6164040018579,6212100
2024-05-29,264.336669921875,266.57833987834755,263.74678835874926,264.4743289560368,5469700
2024-05-30,266.73565673828125,267.0699630069248,263.7959698798518,264.17942295050915,4901900
2024-05-31,267.8761291503906,268.1710999579368,264.48418989474106,266.8733004146957,8910000
2024-06-03,265.8311462402344,268.5348803883179,263.55017059430924,268.49554494500137,4838800
2024-06-04,267.8367919921875,268.3971794522706,264.77909933974814,265.09372282887546,4188500
2024-06-05,269.8818359375,270.304594454001,267.44354843973895,268.928153932746,5368700
2024-06-06,272.37908935546875,272.4872243142365,269.4688667720271,270.1767546971683,4862400
2024-06-07,273.9816589355469,275.6137046312172,272.2020828378908,273.03778840765045,4515600
2024-06-10,270.4127197265625,273.8734882439514,268.78064406090994,273.4605711502716,5213800
2024-06-11,270.0489807128906,270.23575655985564,267.6401873721607,269.9211630248471,6244600
2024-06-12,265.7721862792969,272.9297075106563,265.3592390910344,272.11365449704283,7536600
2024-06-13,266.6274719238281,267.2861829675943,264.78893781078193,265.77211370046626,7361200
2024-06-14,266.1064147949219,266.9814258164359,264.73978577843116,265.55583864552773,8537300
2024-06-17,266.60784912109375,267.2567188774396,264.4743439992734,264.4743439992734,9258200
2024-06-18,269.0166015625,269.2918896313264,266.7356261327105,266.7356261327105,6707500
2024-06-20,272.16278076171875,273.36225665209525,268.5053649323862,268.59384716969066,10164400
2024-06-21,270.5897216796875,272.87069738410867,269.9604745870943,272.5069270355201,14594700
2024-06-24,271.6515197753906,275.6727360631118,270.6388496844587,270.6880264874879,24149600
2024-06-25,268.9281005859375,273.25406851066964,268.9281005859375,272.19225174894746,18325800
2024-06-26,268.9969787597656,269.8424957779942,267.17809702938825,268.31858487111595,12172000
2024-06-27,262.1048889160156,266.0375929561749,262.01640667561014,263.99260005711835,10529100
2024-06-28,258.05419921875,264.08107274290205,256.8547233297332,262.70463237947695,13957300
2024-07-01,258.8112487792969,261.29868293737036,256.9038848789708,259.35201359879625,7955800
2024-07-02,263.71728515625,263.71728515625,257.9853527982914,258.81121696224204,8697800
2024-07-03,264.4644775390625,265.21170082947367,263.6386133779411,264.5431484139203,5017800
2024-07-05,265.8114318847656,265.998237713099,263.72710369930746,264.4743270126409,7986400
2024-07-08,261.9180603027344,266.873275363693,261.4953018561679,265.7032936131313,8561100
2024-07-09,260.9742736816406,263.0487609086533,259.4798567693493,262.5080260401948,6431300
2024-07-10,258.57525634765625,259.04719157138055,254.16080624935972,254.76052913395512,9635500
2024-07-11,258.1329040527344,259.1947511705784,256.3730402253813,257.7199868434727,8803600
2024-07-12,261.2691650390625,262.90124070211414,259.2241722829892,259.89272472207574,6627800
2024-07-15,263.9336242675781,264.7103117489249,260.7874488863273,261.2003960317254,6845200
2024-07-16,264.72015380859375,265.66399442379605,262.87177801754814,264.0024244842382,7869900
2024-07-17,268.112060546875,268.3185190697866,263.727074746928,263.92372191436914,5324700
2024-07-18,264.6217956542969,269.016593263151,264.04172545588506,267.7089824776036,5550800
2024-07-19,260.993896484375,266.39155320838194,259.86325006819936,265.77214751840154,6839900
2024-07-22,263.2060546875,263.8844485694025,260.56130868510405,262.734149381239,5313600
2024-07-23,260.33514404296875,263.19618939246607,259.4207676911683,263.02903629465214,8109200
2024-07-24,249.8938446044922,252.87288171602248,248.8713481552384,251.7618880243116,13065900
2024-07-25,249.47109985351562,253.8757244191848,248.44858834590195,251.09333435811223,8573300
2024-07-26,255.09486389160156,256.805610717726,251.28997716458173,251.28997716458173,7062200
2024-07-29,257.1988830566406,258.2901941650897,254.2296719246677,255.94041880332273,6068100
2024-07-30,258.67364501953125,259.8534383694615,256.61881051456004,258.8014627167084,5941800
2024-07-31,261.200439453125,261.87880344079895,259.8043160195165,260.0894455243537,7642500
2024-08-01,261.45599365234375,262.5079992022028,259.7354356051383,261.8492580623033,7269700
2024-08-02,262.09503173828125,263.45181935092404,258.45729872314587,259.39129787383047,7017900
2024-08-05,252.12564086914062,258.49663177232605,250.22810350073706,257.05136193798,9631300
2024-08-06,253.9150390625,256.1075023027249,251.46692546319994,252.18463973046786,21586800
2024-08-07,252.20431518554688,257.6216249435442,251.99785661159157,255.29150245359077,12908600
2024-08-08,255.45858764648438,256.0681819240786,253.58074803150612,253.7872065748012,8223700
2024-08-09,255.90196228027344,257.6358016944085,255.16310154538442,255.32072877654585,7228100
2024-08-12,256.030029296875,257.71462330843525,255.38965929265905,256.63095491397684,26769400
2024-08-13,256.26641845703125,257.79338502336475,255.41917599186402,256.26641845703125,12005700
2024-08-14,257.26141357421875,257.6160522171462,254.897035697448,256.9954045277096,8552300
2024-08-15,262.8373107910156,263.4185742058634,258.93613555702046,258.93613555702046,7397800
2024-08-16,263.40875244140625,264.45300642226204,261.4483184694006,262.8866254509784,5111100
2024-08-19,262.5122375488281,264.3249052169656,261.2906643530714,263.4481396354571,6555900
2024-08-20,264.0589599609375,264.0589599609375,261.8325168584613,263.03439808223374,6803600
2024-08-21,264.2165832519531,265.2706682748546,263.41861614668375,264.5712219368208,6639700
2024-08-22,263.96044921875,265.4972770630231,262.6108018228208,264.94559681453114,4425200
2024-08-23,263.4678955078125,265.2115960621312,261.36952615852664,264.70919119371587,3697400
2024-08-26,264.2264404296875,266.3543629424095,263.69448234974703,263.74372770607926,4612200
2024-08-27,266.69915771484375,266.92575248450345,263.9112032535395,264.5318209834167,6594100
2024-08-28,265.19189453125,267.94046485360906,263.6944809477345,267.13263657667886,5455100
2024-08-29,270.24566650390625,271.89084597516484,266.43315053027146,266.9552774970736,5565100
2024-08-30,272.26519775390625,272.8759843666713,270.186551051476,270.9155505487356,6296100
2024-09-03,274.4030456542969,277.90030792378195,272.2652619413155,272.2652619413155,7278300
2024-09-04,276.32403564453125,277.4668104473278,274.5606431191247,274.57047415120786,6107500
2024-09-05,274.4817810058594,277.3190105062312,273.2897609950485,276.8264367753143,6447400
2024-09-06,275.2206726074219,276.11716050640297,273.30948391101265,273.6444304780521,7187700
2024-09-09,281.36798095703125,282.70779727577303,277.4668050266767,277.90027235941807,10933900
2024-09-10,281.1020202636719,282.1462743430839,279.3583197871411,281.6832537558488,5314400
2024-09-11,279.74249267578125,280.9345428695033,274.1665538793364,280.7867466840723,6281800
2024-09-12,281.1315612792969,281.75220906760387,277.28949171396596,279.78191389929896,4160800
2024-09-13,283.0821533203125,284.45149277563513,281.30886969914553,282.2349107974143,4987600
2024-09-16,286.1656799316406,286.57942507932376,283.4663551180431,283.77174846277245,4458900
2024-09-17,287.22967529296875,288.71725801454056,285.77164580129397,286.57947417091066,5135700
2024-09-18,284.1954040527344,287.68280507708624,283.85059636339236,287.5054857160487,5890000
2024-09-19,281.0035095214844,287.1508513768285,278.6687143725599,286.76662935772913,10382100
2024-09-20,280.5404968261719,282.73738699777726,279.0430831606983,281.2596654629457,27810900
2024-09-23,284.3431701660156,284.58945707776746,280.39271848093375,280.668558619523,6505600
2024-09-24,268.72857666015625,276.8264916028553,268.6596091087328,276.0186633087196,13690200
2024-09-25,265.6253356933594,270.1767125122634,264.2461351519213,270.11760606508153,11671300
2024-09-26,267.65472412109375,269.18169070576806,265.98982245686665,266.48239620215713,9552500
2024-09-27,271.0830993652344,273.8513619309968,268.7285819875736,269.10294291492727,6509600
2024-09-30,270.8663330078125,271.59533257990864,269.1423247818854,270.9155783599691,5969900
2024-10-01,273.4769592285156,274.9152661984567,270.2850608005631,272.8563114768494,5781600
2024-10-02,272.8858947753906,273.5164036923878,271.28009932075327,272.4622885079631,4741600
2024-10-03,272.7479248046875,273.5656140728562,271.7430851690525,272.56077443722114,3036700
2024-10-04,273.80206298828125,274.30449788070825,271.0141085316373,273.2306906133067,4259300
2024-10-07,269.72357177734375,273.49667388439616,269.1817225548244,273.4769817554082,4339300
2024-10-08,270.8761901855469,271.9992729405698,269.94031795401486,270.6299032723563,4370900
2024-10-09,272.81695556640625,273.36863589392874,270.3442551905076,270.91562764961196,4115800
2024-10-10,273.3489074707031,273.5459490176533,271.26039935603495,272.6691532173397,4063900
2024-10-11,273.7134094238281,274.65914271511286,271.28009361505065,271.94015574462935,4746300
2024-10-14,276.5111999511719,277.1909541481975,273.8611507052179,274.93495789916585,3996600
2024-10-15,275.1418762207031,278.44212662877976,274.6886866872901,276.8264701656236,5807000
2024-10-16,283.2496643066406,283.3284929610058,274.2158764649338,274.48185552868995,9442700
2024-10-17,286.0770263671875,286.60898442557027,283.33828717387706,284.2840505174175,8815800
2024-10-18,286.3035583496094,286.71733352315334,283.8012753103563,285.6139731461233,5350900
2024-10-21,282.589599609375,286.12627594243224,282.07730360798683,285.29875555286606,6313100
2024-10-22,280.5601501464844,282.27429708550056,279.3188547413683,280.8162680392422,5736500
2024-10-23,279.5455627441406,281.81139076698696,279.3189679161254,281.7916986332003,5249300
2024-10-24,279.0134582519531,279.4075112138088,277.5455981917074,278.1957991077105,4679900
2024-10-25,277.5456237792969,280.85570504122524,276.60972160233206,279.78189784383835,4464600
2024-10-28,279.96905517578125,280.4123835523524,277.3485593608434,277.8509941790489,4306200
2024-10-29,277.6933898925781,281.4566606634786,277.1712629055183,280.0478768501178,7534800
2024-10-30,285.85040283203125,291.3869269838328,284.0475660670769,287.99801717128594,9606800
2024-10-31,285.5450439453125,291.9386423846978,285.3184491693389,287.75176499565896,7950200
2024-11-01,286.4217834472656,288.3231410303451,282.9245217391034,284.20520150325154,5470700
2024-11-04,287.51531982421875,288.79599961947775,286.44151259741784,287.2197575192469,4281600
2024-11-05,288.9339599609375,290.4018203250084,287.2493358490182,287.3774098526013,3753700
2024-11-06,302.8343505859375,304.4105926773894,298.32238803927777,301.7704044611899,10320500
2024-11-07,301.2580871582031,303.06092388142235,299.8986088907307,302.932849898817,6237300
2024-11-08,303.2973937988281,306.5286767988016,301.14977919671884,302.3319683697197,6240600
2024-11-11,306.3020935058594,307.7995069784141,304.70612919982665,305.4844041925792,4674100
2024-11-12,305.82830810546875,306.51920438293644,304.1108719519886,305.0288239097785,4616400
2024-11-13,305.463134765625,306.91405619849616,303.84440658354737,305.47298448865325,4046400
2024-11-14,304.24908447265625,307.24963537803023,303.8345225882948,305.2854440013447,4415800
2024-11-15,305.6210632324219,306.68703219275574,302.6797310951012,303.5680435822923,5106300
2024-11-18,308.1083068847656,308.35506199694385,304.69322456623195,305.463099311369,4585600
2024-11-19,307.8023376464844,308.17741024214735,304.5056929121175,305.9763437642417,4885500
2024-11-20,303.4002380371094,308.23663233662506,302.2454108287916,307.8121906403782,6349900
2024-11-21,305.87762451171875,306.88440462568843,302.6698081217799,303.3113653754731,5757100
2024-11-22,305.89739990234375,307.5457072331553,303.9035992583418,303.97269792097984,5919200
2024-11-25,309.1249694824219,309.58887034730895,305.83817417206876,307.8122152785709,14189300
2024-11-26,307.77276611328125,310.4179740525233,307.496401554278,310.1218799255476,7071500
2024-11-27,310.6153869628906,312.26369445491054,305.4729880803093,306.7363732112948,5204300
2024-11-29,310.99041748046875,312.1452447619705,309.62835444172936,310.2106929438623,3853300
2024-12-02,312.5400085449219,313.30003354260214,309.63816611362347,312.7867636487978,5597500
2024-12-03,308.94732666015625,313.20138302287893,308.7104212343061,312.9842372867119,5009900
2024-12-04,305.87762451171875,308.7893468219447,304.7918960169833,308.36493526719863,5981800
2024-12-05,305.06829833984375,307.05221928421173,304.82154320234434,305.9566409320231,5200100
2024-12-06,306.9732971191406,308.5031670537469,304.79195982982543,304.861058503383,4302700
2024-12-09,304.29840087890625,308.9472890110273,303.6469938712655,307.7825819563504,5785300
2024-12-10,308.325439453125,308.91765772141787,302.65995195774497,303.37057773392957,4539500
2024-12-11,309.7171936035156,311.454329326967,307.1706636607016,308.97692817479856,4321800
2024-12-12,310.1514587402344,311.45430289187294,309.361824277071,310.7337972134878,3218500
2024-12-13,310.65484619140625,312.8361833500047,310.26004398563214,311.73069500376863,4682200
2024-12-16,311.7899475097656,313.4382550210977,310.02317222601897,310.654849738174,6562500
2024-12-17,314.16864013671875,314.7016396865983,311.0496815952197,311.72084836382186,8843900
2024-12-18,305.7592468261719,317.44556736643784,305.5421010846518,314.3660678477738,10479200
2024-12-19,310.79302978515625,312.7571910040131,307.19041086939535,307.78259909112774,8317100
2024-12-20,313.5863037109375,315.84658929962677,308.2267891279142,309.50005412504214,24387000
2024-12-23,313.1026306152344,313.84289595808093,309.282866265582,311.5530012683885,7984600
2024-12-24,316.4881286621094,317.36659139695286,313.16187427713834,314.0403370119818,2684100
2024-12-26,316.7447509765625,317.27775047839975,315.3135592088148,315.61953315284774,2856000
2024-12-27,314.52398681640625,317.32712169518607,313.43825813623283,315.1260549218108,3489200
2024-12-30,311.21746826171875,312.99409332330004,309.16447863230303,310.59564045372167,3478500
2024-12-31,311.93798828125,313.53695677959786,311.0990147754011,312.0169366731227,3963800
2025-01-02,310.31927490234375,315.530742537474,308.3551135200846,313.65540939586447,5369500
2025-01-03,310.8226623535156,311.8195628034977,307.960308623142,310.1021264680908,4271300
2025-01-06,308.9769287109375,311.29643308257124,308.01951754994303,310.9213604452674,6567300
2025-01-07,307.62469482421875,311.0989961668678,307.27923162230064,308.8288610482209,4958600
2025-01-08,308.5425720214844,309.9638837563331,306.18357889160666,306.96333341371127,5161600
2025-01-10,303.7160949707031,307.80237464007325,302.01841836414724,307.16081728582066,6660100
2025-01-13,302.93634033203125,302.93634033203125,299.8963003719878,301.0412477484935,9568400
2025-01-14,305.07818603515625,306.1343052799866,303.52855650262694,304.7426026540983,5107600
2025-01-15,312.1748352050781,313.07302745356503,309.065726727377,309.60857594104044,5222000
2025-01-16,313.1322326660156,315.03717487435745,311.6517020151125,311.6517020151125,4606700
2025-01-17,315.47149658203125,316.42890769978504,312.59926322876987,313.3790178805016,5805800
2025-01-21,319.429443359375,320.36709474424424,315.84655419083674,316.15252813049113,5653000
2025-01-22,319.3603515625,321.51204903003105,318.1956745980355,320.55463793719747,5026500
2025-01-23,323.949951171875,324.2460753593851,319.37019226214085,319.55772854445576,5297100
2025-01-24,325.9141845703125,326.7926171613679,323.5551910922377,323.7624569654007,4327500
2025-01-27,330.19781494140625,331.13546625389387,323.79203202611245,325.7167338657261,6636500
2025-01-28,330.1386413574219,333.44513607219017,328.56928231199913,330.3261776699073,5999600
2025-01-29,331.52044677734375,332.73446270148213,330.1583536826252,330.1583536826252,5087300
2025-01-30,338.5973815917969,339.9693545901438,334.59996048416065,335.1033505945579,8081300
2025-01-31,337.36358642578125,346.69094196642135,337.2747581975767,341.972985299111,8624100
2025-02-03,341.3314514160156,341.5091078846047,334.83683937492316,335.58698462649016,8004500
2025-02-04,340.6701354980469,341.5189888309502,338.094026330763,340.12728624622525,5532600
2025-02-05,344.9045104980469,344.94399975945254,340.76889141911454,341.50915693269695,4939100
2025-02-06,342.9698791503906,346.0987171302187,342.10129632902704,345.24001415229407,4294500
2025-02-07,343.5028381347656,346.1974147440016,342.70335399867406,343.4831085699574,4261200
2025-02-10,346.67120361328125,347.3324904469774,343.1870226284738,344.17404307880423,6067000
2025-02-11,346.7503356933594,348.13448359449126,342.33092870649307,344.3577134718475,5154800
2025-02-12,347.5115966796875,347.8477447166966,343.55687129535477,345.2079824190642,6760100
2025-02-13,351.6047668457031,352.0496553670109,346.7602340788842,349.1231669067052,4279200
2025-02-14,349.8053283691406,351.4069872477322,349.2220100227498,350.41830594764764,5720300
2025-02-18,352.69232177734375,352.7021880741364,348.4113144784902,349.68672191495216,5822000
2025-02-19,351.2092590332031,353.1075101785951,350.17112559454876,351.9902955139485,4152300
2025-02-20,346.5229187011719,352.09909602990814,345.1091116038518,351.20928884421807,5697000
2025-02-21,344.5851135253906,349.32090569255126,343.54701016525627,346.52292054464976,6924100
2025-02-24,345.9000244140625,346.8293872478972,343.4283211692167,344.81249912405735,5055900
2025-02-25,348.1048278808594,348.5991685771324,342.0837618209137,347.39297607133983,6191900
2025-02-26,346.6613464355469,347.847745951763,345.03989453957644,346.03847235775726,5960600
2025-02-27,351.7134704589844,356.23175117003115,347.69942685807456,347.9169379475299,7298100
2025-02-28,358.6046142578125,359.88002168396355,349.70648185353866,350.6951632317913,15857300
2025-03-03,357.7247009277344,362.3912782061478,355.4705086085442,358.8913377042975,9099600
2025-03-04,348.2432556152344,356.1922322384268,346.43395178159983,356.0340395959336,8955800
2025-03-05,348.6881408691406,350.1019479972162,344.99048217350884,346.8590742868907,8244200
2025-03-06,340.26458740234375,344.9212682544981,336.5372694612739,342.0442018176931,8611100
2025-03-07,341.4114990234375,342.469395457989,335.3014546627256,337.01185432851344,6358700
2025-03-10,337.6148986816406,341.10494243786604,333.81836613846133,336.0923210427302,8204300
2025-03-11,328.3806457519531,335.7660666439128,325.8495936783682,334.57966709946095,9776100
2025-03-12,329.0727233886719,332.3551529760761,325.38493079449523,332.16730109068976,6295400
2025-03-13,324.83123779296875,332.3946740793588,323.99088280306734,327.2436226437005,7915300
2025-03-14,328.04449462890625,329.0035168469346,322.6858580403814,323.50645037210126,7810600
2025-03-17,330.7633361816406,332.30567668602885,326.0275742017555,326.2945073063825,6149400
2025-03-18,330.9808349609375,331.99917551465575,328.53879089124206,331.49496855802676,7778300
2025-03-19,336.0231628417969,337.17003695557577,330.71394823136865,332.98790351954995,5614900
2025-03-20,335.6573486328125,338.36632612132536,333.83817840521175,335.16300791317656,5432700
2025-03-21,331.8608093261719,335.58812742060695,331.722379444622,333.55144610753325,17279700
2025-03-24,339.9778747558594,341.31260070606703,333.8282751222163,334.816956541309,5675100
2025-03-25,340.7193603515625,341.6190639963439,336.8140871413612,340.660041884624,3931200
2025-03-26,340.28436279296875,343.4481553955943,339.1177259624635,342.0738737436041,6187100
2025-03-27,345.9000244140625,346.8689429480192,339.4340704495002,340.1063664907802,7254800
2025-03-28,338.9693908691406,347.64011503706104,337.7434055359867,345.2376267113722,5687600
2025-03-31,346.4932556152344,347.8774034633818,330.7040133334946,335.5090203582581,9950800
2025-04-01,342.4297790527344,346.48337847355293,338.69256489363494,346.47348200532446,7473300
2025-04-02,342.4100036621094,344.2588631581806,339.1671299937145,339.5527302084735,5682500
2025-04-03,335.548583984375,340.83800516570193,327.25353282381684,330.12070275672323,8792900
2025-04-04,309.5857849121094,330.86219594333875,308.58720712913095,326.2648338642292,13201700
2025-04-07,308.7849426269531,318.53332550248314,295.61570082064844,298.65095957206466,12163400
2025-04-08,304.7807922363281,322.58695319968984,300.4899187510522,318.59267205379405,9569300
2025-04-09,328.6673278808594,330.2492240461324,302.18057672654487,302.18057672654487,11361800
2025-04-10,320.93585205078125,326.42305187756324,309.72420869048204,324.30725921686115,8709800
2025-04-11,329.6263732910156,333.165869605498,318.88930775123475,320.75789991091597,6804500
2025-04-14,331.3862609863281,335.7661128304207,329.36937243167733,332.6023501045281,5011800
2025-04-15,332.0090637207031,335.5485596581216,331.20823428441497,332.9087673210601,4386200
2025-04-16,327.57977294921875,333.40312048610673,325.1377288486141,331.20824671887436,5850600
2025-04-17,325.8792724609375,330.53598373164465,324.72253208140444,327.32276907624396,5655900
2025-04-21,316.47686767578125,325.42442073611016,313.0659053642986,325.27612458607973,6362300
2025-04-22,327.64898681640625,328.7958607801764,318.74098854775957,320.1943211379803,5435500
2025-04-23,330.58538818359375,337.3875209051391,329.42864786547216,333.4228989164809,8906000
2025-04-24,331.9102478027344,332.95824774702623,327.50073689530836,329.50775907226324,8055200
2025-04-25,331.3763427734375,332.5627422952187,328.41029871074375,330.9709797975434,4452800
2025-04-28,333.6898193359375,335.49909275307425,331.227982499042,332.96807115931233,5422900
2025-04-29,337.6543884277344,338.3958993186552,332.6516640307609,334.66858210226906,5519500
2025-04-30,341.58941650390625,342.5978606486836,329.46817314016664,330.6546028640375,9526700
2025-05-01,338.5739440917969,341.8069212797971,336.2702996246074,341.668491406641,5849900
2025-05-02,343.6656494140625,346.12745636430844,342.20239012802864,343.2899456668267,6113700
2025-05-05,344.6938781738281,347.07657366080747,342.2023818773509,343.0724262874121,3865300
2025-05-06,343.7644958496094,345.69240625759545,341.84645173743394,342.47919207212686,3438500
2025-05-07,345.8902282714844,347.1755021506195,343.28009463290465,344.75325058268567,5454000
2025-05-08,347.2940673828125,351.3081110238519,346.9777122994807,348.0158155896204,4156400
2025-05-09,348.54974365234375,349.7954616794313,346.7009142913387,347.8477581455688,3086600
2025-05-12,351.822265625,357.7939094474554,347.1556884302887,355.0750357257354,7985400
2025-05-13,352.6937561035156,355.39731938202885,351.1488239443053,352.0797302681379,5406200
2025-05-14,353.0106506347656,354.9417932438979,351.77274645513467,353.21864029697804,6207600
2025-05-15,358.79412841796875,360.2103137410885,353.2285161692132,353.4365058274157,5826100
2025-05-16,361.58685302734375,362.64650625437747,357.3978046418355,359.4378683042401,5838100
2025-05-19,364.3399658203125,365.57787004654506,358.81397465220965,359.5071828855372,5081500
2025-05-20,363.2901916503906,364.6865511143234,361.1610026238442,364.2210979596791,5281400
2025-05-21,354.8328552246094,362.4484444401609,354.61498287195917,360.20042124593436,6125500
2025-05-22,354.5060729980469,356.51642831549054,353.10971336047186,354.2981135437657,4936600
2025-05-23,350.118896484375,352.5550832604001,348.81166251781804,350.32685590833296,5345900
2025-05-27,355.82318115234375,356.5164196127215,351.04984539201075,351.97083888933184,6316000
2025-05-28,356.2490234375,357.4175977170211,354.5753745870546,355.86278283096505,3299000
2025-05-29,358.8931579589844,359.5269793778207,355.2487754674816,356.86300728241986,4590400
2025-05-30,361.65618896484375,363.4882932187561,357.85335090269473,357.85335090269473,8726900
2025-06-02,361.7849426269531,361.92357218387934,356.4767936210992,359.25959988721064,3845700
2025-06-03,362.3196716308594,363.3298207491469,358.0018765066522,361.0520590031567,5221300
2025-06-04,364.4389953613281,366.0829357605544,362.7653464702839,363.1614697686138,4202300
2025-06-05,363.2208557128906,367.40993403486794,362.3889877908046,366.41961076253676,6881900
2025-06-06,366.63751220703125,367.4099632119013,363.9933355621278,365.4392294145866,5008500
2025-06-09,363.1119689941406,366.2116859651978,358.54656256142675,366.2116859651978,4999900
2025-06-10,367.11285400390625,367.8456835640108,363.1317350541599,363.4486457588471,4109300
2025-06-11,369.6976013183594,371.8763247415993,365.80563786991996,366.41963350130493,5562700
2025-06-12,367.8060607910156,370.5492756236664,365.97395667535676,368.6280460393238,4874000
2025-06-13,349.4355773925781,359.4972656016421,341.6615335556269,358.01178067313936,14181700
2025-06-16,352.04010009765625,356.73422236895175,350.9012042460499,353.04030597306524,7234700
2025-06-17,354.3772888183594,356.1202675111243,349.9010383473491,350.0693763851959,5559600
2025-06-18,337.0862731933594,355.01113221764814,334.768920136451,354.3872236595823,15008600
2025-06-20,335.2937927246094,336.7099478991933,331.6791184460281,335.6701204431189,19332100
2025-06-23,340.4236145019531,340.9682801962495,332.3821946109533,334.2340942382813,7553300
2025-06-24,348.2274169921875,351.12905725930113,344.55332569302345,348.118465704166,10172000
2025-06-25,341.9190368652344,347.8906852363137,341.9190368652344,347.05881727970655,6836300
2025-06-26,342.6816101074219,343.5530995482461,338.720316447146,340.4533824235167,8829500
2025-06-27,345.236572265625,348.60369547968503,342.31513682341847,343.23613018881235,6601900
2025-06-30,351.6142883300781,352.1688669804127,345.6822612190337,345.96946344868655,7080100
2025-07-01,352.0302429199219,353.5454364386252,348.01944543578674,350.3962154346176,6653400
2025-07-02,350.7923278808594,352.91160407165955,346.6131622584524,351.16865557830306,5131400
2025-07-03,355.3874206542969,355.52608042912044,350.1882230992749,351.1587508562296,3702800
2025-07-07,353.1889343261719,356.1796999654873,351.0597149441949,355.4468703570422,5138000
2025-07-08,351.1191101074219,354.8130268562646,349.83170192033083,353.2285035490437,6966800
2025-07-09,354.298095703125,354.298095703125,350.32688934989784,351.63412344124094,7297100
2025-07-10,352.4362487792969,354.1594015912051,350.0297704959903,353.3770377487421,6121300
2025-07-11,344.56317138671875,350.38627710580295,341.05744873728486,349.0988689313466,7580200
2025-07-14,347.10833740234375,348.56411394927005,341.67147183141935,344.0284462618972,5598900
2025-07-15,343.6619873046875,346.8211211103118,343.4045237928716,344.75134900012165,4891700
2025-07-16,346.5141296386719,347.27669795056164,342.45379791173485,343.9294002352929,5544200
2025-07-17,346.4250183105469,347.9699203618661,345.10790151609984,346.61318217007806,4747100
2025-07-18,345.6723327636719,346.1179903336956,343.8006374585628,346.1179903336956,4927600
2025-07-21,347.5440673828125,350.2278351103966,345.0286376946947,345.68225471076954,5216300
2025-07-22,348.45513916015625,351.0498115729719,346.8112290903544,347.70251400906835,4614200
2025-07-23,351.8519592285156,352.3372079544051,347.8114234064511,349.5841105026798,4385600
2025-07-24,350.5447692871094,353.7236988860964,350.4358179993369,351.38655020758836,5887200
2025-07-25,353.5850830078125,354.1891657884644,349.5940808265548,350.574491343082,3915400
2025-07-28,352.0302429199219,354.8526705157767,351.29741331103554,352.9314407963398,3921000
2025-07-29,347.8907165527344,354.85268886394425,347.4153504394806,352.8423335656083,7402300
2025-07-30,347.5143737792969,353.16911170095295,343.8699910689427,348.29673769569627,12129700
2025-07-31,342.12701416015625,349.40589693831174,341.75068644584377,345.5535245412683,8641700
2025-08-01,336.0662536621094,342.82026654018546,334.8283494053772,340.7702898376917,8658700
2025-08-04,338.8390808105469,341.04751245247013,336.709891950022,338.3934534986785,7335300
2025-08-05,334.164794921875,339.146120076797,332.30298222071184,338.83912226142115,7295600
2025-08-06,336.45245361328125,338.126102534126,332.1841622865648,335.0263855360849,5944100
2025-08-07,328.8764953613281,338.8391463803234,325.51931473986434,338.1261123210867,8797100
2025-08-08,333.5211181640625,334.11531825692765,329.5103204261988,330.4511095361525,6073900
2025-08-11,332.6496276855469,334.5906531087254,331.27309385994135,333.4716130410877,5715800
2025-08-12,334.0682373046875,335.9630866696301,332.1535575223414,332.54047772755916,5682800
2025-08-13,339.8321228027344,340.75476699283166,334.1079141180455,334.306339385376,5693400
2025-08-14,342.7488098144531,343.33412501409094,338.95914139857024,340.2190540884232,6224000
2025-08-15,341.7369384765625,345.59605904697924,340.13969664978794,343.50281455045376,4946600
2025-08-18,340.0206604003906,342.98695805942583,338.244884219317,341.11193895678576,3999600
2025-08-19,339.73297119140625,343.59209170405296,339.1774167231355,339.84208390550145,4457200
2025-08-20,341.2012023925781,344.68336323328714,340.12978458990847,340.6754087002171,5834400
2025-08-21,340.963134765625,341.78653614908916,337.0246318949601,340.1694941484198,6073600
2025-08-22,347.2627258300781,348.4135258067764,342.48096134296424,342.48096134296424,4973200
2025-08-25,346.05242919921875,347.93734832523376,344.7428949651859,346.83613944988167,8019800
2025-08-26,348.3937072753906,350.59609485887324,344.6933207195644,345.9234727890134,5876200
2025-08-27,347.57025146484375,350.6258007406568,347.0642882297941,347.92738061280005,5531100
2025-08-28,347.08416748046875,348.2548282728518,345.8341850113059,347.8183168469698,4987100
2025-08-29,348.98895263671875,349.83221473470644,346.2310105544946,347.6794183392872,3671900
2025-09-02,347.29248046875,347.39169310343823,343.3341173554422,346.53850077565414,4940300
2025-09-03,348.086181640625,348.1060423362901,344.5048380253515,346.5683219193274,4176400
2025-09-04,348.2052001953125,349.8322028018572,346.37980257424067,347.9472836488824,4324000
2025-09-05,340.496826171875,349.8222386664976,337.5007983454898,348.5920867587208,5448300
2025-09-08,339.5841369628906,341.64765093750947,338.2944634353397,339.6238280750231,4711600
2025-09-09,341.2607727050781,343.57230343291803,338.5822126777804,338.97903302158915,4646200
2025-09-10,335.4372863769531,339.8916521696528,333.77062308452673,339.8916521696528,6557900
2025-09-11,340.76470947265625,340.8044005861511,335.18930390686546,336.04249633203517,5157600
2025-09-12,336.7369079589844,340.46708528477404,336.47899142240885,338.5127143274361,3518300
2025-09-15,336.35992431640625,339.99088906823687,335.7051874783653,337.9075446663081,4367500
2025-09-16,337.3321533203125,337.83811659728894,330.82420369774775,333.5722152320537,5527700
2025-09-17,343.4532165527344,343.4532165527344,336.8261935269982,337.24287451389677,5763500
2025-09-18,335.496826171875,342.5305695051567,335.496826171875,341.9948757376367,7526600
2025-09-19,338.89959716796875,339.9710452297281,335.56627047682144,337.7488274356299,13674300
2025-09-22,341.6278076171875,342.1238405800017,335.9730500063751,336.32027913543493,5621800
2025-09-23,336.0127258300781,342.5206755840167,334.9512080718528,341.85597812289535,10142700
2025-09-24,335.99285888671875,337.2031804494151,335.2389094188791,336.4393006348119,5207400
2025-09-25,332.2726135253906,337.50082002009344,331.85596281555496,335.6654921112904,5398700
2025-09-26,334.69329833984375,336.8064037434848,333.56235885401344,334.55442484442136,9619200
2025-09-29,337.4611511230469,337.9373536696546,332.8877114324681,334.70320904260734,7217800
2025-09-30,338.67144775390625,342.86786696074904,335.824223582947,337.12382743606463,8164400
2025-10-01,345.07025146484375,346.58811100512,337.6099271681015,337.6099271681015,8381000
2025-10-02,343.2051696777344,344.4253912143216,340.83411792457423,343.47301653993634,5198000
2025-10-03,347.0643310546875,350.3579971109944,343.25480162919763,343.3639143460552,5199700
2025-10-06,346.5087585449219,348.33415607411894,341.6178811752161,347.2329775138888,4735600
2025-10-07,349.6238708496094,351.6278330286145,347.28257962891473,347.28257962891473,5044600
2025-10-08,348.572265625,352.18340009053827,348.3143490742109,350.97307846230774,3927500
2025-10-09,344.2865295410156,350.07025993179053,342.83809165015964,348.6813738433532,4434800
2025-10-10,340.9234619140625,347.61990716007375,340.5266415842038,344.8718953434654,6296200
2025-10-13,340.5762023925781,344.90162534592463,338.0266161060487,340.99288338080447,4030700
2025-10-14,345.61590576171875,347.2329779417331,337.5206447904482,338.29445494264223,5731000
2025-10-15,342.947265625,347.3024192111109,341.27067182105253,345.61592533540403,3778200
2025-10-16,332.7389221191406,342.947289483902,331.5187003455953,342.26276153878837,6241500
2025-10-17,339.17742919921875,340.72504959996365,334.3262123571327,335.0900922102411,6267100
2025-10-20,341.6773986816406,342.2230227820154,336.2507973402091,339.18730374169905,4665000
2025-10-21,344.4552001953125,346.87584346628927,340.2786111420936,340.3976542086254,4121800
2025-10-22,342.6198425292969,345.4075753813841,341.7666804426993,345.060346283755,5074400
2025-10-23,343.2151184082031,344.39567927917403,341.727019522991,343.4532348171426,7217200
2025-10-24,344.6238708496094,346.31036478120575,342.58021743661914,345.43737218597045,3576700
2025-10-27,345.06036376953125,346.74685761063296,342.2726610516251,346.2309942490221,5400300
2025-10-28,344.1476745605469,347.11397236042376,343.75085423268433,345.81433810283966,7445400
2025-10-29,338.57220458984375,348.19525466377087,336.3102958464957,343.25475623270654,8361700
2025-10-30,342.2924499511719,346.94524081464925,339.0781665582328,339.5047475714054,6411800
2025-10-31,338.0365295410156,340.2786081927618,335.4869431536939,339.36589423151366,7301600
2025-11-03,334.22698974609375,338.50279127746575,332.1635060317716,338.29446591927433,5538000
2025-11-04,337.6000061035156,337.6198667973582,331.59801965303404,333.8103374596785,5920200
2025-11-05,337.34210205078125,339.39565548449804,333.6912764760034,337.43138435003425,4984600
2025-11-06,334.2864990234375,335.96309272537576,331.06228502362495,335.9035711966457,8507900
2025-11-07,333.3539733886719,335.60598236180857,332.19327323793897,334.05836197719896,5318400
2025-11-10,332.1932373046875,335.99283597598355,331.6674436446816,333.97894362440115,5295800
2025-11-11,336.23101806640625,336.3996523301598,330.5563994024713,332.8381390653168,4453300
2025-11-12,336.8572082519531,342.20509953822955,335.3860315467677,336.230963908966,6389600
2025-11-13,334.0738830566406,339.42177401675406,333.59676765140006,337.01623628756,4961700
2025-11-14,328.050048828125,334.0738733271696,327.06596799806164,333.88503537503817,6422300
2025-11-17,323.8055725097656,331.370133257436,322.9904598740608,329.1832834325262,6494800
2025-11-18,319.2628479003906,323.06005334637723,316.101836812763,322.5630378796905,9170400
2025-11-19,322.185302734375,322.632628790591,317.96067124835383,319.6008162287846,7066700
2025-11-20,321.8373718261719,326.43973972186893,321.21115784431845,322.18528870636743,6510300
2025-11-21,326.0222473144531,329.1037186642099,322.3542710712508,323.4377610515547,8930000
2025-11-24,327.3343811035156,328.75586842302397,324.0540910886259,327.27474167309344,9337100
2025-11-25,332.5331726074219,334.0540387480419,326.9367735032804,326.9367735032804,5854300
2025-11-26,331.7975769042969,333.70609921167375,331.0719234390147,332.53315005032596,4309900
2025-11-28,332.4437255859375,333.0202502105825,330.01828755179565,331.4397445821358,4586200
2025-12-01,328.41790771484375,331.31051115096835,328.16939997160557,330.952674561706,7082300
2025-12-02,327.6524658203125,330.81347685406314,325.2568476714639,329.4715593852143,8201900
2025-12-03,327.64251708984375,330.36618243963824,327.3840896786403,327.64251708984375,6296700
2025-12-04,325.1475524902344,330.396035058885,322.3443777352205,329.30259487053706,6277500
2025-12-05,329.2627868652344,332.11565070545527,324.45168093112363,324.87910693925505,5266600
2025-12-08,324.8890686035156,329.36220783095706,322.77177784886004,327.91093115330386,6059400
2025-12-09,324.55108642578125,326.2707707906858,323.1296295298985,324.6604152629651,4325400
2025-12-10,323.78570556640625,326.797618069185,323.35824921183155,324.6902773524443,5467500
2025-12-11,343.5669250488281,345.2468397955696,328.0898557440862,330.6147028726578,12953600
2025-12-12,345.7537536621094,347.75176547302596,343.9048707541211,345.92275226223416,6942300
2025-12-15,344.81939697265625,346.37008276561073,341.77763447910525,345.75375811958673,7004600
2025-12-16,343.0500183105469,345.5450457875993,341.66833101727156,343.93472044726457,7269300
2025-12-17,342.35418701171875,345.71401631820476,341.62853353163234,343.48736646695176,7263500
2025-12-18,343.94464111328125,345.45555715920034,342.2150067207226,343.1096587982668,6805000
2025-12-19,347.1653137207031,347.8213777963309,343.98440250591693,343.98440250591693,18623900
2025-12-22,349.98834228515625,351.33029009156553,347.50326499010805,347.9108213067459,5043500
2025-12-23,351.2706298828125,354.2527224604554,349.89886244343046,349.89886244343046,3703200
2025-12-24,353.0201416015625,353.86504358199,350.9028509715926,351.2706375438569,2023600
2025-12-26,352.8810119628906,354.6006965475734,351.5987034536714,352.9804211319358,2017000
2025-12-29,352.4932861328125,354.42170852339746,351.68812352323397,353.36803818653135,3989900
2025-12-30,351.5091857910156,352.75172435870365,350.5549246649472,351.8869223692591,3366500
2025-12-31,348.6165771484375,353.0797966289462,348.5967074506911,351.539030494231,3503200
