Price,Close,High,Low,Open,Volume
Ticker,WFC,WFC,WFC,WFC,WFC
Date,,,,,
2021-01-04,26.040950775146484,26.689782327950812,25.777909871666253,26.584565632086193,31421600
2021-01-05,26.76869773864746,27.13695371112241,26.146169028632805,26.382905369301596,37360000
2021-01-06,28.662586212158203,28.934395372791858,27.873468345190403,27.969915192559526,73507500
2021-01-07,29.311418533325195,29.98655480261409,29.214970017037366,29.442939845486038,50634100
2021-01-08,29.100984573364258,29.504315029114085,28.6450482694879,29.46924223387917,32324700
2021-01-11,29.144826889038086,29.425402558089228,28.338169331971702,28.61874500102284,33739300
2021-01-12,29.75858497619629,30.267130482211947,29.513082094520268,29.811194170009397,59146400
2021-01-13,29.635833740234375,30.039160861412064,29.486779373822333,29.65337013829331,35734800
2021-01-14,30.468793869018555,30.77567246937731,29.819960527898193,29.872569721413647,55856900
2021-01-15,28.09266471862793,29.372791547516908,27.89976770382458,29.004537258956628,91993100
2021-01-19,28.60997772216797,28.969465497729672,28.30309579271606,28.41708070049681,43806800
2021-01-20,28.460922241210938,28.785340592921337,28.320634399429082,28.74149792477465,29949800
2021-01-21,28.057598114013672,28.434622356248838,27.987454185623164,28.3381738275757,28240600
2021-01-22,27.969911575317383,28.1102010733133,27.312311765526083,27.47890418560146,24476100
2021-01-25,28.26802635192871,28.364471518067152,27.724409753007333,27.952376223910672,28515500
2021-01-26,27.513978958129883,28.52229846585183,27.496444231870218,28.487229013332506,28026500
2021-01-27,26.45305061340332,27.207098993106943,26.233850658593006,27.110650477834266,45074900
2021-01-28,27.014204025268555,27.224635797270714,26.575804082173292,26.76870112744757,28770200
2021-01-29,26.198776245117188,27.347385141489294,26.146168727473245,26.97912917325603,39500800
2021-02-01,26.295230865478516,26.49689445694953,26.023423343393095,26.426750526335127,23713400
2021-02-02,26.961591720581055,27.347384070372893,26.63717508436371,26.70731899592925,25302900
2021-02-03,27.794553756713867,27.85592947387221,26.83884186060093,26.93528869940852,28507800
2021-02-04,28.726903915405273,28.894021867610668,27.970469285393577,28.032040911509284,30825400
2021-02-05,28.63895034790039,29.193079933249578,28.59496893339989,29.025961966204548,24908100
2021-02-08,29.377790451049805,29.527316509618036,27.06450851286602,28.83245183021024,29223800
2021-02-09,29.254642486572266,29.386579986075585,28.946792794811174,29.210664438507823,23539800
2021-02-10,29.201873779296875,29.632863401016873,29.1051200484139,29.448153563136874,22687000
2021-02-11,28.779674530029297,29.32500970126759,28.471821486595296,29.201869826017973,22393200
2021-02-12,29.492128372192383,29.57129020190524,28.718105320900055,28.718105320900055,34473100
2021-02-16,30.60039520263672,30.7235350858972,29.905530598169516,29.96710053979976,36468200
2021-02-17,32.183624267578125,32.94005871409411,29.931912816938656,30.204582062055497,80157700
2021-02-18,32.509071350097656,32.86090247745308,31.82300434259592,32.05169222665973,43334700
2021-02-19,33.27429962158203,33.291888156094636,32.5706374499213,32.65859689903384,39023000
2021-02-22,32.772945404052734,33.35346445773771,32.632213613926396,33.133570825958394,34690000
2021-02-23,32.667396545410156,33.22152942247985,32.192425507921854,33.06320574331708,36792500
2021-02-24,33.67890548706055,33.72288353718132,32.667393557732154,32.75535301328384,42764300
2021-02-25,33.036827087402344,34.02194981631321,32.808135785407096,34.02194981631321,37233100
2021-02-26,31.814212799072266,32.90488681806682,31.603116766564245,32.632217474490446,39468000
2021-03-01,32.6234130859375,32.91367087943651,32.31556340263402,32.64100497574197,28066100
2021-03-02,32.667396545410156,32.940065849592806,32.535462382981486,32.67619416942501,19701200
2021-03-03,33.15115737915039,34.00434560672198,32.85210195388994,32.85210195388994,35365100
2021-03-04,32.68498229980469,33.423824878704224,31.981323499736035,33.08958569043043,42932500
2021-03-05,32.92247009277344,33.52937522145814,31.96373386161901,33.30948162124208,34558300
2021-03-08,34.01314163208008,34.197854812603325,33.22152665746256,33.53817398943364,38255200
2021-03-09,33.538169860839844,34.12748304644396,32.966445209015454,33.57335028370907,35854100
2021-03-10,34.813560485839844,34.91910848685405,33.670110946162524,34.02194208995716,38437200
2021-03-11,34.19785690307617,34.82235398191043,33.960371389580665,34.49691236207306,30598700
2021-03-12,35.15658950805664,35.20056755657727,34.67282090839964,34.74318847028067,28754000
2021-03-15,34.919105529785156,35.385278903822005,34.45292880043814,35.24454712928389,25892200
2021-03-16,34.61125564575195,34.73439889568169,34.05712611996528,34.62884753859906,24668300
2021-03-17,35.042240142822266,35.56998337914132,34.488107395970495,34.90150838944987,33537000
2021-03-18,35.89543533325195,36.537524293797716,35.31491631718932,35.31491631718932,57420600
2021-03-19,34.857540130615234,35.24455172220118,34.496914701659286,35.130206091953504,60291800
2021-03-22,34.277015686035156,34.57607111837931,33.969162630654665,34.54968160458036,32206000
2021-03-23,33.63493728637695,34.34739063076999,33.4678159495451,33.86362522715853,32494400
2021-03-24,33.52937698364258,34.32099532814906,33.52058271550817,33.74047632728105,24201700
2021-03-25,34.56727600097656,34.62005167708987,33.23032240389915,33.397443700602786,28773000
2021-03-26,34.97187805175781,35.38527910981835,34.45292900100678,35.095021291091946,29156100
2021-03-29,33.81083297729492,34.61124541094253,33.33586543211652,33.93397619081028,38426900
2021-03-30,34.64643859863281,35.253347143682724,33.83723167898013,33.89880162480978,36134200
2021-03-31,34.36497497558594,34.85753789674688,34.23303746027003,34.540890544237016,25832800
2021-04-01,34.857540130615234,34.87513202413877,34.233039654116865,34.26822344116394,22706900
2021-04-05,34.7255973815918,35.473237644944895,34.58486560989041,35.20936263710845,21293400
2021-04-06,35.05104064941406,35.09502205636182,34.53209158734701,34.67282336577315,20969600
2021-04-07,35.1741828918457,35.26213899262113,34.857535560557885,35.04224538537239,19393200
2021-04-08,35.2093620300293,35.358891422245776,34.593662636520406,35.068630260754404,20845000
2021-04-09,35.62276840209961,35.87784582062375,35.40287476998788,35.48203661176053,28363600
2021-04-12,35.860252380371094,35.96580037974432,35.534810758372565,35.587583080403974,21093000
2021-04-13,34.998268127441406,35.63155944904633,34.91910629282701,35.62276518089372,29333200
2021-04-14,36.9333381652832,37.10045612790955,34.356184372242645,34.91911156773219,64926900
2021-04-15,37.153228759765625,37.17081729728343,36.0889410531731,37.030085509967705,44146300
2021-04-16,38.560546875,38.815624289645605,37.452284462345006,37.53144294760347,57060200
2021-04-19,38.595733642578125,39.053112828387874,38.15594635106615,38.35824810252437,39124200
2021-04-20,37.417091369628906,38.173525801291454,37.24997010593483,38.173525801291454,29734000
2021-04-21,38.032806396484375,38.13835440682201,36.73983068743301,37.15323181461232,27258000
2021-04-22,37.557830810546875,38.27908161271637,37.54023891838294,38.050390369895595,24638300
2021-04-23,38.57813262939453,38.85959616100654,37.49625655064025,37.56662075588827,28024200
2021-04-26,38.82441329956055,39.29938427863789,38.692479153356864,38.81561903193765,24606600
2021-04-27,39.660003662109375,39.77434925581265,38.87718310470677,39.044301006804226,29130200
2021-04-28,39.651222229003906,40.17016799115523,39.519284704697576,39.7127921789307,20795100
2021-04-29,40.671531677246094,40.8034658563203,40.03823688069509,40.12619300007789,26880700
2021-04-30,39.62482833862305,40.478016629622985,39.45771040087791,40.28450917674211,34176500
2021-05-03,40.003047943115234,40.1525773531972,39.6424225315546,39.97666178175801,16522700
2021-05-04,40.23174285888672,40.31969897496651,39.29059496921708,39.809544106833634,26137600
2021-05-05,40.407649993896484,40.63634123535329,39.994252274095885,40.39885572552215,19620200
2021-05-06,41.104026794433594,41.15691423169605,40.284237890570246,40.64564994992499,34271500
2021-05-07,41.02470016479492,41.095217882248306,40.15202029322677,40.486988698363355,25140400
2021-05-10,41.07758331298828,41.73870323774215,41.068769860215355,41.289143168466644,28193100
2021-05-11,40.30187225341797,41.32440428351813,40.11675611629588,40.56631955449683,31478500
2021-05-12,40.23135757446289,41.57122792388072,40.09031876729419,41.280336855246084,33392900
2021-05-13,40.901283264160156,41.2450650526147,39.94045560181385,40.09912463688972,23553400
2021-05-14,41.39491653442383,41.52714184883715,40.962986784248585,41.0775784699354,17078500
2021-05-17,42.22353744506836,42.294055172241585,41.25389263604911,41.35967090812426,25212800
2021-05-18,41.30677795410156,42.42627488596594,41.28033423026097,42.223531823717614,24126000
2021-05-19,40.69854736328125,40.83077271410774,39.993353338344136,40.49580429127622,28911100
2021-05-20,40.31068801879883,40.70736067448779,39.90520190970792,40.61039587391603,26107000
2021-05-21,40.442909240722656,40.81313477325277,40.35475790252759,40.52224376378336,27312700
2021-05-24,40.76025390625,40.998254151183964,40.33713413993787,40.54869402309393,25707400
2021-05-25,40.62801742553711,41.44780628384361,40.583943442724475,40.892464685042256,29415300
2021-05-26,40.901283264160156,41.07757920301824,40.196086058209865,40.64564944513465,26170600
2021-05-27,41.218624114990234,41.76515236732034,40.82195483080966,41.42137052762784,42572900
2021-05-28,41.18335723876953,41.32439599523261,40.79549813652416,41.297948916588204,15760100
2021-06-01,41.659366607666016,41.791591930988794,41.24506709567198,41.5712186338706,17878600
2021-06-02,41.26270294189453,41.83567157429245,41.05995988464941,41.76515385824768,18492600
2021-06-03,40.95417022705078,41.43017732677242,40.85720544422273,41.156913244496046,20206400
2021-06-04,41.39491653442383,41.5183250344739,40.9982439538133,41.48306786490918,18190300
2021-06-07,41.52714538574219,41.58884964102263,41.23625101430892,41.518328570628,16644300
2021-06-08,41.08640670776367,41.4390020398507,40.81314255122617,41.20100178794138,21271700
2021-06-09,40.47816848754883,40.84839740167989,40.22253800025845,40.76024942159768,22617500
2021-06-10,39.74652862548828,41.12165923159793,39.6760075552433,40.96299018617644,21640000
2021-06-11,40.2666130065918,40.27542645977051,39.825866369796906,39.825866369796906,19389300
2021-06-14,39.79942321777344,40.44291291319663,39.5261590884992,40.204909322402294,25452300
2021-06-15,40.07268524169922,40.301875386379436,39.66719912434822,39.84349845964913,23865400
2021-06-16,40.169639587402344,40.51342135230027,39.06777323189399,39.62311481660639,38287700
2021-06-17,37.719093322753906,40.51342504065809,37.60449826981207,40.3635728167284,48910400
2021-06-18,36.802345275878906,37.29598273443752,36.555528227914635,36.74064101388784,61292200
2021-06-21,38.151031494140625,38.17747858149415,37.225464139894704,37.28716840600241,26444700
2021-06-22,38.38021469116211,38.671105698262174,37.78079904683687,38.26561963375678,26455200
2021-06-23,38.75044250488281,39.05896716029446,38.3449564164754,38.3449564164754,18778500
2021-06-24,39.825870513916016,40.03742703851849,38.970820873519315,39.014894869258974,27951000
2021-06-25,40.8836555480957,41.12165911555631,39.86112357083701,40.16964484571389,49074700
2021-06-28,40.363582611083984,40.61039968103778,39.74653657356911,40.54869541354933,27127500
2021-06-29,39.482086181640625,40.883660679745496,39.31460030057374,40.58395281969067,39534000
2021-06-30,39.92282485961914,40.010972827997676,39.18237049229935,39.332222711068745,18168100
2021-07-01,40.02861022949219,40.2313532830063,39.640754391808244,40.090314490882136,18658000
2021-07-02,39.72890090942383,40.0286087519536,39.52615786339338,39.93164395545427,13218500
2021-07-06,38.33614730834961,39.50853171642233,38.16866141960331,39.42919718033995,25486900
2021-07-07,38.25680923461914,38.75926012913531,38.0099888326142,38.15102762120418,21884000
2021-07-08,37.30479049682617,37.86013213265539,36.99626923393748,37.53398060294026,29148700
2021-07-09,38.70637130737305,38.88267064280902,37.77198718340349,38.06288159126736,25055900
2021-07-12,38.926734924316406,39.0060694373382,37.868942538235615,38.151020059506585,17618900
2021-07-13,38.10695266723633,38.90029793464952,37.91302307683979,38.60059009614119,25387800
2021-07-14,39.62312316894531,39.78179222659543,37.47227743752369,38.43310523656942,49618000
2021-07-15,39.66720199584961,40.010983875126115,39.11186022637121,39.30578984550375,33388100
2021-07-16,39.03251647949219,40.134382941651566,38.882664254700714,40.028604702820545,27838200
2021-07-19,37.948280334472656,38.16865362719623,37.27834700415003,37.64857252186342,43362200
2021-07-20,39.52615737915039,39.79942149660705,37.78961460435881,37.904209668147715,34556200
2021-07-21,40.37238693237305,40.680911562652014,39.852305822171566,39.92282689056549,29654600
2021-07-22,39.693634033203125,40.50460945044696,39.490891019549515,40.407644669432315,23309500
2021-07-23,39.305789947509766,40.116762243022514,39.155934324346525,39.75535009173873,23946500
2021-07-26,39.67601776123047,39.87876420902303,39.20001386515173,39.20001386515173,22976700
2021-07-27,39.79060745239258,40.002167326227614,39.02370921467204,39.30578680469868,22124500
2021-07-28,40.11676788330078,40.583961726961064,39.649577402271355,40.002176148886946,23252800
2021-07-29,40.989444732666016,41.17455754700801,40.266620384885364,40.45173319922735,24487400
2021-07-30,40.49579620361328,41.297954877268424,40.31068343953048,40.77787375725269,25794000
2021-08-02,40.363582611083984,41.262706260726155,40.16965299176007,40.583955955722836,23960700
2021-08-03,41.280338287353516,41.3772997385086,39.76416853571789,40.5310668661387,24050300
2021-08-04,40.68091583251953,41.4037400462767,40.58395103461528,40.78669408358327,22178000
2021-08-05,41.60165786743164,41.61050968136685,40.734031502081486,40.769445512354125,28092600
2021-08-06,43.17755126953125,43.37232498076989,42.00891575663235,42.053181588113915,33583900
2021-08-09,43.071311950683594,43.68218852138045,42.75259256518387,43.08016376594018,29795200
2021-08-10,43.938934326171875,43.99205197134708,43.10672186091917,43.14213587588021,28708100
2021-08-11,44.8508186340332,44.91279146519102,43.53167541953252,43.93892979505446,29203900
2021-08-12,45.28462600708008,45.373157646704,44.76228122786154,44.939344507109396,21729900
2021-08-13,44.59407424926758,45.514818323712554,44.42586275340916,45.33775163597065,15843300
2021-08-16,43.74415588378906,44.248793721900874,43.32804969622579,44.20452789662661,22615500
2021-08-17,43.124427795410156,43.70874551866337,42.522403065117,43.274935666616585,16887000
2021-08-18,42.46928787231445,43.36346982720745,42.4073150327311,42.814566086354986,16319300
2021-08-19,41.83184051513672,42.451572161184494,41.460003553867516,41.92037216002964,20259400
2021-08-20,41.98234176635742,42.008903959600275,41.4688521862909,41.72559866495692,15357400
2021-08-23,42.15056610107422,42.48699248071571,42.00891342184616,42.274511773240484,15551900
2021-08-24,42.81456756591797,42.82341938162158,42.2391016044528,42.27451562180038,15109100
2021-08-25,43.637916564941406,43.93007370912732,42.911946234217716,43.044743708023695,21357400
2021-08-26,43.42543411254883,44.151404413747,43.28378145322396,43.850392090523435,21627600
2021-08-27,44.09829330444336,44.13370394156649,43.48741337665779,43.57594841263136,16873300
2021-08-30,42.858829498291016,44.09829297451738,42.805708477104304,44.05402376822865,16054100
2021-08-31,40.45957946777344,43.3723158193836,40.02576630544747,42.858822826314736,73514300
2021-09-01,38.46759796142578,40.698630476263965,38.30823825484686,40.459590916395584,84960500
2021-09-02,39.459163665771484,39.7336172221785,38.547274711629534,38.671220389598375,37629000
2021-09-03,39.10502243041992,39.39718293620292,38.79515829755833,39.38833112266362,21687500
2021-09-07,39.228981018066406,39.80444360175978,39.17585999209167,39.23783283376224,19733500
2021-09-08,38.795162200927734,39.4326009123968,38.626950708630545,39.06076053828448,21252400
2021-09-09,39.27323913574219,39.591958474444155,38.74203911215027,38.82171894682576,19776900
2021-09-10,39.24668502807617,40.06118710052385,39.1227359769388,39.83985457510659,23367400
2021-09-13,40.5126953125,40.5569645099402,39.450302119247,39.450302119247,28027200
2021-09-14,40.76945114135742,41.557394403751836,40.51270459733086,40.74289231861894,36053200
2021-09-15,41.29178237915039,41.513114834765275,40.592371008863694,40.610078010584715,31535600
2021-09-16,40.97306823730469,41.84954635737353,40.73402875001319,41.521975227647694,24102400
2021-09-17,41.14128875732422,41.33605907298147,40.49499822212021,40.49499822212021,34912100
2021-09-20,40.55696487426758,40.61008250804803,39.698193770650235,39.866405239731044,30603100
2021-09-21,40.59237289428711,41.0438930159821,40.48613425629169,40.707466722186965,23049100
2021-09-22,41.681339263916016,42.22138774311547,41.141287407450534,41.158994413250426,29430700
2021-09-23,42.31877517700195,42.64634634570654,41.75216449256178,42.01776282873485,21852800
2021-09-24,42.42501449584961,43.00048038089649,42.25680300168591,42.30106882885887,20384700
2021-09-27,42.10629653930664,43.32804952286474,40.86683317299051,42.83226687815107,48927500
2021-09-28,40.654354095458984,41.63707098698374,39.90182490718719,41.61936398078996,49349100
2021-09-29,41.63706588745117,41.74330791160174,40.66320430693083,41.12357627978621,21730200
2021-09-30,41.088157653808594,41.74330322004203,40.831411190199184,41.73444803039188,22947500
2021-10-01,41.62821578979492,41.88496229284216,41.1589919842206,41.212109621219454,18021700
2021-10-04,41.62821578979492,42.22138525138768,41.31834827248299,41.62821578979492,22315200
2021-10-05,42.46043014526367,42.89424337372008,41.92037825204363,42.05317911594787,20250500
2021-10-06,42.3807487487793,42.575522441427815,41.66363356633,42.12400559978441,17425700
2021-10-07,42.28335189819336,43.01817729040463,42.088581628893714,42.726016820557156,19272300
2021-10-08,42.49584197998047,42.79685432909598,42.194829630864966,42.38074812898352,14295400
2021-10-11,41.8584098815918,42.90309976546886,41.80529223217655,42.67291540438067,15387900
2021-10-12,41.30064010620117,42.07972796620262,41.18554627657567,41.86725068702603,18995700
2021-10-13,40.76945114135742,41.229823206667206,40.03462890170634,41.229823206667206,24150300
2021-10-14,40.11430740356445,41.51312718295525,39.689349367650806,41.32720867548045,53257700
2021-10-15,42.83226776123047,43.150987112126614,40.46843482692808,40.47729001848967,60096600
2021-10-18,43.76186752319336,44.00975887279067,42.61979087294914,42.664056702910614,33842700
2021-10-19,44.567508697509766,44.57636051079027,43.629057758289996,43.94777707263881,26500300
2021-10-20,44.40814971923828,44.61177520045953,44.009750570211615,44.434708536751494,24227900
2021-10-21,44.55866241455078,44.797698552714294,44.05402118602205,44.22223605462032,20448300
2021-10-22,44.8508186340332,45.25806963228914,44.70031415186879,44.744579977372084,21517200
2021-10-25,44.81540298461914,45.25806797800371,44.726871336848575,45.05444248631871,19330300
2021-10-26,44.82426071166992,45.24036353245146,44.58522119644679,44.912792364449125,18196300
2021-10-27,44.310768127441406,45.142980532142886,44.22223647374666,44.496686626560034,21988300
2021-10-28,45.470542907714844,45.5059569132487,44.57635784294491,44.602920035728026,26785500
2021-10-29,45.29348373413086,45.718441738890725,45.16953807156748,45.37316357110246,19788500
2021-11-01,45.78041076660156,46.03715726187502,45.39086680558597,45.64761330085944,18699000
2021-11-02,45.41743469238281,45.78927510069567,45.34661003863099,45.62991540817107,21672500
2021-11-03,46.03716278076172,46.541800641061855,45.16953973362699,45.18724673996845,24225700
2021-11-04,44.988433837890625,45.94828354050687,44.3574234168959,45.81496995170837,32005700
2021-11-05,44.82847213745117,45.86830962263125,44.79292477486281,45.32617250705859,23443200
2021-11-08,45.21062469482422,45.65499884111978,44.92622551241952,44.92622551241952,19509500
2021-11-09,44.339656829833984,44.93512001671436,43.73530765074916,44.88179389256944,28324800
2021-11-10,44.75736999511719,45.12175670373834,44.1530208115056,44.20634693604995,19827800
2021-11-11,44.96177673339844,45.24617591881149,44.63294081094692,44.81068775910079,16069700
2021-11-12,45.290611267089844,45.3261620117528,44.76624964938087,45.04176283506037,17124700
2021-11-15,45.39725875854492,45.94828168203438,45.308381906172265,45.49501821069696,20110200
2021-11-16,44.766258239746094,45.48614570093763,44.58850787262774,45.42393358099214,19244900
2021-11-17,44.29521942138672,45.05065418871753,44.019706202911266,44.81069171913685,17802700
2021-11-18,44.348541259765625,44.59738969737322,43.78862888484285,44.10857881337015,19198200
2021-11-19,43.38869094848633,43.7619669906808,42.455505928458635,43.54866591081172,30548400
2021-11-22,44.739593505859375,45.42393016408844,44.19745645256714,44.997331349277985,28549400
2021-11-23,45.68166732788086,45.983841907664264,45.059542794173154,45.06842878609062,28024400
2021-11-24,45.601680755615234,45.983842831558,45.486142516531,45.77942771998357,18901900
2021-11-26,43.042083740234375,43.63754351954117,42.38440845607631,43.63754351954117,29919300
2021-11-29,43.69086837768555,44.23300540900983,42.935433642752095,44.14412854058444,27677000
2021-11-30,42.464385986328125,43.11317173608411,42.05556264653205,42.75767450638085,40671700
2021-12-01,41.95780563354492,43.94860327952149,41.93114426994841,43.273152685761055,29365100
2021-12-02,43.468685150146484,43.904173368317956,42.22443600420471,42.419961741788576,29184900
2021-12-03,42.4377326965332,43.779741181170685,42.100007382332755,43.779741181170685,29221900
2021-12-06,43.37981414794922,44.348550118245115,43.29093726654671,43.53089976087392,31650100
2021-12-07,44.65959930419922,44.89956173714799,43.85083853698912,43.95748737708675,28370200
2021-12-08,43.913055419921875,44.712930283431,43.83306793357096,44.59739204974504,19990300
2021-12-09,44.16189956665039,44.464074108936686,43.31759143671727,43.56643986319815,16927200
2021-12-10,44.61516571044922,44.970662999233014,44.06414270913561,44.69515319372908,20040900
2021-12-13,43.15761947631836,44.40186508542426,43.04208124587016,44.34854235622184,19598900
2021-12-14,43.450904846191406,43.98415587266746,43.193167019576606,43.20205640135272,17602900
2021-12-15,43.49534225463867,43.78863083226744,42.77545827374232,43.566443748720495,20284300
2021-12-16,44.704044342041016,45.166193922047796,43.82418531476948,44.18857202723361,32781100
2021-12-17,42.61548614501953,44.19745720050086,42.5443846461949,44.17079583359465,74833400
2021-12-20,41.637855529785156,41.9222547079415,41.10460791831841,41.824495245073585,29134900
2021-12-21,42.491065979003906,42.784351213959305,42.073353109197015,42.29554022882938,21249400
2021-12-22,42.68657302856445,42.94431080856924,42.322186418673446,42.428838638864846,15688000
2021-12-23,42.97987747192383,43.48646383944623,42.855453225908704,43.01542822515856,16025600
2021-12-27,43.34425735473633,43.38869409409149,42.73102221490093,43.14873163320654,11900400
2021-12-28,43.0331916809082,43.71752828864032,42.979868951932815,43.157619292564206,14320500
2021-12-29,43.05985641479492,43.42424308727476,42.98875492245458,43.19316662747442,14390700
2021-12-30,42.74878692626953,43.46867418646213,42.695464204236586,43.09540157101025,13701300
2021-12-31,42.642147064208984,42.97987239946794,42.51772283287833,42.686583805354786,12649300
2022-01-03,45.08620071411133,45.157302205240356,43.47756507552684,43.48645445707082,38978100
2022-01-04,46.881473541259766,47.23697422281342,45.78831352239504,45.841639641719816,43855100
2022-01-05,46.472652435302734,47.22808718318466,46.214914597910195,47.0325614596033,35072600
2022-01-06,47.663578033447266,47.69912539310711,46.801490993456326,47.23697920477407,29720800
2022-01-07,48.67673873901367,49.05001135120546,47.81465191042031,47.86797802229283,35149300
2022-01-10,49.19221115112305,49.823224945101856,48.41900117211037,49.325524736262096,34733500
2022-01-11,49.8232307434082,49.885442852965106,49.08556802965395,49.37885659496994,25073700
2022-01-12,50.125404357910156,50.40091415496835,49.55660261074235,50.13429034897741,34159400
2022-01-13,49.7699089050293,50.81863225675261,49.55660780370168,50.30315657288936,34037300
2022-01-14,51.6007194519043,52.32060329257108,50.116508259968185,50.52533160038453,56739600
2022-01-18,50.383140563964844,51.6451649293926,50.22316559665279,51.29855363031841,41689600
2022-01-19,49.38774490356445,51.263004440413326,49.29887142582898,50.75641815864824,34970200
2022-01-20,48.88114929199219,50.10762271442218,48.8011618211749,49.52104905853048,26972800
2022-01-21,47.69911575317383,48.881152523358004,47.21919428684935,48.436778409509294,38357600
2022-01-24,47.388057708740234,47.539146678311944,45.48613694441636,46.86369609135421,48451400
2022-01-25,47.62801742553711,47.7524416343588,45.81497023620703,46.81036729708602,40858700
2022-01-26,48.11682891845703,48.810051457118696,47.485818485044206,47.91241723116719,39687100
2022-01-27,47.77912139892578,49.334431388856146,47.30808574401645,48.525670329704624,34209200
2022-01-28,48.16127014160156,48.18793489655486,46.89924915713438,47.645797880016836,35519700
2022-01-31,47.81465530395508,48.03684236706854,47.13031874272896,47.83243067584082,34657500
2022-02-01,49.41439437866211,49.60103406148647,47.98351274570895,48.63229846992257,35870200
2022-02-02,49.70769500732422,49.81434385901,48.84560803124063,49.1211212375936,29037100
2022-02-03,49.25239562988281,50.25226549053226,48.859591802467165,49.850532368443474,25227400
2022-02-04,50.2879753112793,50.92181900505507,49.52021944308754,50.02908025702337,33622100
2022-02-07,51.18070983886719,51.68064131700183,49.91301915032339,50.35938848753091,37480100
2022-02-08,52.44839859008789,52.65372808228787,51.60029614454685,51.778844565533575,39099600
2022-02-09,52.72514724731445,53.01082335019942,52.08237431305939,52.40376078018692,25883100
2022-02-10,52.716224670410156,53.83214815371913,52.49303997374837,53.16259406373375,36092000
2022-02-11,52.05559539794922,53.778581380422,51.6984985517939,52.2430697096932,38650500
2022-02-14,51.644935607910156,52.35912933624096,51.04680227679041,52.234143049913406,32680500
2022-02-15,52.11809158325195,52.9572648209809,51.85919651647992,52.77871638163715,18224600
2022-02-16,51.90382766723633,52.56445580613935,51.37711169604529,51.698498174131736,22057200
2022-02-17,50.12728500366211,51.35926209620896,49.77911401086938,51.020023804044136,24946500
2022-02-18,49.66305923461914,50.63614464005414,49.430945244958586,50.12728380841208,22137900
2022-02-22,49.35060501098633,50.100505818781905,48.83281822291696,49.60950010778532,26887800
2022-02-23,48.16325759887695,50.01122659093491,47.99363505206596,49.859459228289715,21860700
2022-02-24,47.05625534057617,47.163386434919104,45.24399689703939,46.208152907431,40917600
2022-02-25,48.30609130859375,48.60069330693057,47.39549743145908,47.46691475615097,27493500
2022-02-28,47.64547348022461,47.67225796261349,46.6098965067741,46.98484861046112,31094800
2022-03-01,44.89583206176758,47.065187472885334,44.64586289875373,46.815218309871476,54135500
2022-03-02,46.61881637573242,47.15445823779507,45.529674063273426,45.81535017711055,34894300
2022-03-03,45.74393081665039,46.92234558519271,45.476106492004426,46.73486787683498,24159700
2022-03-04,43.556724548339844,44.6905031725881,43.01215336447363,44.67264798887615,35871600
2022-03-07,40.8963623046875,43.36924898682808,40.8606519382853,43.36924898682808,56332500
2022-03-08,41.47664260864258,43.030009573308,41.37844079865139,41.67304622862496,60018100
2022-03-09,43.88703536987305,44.41375135126494,43.163915780173944,43.55672299678835,34560200
2022-03-10,43.75312042236328,44.25305530017219,42.71754370838805,43.083566424391506,26178800
2022-03-11,43.271053314208984,44.636942670146354,43.23534294274604,44.342337213869726,23707100
2022-03-14,44.51195526123047,44.97617982658257,44.0120203280371,44.33340682755226,28166600
2022-03-15,44.73514175415039,45.199366338204285,44.03880658083367,44.779778012986135,25080600
2022-03-16,46.06531524658203,46.61881568882278,45.28863353637692,45.57430964600473,34672800
2022-03-17,45.958187103271484,45.967116397218646,44.84226374682396,45.54752812542547,29930300
2022-03-18,45.904624938964844,46.01175604105852,44.67264791464025,45.395764123368146,60963400
2022-03-21,45.65465545654297,46.24386284791165,45.18150504688369,46.118879977852814,23411500
2022-03-22,47.66332244873047,48.386442079381176,46.69023705191672,46.78843886163167,28625600
2022-03-23,45.636802673339844,47.359788685216614,45.61894749017458,47.100893637612174,27988700
2022-03-24,45.824275970458984,46.26171599643471,45.44932397123787,46.163514201268995,19677800
2022-03-25,46.92234420776367,46.949125277231,45.89569340816601,45.949258952628306,19130900
2022-03-28,46.25279235839844,46.520613281997036,45.33326919982191,46.44919255275591,24115400
2022-03-29,46.06531524658203,47.582971707434666,45.99389792193901,47.36871632797774,20915000
2022-03-30,44.73514175415039,46.13674139586792,44.44946561096772,46.002829213832435,30913800
2022-03-31,43.26211929321289,45.02081573208966,43.23533822030511,44.413753105640666,31238500
2022-04-01,43.48529815673828,44.16378142742007,42.69969060877613,43.967377837665715,29989900
2022-04-04,43.26211929321289,43.440667725496965,42.503292712915695,43.253193404086325,23778300
2022-04-05,42.95859146118164,43.65493006296522,42.64613423351029,42.77111712457883,21757300
2022-04-06,42.75326156616211,42.922884121584545,42.31582145124059,42.574713120967715,26001200
2022-04-07,42.61935043334961,43.119281965658125,41.58377359503148,42.994299082581,29486500
2022-04-08,43.50315856933594,43.6459966320986,42.78896825552262,42.85145969513578,23659800
2022-04-11,44.0388069152832,44.8065594274621,43.67278073567688,43.69063592045243,27041000
2022-04-12,43.226409912109375,44.54766629784672,42.8514612607315,44.35126267729935,25791900
2022-04-13,43.33353805541992,43.40495538176516,42.360452719579484,42.440799340172845,20645300
2022-04-14,41.37843322753906,42.69076007452325,40.20001853431848,40.9677742841044,65583200
2022-04-18,42.11048889160156,42.47651508047133,41.1998982837012,41.26238972923303,26120900
2022-04-19,42.69969940185547,43.021082516461355,42.25332999178645,42.3068921414566,19753300
2022-04-20,43.43174362182617,44.074513236733424,43.13713818561717,43.2799762562108,25893000
2022-04-21,42.655052185058594,44.18163788543956,42.494358953439544,43.87810660410666,19027600
2022-04-22,41.369510650634766,42.78003599699755,41.298089921437764,42.57470650884787,21676800
2022-04-25,40.914215087890625,41.03919795743894,39.75365208659281,40.85172024758869,30045500
2022-04-26,39.798282623291016,41.065969615911854,39.78042744522955,40.31606916496543,21527400
2022-04-27,39.798282623291016,40.34285022929412,39.40547551699284,39.64651531253208,19520900
2022-04-28,40.32501220703125,40.44999850663543,39.557259656919136,40.20895860854861,17431000
2022-04-29,38.950199127197266,40.53034738750772,38.843068007308375,40.20896083889832,27149400
2022-05-02,38.98590087890625,39.31621667940995,38.03959995186372,39.16444931597048,25009300
2022-05-03,39.423343658447266,39.851857856247676,38.97697427671415,39.19123307837842,21545300
2022-05-04,41.04813003540039,41.182042218982076,39.44120086006162,39.55725785879719,29468000
2022-05-05,40.177425384521484,40.44671382686107,39.00154667277039,40.3928554535642,29978600
2022-05-06,39.98893737792969,40.28515337754008,39.0643906351683,40.04279576626224,27035300
2022-05-09,39.45933151245117,39.979952190477974,38.8040700351775,39.4683096202212,27132700
2022-05-10,38.66943359375,40.132550303824154,37.870549695285035,39.84531245742031,25276100
2022-05-11,38.21165084838867,39.95303094473784,38.13984308960249,38.6963660607416,25291600
2022-05-12,37.529457092285156,38.06802720111918,36.730573189573164,37.906455483639924,30171700
2022-05-13,38.27448272705078,38.76817260979209,37.9513392622323,38.103936309127945,21253200
2022-05-16,37.88850784301758,38.30141187755556,37.430723530663855,38.0590576925214,16837400
2022-05-17,39.23493957519531,39.33367824805681,38.56172508657159,38.58865599453579,23340500
2022-05-18,37.798744201660156,38.875887902033206,37.60126688641723,38.857935107543355,27351300
2022-05-19,37.70000457763672,37.97826774887827,37.31402806636262,37.430719515482664,25211900
2022-05-20,37.40379333496094,38.40912938268276,36.569010564127474,38.15779365867941,35410400
2022-05-23,39.33366775512695,39.782477294481794,38.355262822367585,38.355262822367585,27979100
2022-05-24,38.85793685913086,39.2887936738726,38.274482996419536,39.21698249267618,23996000
2022-05-25,39.60295104980469,39.908141660091246,38.62454616013408,38.678404535176966,22343900
2022-05-26,40.93144226074219,41.075061224233885,40.168467159219944,40.24027835303889,23502500
2022-05-27,41.19173812866211,41.33535704134207,40.79678697482845,41.021191739899955,19482600
2022-05-31,41.08403396606445,41.5328435963372,40.39286672454694,40.69805741009824,40727400
2022-06-01,40.53647994995117,41.35331322483422,39.8542909148112,41.254574572242,20417900
2022-06-02,40.6890754699707,40.77883601036423,39.95302465733423,40.500572856512086,14633300
2022-06-03,40.23127746582031,40.68906500688579,40.042778324978876,40.240255572038045,12572400
2022-06-06,40.500579833984375,41.191747071353795,40.35696089012487,40.698057165845846,11867200
2022-06-07,40.81474685668945,40.87757992789235,40.06074657810919,40.17743461083138,13281600
2022-06-08,40.06073760986328,40.455688743886036,39.70168863410092,40.28514236367855,12364400
2022-06-09,38.30140686035156,40.06074296792167,38.27447938201856,40.01586269598491,20142400
2022-06-10,35.97658920288086,37.19734877870949,35.92273080318321,36.829324941141685,27619300
2022-06-13,34.998165130615234,35.61752098693456,34.800687861580975,34.98918702339842,27553800
2022-06-14,33.5978889465332,35.27643599252166,33.220887079349254,34.80069888369369,36817600
2022-06-15,34.26213073730469,34.70196574842573,33.50813373106221,34.10953708341645,31358100
2022-06-16,33.79536819458008,33.86717595840651,32.79901021841227,33.53505777439921,37991500
2022-06-17,34.540382385253906,34.98021724868945,33.66071608252792,33.95693202764382,59114300
2022-06-21,34.998165130615234,35.850900412402176,34.890448388881296,35.77909267539084,24884700
2022-06-22,34.64810562133789,35.06998781255086,34.38779861158039,34.4596063791923,18631700
2022-06-23,34.01976776123047,34.43267175579767,33.34655338672706,34.163386690825384,23143800
2022-06-24,36.58695983886719,36.892150526801295,34.56731648687123,34.719913542911165,39407700
2022-06-27,36.120201110839844,36.79341556668383,35.815010420558075,36.65877130585671,16996800
2022-06-28,36.06633758544922,37.3050529665567,35.97657704044453,36.7754575330803,18136600
2022-06-29,35.64445495605469,36.38050237131563,35.500836031714634,36.14712290331751,15778700
2022-06-30,35.15974807739258,35.64446334517514,34.360867408720985,35.06998751260887,20425700
2022-07-01,35.83295822143555,35.976580586230696,34.52243495999059,34.75581787863707,15333900
2022-07-05,35.99452590942383,36.01247870300409,34.567311349172726,35.007146231526065,19144500
2022-07-06,35.455963134765625,35.931700278568684,34.935342285652425,35.5547018078144,17014100
2022-07-07,36.012481689453125,36.34460326201237,35.66241074597036,36.09326755519111,21060400
2022-07-08,36.06633758544922,36.533099952593275,35.77909973245985,36.17405092428391,14437500
2022-07-11,35.71627426147461,35.91374818730837,35.22258431067115,35.608557475587794,13111600
2022-07-12,35.54571533203125,36.326646421922575,35.01611992097462,35.07895640879216,15127300
2022-07-13,35.069976806640625,35.32130905062654,34.47754835714168,35.07895491486585,14116800
2022-07-14,34.77377700805664,34.7827516954182,33.5978943632092,34.1903230293137,24355300
2022-07-15,36.91908264160156,37.52946403744745,35.21360460777114,35.366201668805545,40328300
2022-07-18,36.97292709350586,38.40911961465745,36.820333500012296,37.63716669096202,17991300
2022-07-19,38.50786209106445,38.660455699750706,37.47559872071597,37.592290166511205,25724200
2022-07-20,38.34629440307617,38.62455417148437,38.023150934083525,38.184722668579845,19111200
2022-07-21,38.84894943237305,38.92973527977158,37.951330427564834,38.13085491335543,17809000
2022-07-22,38.75021743774414,39.073360882741525,38.31936065246275,38.75021743774414,15965400
2022-07-25,39.04642868041992,39.414452354005206,38.786118334089004,39.07335615619728,20297900
2022-07-26,38.50786209106445,39.20800391754536,38.42707623230548,38.69636128678697,15446700
2022-07-27,39.23493957519531,39.46832251543994,38.31936745976954,38.57967788383241,19498400
2022-07-28,38.884864807128906,39.342652532391476,38.337316528438116,39.09131681933032,14527300
2022-07-29,39.37855911254883,39.809415980753855,38.87589447838264,38.87589447838264,17512700
2022-08-01,39.08233642578125,39.63885930887802,38.74124020910801,38.992572461317174,13668300
2022-08-02,38.48991394042969,39.08234250140932,38.47196114474598,39.03746222427289,17764000
2022-08-03,39.39651107788086,40.006892484314385,38.82203526574247,38.9477014216295,17359500
2022-08-04,38.655399322509766,39.40554906335138,38.53790474344588,39.31517073958658,15062800
2022-08-05,39.550148010253906,40.038199128945784,38.43847831615217,38.48367091610281,16021000
2022-08-08,39.03498458862305,39.93878143580525,38.98075898432739,39.739948473868886,12879700
2022-08-09,39.22479248046875,39.577272770529284,38.854235836083056,39.06210873925434,10489500
2022-08-10,40.0653190612793,40.399722955842435,39.803217127402846,39.803217127402846,14037600
2022-08-11,40.896812438964844,41.2221798961905,40.57144498173919,40.670863198970565,14038800
2022-08-12,41.52042770385742,41.538504055303754,40.84258003932161,41.14083466661889,10706000
2022-08-15,41.34870529174805,41.41197079451961,40.58951581077799,41.04141422926704,11070300
2022-08-16,41.62888717651367,41.86387285759237,40.987188746133654,41.19506507072187,12234100
2022-08-17,41.70118713378906,41.85483439488081,41.167946841255564,41.32159410234731,13151700
2022-08-18,41.70118713378906,41.755416187299936,41.357743356976435,41.70118713378906,7885900
2022-08-19,40.98719024658203,41.592735995052486,40.707015399006046,41.48428132656216,13142900
2022-08-22,40.13762664794922,40.43588132783039,39.87552467733464,40.309346845397336,12391400
2022-08-23,40.101470947265625,40.63471130217768,40.020129081339654,40.182812813191596,10475100
2022-08-24,40.345489501953125,40.399718552340985,39.78513643879023,40.06531469422731,11706700
2022-08-25,41.023338317871094,41.14083287329495,40.15569417253652,40.48106158896483,11783200
2022-08-26,39.739952087402344,41.321596713789326,39.712835835077485,41.19506569531224,13405200
2022-08-29,39.694759368896484,40.05627951868969,39.38747172359742,39.58630470304319,12504900
2022-08-30,39.89358901977539,40.16472736220922,39.36034878564739,40.002043667206706,14365000
2022-08-31,39.504966735839844,40.30030907515702,39.414588413338535,40.02013075906374,22609100
2022-09-01,39.49592971801758,39.53208242558604,38.682511036286854,39.45977701044911,13173000
2022-09-02,39.20671463012695,40.490104708834494,39.016914640810995,40.03820621108475,13025900
2022-09-06,38.75481414794922,39.658611097170066,38.28483932062897,39.50496382299241,14708700
2022-09-07,39.62245559692383,39.685721103089826,38.18541841111769,38.44752033535482,19475800
2022-09-08,40.87873458862305,40.90584739316142,39.17055894847184,39.423620984727826,18500300
2022-09-09,40.969112396240234,41.40293446554692,40.89680699416679,41.131792655482826,12875500
2022-09-12,41.14987564086914,41.70119235358197,40.905850041092386,41.28544656776019,12127900
2022-09-13,39.062110900878906,40.2460828691434,38.89942715066188,40.08339911892637,21124900
2022-09-14,39.11632537841797,39.414579984774,38.1854157544181,39.08921257700788,15067800
2022-09-15,39.89358901977539,40.390676555522596,39.179588741454474,39.224781338286014,13173200
2022-09-16,39.71284103393555,39.82129916201002,39.1615277309282,39.49593167321085,21238800
2022-09-19,40.0562744140625,40.31837631687567,39.23381945341973,39.25189580337697,11324100
2022-09-20,39.23382568359375,40.02916796945344,38.944610933774186,39.667647808323096,19503900
2022-09-21,38.2034912109375,39.59533911261829,38.17637841016163,39.4597682133166,19207100
2022-09-22,37.5256462097168,38.42040317442305,37.45334080569009,38.4023302711278,15499000
2022-09-23,36.522438049316406,37.03760208348999,35.880742981866796,36.892994695787095,23316200
2022-09-26,36.16091537475586,36.63993011491666,35.55537305771373,36.27840994661174,21420000
2022-09-27,36.17898178100586,36.68510918793729,35.6186287771356,36.34166546724415,17541400
2022-09-28,36.88395309448242,37.109902321714145,36.06149804526742,36.06149804526742,16033500
2022-09-29,36.6037712097168,36.775491364339416,35.94399994484725,36.29648015301073,14811300
2022-09-30,36.350711822509766,37.18220330191214,36.31455911965449,36.73030485935568,21182200
2022-10-03,37.57987594604492,37.77870891531086,36.73030467184062,37.31777402324949,16827600
2022-10-04,39.351318359375,39.39650751541367,38.10407765598048,38.10407765598048,18601300
2022-10-05,39.1434440612793,39.35131692967407,38.46559640219185,38.70962197318871,15873400
2022-10-06,38.17638397216797,38.98979914335292,38.14926771973029,38.745773557683926,15634800
2022-10-07,37.769676208496094,38.06792741582341,37.40815604136594,37.98658555060472,17186700
2022-10-10,37.462379455566406,38.058885228045796,37.19124109493238,37.90523797346935,10973700
2022-10-11,36.35975646972656,37.344895434454905,36.20611261952811,37.25451710465727,19135900
2022-10-12,36.61281204223633,37.254510481481475,36.11572442129789,36.36878990562295,16469900
2022-10-13,38.302921295166016,38.56501982864807,35.925934004478805,35.925934004478805,23808700
2022-10-14,39.01691818237305,40.60760296955713,38.98076891953286,39.586311306580825,33954200
2022-10-17,39.73090744018555,40.8425771167512,39.667641938506215,40.36356590469016,24507000
2022-10-18,40.37261199951172,40.942005098345035,39.60438589692538,40.770284902441944,24810400
2022-10-19,39.42361831665039,40.237036874868586,39.134403595442016,39.929745802620765,17876800
2022-10-20,39.45073699951172,40.155697494959526,39.315166082212535,39.4778498038869,17572700
2022-10-21,40.51721954345703,40.56240870210623,39.378433438311035,39.44169894996227,18632800
2022-10-24,40.851619720458984,41.14987089844995,40.51721583976866,40.625670500155245,16154300
2022-10-25,41.00526428222656,41.21313715496679,40.10146738455,40.47202397468893,16362200
2022-10-26,41.30351638793945,41.76445126057847,41.0956435279092,41.2673636867921,15010800
2022-10-27,41.25831985473633,42.017509204463984,41.167938118036176,41.59272366125008,14655500
2022-10-28,41.89097595214844,42.0175103870901,41.095637333065824,41.49330664260713,14990400
2022-10-31,41.56562805175781,42.04463938735544,41.55658815049437,41.7011955413,14000000
2022-11-01,42.433258056640625,42.53267625066801,41.809636093272836,42.0988542248575,22409100
2022-11-02,42.369998931884766,42.97554118990074,42.017518698387526,42.369998931884766,29246700
2022-11-03,41.42399597167969,42.02434358851925,41.30574468459894,42.02434358851925,17140100
2022-11-04,42.51554870605469,42.670182107256814,41.75146941384326,42.142605448541815,27082500
2022-11-07,42.81571578979492,43.497929238924755,42.57921665419341,42.870294114895444,17713300
2022-11-08,42.915767669677734,43.179557661925784,42.49734431847383,42.97944063747327,14842700
2022-11-09,41.81513977050781,42.75204518221257,41.796946994465735,42.570120891709074,18318700
2022-11-10,43.61617660522461,43.76171532244042,42.68836598175502,42.77023172705871,23091900
2022-11-11,43.25232696533203,43.989118654124425,43.05221340300259,43.752616076030584,18076600
2022-11-14,42.6337890625,43.27052227246062,42.6337890625,42.93396462844936,13929900
2022-11-15,42.48825454711914,43.21594822915625,42.06073646075076,43.097700391393275,19076000
2022-11-16,42.033443450927734,42.61559836731801,41.869711946953345,42.45186686334362,14713300
2022-11-17,41.83332824707031,41.99705627478713,41.360326528341524,41.587731000619776,11350900
2022-11-18,42.29722595214844,42.54282316438959,41.81512964844343,42.49734297025228,10515300
2022-11-21,42.60650634765625,42.8339108427932,42.188082909384384,42.188082909384384,11656800
2022-11-22,42.85209274291992,43.11588272310894,42.670168498999345,42.87028551430361,11684900
2022-11-23,43.05221176147461,43.20684512055668,42.74294157339396,42.8611893880156,10878500
2022-11-25,43.152278900146484,43.334203203528446,42.77024098597009,43.079511260744184,4913300
2022-11-28,42.73384475708008,43.43425089470404,42.67926643872303,42.861190696663236,12492600
2022-11-29,43.27052307128906,43.34329416858999,42.78842669637957,42.91577264673929,13344900
2022-11-30,43.61617660522461,43.61617660522461,41.96976704741336,43.043116388098774,26417000
2022-12-01,42.6337890625,43.82538973442749,42.260845870509996,43.597985264435614,15980300
2022-12-02,41.787837982177734,42.31541794016643,40.82364539262318,42.197166661666145,29820400
2022-12-05,39.71391296386719,41.73326558793525,39.67752741912876,41.569534106528835,32574600
2022-12-06,39.477420806884766,39.886746112483614,38.804301990489904,39.73211272502043,25961400
2022-12-07,38.613277435302734,39.422836745835134,38.60417931388291,39.19543228917248,24114900
2022-12-08,38.73152542114258,39.01350470260915,38.30400396870444,38.84977323018247,17161400
2022-12-09,38.65876007080078,39.040797916528604,38.49502857408404,38.50412669607767,16023700
2022-12-12,38.98622512817383,39.04989810583266,38.30401167904316,38.749722522654984,18428900
2022-12-13,38.767913818359375,40.095958585794364,38.30401021741593,39.91403431231809,31496000
2022-12-14,38.36768341064453,39.32278151442558,38.15847170942902,38.740626611927304,22044400
2022-12-15,37.63088607788086,37.94015625769312,37.30342312632477,37.67636627228222,16766600
2022-12-16,37.46715545654297,37.70365802468978,37.15788526967779,37.32161674918974,29836200
2022-12-19,38.04022216796875,38.122087921784576,37.394394260042276,37.60360597092337,17454200
2022-12-20,37.2761344909668,38.713332182725345,37.267039840348964,37.55811723894781,25415400
2022-12-21,37.40348434448242,37.87648603432453,37.22156008378674,37.62179415130057,20170800
2022-12-22,37.00325393676758,37.05783225623135,36.4029063023328,37.030541361541125,17382700
2022-12-23,37.2761344909668,37.29432726211876,36.79403820014677,37.01234451413775,10167500
2022-12-27,37.33071517944336,37.421675571073884,36.939579249582366,37.303424286020984,10297400
2022-12-28,37.40348434448242,37.63998692436181,37.1669852345197,37.23975285684797,11889400
2022-12-29,37.59450149536133,37.658174457257175,37.348904298084705,37.430770030510246,11597100
2022-12-30,37.55812072753906,37.685466667515065,37.28523607474526,37.39438924187946,10021500
2023-01-03,38.0129280090332,38.33129284532334,37.703657823815725,37.84919653039357,15944300
2023-01-04,38.795204162597656,39.16814735645277,38.41316284674394,38.44045027290604,18943600
2023-01-05,38.58598709106445,38.77700947452106,38.14027629280464,38.73152927652346,12380700
2023-01-06,38.931644439697266,39.113568709071664,38.29491123184529,38.74062551831672,15247000
2023-01-09,38.55869674682617,39.231815423943004,38.349485075944074,39.22271730308233,21225600
2023-01-10,38.53140640258789,39.00440802390344,38.222136245186036,38.81338566939335,18348800
2023-01-11,38.87706756591797,38.95893330938296,38.2221416181981,38.54960459205803,18272100
2023-01-12,38.958927154541016,39.61384952887774,38.93163626441975,39.15904068590575,20940400
2023-01-13,40.223304748535156,40.35065069966556,36.803139492864986,37.63998976730566,41649700
2023-01-17,40.1323356628418,40.35974010886638,39.2772961949593,39.87764379366754,25473900
2023-01-18,39.459228515625,40.578058202489416,39.3864574124547,39.98680513394091,20278000
2023-01-19,39.068084716796875,39.29548916396109,38.67694879008109,39.03169917247064,18565300
2023-01-20,39.95042037963867,39.968613155794316,38.895263652032114,39.18634460060515,23237200
2023-01-23,40.96009063720703,41.09653470254741,39.90493407098053,39.968607042828246,19692000
2023-01-24,40.432518005371094,41.11473145831914,40.35974690482978,40.85094142373247,13697200
2023-01-25,41.24207305908203,41.314840682021845,40.05047243793201,40.06866521114613,17285300
2023-01-26,41.66958999633789,41.751455731887326,41.078337076267914,41.41489466911946,16724600
2023-01-27,41.95157241821289,42.17897687067272,41.66959311790931,41.66959311790931,18161800
2023-01-30,42.10620880126953,42.43367176450665,41.66959267359223,41.76055306563963,19427400
2023-01-31,42.6337890625,42.6428871844531,41.8970008004731,42.133499922501244,22840400
2023-02-01,43.05221176147461,43.479729764176895,42.26993990515789,42.442766036470175,21874600
2023-02-02,43.23530197143555,43.54654502479035,42.50296640238055,43.31768994120745,19058000
2023-02-03,43.555694580078125,43.97678703193528,42.97897887911234,43.02474919047926,17346900
2023-02-06,43.647239685058594,43.72047149235585,43.16206804905406,43.26276134758137,15948900
2023-02-07,44.05917739868164,44.31549394999433,43.34514723251598,43.42753519430236,21764800
2023-02-08,44.16902542114258,44.49857725762434,43.58315704164211,43.66554500076255,18070500
2023-02-09,43.546531677246094,44.51687819135305,43.473299888812754,44.370411122435996,17362100
2023-02-10,43.49161148071289,43.67469621624037,43.00643989980832,43.400070858974594,18929000
2023-02-13,44.05917739868164,44.07748622263985,43.143757153077914,43.33599456656243,16451700
2023-02-14,44.39788818359375,44.70913125074843,43.711322902404156,43.876098849253786,16844400
2023-02-15,43.91270446777344,44.17817364978726,43.66554061523589,43.8669306679308,12854000
2023-02-16,43.22614669799805,43.76624480236708,43.198681715029295,43.574003889790745,12631700
2023-02-17,43.47331237792969,43.54654418740123,43.04306371161094,43.107142854417816,13463800
2023-02-21,42.329036712646484,43.088833754829075,42.08187280965657,43.088833754829075,13652700
2023-02-22,42.11848449707031,42.31987807110973,41.82555029413179,42.06356151655131,13402900
2023-02-23,42.33818435668945,42.51211293798941,41.91709190172055,42.219178752615306,14783600
2023-02-24,42.67688751220703,42.80504577777313,41.83470262874358,41.962860894309685,16040300
2023-02-27,42.8233642578125,43.41838890161743,42.76844126992699,42.969831378926564,15468200
2023-02-28,42.814208984375,43.052216732178245,42.6036627288429,42.72266485671882,18627200
2023-03-01,42.7318229675293,42.95152189983731,42.33819193075491,42.567047022272504,13382200
2023-03-02,41.92625045776367,42.67689484975463,41.54177559496161,42.53042773648936,19115000
2023-03-03,42.88743591308594,43.00644151946828,42.02694216336599,42.127638946300976,14947200
2023-03-06,42.68605422973633,43.18953475132554,42.576201267459204,42.91490932973612,14236000
2023-03-07,40.6904296875,42.35649421713802,40.388339337155784,42.28325892297541,24056800
2023-03-08,40.13202667236328,40.791130415356456,39.912324260681764,40.51650152774172,14852000
2023-03-09,37.651241302490234,39.84824812482108,37.376615886205336,39.76586015073045,33599800
2023-03-10,37.861778259277344,38.7771984164473,36.36964242531611,37.14775165414103,55435400
2023-03-13,35.16128921508789,37.12028785498531,34.97820447942299,36.43372271528009,78806900
2023-03-14,36.77243423461914,38.0814856305491,36.04009864404157,37.98994499124623,52855100
2023-03-15,35.56407165527344,35.68307725329919,34.8592012083267,35.06059126800401,47324600
2023-03-16,35.97601318359375,36.6717344915678,34.92328204818043,35.36268332540307,40388800
2023-03-17,34.566261291503906,35.48168138758457,34.35571508845141,35.48168138758457,47403800
2023-03-20,34.30994415283203,35.19790274720178,34.28248266790941,34.895812444851074,34283700
2023-03-21,35.225372314453125,35.664773634286384,35.11552285750763,35.33522177139862,34664700
2023-03-22,34.05363464355469,35.43591771073948,34.0444784853326,35.43591771073948,22994400
2023-03-23,33.51354217529297,34.45642409157203,33.421998037951646,34.31911312363772,30239900
2023-03-24,33.165679931640625,33.3945350265253,32.268568378738905,32.95513366339292,35694800
2023-03-27,34.30079650878906,34.502186581114415,33.83393024447137,33.888856714406096,27454600
2023-03-28,34.03532409667969,34.410646247613556,33.75154257102686,34.200100015826365,15270000
2023-03-29,34.758514404296875,34.79512856707374,34.14518090809857,34.41980633520973,20789100
2023-03-30,34.21841049194336,35.24368021122278,34.02616958228688,35.06059545976723,22340400
2023-03-31,34.21841049194336,34.740199763758405,34.15433135274159,34.53880618795218,30287900
2023-04-03,34.52964782714844,34.93243142028235,34.23671366995094,34.34656310588735,21541000
2023-04-04,33.69662094116211,34.60288504068501,33.31214261708334,34.511344411740666,21942700
2023-04-05,33.76984405517578,33.87969348004927,33.2022846192708,33.41283080529926,15486900
2023-04-06,34.69442367553711,34.87750490447561,33.92547064102337,33.97124094825799,23484900
2023-04-10,35.3626823425293,35.43591414067219,34.42895334486424,34.51134130030677,27005800
2023-04-11,36.040096282958984,36.19571955004042,35.43591902380731,35.490845499021574,25116100
2023-04-12,35.87532424926758,36.47950157409758,35.60069882744516,36.08587052239982,20252900
2023-04-13,36.30556106567383,36.32386988673974,35.73800158083274,35.994318091654414,22397800
2023-04-14,36.287254333496094,37.08366888943114,35.811235434531824,36.38795110912998,40963100
2023-04-17,37.80685806274414,37.80685806274414,36.214028680655886,36.46119258312848,31445100
2023-04-18,38.32864761352539,38.50257970829848,37.66039120258233,37.72447034527198,27892300
2023-04-19,38.667354583740234,38.82297435684611,38.255414754855146,38.42019068640918,23310500
2023-04-20,38.14556121826172,38.49342190085703,37.94417113217073,38.32864597184089,19265500
2023-04-21,37.75193405151367,37.898401157282684,36.80904878432761,37.72446906839674,23975300
2023-04-24,37.944175720214844,38.08148668296385,37.56885350141826,37.65124147588833,17327800
2023-04-25,37.12028884887695,37.58715511192529,36.97382175483357,37.25760327731493,20728000
2023-04-26,36.12247848510742,37.02874597523286,35.921088425563475,36.836508580738325,26915600
2023-04-27,36.30556106567383,36.41541050001875,35.994318091654414,36.18655547477067,21695800
2023-04-28,36.38795471191406,36.54357447726476,35.66477188080514,35.930244589751624,20193000
2023-05-01,36.973819732666016,37.69700249772531,36.79073500211229,37.06536384396827,26564300
2023-05-02,35.5549201965332,36.62596013895114,35.07890128033049,36.62596013895114,36239500
2023-05-03,35.38098907470703,36.31471452515511,35.3443714317736,35.72884620642274,25202700
2023-05-04,33.87718963623047,35.131900884886214,33.58196387411955,34.76286692256322,53247000
2023-05-05,35.002723693847656,35.31640139093967,34.4399522108411,34.559885213135544,27039700
2023-05-08,35.408660888671875,35.777691188758084,35.19646767426465,35.45478923626174,22735400
2023-05-09,35.5562858581543,35.67621889898207,34.845897800635484,35.00273493988804,18999100
2023-05-10,35.316410064697266,36.19286297942124,34.96583171430228,36.165186667381704,17941600
2023-05-11,35.36254119873047,35.50092627538023,34.51376461393219,34.836666645483156,18536200
2023-05-12,34.58757019042969,35.54705194856107,34.3015687559728,35.482471547130146,17658600
2023-05-15,35.76847839355469,36.07292840074143,34.55989559079891,34.6890564132035,24405800
2023-05-16,35.41790008544922,35.7684820098266,35.353319667717706,35.68544954140482,21821200
2023-05-17,37.32763671875,37.466025314695734,35.87918443048889,35.97144466757545,29241600
2023-05-18,37.096988677978516,37.19847317162921,36.50653728150312,37.19847317162921,27213900
2023-05-19,36.930931091308594,37.32764136170464,36.55267287062499,37.207708317626675,19774900
2023-05-22,37.8073844909668,38.03802983572821,36.99551189198339,37.087772141509156,27519400
2023-05-23,38.019569396972656,38.85911812588673,37.8073761489359,37.83505245800264,26116600
2023-05-24,37.70589065551758,38.09337656900442,37.53060150380198,37.724342700861506,21193700
2023-05-25,37.73357391357422,38.093380032071224,37.38299205890385,37.475248774642736,17691800
2023-05-26,38.038028717041016,38.305578153744186,37.60441435544406,37.73357870098144,17399400
2023-05-30,37.8073844909668,38.213319030774166,37.21693297147656,38.047257620365116,14752600
2023-05-31,36.72796630859375,37.33686988365598,36.25744783005508,37.17080495233276,27221100
2023-06-01,36.95860290527344,37.392213661629036,36.60802107555302,37.09698796903328,17079400
2023-06-02,38.04726028442383,38.33325827955753,37.25383967979048,37.47525725541858,16906100
2023-06-05,37.31841278076172,37.973444632642156,37.30918499728835,37.973444632642156,18443900
2023-06-06,38.06570053100586,38.39783034152672,37.143119288167085,37.272283618433754,18825100
2023-06-07,38.812992095947266,38.87757250055006,37.81660619681268,38.24099271830763,17781800
2023-06-08,39.08977127075195,39.117451104745946,38.34248262091746,38.47164344832744,17157300
2023-06-09,38.868350982666016,39.18202876405463,38.77609074145269,39.052867945724316,11098900
2023-06-12,38.59157943725586,39.44957685221237,38.20409344141461,38.849901088237665,19433400
2023-06-13,39.34809875488281,39.984678664217746,38.31480503620594,38.453193656194266,18864000
2023-06-14,38.82222366333008,39.66177252437022,38.739191203694524,39.44035145888594,14826100
2023-06-15,39.08053970336914,39.135892322277165,38.39782807543743,38.58234501698934,14188200
2023-06-16,38.91447067260742,39.431117350177004,38.80376192718807,39.28350451649535,36422100
2023-06-20,38.64693069458008,38.87757602316494,38.13951167556707,38.85912397455394,16679600
2023-06-21,38.425506591796875,38.71150449803425,38.314794319026454,38.61002000767861,11686500
2023-06-22,37.88119125366211,38.407062338221074,37.752026909225556,38.33325414140019,11504400
2023-06-23,37.46603012084961,37.585966684763534,37.18002862824522,37.39222192171223,18952000
2023-06-26,37.44757843017578,38.02880568616621,37.3276418651117,37.62286762575507,13618500
2023-06-27,37.7427978515625,37.88118644334421,37.216926833780924,37.47524845111417,11749600
2023-06-28,37.475250244140625,37.77047596932333,37.253832709937726,37.75202392157838,13959600
2023-06-29,39.16357421875,39.21892684058038,38.16718479338578,38.268669292565626,23956300
2023-06-30,39.37576675415039,39.873961457636696,39.32041061397367,39.62486410589354,20062200
2023-07-03,40.04003143310547,40.22454488500863,39.43112789146693,39.56028871554655,9249100
2023-07-05,40.11383056640625,40.242991372636304,39.458798752314955,39.883185264033145,15722200
2023-07-06,39.56950759887695,39.95699353778558,38.96983192301154,39.8739610879743,14978600
2023-07-07,39.458797454833984,40.06770089230235,39.29273256103644,39.29273256103644,13506500
2023-07-10,39.04363250732422,39.66176368447823,39.00672841807402,39.403438579094505,16675800
2023-07-11,39.43112564086914,39.60641481791962,38.81299435029522,39.071315983710306,15401100
2023-07-12,39.91086196899414,40.45518502875486,39.680216664339056,39.956993845419596,13998300
2023-07-13,40.326019287109375,40.37214763852269,39.94776117453197,40.1046017925784,18034800
2023-07-14,40.18763732910156,41.80215438853053,39.94776425228324,41.28550766254082,30897600
2023-07-17,41.27628707885742,41.63609320679183,40.17841312818061,40.1876409116174,25173900
2023-07-18,42.0697021484375,42.161962381892074,41.147120930100115,41.30396156728886,24183200
2023-07-19,42.67860412597656,42.96460556067696,42.01434806506896,42.374154164595566,18932700
2023-07-20,43.481258392333984,43.58274290015519,42.63248175185803,42.780094621588404,18927200
2023-07-21,42.401832580566406,43.555059120634255,42.39260831676783,43.52738280987042,16215400
2023-07-24,42.82622146606445,43.20448317067478,42.40183492054769,42.41106270422362,12053200
2023-07-25,41.95899963378906,43.029193865597684,41.91287126987901,42.79854852667885,13537400
2023-07-26,42.844669342041016,43.204478963631274,42.54021937837906,42.88157343441458,19520900
2023-07-27,42.226539611816406,43.518151108788466,42.0512504604798,42.95537956417057,19509600
2023-07-28,42.567901611328125,42.65093407103868,42.04203053961745,42.48486915161757,12616400
2023-07-31,42.58634948730469,43.06609214980653,42.30957582184504,42.7524143904541,11696600
2023-08-01,42.17119598388672,42.58635832794515,41.829841842935934,42.44796970680272,12699200
2023-08-02,41.60841751098633,41.6729979239892,41.110226256302525,41.60841751098633,13911700
2023-08-03,41.9803352355957,42.20348452543785,41.38526218659729,41.571222292728415,12145400
2023-08-04,41.70138931274414,42.49171880145507,41.571218314976,41.93383853644259,10840800
2023-08-07,41.89664840698242,42.26856502833673,41.76647386527014,42.008223038699356,10860300
2023-08-08,41.35736846923828,41.42245397286628,40.33459322917499,40.89246998795607,14520000
2023-08-09,40.650718688964844,41.14350987563319,40.511247745205324,41.11561710563867,11973800
2023-08-10,40.604225158691406,41.273679999675394,40.55773602737715,40.91105980977352,11982200
2023-08-11,40.66001892089844,40.77159355826402,40.334591417376416,40.45546246331673,7316000
2023-08-14,40.66932678222656,40.82739058697993,40.23232100949403,40.47406669526225,10677000
2023-08-15,39.730228424072266,40.223019736768876,39.534971890388064,40.10214867128495,13835900
2023-08-16,39.25602340698242,39.730218230970536,39.18163795786632,39.66513273644066,10076700
2023-08-17,39.48847961425781,39.74882163852156,39.29321954916594,39.48847961425781,12686000
2023-08-18,39.5163688659668,39.78601082242436,39.09795954506605,39.14444868141196,10797300
2023-08-21,39.507076263427734,39.86039657120934,39.16304881815931,39.65584364220265,12600400
2023-08-22,38.58657455444336,39.58145703631243,38.52148904978979,39.47917880131568,13634500
2023-08-23,38.68885040283203,38.71674317542179,38.32623017159006,38.64236126621784,11927400
2023-08-24,38.521488189697266,39.21883590703879,38.48429546018451,38.54008455445364,10363300
2023-08-25,38.335533142089844,38.86551719337586,37.90782733699839,38.71674980260951,12534700
2023-08-28,38.93989944458008,39.11655959811309,38.39131907141598,38.502893718547675,10314500
2023-08-29,39.05147171020508,39.39549558690279,38.72604419804425,38.93059711416225,14404800
2023-08-30,38.62377166748047,39.172352088161574,38.558686155441556,39.10726657612266,12536300
2023-08-31,38.391319274902344,38.78183231538014,38.223955529870686,38.7539395401729,21534900
2023-09-01,38.726043701171875,39.04217480045509,38.595869151083875,38.63306187968045,12890300
2023-09-05,38.62377166748047,39.31181952243307,38.40991876408199,38.72604991408287,14337200
2023-09-06,38.14027786254883,38.49360175733775,37.74976123212013,38.31693803649604,18775400
2023-09-07,37.5916862487793,38.14026652222482,37.470811667337145,37.870624589351344,13801000
2023-09-08,38.12167739868164,38.233252046718164,37.49871510467577,37.61028975271229,13921200
2023-09-11,38.42850875854492,38.79112899316758,38.3169305733581,38.47499789559253,15053800
2023-09-12,39.553558349609375,39.953371273800265,38.372715939428545,38.502886929277956,18393900
2023-09-13,39.28391647338867,39.86968947547115,39.163041891109614,39.71162216835339,15274200
2023-09-14,40.02775573730469,40.34388682440395,39.70232824186148,39.804606468113256,20764500
2023-09-15,39.934783935546875,40.269511440452064,39.61865279723578,39.67443835012381,47371800
2023-09-18,40.38108825683594,40.53915206101379,39.76742231392618,39.97197881052759,15849700
2023-09-19,40.185829162597656,40.66932404852916,39.8882943938543,40.49266034109802,15318100
2023-09-20,39.86039733886719,40.65072693568103,39.813908197147356,40.353192172401094,16788100
2023-09-21,39.34900665283203,40.13933264182722,39.321113879329154,39.7488196252114,14990500
2023-09-22,38.335533142089844,39.414097611869465,38.261151220153856,39.35831205714107,16780300
2023-09-25,38.642364501953125,38.69815005180388,37.907824022503014,38.01010225975481,10624000
2023-09-26,37.79624557495117,38.40991138985495,37.526603621475374,38.16816220849951,15219400
2023-09-27,37.99150085449219,38.30763193365565,37.61958068598449,37.77764799901302,11815500
2023-09-28,38.03799057006836,38.307632519012,37.86133043811924,37.97290507161902,12454600
2023-09-29,37.99150085449219,38.48429206290533,37.731158864672956,38.30763193365565,13124500
2023-10-02,36.829261779785156,37.89852626094232,36.67119443663498,37.84274070786106,15102000
2023-10-03,35.95524978637695,36.699090254901094,35.76929321614014,36.615408379536845,19252900
2023-10-04,36.234188079833984,36.36435908462442,35.69490414925205,35.806478789516156,14343500
2023-10-05,36.541015625,36.652590254264865,35.89015711831684,36.038924472967835,11820600
2023-10-06,36.90364074707031,37.08960085188349,36.03892927454894,36.1598038747116,13976800
2023-10-09,36.91294860839844,37.00592690727031,36.35506817448296,36.36436813250699,12096600
2023-10-10,37.02452087402344,37.54520853584655,36.93154258118462,37.11749916686225,14429700
2023-10-11,36.90364074707031,37.38713560082697,36.49453135399652,37.201175496013796,14835900
2023-10-12,36.950130462646484,37.20117250503236,36.55961391924703,36.90363778001072,14878100
2023-10-13,38.08448791503906,38.71675021932479,37.62888932767972,37.96361684723033,28077900
2023-10-16,38.726043701171875,39.20953498535202,38.493594467784035,38.558679969381124,18419000
2023-10-17,39.032875061035156,39.39549529962548,38.52148745412845,38.52148745412845,16982300
2023-10-18,38.61447525024414,38.99569194723069,38.44711147626032,38.77254261318207,16053200
2023-10-19,38.289039611816406,39.25602931448396,38.27044324673888,38.56797799419137,16120300
2023-10-20,37.44292449951172,38.20535773303324,37.13608979614883,38.16816500288732,17498900
2023-10-23,36.70838928222656,37.54520809554029,36.652600179040824,37.43362988916881,13785800
2023-10-24,36.522430419921875,37.03382168297753,36.48524123006795,36.838561588495104,15097800
2023-10-25,36.28997802734375,36.45734178148276,35.871572188890504,36.327170760906704,13849000
2023-10-26,36.866451263427734,37.17328241901112,36.243485449410365,36.28067817944895,15480300
2023-10-27,36.0389289855957,36.643298434669305,35.90875797733836,36.61540566058386,13582800
2023-10-30,36.661895751953125,36.81066312909619,35.97384441585768,36.35506104146766,14141900
2023-10-31,36.978023529052734,37.015216256699915,36.485232301855675,36.85714893764627,11919200
2023-11-01,36.829261779785156,37.17328569573187,36.522427050261186,37.15468932907336,19850300
2023-11-02,38.00186538696289,38.03001040264952,36.95120998319796,37.279542257103145,19998500
2023-11-03,39.04313659667969,39.26827880129981,38.52719003512959,38.62099719958818,16147500
2023-11-06,38.78047561645508,39.20261503469761,38.60224056364784,39.20261503469761,15148600
2023-11-07,38.499061584472656,38.649155245330604,38.2176364176784,38.630393090408965,13796900
2023-11-08,38.44276428222656,38.63976148559513,37.92681769213616,38.52719216631511,19418700
2023-11-09,37.898677825927734,38.81800172488799,37.776725637525715,38.74295312325158,14006500
2023-11-10,38.35834503173828,38.41463149330418,37.86116047937519,38.114444188649294,14706600
2023-11-13,38.24576950073242,38.517815319857455,38.020627269401345,38.21762806375892,12159700
2023-11-14,39.47466278076172,39.7560878806226,38.89304685206635,38.930571152984946,20183800
2023-11-15,40.18760299682617,40.36583804241269,39.46527637232191,39.46527637232191,17268100
2023-11-16,39.89679718017578,40.300174453992284,39.390233450383526,40.168842984101175,16931200
2023-11-17,40.300174713134766,40.328319727231104,39.812369551463796,40.178226106602665,13893800
2023-11-20,40.140708923339844,40.29080257057829,39.87804235678643,40.20637467034949,10369100
2023-11-21,39.962459564208984,40.084411738245215,39.540323754531194,39.99998386060688,16078400
2023-11-22,40.13132095336914,40.178228119708564,39.77485082308724,40.01875162688614,11862200
2023-11-24,40.262657165527344,40.44089583014332,40.084422079426155,40.15008782580632,5287200
2023-11-27,40.35647201538086,40.365851303592436,39.887428877468736,39.99999822858341,15715000
2023-11-28,40.684791564941406,40.75984016769525,40.14070350903341,40.30955928671521,15332900
2023-11-29,41.06941223144531,41.40712383222982,40.928701450128315,40.98498433124919,16746000
2023-11-30,41.829254150390625,41.979347764620776,40.78797813606907,41.097548228332904,23247500
2023-12-01,42.232635498046875,42.43901557953526,41.632260983005445,41.75420959614459,18116100
2023-12-04,42.32643508911133,42.523435849099364,41.763584976752256,41.94182001067942,13424000
2023-12-05,41.73544692993164,42.1857277720448,41.66039833365576,42.16696562297583,14531700
2023-12-06,41.74483108520508,42.44839565405685,41.67916534506007,42.0262561970429,18923800
2023-12-07,42.58910369873047,42.626624417180885,41.885539233961886,42.016870694823126,18787800
2023-12-08,43.24576187133789,43.470904079130435,42.32643804833682,42.55158025612936,20238400
2023-12-11,43.15195846557617,43.35833854249264,42.74858117624725,43.05815129162195,21116900
2023-12-12,43.59286117553711,43.864903418397255,42.973724507400036,43.09567312096981,19787100
2023-12-13,44.80299377441406,44.82175592718129,43.48029242169966,43.62100677819651,26549100
2023-12-14,47.38272476196289,47.420249062767525,45.44088692675177,45.44088692675177,41115400
2023-12-15,47.19511032104492,47.62662904389656,46.82925375669929,46.9981095314698,44099200
2023-12-18,46.58535385131836,47.35458413844552,46.46340166086717,47.28891840016742,20531700
2023-12-19,46.98872756958008,47.2044869187186,46.257021639587336,46.594729591381935,20556400
2023-12-20,46.28517150878906,47.439017061932105,46.23826791625767,46.744835304032094,20481500
2023-12-21,46.38835144042969,46.74482510723455,46.08816421949316,46.54782433595237,11127700
2023-12-22,46.135074615478516,46.77297344880835,46.05064672346384,46.58535551338526,10450400
2023-12-26,46.566593170166016,46.59473460788349,45.994360079814335,46.11631227411415,8856600
2023-12-27,46.27579116821289,46.50092983864417,46.106935376132114,46.350836198851766,12536700
2023-12-28,46.41649627685547,46.57597276258316,46.05064329817586,46.09754688391429,9872600
2023-12-29,46.1725959777832,46.51030752433486,46.163213113426636,46.29454458630467,11733600
2024-01-02,46.27579116821289,46.679164917611814,45.797365231145804,46.013124614690206,14916000
2024-01-03,45.66602325439453,46.050638341675636,45.32831174780354,46.050638341675636,21653600
2024-01-04,46.2288818359375,46.772973491307404,45.75045949976265,45.79736308903242,15917500
2024-01-05,46.82925796508789,47.34520820020578,46.23826627879492,46.3414563258185,15074800
2024-01-08,46.82925796508789,46.89492728652393,46.10693479295204,46.32269417376743,15119700
2024-01-09,46.238258361816406,46.39773125917342,46.013116154267344,46.378969110334836,13625200
2024-01-10,46.04127502441406,46.07879575487034,45.60037334028839,45.966226406471364,11849800
2024-01-11,46.00374221801758,46.041266520057754,45.34708124637216,45.86302787462413,21049200
2024-01-12,44.465274810791016,45.759830826319096,44.09003900487589,44.981221360038916,30454100
2024-01-16,43.92119216918945,44.14633441416118,43.35834192453202,43.87428857855377,25209900
2024-01-17,43.78047561645508,44.14633219344457,43.34895687869032,43.37710189446761,17445600
2024-01-18,43.56471252441406,43.7335682905893,43.26452529088345,43.667902556911606,17901300
2024-01-19,45.14069747924805,45.196983927714165,43.50842983738587,43.74295133822352,25606900
2024-01-22,45.52531814575195,45.90055402422867,45.17822728419545,45.24389302615169,19372200
2024-01-23,46.07878494262695,46.17259569304292,45.40336543220311,45.637886940471695,16422100
2024-01-24,46.425880432128906,46.98873063367024,46.20073820440379,46.313307529009194,17776000
2024-01-25,46.791725158691406,46.848008021798755,46.435251518785584,46.60410726513499,17979600
2024-01-26,47.204490661621094,47.37334644016421,46.68854403985683,46.754209778344226,19211100
2024-01-29,47.232635498046875,47.532822775170374,46.89492749516891,47.05440042054062,16725200
2024-01-30,48.0206298828125,48.09567849430084,47.48592105075974,47.49530391645317,14736800
2024-01-31,47.07316207885742,48.25514902281731,47.0543999269197,47.85177170244272,20394400
2024-02-01,46.03401184082031,47.20541041429458,45.23103954059579,47.063707724302446,27566100
2024-02-02,46.440223693847656,46.82754030669065,45.401082616556465,45.8167383267431,19329000
2024-02-05,46.005672454833984,46.21349850089271,45.5711228269441,45.92065156210343,14202700
2024-02-06,45.61835479736328,46.40243314222672,45.35384335742045,45.83562960626879,13926600
2024-02-07,45.7978401184082,45.91120010084901,44.824826094856135,45.76950102371022,15839600
2024-02-08,45.67503356933594,45.816736256951074,45.401080565541875,45.51444055344456,10839200
2024-02-09,45.401084899902344,45.59946579858337,44.84372646766799,45.55223276608542,16594000
2024-02-12,46.21350860595703,46.563041021194344,45.23104914626124,45.34440916013963,14101900
2024-02-13,45.57112503051758,46.0151198441138,44.95708481958871,45.72227289116402,13660100
2024-02-14,45.84507751464844,46.02456807457728,45.306613042160336,45.911204477680364,12683400
2024-02-15,49.160892486572266,49.54820912883858,45.93010180894276,46.03401664529583,46473600
2024-02-16,49.038082122802734,49.42539875248548,48.480723694366645,49.066421221378505,24359700
2024-02-20,48.90583038330078,49.34982883368527,48.43349283307031,48.650767673738386,19839100
2024-02-21,49.74658966064453,49.7654835947174,48.30123793873963,48.78302064482478,18562500
2024-02-22,50.41730880737305,50.927434223510936,49.83161125753853,49.90718699488466,20467900
2024-02-23,50.88019943237305,51.031347298195996,50.464540098622905,50.56845493206044,20863500
2024-02-26,51.135257720947266,51.54146825099289,50.7101532588473,50.77628021921295,18099900
2024-02-27,51.77764129638672,51.85321342723135,51.23917680088973,51.27696106448737,19548200
2024-02-28,51.692623138427734,52.35389283207391,51.55092043056095,51.71151707305327,20045200
2024-02-29,52.514488220214844,52.618403056348455,51.90044797232504,51.99491764319626,28335600
2024-03-01,52.0138053894043,52.665629824447024,51.86265753764153,52.334995024856305,17761000
2024-03-04,52.72231674194336,53.430823041593456,51.702065940695505,51.83431987337962,19483500
2024-03-05,53.46860885620117,53.940946403000304,52.36334072644298,52.627848599482654,21786100
2024-03-06,53.95038604736328,54.2148938756668,53.156858958803824,53.676429451678125,25418600
2024-03-07,53.84647750854492,54.48885682676337,53.72366874380187,53.89371054001554,18116300
2024-03-08,53.912601470947266,54.356599870073325,53.73311451989481,54.044855393159516,17872500
2024-03-11,53.931495666503906,54.177109579861565,53.393031207068674,53.638645120426325,16622000
2024-03-12,54.422725677490234,54.89506316317767,53.94093942404559,54.082642111211435,23622800
2024-03-13,54.62110900878906,55.20680650831434,54.43217328530211,54.43217328530211,17444900
2024-03-14,54.196006774902344,54.9139618331374,53.95983801168148,54.66834430134407,24851100
2024-03-15,54.32826232910156,55.07455650805531,53.71422568856893,53.71422568856893,40782800
2024-03-18,54.573875427246094,54.63055722481405,53.95039006859522,54.413278802628135,16376500
2024-03-19,53.85592269897461,54.73447077861297,53.77090180082737,54.46051775449348,14504800
2024-03-20,54.1298828125,54.328263719735425,53.166313772664246,53.4875034526095,22841600
2024-03-21,54.64944839477539,54.90451108228302,54.27158054945422,54.40383447549909,18141700
2024-03-22,53.96928787231445,54.81004810980949,53.95983910355079,54.6116672095656,13736600
2024-03-25,53.59141540527344,54.158222600119956,53.25133180909539,53.92205383651291,15028200
2024-03-26,53.54418182373047,53.98818024792253,53.45916092555857,53.97873147943159,11445900
2024-03-27,54.422725677490234,54.45106477346379,53.26077589513702,53.26077589513702,13762800
2024-03-28,54.75336456298828,54.86672816264242,54.37549670842242,54.46996277115156,14619000
2024-04-01,54.422725677490234,54.677788352199336,54.09208727531961,54.677788352199336,11039500
2024-04-02,54.17711639404297,54.79115666014233,54.025968519816146,54.18656516323503,14632900
2024-04-03,53.96928787231445,54.75336630817578,53.70477640167318,54.03541483906242,13226500
2024-04-04,53.54418182373047,54.79115259448544,53.41192789405181,54.53608989996974,12361900
2024-04-05,54.22434616088867,54.43217220933191,53.44026418519413,53.496945982214534,11081000
2024-04-08,54.5927734375,54.77226040439798,54.1393298340345,54.20545680097846,15308800
2024-04-09,54.39439010620117,54.78170672541651,53.723668094289856,54.50775010109001,10643800
2024-04-10,53.789794921875,54.12987850932836,53.298563473736735,53.648095829535606,16475200
2024-04-11,53.553627014160156,53.84647757548091,52.552273772600806,53.82758364213931,18995600
2024-04-12,53.345802307128906,53.84647894060178,52.27831846998637,52.87346477256222,27876700
2024-04-15,53.81814193725586,54.77226220862617,53.60086709533291,54.42273342845877,19407500
2024-04-16,53.28911590576172,53.80868642820597,52.5806096650698,53.752008235286034,25620000
2024-04-17,54.01652145385742,54.44162596130477,53.515844813780234,53.733119650109,18867700
2024-04-18,55.490211486816406,55.85863416289635,54.05430504399648,54.44162165265093,24468500
2024-04-19,57.011138916015625,57.483476450046076,55.60357508264855,55.73582901559317,34334300
2024-04-22,57.719642639160156,58.08806892631458,57.00169120510508,57.05837300397097,21753400
2024-04-23,57.56849670410156,58.34312996292416,57.44569154125972,57.78577153487869,21731200
2024-04-24,57.2473030090332,57.577941418048944,56.7277324847503,57.2473030090332,19731600
2024-04-25,56.6143684387207,57.587382456501544,56.302623984296446,57.25674767482325,24002500
2024-04-26,56.595481872558594,57.086713329010635,56.094805251250435,56.472673107533254,18785900
2024-04-29,56.4915657043457,56.96390321626105,56.07590999117392,56.548247503089264,15338400
2024-04-30,56.038116455078125,56.67105053089829,56.0192225240754,56.3026242818185,18007700
2024-05-01,56.22705841064453,56.822204690605005,56.04757145164343,56.28374020995243,16365400
2024-05-02,56.5199089050293,56.82220462703468,56.03812262057435,56.793861925587805,15329500
2024-05-03,56.623817443847656,56.92611315150454,55.849184242520764,56.70883833685422,17298500
2024-05-06,56.859989166259766,57.511817247971045,56.529354344847725,57.12450062703868,16240100
2024-05-07,56.92612075805664,57.25675920999551,56.73718861826252,56.94501469276597,16268200
2024-05-08,57.84245300292969,58.03138873406415,56.7749691851219,56.822205820642516,18718400
2024-05-09,58.22249221801758,58.30800189961109,57.46240817294554,57.709437752823085,14224300
2024-05-10,58.80205535888672,58.878065572893554,58.39350951951621,58.39350951951621,14428200
2024-05-13,58.203487396240234,59.0680836433938,58.15598282484275,58.868562268904476,15203500
2024-05-14,58.80205535888672,58.89706812639526,57.97546421557808,58.48852228702475,14499600
2024-05-15,59.22960662841797,59.42912801332652,58.783055660355984,59.09659237181227,17489600
2024-05-16,58.01346969604492,59.36261838405302,57.927960016920004,59.33411636580022,21104100
2024-05-17,58.032474517822266,58.55503207762427,57.85195206352158,58.34600760395681,15795800
2024-05-20,57.67142868041992,58.70704425326189,57.56691645183745,57.93745717181796,15029000
2024-05-21,58.39350509643555,58.621532096817404,57.74743282378086,57.78543792790554,18422100
2024-05-22,57.889957427978516,58.38401297059619,57.49091103324758,58.24149562439942,10340500
2024-05-23,56.702327728271484,57.74744290356084,56.398294090937604,57.718940882675426,13056100
2024-05-24,57.20587921142578,57.37689857486173,56.88284303875417,57.044362937273284,9913000
2024-05-28,56.51230239868164,57.177377299471644,56.23677079881103,56.977855916544634,11276300
2024-05-29,55.8187255859375,55.99924441497535,55.50518887699285,55.93273728720527,12835000
2024-05-30,56.255775451660156,56.426794821796484,55.676210211127795,55.8852346911537,13580800
2024-05-31,56.93034744262695,56.996858194313305,56.02774967918288,56.31278074260557,25386600
2024-06-03,56.37929153442383,57.196383293879755,55.676211482874095,57.196383293879755,13206500
2024-06-04,55.77122116088867,56.51230265765169,55.429182431808314,55.88523286245991,12520700
2024-06-05,55.752220153808594,55.9802435632792,55.2296625807078,55.92323952309492,11199100
2024-06-06,54.8496208190918,56.056255915242225,54.631096866549626,55.84723142830324,18587400
2024-06-07,55.448184967041016,55.752218587370734,54.697600381191606,54.697600381191606,14466700
2024-06-10,55.039634704589844,55.229656608177564,54.507574099417496,55.01113268757991,12787500
2024-06-11,54.27955627441406,54.86862097394368,53.69048795051773,54.86862097394368,19197800
2024-06-12,54.44107437133789,55.53369774709934,54.308060108069576,55.37217783858292,16929800
2024-06-13,54.412567138671875,54.745102764991486,53.86150395863767,54.583586496312385,15963700
2024-06-14,54.53608322143555,54.735604601971794,53.794998112582,54.146539925183866,15375400
2024-06-17,55.33417510986328,55.34367457515481,54.222549203683016,54.35556346396496,18361100
2024-06-18,56.103755950927734,56.103755950927734,55.01113627665402,55.30566680328291,15547400
2024-06-20,56.01824188232422,56.24626888851964,55.666703721123994,55.80922105304192,11985500
2024-06-21,55.2011604309082,55.543199191134555,54.460078866662414,55.39118236707473,62732600
2024-06-24,56.06574630737305,56.49329467766136,55.362669986780084,55.571694439891324,16198300
2024-06-25,54.34606170654297,56.056251711862046,54.32705915239462,55.8377277757059,26726900
2024-06-26,54.16554260253906,54.91612722814637,53.994526853365834,54.36506762124703,30425700
2024-06-27,54.55508804321289,54.60259624554774,53.519475920665606,53.595482520540806,13832200
2024-06-28,56.42679214477539,56.483799806905175,55.19165512689612,55.19165512689612,31074500
2024-07-01,57.566917419433594,57.58591997261948,56.597808953152175,56.63581405952394,14470200
2024-07-02,57.927955627441406,58.12747698882535,57.13936602144834,57.47190524812115,9543700
2024-07-03,57.6334228515625,58.08947324153696,57.15836990895999,57.956458997506864,6698800
2024-07-05,56.64532470703125,57.63343592157457,56.160772190411876,57.4814190904423,11436300
2024-07-08,56.06574630737305,57.39589598729974,55.73321069957452,56.97785070544355,12480000
2024-07-09,56.892337799072266,57.405392189902976,55.980233452822574,56.132253864169265,12233800
2024-07-10,56.740325927734375,56.99685495755692,56.41728977436892,56.569306574519345,12097200
2024-07-11,57.15837860107422,57.680936192529416,56.32228428012578,56.43629961323252,16852800
2024-07-12,53.718990325927734,54.08002797095248,52.82588842924235,53.39595416370746,53042800
2024-07-15,54.8496208190918,55.33417692529274,54.194048961465285,54.20354842706847,27277300
2024-07-16,57.2343864440918,57.59542411082201,54.659596456143575,55.14415254078859,25577300
2024-07-17,57.87095642089844,57.956466106029545,56.90184786420147,57.158376919594794,17371100
2024-07-18,56.28428268432617,57.78544832365229,56.04675617736464,57.59542639320969,17739000
2024-07-19,56.27477264404297,56.78783070556138,56.16076094960546,56.341279767828716,12362800
2024-07-22,56.18927001953125,56.426796526968815,55.61920785142785,56.303281728278556,13638600
2024-07-23,56.69282150268555,56.920848530257075,56.09425735099775,56.24627416125655,10927800
2024-07-24,56.474300384521484,57.205882453038306,56.40779325323513,56.78783711004305,10777100
2024-07-25,56.72133255004883,57.6999406327963,56.48380603486803,56.5883182814463,14119600
2024-07-26,57.376895904541016,57.43390356448874,56.59780934042111,56.863837838110896,12538900
2024-07-29,56.61681365966797,57.79494663143607,56.38878663713117,57.70943695103059,8986200
2024-07-30,57.0158576965332,57.69993515510912,56.90184599489277,57.44340610814315,11503900
2024-07-31,56.37929153442383,57.120373072364394,56.24627727113879,56.83534199041547,11535800
2024-08-01,54.04203414916992,56.37929420601829,53.699995384876594,56.30328398090109,17752700
2024-08-02,50.60264205932617,52.797388141432926,50.16559418563564,52.42684739528806,27642600
2024-08-05,49.5195198059082,49.78555192952968,47.6478135978596,48.74043323720443,28594000
2024-08-06,49.74754333496094,50.317605400360314,49.4530092140304,49.671533126579035,18723500
2024-08-07,49.6810417175293,50.821169598975914,49.5480274624944,50.49813342630548,18407500
2024-08-08,50.12759017944336,50.65965083587444,50.02308156554979,50.3271151908342,16176000
2024-08-09,50.51053237915039,50.57755123144053,49.84995241166148,50.070145734157784,11669000
2024-08-12,49.84038162231445,51.19026499973746,49.47658220333351,50.6541397324,18090100
2024-08-13,50.615840911865234,50.70200383029656,49.60103726373446,50.127586808790625,12268600
2024-08-14,51.37216567993164,51.48704836773874,50.472244596675594,50.76902517784849,13217200
2024-08-15,52.24336242675781,52.817779467518456,52.109332027383964,52.176347227070885,16549400
2024-08-16,52.97096633911133,53.06670130443457,52.281662902208524,52.444413073669004,19173900
2024-08-19,54.043209075927734,54.05278111089185,52.903943356306975,52.99010627920221,12792900
2024-08-20,53.75599670410156,54.301693959375676,53.53579974308178,53.641110380424905,12533500
2024-08-21,53.09541702270508,54.04320917631312,52.846503940575694,54.033633489276674,13691700
2024-08-22,53.574100494384766,53.96661967571609,53.28689196083459,53.32518740585585,15683000
2024-08-23,54.28255081176758,54.952706481454506,53.91875139358532,54.01448635266005,17074400
2024-08-26,54.30170440673828,54.71337134897981,54.12937854012299,54.58891296707877,9478800
2024-08-27,53.86130905151367,54.49316928642252,53.76557409097325,54.29212367805485,7638500
2024-08-28,54.636775970458984,54.914412471906736,53.641116301025114,53.66983971114174,11905200
2024-08-29,54.90483474731445,55.30692960553569,54.100648682926526,54.86654295533754,9283300
2024-08-30,55.97708511352539,56.08239575829427,54.93355800489992,55.000573205742924,20377300
2024-09-03,55.88134765625,56.43662064846388,55.43138896303162,56.120688707641236,15933600
2024-09-04,55.642005920410156,56.48448743351928,55.259062434127515,55.996233301591175,10985800
2024-09-05,54.435726165771484,56.1781286270054,54.12936992986581,56.120685463252684,18301000
2024-09-06,51.697662353515625,54.35913343194665,51.4008781623022,54.263398481002596,21853800
2024-09-09,52.26251220703125,52.73162227537264,52.10933407999103,52.39654261168461,17134800
2024-09-10,51.64980697631836,53.708138120186305,51.10410959359552,53.61240314681762,24650000
2024-09-11,51.43917465209961,51.56363301250742,50.19460200418459,51.42960261763179,17322000
2024-09-12,49.37126922607422,52.02316837608187,48.078829076470896,51.43917565667219,42594200
2024-09-13,50.529685974121094,50.778602734260915,49.54360192570663,49.648912581761564,24762000
2024-09-16,51.49661636352539,51.63064675462308,50.558399973787296,50.558399973787296,18066200
2024-09-17,52.1859245300293,52.72204983370103,51.66895060197799,51.66895060197799,15885200
2024-09-18,51.94657897949219,52.83692796213477,51.79340085624478,52.13805254656508,20109000
2024-09-19,53.42092514038086,53.62197075910036,52.31995842925873,52.66460649618294,21399000
2024-09-20,53.89002990722656,53.89002990722656,52.54014657607772,52.99010525175768,45276000
2024-09-23,52.760337829589844,54.110221107855665,52.559292238626796,53.86130438871199,14759300
2024-09-24,51.85084533691406,52.8369293020728,51.49662160268159,52.769914099705964,16365600
2024-09-25,51.32429885864258,52.01360229847167,51.132825275128404,51.965731163551986,10555700
2024-09-26,53.98576354980469,54.67506690283124,51.046655916950606,51.73595926997715,34463400
2024-09-27,53.51666259765625,54.205962368615374,53.420923982207235,54.205962368615374,13530400
2024-09-30,54.081504821777344,54.110224578884555,53.11456494254957,53.28689078930196,16284200
2024-10-01,53.028404235839844,53.64111676010304,52.84650634646631,53.6123970017953,11069400
2024-10-02,52.94224166870117,53.43049947557963,52.5784422354267,52.97096507925886,9007200
2024-10-03,52.63588333129883,52.856076659276276,52.09018602890807,52.731621942628976,8135300
2024-10-04,54.53145980834961,54.69421360904045,53.5932434019482,53.60281908837054,14582800
2024-10-07,54.72294235229492,55.17290473463754,54.37829062556907,54.78995756004107,11177800
2024-10-08,54.856971740722656,55.795188283657765,54.82825198138485,55.795188283657765,12073000
2024-10-09,55.08673858642578,55.26863647510783,54.636776230356595,54.876117287490466,12415300
2024-10-10,55.287784576416016,55.900497102544506,54.90483742155834,55.259064818020846,12744000
2024-10-11,58.389644622802734,59.08852005603685,57.36526156087917,57.40355700567259,37049200
2024-10-14,59.50975799560547,60.64902006871345,58.341772513356325,58.65770444952715,30758800
2024-10-15,60.34267044067383,61.09898911141376,59.57677973387293,60.227787747667435,24693400
2024-10-16,61.1660041809082,61.34790573414754,60.42883323602156,60.54371958082165,17412600
2024-10-17,61.63510513305664,61.96061276218541,60.79262725879209,61.74041578035337,15073500
2024-10-18,61.61595916748047,62.01805036982252,61.10855732108089,61.66383029809173,19234000
2024-10-21,61.29045104980469,61.93189059587628,61.19471609346995,61.730844996340636,15603400
2024-10-22,62.04677200317383,62.42971914731917,61.271309331758715,61.29045340211682,26164900
2024-10-23,61.80743408203125,62.276547826824746,61.13728202391143,62.008479699467195,18380900
2024-10-24,62.640342712402344,62.774373122095184,61.58724350591167,61.855304325297354,18393300
2024-10-25,61.77871322631836,63.138168693863086,61.51065240782892,63.04243373070393,14855500
2024-10-28,62.81266403198242,62.946694431995596,62.0467697712423,62.228671301592605,16158900
2024-10-29,62.51588439941406,63.18603640938511,62.458437581338615,62.69777862834386,13205500
2024-10-30,62.6212043762207,63.56899301845014,62.353136228175735,62.353136228175735,16021700
2024-10-31,62.15208435058594,62.94669841820506,61.87444784608855,62.32441020495985,12963200
2024-11-01,61.92232131958008,62.78395062401171,61.86488180065455,62.43929890223906,13313900
2024-11-04,60.98410415649414,61.89360093486082,60.3618159260183,61.80743435323326,12607400
2024-11-05,61.338321685791016,61.749988568411446,60.90750708164702,61.27130648648578,13447200
2024-11-06,69.38018798828125,71.1034392464299,66.96762600111981,70.17480206443972,63689100
2024-11-07,66.8431625366211,68.61428469701468,66.76657165406897,68.58556494208479,18681200
2024-11-08,67.4401626586914,67.5268183923678,66.78540351263823,67.41127741413261,14270900
2024-11-11,69.8666000366211,70.53098986876095,68.38376332712019,68.38376332712019,17117800
2024-11-12,69.9051284790039,70.64655063777917,69.43331905281698,70.07844727685564,17848200
2024-11-13,70.0688247680664,71.21465514304155,69.96291465038152,70.04957038654098,18823000
2024-11-14,70.09770965576172,70.74283788581454,69.81847340405321,70.14584927738298,13654800
2024-11-15,71.5805435180664,71.64795221546593,70.18436952334412,70.29028698183436,18837000
2024-11-18,71.3398208618164,71.9271786215552,70.98355973771639,71.73460543805227,18439600
2024-11-19,70.7043228149414,71.40722888589488,70.41545569620524,70.88727247988739,15412900
2024-11-20,70.84876251220703,71.04133571058382,69.74144825604887,70.9354182476176,14415400
2024-11-21,72.05235290527344,73.21743748253053,71.19538980839677,71.19538980839677,20068200
2024-11-22,73.14041137695312,73.25595969655768,71.78275351603148,71.80200789620082,14997400
2024-11-25,74.04551696777344,74.44029417966843,73.15003774787051,73.37149616410055,28636600
2024-11-26,74.47881317138672,75.229858866321,73.52556343136983,74.62324673107317,19139100
2024-11-27,74.34400939941406,74.90248190415313,73.5929637153423,74.49807381983695,19793900
2024-11-29,73.34261322021484,75.14320257902124,73.31372797773172,74.80619583972484,9785000
2024-12-02,72.48565673828125,74.0936657179655,72.02347812369011,74.0936657179655,18274500
2024-12-03,71.38796997070312,73.03449498145606,71.27242164942008,72.99597887436171,15047900
2024-12-04,70.34806060791016,71.493890975677,70.0110538368601,71.30131777684744,14301100
2024-12-05,70.92579650878906,71.84053024331446,70.38657831665701,70.67544546766335,17766700
2024-12-06,71.57090759277344,71.94643039097286,70.9931807760201,71.24352441068969,14798100
2024-12-09,69.92440032958984,71.78276040768408,69.7318197784265,71.55166374628806,15517500
2024-12-10,69.37554168701172,70.77171544784491,69.23110814543016,70.77171544784491,12277100
2024-12-11,68.94225311279297,70.21325527772001,68.79781954596564,69.89550289993916,11867400
2024-12-12,68.17195129394531,69.38517559406101,68.16232043074548,69.21185678744503,12446700
2024-12-13,67.82530975341797,68.41266748926252,67.42089433060012,68.22008696739788,16794500
2024-12-16,69.30815124511719,69.60664189077735,67.22832555017905,67.85419943131485,24602500
2024-12-17,68.18157196044922,68.88447802072625,67.76753301452075,68.41266859040641,15595900
2024-12-18,66.20767211914062,68.84596290645304,66.06323855988789,67.9889997600684,21201200
2024-12-19,66.29434204101562,68.06604654453682,66.12102320204288,66.82392942293168,16444600
2024-12-20,67.72901153564453,68.40303230024645,66.21728942905085,66.60244310222404,50113400
2024-12-23,67.92159271240234,68.06602625953522,67.03574439774057,67.1320309804307,11817000
2024-12-24,68.9326171875,68.9326171875,67.92159698634255,68.04676881709656,4442700
2024-12-26,69.09630584716797,69.17333070306773,68.47043206098841,68.77855352317287,6964300
2024-12-27,68.4704360961914,69.07704819449944,68.00825020257894,68.53783744044786,7219500
2024-12-30,67.79642486572266,68.17194770257498,67.18017453873351,67.79642486572266,8443800
2024-12-31,67.63273620605469,68.28749535552375,67.45941739160122,67.91197248190731,7031500
2025-01-02,67.58458709716797,68.56672201046544,67.1705481733024,67.86382333383968,8303300
2025-01-03,68.66300201416016,68.76891945054658,67.15128001305689,67.73863767076531,9152800
2025-01-06,69.35628509521484,70.53100054591005,68.87484481845095,69.2599985091012,15565600
2025-01-07,68.9326171875,70.4154541620601,68.85559232421836,70.26139708930098,13522000
2025-01-08,68.91336822509766,69.40443941637193,68.42229703382338,68.85559773654647,16544700
2025-01-10,67.36312866210938,68.29712405787447,66.7661400209512,68.26823881407906,14466600
2025-01-13,67.9119644165039,67.98899662404501,66.97796910210596,67.30535231105786,10439800
2025-01-14,68.54747009277344,68.8074446142096,67.68087611099332,68.8074446142096,21909800
2025-01-15,73.13078308105469,73.96849189865438,70.91616197402696,72.56268701866381,33482900
2025-01-16,73.13078308105469,73.60259989302278,71.91755874049898,73.03449648443546,22897900
2025-01-17,74.21883392333984,74.38252185235518,72.69748090424358,73.15966679662309,20673700
2025-01-21,74.96025085449219,75.38392065578789,74.45955619075743,74.80619378341832,21057700
2025-01-22,74.6617660522461,74.92174059392138,74.0070069201718,74.6906512961882,11669500
2025-01-23,74.55584716796875,75.39355595725242,74.17069344831432,74.825452567868,12981800
2025-01-24,74.44992065429688,74.76767298532073,74.1417991852967,74.1417991852967,10393200
2025-01-27,75.04692077636719,75.14320737285229,74.0358931477826,74.52696433991194,10637100
2025-01-28,74.9891357421875,75.24911760855377,74.30549142272122,74.97951222580039,11562000
2025-01-29,75.46095275878906,76.04831049296472,74.72916147017428,74.86396416199861,9175400
2025-01-30,75.89424896240234,76.29865705325624,75.18171937191747,76.21200132501441,11276000
2025-01-31,75.87499237060547,76.34680179618007,75.40317559883508,75.76907491948933,14980600
2025-02-03,75.23949432373047,75.5957628132195,74.16106533790705,74.36327674153355,12395200
2025-02-04,76.52012634277344,76.88601834472139,75.52836044980694,76.8763874812975,14665200
2025-02-05,77.07859802246094,77.36745780618845,76.24088922263897,76.70307516127778,17931000
2025-02-06,78.39774322509766,78.47477544260703,76.94379868714034,77.51189476232965,16988900
2025-02-07,78.0590591430664,78.66867349194602,76.53019513939857,78.63963826095707,17951400
2025-02-10,76.53987884521484,77.96230258106037,75.71739108942644,77.8558622074621,18357400
2025-02-11,77.06239318847656,77.3817142715071,75.29162069072214,76.22054871024979,16682800
2025-02-12,76.68502807617188,77.13981743649306,76.2786233900203,76.63664340200225,13440500
2025-02-13,76.29796600341797,77.08175483654021,76.06573582960522,76.85919569072423,10093400
2025-02-14,77.39139556884766,77.73973712951151,76.33667032924856,76.66566983440876,17521300
2025-02-18,78.16551208496094,78.33000817470985,76.91726272031616,77.40107996014133,15318300
2025-02-19,77.74942016601562,78.03971343004994,77.38172176304127,77.72039231610506,13917400
2025-02-20,76.08509063720703,77.68168888257412,75.49483305932911,77.51719280545133,14807100
2025-02-21,74.99166107177734,76.87854507479126,74.82716500637903,76.35602902969826,18205400
2025-02-24,74.72071838378906,75.97863848634118,73.93693699929702,75.44644407534496,12989700
2025-02-25,73.54021453857422,75.5141896041896,72.50484602392183,75.34969352767114,15683000
2025-02-26,73.97564697265625,75.25292408614574,73.8014724852502,73.87888500908947,13466800
2025-02-27,74.14015197753906,75.39807229506891,73.90791440117822,74.4981719884487,13744400
2025-02-28,75.78511810302734,75.88188005656308,74.1111075152501,74.54654737985668,24698800
2025-03-03,74.536865234375,76.42375645484827,73.849845801498,76.30763768694634,18013400
2025-03-04,70.92759704589844,73.20153617129306,69.03102732392632,73.02736170223291,28858200
2025-03-05,71.759765625,72.2145475598988,70.09543339229499,70.84050857986153,20422000
2025-03-06,70.29862976074219,71.49849416402364,69.31163869125729,71.4017322154864,19460400
2025-03-07,68.75042724609375,69.91158557603161,65.89590132942753,69.91158557603161,21256900
2025-03-10,64.61862182617188,67.29897315607525,63.39940045705608,67.29897315607525,27582900
2025-03-11,65.1024398803711,65.80881622578599,63.660666721811126,64.66700736252297,24310700
2025-03-12,66.69903564453125,67.24090851492336,65.50884215281808,66.5732458374657,18462300
2025-03-13,66.24424743652344,67.4634687978911,66.0991008059499,67.37637786656126,17471500
2025-03-14,68.556884765625,68.76976548066905,67.008671450482,67.21187375598858,15762300
2025-03-17,68.5472183227539,69.24391628181053,67.81182148371833,68.18919831446321,11185000
2025-03-18,68.80848693847656,69.1665143458295,68.11178894712222,68.71172496911402,11102100
2025-03-19,70.40508270263672,71.44045124021382,68.53754797046889,68.83751227928714,14453200
2025-03-20,70.17284393310547,70.99533908486016,69.45679653916098,69.5148522411805,12388300
2025-03-21,70.17284393310547,70.42443094596449,68.84718952056205,69.6309710276842,32647100
2025-03-24,71.87588500976562,72.11779361972444,70.96630627393175,71.25659955886827,10688900
2025-03-25,71.83717346191406,72.2435855074224,71.44044720964666,72.05973261498922,9499100
2025-03-26,71.09210205078125,72.94027995493634,70.75343148012087,71.98232394579276,10848100
2025-03-27,69.94060516357422,71.18885428113494,69.88254946867586,71.18885428113494,10457600
2025-03-28,68.4020767211914,70.20187725955165,67.68602196423383,69.93093343173653,13555200
2025-03-31,69.46646881103516,69.73740523980106,67.30864102628267,67.63764053440127,14855300
2025-04-01,69.00200653076172,69.31164924269646,67.8408482066226,68.54721718269344,10661000
2025-04-02,69.92125701904297,70.12445933740845,67.9472821488962,68.2762742693554,8854100
2025-04-03,63.54454803466797,66.49583584999121,63.29296841095787,65.586257169374,25880300
2025-04-04,59.00634002685547,61.51251304785323,57.77744400508425,60.719053205643775,31050800
2025-04-07,60.15782165527344,62.24791525197585,56.52919309082929,58.72572335812063,41305800
2025-04-08,60.070743560791016,63.50584115049647,58.90958157662319,62.596269861267174,27374200
2025-04-09,64.18318939208984,65.01535553904846,57.50651077734793,58.677347476565444,42744800
2025-04-10,61.067405700683594,62.89623406996703,59.49983905433097,62.84784939846592,29026000
2025-04-11,60.4868278503418,61.5609026805275,57.71939642374905,59.548224943802545,33867000
2025-04-14,61.05773162841797,61.93828251154896,60.38039047405943,61.11579102360546,28057800
2025-04-15,62.45112228393555,63.30263786037105,61.25125405716606,61.38672227654297,20903300
2025-04-16,61.909244537353516,62.876882567133585,61.3189870002421,61.82215729923492,17351000
2025-04-17,62.6156120300293,63.5832462892771,61.99632669470779,62.29629095268628,18961800
2025-04-21,61.93827438354492,63.05105531893356,61.34801686257697,62.12211988276529,17859100
2025-04-22,64.08642578125,64.2606002582779,62.61561744580013,62.61561744580013,17536600
2025-04-23,65.74108123779297,67.25058848749785,65.25726405442968,65.25726405442968,20678800
2025-04-24,67.30863952636719,67.58925435918262,65.31531523132553,65.50883913828467,18420900
2025-04-25,67.47313690185547,67.9182477538151,66.76676067827974,66.83449477787221,17775900
2025-04-28,67.182861328125,68.2762856179688,66.447457066235,67.55055976783744,16694100
2025-04-29,68.7988052368164,69.03103542867417,66.71838977391538,66.71838977391538,24563600
2025-04-30,68.71172332763672,69.09877857830543,67.08609718080005,67.4150893452663,23953000
2025-05-01,69.48582458496094,70.1244668388246,68.15049175751604,68.46981288444786,19672500
2025-05-02,71.41141510009766,71.7597640426319,70.51151489562817,70.6373046983629,18347400
2025-05-05,71.45980834960938,72.46614914368597,70.67602674504991,70.97599108606096,16070400
2025-05-06,71.10176849365234,71.78878793062297,70.21153936602664,70.77276900720157,18095100
2025-05-07,70.81148529052734,71.8952384701421,70.61796136459753,71.21788996445866,14310300
2025-05-08,70.9372787475586,71.59527046496555,70.27928703015164,71.30498456116142,19957500
2025-05-09,70.48971557617188,71.25834141724984,70.08108130814536,71.16104860433387,11136900
2025-05-12,72.85396575927734,73.21395732470299,72.06588434149666,72.96099007810751,20425500
2025-05-13,73.9339370727539,74.50797730720868,72.94153847105784,73.39882287232705,13635100
2025-05-14,74.2160873413086,74.42040447088684,73.77826598120745,74.17716873239384,14067100
2025-05-15,73.54476165771484,74.44959899200997,73.2820703000656,74.00204607933242,15303900
2025-05-16,74.1187973022461,74.28419582909481,73.33071585540675,73.51556997595759,13864600
2025-05-19,74.00203704833984,74.3425730129848,73.38908567331681,73.55448419028033,12720500
2025-05-20,73.47665405273438,73.81719005018564,73.03883266024874,73.4377428639071,10655600
2025-05-21,71.20970153808594,73.09720593678281,71.11240129835667,72.91235181182265,17711300
2025-05-22,71.40428161621094,71.89075308514437,70.51890740269418,71.16104588174423,9717000
2025-05-23,70.85944366455078,71.20970375417133,69.95460633685873,69.95460633685873,9260900
2025-05-27,71.98805236816406,72.0853451861071,71.07349097194003,71.61833669079402,11014100
2025-05-28,71.73509216308594,72.3480435936948,71.34591347031703,72.19236914740078,8711100
2025-05-29,72.49398803710938,73.04856527336005,71.34591495222614,72.39669521763784,14016600
2025-05-30,72.75667572021484,72.77613873690672,71.73509003286999,72.19236700360572,17042000
2025-06-02,72.69830322265625,72.72749032541327,71.28753139801572,72.25075032679425,11237500
2025-06-03,73.60314178466797,73.77827182717833,72.35777589257924,72.69830446885878,13193500
2025-06-04,73.34044647216797,76.66791743697055,73.34044647216797,75.59767411389473,29578000
2025-06-05,72.8734359741211,73.71016759146967,72.17291579001844,73.56422464928723,20138400
2025-06-06,74.26473999023438,74.68310577162505,73.77826849666224,74.08960995562977,10988000
2025-06-09,74.39122009277344,74.62472433184294,73.87556149596891,74.47878882177821,13453200
2025-06-10,73.40853881835938,74.28418891274421,73.09719738735201,74.09933480940454,14892900
2025-06-11,72.90263366699219,73.67125967935989,72.55237352406596,73.49612960789678,16442400
2025-06-12,72.00751495361328,72.50371054903636,71.19023895726832,72.31885642294323,14522500
2025-06-13,70.40215301513672,71.79346174160838,69.98378724639444,70.94699869611617,21168300
2025-06-16,71.1707763671875,71.7253535368865,70.95672773625711,71.41401209816014,16231500
2025-06-17,70.53836822509766,71.22915687144268,70.34378259228382,70.81079108022347,14156800
2025-06-18,72.71776580810547,73.10694453587001,70.60648104541382,70.6843182755601,23498300
2025-06-20,73.35990905761719,73.72962475242812,73.03883606258933,73.2042346031916,27677500
2025-06-23,74.92633819580078,74.94579378857591,72.79559077309378,73.09720071038451,17375700
2025-06-24,75.99658203125,76.61926498778965,75.61713483657635,75.61713483657635,16342300
2025-06-25,76.93061065673828,77.16411492241885,75.87983032672557,76.16198471661602,13954500
2025-06-26,77.79651641845703,77.93272783591657,77.04735362242963,77.29058935688815,18214800
2025-06-27,77.34896850585938,77.98138294050048,76.82357839506365,77.83544000589623,21324200
2025-06-30,77.95218658447266,78.90566645449637,77.74786946946757,78.30244661675711,21685800
2025-07-01,79.28511810302734,79.30458111868826,77.74787389926453,77.88408531702876,20967100
2025-07-02,80.13158416748047,80.1705027773105,79.05161686933596,79.70348688231593,15195100
2025-07-03,81.33802795410156,81.6785564970628,80.26779220923815,80.40400362642265,11237300
2025-07-07,80.11212158203125,81.32830030964017,79.29485304010167,80.7250804114443,18156000
2025-07-08,79.38240814208984,80.18995253562804,78.83756249004735,80.07320413759909,18303400
2025-07-09,79.57701110839844,80.28725536159823,79.25593812781793,80.19969405214876,16135400
2025-07-10,80.13158416748047,80.50129982641705,79.40187693484044,79.40187693484044,14348100
2025-07-11,80.31644439697266,80.44292430963065,79.22674560842249,79.53808705901315,12583100
2025-07-14,81.17263793945312,81.2601992498301,79.89808493530191,79.97591473687046,20194200
2025-07-15,76.72628784179688,78.88622255331715,75.61713338284855,78.56514957231468,53938000
2025-07-16,77.74787139892578,77.91326991189669,76.09386400032075,76.7554654751697,30567500
2025-07-17,77.55329132080078,78.46786018315125,76.95979545348398,77.31005555298132,21837600
2025-07-18,78.45812225341797,78.5846021700657,76.74574050967043,77.68949639925269,21236000
2025-07-21,78.10787200927734,79.25594518078998,78.0008476728931,78.56515646056151,14506600
2025-07-22,80.15103912353516,80.35535625629369,78.10786037298402,78.10786037298402,22437000
2025-07-23,81.4353256225586,81.65910577726697,80.3748213222011,80.75426849599562,19379200
2025-07-24,81.6007308959961,82.53475527166178,80.87102365660422,81.57153637112907,19031200
2025-07-25,82.0385513305664,82.17476275318845,80.9780470511569,81.84396570481088,14072400
2025-07-28,80.82237243652344,82.2136811842525,80.47211237255208,82.03855115226682,10627100
2025-07-29,80.41373443603516,81.43532005604916,79.97590566491591,81.36721434804824,12478200
2025-07-30,79.56727600097656,80.84182893398078,79.1099916110684,80.74453612022639,15579100
2025-07-31,78.4483871459961,79.71321594630899,78.1565087156693,79.14890725552536,14813900
2025-08-01,75.67550659179688,77.20302682989713,75.30579091800915,77.04735980728982,16071300
2025-08-04,75.48091125488281,76.40520403201928,74.82904129951434,76.39547252468039,13892100
2025-08-05,75.85063934326172,76.23008653920463,74.09934630574817,76.22035503026686,15765100
2025-08-06,75.51010131835938,76.68736137176886,75.46145120272007,75.80198716626424,14157000
2025-08-07,74.96525573730469,76.18143439999318,74.70255698930332,76.1619713845295,13105600
2025-08-08,76.1885757446289,76.51153489676729,74.72058774389781,75.46437042157537,14123000
2025-08-11,75.93412780761719,76.4234571760382,75.58181753160179,76.34517015168679,14408100
2025-08-12,77.78379821777344,77.86208524064361,76.48218033042339,76.5506861420432,14365200
2025-08-13,76.22772979736328,78.01867711023303,75.45458848525163,77.97952986406074,14415100
2025-08-14,77.71529388427734,77.8816640775793,76.05156955153696,76.60940473292922,16051500
2025-08-15,75.45458221435547,77.95016481777536,75.36650651771795,77.84251176639188,15380400
2025-08-18,75.78733825683594,75.94391977890247,75.26865029846876,75.34693732621506,11660900
2025-08-19,75.87540435791016,76.11028034456386,75.38607503021403,75.51330543402173,10118500
2025-08-20,76.49197387695312,76.8051443880875,74.95547242347398,75.81669692902396,12101900
2025-08-21,76.16901397705078,76.40388999156772,75.43501989843323,76.21794243568095,9102700
2025-08-22,77.41191101074219,77.61742846653397,76.46261076262716,76.66812821841893,11282600
2025-08-25,78.47864532470703,78.78202713929396,77.18681611003,77.19659732131935,12017000
2025-08-26,79.77047729492188,79.88791156703867,78.07739436169166,78.11654160792185,14936600
2025-08-27,80.73934936523438,81.43419620317661,79.506237211561,79.52581456844611,15567700
2025-08-28,80.2304458618164,81.35589742653028,80.17172126082608,81.1112327443623,13963200
2025-08-29,80.4261703491211,81.04272262747003,80.0542827399449,80.22065292300479,12041200
2025-09-02,80.03470611572266,80.07385335913642,78.72330706094093,79.96620030639187,13326000
2025-09-03,78.79181671142578,80.259804811428,78.31226855615874,79.98578156074602,11174000
2025-09-04,80.08364868164062,80.37724183174518,78.50800746971913,79.02669542148698,10822300
2025-09-05,77.27488708496094,80.26958020251807,77.02043374210358,79.89769259878274,20661400
2025-09-08,77.4510498046875,78.08717946026285,76.88342596023114,77.30424950469728,17107000
2025-09-09,79.0364761352539,79.72153421637144,77.31403478856441,77.61741658640602,17157300
2025-09-10,78.58629608154297,79.50623017624349,78.2046197883705,78.93861380855961,16460200
2025-09-11,79.51602172851562,79.65303335324504,78.07739220228333,78.48842707647154,17785800
2025-09-12,79.72154235839844,79.89770123533035,79.06584277570835,79.3692246045346,10498300
2025-09-15,79.672607421875,80.07385360157784,79.39857671714893,79.86833617296323,9563200
2025-09-16,79.65303039550781,79.86833650253726,78.37098989747115,79.81940058127665,10705900
2025-09-17,80.71977996826172,80.95465598630084,78.82117953379606,79.48666780705187,14746100
2025-09-18,81.71800231933594,81.73757220825186,80.19129712039795,80.80784941999057,13021100
2025-09-19,82.83367919921875,83.11749114365988,81.16017356812715,82.04096797043168,36482400
2025-09-22,83.34257507324219,83.46000933384065,81.9528741013852,82.08988571646542,14545000
2025-09-23,82.56944274902344,84.81057221843673,81.88437713309787,83.3327953916079,14818500
2025-09-24,82.31497955322266,83.5480915414309,81.87458614786333,82.84345611959762,9478700
2025-09-25,82.52050018310547,82.85324801927906,81.77671749039969,81.9039478983072,8514900
2025-09-26,83.19578552246094,83.81233786992598,82.75538458863677,82.88261500947607,8502600
2025-09-29,82.84346008300781,83.37193667466624,82.2464776813144,82.89238853784806,9833700
2025-09-30,82.03117370605469,83.30343303014689,80.89593347216763,82.85325091441811,11429000
2025-10-01,79.14412689208984,81.81586079758111,79.04625505484722,81.32653147765947,16961900
2025-10-02,78.78202819824219,79.32029348933168,78.33184607595535,78.97775695868913,11420000
2025-10-03,78.94839477539062,79.9466308210415,78.72330745784316,79.29092382377151,10124900
2025-10-06,78.96797180175781,79.72153570505884,77.87187138492853,78.84074139390792,12837700
2025-10-07,79.40836334228516,79.62366944286136,78.82116963762384,79.14412878848813,10371300
2025-10-08,78.02845764160156,79.59430999213615,77.84251010834112,79.52580418513067,11277400
2025-10-09,78.1850357055664,79.02668270695389,77.72506496450899,78.20461305903457,8432200
2025-10-10,75.96349334716797,78.72331066843479,75.96349334716797,77.91102213016575,16004300
2025-10-13,77.2357406616211,77.53912992744398,76.60939970838558,77.05958180186279,14229300
2025-10-14,82.75537872314453,84.22336679869647,78.67437366508777,80.75891404440507,36260600
2025-10-15,84.61483001708984,85.60327739135528,83.34257819137801,83.3523594024118,22909400
2025-10-16,82.20732879638672,85.56412835423544,81.22867012023926,85.13351614742714,22715600
2025-10-17,81.50269317626953,82.72601651877255,80.55339306783549,82.64772203287481,18799000
2025-10-20,84.1842269897461,84.30166873412995,81.31675639689732,81.83545183466207,15777200
2025-10-21,82.95111846923828,85.44669382371383,82.85325408669344,84.28209497825475,20101100
2025-10-22,82.08988952636719,83.34257894128294,81.36568417496426,83.33279026358775,18955000
2025-10-23,82.65751647949219,83.65575257792938,81.96266966844111,82.51071617483099,14157800
2025-10-24,84.56590270996094,85.02586603171156,82.95111434524352,82.99026158962998,14011400
2025-10-27,85.1530990600586,85.47605076967028,84.46803346209818,85.04544600133015,11682000
2025-10-28,85.04544067382812,85.43690563862958,83.94934026569867,85.20202217980481,13201000
2025-10-29,84.1646499633789,85.37818468616379,83.84169079363481,84.96714981552958,16444400
2025-10-30,84.15486145019531,85.39776220894899,84.04720839340331,84.24294461783127,14830000
2025-10-31,85.11394500732422,85.48583261082413,83.19577492627678,83.65574569195246,14776700
2025-11-03,85.43690490722656,86.01430993877149,84.0178453552911,85.28031593601722,12769300
2025-11-04,85.2705307006836,86.6112958211354,84.04720731337942,85.14330775637039,16737700
2025-11-05,85.09437561035156,86.41557090052746,84.0765770775338,85.51519917292137,15609400
2025-11-06,84.20379638671875,85.47604823101865,83.69488967574006,85.04544347546754,16800200
2025-11-07,84.6465072631836,84.69569296561465,82.67889902602683,83.73156913267252,15612100
2025-11-10,84.70553588867188,85.59096112562015,84.06606168944089,84.89246107920262,13138200
2025-11-11,84.7940902709961,85.64999516033953,84.6563582771746,84.71538413000361,13851500
2025-11-12,84.86294555664062,87.20439666190244,84.54812853823711,84.91213125917974,16775200
2025-11-13,83.32820892333984,85.48274242458233,83.10193817096234,84.76456959472152,15708000
2025-11-14,83.67254638671875,83.9676831297265,81.6163917996969,83.08225788904316,15397300
2025-11-17,82.06893920898438,83.67254475410756,81.2031942715586,83.31837466474477,14457100
2025-11-18,82.50181579589844,83.38724102322576,81.58687764529854,82.068939572354,14233900
2025-11-19,82.79695892333984,83.44626574406733,82.25586365120876,82.6198738802633,10959600
2025-11-20,81.06546020507812,84.64650656677486,80.98675407484025,83.68237523593511,12135800
2025-11-21,81.76396179199219,82.27553663669686,79.73732768736582,81.42946448497656,16169500
2025-11-24,83.28886413574219,83.71189272070949,81.07530476651087,81.74428439250387,27574500
2025-11-25,83.72172546386719,84.15460165967639,82.2558594905535,83.16095744012776,12966400
2025-11-26,84.17427825927734,84.99083748176986,83.75124218667048,84.03654628269183,9304300
2025-11-28,84.45957946777344,85.11872640544469,83.92832435946495,84.25298150995839,6545000
2025-12-01,84.01687622070312,85.158085135876,83.79059796280427,84.43991230699488,9794000
2025-12-02,84.9219741821289,85.38436333494667,83.89881696236469,84.30218026787126,9484000
2025-12-03,87.90289306640625,87.94224613031454,84.86294206132753,84.86294206132753,14439300
2025-12-04,88.74897003173828,89.16216596663912,87.87338495290227,87.95209108502524,13433000
2025-12-05,88.3751220703125,89.6343900883958,88.09965812958545,88.53252681965819,11210900
2025-12-08,88.60140228271484,89.54585339730721,87.70614437958437,88.37513152398274,13267300
2025-12-09,87.45035552978516,88.78832985437289,87.34213646633832,88.77848971065124,17101700
2025-12-10,89.22119903564453,89.39828407944461,86.76168870832677,87.4995418065221,22729100
2025-12-11,91.09041595458984,91.90697514050811,88.75880509409119,89.07362209873288,15505100
2025-12-12,91.25767517089844,91.90698200768696,90.62804111456956,91.61184526581219,12532800
2025-12-15,91.3954086303711,92.7333828981757,90.99204531903685,92.0643957642734,13885200
2025-12-16,90.6968994140625,91.66102319726028,89.94920622088813,91.57248443395471,12981100
2025-12-17,91.09041595458984,91.81843637631019,90.97236426899262,91.257668352235,14819000
2025-12-18,89.9984130859375,92.36937734619735,89.81148788281637,91.5233051189961,11844100
2025-12-19,91.50363159179688,91.62168329315968,90.11646405414037,90.12630419786409,37783900
2025-12-22,92.7530517578125,92.86127081209159,91.54297688662602,91.69054150079768,9512300
2025-12-23,92.93997955322266,93.14657752469391,92.50710332395144,92.7137012954227,8642100
2025-12-24,93.75653076171875,94.29761849607698,92.93997158319178,93.11705661581414,5506800
2025-12-26,93.71717834472656,93.9237762999062,93.18592324319488,93.81555725112219,5169400
2025-12-29,92.98916625976562,94.06151670133876,92.84160163985977,93.81556566038887,8624200
2025-12-30,92.78256225585938,93.34333029254596,92.4677452441376,93.19576568223076,6417800
2025-12-31,91.69054412841797,93.14657757855304,91.61184550054772,92.96949253064241,7919300
