Price,Close,High,Low,Open,Volume
Ticker,WMT,WMT,WMT,WMT,WMT
Date,,,,,
2021-01-04,45.45430374145508,45.565976459710335,44.756343039839244,44.76254491029072,32182200
2021-01-05,45.21234893798828,45.62182155071756,44.82149258948733,45.47602609770588,26498100
2021-01-06,45.494632720947266,45.94133073715977,44.982795533635006,45.00761366787439,21918900
2021-01-07,45.49152374267578,45.835853563982276,45.30230102647396,45.79242627256175,20538000
2021-01-08,45.48533248901367,45.60010793956789,45.23096345129255,45.56288250965506,24478200
2021-01-11,45.69007110595703,45.90721472470773,45.289906589259864,45.289906589259864,26264400
2021-01-12,46.211212158203125,46.50900850737899,46.009578547821285,46.2205202909969,23373300
2021-01-13,45.73969650268555,46.24222555126132,45.73349108171088,46.142960115738695,16069500
2021-01-14,45.59080123901367,45.91030943921976,45.30230949561077,45.854474846956904,23017200
2021-01-15,44.86801528930664,45.25887157412216,44.56711630019707,45.023118849160184,35920500
2021-01-19,44.48027038574219,45.001415792027196,44.256924890200494,44.868027616907455,24123600
2021-01-20,45.13788986206055,45.184419860462576,44.32515381993328,44.5422973624874,23775600
2021-01-21,44.93315124511719,45.20613290139881,44.73462042237097,45.091357491374346,14325900
2021-01-22,45.39225769042969,45.70556393186403,45.01690790266315,45.1658060238402,19219500
2021-01-25,45.3519401550293,45.367450157731994,44.75324482067395,45.09136926961439,19031100
2021-01-26,45.758323669433594,45.851387270609905,45.12550893150166,45.17513811877783,15031500
2021-01-27,44.61985397338867,45.866877285458266,44.52989312313501,45.58769370365412,29910300
2021-01-28,44.591941833496094,45.370555372179965,44.55471640495041,44.81218459403149,22301700
2021-01-29,43.58067321777344,44.59194032565423,43.537242369267965,44.41512132104736,32509200
2021-02-01,43.20221710205078,43.89087325067422,43.1774025192237,43.71095510013638,25945200
2021-02-02,43.66752243041992,44.095604141399456,43.25495072056216,43.35421614774616,27002400
2021-02-03,43.80092239379883,44.06459603405728,43.624106913275995,43.63341149645608,14966700
2021-02-04,44.21349334716797,44.41512696223428,43.81953425004537,43.98394243309673,17346300
2021-02-05,44.78116989135742,44.93317078424697,44.213494463836064,44.5019862442193,20451600
2021-02-08,44.98899841308594,45.15961198255539,44.8121794229042,44.92075298529816,15825300
2021-02-09,45.237159729003906,45.389160578746484,44.84940260415086,44.84940260415086,15906900
2021-02-10,44.709815979003906,45.258878619341935,44.52679864890345,45.23716674459129,18576900
2021-02-11,44.675697326660156,44.96418552320688,44.579531044465654,44.71291920523853,12791400
2021-02-12,44.81529235839844,44.858723213270025,44.56712872346316,44.71912961548839,13423500
2021-02-16,45.18443298339844,45.41088117139589,44.95798479540098,45.2712911356486,27891000
2021-02-17,45.662147521972656,45.75521109586997,44.824596656971,44.871126668913476,25571100
2021-02-18,42.702789306640625,43.645814500055096,42.65315658856681,43.11846376426031,96927300
2021-02-19,42.913734436035156,43.2487526471851,42.705895415679485,42.74622355545403,36606000
2021-02-22,42.712100982666016,42.913734582200895,42.26540648293233,42.72761098647544,32106600
2021-02-23,42.02344512939453,42.61903780117556,41.89626238698682,42.53218319905008,31300200
2021-02-24,41.32238006591797,42.237484465359316,41.27274734510102,42.147527155760464,46565700
2021-02-25,40.9315299987793,41.57055004605526,40.78573452464482,41.28826723124903,33324600
2021-02-26,40.301815032958984,40.8881031979086,40.283202315816304,40.78573502863026,42470700
2021-03-01,40.7515983581543,41.12384192356777,40.67714751506465,40.81674107085194,34634400
2021-03-02,40.36074447631836,41.17968612086091,40.32972447046622,40.795031658272556,29230800
2021-03-03,39.57902908325195,40.30491072535851,39.56662179065507,40.1715225674085,41837400
2021-03-04,39.56040954589844,40.19633021946541,39.17265598153793,39.6627776796935,45348000
2021-03-05,40.053646087646484,40.24907426676539,39.31845983285174,39.343277969095524,34073700
2021-03-08,39.668983459472656,40.27698329750793,39.647268038467665,40.11878058021736,40988400
2021-03-09,39.98229217529297,40.28939304820202,39.805476736346044,39.954374882304464,31988700
2021-03-10,41.00286865234375,41.27274410999873,39.85200803172732,39.97298888861456,44929200
2021-03-11,40.98735427856445,41.40923413898952,40.80123425632962,41.36890955417672,35489700
2021-03-12,41.60466766357422,41.72874768382897,40.971849620241336,41.10833693251915,28437600
2021-03-15,41.39061737060547,41.80008989942348,41.20139465654095,41.79698718935459,25071900
2021-03-16,41.37821960449219,41.654300513974626,41.201404139993585,41.201404139993585,19881000
2021-03-17,41.03388214111328,41.30065839598503,40.94081859289559,41.10212755980246,24156300
2021-03-18,40.498104095458984,41.102414701041866,40.47318590802963,40.856330667216994,29815500
2021-03-19,41.0369987487793,41.273739346291045,40.46383767741754,40.53548370254615,57703500
2021-03-22,41.23325729370117,41.25817905394034,40.80338812188026,40.806503787514515,24654000
2021-03-23,41.72230911254883,41.83444810996587,41.00274371319009,41.02766190602301,29154900
2021-03-24,41.46376037597656,41.874942621514165,41.445069949830824,41.874942621514165,23547300
2021-03-25,41.744110107421875,41.90609261422643,41.389002701166696,41.51048512522721,28125900
2021-03-26,42.09299087524414,42.11479696738208,41.560326186763824,41.74099912476198,28653600
2021-03-29,42.57270431518555,42.67861198291951,41.927900618256906,42.05249871319911,30146400
2021-03-30,42.28300857543945,42.85928546633843,42.19890343435605,42.46679361967101,27230100
2021-03-31,42.3110466003418,42.631888842335925,42.04004074579548,42.22382579263896,24546000
2021-04-01,42.24562454223633,42.6412284263037,42.15528808481251,42.345300864639846,25595100
2021-04-05,43.43244552612305,43.65984276856436,42.42630300775973,42.588281968114146,40043100
2021-04-06,43.641151428222656,43.90592595725089,43.148979661504484,43.33276471204775,31044600
2021-04-07,43.547698974609375,43.8436265915433,43.50097468714653,43.703450164320145,20361600
2021-04-08,43.519657135009766,43.958873199258726,43.504082375378054,43.75016642942625,19095600
2021-04-09,43.541465759277344,43.63802998758241,43.20816089298721,43.49473791282789,20676600
2021-04-12,43.547698974609375,43.728368358366474,43.4044104467564,43.631804117976344,18723000
2021-04-13,43.41374969482422,43.60999380604401,43.257998532911344,43.547691202378466,17397900
2021-04-14,43.39815902709961,43.44177119374484,43.11780986725975,43.335860005986966,21924600
2021-04-15,43.659828186035156,43.75639239688465,43.36078855995274,43.42308759084486,21710400
2021-04-16,43.80000686645508,43.9090337499388,43.51965762509326,43.88722766027525,26488500
2021-04-19,43.519657135009766,43.78754727847594,43.48850761574634,43.70032648563798,19281000
2021-04-20,43.85608673095703,44.16135778670549,43.24243251875634,43.429329673049956,24452100
2021-04-21,43.983795166015625,44.13954634054244,43.77509194309392,43.849850082779476,17335200
2021-04-22,43.5072021484375,44.06167291225059,43.429324778091406,43.94641825415943,19705200
2021-04-23,43.57883071899414,43.71589142483074,43.30782853634736,43.32963462086677,22971000
2021-04-26,42.95895767211914,43.609992591309805,42.87485254610565,43.58195517274938,22846200
2021-04-27,43.10536193847656,43.2829156205597,42.84681523017363,42.98699162880983,16151400
2021-04-28,42.952735900878906,43.17078614407304,42.94650813468373,43.096027995888164,14286600
2021-04-29,43.4947395324707,43.60999775551485,42.95584709403943,42.95584709403943,19596000
2021-04-30,43.58195495605469,43.606876709669606,43.33275524407486,43.5196559192682,19680000
2021-05-03,44.27037048339844,44.46350248717172,43.510312257130785,43.510312257130785,27139500
2021-05-04,43.83427047729492,44.242337012225704,43.641142036686816,44.089701519728706,19084200
2021-05-05,43.79689407348633,43.98379118821479,43.687867191727435,43.831155692652715,18351000
2021-05-06,44.109619140625,44.20656259555627,43.60926236146297,43.781261122685535,16302000
2021-05-07,43.84380340576172,44.31914411999167,43.568605396716194,44.29099659162682,23408400
2021-05-10,44.03768539428711,44.43171853791196,43.87819825963349,43.9219781294436,26307600
2021-05-11,43.64052963256836,44.05332661617793,43.255880175280836,44.05332661617793,26464200
2021-05-12,42.511592864990234,43.4622741251045,42.50221274308555,43.42787438006528,25998300
2021-05-13,43.230873107910156,43.46228769469797,42.45531823109782,42.60229737904853,21475200
2021-05-14,43.63114547729492,43.85630419406043,43.29027592302961,43.40911108197991,16091700
2021-05-17,43.43413543701172,43.9063482628795,43.396611362926684,43.78126085826147,19675800
2021-05-18,44.37855911254883,45.213529669228016,44.15965258538132,44.87891586640775,58183800
2021-05-19,44.381690979003906,44.94459148268454,43.93762208350335,44.00329368963829,34874700
2021-05-20,44.53804397583008,44.67877087136875,44.000163177168126,44.250341541255175,30540900
2021-05-21,44.32852554321289,44.74444689094145,44.28161776634136,44.56932380818762,22927500
2021-05-24,44.33165740966797,44.53805236213196,44.2065664146536,44.33165740966797,18945900
2021-05-25,44.513031005859375,44.60684655681454,44.11587349644845,44.34416015107299,21505200
2021-05-26,44.45986557006836,44.68189999264704,44.331650273356445,44.52866506942608,19294200
2021-05-27,44.30976104736328,44.93208089852668,44.30976104736328,44.82888164366785,56577000
2021-05-28,44.41607666015625,44.54741983081242,44.29411361076137,44.38480481750792,21186300
2021-06-01,44.30037307739258,44.65687497615619,44.1784100179033,44.47236822619375,20767500
2021-06-02,44.20344161987305,44.31602100899874,43.80940838968176,44.21594964559051,23298000
2021-06-03,44.281612396240234,44.35979201487848,44.01579811403666,44.2159408008174,18374400
2021-06-04,44.35979461669922,44.49739361663991,44.172159942128616,44.23783154140327,13635900
2021-06-07,44.062713623046875,44.39732745994685,43.903222878416535,44.35979980487687,16630800
2021-06-08,43.72808837890625,44.06270212851635,43.72183257841513,43.940739070772196,20120700
2021-06-09,43.49354934692383,43.78437967338229,43.47791342331316,43.57485686546598,17085300
2021-06-10,43.74372482299805,43.84066825876713,43.49354648286818,43.49354648286818,16378500
2021-06-11,44.01580047607422,44.04707232520767,43.73747457688579,43.85318185021305,25232400
2021-06-14,43.956390380859375,44.072097678617745,43.79064739815592,44.072097678617745,15140700
2021-06-15,43.7812614440918,44.06583958800647,43.67493428567656,44.0439478603718,19327200
2021-06-16,42.8900032043457,43.79377339540319,42.83371171916702,43.7343575878543,28794900
2021-06-17,43.068241119384766,43.26525946822825,42.752391191550906,42.843082404753986,19341900
2021-06-18,42.27080154418945,42.65232309095943,42.03000331002717,42.355236963287474,44812800
2021-06-21,42.655460357666016,42.76491184706072,42.32710231064759,42.42404577416405,20775000
2021-06-22,42.85246276855469,43.06824136247428,42.60228442931217,42.60228442931217,19107000
2021-06-23,42.51785659790039,42.83996238549825,42.50847647424569,42.6867274543562,19390500
2021-06-24,42.81494140625,42.91814065736374,42.561638708395634,42.58352685584367,23444100
2021-06-25,43.32154846191406,43.42474769993133,42.81806387316317,42.88373546484082,28640700
2021-06-28,43.18707275390625,43.355943565519084,42.71798796138905,43.16830893274561,15549000
2021-06-29,42.93690490722656,43.30279056200284,42.9150131807284,43.12453958575727,35962500
2021-06-30,44.10023498535156,44.58808369514656,43.37158803185744,43.643658124041245,45511200
2021-07-01,43.56859588623047,44.17215177083482,43.47165245559967,43.909465422329916,26348700
2021-07-02,43.81565475463867,44.11899668066539,43.577984423026656,43.577984423026656,26280600
2021-07-06,43.76248550415039,44.01579172637825,43.6280144323072,43.74997390391715,18279300
2021-07-07,43.6905632019043,44.15339225706374,43.58111173895897,43.706199125182195,25607400
2021-07-08,43.653038024902344,43.984523911753364,43.224608692475435,43.262136341999536,21267000
2021-07-09,43.87507629394531,44.0439471527935,43.75936901345066,43.90947604588972,15185400
2021-07-12,43.79689025878906,44.02830478592245,43.571727953654715,43.99703293942696,19515000
2021-07-13,43.96263122558594,44.15026587499737,43.762488553902614,43.77812447645079,18947700
2021-07-14,44.26597213745117,44.34415174843312,43.72808782469572,44.00328220265209,18812100
2021-07-15,44.30037307739258,44.606839308011004,44.12211854917749,44.406696635430286,17974800
2021-07-16,44.26910400390625,44.44735496444859,44.07834144141928,44.31288387421192,18095400
2021-07-19,44.16591262817383,44.71317720923017,43.709335704369245,44.222200531617226,27383100
2021-07-20,44.36605453491211,44.55368922689373,44.02518490412606,44.08460428635671,19020300
2021-07-21,44.14714431762695,44.5755736673689,44.00328951491522,44.5630656432999,18591900
2021-07-22,44.17842102050781,44.44423535005287,44.03144187975753,44.134637563205736,13013400
2021-07-23,44.54117965698242,44.63187089554587,44.09711432522001,44.25660149444544,15947400
2021-07-26,44.60371780395508,44.988370860491294,44.237832151852025,44.51928595700865,18517200
2021-07-27,44.606842041015625,44.71942498536506,44.39419133307809,44.71942498536506,15395700
2021-07-28,44.42546844482422,44.79760991194026,44.300381041390615,44.55681164996307,14071500
2021-07-29,44.481754302978516,44.672516863710825,44.412954808249935,44.606841690606146,11063100
2021-07-30,44.57870101928711,44.70691631679191,44.15652389736019,44.15652389736019,16332300
2021-08-02,44.475502014160156,44.6787726139402,44.30350326375647,44.666264589956405,19958400
2021-08-03,44.975860595703125,45.00088022352461,44.51928728159149,44.54430333057907,18915300
2021-08-04,44.66939926147461,45.0133932355895,44.63812740735819,44.8382665579364,15301500
2021-08-05,45.498111724853516,45.51374765108446,45.029026780256956,45.104082089232776,27005400
2021-08-06,45.41679763793945,45.80457499440259,45.32923431638321,45.72326747396951,19263600
2021-08-09,45.52625274658203,45.807702957336275,45.46996127289774,45.629448413419496,15811800
2021-08-10,46.49570083618164,46.58013626907072,45.73578194017991,45.960944287495494,38262000
2021-08-11,46.91162872314453,47.40260546258768,46.64581436233281,46.755265860793976,41455800
2021-08-12,46.786075592041016,47.14702889607082,46.70760467133571,46.76724271475191,18269100
2021-08-13,46.933589935302734,47.19410359031261,46.817456866056894,46.886505951767596,15981300
2021-08-16,47.3165283203125,47.62412604231813,46.77980380881559,46.980683074124265,47791500
2021-08-17,47.300819396972656,47.865791248051245,46.798621397790924,47.20665502712394,50950200
2021-08-18,46.79862594604492,47.88776818712182,46.77351424764357,47.25374360053588,28211700
2021-08-19,47.11562728881836,47.28825895019314,46.453351746455176,46.55693074328004,22630500
2021-08-20,47.53622817993164,47.620974322581255,47.00264321836191,47.23176994863502,19400400
2021-08-23,47.222354888916016,47.64294618723036,47.20979724418749,47.56133586450955,16166100
2021-08-24,46.735836029052734,47.23803753508128,46.67306218780023,47.23803753508128,18828900
2021-08-25,46.75469207763672,46.855131710233024,46.46279141590628,46.58206392861498,21921300
2021-08-26,46.24934387207031,46.53810503298159,46.03590702443567,46.28700602870863,23466900
2021-08-27,45.988834381103516,46.35606651220995,45.88211593931029,46.29956787973046,23088600
2021-08-30,46.35919952392578,46.45336030638864,45.83188980292438,45.95744110487847,16440600
2021-08-31,46.484745025634766,46.591459847376356,46.21481317251829,46.450218691305764,25078500
2021-09-01,46.38430404663086,46.43138802622937,46.00451794295903,46.315254966693246,19056600
2021-09-02,46.62913131713867,46.701323405417476,46.35606001973938,46.49102596286744,20018100
2021-09-03,46.845699310302734,46.97124700745961,46.42196864839181,46.5161330132627,17211900
2021-09-07,46.2242317199707,46.820590502238865,46.15831845649903,46.757816649790314,25345200
2021-09-08,46.283870697021484,46.5538025994066,46.05474395792873,46.123796639190395,19508400
2021-09-09,45.957435607910156,46.3309464659437,45.77538929505435,46.28386248834038,22328700
2021-09-10,45.79109191894531,46.214822658134345,45.64670773047888,46.202265012525864,15775200
2021-09-13,45.53056716918945,46.18656395626083,45.39874064799861,45.988824174474566,19529400
2021-09-14,45.292030334472656,45.787953175125395,45.172757843480326,45.66240186123728,16533900
2021-09-15,45.37049102783203,45.43326487462723,45.13194609960653,45.21983164032168,14850000
2021-09-16,45.52116012573242,45.60904568519497,45.10056879688013,45.33597436458101,18428400
2021-09-17,45.426998138427734,45.875840601630415,45.20415020461827,45.241812367513056,73032600
2021-09-20,44.80238723754883,45.5713777642531,44.45084860842677,45.04092861330743,25054500
2021-09-21,44.890262603759766,45.379906520365566,44.78040836980492,44.78982301019976,17437500
2021-09-22,44.786685943603516,45.07231486924342,44.661138241083755,45.03150971072246,15044400
2021-09-23,44.81180191040039,45.081733806949615,44.71136230201016,44.953046681200796,15585300
2021-09-24,44.93734359741211,45.10056063315664,44.723910356211725,44.72704976705353,13360500
2021-09-27,44.648590087890625,45.056623766989766,44.51989936540209,44.84319048930684,21250800
2021-09-28,44.099300384521484,44.59208371726853,43.93922635205139,44.53244568744399,20580900
2021-09-29,44.080474853515625,44.51676323194243,44.0428126932518,44.14638812398213,21375600
2021-09-30,43.74775695800781,44.485360374017475,43.7069553977025,44.14324006313808,22457700
2021-10-01,43.01643753051758,43.826229524963665,42.66175953508813,43.71009646706239,30014400
2021-10-04,42.602134704589844,43.38682243127161,42.2819829454487,43.02900491411283,29970300
2021-10-05,42.88148498535156,43.223605444126264,42.65549402872591,42.6711874959356,20597400
2021-10-06,43.19535446166992,43.24871368271062,42.72768271067309,42.76220905416978,19376700
2021-10-07,43.703826904296875,44.16208396560056,43.553167491375575,43.55944272191163,21068100
2021-10-08,43.83565902709961,43.9706249928724,43.63164037260546,43.83565902709961,13847400
2021-10-11,43.79484558105469,44.18718934953461,43.766598065373344,43.79170976198172,13048200
2021-10-12,43.74775695800781,44.071047989978815,43.650456784968796,43.73520290806793,15789300
2021-10-13,43.430755615234375,43.945507711610645,43.35542411273828,43.78543365681205,17937900
2021-10-14,43.90156555175781,43.964339407484246,43.471559611226674,43.471559611226674,19783500
2021-10-15,44.114990234375,44.28762189604286,43.92980452240483,44.13696251640626,20737200
2021-10-18,44.46967697143555,44.5732559888727,43.889011620353415,43.94237083466986,19887000
2021-10-19,45.414432525634766,45.70319725302535,45.09114146370824,45.39559965297851,33444300
2021-10-20,45.82561111450195,45.97940992118809,45.47720834327287,45.47720834327287,17453700
2021-10-21,46.07984924316406,46.1143719869862,45.76597280984122,46.007657160619345,13954500
2021-10-22,46.56007385253906,46.98380451320931,46.17086952688652,46.17086952688652,21195600
2021-10-25,47.09992599487305,47.244306529100264,46.45648343094247,46.69816771667313,19287900
2021-10-26,46.68876647949219,47.253741957842536,46.59774510696046,47.08111026234629,17418600
2021-10-27,46.305843353271484,46.77351506917543,46.26190237030206,46.75468219304458,14565600
2021-10-28,46.59459686279297,46.76094970437056,46.362330766703614,46.5600705302389,12598500
2021-10-29,46.8990592956543,47.11249253956016,46.31525459179231,46.42510882862519,22022700
2021-11-01,47.01519012451172,47.31650889879554,46.877084788297516,47.07482456042069,12549600
2021-11-02,46.993221282958984,47.13760545121265,46.85511593663057,47.071692189011074,13638900
2021-11-03,47.13760757446289,47.17213391260019,46.77665072957329,46.95556124246785,14209500
2021-11-04,47.48286819458008,47.66177871060481,47.02775056062808,47.137608399170084,15149100
2021-11-05,47.15330123901367,47.70885847067947,46.96183667289023,47.70885847067947,15081900
2021-11-08,46.85197448730469,47.24117519181731,46.682482235725274,47.150153836859864,15373200
2021-11-09,47.01519012451172,47.04030181837027,46.72642540115561,46.930443994744195,15001800
2021-11-10,46.59146499633789,46.96183648261445,46.44708441355361,46.682489958356456,16803600
2021-11-11,46.61030578613281,46.764104628348676,46.51300557738528,46.69505194033322,13603200
2021-11-12,46.378028869628906,46.84256110830234,46.30897619760935,46.76723320646494,18313800
2021-11-15,46.11124801635742,46.59461325011081,45.9511703476703,46.50044885911714,28896000
2021-11-16,44.93734359741211,46.039043322673855,44.664275918230466,45.543124169766415,73986600
2021-11-17,44.55128860473633,45.42386182097704,44.513626442254356,44.93421778867084,33116100
2021-11-18,44.9342041015625,44.97500566315736,44.21229412316208,44.61405246995863,24394200
2021-11-19,44.69252395629883,45.19786134766217,44.55127920278607,45.07858887829664,28119300
2021-11-22,45.44267654418945,45.62472643519966,44.570107199566124,44.7772651908518,29126400
2021-11-23,45.76597595214844,45.819335164997185,44.962459124318585,45.27633198718873,29907900
2021-11-24,45.9951057434082,46.158319199201976,45.71261621883745,45.740867326496634,18089400
2021-11-26,45.48035430908203,46.41569774364972,45.32969489159454,45.96371949118725,21039600
2021-11-29,44.76785659790039,45.59020991902792,44.64230888548644,45.511739006765524,33039600
2021-11-30,44.14011001586914,44.72705418109724,43.945506036507915,44.40690249169977,64818900
2021-12-01,43.04469299316406,44.16836162533611,43.01330606274635,44.102448353058136,36621300
2021-12-02,42.52051544189453,43.452722922431825,42.448326950946296,43.198484518648925,39805800
2021-12-03,43.160823822021484,43.27695689531317,42.46402538227136,42.64293231312531,44142600
2021-12-06,43.62848663330078,43.74148386428416,43.032127924012656,43.17650848537629,32589300
2021-12-07,43.48725128173828,43.88900968902469,43.34286710911754,43.81681760271432,37739100
2021-12-08,43.04783248901367,43.47156323449144,42.69001501594312,43.33345786677958,34496400
2021-12-09,43.64659118652344,43.668648334407685,42.76735634164233,43.05728016741324,32351700
2021-12-10,44.443885803222656,44.5289731600979,43.35351042110492,43.59616789238851,38575500
2021-12-13,45.24433517456055,45.301061278549184,44.12244293878085,44.19492569279978,54039300
2021-12-14,45.67607879638672,45.78322691668949,44.79684389766257,45.159254111769116,46721400
2021-12-15,45.93763732910156,46.158234029911235,45.190759876267876,45.76115852586746,33489900
2021-12-16,45.171852111816406,46.17714368791495,45.03004226251302,45.93763828133226,39069600
2021-12-17,43.72537612915039,45.36409316865595,43.611927514409686,44.98592631089834,78581100
2021-12-20,43.867191314697266,44.04051449200727,43.36297122231682,43.52684185072383,31017900
2021-12-21,43.999549865722656,44.07518107845654,43.49217770739671,43.77264901458766,24620400
2021-12-22,44.056270599365234,44.11614876323196,43.65604658220286,44.08778390394076,17028000
2021-12-23,43.95856857299805,44.169712714382236,43.75688058470219,44.05626051611654,17592600
2021-12-27,44.35879135131836,44.39346030527989,43.98378023722475,43.9932327836029,16040700
2021-12-28,44.99537658691406,45.05525113489497,44.308377278431365,44.308377278431365,15783000
2021-12-29,44.97332000732422,45.23173413721998,44.85041524223807,44.957563356053306,13045200
2021-12-30,45.1182746887207,45.28530093576735,44.90083005086127,45.14663954163505,14949000
2021-12-31,45.5972900390625,45.70759019780822,45.03949596201545,45.12773536771881,17947800
2022-01-03,45.58469009399414,45.628807998116926,45.067861812442594,45.37985001238161,20706600
2022-01-04,44.74956512451172,45.73910000032061,44.67393393002605,45.39244650673603,33930000
2022-01-05,45.354637145996094,45.99437019697045,44.98277799695353,45.0174433524569,35418000
2022-01-06,45.22858428955078,45.58153834427059,44.875630234830965,45.26009759362817,21828900
2022-01-07,45.66031265258789,45.808430201765674,45.052096626324506,45.22227132015219,19723500
2022-01-10,45.57209014892578,45.88092272226542,45.102535381678635,45.83365276163386,22731600
2022-01-11,45.44287872314453,45.575239654571256,45.121437959755724,45.44603077497056,21668700
2022-01-12,45.203365325927734,45.36723953386434,45.06470752816505,45.27900013058555,18946800
2022-01-13,45.843101501464844,45.90928015693648,45.09937603381577,45.20022004276934,24252600
2022-01-14,45.71389389038086,46.20866140071947,45.44917926122798,45.44917926122798,26867400
2022-01-18,44.913448333740234,45.60044775001629,44.79054356077316,45.50905628161174,21123900
2022-01-19,45.36094284057617,45.69183975530383,44.72436542541362,44.91974935858368,22674000
2022-01-20,44.503761291503906,45.52480590628519,44.45649134195712,44.85986734843525,22387200
2022-01-21,44.179176330566406,44.83151040494774,44.138210476316345,44.50376914508077,27508200
2022-01-24,44.18232345581055,44.2863195154491,43.27157533080558,43.82621737574499,28699200
2022-01-25,43.22115707397461,44.235901346595995,43.11400895357861,44.11614862570239,29479500
2022-01-26,42.77995300292969,43.73797092633708,42.5940216673906,43.281020911657436,26185500
2022-01-27,42.80832290649414,43.82937123621567,42.66020893959247,43.14867234973465,27759000
2022-01-28,43.3377571105957,43.35351376260437,42.212716288724216,42.858746234012614,25131900
2022-01-31,44.05942153930664,44.13190430188123,43.07934264457986,43.202247414496235,20193600
2022-02-01,44.40607452392578,44.48170573073461,43.80101044358957,43.870337547136664,20323200
2022-02-02,44.38716125488281,44.63611921111721,44.16656454747615,44.43443120508438,18149700
2022-02-03,44.4312858581543,44.74642611998262,44.046818489448974,44.20123656858087,20741100
2022-02-04,43.90815734863281,44.43443819923398,43.59932479482489,44.3997728423365,22036500
2022-02-07,43.476409912109375,44.141348429244715,43.366109763454645,44.138199984640494,20010300
2022-02-08,43.485862731933594,43.879786169442326,43.33459673781649,43.589858779101434,19458900
2022-02-09,43.391326904296875,43.737976820875616,43.3219961996879,43.64658896950278,21473700
2022-02-10,42.883949279785156,43.17702510431585,42.68856179029905,43.03206321753928,27810600
2022-02-11,42.64759826660156,43.23060150286074,42.28203606910109,43.1171529067579,23733300
2022-02-14,42.212711334228516,42.8461366048583,41.821939918638606,42.6476006489713,29363400
2022-02-15,42.34506607055664,42.754742556324125,42.162286775911795,42.46166671725191,21824400
2022-02-16,42.080352783203125,42.50578957429017,41.818790212013546,42.3324664128198,28490700
2022-02-17,43.7663459777832,43.95228097843959,42.15914570172387,42.228476418858996,53831400
2022-02-18,43.485862731933594,43.99008271232393,43.224300194934884,43.52052808098954,31103400
2022-02-22,43.000553131103516,43.56465128483439,42.83983097743972,43.4165337295562,25380900
2022-02-23,42.559364318847656,43.23375909249209,42.493185662104324,43.12976303004792,21030900
2022-02-24,42.39548873901367,42.546754737640214,41.60134134460785,42.20010123674654,31717500
2022-02-25,42.978492736816406,43.104549541119574,42.256828081093666,42.48372888625299,24997800
2022-02-28,42.594032287597656,42.88080768657767,42.15599086299521,42.54361027905684,26286600
2022-03-01,42.85559844970703,43.45435844820355,42.54991434697149,42.817781041716415,24024900
2022-03-02,42.90916442871094,43.120308595917336,42.60033191290481,42.75159792262602,23863800
2022-03-03,43.89555358886719,44.26741636645548,43.03207530815653,43.26527665549834,29885100
2022-03-04,45.00798416137695,45.045801566005345,43.359814679706815,43.429145386036794,35576400
2022-03-07,44.64557647705078,45.263248765656094,44.26110912572555,44.52897581164394,45870000
2022-03-08,43.72221755981445,44.894531758933056,43.67179556006094,44.59199976041197,28305600
2022-03-09,43.949127197265625,44.19493314305497,43.53314291082218,44.1193019314531,22122900
2022-03-10,44.94810485839844,45.06470912077776,43.80730749739918,43.95857350559465,27512700
2022-03-11,44.77163314819336,45.39560593153268,44.711754986636365,44.84411590980104,19162200
2022-03-14,45.395599365234375,45.6477093621135,44.746417475695324,44.75587002274947,22646400
2022-03-15,45.940792083740234,46.05739274019834,45.33257599673292,45.546868607728065,22872600
2022-03-16,45.80529022216797,46.30635828245287,45.28531345686727,45.817894823356255,24615900
2022-03-17,45.874881744384766,45.96662667824006,45.128279784728875,45.6977239823256,19023000
2022-03-18,46.01091003417969,46.05203794275759,45.59015632368687,45.928657837438365,31233300
2022-03-21,45.62813186645508,46.59618388699428,45.435152862798205,46.007757767182035,21350700
2022-03-22,45.492088317871094,45.862225027911705,45.232674748438214,45.74833764491797,20235000
2022-03-23,44.906829833984375,45.46994554593251,44.77079636481754,45.28329505615512,19625400
2022-03-24,45.185218811035156,45.526884556515206,44.88467735245066,45.04602111911152,13440900
2022-03-25,45.38136291503906,45.533213970380245,45.004897708959454,45.38136291503906,14085300
2022-03-28,46.188079833984375,46.20706167060975,45.33391528791842,45.39718566305956,20105700
2022-03-29,46.57719039916992,46.85242155213752,46.26715982179459,46.3778865796063,19934400
2022-03-30,47.4123649597168,47.510434731793964,46.51707280315439,46.54554373816676,24991500
2022-03-31,47.111839294433594,47.62433801852657,46.877736011699305,47.0707149990425,27163800
2022-04-01,47.773014068603516,47.855266261242924,47.08652196896418,47.345931894885155,20939700
2022-04-04,47.78251266479492,48.46584060627393,47.47881055293431,47.74138475321568,25332600
2022-04-05,47.91854476928711,48.506967141772414,47.7318906716439,47.7318906716439,18657900
2022-04-06,49.032127380371094,49.168160863232245,47.611686417665254,47.776190846106324,28018500
2022-04-07,49.52246856689453,49.838823999142114,48.85811890080162,49.06691544110882,27088200
2022-04-08,49.797698974609375,50.11405440217392,49.418069565200426,49.63951945061992,23294400
2022-04-11,48.810672760009766,50.06028068858347,48.60187619133733,49.658508764394,24712800
2022-04-12,48.475341796875,49.16183410069902,48.26021671477148,48.79486155656948,26761200
2022-04-13,49.73759460449219,49.9179202226155,48.51329704882503,48.54493223295532,29284500
2022-04-14,49.693302154541016,50.07609219684815,49.48766985348494,49.70279126086638,22360500
2022-04-18,49.31367874145508,49.97802849801012,49.10172155049963,49.58890992380737,14671800
2022-04-19,49.873626708984375,49.96853587920285,49.364292293458305,49.56359612029512,15855000
2022-04-20,50.50000762939453,50.72778599440446,50.07608969984869,50.09507153196737,19821600
2022-04-21,50.5759391784668,50.86065944317859,50.32285409645469,50.59175676981664,18168300
2022-04-22,49.62370681762695,50.73095635533766,49.56043644987626,50.69615692899183,21046200
2022-04-25,49.64901351928711,49.81668578649921,48.82965211970945,49.46869152302185,18057600
2022-04-26,49.130191802978516,50.02548057328592,49.09855661793208,49.4686933515561,19601100
2022-04-27,48.79485321044922,49.41491078592328,48.7252543570162,49.202953603534795,17496900
2022-04-28,49.41807556152344,49.6616715511668,48.75056520253014,49.10804496023458,14955900
2022-04-29,48.399410247802734,49.42124343792549,48.310829552290606,49.291538447635816,21088800
2022-05-02,48.07988739013672,49.032121659053225,47.55473535716124,49.0226289313574,20016000
2022-05-03,48.24755859375,48.80751008372952,48.016619560078425,48.222251892719015,17950500
2022-05-04,48.91507339477539,48.97834376877759,47.931203873297804,48.095708293869556,20022600
2022-05-05,48.49596405029297,48.84204754270653,48.07050511017793,48.78171929559335,23234400
2022-05-06,47.48628616333008,48.88013993891615,47.076702360002656,48.16892583554245,34258200
2022-05-09,48.04192352294922,48.610258184309814,47.05130209539418,47.14020476372851,28207200
2022-05-10,47.36564254760742,48.35308845656449,47.16878996822129,48.08003253446413,24861300
2022-05-11,46.87033462524414,47.86412837491965,46.64490397905884,47.43549366275755,27878700
2022-05-12,46.82587432861328,47.67361638926372,46.5210682761002,46.946527178596554,25244400
2022-05-13,47.00685119628906,47.11162895681946,46.40041484322337,46.898901325031,19962300
2022-05-16,47.05765914916992,47.54027061426411,46.502023722217594,47.42914134872849,21449100
2022-05-17,41.70449447631836,43.63810864902349,41.479063853321925,43.3174274924891,132940200
2022-05-18,38.87233352661133,40.72657207996941,38.58657468577573,40.65036875346002,104253000
2022-05-19,37.80551528930664,38.66913618228913,37.65628798827795,38.37702943615463,71008500
2022-05-20,37.84678649902344,38.36749591166816,37.23399867162816,37.986490176476174,49356000
2022-05-23,38.92631530761719,39.29779748841941,38.05634659660959,38.075393797123745,43680900
2022-05-24,39.412109375,39.54546161562948,38.44371412413124,38.484987914357674,34584900
2022-05-25,39.17079162597656,39.5835512036244,38.926313804020864,39.370819925824385,27121800
2022-05-26,40.005836486816406,40.132837204423375,39.497826349238274,39.783581597429084,28197600
2022-05-27,40.79325485229492,40.83770437765266,39.786758156916115,39.8439106611548,25299900
2022-05-31,40.84087371826172,41.24410602869779,40.45668860600995,40.46939158289899,36912300
2022-06-01,39.831207275390625,40.93295449967084,39.586729438057645,40.79960229138464,28534800
2022-06-02,40.48527145385742,40.49161930947733,39.47559905278651,39.86930781064796,23214300
2022-06-03,39.7899284362793,40.456689392938245,39.716900852045335,40.21855944168156,18302700
2022-06-06,39.64704895019531,40.10108227558627,39.55814627825469,39.94867925236293,19855500
2022-06-07,39.17079162597656,39.20889329268327,38.38019839289955,38.49450339301968,47707800
2022-06-08,38.8310661315918,39.34225207241329,38.71994049094934,38.84694122311215,22522800
2022-06-09,38.424652099609375,39.481949747645615,38.41512849958359,38.735809659551414,19880100
2022-06-10,38.64055252075195,38.970760888934294,37.89123674573119,38.02141682657529,25238100
2022-06-13,37.91347122192383,38.49450900641775,37.811869184939944,38.01824900385886,24897900
2022-06-14,37.92934036254883,38.10079422725748,37.51975653391982,37.82456259705189,21544200
2022-06-15,37.903934478759766,38.23096708875691,37.43402608398103,38.091267048129815,25914000
2022-06-16,38.29765701293945,38.659612004291574,37.5388138352339,37.57691550808429,30706800
2022-06-17,37.557857513427734,38.3801972665266,37.45625549424159,38.10714501934181,36838800
2022-06-21,38.7897834777832,38.98346392847982,37.535633249078614,37.56103557222778,23916600
2022-06-22,38.319881439208984,39.13269777897376,38.288131255133884,38.7675670285344,20235000
2022-06-23,39.25016784667969,39.35811771639062,38.48180124737698,38.65642721218353,18040800
2022-06-24,39.28191375732422,39.78674803211761,39.10410843399017,39.39939084705147,31845900
2022-06-27,39.4089241027832,39.605780304257166,38.986640898347744,39.3009705847628,19889100
2022-06-28,38.85329055786133,39.869310893104775,38.82788823269257,39.58037988317146,15399000
2022-06-29,38.71040725708008,39.164444251498054,38.40877693136043,39.01838907185382,19111500
2022-06-30,38.60245132446289,38.75485433568606,38.065863224365586,38.380192845324565,19166100
2022-07-01,38.93583679199219,39.02791157924893,38.46910046610759,38.716757662234066,17460900
2022-07-05,39.450199127197266,39.53275031627022,38.61198062490087,38.80248532545573,18218100
2022-07-06,39.7296028137207,40.09473712537754,39.46607415797506,39.52322302455487,21300000
2022-07-07,39.7899284362793,39.856604531945194,39.40891906083873,39.748651027736265,17487300
2022-07-08,39.81533432006836,40.19951950923486,39.73595886649383,39.94868653550371,14751000
2022-07-11,39.831207275390625,40.11061467071421,39.56767860350602,39.694679322416626,11532900
2022-07-12,39.7105598449707,40.36462526428169,39.599434200721134,39.72326282545975,13732200
2022-07-13,39.805809020996094,40.15188889067793,39.342248398030065,39.510526532574715,12689100
2022-07-14,40.58369445800781,40.7424489728878,39.41527125715743,39.421619112264786,20905500
2022-07-15,40.98057556152344,41.361581278927936,40.65671870326366,40.89484863923189,21184200
2022-07-18,40.88533020019531,41.371117408850424,40.723403553027104,40.847228530188005,14243700
2022-07-19,41.13615417480469,41.263154868968655,40.83134814852182,41.08217742635522,16995300
2022-07-20,41.479061126708984,41.69179239129819,41.117106216197776,41.4377873516523,18564900
2022-07-21,42.08551025390625,42.08868599888699,41.43462060872379,41.49177311765059,18764700
2022-07-22,41.97755432128906,42.3522122688926,41.66639673536063,42.08233209819815,13616400
2022-07-25,41.9172248840332,42.13312826904534,41.73941953149977,42.034701993052664,20535300
2022-07-26,38.72945785522461,38.95488847879964,38.11984571843715,38.45957770926609,95391600
2022-07-27,40.19316101074219,40.25031350749496,38.427825069336684,38.49450116542756,42159600
2022-07-28,41.19648361206055,41.437789319577696,40.09156072873325,40.09156072873325,33262200
2022-07-29,41.92674255371094,41.993418643086706,40.64401450207485,40.74244439772063,30141900
2022-08-01,42.08232879638672,42.61891335087598,41.59336950941706,41.6124203431399,24996300
2022-08-02,42.12678146362305,42.453814138720155,41.720373336735484,42.27600876641921,19695000
2022-08-03,41.434608459472656,42.209322863142006,41.23140444319385,41.96166933089262,32003100
2022-08-04,39.86930465698242,41.529862859759625,39.79310496054554,41.48858908398229,53106000
2022-08-05,40.18999099731445,40.263018592427215,39.72643400288186,39.85025897980756,32007000
2022-08-08,40.51702117919922,40.70752588359031,40.19951576093075,40.212215105603484,18175200
2022-08-09,40.91708755493164,40.948837738160094,40.39002288589756,40.60592994557192,19325100
2022-08-10,41.00279998779297,41.323481113585615,40.76467004320119,41.275855851382175,25251000
2022-08-11,41.398231506347656,41.573621685444344,41.00918718586072,41.35996389465378,23854500
2022-08-12,42.1635627746582,42.361272673328386,41.39822883712834,41.455626601568035,26625000
2022-08-15,42.28474807739258,42.59407127908345,41.88932456544341,41.9754248757017,26516100
2022-08-16,44.443626403808594,44.94109075297291,44.06733309199409,44.29374553449085,91773300
2022-08-17,44.491458892822266,45.511904193281424,44.134299388261304,44.188511229110745,41792100
2022-08-18,44.34795379638672,44.778455265150015,44.166188131531094,44.49464142862459,19197600
2022-08-19,43.694217681884766,44.34794182278787,43.65913965873781,44.30010915015083,22918800
2022-08-22,42.91295623779297,43.59856909058677,42.87149904927038,43.43274763529724,18667200
2022-08-23,42.7311897277832,43.03732332367344,42.479264324360756,42.925710064050776,16955100
2022-08-24,43.04051208496094,43.142556614993026,42.6036314317984,42.84279852714861,15766500
2022-08-25,43.327510833740234,43.36577844393753,43.05964121175934,43.13936600790374,19414500
2022-08-26,41.96585464477539,43.63364514869116,41.93715211194571,43.40404313305484,21331800
2022-08-29,42.37403106689453,42.6897333967797,41.64377509846373,41.7203103236724,17381700
2022-08-30,42.24647903442383,42.619579149803165,42.010501495585665,42.52072418750617,14468100
2022-08-31,42.268798828125,42.66422229313378,42.07108527092049,42.34214082489741,22460700
2022-09-01,42.88425064086914,43.094715178287146,42.22095762472806,42.26560438221053,21741900
2022-09-02,42.412296295166016,43.263730556044386,42.23372019538564,43.00224373321595,17234400
2022-09-06,42.20182800292969,42.6100060799169,41.685226255717794,42.42823677104612,21899700
2022-09-07,43.28605651855469,43.35940216806381,42.32938809657644,42.43143263093677,17058900
2022-09-08,43.506080627441406,43.64639274489739,43.01180229045754,43.1776237114148,16956000
2022-09-09,43.63682174682617,43.84728624505003,43.410409374328616,43.46462119866174,16140600
2022-09-12,44.02907180786133,44.08646957888634,43.678291432039615,43.71336946962179,14284500
2022-09-13,43.12023162841797,43.990799677108996,42.98948821961899,43.643208913014,17687400
2022-09-14,43.024559020996094,43.53797118511193,42.76307222517548,43.250971435157695,19934700
2022-09-15,42.56218338012695,43.09791540714611,42.40273741287564,43.06602694357599,20189400
2022-09-16,42.4728889465332,42.906576383949265,41.86380767945278,42.093409701743894,41874300
2022-09-19,42.8364143371582,42.97353322526672,42.24327743341676,42.354890668290494,16853100
2022-09-20,42.587677001953125,42.69291108260679,42.26559925926726,42.565353625917666,13963500
2022-09-21,42.976722717285156,43.83134639367229,42.92889003788876,43.190380461081695,24903600
2022-09-22,42.536659240722656,42.96078153378433,42.36126908777994,42.91294885099989,16744500
2022-09-23,41.474761962890625,42.4696979437233,41.06339427176558,42.370842990677794,27195300
2022-09-26,41.87337112426758,42.138047499818775,40.903948190077834,41.05701496916042,23011200
2022-09-27,41.758575439453125,42.54941870605446,41.55129680787368,42.16675355109257,17171700
2022-09-28,42.4473762512207,42.61957685665368,41.366343577491925,41.90526512639857,16838400
2022-09-29,42.173126220703125,42.769452768112494,41.97541632968179,42.571739227691225,15241500
2022-09-30,41.359954833984375,42.20819936077315,41.359954833984375,42.16993540686202,19602300
2022-10-03,42.262420654296875,42.345331380436285,41.458819051822054,41.53216469969168,17574900
2022-10-04,42.8109130859375,43.11385712156582,42.53029243326512,42.68654516575515,16134300
2022-10-05,42.38677978515625,42.92889079332075,42.256032746559235,42.654645714009376,14553900
2022-10-06,41.99135971069336,42.884251076617666,41.95947125468176,42.43780539365551,14200500
2022-10-07,40.996429443359375,41.98179673685855,40.840173067971406,41.87337670144268,17080500
2022-10-10,41.23878860473633,41.43331260405512,40.90714202788148,41.30575510544923,11411700
2022-10-11,42.30706024169922,42.66740564982733,41.28342543034947,41.29936965907017,21276000
2022-10-12,41.8287239074707,42.976726562701195,41.7649469959023,42.41548171221958,16947600
2022-10-13,42.18269729614258,42.39316185166496,40.93583959462302,41.2260289456222,20545500
2022-10-14,41.5927619934082,42.48246411073818,41.471583626401866,42.23373187282068,16641000
2022-10-17,41.89251708984375,42.35809671324289,41.643781220747925,41.76177000245715,17812500
2022-10-18,42.77583312988281,43.0819667278334,42.51753222234944,42.54942068262758,16842300
2022-10-19,42.6546516418457,42.96397479286578,42.402729904728346,42.83642096117095,11339400
2022-10-20,42.759883880615234,43.17762704050489,42.619571752340875,42.724805848546644,12754800
2022-10-21,43.62406921386719,43.81859316232885,42.73118155466847,42.98948241105869,18134700
2022-10-24,44.45637130737305,44.797582859502214,43.72930144993552,43.83134595806014,18806700
2022-10-25,44.666839599609375,44.78482834401304,44.10878433290014,44.354330547940094,15051300
2022-10-26,45.00806427001953,45.295067750068824,44.587131428361864,44.7593320566311,20754300
2022-10-27,44.87731170654297,45.31419234102409,44.73699957139866,44.96660157885299,16602900
2022-10-28,45.4449348449707,45.56929909919246,44.65727753769939,44.660467113325595,13648200
2022-10-31,45.38752746582031,45.62350493954042,45.208951397626535,45.39071704102725,22572000
2022-11-01,45.183448791503906,45.77658218682716,45.12286144629685,45.591626925868326,14814300
2022-11-02,44.88369369506836,45.78296067819121,44.8677494650123,45.01443711140811,15522000
2022-11-03,44.874122619628906,45.18982492714227,44.351145332231184,44.48826789317938,10976400
2022-11-04,44.953853607177734,45.3492734658663,44.25867197950772,45.291875692521515,14669400
2022-11-07,45.425804138183594,45.59162558805327,45.04632489958927,45.04632489958927,11364000
2022-11-08,45.53422927856445,45.942407414022206,45.12604749370631,45.46726278130344,15068400
2022-11-09,44.47550582885742,45.65220726648206,44.39259147143928,45.524649804561456,15932100
2022-11-10,45.3971061706543,45.50233662981839,44.80396913136387,45.4449388610744,20310600
2022-11-11,45.46725845336914,45.63945904404901,44.64133353323421,45.495957335349104,19270800
2022-11-14,44.131103515625,45.703228298934086,44.09283591313242,45.167492812236254,37525800
2022-11-15,47.017059326171875,47.919515799481445,46.09546904873207,46.43349107309962,76548600
2022-11-16,47.35508728027344,47.89719841737921,46.915020678373466,47.157373712436915,32593200
2022-11-17,47.19563293457031,47.4284244980833,46.78426529089645,46.87993430651816,24791400
2022-11-18,47.906761169433594,47.90995074502349,47.44118166710853,47.728181430399324,18987000
2022-11-21,48.20013427734375,48.5158365574146,47.89400072361434,48.027937346595806,21157200
2022-11-22,48.37234115600586,48.61469782994862,48.19057547524894,48.471199760740625,16898400
2022-11-23,48.605125427246094,48.908069399322464,48.4329248506259,48.496701760663086,16920600
2022-11-25,48.812408447265625,48.81878394920589,48.4265500779768,48.5094644478009,8777400
2022-11-28,48.95272445678711,49.31306992550418,48.7008026811214,48.7008026811214,17674800
2022-11-29,48.780517578125,49.01649507445202,48.646580952398956,48.79964773240025,13841700
2022-11-30,48.605125427246094,48.71673501981117,48.21608116685963,48.66571276190147,31338000
2022-12-01,48.908077239990234,48.98461246382435,48.06620802481664,48.487144457103604,22732200
2022-12-02,48.86024475097656,48.866623902789115,48.30537532409555,48.30537532409555,20733000
2022-12-05,48.35958480834961,48.79008629969756,47.99604981016687,48.710365152929484,23608200
2022-12-06,47.79833221435547,48.44248773513959,47.58148854040231,48.21607898487362,20625600
2022-12-07,47.54961013793945,48.219275103379,47.45713068350238,47.99286630525437,17550300
2022-12-08,47.62322998046875,47.783273341395436,47.41837154795641,47.74486513266766,13512600
2022-12-09,46.51251220703125,47.28393291668356,46.483701471990884,47.2039075743197,27929400
2022-12-12,47.379947662353516,47.40555679150294,46.59252280414991,46.70135152935377,19432200
2022-12-13,47.21030807495117,48.07775475005983,46.9702393878994,48.01373741035468,23408100
2022-12-14,46.947837829589844,47.54320722357694,46.7205718489196,47.08227572534584,20334600
2022-12-15,46.52851486206055,46.867811165427185,45.9747553377479,46.598935402481175,17514000
2022-12-16,45.693077087402344,46.32366040548193,45.63546294078643,46.24683665911692,40343100
2022-12-19,45.70907974243164,45.95235004609396,45.36658182266323,45.77629868644916,15067500
2022-12-20,46.10919189453125,46.29804597573612,45.53302851529762,45.7474880669248,17009400
2022-12-21,46.47089767456055,46.71416796958034,46.176412773386986,46.19561870858934,13726500
2022-12-22,45.9267463684082,46.40688379481483,45.43060460533188,46.33966484817053,13082400
2022-12-23,46.01955795288086,46.029162750098465,45.54262225946463,45.789094103854076,9547500
2022-12-27,46.03237533569336,46.237233767346986,45.833916440555335,46.10599381614796,10044600
2022-12-28,45.22574234008789,45.98755822533895,45.10410719379179,45.92354088407496,15246300
2022-12-29,45.50101089477539,45.77949141641045,45.37297623122815,45.49781295871231,9171900
2022-12-30,45.38578796386719,45.44980897149164,45.07210077808557,45.31216948299354,11505900
2023-01-03,45.96515655517578,46.00036316403107,45.48181754653778,45.62905817112818,17249700
2023-01-04,46.01636505126953,46.109193126134095,45.475411926785476,45.9075363043317,13338300
2023-01-05,45.859519958496094,46.13479523704762,45.661061087668436,45.9203356953121,13274400
2023-01-06,46.983036041259766,47.22950789563928,46.17000567541017,46.285237604594165,21231900
2023-01-09,46.39726638793945,47.3287339142822,46.349253390976365,46.83579388511213,17756700
2023-01-10,46.368465423583984,46.557319500347155,46.006761604484524,46.39407089340407,11970600
2023-01-11,46.774986267089844,46.790990603439866,46.326857522973555,46.650153176191196,14834700
2023-01-12,46.35246658325195,46.86781427182742,46.2180286928684,46.8646126719311,12472800
2023-01-13,46.506103515625,46.67575165340336,46.0483737035656,46.582923585959904,13699800
2023-01-17,46.22442626953125,46.64054632262322,46.15720732718964,46.50610843794,15122400
2023-01-18,45.08169937133789,46.17321041818363,44.96646742516671,46.157206082969786,22674300
2023-01-19,44.438323974609375,45.302569200557485,44.42551757391292,45.257757787594166,17342100
2023-01-20,44.98567199707031,45.06249207113775,44.22705407618329,44.62076657156711,29543100
2023-01-23,45.657859802246094,45.776293340405445,44.87683803765623,44.96006130799869,13149900
2023-01-24,45.77949523925781,46.909418089939415,45.132911342774,46.909418089939415,13669200
2023-01-25,45.56184005737305,45.721887084272666,44.937659949306536,45.52983138462468,12491700
2023-01-26,45.520225524902344,46.013169330590095,45.37618650088885,45.78270176374772,15819000
2023-01-27,45.86912155151367,46.24362810079579,45.37297986422819,45.64505720920823,18412800
2023-01-30,45.50101089477539,45.59704055559283,45.219332437077256,45.49140976027215,15897600
2023-01-31,46.05158233642578,46.05478027317868,45.34417894563276,45.55543691868701,14103600
2023-02-01,46.30765151977539,46.60853963640489,45.67707187691732,45.984359530182914,12849300
2023-02-02,45.971553802490234,46.36846791125478,45.75389264471259,46.22442523052754,17806800
2023-02-03,45.36017990112305,46.08038597472073,45.08810253951826,45.88833028912984,17155500
2023-02-06,45.03048324584961,45.485015142156406,44.822423231935964,45.39538867009004,17454000
2023-02-07,45.12651062011719,45.22893983039201,44.39350181303535,44.73920131350224,16341300
2023-02-08,44.88323974609375,45.16491821611747,44.80961761343835,44.91845001274136,11691300
2023-02-09,45.29935836791992,45.43379624256819,44.99527235020052,45.091302020061676,13064400
2023-02-10,46.00355911254883,46.073979647924,45.50741742862516,45.80190230478753,15002700
2023-02-13,46.704559326171875,46.77178192542587,46.256430643422256,46.32045164321312,16015800
2023-02-14,46.57012939453125,47.09507823811738,46.27244653053359,46.64695314211639,13831200
2023-02-15,46.91582489013672,46.925429689336276,46.27244254375481,46.40047722782152,14674200
2023-02-16,46.17961883544922,46.73017682059202,46.15081176144084,46.56692818717603,16312200
2023-02-17,46.874210357666016,46.95423569655178,46.275639431640634,46.448489181739674,24770700
2023-02-21,47.15909957885742,47.482391582031916,45.501022425734206,45.734691606976035,54393900
2023-02-22,46.170013427734375,47.2359153621848,45.6962755714877,46.97984233035859,29844000
2023-02-23,45.4818115234375,46.211618676361375,45.04008238184852,46.211618676361375,22021200
2023-02-24,45.60343933105469,45.68986418582972,44.66236706210138,45.081688603494925,20623500
2023-02-27,45.27375030517578,45.801900638113565,45.02407684099325,45.68026550536054,16647300
2023-02-28,45.4946174621582,45.66106401235963,45.11690929297671,45.13291362806694,18054000
2023-03-01,44.86083221435547,45.22253601575999,44.611162411615695,45.152115482463785,14180100
2023-03-02,44.972877502441406,45.04970126000041,44.65278705998179,44.76161949547092,14785500
2023-03-03,45.02728271484375,45.19372926466172,44.73920102072574,45.145716259501626,16888800
2023-03-06,45.02088165283203,45.12651246709332,44.819224823691926,44.97286864539262,16720800
2023-03-07,44.57276153564453,45.35058186673115,44.425517234026536,45.19053849083081,17387400
2023-03-08,44.204647064208984,44.467123285282966,43.942170843135,44.3518913412426,19090800
2023-03-09,43.90696334838867,44.486332031133735,43.8269416687422,44.43831902334585,15415800
2023-03-10,43.84294128417969,44.2622628993265,43.56126280425732,43.858945618385825,20065200
2023-03-13,43.97098159790039,44.33268542827277,43.718110175548624,43.750118845399996,28142100
2023-03-14,44.204647064208984,44.25906326819282,43.85254803285775,44.073410785250715,25542600
2023-03-15,44.69758605957031,44.75200226219818,43.75971886938476,43.81733667154793,33133500
2023-03-16,44.44367599487305,44.88399721240739,44.31511288076186,44.8132880513719,28905600
2023-03-17,44.803653717041016,44.8325788584651,44.221914097555654,44.414753277944996,43081200
2023-03-20,45.285762786865234,45.61359457020482,44.93543162600892,45.02864018014515,33928500
2023-03-21,45.131492614746094,45.44325448848227,44.845441164528275,45.44325448848227,19013400
2023-03-22,44.842220306396484,45.38860530739182,44.82293565389212,45.20219190407811,18548400
2023-03-23,45.205406188964844,45.51395697298677,44.832579355605326,45.06077680206907,22044300
2023-03-24,45.575016021728516,45.790358230179024,45.189334028910984,45.32110818871606,22752300
2023-03-27,46.33675003051758,46.59708734509166,45.889999296144836,45.89321401820841,26775600
2023-03-28,46.156761169433594,46.413883755219004,45.976777198469605,46.16961637917996,21282900
2023-03-29,46.35603713989258,46.590660368556165,46.10534030005981,46.40103221665061,24216900
2023-03-30,46.818851470947266,47.11775806916777,46.609938692189765,46.76421223491003,21879000
2023-03-31,47.39094924926758,47.70913681305268,47.07597272901866,47.111327311458254,20868000
2023-04-03,47.78949737548828,47.873065446276414,47.40703000291951,47.48095022821129,19766700
2023-04-04,47.32024002075195,47.82162993947573,47.25274557767099,47.73806188787903,18113700
2023-04-05,48.10447311401367,48.17196757139704,47.29132122485685,47.30096539200994,26540700
2023-04-06,48.46765899658203,48.544797620314355,47.73486046198509,47.824850618776765,17891700
2023-04-10,48.37443923950195,48.570496797619874,48.13660133501213,48.32622944991691,14519100
2023-04-11,48.233028411865234,48.531931337864954,48.08839535348562,48.531931337864954,18370500
2023-04-12,47.99840545654297,48.52229481759774,47.94376621495071,48.14303852674767,11209800
2023-04-13,48.0466194152832,48.21053346353676,47.632008533243045,48.09804025709688,13272600
2023-04-14,47.72199249267578,48.175172625448035,47.61592874431025,47.89876540661834,10464900
2023-04-17,48.056251525878906,48.10446131530361,47.72841980835126,47.77341487618009,16166700
2023-04-18,48.162315368652344,48.31980362363416,48.030537530148166,48.139815995606035,13482300
2023-04-19,48.2137451171875,48.663710557965906,48.136606503032766,48.48050818843421,12433500
2023-04-20,48.52229309082031,48.6572819898492,48.08197180797165,48.27802571249584,13641600
2023-04-21,48.76655197143555,48.9497506341702,48.58977907342869,48.84047217391669,25335000
2023-04-24,49.097599029541016,49.15866770793022,48.76012681113413,48.76012681113413,13579500
2023-04-25,48.71513366699219,49.4157922271839,48.637995055066476,49.26794812522157,17246700
2023-04-26,48.50300598144531,48.66370897024346,48.28123799024331,48.525505356201634,12910200
2023-04-27,48.65406799316406,48.83405564666689,48.46122512960295,48.46122512960295,12861000
2023-04-28,48.52229309082031,48.907975134021186,48.26838522463876,48.62514212609676,14088600
2023-05-01,48.721561431884766,49.02689749208716,48.50943759672724,48.544792182282094,11409600
2023-05-02,48.58978271484375,48.68941701821586,48.03696828559037,48.682991253006506,11329500
2023-05-03,48.4098014831543,48.8854773312823,48.29730828669311,48.71191913195528,12334500
2023-05-04,48.5452995300293,48.71306685098577,48.2291301822121,48.57111130715482,14011200
2023-05-05,48.9647102355957,49.04213817942944,48.338818049305296,48.49045069559341,14556000
2023-05-08,49.27120590209961,49.34541060973538,48.735649356339216,48.803400196478364,14926200
2023-05-09,49.35508346557617,49.419611058550096,49.14860402920415,49.27120165606799,15209700
2023-05-10,49.21635818481445,49.79708440790807,48.79049524159417,49.58415109022603,15827700
2023-05-11,49.40026092529297,49.448653858532616,49.03892185476848,49.21636260998052,11926800
2023-05-12,49.384132385253906,49.7067556482544,49.2679849091725,49.55512297309427,16119300
2023-05-15,49.00020217895508,49.63577151334698,48.83888872202781,49.52285467799859,16113900
2023-05-16,48.32268524169922,48.887276746077355,48.25493440885958,48.6678932726987,15512100
2023-05-17,48.242027282714844,48.764676003752406,47.97747414293013,48.76145276270134,26985900
2023-05-18,48.867923736572266,49.777723294413995,48.37753322758321,48.974386696417916,46768500
2023-05-19,48.36463165283203,48.86469929562639,48.10653234339442,48.845341385900596,27594000
2023-05-22,47.93876266479492,48.41947606635845,47.84197681307113,48.29687843888883,16117800
2023-05-23,47.84843063354492,48.02587136153278,47.45160273443327,47.75164108977161,16302300
2023-05-24,47.62904739379883,47.9226355985479,47.19995750872617,47.91295848944359,20515200
2023-05-25,47.1547966003418,47.567755553366766,46.80958849478847,47.3870841653462,21299100
2023-05-26,47.238670349121094,47.367718153804205,46.93217812085506,47.006379131690395,15720900
2023-05-30,47.122528076171875,47.51935599554728,46.97411866552223,47.19995602300076,15742500
2023-05-31,47.383846282958984,47.52579811009352,46.78376225912943,46.91603697910554,30130800
2023-06-01,47.558074951171875,47.716161493318936,47.08381901687498,47.170927777154205,20239200
2023-06-02,48.012969970703125,48.074266941690986,47.458055529576,47.49677134922295,19178100
2023-06-05,48.32914733886719,48.79695307375331,48.190418716162036,48.190418716162036,15553200
2023-06-06,48.32268524169922,48.45495997397785,47.91295331126075,48.296877158781015,15015600
2023-06-07,48.393672943115234,48.509816724378325,48.08395373165084,48.15170457839966,24256500
2023-06-08,49.09375762939453,49.17764313171737,48.325913603797105,48.51948899998038,18873000
2023-06-09,49.39057540893555,49.5938316165715,48.90986567211359,49.090537036202484,15603900
2023-06-12,49.7164306640625,49.78095457072366,49.416388590657895,49.50027040774618,14713500
2023-06-13,50.103580474853516,50.17133131889866,49.70675252024162,49.85193501013499,15738900
2023-06-14,50.6100959777832,50.75850169171863,50.203587269983615,50.300376815718586,21103200
2023-06-15,50.88755798339844,51.04886775458297,50.64558963447764,50.65203981003862,18160500
2023-06-16,50.17778396606445,51.02305972124219,50.09712538824411,51.00047487639521,34675800
2023-06-20,49.73578643798828,50.15197229482926,49.64545075055079,49.91000394513772,19994400
2023-06-21,49.83257293701172,50.11648033307572,49.47768407675199,49.75191436396517,19251000
2023-06-22,50.24876022338867,50.35522688454956,49.83902455539278,50.00033801401327,13307400
2023-06-23,50.15519714355469,50.42297726087177,50.013241596646544,50.290698823005606,18975000
2023-06-26,50.02292251586914,50.25843698859967,49.78740435099474,50.216494234316436,14106300
2023-06-27,49.84225082397461,50.281021505651836,49.70352221136983,49.73255723051935,12093600
2023-06-28,50.11325454711914,50.22617137464981,49.89064044127165,49.919679150637265,18889800
2023-06-29,49.77450180053711,49.9261344613913,49.40670887860109,49.848706510119705,21530400
2023-06-30,50.71010971069336,50.823026541989194,49.93581179109076,49.99710876107975,19073100
2023-07-03,51.03919219970703,51.11662015380509,50.43588477595591,50.590744376296136,8647500
2023-07-05,51.010154724121094,51.33600488673325,50.7617325118816,51.02628570095473,17585400
2023-07-06,50.687522888183594,51.03273092795139,50.61009494531883,50.95207605160401,14427000
2023-07-07,49.51963424682617,50.4229838168099,49.5067302023778,50.26812420699648,19774800
2023-07-10,49.968074798583984,50.168100380820114,49.787403434121074,49.864835073789116,12967800
2023-07-11,49.89386749267578,50.17132470012195,49.63899512764655,49.93258331049236,11460900
2023-07-12,50.01969528198242,50.293925573614395,49.94871750878678,50.10680403161854,16509900
2023-07-13,49.726112365722656,50.20037198462835,49.58415680424251,50.14552518204336,11859600
2023-07-14,49.8970947265625,49.900321660090576,49.5486597484029,49.7228772374827,10427400
2023-07-17,49.95840072631836,50.00033979023457,49.62609668814152,49.813218239188046,10135200
2023-07-18,49.86806106567383,50.21971929478415,49.63899677681632,49.90032301754496,13437300
2023-07-19,49.88419723510742,50.07131879072765,49.60351305560502,49.9422672776637,12372900
2023-07-20,50.8068962097168,50.82948105311956,49.97452455104553,49.98420535199405,14987700
2023-07-21,51.094032287597656,51.22630702504803,50.79399023604558,50.9423959489864,16960500
2023-07-24,51.394073486328125,51.45214721658825,50.83270886238891,51.11984319569678,12529800
2023-07-25,51.352134704589844,51.78445151983331,51.06499667757253,51.768320543363735,15553800
2023-07-26,51.53602981567383,51.842522063727834,51.27793049750037,51.37472004940534,15094200
2023-07-27,51.34890365600586,51.826386428672116,51.339222855613585,51.645718768262,13400400
2023-07-28,51.59086990356445,51.92317388629093,51.390844342547716,51.390844342547716,11020200
2023-07-31,51.57474136352539,51.82638679334201,51.26824914086393,51.60700331410622,13033200
2023-08-01,51.33277893066406,51.765095763898834,51.28438599924142,51.60378230034604,11782500
2023-08-02,51.36825942993164,51.758633443562346,51.14564902802646,51.14564902802646,12660000
2023-08-03,51.38117218017578,51.458603824646566,51.139203829420616,51.303744227849016,13202700
2023-08-04,51.0843505859375,51.70056565366264,50.96175295908645,51.542479142929885,14262000
2023-08-07,51.77799987792969,52.01029111807735,51.33277900080268,51.45860357638866,14268900
2023-08-08,51.82962417602539,52.14257032875248,51.46183121939599,51.939317783830035,11017500
2023-08-09,51.91350173950195,52.2974256431443,51.848977830630844,51.91350173950195,13209600
2023-08-10,51.88759994506836,52.370022318279155,51.813135145535206,52.05920208771548,15169500
2023-08-11,52.19194412231445,52.39591919236397,51.835797351050346,51.98149224168462,14195100
2023-08-14,51.80340576171875,52.70348956305966,51.5379158698462,52.450949584268315,20813700
2023-08-15,51.537925720214844,52.059197800364515,51.45374200592608,51.654482370759816,14559300
2023-08-16,51.5638313293457,52.11748011306016,51.27567622326568,51.764568011403995,26980800
2023-08-17,50.407962799072266,52.17251568695241,50.19103411496753,52.09480878361068,53614200
2023-08-18,51.13321304321289,51.696573305564634,50.28493239166993,50.28493239166993,27954900
2023-08-21,50.99723434448242,51.42784966794114,50.845062625034096,51.03608409681181,15679200
2023-08-22,50.83534622192383,50.932479863655146,50.58604456956418,50.82239630478284,16670700
2023-08-23,51.18825149536133,51.2853814188596,50.67345252606711,50.70583287250227,14210400
2023-08-24,50.79649353027344,51.554121126110005,50.77383210125281,51.19797060984717,14033100
2023-08-25,51.09760284423828,51.16883294829653,50.68317584264093,50.89038934343961,12267000
2023-08-28,51.38898849487305,51.42460354144671,51.11054493266777,51.11054493266777,11871000
2023-08-29,51.81960678100586,51.87788696205908,51.43432176184018,51.4796483213687,12702300
2023-08-30,52.19194412231445,52.22108235938747,51.77751717163511,51.932927278139864,10967700
2023-08-31,52.64847183227539,52.77150531721771,52.11424602715618,52.16605311001911,19582800
2023-09-01,52.31174087524414,52.7617828881511,51.85198364615208,52.732644650134475,12553500
2023-09-05,51.89083480834961,52.70997718945308,51.86169657162001,52.402395385358716,15209400
2023-09-06,52.279361724853516,52.506001923136324,51.774277960259525,51.9329264695844,14594700
2023-09-07,52.92690658569336,52.93014128571943,52.285839432187345,52.45096104955487,19120800
2023-09-08,53.0240364074707,53.05317464453191,52.79739620575115,52.930141180440195,12667200
2023-09-11,53.208587646484375,53.25391791245659,52.988424243361635,53.09850779755771,11912100
2023-09-12,53.26686477661133,53.39960975091721,53.11145467061816,53.260387966052335,11757300
2023-09-13,53.27981185913086,53.69747719151476,53.21829698316842,53.39960691121744,14364300
2023-09-14,53.50321578979492,53.661864298996534,53.231249034174525,53.42227418521008,14923800
2023-09-15,53.305721282958984,53.635968240270785,53.024039291814034,53.490269636500805,63925200
2023-09-18,52.91071701049805,53.487030905874995,52.85567893900517,53.318670875412295,12997800
2023-09-19,52.897762298583984,53.02727256777038,52.564280673335396,52.897762298583984,14019600
2023-09-20,53.069358825683594,53.328375649546885,52.76177704208385,52.96899050117449,10120800
2023-09-21,52.4250602722168,53.26039102945211,52.3829721169701,53.182687824620835,18782400
2023-09-22,52.56428146362305,52.84919813168626,52.4250559768882,52.52542801175607,13215000
2023-09-25,52.79739761352539,52.81034752975686,52.408874189696114,52.57075740576277,10459500
2023-09-26,52.61284637451172,52.949566409646145,52.56428141235992,52.75530285576984,14435700
2023-09-27,52.36030578613281,52.52543111368449,51.89731385739456,52.45096261075319,15711000
2023-09-28,52.62580108642578,52.71969631935896,52.318219259495145,52.45096424252913,11617200
2023-09-29,51.78075408935547,52.816821436289445,51.54116027326652,52.78444479485639,18842400
2023-10-02,51.8358039855957,51.89084206149598,51.25625163836332,51.63830199557871,12992700
2023-10-03,51.5087890625,52.046249518546084,51.37604407757513,51.70305263684896,11253300
2023-10-04,52.127197265625,52.14338558880284,51.48289162839188,51.69010512928397,15755700
2023-10-05,51.50555419921875,52.11424104883915,51.47965066026177,51.9491194195903,14269500
2023-10-06,50.64107131958008,51.47640192532832,49.09992036634161,51.366318391072454,42616200
2023-10-09,50.45653533935547,50.45977374502595,49.62120452931472,50.21046838217406,21022500
2023-10-10,51.026371002197266,51.18178112250293,50.39825370981913,50.582805775054915,16014300
2023-10-11,51.230342864990234,51.63829672090203,50.84505784669543,51.240058081111805,12026100
2023-10-12,51.46345901489258,51.5800156694992,51.08140870314993,51.327475633639985,13514100
2023-10-13,51.74837875366211,51.952353822998575,51.44727005230647,51.56382670546028,13809000
2023-10-16,52.195186614990234,52.47686861298514,51.90702780590781,51.97825790679248,14348100
2023-10-17,52.2631721496582,52.35706366774244,51.929686818082224,52.04300876713859,10893000
2023-10-18,52.30202865600586,52.56751861049375,52.03653499624868,52.41210850106086,10559100
2023-10-19,52.0527229309082,52.392681384869626,51.87464769060972,52.26641321926638,11745900
2023-10-20,51.40194320678711,52.15957076583645,51.38575488458571,52.07215234384112,15056700
2023-10-23,52.13042449951172,52.24050804556973,51.1623488321076,51.3922274346315,17097000
2023-10-24,52.855682373046875,52.93014717678026,52.2534649002506,52.25670330590632,17535000
2023-10-25,52.6970329284668,53.205355154770366,52.60313769242922,52.82653951029014,16621800
2023-10-26,52.37649917602539,53.04994676242622,52.32469580055376,52.68084632271475,16220100
2023-10-27,52.18222427368164,52.441244800129475,51.98148762674378,52.28259630241945,13829700
2023-10-30,52.78120803833008,52.85891123914271,52.0591992781208,52.27612426460572,12653700
2023-10-31,52.9074821472168,52.97547384028133,52.434774995931,52.77473346125368,14168400
2023-11-01,53.38018798828125,53.545309608736666,52.768259060450895,53.16649769802668,14899500
2023-11-02,53.59063720703125,53.807565906847906,52.97870826733561,53.22153679996268,15492300
2023-11-03,53.31219482421875,53.84318216673596,53.26039145216362,53.70719507298047,17240100
2023-11-06,53.3834228515625,53.626251380223465,53.12116759597634,53.26038938454914,14529000
2023-11-07,53.63272476196289,53.94354496235519,53.52911802849879,53.67157821332919,15023400
2023-11-08,53.195640563964844,53.83670778523516,52.962527231831785,53.6942475793374,15591900
2023-11-09,53.072601318359375,53.26686487753621,52.8556763327215,53.2182999140593,15080100
2023-11-10,53.80756378173828,53.888505387660764,53.066124591465375,53.27657647213303,14319900
2023-11-13,54.289981842041016,54.3515004260997,53.762232943369305,53.86907808520609,15408900
2023-11-14,54.280269622802734,54.76592669049387,54.150763047562094,54.448633357992684,19792500
2023-11-15,54.969913482666016,55.0217168613626,54.234950963193924,54.51663299275344,35769900
2023-11-16,50.52128219604492,51.625344957050025,50.346445364807025,51.398704757492354,97658700
2023-11-17,50.297882080078125,51.00694093919418,50.187798529249406,50.49214564407674,42487800
2023-11-20,50.28169250488281,50.511571111637615,50.18779727795589,50.35939941065257,26663100
2023-11-21,50.4630012512207,50.78353294324346,49.902875759837585,50.33349098926189,29382300
2023-11-22,50.07772445678711,50.52452811180417,49.983829216694666,50.417682954024066,26416500
2023-11-24,50.52775955200195,50.55042097851393,50.08742906389595,50.23312765992338,13975200
2023-11-27,50.75763702392578,50.948662173973425,50.49214337488371,50.49214337488371,23393700
2023-11-28,51.36309051513672,51.45374363216513,50.722023358974255,50.722023358974255,23535000
2023-11-29,50.53423309326172,51.40517509197995,50.38205769649348,51.40517509197995,29896500
2023-11-30,50.407962799072266,50.62165307799292,50.02591250327,50.51480793853259,29925900
2023-12-01,49.97086715698242,50.38205565949468,49.41721847871195,50.307587166663104,39273600
2023-12-04,49.95792770385742,50.16190279535063,49.637392241279876,49.64063064691049,24883200
2023-12-05,50.42091751098633,50.45977096635324,49.7766119130178,50.00649053445772,21883800
2023-12-06,49.87374496459961,50.45329356171425,49.74747308877762,50.36263673534796,26447400
2023-12-07,49.5455207824707,50.22146585374042,49.470775694123446,50.1597224983448,25362600
2023-12-08,49.02555847167969,49.46427394217946,48.82407625805874,49.3960297266607,34069500
2023-12-11,49.149051666259766,49.2172958856334,48.59659704503282,49.11655477313242,31883400
2023-12-12,49.18804168701172,49.29853036245562,48.82082090199685,49.14254306856678,21381900
2023-12-13,50.062225341796875,50.062225341796875,48.954065686638444,49.24979187148669,35348700
2023-12-14,49.45127487182617,50.026478804320014,49.37328307233483,49.8899903659369,30891300
2023-12-15,49.63650894165039,49.87048804300036,49.246538814026096,49.324534327163256,70003500
2023-12-18,50.361202239990234,50.39369913269979,49.76324900084769,49.83474737145209,26316000
2023-12-19,50.54318618774414,50.59518195668186,50.07522426730463,50.31895466663963,24417000
2023-12-20,49.95173645019531,50.74142060494843,49.92248999084325,50.50744149207008,21967800
2023-12-21,50.30596160888672,50.3904580021313,50.0167362564995,50.04598271937254,20087700
2023-12-22,50.90715789794922,51.06964235572292,50.42294751952805,50.51718776123063,19405500
2023-12-26,50.829158782958984,51.01764669107597,50.73166811519965,50.90715429239092,11679900
2023-12-27,51.306880950927734,51.329630264994535,50.74792543237544,50.79667077477753,19896000
2023-12-28,51.20613479614258,51.453115636190745,51.18338548431342,51.27112857961919,16776000
2023-12-29,51.23212814331055,51.371867001897705,51.07289040689371,51.19313038765119,21948300
2024-01-02,51.76509094238281,51.84633317279998,51.08264504978584,51.10214392889214,23539800
2024-01-03,51.768341064453125,52.09331744557789,51.648101067907554,51.9210816743361,18756000
2024-01-04,51.26787567138672,51.846329985880594,51.18013258031725,51.73908801690339,19282500
2024-01-05,50.926658630371094,51.37837213367947,50.56593865814658,51.31987549533321,21709500
2024-01-08,51.427120208740234,51.44011822272058,50.916910039942096,50.92341090644786,20680800
2024-01-09,51.77158737182617,51.781338670759624,51.25813053225688,51.323124315689775,23322300
2024-01-10,52.415035247802734,52.483279463888614,51.85283307333478,51.85283307333478,20121900
2024-01-11,52.356536865234375,52.610014824374744,52.05105942218626,52.43452865303508,14355300
2024-01-12,52.4247932434082,52.49628790158913,52.1193157294505,52.44104169126466,13629000
2024-01-16,52.59052658081055,52.77576036844082,52.395541493339564,52.46378571609972,17032500
2024-01-17,52.34354782104492,52.64252447130877,52.20055850321899,52.44428894259269,14827800
2024-01-18,53.04873275756836,53.097478092124256,52.21680048024971,52.37278778224695,18190500
2024-01-19,52.769256591796875,53.15597628487712,52.46377912536052,53.110477662731945,19175400
2024-01-22,52.77250289916992,52.9544862164318,52.48327390067286,52.90249045163834,13938300
2024-01-23,52.9057502746582,52.92199872160074,52.57102631719212,52.684769164821006,12066600
2024-01-24,52.15829849243164,52.993481116781176,52.09980186555185,52.93823492234419,22932900
2024-01-25,52.91874313354492,52.928494432179235,52.13230573342781,52.450781212928376,16369500
2024-01-26,53.383460998535156,53.41920460488188,52.860252850030044,52.98698998634091,15746400
2024-01-29,53.63368225097656,53.7539222261008,53.139724338879,53.40945074498647,18240300
2024-01-30,53.81242370605469,53.88391835484638,53.17222601891096,53.52319839696806,15270000
2024-01-31,53.701934814453125,54.53062047666168,53.65643990725864,54.53062047666168,26134800
2024-02-01,54.69635772705078,54.709359460262874,53.67919152604724,53.84817686749212,20792700
2024-02-02,55.10581588745117,55.43403892455171,54.56960606943344,54.64435114449601,21670800
2024-02-05,54.81009292602539,55.24880466586967,54.61835829726007,55.24880466586967,19145100
2024-02-06,55.18382263183594,55.229321263348574,54.706113034173896,54.85234907224061,14181300
2024-02-07,55.0440788269043,55.46004502626929,54.98558590451308,55.33330788173421,17082600
2024-02-08,55.04082489013672,55.42429042570507,54.96607981129925,55.044071603930384,14427900
2024-02-09,55.01157760620117,55.15781733874089,54.89458805158793,55.04732493108729,14329800
2024-02-12,55.343048095703125,55.36254697358175,54.93682953113164,54.99532616476751,14795100
2024-02-13,54.966087341308594,55.59328707722724,54.68335915134852,55.447047332342734,18574200
2024-02-14,54.79059600830078,54.88158581714977,54.446124494574434,54.839341345690784,18484500
2024-02-15,55.01483154296875,55.19681861198493,54.58586733604649,55.180566445973554,16948800
2024-02-16,55.362545013427734,55.87275509593369,55.01482309480348,55.33979570353635,22373400
2024-02-20,57.14990234375,58.93401063169426,56.94516970320808,58.001333515285445,71788500
2024-02-21,56.44796371459961,57.05891494821886,56.15548425115219,56.870427025854255,40501500
2024-02-22,57.00366973876953,57.02316861794145,56.32122384387602,56.50645761746287,29512800
2024-02-23,57.05241775512695,57.73161324886693,56.97117552062302,57.22465352369396,74365800
2024-02-26,58.10532760620117,58.339310433556555,56.72094067802701,57.63736567052128,32154800
2024-02-27,58.095584869384766,58.30031753599384,57.734864877878614,58.14433021109676,18012700
2024-02-28,58.12482833862305,58.26131677600333,57.82260500414698,58.0565841199329,14803300
2024-02-29,57.14015579223633,57.99808784488602,57.120656913877156,57.95909008816768,29245100
2024-03-01,57.28639221191406,57.37413530564374,56.740438490067895,57.32538996891188,19030900
2024-03-04,57.81285095214844,57.90059404614805,56.93542373118313,57.03291440494678,16033300
2024-03-05,58.5343017578125,58.82677753398582,58.085838653078,58.36856312926115,19676900
2024-03-06,59.05099868774414,59.09974402201732,58.53429145019333,58.6122832412243,12698700
2024-03-07,58.84626770019531,59.538461135736895,58.83651640164925,59.470216922037345,16195300
2024-03-08,58.61228561401367,58.768272921421016,58.23206678464769,58.495296063215854,12143600
2024-03-11,59.13874816894531,59.18749350848704,58.3685591594806,58.59279069659735,14154000
2024-03-12,59.869937896728516,60.025925210714036,59.12899908505502,59.421474833899005,16613100
2024-03-13,59.74319839477539,59.91868459186177,59.35323196049644,59.72369951520679,15935200
2024-03-14,59.69232940673828,60.103189270108224,59.281465811671126,59.946670693820074,16584700
2024-03-15,59.35972595214844,59.81950089476216,59.14451151404037,59.35972595214844,50946300
2024-03-18,59.53581619262695,59.574946773147644,59.0760412007527,59.36951309126278,16801700
2024-03-19,59.54559326171875,59.741242420434084,59.28146745720766,59.64341970692507,12353600
2024-03-20,59.91732406616211,59.94667013278611,59.418422275068174,59.5162449849463,12007600
2024-03-21,60.11297607421875,60.31840601374327,59.721677752717156,59.94667298148649,14265900
2024-03-22,59.54559326171875,60.19123287329121,59.52602797267749,59.98580293590391,14029400
2024-03-25,59.25212097167969,59.66298457525441,59.04669103574097,59.54559284183461,14186600
2024-03-26,59.19342041015625,59.50646127608353,58.91951385062901,59.14450905762596,13738300
2024-03-27,59.39885330200195,59.72167120993182,59.06625088467294,59.54558735771664,14363400
2024-03-28,58.86081314086914,59.44776051798338,58.851032363847416,59.34015331226094,17535100
2024-04-01,58.69451904296875,59.437981308899666,58.626042402621046,58.997775401435014,13837600
2024-04-02,57.87279510498047,58.79234121828006,57.5988885460608,58.59669580859286,19510100
2024-04-03,58.136924743652344,58.20540138792589,57.65758450204029,58.088013387985136,14615100
2024-04-04,58.205406188964844,58.508662589831076,57.99997623919944,58.24453676940517,14436100
2024-04-05,58.54778289794922,58.73365126842785,58.19561890842065,58.25431104082685,10335900
2024-04-08,58.479305267333984,58.733650275785976,58.127137552060184,58.30322140969708,11070100
2024-04-09,58.48908996582031,58.665173824025565,58.009749744773345,58.567347385190935,10013500
2024-04-10,59.301029205322266,59.437982488736175,58.09779198886094,58.32278720185481,15097600
2024-04-11,58.782562255859375,59.56515511386798,58.76299696794702,59.428201830178615,10987600
2024-04-12,58.831478118896484,59.398860316750095,58.64561346702929,58.694524824710406,12280600
2024-04-15,58.62604522705078,59.379292038861735,58.60647993862355,59.19342366465165,10557200
2024-04-16,58.53799819946289,58.97820782151396,58.479302339290456,58.72386282579696,14726300
2024-04-17,58.35213851928711,59.11516610772161,58.2738773657568,58.84125953375993,15329700
2024-04-18,57.97062301635742,58.63582791778971,57.93149616992407,58.528224425476324,12061500
2024-04-19,58.23474884033203,58.3717021321371,57.68693567311175,58.15649141574227,14165800
2024-04-22,58.831478118896484,59.0858231495541,57.75541332312241,58.264099652740256,14910000
2024-04-23,57.8043212890625,59.03690459611119,57.285854211009095,58.939081886488836,17963900
2024-04-24,58.56734848022461,58.7336515635043,57.530414331069565,57.69671368265211,18529100
2024-04-25,58.89995574951172,59.21299292193487,58.52822643957014,58.74343716330015,19263000
2024-04-26,58.85103988647461,59.076035103701216,58.69452131224318,58.80212853172051,11045200
2024-04-29,58.929298400878906,59.0760324585712,58.63582282210033,58.87060253878379,9785100
2024-04-30,58.05867004394531,58.98800083173039,57.87280537906736,58.89017810952045,14209200
2024-05-01,57.56954574584961,58.11736266196377,57.44237696043712,58.01953994523148,15464300
2024-05-02,58.410831451416016,58.586915317569684,57.305420630414616,57.65758463102471,17574100
2024-05-03,58.518436431884766,58.67495500339367,57.85323157004766,58.32278728457437,14207400
2024-05-06,58.56734848022461,58.694520987238825,58.09779276013035,58.694520987238825,11119400
2024-05-07,59.301029205322266,59.477113064482175,58.743431561881586,58.86081955742249,14520200
2024-05-08,58.98799514770508,59.526027531410804,58.909737723817464,59.31081681694689,11015700
2024-05-09,59.32959747314453,59.467028544413786,58.84860182985045,59.094008840196274,14550500
2024-05-10,59.368865966796875,59.46703102179301,59.05474528003715,59.30015230060656,12356600
2024-05-13,59.30015182495117,60.22288086682976,59.18235750451461,59.506292821868634,19260500
2024-05-14,58.760257720947266,59.437579751002644,58.3479719783728,59.40813210675232,18780100
2024-05-15,58.73080825805664,58.83878419850229,58.37742155953966,58.73080825805664,22240600
2024-05-16,62.834014892578125,63.23647850710316,61.783669412050024,63.04015588868526,60545600
2024-05-17,63.46226501464844,63.688035308056364,62.46100379519201,63.05979385536554,29330400
2024-05-20,63.000892639160156,63.570238742541925,62.696586575840854,63.23648128947296,15001400
2024-05-21,63.95307159423828,63.992337616565834,63.265927437348076,63.34445948200318,17131700
2024-05-22,64.05123138427734,64.48315013039472,63.54078808459774,63.78619510139574,14879400
2024-05-23,63.64876174926758,64.31626914991607,63.37390708239373,63.97270081632375,16222900
2024-05-24,64.17884063720703,64.48315043213543,63.81564304375225,63.93343361926068,11795000
2024-05-28,63.845096588134766,64.26719699758173,63.550605143691385,64.02178995695509,13349600
2024-05-29,63.727298736572266,64.01197180340749,63.4622624270242,63.56042374577428,11538600
2024-05-30,63.697845458984375,63.972700122878884,63.58004739336049,63.73711148085901,13051900
2024-05-31,64.55187225341797,64.689299601693,62.9812686379685,63.48189362558663,27632200
2024-06-03,64.61076354980469,64.63039281724534,63.96289287506658,64.30646122449045,11578700
2024-06-04,65.37642669677734,65.41569271752347,64.62057639279038,64.77763298654723,14780800
2024-06-05,65.85742950439453,65.91633228653113,65.06231309322114,65.34698615765781,14982700
2024-06-06,65.91632843017578,66.20100147795799,65.54330495897175,65.82797800675397,13256000
2024-06-07,64.66966247558594,66.32861651361132,64.43407380691714,66.16174151868877,20213200
2024-06-10,65.72982025146484,66.09302536433685,65.05249442908111,65.95559802200225,21659500
2024-06-11,65.5040512084961,65.72982149407316,65.13102771005441,65.7200031153698,13367500
2024-06-12,65.09176635742188,65.71019694324463,64.68930267243437,65.62184650702889,11704700
2024-06-13,65.47459411621094,65.53349689744267,64.73837300925551,65.08194885055075,11196600
2024-06-14,65.78870391845703,65.87705433104725,65.08193806387104,65.31752668206636,12590100
2024-06-17,66.18135833740234,66.20099509148083,65.189919444031,65.69054433462263,12103000
2024-06-18,66.3580551147461,66.62309888394142,66.06357119136294,66.38750275816165,12093500
2024-06-20,66.76053619384766,66.87832678512031,66.06358106831202,66.11265798493267,13860800
2024-06-21,66.662353515625,67.29059476524715,66.58382148711561,67.00592177882048,25883000
2024-06-24,67.6341781616211,67.77160549764872,66.65255005329344,66.7997957673882,12470400
2024-06-25,66.18135833740234,66.34823330093289,65.32734676567114,65.93595133601248,20869200
2024-06-26,67.03538513183594,67.33968745211217,65.97522496611279,66.16173670523858,14177500
2024-06-27,66.6329116821289,67.32005583484033,66.42677068308386,67.03538279161776,12899200
2024-06-28,66.4660415649414,66.84887594676344,66.08320718311937,66.62310566478044,18816700
2024-07-01,66.24026489257812,66.98629682715632,66.01448714314803,66.64272850343903,8666000
2024-07-02,66.81941986083984,66.82923823814681,66.02430355120886,66.20099689659658,9436500
2024-07-03,66.98629760742188,66.9961159851361,66.37769299524149,66.56419723644458,6287500
2024-07-05,68.75323486328125,68.86121455631019,66.84887390174715,66.9077766819991,21586100
2024-07-08,68.39984130859375,68.85138930288518,68.07590226185397,68.61580067308694,12077700
2024-07-09,68.61580657958984,68.9593749212093,68.39002881839525,68.61580657958984,9758400
2024-07-10,69.11643981933594,69.14588746478525,68.43911401708897,68.81213000816057,10803400
2024-07-11,68.51763153076172,69.1556836847643,67.98755155742789,68.89064744271072,15624800
2024-07-12,67.96792602539062,68.74341310573685,67.89921235949807,68.61580415171578,12145300
2024-07-15,68.33112335205078,68.68451001915402,68.02682107896685,68.02682107896685,10171100
2024-07-16,68.70414733886719,68.94955435928385,68.30168371978236,68.53727236239855,9836800
2024-07-17,69.72505187988281,69.79376555631634,68.66489159556917,68.89066938341023,13533800
2024-07-18,69.51891326904297,69.88211842238645,69.1360788457052,69.38148591139502,10682700
2024-07-19,69.45018005371094,70.01952608336791,69.35201875289388,69.89190965200126,11665500
2024-07-22,69.08698272705078,69.95082024497047,68.93974450397631,69.55816750857316,12666100
2024-07-23,69.35202026367188,69.4010971705359,68.8219402406398,69.17532692266118,9263600
2024-07-24,69.30294799804688,69.5385366642217,69.04772257430744,69.22441594624571,22490800
2024-07-25,68.73359680175781,69.46981788248851,68.66488313379207,69.3029429016043,18821200
2024-07-26,68.49800872802734,68.94955676262606,67.56546501362992,68.93974587371152,16789300
2024-07-29,68.34095001220703,68.61580467788494,67.85994685804275,68.56672027791619,10315300
2024-07-30,67.91885375976562,68.56672444116856,67.71271274799066,68.27224049115937,12522500
2024-07-31,67.37895202636719,67.9777457650969,67.03538369002098,67.90903209782766,22908800
2024-08-01,68.5078353881836,68.51765376751327,67.26116333633259,67.64400523789915,17275500
2024-08-02,67.20226287841797,68.94955980347304,66.49548940553535,68.32131838073927,23578700
2024-08-05,66.34825134277344,67.32006872478375,65.6807513071404,66.8488838587276,20770500
2024-08-06,66.49549102783203,67.36913951167405,66.43659573339778,66.59365234829869,14815100
2024-08-07,65.68074035644531,66.7605297783094,65.5825715541801,66.62310244221187,18499200
2024-08-08,66.41696166992188,66.67217958686359,65.44514444654634,65.61201942821474,12489800
2024-08-09,66.70162963867188,66.96667343251143,66.09302498022096,66.60346832175028,13805600
2024-08-12,67.4378433227539,67.94829409729765,66.81942035394687,67.08445662937056,17385300
2024-08-13,66.8783187866211,67.34950356304559,65.90650907870376,67.17281020803989,26557900
2024-08-14,67.3985824584961,67.52619140310068,66.60345868129528,66.67217234211735,22928600
2024-08-15,71.83555603027344,73.07240972907078,71.44290323026468,72.75828898690963,49567500
2024-08-16,72.30609130859375,72.46360308371803,71.39057476976468,71.56777176149208,19872100
2024-08-19,72.57189178466797,72.82784466830684,72.19780506767847,72.24702937588498,13709300
2024-08-20,73.37911987304688,73.58584844567208,72.57189079921635,72.60142237950926,14434000
2024-08-21,74.0682144165039,74.40292318134115,73.42833597741856,74.12728508710741,14832000
2024-08-22,74.40293884277344,75.03297105094758,73.9796352487899,74.19621022858283,16511100
2024-08-23,74.52105712890625,74.62934460709239,73.84180818732794,74.42261601525763,12299100
2024-08-26,74.84591674804688,75.02311375017912,74.39308163383676,74.71794405617507,9508200
2024-08-27,74.94436645507812,75.25938254938572,74.58997241016007,75.25938254938572,11557800
2024-08-28,74.89513397216797,75.23968157966624,74.62933473883034,75.09201617343139,9814300
2024-08-29,75.2298355102539,75.2790598160493,74.49151598677061,74.80653201636717,11856800
2024-08-30,76.02723693847656,76.263497117946,75.03296439695313,75.24953935753999,23230000
2024-09-03,75.9681625366211,76.59819465803841,75.60392967583081,76.12567432226308,22666100
2024-09-04,76.03707122802734,76.27333890388903,75.53501931561557,76.12567348411929,18442800
2024-09-05,75.76143646240234,76.24380317841467,75.20031385095827,76.04692095041082,13082900
2024-09-06,75.44641876220703,76.11582883777196,75.11171747971227,75.70237166154594,14548600
2024-09-09,76.1355209350586,76.26350115157926,75.29876014264168,75.65315418587785,22260200
2024-09-10,77.58263397216797,77.67123624429385,76.07646294121722,76.14537248150332,17686300
2024-09-11,77.61215209960938,77.69090799215728,76.36193422535649,77.1593169833219,19518800
2024-09-12,78.41938781738281,78.66549434579201,77.39558375793152,77.759816613209,14877700
2024-09-13,79.3447494506836,79.43335171332633,78.44892552284496,78.57689822380026,12994100
2024-09-16,79.30535888671875,79.75819396103877,78.89190175502326,79.58099697451576,15346400
2024-09-17,77.37589263916016,79.01004362686376,77.04119135863793,78.51783055980731,21065900
2024-09-18,77.79920196533203,78.17328873089436,77.06088230981807,77.41527634531084,15684900
2024-09-19,76.8246078491211,77.85825066844585,76.28317053144538,77.81888023677354,21525700
2024-09-20,77.82872009277344,78.37015741742937,76.89351836172186,77.01165218998533,39534300
2024-09-23,79.07894897460938,79.18723644448224,77.83857000824977,77.83857000824977,12147300
2024-09-24,79.41365051269531,79.6499181808232,78.99034699551825,79.22661466364615,14651100
2024-09-25,80.13228607177734,80.32916828762019,79.42349807782296,79.63022665763047,14163800
2024-09-26,78.67533874511719,79.93540305770183,78.02562136981761,79.77789877391662,17061100
2024-09-27,78.53751373291016,79.03957315119644,78.3603167329606,78.65564756973492,11899100
2024-09-30,79.49241638183594,79.67945976494221,78.61627765661595,78.64580924119569,18997000
2024-10-01,80.00430297851562,80.26025585831458,79.18723505280045,79.42349520538225,16054200
2024-10-02,79.1773910522461,79.72866726158148,78.87222136644617,79.72866726158148,16618300
2024-10-03,79.1773910522461,79.32505646848237,78.60642211510586,79.04941836381468,11640400
2024-10-04,79.67945098876953,79.84680162333943,78.60642263357848,78.80331236005051,11583400
2024-10-07,77.86811065673828,79.679458764163,77.74998431990299,79.43335221498837,16791600
2024-10-08,78.46859741210938,78.576884875513,77.83856535807436,78.38000267509251,15270000
2024-10-09,79.14786529541016,79.24630640995336,78.5079867850159,78.57689631625371,12413000
2024-10-10,78.37017059326172,79.06911229586919,78.22250516075007,79.05926593088152,10812700
2024-10-11,78.85253143310547,78.88206301528429,78.1339045648365,78.45875947937881,9570700
2024-10-14,79.03958129882812,79.25615626671112,78.51783660924232,78.80332111139937,9914500
2024-10-15,80.37840270996094,80.54575336554068,79.25615741519228,79.41366170556849,13276200
2024-10-16,79.95509338378906,80.3882432946852,79.36443919384239,80.26026308797016,11123300
2024-10-17,79.6302261352539,80.2307266533829,79.39396597567736,80.00430534713138,9424700
2024-10-18,80.04368591308594,80.41777264778746,79.40381493955496,79.6105435247754,12324100
2024-10-21,79.55148315429688,80.27996398961484,79.46288839654473,79.964947888869,9750400
2024-10-22,80.74263000488281,80.94936610693499,79.57116798651519,79.84680610848405,12240100
2024-10-23,81.9731674194336,82.0420769538933,80.52606719577977,80.61466194983826,13058200
2024-10-24,81.74674224853516,82.02238034811045,81.29390715486505,81.6679863599208,11645900
2024-10-25,81.2249984741211,82.00269598347658,81.15608894851111,81.90424736639805,8959400
2024-10-28,81.46125793457031,81.78612034276881,81.18561983448973,81.46125793457031,7990200
2024-10-29,80.4276123046875,81.56955022749128,80.3980807223004,81.38250685827246,9682400
2024-10-30,80.1224365234375,80.55558639376683,80.03384178300186,80.32916509502883,9268800
2024-10-31,80.67372131347656,81.15609554251475,79.95509441809413,80.02400394930308,15539000
2024-11-01,80.90999603271484,81.24469735322495,80.27011746697792,81.24469735322495,12181800
2024-11-04,81.16592407226562,81.61876666040926,80.72293535806708,80.91981756202762,11731000
2024-11-05,82.37678527832031,82.46538003184821,81.22500841900218,81.39235907160548,10612500
2024-11-06,82.1405258178711,84.20781936813391,80.78201283382548,83.81404737985147,19974000
2024-11-07,82.54412078857422,83.07571174395136,82.12081729691693,82.41614810898463,12665800
2024-11-08,83.50887298583984,84.08968081537571,82.91821879173922,82.96743559341186,14396500
2024-11-11,82.89852142333984,84.07983725600639,82.80992667894179,83.62699463827704,10433200
2024-11-12,83.66637420654297,84.19796521496734,83.1840075085668,83.1840075085668,12860200
2024-11-13,84.1684341430664,84.45391862213064,83.44979976327363,83.66637471363791,12802600
2024-11-14,83.15447998046875,84.42439064407502,83.02649977129425,83.70575623360301,15740700
2024-11-15,82.93791198730469,83.45965670078485,82.63274225162603,83.2135501370243,17370600
2024-11-18,82.77055358886719,83.52855842973572,82.35709640293888,83.49902684653736,25093800
2024-11-19,85.25130462646484,86.91498725337445,84.57205567789738,84.88707175115964,36340900
2024-11-20,85.822265625,85.84195084187137,84.57204781285769,85.2512966982563,18183200
2024-11-21,87.013427734375,87.2595342745244,85.57616644117158,86.08806474002908,18729200
2024-11-22,89.03150177001953,89.49418325369211,87.5450162079295,88.01754405588193,23990600
2024-11-25,88.10613250732422,89.5335472923191,87.67298263686517,89.09055856885857,25078600
2024-11-26,89.88794708251953,90.44906967342239,88.44083947688182,88.4900637873686,16657000
2024-11-27,90.4490737915039,90.81331417819386,89.88795117505353,90.56720763570553,14358900
2024-11-29,91.05941772460938,91.19723678302222,90.39000765064328,90.82315755455528,11041200
2024-12-02,91.19722747802734,91.5417750889047,90.51797110903009,91.37442446513208,17173000
2024-12-03,92.0536880493164,92.13243643042168,90.82315540646597,91.33505368123866,17775200
2024-12-04,92.97904968261719,93.04795921478367,91.60085903928754,91.99462350276703,17312600
2024-12-05,93.8158187866211,94.11114213688336,92.87076303616965,93.41220044418081,21932300
2024-12-06,94.20957946777344,94.68210732401036,93.84534659936263,94.05207518941144,18803500
2024-12-09,92.36870574951172,94.4458454884598,92.14228443454412,94.17020737324731,20931100
2024-12-10,93.0774917602539,93.75674066936797,92.3096330851127,92.58527870496029,13164500
2024-12-11,93.4811019897461,94.19973635074331,93.02826688290783,93.06764482836009,19682100
2024-12-12,92.62464904785156,94.22926841327917,92.62464904785156,94.18989046762587,14298600
2024-12-13,92.98773193359375,93.41197334589135,91.79393808206233,92.54376168856372,11495900
2024-12-16,93.59943389892578,94.42818038809531,92.83974208997098,93.15545611354261,16742000
2024-12-17,94.14205932617188,94.2111215306302,93.05679288730593,93.86581050833863,23560800
2024-12-18,92.29711151123047,94.61563704988998,91.88273074436627,94.06313186980971,24665600
2024-12-19,92.14911651611328,93.3034451652826,92.10965132376359,93.21465412790764,16606500
2024-12-20,91.00464630126953,92.49442528548816,90.40281530523471,91.76433806285507,49350600
2024-12-23,89.13995361328125,90.27455332997533,87.71924444987317,90.27455332997533,26205400
2024-12-24,91.43875122070312,91.43875122070312,89.13995474819498,89.1596911064911,8992400
2024-12-26,91.54728698730469,91.63607802611693,90.93558778680641,91.30063517653834,10994000
2024-12-27,90.43242645263672,91.11318035397815,89.81085905187854,90.89612554909219,11384400
2024-12-30,89.35700988769531,89.850313466081,88.92290033000702,89.51487064584205,9790200
2024-12-31,89.13995361328125,89.72205574016192,88.85383663935212,89.3570083884837,11267700
2025-01-02,88.79464721679688,89.38661002613242,88.32107245299913,88.77491838494575,14820400
2025-01-03,89.56419372558594,90.0772336465277,88.93276576689993,88.94263394578363,10834600
2025-01-06,90.20549774169922,91.23157014598485,89.4556741525644,89.61353491963096,14519900
2025-01-07,89.59380340576172,90.70867443362327,89.238624187868,90.47188327021674,11238000
2025-01-08,90.57054138183594,90.61986722409655,89.60366304150027,89.8897800245872,13453600
2025-01-10,91.75446319580078,92.32669713839222,90.96517448000465,91.25129145130036,18140900
2025-01-13,90.30416107177734,91.19210910894259,89.87991964997705,90.88626326783634,18617100
2025-01-14,89.5740737915039,90.74813883637343,89.35701899054826,90.62974325570235,13549200
2025-01-15,90.11669921875,90.50148295684302,89.59379860023543,89.85031858322556,17348200
2025-01-16,90.0772476196289,90.49162087044282,88.91305072885443,90.27456606462138,13267700
2025-01-17,90.70867156982422,91.02438558384932,89.83059173309141,90.83692780054147,15868200
2025-01-21,91.83340454101562,92.97786503567298,91.07371274406485,91.24144169707452,23247500
2025-01-22,91.98138427734375,92.74106844089567,91.28088660453255,92.51414549337426,15567100
2025-01-23,92.5536117553711,92.5536117553711,91.08356925042888,91.71499720666775,14198400
2025-01-24,93.49089813232422,93.7375499263953,92.20830579226842,92.28723617290285,14973800
2025-01-27,96.09554290771484,96.15473693108117,93.55009452194427,94.6156321058318,18880600
2025-01-28,95.98702239990234,96.5296518831939,95.43452473626988,95.92782837228918,14641600
2025-01-29,96.19420623779297,96.8552312843824,95.91795741397745,96.12514403183908,11261400
2025-01-30,97.32880401611328,97.6050528340901,96.11527382032563,96.38166198567168,11012200
2025-01-31,96.84537506103516,97.67412157038676,96.39152908433356,97.67412157038676,16391200
2025-02-03,98.2068862915039,98.4535381033088,95.1780023436284,95.47398000146471,20484200
2025-02-04,99.42040252685547,99.59799212089823,98.35487248981431,98.63112129672186,15201200
2025-02-05,101.08777618408203,101.20617176183289,99.19349210336311,99.30201950116411,15926700
2025-02-06,101.47254180908203,101.64026321464054,100.57473323498671,101.15682782858921,13088500
2025-02-07,99.7953109741211,101.72906001211689,99.75584578633976,101.62053262752195,12451100
2025-02-10,101.54161071777344,101.55147889734523,99.89397850841331,100.58460053412847,15274600
2025-02-11,101.0976333618164,101.47254135973672,100.48593423416376,101.24562593609535,11953600
2025-02-12,102.22238159179688,102.50849860824678,100.67340845254479,100.75233884202399,15162100
2025-02-13,103.64308166503906,103.83053190059557,102.14343461729686,102.60714117117485,12604400
2025-02-14,102.64662170410156,103.88974897713013,102.21251209477371,103.88974897713013,14109500
2025-02-18,102.39009094238281,102.59727754490628,101.13710314791744,102.33089692086621,18247300
2025-02-19,102.60714721679688,102.80446564286606,101.17656980975656,102.45915463363725,18508000
2025-02-20,95.9080810546875,98.77911150138569,95.38518046459986,97.45705399373865,55450900
2025-02-21,93.51063537597656,95.55291211351722,92.85947849520363,95.23719808979361,35014800
2025-02-24,92.41549682617188,93.37250703739863,90.8862601459529,92.9186686178179,29755900
2025-02-25,96.38166046142578,96.59871525132228,92.97786108091508,93.08638847586333,29331200
2025-02-26,94.91161346435547,97.40773610408128,94.78335723297043,96.39152432415653,19069700
2025-02-27,95.49371337890625,96.72697239940992,94.52683499485646,94.61563355848489,16431500
2025-02-28,97.28934478759766,97.53599660836994,95.86862789124011,96.48032711655321,25451300
2025-03-03,96.28300476074219,98.15756017447765,95.5331886170212,96.66778854064133,18372200
2025-03-04,93.69808959960938,95.75023443933196,93.19491780596621,94.47751021259677,25227700
2025-03-05,94.69457244873047,95.09907752964014,93.48104215156867,93.69809696302983,17639000
2025-03-06,93.37251281738281,94.90175711948145,92.91867436970837,93.53037359599108,19957800
2025-03-07,90.49162292480469,92.69175299256183,89.54448081834941,92.68189233913968,35913200
2025-03-10,86.64384460449219,89.02157158606457,85.45005078746937,88.55786499449049,35148800
2025-03-11,86.2689437866211,88.15335979506483,85.97295858893938,86.12095118778024,28687600
2025-03-12,84.05892181396484,87.90669100505238,83.7432078434108,86.70302914006048,33301600
2025-03-13,83.36830139160156,84.30557514192294,82.74674161765091,83.80241093181691,31507800
2025-03-14,84.20691680908203,84.22665316686832,82.93419271160724,83.82214063161466,35500600
2025-03-17,86.2886734008789,86.81157406459195,83.84189151648275,83.98987658944581,26297800
2025-03-18,84.4437026977539,86.50571556376478,84.35491166695726,86.26893195442517,17850900
2025-03-19,85.1738052368164,85.62764366608762,84.47331499638369,84.79888966643276,24555900
2025-03-20,84.66077423095703,85.91376977975365,84.37465719640676,84.66077423095703,18185500
2025-03-21,85.06143188476562,85.30876099782591,83.8742476133449,84.36890583946548,26797200
2025-03-24,86.55530548095703,86.71359975676114,85.4274851834555,85.54620589030858,17900700
2025-03-25,83.85447692871094,86.37722972394099,83.71597320887336,85.83311012397527,27908600
2025-03-26,84.29966735839844,84.64592666201732,83.66650533238484,84.27988434728596,27228800
2025-03-27,84.71517181396484,85.19004706981201,83.87425427237399,83.87425427237399,16782800
2025-03-28,84.24031066894531,84.91304626420629,83.7951136666758,84.51731811148453,14790600
2025-03-31,86.85211181640625,87.25772772831284,83.46865059891574,83.8544834983899,30269300
2025-04-01,87.88098907470703,88.1579964951405,86.43658784824248,86.60476984666478,22080300
2025-04-02,88.80105590820312,89.18688876003142,87.17857736515943,87.25771695300362,19384100
2025-04-03,86.3277587890625,88.91976315495712,85.35822531050775,85.35822531050775,33012900
2025-04-04,82.3012466430664,86.45637315578495,81.7670147975078,84.72506918417116,36209000
2025-04-07,82.93441772460938,85.33845751917515,78.95736050995137,79.38276697723296,36884900
2025-04-08,80.91619873046875,86.04085858406609,80.16431606507645,84.93282136916618,34351700
2025-04-09,88.64276123046875,89.82994561732612,82.13305653025392,82.43974979283236,46632800
2025-04-10,89.64198303222656,90.88852413536874,87.21816023801014,87.78207043145042,34735300
2025-04-11,91.80858612060547,92.35270573740996,89.04839182204603,89.7112321514796,25508100
2025-04-14,93.71794891357422,94.42036267446662,91.90749803173144,92.2735402808824,27742900
2025-04-15,92.96607208251953,95.00406164338216,92.86714194276728,93.80698959224246,21871200
2025-04-16,90.21576690673828,93.29254158193987,89.64196157068149,92.99574363628697,22229100
2025-04-17,92.22409057617188,92.86714784727597,90.64118559583693,90.84894116689155,21393900
2025-04-21,91.42274475097656,93.07490155525863,90.36416881106632,92.02622089412044,18361200
2025-04-22,93.83667755126953,94.27197926850968,91.88772265093642,91.88772265093642,15407800
2025-04-23,93.94549560546875,95.56797409050047,93.15404692012105,94.00485218120116,18046900
2025-04-24,94.81610107421875,95.19204621981766,92.65939809231126,93.69817601278687,13444500
2025-04-25,94.07410430908203,95.43936593798604,93.3519074759507,94.77652568075975,15317200
2025-04-28,94.20272064208984,94.97438632330493,93.33211727014579,94.08399994194673,12950000
2025-04-29,95.01396942138672,95.15247314483804,93.41127377416684,93.82678494452084,12679000
2025-04-30,96.2110366821289,96.73537325792752,93.9158225356892,94.91503438738997,21639900
2025-05-01,96.36932373046875,96.85408670126834,95.55807695582428,95.98348335204439,13171800
2025-05-02,97.69499969482422,98.15997963521065,96.80461337790189,96.90354351358536,16031400
2025-05-05,98.26881408691406,98.6744299448877,97.47735783288252,97.8829812387424,12439100
2025-05-06,97.49715423583984,98.40732369902335,97.3586505152635,97.68511925782961,10626000
2025-05-07,97.77415466308594,98.16988278543901,97.2597058396611,97.49714724180463,11301300
2025-05-08,96.38910675048828,98.26880960720996,96.31985489750892,97.69500422658902,14461100
2025-05-09,95.91805267333984,96.39406854281872,95.49161769194146,95.9478027194153,13697800
2025-05-12,95.94779968261719,97.15768529229751,94.82717177447398,96.86016970868788,26783900
2025-05-13,95.08500671386719,96.51306935186666,94.4404022522313,95.69986869770257,19746700
2025-05-14,96.02713012695312,96.5229843472933,95.03542168627274,95.23376034795484,25620100
2025-05-15,95.55110931396484,95.91804417068539,91.12809045761175,93.51811149562057,44026100
2025-05-16,97.4254379272461,98.36756551297235,95.20401307403642,95.34285165447858,33746200
2025-05-19,97.30644226074219,97.4651116888253,95.01559044505747,95.84862953243433,20041600
2025-05-20,96.98909759521484,98.00063697020651,95.71970431687956,97.74279063299858,15609600
2025-05-21,95.63045501708984,96.94942919395186,95.18418919960034,96.32464797010367,15742300
2025-05-22,95.13459014892578,96.15604862292325,95.02550161615567,95.73953289751097,13712200
2025-05-23,95.54119873046875,95.73954498151046,94.21231289610054,94.54949017366769,13668600
2025-05-27,96.77091979980469,96.98909688614438,95.77921127363199,96.49324262305802,17180900
2025-05-28,96.4337387084961,97.42544727315071,96.25523086421283,96.71141589601764,11220100
2025-05-29,96.29489135742188,96.95933421944164,96.04696423880537,96.82049563830722,14338000
2025-05-30,97.9014663696289,98.10972425103016,95.7990415820318,96.15605725475841,29980100
2025-06-02,98.94275665283203,99.08160280779799,97.23702433775428,98.02046741781018,16999200
2025-06-03,99.15101623535156,100.05346700934983,97.75270365983977,98.74441213059643,15598600
2025-06-04,98.52623748779297,99.29976890349008,98.49648744351775,98.96259164685713,11115600
2025-06-05,97.14777374267578,98.764256040105,96.8006772452077,98.47666720372871,15817100
2025-06-06,96.66182708740234,97.74278570256142,96.16597284570325,97.55436623568777,15599300
2025-06-09,96.6419906616211,97.03867557633849,95.96762857644217,96.59240977611607,13655700
2025-06-10,96.51307678222656,97.2766890445299,95.68004522335019,96.48332673600038,17162500
2025-06-11,95.00567626953125,96.48331979957479,94.55940290981472,96.48331979957479,16389600
2025-06-12,94.0437240600586,94.47015904123403,92.65533057022212,94.10322415217838,17845700
2025-06-13,93.6569595336914,94.52966034926223,93.23052454703085,93.73629046882627,18694700
2025-06-16,93.50819396972656,94.98583749403473,93.31976693639082,93.96437896494467,14881700
2025-06-17,93.4685287475586,94.03380230577373,92.84375509883732,93.17101316275668,14935600
2025-06-18,94.30155944824219,94.69824436910412,93.30985092915513,93.78587434741657,11333700
2025-06-20,95.32302856445312,95.51144804400974,94.41065094804976,94.45032019799214,20604900
2025-06-23,97.05851745605469,97.11801754724371,94.87675413011658,95.12468126491848,20432400
2025-06-24,97.18743896484375,98.28823607269561,96.44365754419444,96.91968098250977,22403700
2025-06-25,96.45357513427734,97.7427917021477,96.34448658911673,97.49486456608004,11154700
2025-06-26,95.22384643554688,96.532901347329,95.1246770991961,96.09655475415855,19361400
2025-06-27,96.46348571777344,96.9494283467725,95.36269620650938,95.52136563746787,31431900
2025-06-30,96.9692611694336,97.32627685405363,95.51144838492445,96.42382600458443,17803000
2025-07-01,97.4254379272461,98.36756551297235,96.6122372848841,96.79074511204333,15635800
2025-07-02,96.80066680908203,97.56427902118644,96.25522411033933,97.31635189741891,12502000
2025-07-03,97.54444885253906,97.66345659657625,96.61224043958624,96.8899176095376,7686200
2025-07-07,98.52623748779297,98.52623748779297,96.81058602808227,97.4155288154629,12930900
2025-07-08,96.28498077392578,98.34773640135258,95.70979555750567,98.00063991744324,16875000
2025-07-09,96.00729370117188,96.4833170916154,95.58085876023907,96.34447851234752,13702600
2025-07-10,94.07347106933594,95.97754961706202,93.95446332280221,95.85854943666388,18894800
2025-07-11,93.61727905273438,94.73790687574403,93.44869043235978,94.22222181161733,14595000
2025-07-14,94.98583221435547,95.04533229899202,93.59743889913526,93.72636583736094,13779100
2025-07-15,94.59906768798828,94.98583337512206,94.15280191549085,94.80732555289609,10450800
2025-07-16,94.3610610961914,95.03542314887797,93.82553762204604,94.62881905019655,11181600
2025-07-17,94.30155944824219,94.83708295648546,94.10322077087899,94.29164781066892,11165100
2025-07-18,94.26190185546875,94.68833683982356,93.64703982314863,94.30156353975377,14636300
2025-07-21,94.87675476074219,95.83871326074919,94.31148119228205,94.4701581913551,13450400
2025-07-22,95.05525207519531,95.86845269005129,94.94616354194702,95.04533287231776,9049100
2025-07-23,94.88667297363281,95.49161578554262,94.4999072501017,95.21393860620087,9729700
2025-07-24,95.79904174804688,96.15605742139216,94.55940609508008,94.77758318058393,14991500
2025-07-25,96.66182708740234,96.84033491705942,95.72961869184476,96.0370459005349,12868500
2025-07-28,96.80066680908203,97.31635189741891,96.27506251727654,96.47340118983641,12293100
2025-07-29,97.51470184326172,97.90146756575162,96.53290494820058,96.9692591237833,14034300
2025-07-30,96.78083801269531,98.06014300630977,96.4833299743123,97.79238501515145,13864100
2025-07-31,97.16761016845703,97.81221469368235,96.50315966842463,96.63208662637851,15651300
2025-08-01,97.67337036132812,98.01055519370978,96.8601696747008,97.18743530332945,16750400
2025-08-04,98.76424407958984,99.08159805728421,97.38576989505482,97.38576989505482,19050200
2025-08-05,98.48656463623047,99.63695008034644,98.08988730556229,98.84358028673991,17977000
2025-08-06,102.50299072265625,102.83025634211553,98.63532607613075,98.63532607613075,23738400
2025-08-07,102.26498413085938,103.03851555698735,101.2633564186533,102.60216139203906,12509500
2025-08-08,102.86991882324219,103.85170805090394,102.2947261176889,102.51290318297703,12394700
2025-08-11,103.06826782226562,103.46495274748013,102.25506713033693,103.03851777694827,12856700
2025-08-12,102.76084899902344,103.44512279566338,102.51292184626524,103.38562270016502,17915300
2025-08-13,100.15263366699219,101.95754273289444,100.01379509008702,101.30301909407504,19398500
2025-08-14,100.01380157470703,100.59891352914588,99.88488219240344,100.38073644668175,10858400
2025-08-15,99.40247344970703,100.16786915839475,98.9452229818952,100.02870630226971,13604900
2025-08-18,100.0982894897461,100.27721424845278,99.32295139661947,99.40247519689066,11656100
2025-08-19,100.68476867675781,101.8179562944983,100.19769866866407,100.35673868641003,16999000
2025-08-20,101.95712280273438,102.03664660635683,100.3269227475107,100.54560941556878,18655000
2025-08-21,97.37467193603516,98.8557668168634,96.37070472912114,98.81601249721024,51825100
2025-08-22,96.25141906738281,98.45815524195002,96.18183763772561,97.48400764294207,32695200
2025-08-25,95.49596405029297,96.99694365032829,95.49596405029297,96.42040743524088,18956100
2025-08-26,95.47608184814453,95.89357042992714,94.8498413916635,95.70470329748909,22270400
2025-08-27,95.50589752197266,95.74446133281614,95.02876231647888,95.32697276788834,12925700
2025-08-28,95.53572082519531,95.99297130729855,95.12816703108608,95.42637749427854,19241600
2025-08-29,96.40052795410156,96.45022464356619,95.22757839267206,95.52578128088187,15600300
2025-09-02,97.26531982421875,97.26531982421875,95.93333030556093,96.64902933568446,15351300
2025-09-03,98.8458251953125,98.8458251953125,96.91741472172352,97.26532187319393,18995900
2025-09-04,100.32691955566406,100.74440813568879,99.05456907341325,99.31301763506015,15640900
2025-09-05,99.90943145751953,100.8736366949465,98.95516859122884,100.4760252713736,13748500
2025-09-08,101.6688461303711,101.74836992728859,99.81995956297598,100.2473904916492,13685700
2025-09-09,101.67879486083984,101.87759678176177,100.94321865286017,101.39052676683805,11819700
2025-09-10,99.81002807617188,101.83783187796531,99.79014333438171,101.34081950650855,17934900
2025-09-11,102.0366439819336,102.16586447164099,99.68080255091103,100.38655922634148,15900800
2025-09-12,102.87162017822266,103.35869777043955,101.74837493080204,101.92729969076177,11641900
2025-09-15,103.07042694091797,103.35869502340309,102.7921012292239,103.0306650415607,10756900
2025-09-16,102.80204010009766,103.58732058003429,102.51377200616088,103.22947105540982,14481900
2025-09-17,103.6469497680664,105.4759591179284,103.1101831160592,103.1101831160592,25382000
2025-09-18,102.98096466064453,104.01475133155566,101.5098122478993,103.1598894226062,14869400
2025-09-19,101.71855926513672,103.31893979450804,101.47998785359044,103.18971171730198,34791600
2025-09-22,102.20562744140625,102.58335412713731,101.3110036238251,101.83783554312089,12861900
2025-09-23,101.90741729736328,102.06646490268515,100.72453296396257,101.79808154846353,13158700
2025-09-24,102.11616516113281,102.85174134731304,101.86765897544154,102.42431040457177,11391800
2025-09-25,102.43425750732422,102.8915080000616,101.96706464323395,102.6032399012866,13366700
2025-09-26,102.54359436035156,102.87161675619349,101.85771487268727,102.26526106671194,11859300
2025-09-29,102.46408081054688,102.69270227343031,101.47005598526134,102.43426127919751,15477200
2025-09-30,102.4441909790039,103.31893763544589,102.10622619542018,102.3845519192673,13873400
2025-10-01,101.35076141357422,102.24538519486353,99.94919047606005,101.94717473983147,16142800
2025-10-02,101.09232330322266,101.5296966601116,99.27326360775972,100.84381709295533,15605400
2025-10-03,101.46011352539062,102.20563214370705,100.59530919797285,100.85375777578867,11867500
2025-10-06,102.08634185791016,102.45413375662827,100.97303895810563,101.27124184177875,13303600
2025-10-07,102.62311553955078,102.63305791075632,100.34679789713913,101.76825362724571,15538900
2025-10-08,102.28515625,102.64300579454684,101.53963762949535,102.40443437564389,13584100
2025-10-09,101.16189575195312,102.83185763994952,99.77026716512864,102.5137700224172,19508000
2025-10-10,101.23147583007812,103.01078102383337,100.91338821679157,101.44022769912243,18519400
2025-10-13,101.50981140136719,101.83783380905545,100.46608236799362,100.76429283004524,10871200
2025-10-14,106.56938934326172,107.27514598455139,102.27520285532272,103.4282751709893,30859500
2025-10-15,108.37852478027344,108.90535672082784,106.65886609068293,106.67874325018362,21416300
2025-10-16,105.83381652832031,108.92523411285312,105.02865890625081,108.5474998535656,16366200
2025-10-17,107.08628845214844,107.55347370900562,105.58530897303353,106.52962944140913,13735600
2025-10-20,106.41035461425781,107.60318130419952,105.97298128883585,107.20556987961658,10581200
2025-10-21,105.58531188964844,106.8377852186507,105.54554998893964,106.68867998694448,10899700
2025-10-22,106.49980926513672,107.12604211662818,105.02865690752941,105.91333831301395,12296500
2025-10-23,106.22148895263672,106.92724563873942,105.14794036653377,106.70855897299913,11408200
2025-10-24,105.53560638427734,106.52963113895748,104.8795539897681,106.43023018025087,10318000
2025-10-27,103.84577178955078,105.72447804978319,103.5276841577603,105.70459330690466,16375900
2025-10-28,102.55353546142578,103.51774071828841,102.4342573406146,103.43821691520942,13323000
2025-10-29,101.84777069091797,103.05053967776902,101.49986355981339,102.29508635988671,11986400
2025-10-30,101.61915588378906,102.75234351833933,101.3507649481388,101.58932877020013,14065100
2025-10-31,100.57542419433594,101.48992514136701,99.58139944743948,101.09231372584703,20237000
2025-11-03,100.98297119140625,101.19172306364686,99.80008689028257,100.21757546714976,14811700
2025-11-04,101.6589126586914,102.00682740470911,100.85375499988925,101.51974979380726,12636400
2025-11-05,100.86369323730469,102.0664622823963,100.24739515821511,101.13207658463627,13356800
2025-11-06,101.07244110107422,101.3209472989443,99.43229867837017,100.7344687283911,14866000
2025-11-07,101.97699737548828,102.35473164121153,101.12214305155258,101.51974689196653,17248700
2025-11-10,101.80801391601562,102.05652010556875,100.99291391763362,101.53963056817334,14507600
2025-11-11,102.8219223022461,103.12012517619459,101.70861185494026,101.88753661283214,13182100
2025-11-12,102.8219223022461,102.98096231825724,102.04658421265025,102.73245613139667,12084400
2025-11-13,101.92730712890625,103.3090010379438,101.41040996961001,102.97102865166431,18088500
2025-11-14,101.86766052246094,101.87759530969846,98.28916532711602,99.60127770414014,23424200
2025-11-17,102.3348388671875,102.70263073289222,101.4899193969104,101.96705458528932,15289400
2025-11-18,100.78416442871094,102.7225095736976,100.7742220581758,102.3646676563057,17604500
2025-11-19,100.00882720947266,101.10225287950234,99.08438392092434,100.97303239668837,22157000
2025-11-20,106.4699935913086,107.26521643985976,102.06646356223699,103.31893689437258,50375900
2025-11-21,104.69068908691406,107.50378102262268,104.09427573817834,107.33479863084554,41420800
2025-11-24,103.43821716308594,105.63501103770798,103.14001427653606,104.73045242289056,42519200
2025-11-25,106.36064147949219,106.7781300278028,103.60719643414095,103.98492308492581,20212900
2025-11-26,108.44810485839844,108.93517489005453,106.52963667874863,106.5594562095306,17783300
2025-11-28,109.84968566894531,110.03854522893779,108.34870605788826,108.64691653927703,9846500
2025-12-01,110.86358642578125,111.09221547015241,109.70057921211173,109.84968445115314,17236800
2025-12-02,111.73832702636719,111.97689084554575,110.12800418334595,110.80394132419111,18711800
2025-12-03,113.72637939453125,114.20350704482902,111.54946268660179,111.82778841324337,24478300
2025-12-04,114.15380096435547,114.20350523638606,112.48384663095018,112.94109711516455,25905100
2025-12-05,114.42219543457031,115.57526025999685,113.99476446684496,114.04446874041129,23956400
2025-12-08,112.8814468383789,114.3029025172968,111.62898112864107,113.8854139473842,22700700
2025-12-09,114.37248229980469,115.02854225777547,112.34467095308604,113.26911424962238,24326700
2025-12-10,112.50373077392578,115.53550954463958,112.31486362905284,114.66076283896078,22859600
2025-12-11,114.8297348022461,115.17764952881979,112.17569056253069,112.46395864762513,21586600
2025-12-12,116.23915100097656,116.48816375599088,114.56578498330971,114.80484269959511,19092400
2025-12-15,116.32880401611328,116.9861937630029,115.18334377916236,116.46825055634037,18713700
2025-12-16,114.9642105102539,116.4184441331518,114.49606530028865,116.11963337733977,19642300
2025-12-17,115.2032699584961,115.93038298119593,114.61559587784929,114.74507978071276,16177800
2025-12-18,114.37654113769531,116.02002685042402,114.15740869609598,114.55583062634328,21476700
2025-12-19,113.90839385986328,114.82475896321472,113.08166969956604,114.68531243006412,50043800
2025-12-22,112.15534973144531,113.86855879947925,111.7768530579851,113.55978539742661,21473900
2025-12-23,110.4620590209961,111.90632995222431,110.26284425854885,111.54775097908545,20319900
2025-12-24,111.16925811767578,111.26886170266053,110.11344643815782,110.46206278523768,9009600
2025-12-26,111.29874420166016,111.52783929095921,110.92024753158627,111.27882652397903,9003800
2025-12-29,112.08561706542969,112.33462981376638,111.12940902372871,111.1493266999186,12979600
2025-12-30,111.47803497314453,112.24499855980663,111.39834906297531,111.44815465664773,11730600
2025-12-31,110.97004699707031,111.8067262002754,110.88039845428912,111.28878301723408,11487400
